{"type":"FeatureCollection","features":[{"type":"Feature","properties":{"id":"india-osm-logistics-western-zone-transport-point-793242686","name":"Aamby Valley Airfield","hub_type":"air_cargo_terminal","operator_classification":"other","source_operator":"","source_region":"western-zone","source_layer":"transport_point","source_osm_id":"793242686","source_fclass":"airport","importance_rank":3,"importance":"national_core"},"geometry":{"type":"Point","coordinates":[73.3783327,18.6101404]}},{"type":"Feature","properties":{"id":"india-osm-logistics-northern-zone-transport-area-104562566","name":"Abu Road","hub_type":"air_cargo_terminal","operator_classification":"other","source_operator":"","source_region":"northern-zone","source_layer":"transport_area","source_osm_id":"104562566","source_fclass":"airport","importance_rank":3,"importance":"national_core"},"geometry":{"type":"Point","coordinates":[72.78089743813456,24.4936542]}},{"type":"Feature","properties":{"id":"india-osm-logistics-northern-zone-transport-area-297375523","name":"Adampur Air Force Station","hub_type":"air_cargo_terminal","operator_classification":"other","source_operator":"","source_region":"northern-zone","source_layer":"transport_area","source_osm_id":"297375523","source_fclass":"airport","importance_rank":3,"importance":"national_core"},"geometry":{"type":"Point","coordinates":[75.75853771127302,31.4379995]}},{"type":"Feature","properties":{"id":"india-osm-logistics-southern-zone-transport-area-195994868","name":"Adilabad Airfield","hub_type":"air_cargo_terminal","operator_classification":"other","source_operator":"","source_region":"southern-zone","source_layer":"transport_area","source_osm_id":"195994868","source_fclass":"airport","importance_rank":3,"importance":"national_core"},"geometry":{"type":"Point","coordinates":[78.5493911566259,19.6633603]}},{"type":"Feature","properties":{"id":"india-osm-logistics-southern-zone-transport-area-35382008","name":"Agatti Airport","hub_type":"air_cargo_terminal","operator_classification":"other","source_operator":"","source_region":"southern-zone","source_layer":"transport_area","source_osm_id":"35382008","source_fclass":"airport","importance_rank":3,"importance":"national_core"},"geometry":{"type":"Point","coordinates":[72.1751756961408,10.82303955]}},{"type":"Feature","properties":{"id":"india-osm-logistics-central-zone-transport-area-492360046","name":"Agra Airport","hub_type":"air_cargo_terminal","operator_classification":"other","source_operator":"","source_region":"central-zone","source_layer":"transport_area","source_osm_id":"492360046","source_fclass":"airport","importance_rank":3,"importance":"national_core"},"geometry":{"type":"Point","coordinates":[77.95049581657285,27.1566028]}},{"type":"Feature","properties":{"id":"india-osm-logistics-north-eastern-zone-transport-point-1437223034","name":"Ahunli Airstrip","hub_type":"air_cargo_terminal","operator_classification":"other","source_operator":"","source_region":"north-eastern-zone","source_layer":"transport_point","source_osm_id":"1437223034","source_fclass":"airport","importance_rank":3,"importance":"national_core"},"geometry":{"type":"Point","coordinates":[95.9605256,28.8337912]}},{"type":"Feature","properties":{"id":"india-osm-logistics-north-eastern-zone-transport-area-156047357","name":"Aizawl Lengpui Airport","hub_type":"air_cargo_terminal","operator_classification":"other","source_operator":"","source_region":"north-eastern-zone","source_layer":"transport_area","source_osm_id":"156047357","source_fclass":"airport","importance_rank":3,"importance":"national_core"},"geometry":{"type":"Point","coordinates":[92.62105703739914,23.840704799999997]}},{"type":"Feature","properties":{"id":"india-osm-logistics-central-zone-transport-area-136382622","name":"Akbarpur Airfield","hub_type":"air_cargo_terminal","operator_classification":"other","source_operator":"","source_region":"central-zone","source_layer":"transport_area","source_osm_id":"136382622","source_fclass":"airport","importance_rank":3,"importance":"national_core"},"geometry":{"type":"Point","coordinates":[82.57130434478631,26.446423199999998]}},{"type":"Feature","properties":{"id":"india-osm-logistics-western-zone-transport-area-146363835","name":"Akola Airport","hub_type":"air_cargo_terminal","operator_classification":"other","source_operator":"","source_region":"western-zone","source_layer":"transport_area","source_osm_id":"146363835","source_fclass":"airport","importance_rank":3,"importance":"national_core"},"geometry":{"type":"Point","coordinates":[77.06134451392703,20.697417]}},{"type":"Feature","properties":{"id":"india-osm-logistics-central-zone-transport-area-28787396","name":"Allahabad Bamrauli Airport","hub_type":"air_cargo_terminal","operator_classification":"other","source_operator":"","source_region":"central-zone","source_layer":"transport_area","source_osm_id":"28787396","source_fclass":"airport","importance_rank":3,"importance":"national_core"},"geometry":{"type":"Point","coordinates":[81.73421016673637,25.43689825]}},{"type":"Feature","properties":{"id":"india-osm-logistics-north-eastern-zone-transport-area-540412999","name":"Along Airport","hub_type":"air_cargo_terminal","operator_classification":"other","source_operator":"","source_region":"north-eastern-zone","source_layer":"transport_area","source_osm_id":"540412999","source_fclass":"airport","importance_rank":3,"importance":"national_core"},"geometry":{"type":"Point","coordinates":[94.80547708580416,28.1769663]}},{"type":"Feature","properties":{"id":"india-osm-logistics-northern-zone-transport-area-177490298","name":"Ambala Air Force Station","hub_type":"air_cargo_terminal","operator_classification":"other","source_operator":"","source_region":"northern-zone","source_layer":"transport_area","source_osm_id":"177490298","source_fclass":"airport","importance_rank":3,"importance":"national_core"},"geometry":{"type":"Point","coordinates":[76.81791190031117,30.37183685]}},{"type":"Feature","properties":{"id":"india-osm-logistics-central-zone-transport-area-310728358","name":"Ambikapur Airport","hub_type":"air_cargo_terminal","operator_classification":"other","source_operator":"","source_region":"central-zone","source_layer":"transport_area","source_osm_id":"310728358","source_fclass":"airport","importance_rank":3,"importance":"national_core"},"geometry":{"type":"Point","coordinates":[83.19324014917851,22.99412895]}},{"type":"Feature","properties":{"id":"india-osm-logistics-central-zone-transport-point-747164634","name":"Amla Airstrip","hub_type":"air_cargo_terminal","operator_classification":"other","source_operator":"","source_region":"central-zone","source_layer":"transport_point","source_osm_id":"747164634","source_fclass":"airport","importance_rank":3,"importance":"national_core"},"geometry":{"type":"Point","coordinates":[78.1136848,21.9255887]}},{"type":"Feature","properties":{"id":"india-osm-logistics-western-zone-transport-area-91679588","name":"Amreli Airstrip","hub_type":"air_cargo_terminal","operator_classification":"other","source_operator":"","source_region":"western-zone","source_layer":"transport_area","source_osm_id":"91679588","source_fclass":"airport","importance_rank":3,"importance":"national_core"},"geometry":{"type":"Point","coordinates":[71.22414543607782,21.621617450000002]}},{"type":"Feature","properties":{"id":"india-osm-logistics-northern-zone-transport-area-239937938","name":"Amrita Devi Bishnoi Airport Jodhpur","hub_type":"air_cargo_terminal","operator_classification":"other","source_operator":"","source_region":"northern-zone","source_layer":"transport_area","source_osm_id":"239937938","source_fclass":"airport","importance_rank":3,"importance":"national_core"},"geometry":{"type":"Point","coordinates":[73.05243677120723,26.26283795]}},{"type":"Feature","properties":{"id":"india-osm-logistics-central-zone-transport-area-500448613","name":"Andhau Airfield","hub_type":"air_cargo_terminal","operator_classification":"other","source_operator":"","source_region":"central-zone","source_layer":"transport_area","source_osm_id":"500448613","source_fclass":"airport","importance_rank":3,"importance":"national_core"},"geometry":{"type":"Point","coordinates":[83.55807461158324,25.6146846]}},{"type":"Feature","properties":{"id":"india-osm-logistics-central-zone-transport-point-6090831081","name":"Arasmeta Airstrip","hub_type":"air_cargo_terminal","operator_classification":"other","source_operator":"","source_region":"central-zone","source_layer":"transport_point","source_osm_id":"6090831081","source_fclass":"airport","importance_rank":3,"importance":"national_core"},"geometry":{"type":"Point","coordinates":[82.3470783,21.9454339]}},{"type":"Feature","properties":{"id":"india-osm-logistics-eastern-zone-transport-area-117922408","name":"Arjan Singh Air Force Station","hub_type":"air_cargo_terminal","operator_classification":"other","source_operator":"","source_region":"eastern-zone","source_layer":"transport_area","source_osm_id":"117922408","source_fclass":"airport","importance_rank":3,"importance":"national_core"},"geometry":{"type":"Point","coordinates":[87.43240384951983,23.473579100000002]}},{"type":"Feature","properties":{"id":"india-osm-logistics-eastern-zone-transport-area-155686363","name":"Arrah Airstrip","hub_type":"air_cargo_terminal","operator_classification":"other","source_operator":"","source_region":"eastern-zone","source_layer":"transport_area","source_osm_id":"155686363","source_fclass":"airport","importance_rank":3,"importance":"national_core"},"geometry":{"type":"Point","coordinates":[84.65003092231554,25.565994500000002]}},{"type":"Feature","properties":{"id":"india-osm-logistics-southern-zone-transport-area-320723126","name":"Ashtamudi Seaplane Port","hub_type":"air_cargo_terminal","operator_classification":"other","source_operator":"","source_region":"southern-zone","source_layer":"transport_area","source_osm_id":"320723126","source_fclass":"airport","importance_rank":3,"importance":"national_core"},"geometry":{"type":"Point","coordinates":[76.58702082275138,8.90088935]}},{"type":"Feature","properties":{"id":"india-osm-logistics-northern-zone-transport-area-240375804","name":"Awantipura Air Force Station","hub_type":"air_cargo_terminal","operator_classification":"other","source_operator":"","source_region":"northern-zone","source_layer":"transport_area","source_osm_id":"240375804","source_fclass":"airport","importance_rank":3,"importance":"national_core"},"geometry":{"type":"Point","coordinates":[74.97950578198757,33.87724335]}},{"type":"Feature","properties":{"id":"india-osm-logistics-central-zone-transport-area-232152410","name":"Azamgarh Airport","hub_type":"air_cargo_terminal","operator_classification":"other","source_operator":"","source_region":"central-zone","source_layer":"transport_area","source_osm_id":"232152410","source_fclass":"airport","importance_rank":3,"importance":"national_core"},"geometry":{"type":"Point","coordinates":[83.11613678575452,26.156067]}},{"type":"Feature","properties":{"id":"india-osm-logistics-eastern-zone-transport-area-116650292","name":"Bagdogra Airport","hub_type":"air_cargo_terminal","operator_classification":"other","source_operator":"","source_region":"eastern-zone","source_layer":"transport_area","source_osm_id":"116650292","source_fclass":"airport","importance_rank":3,"importance":"national_core"},"geometry":{"type":"Point","coordinates":[88.33006476465758,26.6817735]}},{"type":"Feature","properties":{"id":"india-osm-logistics-central-zone-transport-area-661665908","name":"Baikunth Airstrip","hub_type":"air_cargo_terminal","operator_classification":"other","source_operator":"","source_region":"central-zone","source_layer":"transport_area","source_osm_id":"661665908","source_fclass":"airport","importance_rank":3,"importance":"national_core"},"geometry":{"type":"Point","coordinates":[81.79183920019892,21.498188650000003]}},{"type":"Feature","properties":{"id":"india-osm-logistics-southern-zone-transport-area-976170781","name":"Baldota Koppal Aerodrome","hub_type":"air_cargo_terminal","operator_classification":"other","source_operator":"","source_region":"southern-zone","source_layer":"transport_area","source_osm_id":"976170781","source_fclass":"airport","importance_rank":3,"importance":"national_core"},"geometry":{"type":"Point","coordinates":[76.22084159773767,15.3592614]}},{"type":"Feature","properties":{"id":"india-osm-logistics-north-eastern-zone-transport-point-1042045127","name":"Baljek Airstrip","hub_type":"air_cargo_terminal","operator_classification":"other","source_operator":"","source_region":"north-eastern-zone","source_layer":"transport_point","source_osm_id":"1042045127","source_fclass":"airport","importance_rank":3,"importance":"national_core"},"geometry":{"type":"Point","coordinates":[90.3450394,25.6614876]}},{"type":"Feature","properties":{"id":"india-osm-logistics-eastern-zone-transport-area-391216764","name":"Balurghat","hub_type":"air_cargo_terminal","operator_classification":"other","source_operator":"","source_region":"eastern-zone","source_layer":"transport_area","source_osm_id":"391216764","source_fclass":"airport","importance_rank":3,"importance":"national_core"},"geometry":{"type":"Point","coordinates":[88.79618348075888,25.262134250000003]}},{"type":"Feature","properties":{"id":"india-osm-logistics-central-zone-transport-area-27139919","name":"Banaras Hindu University Airstrip And Flying Club","hub_type":"air_cargo_terminal","operator_classification":"other","source_operator":"","source_region":"central-zone","source_layer":"transport_area","source_osm_id":"27139919","source_fclass":"airport","importance_rank":3,"importance":"national_core"},"geometry":{"type":"Point","coordinates":[82.99158477358378,25.25346285]}},{"type":"Feature","properties":{"id":"india-osm-logistics-northern-zone-transport-area-139084764","name":"Banasthali Airfield","hub_type":"air_cargo_terminal","operator_classification":"other","source_operator":"","source_region":"northern-zone","source_layer":"transport_area","source_osm_id":"139084764","source_fclass":"airport","importance_rank":3,"importance":"national_core"},"geometry":{"type":"Point","coordinates":[75.86942983379276,26.4081106]}},{"type":"Feature","properties":{"id":"india-osm-logistics-central-zone-transport-area-655728954","name":"Band Tal Airstrip","hub_type":"air_cargo_terminal","operator_classification":"other","source_operator":"","source_region":"central-zone","source_layer":"transport_area","source_osm_id":"655728954","source_fclass":"airport","importance_rank":3,"importance":"national_core"},"geometry":{"type":"Point","coordinates":[78.25878577477387,25.9994496]}},{"type":"Feature","properties":{"id":"india-osm-logistics-northern-zone-transport-area-893101874","name":"Banswara Airstrip","hub_type":"air_cargo_terminal","operator_classification":"other","source_operator":"","source_region":"northern-zone","source_layer":"transport_area","source_osm_id":"893101874","source_fclass":"airport","importance_rank":3,"importance":"national_core"},"geometry":{"type":"Point","coordinates":[74.31405764909638,23.589223150000002]}},{"type":"Feature","properties":{"id":"india-osm-logistics-western-zone-transport-area-128913692","name":"Baramati Airport","hub_type":"air_cargo_terminal","operator_classification":"other","source_operator":"","source_region":"western-zone","source_layer":"transport_area","source_osm_id":"128913692","source_fclass":"airport","importance_rank":3,"importance":"national_core"},"geometry":{"type":"Point","coordinates":[74.58924649625112,18.2274636]}},{"type":"Feature","properties":{"id":"india-osm-logistics-eastern-zone-transport-area-664709656","name":"Barbil Tonto Airport","hub_type":"air_cargo_terminal","operator_classification":"other","source_operator":"","source_region":"eastern-zone","source_layer":"transport_area","source_osm_id":"664709656","source_fclass":"airport","importance_rank":3,"importance":"national_core"},"geometry":{"type":"Point","coordinates":[85.3734464734307,22.04499625]}},{"type":"Feature","properties":{"id":"india-osm-logistics-central-zone-transport-area-79497228","name":"Bareilly Air Force Station","hub_type":"air_cargo_terminal","operator_classification":"other","source_operator":"","source_region":"central-zone","source_layer":"transport_area","source_osm_id":"79497228","source_fclass":"airport","importance_rank":3,"importance":"national_core"},"geometry":{"type":"Point","coordinates":[79.44724125577869,28.420977200000003]}},{"type":"Feature","properties":{"id":"india-osm-logistics-eastern-zone-transport-area-309967326","name":"Barrackpore Air Force Station","hub_type":"air_cargo_terminal","operator_classification":"other","source_operator":"","source_region":"eastern-zone","source_layer":"transport_area","source_osm_id":"309967326","source_fclass":"airport","importance_rank":3,"importance":"national_core"},"geometry":{"type":"Point","coordinates":[88.36325468992919,22.78172665]}},{"type":"Feature","properties":{"id":"india-osm-logistics-southern-zone-transport-point-1128590620","name":"Basant Nagar Airstrip","hub_type":"air_cargo_terminal","operator_classification":"other","source_operator":"","source_region":"southern-zone","source_layer":"transport_point","source_osm_id":"1128590620","source_fclass":"airport","importance_rank":3,"importance":"national_core"},"geometry":{"type":"Point","coordinates":[79.3931607,18.70113]}},{"type":"Feature","properties":{"id":"india-osm-logistics-northern-zone-transport-area-297347395","name":"Beas Jallowal Airport","hub_type":"air_cargo_terminal","operator_classification":"other","source_operator":"","source_region":"northern-zone","source_layer":"transport_area","source_osm_id":"297347395","source_fclass":"airport","importance_rank":3,"importance":"national_core"},"geometry":{"type":"Point","coordinates":[75.3411910154372,31.56041725]}},{"type":"Feature","properties":{"id":"india-osm-logistics-southern-zone-transport-area-32431627","name":"Begumpet Airport","hub_type":"air_cargo_terminal","operator_classification":"other","source_operator":"","source_region":"southern-zone","source_layer":"transport_area","source_osm_id":"32431627","source_fclass":"airport","importance_rank":3,"importance":"national_core"},"geometry":{"type":"Point","coordinates":[78.46967295140705,17.454031399999998]}},{"type":"Feature","properties":{"id":"india-osm-logistics-eastern-zone-transport-area-429051750","name":"Behala Airport","hub_type":"air_cargo_terminal","operator_classification":"other","source_operator":"","source_region":"eastern-zone","source_layer":"transport_area","source_osm_id":"429051750","source_fclass":"airport","importance_rank":3,"importance":"national_core"},"geometry":{"type":"Point","coordinates":[88.29400868673707,22.5054448]}},{"type":"Feature","properties":{"id":"india-osm-logistics-southern-zone-transport-area-555353901","name":"Belgaum Airport","hub_type":"air_cargo_terminal","operator_classification":"other","source_operator":"","source_region":"southern-zone","source_layer":"transport_area","source_osm_id":"555353901","source_fclass":"airport","importance_rank":3,"importance":"national_core"},"geometry":{"type":"Point","coordinates":[74.6142405432812,15.8593476]}},{"type":"Feature","properties":{"id":"india-osm-logistics-southern-zone-transport-area-111707899","name":"Bellary Airport","hub_type":"air_cargo_terminal","operator_classification":"other","source_operator":"","source_region":"southern-zone","source_layer":"transport_area","source_osm_id":"111707899","source_fclass":"airport","importance_rank":3,"importance":"national_core"},"geometry":{"type":"Point","coordinates":[76.88153285750052,15.16220255]}},{"type":"Feature","properties":{"id":"india-osm-logistics-central-zone-transport-area-129555893","name":"Bentayan Airstrip","hub_type":"air_cargo_terminal","operator_classification":"other","source_operator":"","source_region":"central-zone","source_layer":"transport_area","source_osm_id":"129555893","source_fclass":"airport","importance_rank":3,"importance":"national_core"},"geometry":{"type":"Point","coordinates":[75.884764654106,23.09445585]}},{"type":"Feature","properties":{"id":"india-osm-logistics-central-zone-transport-area-1093235543","name":"Benti Airstrip","hub_type":"air_cargo_terminal","operator_classification":"other","source_operator":"","source_region":"central-zone","source_layer":"transport_area","source_osm_id":"1093235543","source_fclass":"airport","importance_rank":3,"importance":"national_core"},"geometry":{"type":"Point","coordinates":[81.49321102339911,25.6740176]}},{"type":"Feature","properties":{"id":"india-osm-logistics-eastern-zone-transport-area-164568702","name":"Bhagalpur Airfield","hub_type":"air_cargo_terminal","operator_classification":"other","source_operator":"","source_region":"eastern-zone","source_layer":"transport_area","source_osm_id":"164568702","source_fclass":"airport","importance_rank":3,"importance":"national_core"},"geometry":{"type":"Point","coordinates":[87.01458269336393,25.247888099999997]}},{"type":"Feature","properties":{"id":"india-osm-logistics-western-zone-transport-area-116804127","name":"Bhavnagar Airport","hub_type":"air_cargo_terminal","operator_classification":"other","source_operator":"","source_region":"western-zone","source_layer":"transport_area","source_osm_id":"116804127","source_fclass":"airport","importance_rank":3,"importance":"national_core"},"geometry":{"type":"Point","coordinates":[72.18697803465328,21.7528163]}},{"type":"Feature","properties":{"id":"india-osm-logistics-central-zone-transport-area-129773757","name":"Bhilai Airport","hub_type":"air_cargo_terminal","operator_classification":"other","source_operator":"","source_region":"central-zone","source_layer":"transport_area","source_osm_id":"129773757","source_fclass":"airport","importance_rank":3,"importance":"national_core"},"geometry":{"type":"Point","coordinates":[81.38152831210198,21.29544885]}},{"type":"Feature","properties":{"id":"india-osm-logistics-northern-zone-transport-area-194473869","name":"Bhisiana Air Force Station","hub_type":"air_cargo_terminal","operator_classification":"other","source_operator":"","source_region":"northern-zone","source_layer":"transport_area","source_osm_id":"194473869","source_fclass":"airport","importance_rank":3,"importance":"national_core"},"geometry":{"type":"Point","coordinates":[74.76251086987754,30.2683332]}},{"type":"Feature","properties":{"id":"india-osm-logistics-northern-zone-transport-area-162453570","name":"Bhiwani Airport","hub_type":"air_cargo_terminal","operator_classification":"other","source_operator":"","source_region":"northern-zone","source_layer":"transport_area","source_osm_id":"162453570","source_fclass":"airport","importance_rank":3,"importance":"national_core"},"geometry":{"type":"Point","coordinates":[76.1773254640282,28.8372219]}},{"type":"Feature","properties":{"id":"india-osm-logistics-southern-zone-transport-area-1433987870","name":"Bhogapuram Heliport","hub_type":"air_cargo_terminal","operator_classification":"other","source_operator":"","source_region":"southern-zone","source_layer":"transport_area","source_osm_id":"1433987870","source_fclass":"airport","importance_rank":3,"importance":"national_core"},"geometry":{"type":"Point","coordinates":[83.4799275670912,17.997157299999998]}},{"type":"Feature","properties":{"id":"india-osm-logistics-western-zone-transport-area-233887272","name":"Bhuj Rudra Mata Air Force Base","hub_type":"air_cargo_terminal","operator_classification":"other","source_operator":"","source_region":"western-zone","source_layer":"transport_area","source_osm_id":"233887272","source_fclass":"airport","importance_rank":3,"importance":"national_core"},"geometry":{"type":"Point","coordinates":[69.66374549345942,23.275686800000003]}},{"type":"Feature","properties":{"id":"india-osm-logistics-northern-zone-transport-area-62066008","name":"Bhuntar Airport","hub_type":"air_cargo_terminal","operator_classification":"other","source_operator":"","source_region":"northern-zone","source_layer":"transport_area","source_osm_id":"62066008","source_fclass":"airport","importance_rank":3,"importance":"national_core"},"geometry":{"type":"Point","coordinates":[77.1549660740587,31.8760847]}},{"type":"Feature","properties":{"id":"india-osm-logistics-southern-zone-transport-area-283153008","name":"Bidar Air Force Station","hub_type":"air_cargo_terminal","operator_classification":"other","source_operator":"","source_region":"southern-zone","source_layer":"transport_area","source_osm_id":"283153008","source_fclass":"airport","importance_rank":3,"importance":"national_core"},"geometry":{"type":"Point","coordinates":[77.4596204764922,17.9018898]}},{"type":"Feature","properties":{"id":"india-osm-logistics-eastern-zone-transport-area-96962763","name":"Bihta Air Force Station","hub_type":"air_cargo_terminal","operator_classification":"other","source_operator":"","source_region":"eastern-zone","source_layer":"transport_area","source_osm_id":"96962763","source_fclass":"airport","importance_rank":3,"importance":"national_core"},"geometry":{"type":"Point","coordinates":[84.87922960647114,25.58740135]}},{"type":"Feature","properties":{"id":"india-osm-logistics-eastern-zone-transport-area-90617075","name":"Biju Patnaik International Airport","hub_type":"air_cargo_terminal","operator_classification":"other","source_operator":"","source_region":"eastern-zone","source_layer":"transport_area","source_osm_id":"90617075","source_fclass":"airport","importance_rank":3,"importance":"national_core"},"geometry":{"type":"Point","coordinates":[85.81348472447162,20.25229545]}},{"type":"Feature","properties":{"id":"india-osm-logistics-northern-zone-transport-area-239970391","name":"Bikaner Nal Air Force Station","hub_type":"air_cargo_terminal","operator_classification":"other","source_operator":"","source_region":"northern-zone","source_layer":"transport_area","source_osm_id":"239970391","source_fclass":"airport","importance_rank":3,"importance":"national_core"},"geometry":{"type":"Point","coordinates":[73.20333646663036,28.070390099999997]}},{"type":"Feature","properties":{"id":"india-osm-logistics-central-zone-transport-area-119045621","name":"Bilasa Devi Kevat Bilaspur Airport","hub_type":"air_cargo_terminal","operator_classification":"other","source_operator":"","source_region":"central-zone","source_layer":"transport_area","source_osm_id":"119045621","source_fclass":"airport","importance_rank":3,"importance":"national_core"},"geometry":{"type":"Point","coordinates":[82.1099170398041,21.98942195]}},{"type":"Feature","properties":{"id":"india-osm-logistics-north-eastern-zone-transport-area-96566387","name":"Bir Tikendrajit International Airport","hub_type":"air_cargo_terminal","operator_classification":"other","source_operator":"","source_region":"north-eastern-zone","source_layer":"transport_area","source_osm_id":"96566387","source_fclass":"airport","importance_rank":3,"importance":"national_core"},"geometry":{"type":"Point","coordinates":[93.8927773500697,24.757604049999998]}},{"type":"Feature","properties":{"id":"india-osm-logistics-central-zone-transport-area-566551547","name":"Birlagram Nagda Airfield","hub_type":"air_cargo_terminal","operator_classification":"other","source_operator":"","source_region":"central-zone","source_layer":"transport_area","source_osm_id":"566551547","source_fclass":"airport","importance_rank":3,"importance":"national_core"},"geometry":{"type":"Point","coordinates":[75.42029692479576,23.447061750000003]}},{"type":"Feature","properties":{"id":"india-osm-logistics-eastern-zone-transport-point-1437729450","name":"Birpur Abandoned Airstrip","hub_type":"air_cargo_terminal","operator_classification":"other","source_operator":"","source_region":"eastern-zone","source_layer":"transport_point","source_osm_id":"1437729450","source_fclass":"airport","importance_rank":3,"importance":"national_core"},"geometry":{"type":"Point","coordinates":[87.0181843,26.5089626]}},{"type":"Feature","properties":{"id":"india-osm-logistics-central-zone-transport-area-761709931","name":"Birwa Airstrip","hub_type":"air_cargo_terminal","operator_classification":"other","source_operator":"","source_region":"central-zone","source_layer":"transport_area","source_osm_id":"761709931","source_fclass":"airport","importance_rank":3,"importance":"national_core"},"geometry":{"type":"Point","coordinates":[80.59632183359169,22.092137649999998]}},{"type":"Feature","properties":{"id":"india-osm-logistics-eastern-zone-transport-area-116955153","name":"Bokaro Airport","hub_type":"air_cargo_terminal","operator_classification":"other","source_operator":"","source_region":"eastern-zone","source_layer":"transport_area","source_osm_id":"116955153","source_fclass":"airport","importance_rank":3,"importance":"national_core"},"geometry":{"type":"Point","coordinates":[86.14960876433406,23.64212585]}},{"type":"Feature","properties":{"id":"india-osm-logistics-eastern-zone-transport-area-134533084","name":"Bokaro West Airstrip","hub_type":"air_cargo_terminal","operator_classification":"other","source_operator":"","source_region":"eastern-zone","source_layer":"transport_area","source_osm_id":"134533084","source_fclass":"airport","importance_rank":3,"importance":"national_core"},"geometry":{"type":"Point","coordinates":[85.57089589066635,23.786139050000003]}},{"type":"Feature","properties":{"id":"india-osm-logistics-central-zone-transport-area-665879462","name":"Burhar Airstrip","hub_type":"air_cargo_terminal","operator_classification":"other","source_operator":"","source_region":"central-zone","source_layer":"transport_area","source_osm_id":"665879462","source_fclass":"airport","importance_rank":3,"importance":"national_core"},"geometry":{"type":"Point","coordinates":[81.50459196839981,23.23391775]}},{"type":"Feature","properties":{"id":"india-osm-logistics-eastern-zone-transport-area-117580791","name":"Burnpur Airport","hub_type":"air_cargo_terminal","operator_classification":"other","source_operator":"","source_region":"eastern-zone","source_layer":"transport_area","source_osm_id":"117580791","source_fclass":"airport","importance_rank":3,"importance":"national_core"},"geometry":{"type":"Point","coordinates":[86.97520376076322,23.631211399999998]}},{"type":"Feature","properties":{"id":"india-osm-logistics-southern-zone-transport-area-85000933","name":"Calicut International Airport","hub_type":"air_cargo_terminal","operator_classification":"other","source_operator":"","source_region":"southern-zone","source_layer":"transport_area","source_osm_id":"85000933","source_fclass":"airport","importance_rank":3,"importance":"national_core"},"geometry":{"type":"Point","coordinates":[75.95411010175508,11.1363042]}},{"type":"Feature","properties":{"id":"india-osm-logistics-eastern-zone-transport-area-1021025775","name":"Canning Helipad","hub_type":"air_cargo_terminal","operator_classification":"other","source_operator":"","source_region":"eastern-zone","source_layer":"transport_area","source_osm_id":"1021025775","source_fclass":"airport","importance_rank":3,"importance":"national_core"},"geometry":{"type":"Point","coordinates":[88.65189095487648,22.32007275]}},{"type":"Feature","properties":{"id":"india-osm-logistics-southern-zone-transport-point-410592085","name":"Car Nicobar Air Force Station","hub_type":"air_cargo_terminal","operator_classification":"other","source_operator":"","source_region":"southern-zone","source_layer":"transport_point","source_osm_id":"410592085","source_fclass":"airport","importance_rank":3,"importance":"national_core"},"geometry":{"type":"Point","coordinates":[92.8215167,9.156225]}},{"type":"Feature","properties":{"id":"india-osm-logistics-southern-zone-transport-area-804534104","name":"Central Industrial Security Force Quaters","hub_type":"air_cargo_terminal","operator_classification":"other","source_operator":"","source_region":"southern-zone","source_layer":"transport_area","source_osm_id":"804534104","source_fclass":"airport","importance_rank":3,"importance":"national_core"},"geometry":{"type":"Point","coordinates":[75.95875006546609,11.13349555]}},{"type":"Feature","properties":{"id":"india-osm-logistics-north-eastern-zone-transport-area-123935434","name":"Chabua Air Force Station","hub_type":"air_cargo_terminal","operator_classification":"other","source_operator":"","source_region":"north-eastern-zone","source_layer":"transport_area","source_osm_id":"123935434","source_fclass":"airport","importance_rank":3,"importance":"national_core"},"geometry":{"type":"Point","coordinates":[95.1166972865299,27.4624597]}},{"type":"Feature","properties":{"id":"india-osm-logistics-north-eastern-zone-transport-point-746952719","name":"Chabua Air Force Station","hub_type":"air_cargo_terminal","operator_classification":"other","source_operator":"","source_region":"north-eastern-zone","source_layer":"transport_point","source_osm_id":"746952719","source_fclass":"airport","importance_rank":3,"importance":"national_core"},"geometry":{"type":"Point","coordinates":[95.1143134,27.4630047]}},{"type":"Feature","properties":{"id":"india-osm-logistics-northern-zone-transport-area-12223608","name":"Chandigarh International Airport","hub_type":"air_cargo_terminal","operator_classification":"other","source_operator":"","source_region":"northern-zone","source_layer":"transport_area","source_osm_id":"12223608","source_fclass":"airport","importance_rank":3,"importance":"national_core"},"geometry":{"type":"Point","coordinates":[76.79098506460022,30.674192249999997]}},{"type":"Feature","properties":{"id":"india-osm-logistics-western-zone-transport-area-494582093","name":"Chandrapur Morwa Airstrip","hub_type":"air_cargo_terminal","operator_classification":"other","source_operator":"","source_region":"western-zone","source_layer":"transport_area","source_osm_id":"494582093","source_fclass":"airport","importance_rank":3,"importance":"national_core"},"geometry":{"type":"Point","coordinates":[79.22274917761837,19.99448875]}},{"type":"Feature","properties":{"id":"india-osm-logistics-eastern-zone-transport-area-131485644","name":"Chapra Airfield","hub_type":"air_cargo_terminal","operator_classification":"other","source_operator":"","source_region":"eastern-zone","source_layer":"transport_area","source_osm_id":"131485644","source_fclass":"airport","importance_rank":3,"importance":"national_core"},"geometry":{"type":"Point","coordinates":[84.76307871775276,25.782644599999998]}},{"type":"Feature","properties":{"id":"india-osm-logistics-eastern-zone-transport-area-90617093","name":"Charbatia Air Base","hub_type":"air_cargo_terminal","operator_classification":"other","source_operator":"","source_region":"eastern-zone","source_layer":"transport_area","source_osm_id":"90617093","source_fclass":"airport","importance_rank":3,"importance":"national_core"},"geometry":{"type":"Point","coordinates":[85.89003460411243,20.548150550000003]}},{"type":"Feature","properties":{"id":"india-osm-logistics-central-zone-transport-area-209277955","name":"Chaudhary Charan Singh International Airport","hub_type":"air_cargo_terminal","operator_classification":"other","source_operator":"","source_region":"central-zone","source_layer":"transport_area","source_osm_id":"209277955","source_fclass":"airport","importance_rank":3,"importance":"national_core"},"geometry":{"type":"Point","coordinates":[80.89360305797695,26.7608025]}},{"type":"Feature","properties":{"id":"india-osm-logistics-southern-zone-transport-area-23633604","name":"Chennai International Airport","hub_type":"air_cargo_terminal","operator_classification":"other","source_operator":"","source_region":"southern-zone","source_layer":"transport_area","source_osm_id":"23633604","source_fclass":"airport","importance_rank":3,"importance":"national_core"},"geometry":{"type":"Point","coordinates":[80.17258667392555,12.993374]}},{"type":"Feature","properties":{"id":"india-osm-logistics-southern-zone-transport-point-8431617255","name":"Chettinad Airfield (Abandoned)","hub_type":"air_cargo_terminal","operator_classification":"other","source_operator":"","source_region":"southern-zone","source_layer":"transport_point","source_osm_id":"8431617255","source_fclass":"airport","importance_rank":3,"importance":"national_core"},"geometry":{"type":"Point","coordinates":[78.7939438,10.1647238]}},{"type":"Feature","properties":{"id":"india-osm-logistics-western-zone-transport-area-120132718","name":"Chhatrapati Sambhajinagar Airport","hub_type":"air_cargo_terminal","operator_classification":"other","source_operator":"","source_region":"western-zone","source_layer":"transport_area","source_osm_id":"120132718","source_fclass":"airport","importance_rank":3,"importance":"national_core"},"geometry":{"type":"Point","coordinates":[75.40244204843691,19.86437015]}},{"type":"Feature","properties":{"id":"india-osm-logistics-western-zone-transport-area-22826676","name":"Chhatrapati Shivaji Maharaj International Airport","hub_type":"air_cargo_terminal","operator_classification":"other","source_operator":"","source_region":"western-zone","source_layer":"transport_area","source_osm_id":"22826676","source_fclass":"airport","importance_rank":3,"importance":"national_core"},"geometry":{"type":"Point","coordinates":[72.86382231092827,19.09013755]}},{"type":"Feature","properties":{"id":"india-osm-logistics-central-zone-transport-area-500948759","name":"Chitrakoot Airport / Karwi Airstrip","hub_type":"air_cargo_terminal","operator_classification":"other","source_operator":"","source_region":"central-zone","source_layer":"transport_area","source_osm_id":"500948759","source_fclass":"airport","importance_rank":3,"importance":"national_core"},"geometry":{"type":"Point","coordinates":[80.92628639586383,25.1606892]}},{"type":"Feature","properties":{"id":"india-osm-logistics-southern-zone-transport-area-872124343","name":"Cholavaram Airstrip","hub_type":"air_cargo_terminal","operator_classification":"other","source_operator":"","source_region":"southern-zone","source_layer":"transport_area","source_osm_id":"872124343","source_fclass":"airport","importance_rank":3,"importance":"national_core"},"geometry":{"type":"Point","coordinates":[80.14889433421962,13.20824855]}},{"type":"Feature","properties":{"id":"india-osm-logistics-central-zone-transport-area-119160262","name":"Chorhata Airport","hub_type":"air_cargo_terminal","operator_classification":"other","source_operator":"","source_region":"central-zone","source_layer":"transport_area","source_osm_id":"119160262","source_fclass":"airport","importance_rank":3,"importance":"national_core"},"geometry":{"type":"Point","coordinates":[81.22072720326926,24.50363025]}},{"type":"Feature","properties":{"id":"india-osm-logistics-southern-zone-transport-area-130513823","name":"Coast Guard Air enclave","hub_type":"air_cargo_terminal","operator_classification":"other","source_operator":"","source_region":"southern-zone","source_layer":"transport_area","source_osm_id":"130513823","source_fclass":"airport","importance_rank":3,"importance":"national_core"},"geometry":{"type":"Point","coordinates":[74.89013436594385,12.96316115]}},{"type":"Feature","properties":{"id":"india-osm-logistics-southern-zone-transport-area-254099650","name":"Cochin International Airport","hub_type":"air_cargo_terminal","operator_classification":"other","source_operator":"","source_region":"southern-zone","source_layer":"transport_area","source_osm_id":"254099650","source_fclass":"airport","importance_rank":3,"importance":"national_core"},"geometry":{"type":"Point","coordinates":[76.39248892735499,10.15448595]}},{"type":"Feature","properties":{"id":"india-osm-logistics-southern-zone-transport-area-28927870","name":"Coimbatore International Airport","hub_type":"air_cargo_terminal","operator_classification":"other","source_operator":"","source_region":"southern-zone","source_layer":"transport_area","source_osm_id":"28927870","source_fclass":"airport","importance_rank":3,"importance":"national_core"},"geometry":{"type":"Point","coordinates":[77.04270137705652,11.03290765]}},{"type":"Feature","properties":{"id":"india-osm-logistics-eastern-zone-transport-area-129119304","name":"Cooch Behar","hub_type":"air_cargo_terminal","operator_classification":"other","source_operator":"","source_region":"eastern-zone","source_layer":"transport_area","source_osm_id":"129119304","source_fclass":"airport","importance_rank":3,"importance":"national_core"},"geometry":{"type":"Point","coordinates":[89.47077330329402,26.33304975]}},{"type":"Feature","properties":{"id":"india-osm-logistics-eastern-zone-transport-area-119170132","name":"Daltonganj Medininagar Airstrip","hub_type":"air_cargo_terminal","operator_classification":"other","source_operator":"","source_region":"eastern-zone","source_layer":"transport_area","source_osm_id":"119170132","source_fclass":"airport","importance_rank":3,"importance":"national_core"},"geometry":{"type":"Point","coordinates":[84.09718710689427,24.02004385]}},{"type":"Feature","properties":{"id":"india-osm-logistics-western-zone-transport-area-104640434","name":"Daman Airport","hub_type":"air_cargo_terminal","operator_classification":"other","source_operator":"","source_region":"western-zone","source_layer":"transport_area","source_osm_id":"104640434","source_fclass":"airport","importance_rank":3,"importance":"national_core"},"geometry":{"type":"Point","coordinates":[72.84005610631483,20.427695800000002]}},{"type":"Feature","properties":{"id":"india-osm-logistics-north-eastern-zone-transport-area-454805109","name":"Daporijo Airfield","hub_type":"air_cargo_terminal","operator_classification":"other","source_operator":"","source_region":"north-eastern-zone","source_layer":"transport_area","source_osm_id":"454805109","source_fclass":"airport","importance_rank":3,"importance":"national_core"},"geometry":{"type":"Point","coordinates":[94.22240593805228,27.98561685]}},{"type":"Feature","properties":{"id":"india-osm-logistics-eastern-zone-transport-area-948883745","name":"Darbhanga Air Force Station","hub_type":"air_cargo_terminal","operator_classification":"other","source_operator":"","source_region":"eastern-zone","source_layer":"transport_area","source_osm_id":"948883745","source_fclass":"airport","importance_rank":3,"importance":"national_core"},"geometry":{"type":"Point","coordinates":[85.91624003908078,26.19460615]}},{"type":"Feature","properties":{"id":"india-osm-logistics-eastern-zone-transport-point-760197881","name":"Darbhanga Airport","hub_type":"air_cargo_terminal","operator_classification":"other","source_operator":"","source_region":"eastern-zone","source_layer":"transport_point","source_osm_id":"760197881","source_fclass":"airport","importance_rank":3,"importance":"national_core"},"geometry":{"type":"Point","coordinates":[85.9118892,26.1967856]}},{"type":"Feature","properties":{"id":"india-osm-logistics-central-zone-transport-area-1054319981","name":"Datia Airstrip","hub_type":"air_cargo_terminal","operator_classification":"other","source_operator":"","source_region":"central-zone","source_layer":"transport_area","source_osm_id":"1054319981","source_fclass":"airport","importance_rank":3,"importance":"national_core"},"geometry":{"type":"Point","coordinates":[78.50821341877503,25.6563652]}},{"type":"Feature","properties":{"id":"india-osm-logistics-northern-zone-transport-point-747078123","name":"Daulat Beg Oldi Advanced Landing Ground","hub_type":"air_cargo_terminal","operator_classification":"other","source_operator":"","source_region":"northern-zone","source_layer":"transport_point","source_osm_id":"747078123","source_fclass":"airport","importance_rank":3,"importance":"national_core"},"geometry":{"type":"Point","coordinates":[77.9290339,35.392416]}},{"type":"Feature","properties":{"id":"india-osm-logistics-western-zone-transport-area-115714463","name":"Deesa Airport","hub_type":"air_cargo_terminal","operator_classification":"other","source_operator":"","source_region":"western-zone","source_layer":"transport_area","source_osm_id":"115714463","source_fclass":"airport","importance_rank":3,"importance":"national_core"},"geometry":{"type":"Point","coordinates":[72.20436839784745,24.268349450000002]}},{"type":"Feature","properties":{"id":"india-osm-logistics-central-zone-transport-area-142216652","name":"Dehradun Jolly Grant Airport","hub_type":"air_cargo_terminal","operator_classification":"other","source_operator":"","source_region":"central-zone","source_layer":"transport_area","source_osm_id":"142216652","source_fclass":"airport","importance_rank":3,"importance":"national_core"},"geometry":{"type":"Point","coordinates":[78.18997908721724,30.1922324]}},{"type":"Feature","properties":{"id":"india-osm-logistics-eastern-zone-transport-area-119225535","name":"Dehri Airstrip","hub_type":"air_cargo_terminal","operator_classification":"other","source_operator":"","source_region":"eastern-zone","source_layer":"transport_area","source_osm_id":"119225535","source_fclass":"airport","importance_rank":3,"importance":"national_core"},"geometry":{"type":"Point","coordinates":[84.12760053612129,24.9257654]}},{"type":"Feature","properties":{"id":"india-osm-logistics-eastern-zone-transport-area-154381698","name":"Deoghar International Airport","hub_type":"air_cargo_terminal","operator_classification":"other","source_operator":"","source_region":"eastern-zone","source_layer":"transport_area","source_osm_id":"154381698","source_fclass":"airport","importance_rank":3,"importance":"national_core"},"geometry":{"type":"Point","coordinates":[86.70091907656277,24.44626875]}},{"type":"Feature","properties":{"id":"india-osm-logistics-central-zone-transport-area-44280184","name":"Devi Ahilyabai Holkar Airport","hub_type":"air_cargo_terminal","operator_classification":"other","source_operator":"","source_region":"central-zone","source_layer":"transport_area","source_osm_id":"44280184","source_fclass":"airport","importance_rank":3,"importance":"national_core"},"geometry":{"type":"Point","coordinates":[75.80325441800845,22.72037445]}},{"type":"Feature","properties":{"id":"india-osm-logistics-central-zone-transport-area-191636679","name":"Dhana","hub_type":"air_cargo_terminal","operator_classification":"other","source_operator":"","source_region":"central-zone","source_layer":"transport_area","source_osm_id":"191636679","source_fclass":"airport","importance_rank":3,"importance":"national_core"},"geometry":{"type":"Point","coordinates":[78.85585026272703,23.75477945]}},{"type":"Feature","properties":{"id":"india-osm-logistics-eastern-zone-transport-area-117695945","name":"Dhanbad Airport","hub_type":"air_cargo_terminal","operator_classification":"other","source_operator":"","source_region":"eastern-zone","source_layer":"transport_area","source_osm_id":"117695945","source_fclass":"airport","importance_rank":3,"importance":"national_core"},"geometry":{"type":"Point","coordinates":[86.426677965843,23.834079850000002]}},{"type":"Feature","properties":{"id":"india-osm-logistics-western-zone-transport-area-509797209","name":"Dhule Airport","hub_type":"air_cargo_terminal","operator_classification":"other","source_operator":"","source_region":"western-zone","source_layer":"transport_area","source_osm_id":"509797209","source_fclass":"airport","importance_rank":3,"importance":"national_core"},"geometry":{"type":"Point","coordinates":[74.73837257203749,20.92641345]}},{"type":"Feature","properties":{"id":"india-osm-logistics-north-eastern-zone-transport-point-245759577","name":"Dibrugarh Mohanbari Airport","hub_type":"air_cargo_terminal","operator_classification":"other","source_operator":"","source_region":"north-eastern-zone","source_layer":"transport_point","source_osm_id":"245759577","source_fclass":"airport","importance_rank":3,"importance":"national_core"},"geometry":{"type":"Point","coordinates":[95.0170764,27.4854679]}},{"type":"Feature","properties":{"id":"india-osm-logistics-southern-zone-transport-area-661699999","name":"Diglipur INS Kohasa","hub_type":"air_cargo_terminal","operator_classification":"other","source_operator":"","source_region":"southern-zone","source_layer":"transport_area","source_osm_id":"661699999","source_fclass":"airport","importance_rank":3,"importance":"national_core"},"geometry":{"type":"Point","coordinates":[93.04959875138499,13.2362823]}},{"type":"Feature","properties":{"id":"india-osm-logistics-north-eastern-zone-transport-area-198347397","name":"Dimapur Airport","hub_type":"air_cargo_terminal","operator_classification":"other","source_operator":"","source_region":"north-eastern-zone","source_layer":"transport_area","source_osm_id":"198347397","source_fclass":"airport","importance_rank":3,"importance":"national_core"},"geometry":{"type":"Point","coordinates":[93.76979864835963,25.88416535]}},{"type":"Feature","properties":{"id":"india-osm-logistics-north-eastern-zone-transport-area-1025406799","name":"Dirial Airfield","hub_type":"air_cargo_terminal","operator_classification":"other","source_operator":"","source_region":"north-eastern-zone","source_layer":"transport_area","source_osm_id":"1025406799","source_fclass":"airport","importance_rank":3,"importance":"national_core"},"geometry":{"type":"Point","coordinates":[95.27689325068151,27.40139245]}},{"type":"Feature","properties":{"id":"india-osm-logistics-western-zone-transport-area-140036316","name":"Diu Airport","hub_type":"air_cargo_terminal","operator_classification":"other","source_operator":"","source_region":"western-zone","source_layer":"transport_area","source_osm_id":"140036316","source_fclass":"airport","importance_rank":3,"importance":"national_core"},"geometry":{"type":"Point","coordinates":[70.92204629253624,20.71439565]}},{"type":"Feature","properties":{"id":"india-osm-logistics-central-zone-transport-area-668132051","name":"Dondi Airstrip","hub_type":"air_cargo_terminal","operator_classification":"other","source_operator":"","source_region":"central-zone","source_layer":"transport_area","source_osm_id":"668132051","source_fclass":"airport","importance_rank":3,"importance":"national_core"},"geometry":{"type":"Point","coordinates":[81.08291611696862,20.5277679]}},{"type":"Feature","properties":{"id":"india-osm-logistics-western-zone-transport-area-128552031","name":"Dr. Babasaheb Ambedkar International Airport","hub_type":"air_cargo_terminal","operator_classification":"other","source_operator":"","source_region":"western-zone","source_layer":"transport_area","source_osm_id":"128552031","source_fclass":"airport","importance_rank":3,"importance":"national_core"},"geometry":{"type":"Point","coordinates":[79.04602882902044,21.089502799999998]}},{"type":"Feature","properties":{"id":"india-osm-logistics-central-zone-transport-area-134916562","name":"Dr. Bhimrao Ambedkar Airstrip","hub_type":"air_cargo_terminal","operator_classification":"other","source_operator":"","source_region":"central-zone","source_layer":"transport_area","source_osm_id":"134916562","source_fclass":"airport","importance_rank":3,"importance":"national_core"},"geometry":{"type":"Point","coordinates":[77.68069497235544,28.9039047]}},{"type":"Feature","properties":{"id":"india-osm-logistics-western-zone-transport-area-101261296","name":"Dr. Panjabrao Deshmukh Airport","hub_type":"air_cargo_terminal","operator_classification":"other","source_operator":"","source_region":"western-zone","source_layer":"transport_area","source_osm_id":"101261296","source_fclass":"airport","importance_rank":3,"importance":"national_core"},"geometry":{"type":"Point","coordinates":[77.72149278744077,20.81547335]}},{"type":"Feature","properties":{"id":"india-osm-logistics-eastern-zone-transport-area-261252505","name":"Dumka Airfield","hub_type":"air_cargo_terminal","operator_classification":"other","source_operator":"","source_region":"eastern-zone","source_layer":"transport_area","source_osm_id":"261252505","source_fclass":"airport","importance_rank":3,"importance":"national_core"},"geometry":{"type":"Point","coordinates":[87.26674470039447,24.2304916]}},{"type":"Feature","properties":{"id":"india-osm-logistics-southern-zone-transport-area-475875178","name":"Dundigul Air Force Academy","hub_type":"air_cargo_terminal","operator_classification":"other","source_operator":"","source_region":"southern-zone","source_layer":"transport_area","source_osm_id":"475875178","source_fclass":"airport","importance_rank":3,"importance":"national_core"},"geometry":{"type":"Point","coordinates":[78.39608404696531,17.653192949999998]}},{"type":"Feature","properties":{"id":"india-osm-logistics-northern-zone-transport-area-566551504","name":"Dungarpur Airstrip","hub_type":"air_cargo_terminal","operator_classification":"other","source_operator":"","source_region":"northern-zone","source_layer":"transport_area","source_osm_id":"566551504","source_fclass":"airport","importance_rank":3,"importance":"national_core"},"geometry":{"type":"Point","coordinates":[73.84127219478964,23.8464496]}},{"type":"Feature","properties":{"id":"india-osm-logistics-eastern-zone-transport-area-117927982","name":"Durgapur Airstrip","hub_type":"air_cargo_terminal","operator_classification":"other","source_operator":"","source_region":"eastern-zone","source_layer":"transport_area","source_osm_id":"117927982","source_fclass":"airport","importance_rank":3,"importance":"national_core"},"geometry":{"type":"Point","coordinates":[87.3367503331512,23.5836263]}},{"type":"Feature","properties":{"id":"india-osm-logistics-central-zone-transport-point-13321641450","name":"Falcon airway","hub_type":"air_cargo_terminal","operator_classification":"other","source_operator":"","source_region":"central-zone","source_layer":"transport_point","source_osm_id":"13321641450","source_fclass":"airport","importance_rank":3,"importance":"national_core"},"geometry":{"type":"Point","coordinates":[80.2591925,24.6612865]}},{"type":"Feature","properties":{"id":"india-osm-logistics-eastern-zone-transport-point-8703319652","name":"Forbesganj Airport","hub_type":"air_cargo_terminal","operator_classification":"other","source_operator":"","source_region":"eastern-zone","source_layer":"transport_point","source_osm_id":"8703319652","source_fclass":"airport","importance_rank":3,"importance":"national_core"},"geometry":{"type":"Point","coordinates":[87.2830426,26.2970291]}},{"type":"Feature","properties":{"id":"india-osm-logistics-northern-zone-transport-area-1420734388","name":"Fukche Advanced Landing Ground","hub_type":"air_cargo_terminal","operator_classification":"other","source_operator":"","source_region":"northern-zone","source_layer":"transport_area","source_osm_id":"1420734388","source_fclass":"airport","importance_rank":3,"importance":"national_core"},"geometry":{"type":"Point","coordinates":[79.20988418066798,32.94084145]}},{"type":"Feature","properties":{"id":"india-osm-logistics-western-zone-transport-area-1079147575","name":"Gandhinagar Army Airfield","hub_type":"air_cargo_terminal","operator_classification":"other","source_operator":"","source_region":"western-zone","source_layer":"transport_area","source_osm_id":"1079147575","source_fclass":"airport","importance_rank":3,"importance":"national_core"},"geometry":{"type":"Point","coordinates":[73.80856105618261,19.96502605]}},{"type":"Feature","properties":{"id":"india-osm-logistics-southern-zone-transport-point-12994101236","name":"Gannavaram Airport","hub_type":"air_cargo_terminal","operator_classification":"other","source_operator":"","source_region":"southern-zone","source_layer":"transport_point","source_osm_id":"12994101236","source_fclass":"airport","importance_rank":3,"importance":"national_core"},"geometry":{"type":"Point","coordinates":[80.7856839,16.5272362]}},{"type":"Feature","properties":{"id":"india-osm-logistics-central-zone-transport-area-228920869","name":"Gauchar Airport","hub_type":"air_cargo_terminal","operator_classification":"other","source_operator":"","source_region":"central-zone","source_layer":"transport_area","source_osm_id":"228920869","source_fclass":"airport","importance_rank":3,"importance":"national_core"},"geometry":{"type":"Point","coordinates":[79.16175956091237,30.28458775]}},{"type":"Feature","properties":{"id":"india-osm-logistics-eastern-zone-transport-area-131486326","name":"Gaya Abandoned Airbase","hub_type":"air_cargo_terminal","operator_classification":"other","source_operator":"","source_region":"eastern-zone","source_layer":"transport_area","source_osm_id":"131486326","source_fclass":"airport","importance_rank":3,"importance":"national_core"},"geometry":{"type":"Point","coordinates":[84.9046000656165,24.61216345]}},{"type":"Feature","properties":{"id":"india-osm-logistics-eastern-zone-transport-area-112503009","name":"Gaya International Airport","hub_type":"air_cargo_terminal","operator_classification":"other","source_operator":"","source_region":"eastern-zone","source_layer":"transport_area","source_osm_id":"112503009","source_fclass":"airport","importance_rank":3,"importance":"national_core"},"geometry":{"type":"Point","coordinates":[84.95216890810104,24.742928]}},{"type":"Feature","properties":{"id":"india-osm-logistics-eastern-zone-transport-area-136383906","name":"Giridih Airstrip","hub_type":"air_cargo_terminal","operator_classification":"other","source_operator":"","source_region":"eastern-zone","source_layer":"transport_area","source_osm_id":"136383906","source_fclass":"airport","importance_rank":3,"importance":"national_core"},"geometry":{"type":"Point","coordinates":[86.28915070917844,24.20219025]}},{"type":"Feature","properties":{"id":"india-osm-logistics-western-zone-transport-area-91549529","name":"Goa International Airport","hub_type":"air_cargo_terminal","operator_classification":"other","source_operator":"","source_region":"western-zone","source_layer":"transport_area","source_osm_id":"91549529","source_fclass":"airport","importance_rank":3,"importance":"national_core"},"geometry":{"type":"Point","coordinates":[73.83171809313517,15.38057135]}},{"type":"Feature","properties":{"id":"india-osm-logistics-western-zone-transport-area-677870712","name":"Gondia Airport","hub_type":"air_cargo_terminal","operator_classification":"other","source_operator":"","source_region":"western-zone","source_layer":"transport_area","source_osm_id":"677870712","source_fclass":"airport","importance_rank":3,"importance":"national_core"},"geometry":{"type":"Point","coordinates":[80.2933013005628,21.529219050000002]}},{"type":"Feature","properties":{"id":"india-osm-logistics-central-zone-transport-area-99203958","name":"Gorakhpur Air Force Station","hub_type":"air_cargo_terminal","operator_classification":"other","source_operator":"","source_region":"central-zone","source_layer":"transport_area","source_osm_id":"99203958","source_fclass":"airport","importance_rank":3,"importance":"national_core"},"geometry":{"type":"Point","coordinates":[83.46131082635866,26.733153549999997]}},{"type":"Feature","properties":{"id":"india-osm-logistics-eastern-zone-transport-area-267369583","name":"Gua Airstrip","hub_type":"air_cargo_terminal","operator_classification":"other","source_operator":"","source_region":"eastern-zone","source_layer":"transport_area","source_osm_id":"267369583","source_fclass":"airport","importance_rank":3,"importance":"national_core"},"geometry":{"type":"Point","coordinates":[85.38413732192382,22.21596815]}},{"type":"Feature","properties":{"id":"india-osm-logistics-central-zone-transport-area-173773996","name":"Guna","hub_type":"air_cargo_terminal","operator_classification":"other","source_operator":"","source_region":"central-zone","source_layer":"transport_area","source_osm_id":"173773996","source_fclass":"airport","importance_rank":3,"importance":"national_core"},"geometry":{"type":"Point","coordinates":[77.34696806639303,24.6545819]}},{"type":"Feature","properties":{"id":"india-osm-logistics-northern-zone-transport-point-12906005000","name":"Guru Jasnath Ji Airport Bikaner","hub_type":"air_cargo_terminal","operator_classification":"other","source_operator":"","source_region":"northern-zone","source_layer":"transport_point","source_osm_id":"12906005000","source_fclass":"airport","importance_rank":3,"importance":"national_core"},"geometry":{"type":"Point","coordinates":[73.2010322,28.0626456]}},{"type":"Feature","properties":{"id":"india-osm-logistics-central-zone-transport-area-99621790","name":"Gwalior Airport","hub_type":"air_cargo_terminal","operator_classification":"other","source_operator":"","source_region":"central-zone","source_layer":"transport_area","source_osm_id":"99621790","source_fclass":"airport","importance_rank":3,"importance":"national_core"},"geometry":{"type":"Point","coordinates":[78.22278188888617,26.2972939]}},{"type":"Feature","properties":{"id":"india-osm-logistics-southern-zone-transport-area-30333120","name":"HAL Airport","hub_type":"air_cargo_terminal","operator_classification":"other","source_operator":"","source_region":"southern-zone","source_layer":"transport_area","source_osm_id":"30333120","source_fclass":"airport","importance_rank":3,"importance":"national_core"},"geometry":{"type":"Point","coordinates":[77.6706174862667,12.95146575]}},{"type":"Feature","properties":{"id":"india-osm-logistics-western-zone-transport-area-50224074","name":"Hadapsar Gliding Centre","hub_type":"air_cargo_terminal","operator_classification":"other","source_operator":"","source_region":"western-zone","source_layer":"transport_area","source_osm_id":"50224074","source_fclass":"airport","importance_rank":3,"importance":"national_core"},"geometry":{"type":"Point","coordinates":[73.94210109607829,18.4929397]}},{"type":"Feature","properties":{"id":"india-osm-logistics-southern-zone-transport-area-475941771","name":"Hakimpet Air Force Station","hub_type":"air_cargo_terminal","operator_classification":"other","source_operator":"","source_region":"southern-zone","source_layer":"transport_area","source_osm_id":"475941771","source_fclass":"airport","importance_rank":3,"importance":"national_core"},"geometry":{"type":"Point","coordinates":[78.52413306848177,17.54970955]}},{"type":"Feature","properties":{"id":"india-osm-logistics-northern-zone-transport-area-429292945","name":"Halwara Airport","hub_type":"air_cargo_terminal","operator_classification":"other","source_operator":"","source_region":"northern-zone","source_layer":"transport_area","source_osm_id":"429292945","source_fclass":"airport","importance_rank":3,"importance":"national_core"},"geometry":{"type":"Point","coordinates":[75.63415070040149,30.746453199999998]}},{"type":"Feature","properties":{"id":"india-osm-logistics-southern-zone-transport-point-747173735","name":"Harihar Airstrip","hub_type":"air_cargo_terminal","operator_classification":"other","source_operator":"","source_region":"southern-zone","source_layer":"transport_point","source_osm_id":"747173735","source_fclass":"airport","importance_rank":3,"importance":"national_core"},"geometry":{"type":"Point","coordinates":[75.7852162,14.5332953]}},{"type":"Feature","properties":{"id":"india-osm-logistics-eastern-zone-transport-area-134495518","name":"Hashimara Air Force Station","hub_type":"air_cargo_terminal","operator_classification":"other","source_operator":"","source_region":"eastern-zone","source_layer":"transport_area","source_osm_id":"134495518","source_fclass":"airport","importance_rank":3,"importance":"national_core"},"geometry":{"type":"Point","coordinates":[89.36018719970582,26.70157655]}},{"type":"Feature","properties":{"id":"india-osm-logistics-eastern-zone-transport-point-697276907","name":"Hasimara Air Force Station","hub_type":"air_cargo_terminal","operator_classification":"other","source_operator":"","source_region":"eastern-zone","source_layer":"transport_point","source_osm_id":"697276907","source_fclass":"airport","importance_rank":3,"importance":"national_core"},"geometry":{"type":"Point","coordinates":[89.3664783,26.7018159]}},{"type":"Feature","properties":{"id":"india-osm-logistics-north-eastern-zone-transport-area-988951817","name":"Hayuliang","hub_type":"air_cargo_terminal","operator_classification":"other","source_operator":"","source_region":"north-eastern-zone","source_layer":"transport_area","source_osm_id":"988951817","source_fclass":"airport","importance_rank":3,"importance":"national_core"},"geometry":{"type":"Point","coordinates":[96.5492427665996,28.073747949999998]}},{"type":"Feature","properties":{"id":"india-osm-logistics-southern-zone-transport-area-504971900","name":"Heliport","hub_type":"air_cargo_terminal","operator_classification":"other","source_operator":"","source_region":"southern-zone","source_layer":"transport_area","source_osm_id":"504971900","source_fclass":"airport","importance_rank":3,"importance":"national_core"},"geometry":{"type":"Point","coordinates":[82.29211289949401,16.7434027]}},{"type":"Feature","properties":{"id":"india-osm-logistics-central-zone-transport-area-265984430","name":"Hindon Airport","hub_type":"air_cargo_terminal","operator_classification":"other","source_operator":"","source_region":"central-zone","source_layer":"transport_area","source_osm_id":"265984430","source_fclass":"airport","importance_rank":3,"importance":"national_core"},"geometry":{"type":"Point","coordinates":[77.36480599217407,28.7043472]}},{"type":"Feature","properties":{"id":"india-osm-logistics-eastern-zone-transport-area-160225014","name":"Hirakud Airfield","hub_type":"air_cargo_terminal","operator_classification":"other","source_operator":"","source_region":"eastern-zone","source_layer":"transport_area","source_osm_id":"160225014","source_fclass":"airport","importance_rank":3,"importance":"national_core"},"geometry":{"type":"Point","coordinates":[84.0061280291826,21.57954475]}},{"type":"Feature","properties":{"id":"india-osm-logistics-northern-zone-transport-area-183237298","name":"Hisar Airport","hub_type":"air_cargo_terminal","operator_classification":"other","source_operator":"","source_region":"northern-zone","source_layer":"transport_area","source_osm_id":"183237298","source_fclass":"airport","importance_rank":3,"importance":"national_core"},"geometry":{"type":"Point","coordinates":[75.7553882971637,29.1794192]}},{"type":"Feature","properties":{"id":"india-osm-logistics-southern-zone-transport-area-103301658","name":"Hosur Aerodrome","hub_type":"air_cargo_terminal","operator_classification":"other","source_operator":"","source_region":"southern-zone","source_layer":"transport_area","source_osm_id":"103301658","source_fclass":"airport","importance_rank":3,"importance":"national_core"},"geometry":{"type":"Point","coordinates":[77.77817573962193,12.6634051]}},{"type":"Feature","properties":{"id":"india-osm-logistics-southern-zone-transport-area-353329026","name":"Hubballi Airport","hub_type":"air_cargo_terminal","operator_classification":"other","source_operator":"","source_region":"southern-zone","source_layer":"transport_area","source_osm_id":"353329026","source_fclass":"airport","importance_rank":3,"importance":"national_core"},"geometry":{"type":"Point","coordinates":[75.07761238064964,15.360478350000001]}},{"type":"Feature","properties":{"id":"india-osm-logistics-northern-zone-transport-area-182860453","name":"IAF helicopter base","hub_type":"air_cargo_terminal","operator_classification":"other","source_operator":"","source_region":"northern-zone","source_layer":"transport_area","source_osm_id":"182860453","source_fclass":"airport","importance_rank":3,"importance":"national_core"},"geometry":{"type":"Point","coordinates":[77.55494941587513,34.129803550000005]}},{"type":"Feature","properties":{"id":"india-osm-logistics-central-zone-transport-area-376451983","name":"IIT Kanpur Airstrip","hub_type":"air_cargo_terminal","operator_classification":"other","source_operator":"","source_region":"central-zone","source_layer":"transport_area","source_osm_id":"376451983","source_fclass":"airport","importance_rank":3,"importance":"national_core"},"geometry":{"type":"Point","coordinates":[80.2331732909009,26.51966815]}},{"type":"Feature","properties":{"id":"india-osm-logistics-southern-zone-transport-area-977080271","name":"INS Baaz","hub_type":"air_cargo_terminal","operator_classification":"other","source_operator":"","source_region":"southern-zone","source_layer":"transport_area","source_osm_id":"977080271","source_fclass":"airport","importance_rank":3,"importance":"national_core"},"geometry":{"type":"Point","coordinates":[93.9240774791077,7.013093850000001]}},{"type":"Feature","properties":{"id":"india-osm-logistics-southern-zone-transport-area-908043734","name":"INS Parundu","hub_type":"air_cargo_terminal","operator_classification":"other","source_operator":"","source_region":"southern-zone","source_layer":"transport_area","source_osm_id":"908043734","source_fclass":"airport","importance_rank":3,"importance":"national_core"},"geometry":{"type":"Point","coordinates":[78.9708845396575,9.32567705]}},{"type":"Feature","properties":{"id":"india-osm-logistics-southern-zone-transport-area-84087725","name":"INS Rajali","hub_type":"air_cargo_terminal","operator_classification":"other","source_operator":"","source_region":"southern-zone","source_layer":"transport_area","source_osm_id":"84087725","source_fclass":"airport","importance_rank":3,"importance":"national_core"},"geometry":{"type":"Point","coordinates":[79.68513410693167,13.066582050000001]}},{"type":"Feature","properties":{"id":"india-osm-logistics-central-zone-transport-area-450767809","name":"Imlikheda Airstrip","hub_type":"air_cargo_terminal","operator_classification":"other","source_operator":"","source_region":"central-zone","source_layer":"transport_area","source_osm_id":"450767809","source_fclass":"airport","importance_rank":3,"importance":"national_core"},"geometry":{"type":"Point","coordinates":[78.91817707272654,22.00186725]}},{"type":"Feature","properties":{"id":"india-osm-logistics-northern-zone-transport-area-19597141","name":"Indira Gandhi International Airport","hub_type":"air_cargo_terminal","operator_classification":"other","source_operator":"","source_region":"northern-zone","source_layer":"transport_area","source_osm_id":"19597141","source_fclass":"airport","importance_rank":3,"importance":"national_core"},"geometry":{"type":"Point","coordinates":[77.08479846075457,28.555394149999998]}},{"type":"Feature","properties":{"id":"india-osm-logistics-north-eastern-zone-transport-area-1022171164","name":"Itanagar Holongi Airport","hub_type":"air_cargo_terminal","operator_classification":"other","source_operator":"","source_region":"north-eastern-zone","source_layer":"transport_area","source_osm_id":"1022171164","source_fclass":"airport","importance_rank":3,"importance":"national_core"},"geometry":{"type":"Point","coordinates":[93.64306769231749,26.969809400000003]}},{"type":"Feature","properties":{"id":"india-osm-logistics-northern-zone-transport-point-1524529587","name":"JK Airport","hub_type":"air_cargo_terminal","operator_classification":"other","source_operator":"","source_region":"northern-zone","source_layer":"transport_point","source_osm_id":"1524529587","source_fclass":"airport","importance_rank":3,"importance":"national_core"},"geometry":{"type":"Point","coordinates":[73.8985052,25.0206124]}},{"type":"Feature","properties":{"id":"india-osm-logistics-central-zone-transport-area-119390681","name":"JSPL Airstrip","hub_type":"air_cargo_terminal","operator_classification":"other","source_operator":"","source_region":"central-zone","source_layer":"transport_area","source_osm_id":"119390681","source_fclass":"airport","importance_rank":3,"importance":"national_core"},"geometry":{"type":"Point","coordinates":[83.3476780187761,21.9362099]}},{"type":"Feature","properties":{"id":"india-osm-logistics-central-zone-transport-area-121089056","name":"Jabalpur Airport","hub_type":"air_cargo_terminal","operator_classification":"other","source_operator":"","source_region":"central-zone","source_layer":"transport_area","source_osm_id":"121089056","source_fclass":"airport","importance_rank":3,"importance":"national_core"},"geometry":{"type":"Point","coordinates":[80.05395491049138,23.1799312]}},{"type":"Feature","properties":{"id":"india-osm-logistics-central-zone-transport-area-119388136","name":"Jagdalpur Airport","hub_type":"air_cargo_terminal","operator_classification":"other","source_operator":"","source_region":"central-zone","source_layer":"transport_area","source_osm_id":"119388136","source_fclass":"airport","importance_rank":3,"importance":"national_core"},"geometry":{"type":"Point","coordinates":[82.03638010903728,19.073899750000002]}},{"type":"Feature","properties":{"id":"india-osm-logistics-northern-zone-transport-area-28719635","name":"Jaipur International Airport","hub_type":"air_cargo_terminal","operator_classification":"other","source_operator":"","source_region":"northern-zone","source_layer":"transport_area","source_osm_id":"28719635","source_fclass":"airport","importance_rank":3,"importance":"national_core"},"geometry":{"type":"Point","coordinates":[75.80798884627488,26.8281087]}},{"type":"Feature","properties":{"id":"india-osm-logistics-northern-zone-transport-area-12990107","name":"Jaisalmer Air Force Station","hub_type":"air_cargo_terminal","operator_classification":"other","source_operator":"","source_region":"northern-zone","source_layer":"transport_area","source_osm_id":"12990107","source_fclass":"airport","importance_rank":3,"importance":"national_core"},"geometry":{"type":"Point","coordinates":[70.86770968115644,26.890220300000003]}},{"type":"Feature","properties":{"id":"india-osm-logistics-northern-zone-transport-area-239719125","name":"Jaisalmer Airforce","hub_type":"air_cargo_terminal","operator_classification":"other","source_operator":"","source_region":"northern-zone","source_layer":"transport_area","source_osm_id":"239719125","source_fclass":"airport","importance_rank":3,"importance":"national_core"},"geometry":{"type":"Point","coordinates":[70.89885679916438,26.899695899999998]}},{"type":"Feature","properties":{"id":"india-osm-logistics-northern-zone-transport-area-12990105","name":"Jaisalmer Civil Airport","hub_type":"air_cargo_terminal","operator_classification":"other","source_operator":"","source_region":"northern-zone","source_layer":"transport_area","source_osm_id":"12990105","source_fclass":"airport","importance_rank":3,"importance":"national_core"},"geometry":{"type":"Point","coordinates":[70.85668158238228,26.87022025]}},{"type":"Feature","properties":{"id":"india-osm-logistics-southern-zone-transport-area-36988989","name":"Jakkur Aerodrome","hub_type":"air_cargo_terminal","operator_classification":"other","source_operator":"","source_region":"southern-zone","source_layer":"transport_area","source_osm_id":"36988989","source_fclass":"airport","importance_rank":3,"importance":"national_core"},"geometry":{"type":"Point","coordinates":[77.59768215241225,13.07767455]}},{"type":"Feature","properties":{"id":"india-osm-logistics-western-zone-transport-area-1011950712","name":"Jalgaon Airport","hub_type":"air_cargo_terminal","operator_classification":"other","source_operator":"","source_region":"western-zone","source_layer":"transport_area","source_osm_id":"1011950712","source_fclass":"airport","importance_rank":3,"importance":"national_core"},"geometry":{"type":"Point","coordinates":[75.62788047915672,20.96362495]}},{"type":"Feature","properties":{"id":"india-osm-logistics-northern-zone-transport-area-93048613","name":"Jammu Airport","hub_type":"air_cargo_terminal","operator_classification":"other","source_operator":"","source_region":"northern-zone","source_layer":"transport_area","source_osm_id":"93048613","source_fclass":"airport","importance_rank":3,"importance":"national_core"},"geometry":{"type":"Point","coordinates":[74.83865212705041,32.6880231]}},{"type":"Feature","properties":{"id":"india-osm-logistics-western-zone-transport-area-139744541","name":"Jamnagar Airport","hub_type":"air_cargo_terminal","operator_classification":"other","source_operator":"","source_region":"western-zone","source_layer":"transport_area","source_osm_id":"139744541","source_fclass":"airport","importance_rank":3,"importance":"national_core"},"geometry":{"type":"Point","coordinates":[70.00708076073744,22.466835250000003]}},{"type":"Feature","properties":{"id":"india-osm-logistics-eastern-zone-transport-area-60264697","name":"Jamshedpur Sonari Airport","hub_type":"air_cargo_terminal","operator_classification":"other","source_operator":"","source_region":"eastern-zone","source_layer":"transport_area","source_osm_id":"60264697","source_fclass":"airport","importance_rank":3,"importance":"national_core"},"geometry":{"type":"Point","coordinates":[86.1693038372328,22.8136029]}},{"type":"Feature","properties":{"id":"india-osm-logistics-central-zone-transport-area-746056012","name":"Jashpur Airstrip","hub_type":"air_cargo_terminal","operator_classification":"other","source_operator":"","source_region":"central-zone","source_layer":"transport_area","source_osm_id":"746056012","source_fclass":"airport","importance_rank":3,"importance":"national_core"},"geometry":{"type":"Point","coordinates":[84.23166217317772,22.932685749999997]}},{"type":"Feature","properties":{"id":"india-osm-logistics-eastern-zone-transport-area-97955336","name":"Jayprakash Narayan International Airport","hub_type":"air_cargo_terminal","operator_classification":"other","source_operator":"","source_region":"eastern-zone","source_layer":"transport_area","source_osm_id":"97955336","source_fclass":"airport","importance_rank":3,"importance":"national_core"},"geometry":{"type":"Point","coordinates":[85.09004766276406,25.5918458]}},{"type":"Feature","properties":{"id":"india-osm-logistics-eastern-zone-transport-point-245652501","name":"Jeypore","hub_type":"air_cargo_terminal","operator_classification":"other","source_operator":"","source_region":"eastern-zone","source_layer":"transport_point","source_osm_id":"245652501","source_fclass":"airport","importance_rank":3,"importance":"national_core"},"geometry":{"type":"Point","coordinates":[82.552768,18.8812875]}},{"type":"Feature","properties":{"id":"india-osm-logistics-eastern-zone-transport-area-790037803","name":"Jeypore Airport","hub_type":"air_cargo_terminal","operator_classification":"other","source_operator":"","source_region":"eastern-zone","source_layer":"transport_area","source_osm_id":"790037803","source_fclass":"airport","importance_rank":3,"importance":"national_core"},"geometry":{"type":"Point","coordinates":[82.55252920472144,18.879324]}},{"type":"Feature","properties":{"id":"india-osm-logistics-northern-zone-transport-area-139084766","name":"Jhalawar Airfield","hub_type":"air_cargo_terminal","operator_classification":"other","source_operator":"","source_region":"northern-zone","source_layer":"transport_area","source_osm_id":"139084766","source_fclass":"airport","importance_rank":3,"importance":"national_core"},"geometry":{"type":"Point","coordinates":[76.21794325066223,24.5872191]}},{"type":"Feature","properties":{"id":"india-osm-logistics-central-zone-transport-area-120223227","name":"Jhansi Airport","hub_type":"air_cargo_terminal","operator_classification":"other","source_operator":"","source_region":"central-zone","source_layer":"transport_area","source_osm_id":"120223227","source_fclass":"airport","importance_rank":3,"importance":"national_core"},"geometry":{"type":"Point","coordinates":[78.5617704808866,25.48960235]}},{"type":"Feature","properties":{"id":"india-osm-logistics-northern-zone-transport-area-129571199","name":"Jhunjhununu","hub_type":"air_cargo_terminal","operator_classification":"other","source_operator":"","source_region":"northern-zone","source_layer":"transport_area","source_osm_id":"129571199","source_fclass":"airport","importance_rank":3,"importance":"national_core"},"geometry":{"type":"Point","coordinates":[75.37552020791472,28.10714335]}},{"type":"Feature","properties":{"id":"india-osm-logistics-southern-zone-transport-point-678810688","name":"Jindal Vijaynagar Airport","hub_type":"air_cargo_terminal","operator_classification":"other","source_operator":"","source_region":"southern-zone","source_layer":"transport_point","source_osm_id":"678810688","source_fclass":"airport","importance_rank":3,"importance":"national_core"},"geometry":{"type":"Point","coordinates":[76.6332705,15.1751365]}},{"type":"Feature","properties":{"id":"india-osm-logistics-northern-zone-transport-area-239937935","name":"Jodhpur Airbase","hub_type":"air_cargo_terminal","operator_classification":"other","source_operator":"","source_region":"northern-zone","source_layer":"transport_area","source_osm_id":"239937935","source_fclass":"airport","importance_rank":3,"importance":"national_core"},"geometry":{"type":"Point","coordinates":[73.05032401304797,26.251436650000002]}},{"type":"Feature","properties":{"id":"india-osm-logistics-north-eastern-zone-transport-area-374410997","name":"Jorhat Rowriah Airport","hub_type":"air_cargo_terminal","operator_classification":"other","source_operator":"","source_region":"north-eastern-zone","source_layer":"transport_area","source_osm_id":"374410997","source_fclass":"airport","importance_rank":3,"importance":"national_core"},"geometry":{"type":"Point","coordinates":[94.1720966824326,26.72934295]}},{"type":"Feature","properties":{"id":"india-osm-logistics-western-zone-transport-area-49794789","name":"Juhu Aerodrome","hub_type":"air_cargo_terminal","operator_classification":"other","source_operator":"","source_region":"western-zone","source_layer":"transport_area","source_osm_id":"49794789","source_fclass":"airport","importance_rank":3,"importance":"national_core"},"geometry":{"type":"Point","coordinates":[72.83322295533156,19.0977728]}},{"type":"Feature","properties":{"id":"india-osm-logistics-southern-zone-transport-area-824636558","name":"Kadapa Airport","hub_type":"air_cargo_terminal","operator_classification":"other","source_operator":"","source_region":"southern-zone","source_layer":"transport_area","source_osm_id":"824636558","source_fclass":"airport","importance_rank":3,"importance":"national_core"},"geometry":{"type":"Point","coordinates":[78.76379692974125,14.5155762]}},{"type":"Feature","properties":{"id":"india-osm-logistics-north-eastern-zone-transport-area-496910386","name":"Kailashahar Airport","hub_type":"air_cargo_terminal","operator_classification":"other","source_operator":"","source_region":"north-eastern-zone","source_layer":"transport_area","source_osm_id":"496910386","source_fclass":"airport","importance_rank":3,"importance":"national_core"},"geometry":{"type":"Point","coordinates":[92.0070366789366,24.3085982]}},{"type":"Feature","properties":{"id":"india-osm-logistics-southern-zone-transport-area-574968261","name":"Kalaburagi Airport","hub_type":"air_cargo_terminal","operator_classification":"other","source_operator":"","source_region":"southern-zone","source_layer":"transport_area","source_osm_id":"574968261","source_fclass":"airport","importance_rank":3,"importance":"national_core"},"geometry":{"type":"Point","coordinates":[76.95997156176,17.3064903]}},{"type":"Feature","properties":{"id":"india-osm-logistics-eastern-zone-transport-area-117609901","name":"Kalaikunda Air Force Station","hub_type":"air_cargo_terminal","operator_classification":"other","source_operator":"","source_region":"eastern-zone","source_layer":"transport_area","source_osm_id":"117609901","source_fclass":"airport","importance_rank":3,"importance":"national_core"},"geometry":{"type":"Point","coordinates":[87.21422729349302,22.3380379]}},{"type":"Feature","properties":{"id":"india-osm-logistics-northern-zone-transport-area-138959070","name":"Kalka","hub_type":"air_cargo_terminal","operator_classification":"other","source_operator":"","source_region":"northern-zone","source_layer":"transport_area","source_osm_id":"138959070","source_fclass":"airport","importance_rank":3,"importance":"national_core"},"geometry":{"type":"Point","coordinates":[76.88262807425781,30.8249757]}},{"type":"Feature","properties":{"id":"india-osm-logistics-north-eastern-zone-transport-area-138303290","name":"Kamalpur Airfield","hub_type":"air_cargo_terminal","operator_classification":"other","source_operator":"","source_region":"north-eastern-zone","source_layer":"transport_area","source_osm_id":"138303290","source_fclass":"airport","importance_rank":3,"importance":"national_core"},"geometry":{"type":"Point","coordinates":[91.81147900607664,24.13862135]}},{"type":"Feature","properties":{"id":"india-osm-logistics-western-zone-transport-area-91561459","name":"Kandla Airport","hub_type":"air_cargo_terminal","operator_classification":"other","source_operator":"","source_region":"western-zone","source_layer":"transport_area","source_osm_id":"91561459","source_fclass":"airport","importance_rank":3,"importance":"national_core"},"geometry":{"type":"Point","coordinates":[70.10308342930023,23.1135071]}},{"type":"Feature","properties":{"id":"india-osm-logistics-northern-zone-transport-area-158600215","name":"Kangra Airport, Gaggal","hub_type":"air_cargo_terminal","operator_classification":"other","source_operator":"","source_region":"northern-zone","source_layer":"transport_area","source_osm_id":"158600215","source_fclass":"airport","importance_rank":3,"importance":"national_core"},"geometry":{"type":"Point","coordinates":[76.26228625507407,32.16466135]}},{"type":"Feature","properties":{"id":"india-osm-logistics-southern-zone-transport-area-805245624","name":"Kannur International Airport","hub_type":"air_cargo_terminal","operator_classification":"other","source_operator":"","source_region":"southern-zone","source_layer":"transport_area","source_osm_id":"805245624","source_fclass":"airport","importance_rank":3,"importance":"national_core"},"geometry":{"type":"Point","coordinates":[75.54478488645225,11.9172722]}},{"type":"Feature","properties":{"id":"india-osm-logistics-central-zone-transport-area-34863658","name":"Kanpur Chakeri Airport","hub_type":"air_cargo_terminal","operator_classification":"other","source_operator":"","source_region":"central-zone","source_layer":"transport_area","source_osm_id":"34863658","source_fclass":"airport","importance_rank":3,"importance":"national_core"},"geometry":{"type":"Point","coordinates":[80.41535998330882,26.4054757]}},{"type":"Feature","properties":{"id":"india-osm-logistics-central-zone-transport-area-33102818","name":"Kanpur Civil Airport","hub_type":"air_cargo_terminal","operator_classification":"other","source_operator":"","source_region":"central-zone","source_layer":"transport_area","source_osm_id":"33102818","source_fclass":"airport","importance_rank":3,"importance":"national_core"},"geometry":{"type":"Point","coordinates":[80.36493382243131,26.439774]}},{"type":"Feature","properties":{"id":"india-osm-logistics-western-zone-transport-area-696330503","name":"Karad Airport","hub_type":"air_cargo_terminal","operator_classification":"other","source_operator":"","source_region":"western-zone","source_layer":"transport_area","source_osm_id":"696330503","source_fclass":"airport","importance_rank":3,"importance":"national_core"},"geometry":{"type":"Point","coordinates":[74.15777069662957,17.2857985]}},{"type":"Feature","properties":{"id":"india-osm-logistics-central-zone-transport-area-1096350077","name":"Kargi Road Airstrip","hub_type":"air_cargo_terminal","operator_classification":"other","source_operator":"","source_region":"central-zone","source_layer":"transport_area","source_osm_id":"1096350077","source_fclass":"airport","importance_rank":3,"importance":"national_core"},"geometry":{"type":"Point","coordinates":[82.02154755552218,22.24394005]}},{"type":"Feature","properties":{"id":"india-osm-logistics-northern-zone-transport-area-419057045","name":"Kargil Airport","hub_type":"air_cargo_terminal","operator_classification":"other","source_operator":"","source_region":"northern-zone","source_layer":"transport_area","source_osm_id":"419057045","source_fclass":"airport","importance_rank":3,"importance":"national_core"},"geometry":{"type":"Point","coordinates":[76.15523493699258,34.5234345]}},{"type":"Feature","properties":{"id":"india-osm-logistics-northern-zone-transport-area-228444197","name":"Karnal Flying Club","hub_type":"air_cargo_terminal","operator_classification":"other","source_operator":"","source_region":"northern-zone","source_layer":"transport_area","source_osm_id":"228444197","source_fclass":"airport","importance_rank":3,"importance":"national_core"},"geometry":{"type":"Point","coordinates":[77.03649489390278,29.7141955]}},{"type":"Feature","properties":{"id":"india-osm-logistics-eastern-zone-transport-area-440768843","name":"Kazi Nazrul Islam Airport","hub_type":"air_cargo_terminal","operator_classification":"other","source_operator":"","source_region":"eastern-zone","source_layer":"transport_area","source_osm_id":"440768843","source_fclass":"airport","importance_rank":3,"importance":"national_core"},"geometry":{"type":"Point","coordinates":[87.2411692735675,23.6247865]}},{"type":"Feature","properties":{"id":"india-osm-logistics-southern-zone-transport-area-252746837","name":"Kempegowda International Airport","hub_type":"air_cargo_terminal","operator_classification":"other","source_operator":"","source_region":"southern-zone","source_layer":"transport_area","source_osm_id":"252746837","source_fclass":"airport","importance_rank":3,"importance":"national_core"},"geometry":{"type":"Point","coordinates":[77.7074856433438,13.1976048]}},{"type":"Feature","properties":{"id":"india-osm-logistics-western-zone-transport-area-115711014","name":"Keshod","hub_type":"air_cargo_terminal","operator_classification":"other","source_operator":"","source_region":"western-zone","source_layer":"transport_area","source_osm_id":"115711014","source_fclass":"airport","importance_rank":3,"importance":"national_core"},"geometry":{"type":"Point","coordinates":[70.26789366226589,21.31486295]}},{"type":"Feature","properties":{"id":"india-osm-logistics-central-zone-transport-area-195439819","name":"Khajuraho Airport","hub_type":"air_cargo_terminal","operator_classification":"other","source_operator":"","source_region":"central-zone","source_layer":"transport_area","source_osm_id":"195439819","source_fclass":"airport","importance_rank":3,"importance":"national_core"},"geometry":{"type":"Point","coordinates":[79.91582702072975,24.813829300000002]}},{"type":"Feature","properties":{"id":"india-osm-logistics-western-zone-transport-area-197338497","name":"Khambhaliya Airstrip","hub_type":"air_cargo_terminal","operator_classification":"other","source_operator":"","source_region":"western-zone","source_layer":"transport_area","source_osm_id":"197338497","source_fclass":"airport","importance_rank":3,"importance":"national_core"},"geometry":{"type":"Point","coordinates":[69.6600802213661,22.24385185]}},{"type":"Feature","properties":{"id":"india-osm-logistics-central-zone-transport-area-506378487","name":"Khandwa Airstrip","hub_type":"air_cargo_terminal","operator_classification":"other","source_operator":"","source_region":"central-zone","source_layer":"transport_area","source_osm_id":"506378487","source_fclass":"airport","importance_rank":3,"importance":"national_core"},"geometry":{"type":"Point","coordinates":[76.33517083755065,21.857319099999998]}},{"type":"Feature","properties":{"id":"india-osm-logistics-western-zone-transport-area-160231793","name":"Khavda Abandoned Airstrip","hub_type":"air_cargo_terminal","operator_classification":"other","source_operator":"","source_region":"western-zone","source_layer":"transport_area","source_osm_id":"160231793","source_fclass":"airport","importance_rank":3,"importance":"national_core"},"geometry":{"type":"Point","coordinates":[69.72798397304646,23.8474821]}},{"type":"Feature","properties":{"id":"india-osm-logistics-north-eastern-zone-transport-area-138303288","name":"Khowai Airstrip","hub_type":"air_cargo_terminal","operator_classification":"other","source_operator":"","source_region":"north-eastern-zone","source_layer":"transport_area","source_osm_id":"138303288","source_fclass":"airport","importance_rank":3,"importance":"national_core"},"geometry":{"type":"Point","coordinates":[91.60401705299962,24.05962935]}},{"type":"Feature","properties":{"id":"india-osm-logistics-eastern-zone-transport-area-386499167","name":"Kishanganj Airport","hub_type":"air_cargo_terminal","operator_classification":"other","source_operator":"","source_region":"eastern-zone","source_layer":"transport_area","source_osm_id":"386499167","source_fclass":"airport","importance_rank":3,"importance":"national_core"},"geometry":{"type":"Point","coordinates":[87.93990437524226,26.07613475]}},{"type":"Feature","properties":{"id":"india-osm-logistics-northern-zone-transport-area-560895892","name":"Kishangarh Airport","hub_type":"air_cargo_terminal","operator_classification":"other","source_operator":"","source_region":"northern-zone","source_layer":"transport_area","source_osm_id":"560895892","source_fclass":"airport","importance_rank":3,"importance":"national_core"},"geometry":{"type":"Point","coordinates":[74.81260202239429,26.58696425]}},{"type":"Feature","properties":{"id":"india-osm-logistics-southern-zone-transport-area-829054237","name":"Kolar Air Field","hub_type":"air_cargo_terminal","operator_classification":"other","source_operator":"","source_region":"southern-zone","source_layer":"transport_area","source_osm_id":"829054237","source_fclass":"airport","importance_rank":3,"importance":"national_core"},"geometry":{"type":"Point","coordinates":[78.16397919285549,13.188935950000001]}},{"type":"Feature","properties":{"id":"india-osm-logistics-central-zone-transport-area-136512874","name":"Korba Airstrip","hub_type":"air_cargo_terminal","operator_classification":"other","source_operator":"","source_region":"central-zone","source_layer":"transport_area","source_osm_id":"136512874","source_fclass":"airport","importance_rank":3,"importance":"national_core"},"geometry":{"type":"Point","coordinates":[82.71958448458088,22.41415205]}},{"type":"Feature","properties":{"id":"india-osm-logistics-northern-zone-transport-area-42219716","name":"Kota Airport","hub_type":"air_cargo_terminal","operator_classification":"other","source_operator":"","source_region":"northern-zone","source_layer":"transport_area","source_osm_id":"42219716","source_fclass":"airport","importance_rank":3,"importance":"national_core"},"geometry":{"type":"Point","coordinates":[75.84543099482002,25.160737249999997]}},{"type":"Feature","properties":{"id":"india-osm-logistics-southern-zone-transport-point-747173726","name":"Kovilpatti","hub_type":"air_cargo_terminal","operator_classification":"other","source_operator":"","source_region":"southern-zone","source_layer":"transport_point","source_osm_id":"747173726","source_fclass":"airport","importance_rank":3,"importance":"national_core"},"geometry":{"type":"Point","coordinates":[77.8200061,9.1513936]}},{"type":"Feature","properties":{"id":"india-osm-logistics-southern-zone-transport-area-17250056","name":"Kurnool Airport","hub_type":"air_cargo_terminal","operator_classification":"other","source_operator":"","source_region":"southern-zone","source_layer":"transport_area","source_osm_id":"17250056","source_fclass":"airport","importance_rank":3,"importance":"national_core"},"geometry":{"type":"Point","coordinates":[78.16757911225824,15.715859250000001]}},{"type":"Feature","properties":{"id":"india-osm-logistics-central-zone-transport-area-340435198","name":"Kushinagar International Airport","hub_type":"air_cargo_terminal","operator_classification":"other","source_operator":"","source_region":"central-zone","source_layer":"transport_area","source_osm_id":"340435198","source_fclass":"airport","importance_rank":3,"importance":"national_core"},"geometry":{"type":"Point","coordinates":[83.88993717744067,26.776190999999997]}},{"type":"Feature","properties":{"id":"india-osm-logistics-central-zone-transport-area-26648704","name":"Lal Bahadur Shastri International Airport","hub_type":"air_cargo_terminal","operator_classification":"other","source_operator":"","source_region":"central-zone","source_layer":"transport_area","source_osm_id":"26648704","source_fclass":"airport","importance_rank":3,"importance":"national_core"},"geometry":{"type":"Point","coordinates":[82.86359940219003,25.4509975]}},{"type":"Feature","properties":{"id":"india-osm-logistics-northern-zone-transport-area-297230439","name":"Lalgarh Airstrip","hub_type":"air_cargo_terminal","operator_classification":"other","source_operator":"","source_region":"northern-zone","source_layer":"transport_area","source_osm_id":"297230439","source_fclass":"airport","importance_rank":3,"importance":"national_core"},"geometry":{"type":"Point","coordinates":[74.02595799921455,29.85058825]}},{"type":"Feature","properties":{"id":"india-osm-logistics-central-zone-transport-area-120223222","name":"Lalitpur Airstrip","hub_type":"air_cargo_terminal","operator_classification":"other","source_operator":"","source_region":"central-zone","source_layer":"transport_area","source_osm_id":"120223222","source_fclass":"airport","importance_rank":3,"importance":"national_core"},"geometry":{"type":"Point","coordinates":[78.42123098795737,24.7159866]}},{"type":"Feature","properties":{"id":"india-osm-logistics-western-zone-transport-area-202368156","name":"Latur Airport","hub_type":"air_cargo_terminal","operator_classification":"other","source_operator":"","source_region":"western-zone","source_layer":"transport_area","source_osm_id":"202368156","source_fclass":"airport","importance_rank":3,"importance":"national_core"},"geometry":{"type":"Point","coordinates":[76.46537025646941,18.41270495]}},{"type":"Feature","properties":{"id":"india-osm-logistics-north-eastern-zone-transport-area-1069828609","name":"Ledo Airfield (Abandoned)","hub_type":"air_cargo_terminal","operator_classification":"other","source_operator":"","source_region":"north-eastern-zone","source_layer":"transport_area","source_osm_id":"1069828609","source_fclass":"airport","importance_rank":3,"importance":"national_core"},"geometry":{"type":"Point","coordinates":[95.73776625074683,27.30217185]}},{"type":"Feature","properties":{"id":"india-osm-logistics-northern-zone-transport-area-104798732","name":"Leh Kushok Bakula Rimpochee Airport","hub_type":"air_cargo_terminal","operator_classification":"other","source_operator":"","source_region":"northern-zone","source_layer":"transport_area","source_osm_id":"104798732","source_fclass":"airport","importance_rank":3,"importance":"national_core"},"geometry":{"type":"Point","coordinates":[77.54709128588135,34.13526]}},{"type":"Feature","properties":{"id":"india-osm-logistics-north-eastern-zone-transport-area-157598152","name":"Lilabari Airport","hub_type":"air_cargo_terminal","operator_classification":"other","source_operator":"","source_region":"north-eastern-zone","source_layer":"transport_area","source_osm_id":"157598152","source_fclass":"airport","importance_rank":3,"importance":"national_core"},"geometry":{"type":"Point","coordinates":[94.09734635719008,27.2961368]}},{"type":"Feature","properties":{"id":"india-osm-logistics-north-eastern-zone-transport-area-130513487","name":"Lokpriya Gopinath Bordoloi International Airport","hub_type":"air_cargo_terminal","operator_classification":"other","source_operator":"","source_region":"north-eastern-zone","source_layer":"transport_area","source_osm_id":"130513487","source_fclass":"airport","importance_rank":3,"importance":"national_core"},"geometry":{"type":"Point","coordinates":[91.58307280213833,26.111372250000002]}},{"type":"Feature","properties":{"id":"india-osm-logistics-central-zone-transport-area-212443188","name":"Lucknow Air Force Station","hub_type":"air_cargo_terminal","operator_classification":"other","source_operator":"","source_region":"central-zone","source_layer":"transport_area","source_osm_id":"212443188","source_fclass":"airport","importance_rank":3,"importance":"national_core"},"geometry":{"type":"Point","coordinates":[80.89276771079606,26.9873655]}},{"type":"Feature","properties":{"id":"india-osm-logistics-central-zone-transport-area-1046334295","name":"Maa Ganga Airport","hub_type":"air_cargo_terminal","operator_classification":"other","source_operator":"","source_region":"central-zone","source_layer":"transport_area","source_osm_id":"1046334295","source_fclass":"airport","importance_rank":3,"importance":"national_core"},"geometry":{"type":"Point","coordinates":[78.32363211366135,30.5827541]}},{"type":"Feature","properties":{"id":"india-osm-logistics-north-eastern-zone-transport-area-590588277","name":"Machuka Advanced Landing Ground","hub_type":"air_cargo_terminal","operator_classification":"other","source_operator":"","source_region":"north-eastern-zone","source_layer":"transport_area","source_osm_id":"590588277","source_fclass":"airport","importance_rank":3,"importance":"national_core"},"geometry":{"type":"Point","coordinates":[94.12708800210982,28.60248155]}},{"type":"Feature","properties":{"id":"india-osm-logistics-eastern-zone-transport-area-1568517","name":"Madhubani","hub_type":"air_cargo_terminal","operator_classification":"other","source_operator":"","source_region":"eastern-zone","source_layer":"transport_area","source_osm_id":"1568517","source_fclass":"airport","importance_rank":3,"importance":"national_core"},"geometry":{"type":"Point","coordinates":[86.0603894047025,26.3290746]}},{"type":"Feature","properties":{"id":"india-osm-logistics-southern-zone-transport-area-97227491","name":"Madurai International Airport","hub_type":"air_cargo_terminal","operator_classification":"other","source_operator":"","source_region":"southern-zone","source_layer":"transport_area","source_osm_id":"97227491","source_fclass":"airport","importance_rank":3,"importance":"national_core"},"geometry":{"type":"Point","coordinates":[78.09391774820247,9.836260750000001]}},{"type":"Feature","properties":{"id":"india-osm-logistics-north-eastern-zone-transport-area-129773755","name":"Maharaja Bir Bikram Airport","hub_type":"air_cargo_terminal","operator_classification":"other","source_operator":"","source_region":"north-eastern-zone","source_layer":"transport_area","source_osm_id":"129773755","source_fclass":"airport","importance_rank":3,"importance":"national_core"},"geometry":{"type":"Point","coordinates":[91.24145180676715,23.88811785]}},{"type":"Feature","properties":{"id":"india-osm-logistics-northern-zone-transport-area-13738248","name":"Maharana Pratap Airport","hub_type":"air_cargo_terminal","operator_classification":"other","source_operator":"","source_region":"northern-zone","source_layer":"transport_area","source_osm_id":"13738248","source_fclass":"airport","importance_rank":3,"importance":"national_core"},"geometry":{"type":"Point","coordinates":[73.89416724150041,24.617410900000003]}},{"type":"Feature","properties":{"id":"india-osm-logistics-central-zone-transport-area-300401585","name":"Maharishi Valmiki International Airport","hub_type":"air_cargo_terminal","operator_classification":"other","source_operator":"","source_region":"central-zone","source_layer":"transport_area","source_osm_id":"300401585","source_fclass":"airport","importance_rank":3,"importance":"national_core"},"geometry":{"type":"Point","coordinates":[82.15760803583365,26.74891755]}},{"type":"Feature","properties":{"id":"india-osm-logistics-eastern-zone-transport-area-129637500","name":"Malda Airport","hub_type":"air_cargo_terminal","operator_classification":"other","source_operator":"","source_region":"eastern-zone","source_layer":"transport_area","source_osm_id":"129637500","source_fclass":"airport","importance_rank":3,"importance":"national_core"},"geometry":{"type":"Point","coordinates":[88.12513412897599,25.00990005]}},{"type":"Feature","properties":{"id":"india-osm-logistics-eastern-zone-transport-area-1339108154","name":"Malkangiri Airport","hub_type":"air_cargo_terminal","operator_classification":"other","source_operator":"","source_region":"eastern-zone","source_layer":"transport_area","source_osm_id":"1339108154","source_fclass":"airport","importance_rank":3,"importance":"national_core"},"geometry":{"type":"Point","coordinates":[81.92252074878202,18.328482100000002]}},{"type":"Feature","properties":{"id":"india-osm-logistics-central-zone-transport-area-1244567182","name":"Mandla Air Strip","hub_type":"air_cargo_terminal","operator_classification":"other","source_operator":"","source_region":"central-zone","source_layer":"transport_area","source_osm_id":"1244567182","source_fclass":"airport","importance_rank":3,"importance":"national_core"},"geometry":{"type":"Point","coordinates":[80.3289834522425,22.500886649999998]}},{"type":"Feature","properties":{"id":"india-osm-logistics-western-zone-transport-area-139424002","name":"Mandvi Airstrip","hub_type":"air_cargo_terminal","operator_classification":"other","source_operator":"","source_region":"western-zone","source_layer":"transport_area","source_osm_id":"139424002","source_fclass":"airport","importance_rank":3,"importance":"national_core"},"geometry":{"type":"Point","coordinates":[69.30618924835089,22.83993495]}},{"type":"Feature","properties":{"id":"india-osm-logistics-southern-zone-transport-area-26346595","name":"Mangalore International Airport","hub_type":"air_cargo_terminal","operator_classification":"other","source_operator":"","source_region":"southern-zone","source_layer":"transport_area","source_osm_id":"26346595","source_fclass":"airport","importance_rank":3,"importance":"national_core"},"geometry":{"type":"Point","coordinates":[74.884718224624,12.95461775]}},{"type":"Feature","properties":{"id":"india-osm-logistics-western-zone-transport-area-952223958","name":"Manohar International Airport","hub_type":"air_cargo_terminal","operator_classification":"other","source_operator":"","source_region":"western-zone","source_layer":"transport_area","source_osm_id":"952223958","source_fclass":"airport","importance_rank":3,"importance":"national_core"},"geometry":{"type":"Point","coordinates":[73.86900846084015,15.736723999999999]}},{"type":"Feature","properties":{"id":"india-osm-logistics-central-zone-transport-area-1093235193","name":"Marhamtabad Airport","hub_type":"air_cargo_terminal","operator_classification":"other","source_operator":"","source_region":"central-zone","source_layer":"transport_area","source_osm_id":"1093235193","source_fclass":"airport","importance_rank":3,"importance":"national_core"},"geometry":{"type":"Point","coordinates":[79.96863647655655,26.581829]}},{"type":"Feature","properties":{"id":"india-osm-logistics-western-zone-transport-area-115710999","name":"Mehsana Airport","hub_type":"air_cargo_terminal","operator_classification":"other","source_operator":"","source_region":"western-zone","source_layer":"transport_area","source_osm_id":"115710999","source_fclass":"airport","importance_rank":3,"importance":"national_core"},"geometry":{"type":"Point","coordinates":[72.37415155167554,23.601262849999998]}},{"type":"Feature","properties":{"id":"india-osm-logistics-north-eastern-zone-transport-point-1425184439","name":"Mijicajan Airstrip","hub_type":"air_cargo_terminal","operator_classification":"other","source_operator":"","source_region":"north-eastern-zone","source_layer":"transport_point","source_osm_id":"1425184439","source_fclass":"airport","importance_rank":3,"importance":"national_core"},"geometry":{"type":"Point","coordinates":[93.2164283,26.823096]}},{"type":"Feature","properties":{"id":"india-osm-logistics-western-zone-transport-area-91576664","name":"Mithapur Airstrip","hub_type":"air_cargo_terminal","operator_classification":"other","source_operator":"","source_region":"western-zone","source_layer":"transport_area","source_osm_id":"91576664","source_fclass":"airport","importance_rank":3,"importance":"national_core"},"geometry":{"type":"Point","coordinates":[68.99402944685056,22.412052600000003]}},{"type":"Feature","properties":{"id":"india-osm-logistics-central-zone-transport-area-454670262","name":"Mohamedabad Airfield","hub_type":"air_cargo_terminal","operator_classification":"other","source_operator":"","source_region":"central-zone","source_layer":"transport_area","source_osm_id":"454670262","source_fclass":"airport","importance_rank":3,"importance":"national_core"},"geometry":{"type":"Point","coordinates":[79.45172925687481,27.3161652]}},{"type":"Feature","properties":{"id":"india-osm-logistics-central-zone-transport-area-1303128757","name":"Muirpur Airstrip","hub_type":"air_cargo_terminal","operator_classification":"other","source_operator":"","source_region":"central-zone","source_layer":"transport_area","source_osm_id":"1303128757","source_fclass":"airport","importance_rank":3,"importance":"national_core"},"geometry":{"type":"Point","coordinates":[83.03977741895328,24.125101]}},{"type":"Feature","properties":{"id":"india-osm-logistics-western-zone-transport-area-233899589","name":"Mundra Airport","hub_type":"air_cargo_terminal","operator_classification":"other","source_operator":"","source_region":"western-zone","source_layer":"transport_area","source_osm_id":"233899589","source_fclass":"airport","importance_rank":3,"importance":"national_core"},"geometry":{"type":"Point","coordinates":[69.76531878246409,22.8352918]}},{"type":"Feature","properties":{"id":"india-osm-logistics-eastern-zone-transport-area-553033924","name":"Munger AIrfield","hub_type":"air_cargo_terminal","operator_classification":"other","source_operator":"","source_region":"eastern-zone","source_layer":"transport_area","source_osm_id":"553033924","source_fclass":"airport","importance_rank":3,"importance":"national_core"},"geometry":{"type":"Point","coordinates":[86.48336875988272,25.34596895]}},{"type":"Feature","properties":{"id":"india-osm-logistics-eastern-zone-transport-area-110558960","name":"Muzzafarpur Airport","hub_type":"air_cargo_terminal","operator_classification":"other","source_operator":"","source_region":"eastern-zone","source_layer":"transport_area","source_osm_id":"110558960","source_fclass":"airport","importance_rank":3,"importance":"national_core"},"geometry":{"type":"Point","coordinates":[85.31320562799439,26.11806255]}},{"type":"Feature","properties":{"id":"india-osm-logistics-southern-zone-transport-area-166869574","name":"Mysore Mandakalli Airport","hub_type":"air_cargo_terminal","operator_classification":"other","source_operator":"","source_region":"southern-zone","source_layer":"transport_area","source_osm_id":"166869574","source_fclass":"airport","importance_rank":3,"importance":"national_core"},"geometry":{"type":"Point","coordinates":[76.65265934350887,12.23020605]}},{"type":"Feature","properties":{"id":"india-osm-logistics-southern-zone-transport-area-1030309191","name":"NCC Airstrip","hub_type":"air_cargo_terminal","operator_classification":"other","source_operator":"","source_region":"southern-zone","source_layer":"transport_area","source_osm_id":"1030309191","source_fclass":"airport","importance_rank":3,"importance":"national_core"},"geometry":{"type":"Point","coordinates":[77.09593917670716,9.52185475]}},{"type":"Feature","properties":{"id":"india-osm-logistics-western-zone-transport-area-86918812","name":"NDA Gliderdrome","hub_type":"air_cargo_terminal","operator_classification":"other","source_operator":"","source_region":"western-zone","source_layer":"transport_area","source_osm_id":"86918812","source_fclass":"airport","importance_rank":3,"importance":"national_core"},"geometry":{"type":"Point","coordinates":[73.78237772108633,18.473392699999998]}},{"type":"Feature","properties":{"id":"india-osm-logistics-southern-zone-transport-area-271111238","name":"Nadargul","hub_type":"air_cargo_terminal","operator_classification":"other","source_operator":"","source_region":"southern-zone","source_layer":"transport_area","source_osm_id":"271111238","source_fclass":"airport","importance_rank":3,"importance":"national_core"},"geometry":{"type":"Point","coordinates":[78.56149164329668,17.30554815]}},{"type":"Feature","properties":{"id":"india-osm-logistics-southern-zone-transport-area-101362695","name":"Nagarjuna Sagar","hub_type":"air_cargo_terminal","operator_classification":"other","source_operator":"","source_region":"southern-zone","source_layer":"transport_area","source_osm_id":"101362695","source_fclass":"airport","importance_rank":3,"importance":"national_core"},"geometry":{"type":"Point","coordinates":[79.31831542373827,16.5416772]}},{"type":"Feature","properties":{"id":"india-osm-logistics-northern-zone-transport-area-160231831","name":"Nagaur Airstrip","hub_type":"air_cargo_terminal","operator_classification":"other","source_operator":"","source_region":"northern-zone","source_layer":"transport_area","source_osm_id":"160231831","source_fclass":"airport","importance_rank":3,"importance":"national_core"},"geometry":{"type":"Point","coordinates":[73.71370294747337,27.206717400000002]}},{"type":"Feature","properties":{"id":"india-osm-logistics-north-eastern-zone-transport-area-157575688","name":"Naharlagun Heliport","hub_type":"air_cargo_terminal","operator_classification":"other","source_operator":"","source_region":"north-eastern-zone","source_layer":"transport_area","source_osm_id":"157575688","source_fclass":"airport","importance_rank":3,"importance":"national_core"},"geometry":{"type":"Point","coordinates":[93.6961932044778,27.11136595]}},{"type":"Feature","properties":{"id":"india-osm-logistics-central-zone-transport-point-910548641","name":"Naini Airfield (historical)","hub_type":"air_cargo_terminal","operator_classification":"other","source_operator":"","source_region":"central-zone","source_layer":"transport_point","source_osm_id":"910548641","source_fclass":"airport","importance_rank":3,"importance":"national_core"},"geometry":{"type":"Point","coordinates":[81.8418173,25.3242387]}},{"type":"Feature","properties":{"id":"india-osm-logistics-western-zone-transport-area-138755258","name":"Naliya Air Force Station","hub_type":"air_cargo_terminal","operator_classification":"other","source_operator":"","source_region":"western-zone","source_layer":"transport_area","source_osm_id":"138755258","source_fclass":"airport","importance_rank":3,"importance":"national_core"},"geometry":{"type":"Point","coordinates":[68.89466121032169,23.222208600000002]}},{"type":"Feature","properties":{"id":"india-osm-logistics-western-zone-transport-area-110356237","name":"Nanded Shri Guru Gobind Singh Ji Airport","hub_type":"air_cargo_terminal","operator_classification":"other","source_operator":"","source_region":"western-zone","source_layer":"transport_area","source_osm_id":"110356237","source_fclass":"airport","importance_rank":3,"importance":"national_core"},"geometry":{"type":"Point","coordinates":[77.3229711209002,19.181789000000002]}},{"type":"Feature","properties":{"id":"india-osm-logistics-northern-zone-transport-area-161422253","name":"Narnaul Airport","hub_type":"air_cargo_terminal","operator_classification":"other","source_operator":"","source_region":"northern-zone","source_layer":"transport_area","source_osm_id":"161422253","source_fclass":"airport","importance_rank":3,"importance":"national_core"},"geometry":{"type":"Point","coordinates":[76.20504535441506,28.074319199999998]}},{"type":"Feature","properties":{"id":"india-osm-logistics-western-zone-transport-area-1183562361","name":"Nashik International Airport","hub_type":"air_cargo_terminal","operator_classification":"other","source_operator":"","source_region":"western-zone","source_layer":"transport_area","source_osm_id":"1183562361","source_fclass":"airport","importance_rank":3,"importance":"national_core"},"geometry":{"type":"Point","coordinates":[73.89639986517426,20.113452549999998]}},{"type":"Feature","properties":{"id":"india-osm-logistics-southern-zone-transport-point-9333301848","name":"Naval Air Station","hub_type":"air_cargo_terminal","operator_classification":"other","source_operator":"","source_region":"southern-zone","source_layer":"transport_point","source_osm_id":"9333301848","source_fclass":"airport","importance_rank":3,"importance":"national_core"},"geometry":{"type":"Point","coordinates":[92.7311771,11.6455322]}},{"type":"Feature","properties":{"id":"india-osm-logistics-western-zone-transport-area-455547086","name":"Navi Mumbai International Airport","hub_type":"air_cargo_terminal","operator_classification":"other","source_operator":"","source_region":"western-zone","source_layer":"transport_area","source_osm_id":"455547086","source_fclass":"airport","importance_rank":3,"importance":"national_core"},"geometry":{"type":"Point","coordinates":[73.06574842434256,18.991351299999998]}},{"type":"Feature","properties":{"id":"india-osm-logistics-eastern-zone-transport-area-64689452","name":"Netaji Subhash Chandra Bose International Airport","hub_type":"air_cargo_terminal","operator_classification":"other","source_operator":"","source_region":"eastern-zone","source_layer":"transport_area","source_osm_id":"64689452","source_fclass":"airport","importance_rank":3,"importance":"national_core"},"geometry":{"type":"Point","coordinates":[88.44672447479577,22.6564623]}},{"type":"Feature","properties":{"id":"india-osm-logistics-southern-zone-transport-area-180080749","name":"Neyveli Airport","hub_type":"air_cargo_terminal","operator_classification":"other","source_operator":"","source_region":"southern-zone","source_layer":"transport_area","source_osm_id":"180080749","source_fclass":"airport","importance_rank":3,"importance":"national_core"},"geometry":{"type":"Point","coordinates":[79.52739782705439,11.61315575]}},{"type":"Feature","properties":{"id":"india-osm-logistics-central-zone-transport-area-128763606","name":"Nimach","hub_type":"air_cargo_terminal","operator_classification":"other","source_operator":"","source_region":"central-zone","source_layer":"transport_area","source_osm_id":"128763606","source_fclass":"airport","importance_rank":3,"importance":"national_core"},"geometry":{"type":"Point","coordinates":[74.86934609301662,24.432629249999998]}},{"type":"Feature","properties":{"id":"india-osm-logistics-northern-zone-transport-area-128763606","name":"Nimach","hub_type":"air_cargo_terminal","operator_classification":"other","source_operator":"","source_region":"northern-zone","source_layer":"transport_area","source_osm_id":"128763606","source_fclass":"airport","importance_rank":3,"importance":"national_core"},"geometry":{"type":"Point","coordinates":[74.86934609301662,24.432629249999998]}},{"type":"Feature","properties":{"id":"india-osm-logistics-central-zone-transport-area-1089989191","name":"Noida International Airport","hub_type":"air_cargo_terminal","operator_classification":"other","source_operator":"","source_region":"central-zone","source_layer":"transport_area","source_osm_id":"1089989191","source_fclass":"airport","importance_rank":3,"importance":"national_core"},"geometry":{"type":"Point","coordinates":[77.60893525157809,28.1716887]}},{"type":"Feature","properties":{"id":"india-osm-logistics-northern-zone-transport-area-139088751","name":"Noon Airstrip","hub_type":"air_cargo_terminal","operator_classification":"other","source_operator":"","source_region":"northern-zone","source_layer":"transport_area","source_osm_id":"139088751","source_fclass":"airport","importance_rank":3,"importance":"national_core"},"geometry":{"type":"Point","coordinates":[72.53298927905011,25.1505371]}},{"type":"Feature","properties":{"id":"india-osm-logistics-eastern-zone-transport-point-747215270","name":"Nuagaon Airstrip","hub_type":"air_cargo_terminal","operator_classification":"other","source_operator":"","source_region":"eastern-zone","source_layer":"transport_point","source_osm_id":"747215270","source_fclass":"airport","importance_rank":3,"importance":"national_core"},"geometry":{"type":"Point","coordinates":[83.4469754,20.5123864]}},{"type":"Feature","properties":{"id":"india-osm-logistics-eastern-zone-transport-area-505458422","name":"Nuapada Airstrip","hub_type":"air_cargo_terminal","operator_classification":"other","source_operator":"","source_region":"eastern-zone","source_layer":"transport_area","source_osm_id":"505458422","source_fclass":"airport","importance_rank":3,"importance":"national_core"},"geometry":{"type":"Point","coordinates":[82.51964603745435,20.86959405]}},{"type":"Feature","properties":{"id":"india-osm-logistics-western-zone-transport-area-958045672","name":"Ojhar Air Force Station","hub_type":"air_cargo_terminal","operator_classification":"other","source_operator":"","source_region":"western-zone","source_layer":"transport_area","source_osm_id":"958045672","source_fclass":"airport","importance_rank":3,"importance":"national_core"},"geometry":{"type":"Point","coordinates":[73.92576906519245,20.1142131]}},{"type":"Feature","properties":{"id":"india-osm-logistics-northern-zone-transport-point-747077944","name":"Ondwa Airport","hub_type":"air_cargo_terminal","operator_classification":"other","source_operator":"","source_region":"northern-zone","source_layer":"transport_point","source_osm_id":"747077944","source_fclass":"airport","importance_rank":3,"importance":"national_core"},"geometry":{"type":"Point","coordinates":[74.6119255,25.1427315]}},{"type":"Feature","properties":{"id":"india-osm-logistics-western-zone-transport-area-1000606702","name":"Osmanabad","hub_type":"air_cargo_terminal","operator_classification":"other","source_operator":"","source_region":"western-zone","source_layer":"transport_area","source_osm_id":"1000606702","source_fclass":"airport","importance_rank":3,"importance":"national_core"},"geometry":{"type":"Point","coordinates":[76.05881660170444,18.28224535]}},{"type":"Feature","properties":{"id":"india-osm-logistics-northern-zone-transport-area-122563476","name":"PAP Complex Heliport","hub_type":"air_cargo_terminal","operator_classification":"other","source_operator":"","source_region":"northern-zone","source_layer":"transport_area","source_osm_id":"122563476","source_fclass":"airport","importance_rank":3,"importance":"national_core"},"geometry":{"type":"Point","coordinates":[75.60839774954198,31.291046299999998]}},{"type":"Feature","properties":{"id":"india-osm-logistics-north-eastern-zone-transport-area-1333442739","name":"Pakyong Airport","hub_type":"air_cargo_terminal","operator_classification":"other","source_operator":"","source_region":"north-eastern-zone","source_layer":"transport_area","source_osm_id":"1333442739","source_fclass":"airport","importance_rank":3,"importance":"national_core"},"geometry":{"type":"Point","coordinates":[88.58867639439526,27.23291275]}},{"type":"Feature","properties":{"id":"india-osm-logistics-northern-zone-transport-area-260067984","name":"Palam AFS","hub_type":"air_cargo_terminal","operator_classification":"other","source_operator":"","source_region":"northern-zone","source_layer":"transport_area","source_osm_id":"260067984","source_fclass":"airport","importance_rank":3,"importance":"national_core"},"geometry":{"type":"Point","coordinates":[77.10978220999614,28.57502535]}},{"type":"Feature","properties":{"id":"india-osm-logistics-central-zone-transport-area-136086046","name":"Palia Kalan Airfield","hub_type":"air_cargo_terminal","operator_classification":"other","source_operator":"","source_region":"central-zone","source_layer":"transport_area","source_osm_id":"136086046","source_fclass":"airport","importance_rank":3,"importance":"national_core"},"geometry":{"type":"Point","coordinates":[80.57322881003967,28.4687941]}},{"type":"Feature","properties":{"id":"india-osm-logistics-western-zone-transport-area-658169567","name":"Palus Airfield","hub_type":"air_cargo_terminal","operator_classification":"other","source_operator":"","source_region":"western-zone","source_layer":"transport_area","source_osm_id":"658169567","source_fclass":"airport","importance_rank":3,"importance":"national_core"},"geometry":{"type":"Point","coordinates":[74.44776445906096,17.1117541]}},{"type":"Feature","properties":{"id":"india-osm-logistics-eastern-zone-transport-point-9818895877","name":"Pandaveswar Airfield (Abandoned)","hub_type":"air_cargo_terminal","operator_classification":"other","source_operator":"","source_region":"eastern-zone","source_layer":"transport_point","source_osm_id":"9818895877","source_fclass":"airport","importance_rank":3,"importance":"national_core"},"geometry":{"type":"Point","coordinates":[87.3468355,23.6379076]}},{"type":"Feature","properties":{"id":"india-osm-logistics-central-zone-transport-area-193330838","name":"Pantnagar Airport","hub_type":"air_cargo_terminal","operator_classification":"other","source_operator":"","source_region":"central-zone","source_layer":"transport_area","source_osm_id":"193330838","source_fclass":"airport","importance_rank":3,"importance":"national_core"},"geometry":{"type":"Point","coordinates":[79.47185127989417,29.03307625]}},{"type":"Feature","properties":{"id":"india-osm-logistics-northern-zone-transport-point-9360975134","name":"Parma Valley ALG","hub_type":"air_cargo_terminal","operator_classification":"other","source_operator":"","source_region":"northern-zone","source_layer":"transport_point","source_osm_id":"9360975134","source_fclass":"airport","importance_rank":3,"importance":"national_core"},"geometry":{"type":"Point","coordinates":[78.324187,33.8385806]}},{"type":"Feature","properties":{"id":"india-osm-logistics-north-eastern-zone-transport-area-157708626","name":"Pasighat Airport","hub_type":"air_cargo_terminal","operator_classification":"other","source_operator":"","source_region":"north-eastern-zone","source_layer":"transport_area","source_osm_id":"157708626","source_fclass":"airport","importance_rank":3,"importance":"national_core"},"geometry":{"type":"Point","coordinates":[95.33636942119445,28.06489315]}},{"type":"Feature","properties":{"id":"india-osm-logistics-northern-zone-transport-area-297287260","name":"Pathankot Air Force Station","hub_type":"air_cargo_terminal","operator_classification":"other","source_operator":"","source_region":"northern-zone","source_layer":"transport_area","source_osm_id":"297287260","source_fclass":"airport","importance_rank":3,"importance":"national_core"},"geometry":{"type":"Point","coordinates":[75.63287694903185,32.23798645]}},{"type":"Feature","properties":{"id":"india-osm-logistics-northern-zone-transport-area-133808768","name":"Patiala Aviation Academy","hub_type":"air_cargo_terminal","operator_classification":"other","source_operator":"","source_region":"northern-zone","source_layer":"transport_area","source_osm_id":"133808768","source_fclass":"airport","importance_rank":3,"importance":"national_core"},"geometry":{"type":"Point","coordinates":[76.36180199695232,30.31575715]}},{"type":"Feature","properties":{"id":"india-osm-logistics-north-eastern-zone-transport-area-455659322","name":"Pertabghur Airfield","hub_type":"air_cargo_terminal","operator_classification":"other","source_operator":"","source_region":"north-eastern-zone","source_layer":"transport_area","source_osm_id":"455659322","source_fclass":"airport","importance_rank":3,"importance":"national_core"},"geometry":{"type":"Point","coordinates":[93.07768279028522,26.7594937]}},{"type":"Feature","properties":{"id":"india-osm-logistics-northern-zone-transport-area-239587157","name":"Phalodi Air Force Station","hub_type":"air_cargo_terminal","operator_classification":"other","source_operator":"","source_region":"northern-zone","source_layer":"transport_area","source_osm_id":"239587157","source_fclass":"airport","importance_rank":3,"importance":"national_core"},"geometry":{"type":"Point","coordinates":[72.21185808623159,27.104903550000003]}},{"type":"Feature","properties":{"id":"india-osm-logistics-northern-zone-transport-area-115707371","name":"Phalodi Airstrip","hub_type":"air_cargo_terminal","operator_classification":"other","source_operator":"","source_region":"northern-zone","source_layer":"transport_area","source_osm_id":"115707371","source_fclass":"airport","importance_rank":3,"importance":"national_core"},"geometry":{"type":"Point","coordinates":[72.39099473093925,27.1119014]}},{"type":"Feature","properties":{"id":"india-osm-logistics-western-zone-transport-area-1246448724","name":"Phaltan Airfield","hub_type":"air_cargo_terminal","operator_classification":"other","source_operator":"","source_region":"western-zone","source_layer":"transport_area","source_osm_id":"1246448724","source_fclass":"airport","importance_rank":3,"importance":"national_core"},"geometry":{"type":"Point","coordinates":[74.42417471687057,17.9754267]}},{"type":"Feature","properties":{"id":"india-osm-logistics-eastern-zone-transport-point-3269960903","name":"Phulbani Airstrip","hub_type":"air_cargo_terminal","operator_classification":"other","source_operator":"","source_region":"eastern-zone","source_layer":"transport_point","source_osm_id":"3269960903","source_fclass":"airport","importance_rank":3,"importance":"national_core"},"geometry":{"type":"Point","coordinates":[84.2646873,20.4641278]}},{"type":"Feature","properties":{"id":"india-osm-logistics-eastern-zone-transport-point-2163894662","name":"Piardoba Airbase (Abandoned)","hub_type":"air_cargo_terminal","operator_classification":"other","source_operator":"","source_region":"eastern-zone","source_layer":"transport_point","source_osm_id":"2163894662","source_fclass":"airport","importance_rank":3,"importance":"national_core"},"geometry":{"type":"Point","coordinates":[87.2975893,22.9897098]}},{"type":"Feature","properties":{"id":"india-osm-logistics-northern-zone-transport-area-174083478","name":"Pilani New Airstrip","hub_type":"air_cargo_terminal","operator_classification":"other","source_operator":"","source_region":"northern-zone","source_layer":"transport_area","source_osm_id":"174083478","source_fclass":"airport","importance_rank":3,"importance":"national_core"},"geometry":{"type":"Point","coordinates":[75.5936391698007,28.34804935]}},{"type":"Feature","properties":{"id":"india-osm-logistics-central-zone-transport-area-97675121","name":"Pithoragarh","hub_type":"air_cargo_terminal","operator_classification":"other","source_operator":"","source_region":"central-zone","source_layer":"transport_area","source_osm_id":"97675121","source_fclass":"airport","importance_rank":3,"importance":"national_core"},"geometry":{"type":"Point","coordinates":[80.23737036620443,29.595376700000003]}},{"type":"Feature","properties":{"id":"india-osm-logistics-northern-zone-transport-area-519982131","name":"Pokhran Airfield","hub_type":"air_cargo_terminal","operator_classification":"other","source_operator":"","source_region":"northern-zone","source_layer":"transport_area","source_osm_id":"519982131","source_fclass":"airport","importance_rank":3,"importance":"national_core"},"geometry":{"type":"Point","coordinates":[71.35144094201408,27.086825400000002]}},{"type":"Feature","properties":{"id":"india-osm-logistics-southern-zone-transport-area-1177236426","name":"Pondicherry Airport","hub_type":"air_cargo_terminal","operator_classification":"other","source_operator":"","source_region":"southern-zone","source_layer":"transport_area","source_osm_id":"1177236426","source_fclass":"airport","importance_rank":3,"importance":"national_core"},"geometry":{"type":"Point","coordinates":[79.81655861772728,11.969338749999999]}},{"type":"Feature","properties":{"id":"india-osm-logistics-northern-zone-transport-area-102166379","name":"Poonch Airport","hub_type":"air_cargo_terminal","operator_classification":"other","source_operator":"","source_region":"northern-zone","source_layer":"transport_area","source_osm_id":"102166379","source_fclass":"airport","importance_rank":3,"importance":"national_core"},"geometry":{"type":"Point","coordinates":[74.08265248075861,33.771307449999995]}},{"type":"Feature","properties":{"id":"india-osm-logistics-western-zone-transport-area-91570432","name":"Porbandar","hub_type":"air_cargo_terminal","operator_classification":"other","source_operator":"","source_region":"western-zone","source_layer":"transport_area","source_osm_id":"91570432","source_fclass":"airport","importance_rank":3,"importance":"national_core"},"geometry":{"type":"Point","coordinates":[69.65653714152795,21.6505229]}},{"type":"Feature","properties":{"id":"india-osm-logistics-central-zone-transport-area-174093119","name":"Prithviganj Airstrap","hub_type":"air_cargo_terminal","operator_classification":"other","source_operator":"","source_region":"central-zone","source_layer":"transport_area","source_osm_id":"174093119","source_fclass":"airport","importance_rank":3,"importance":"national_core"},"geometry":{"type":"Point","coordinates":[82.02488100036365,25.85495235]}},{"type":"Feature","properties":{"id":"india-osm-logistics-north-eastern-zone-transport-area-455659317","name":"Pulbhari","hub_type":"air_cargo_terminal","operator_classification":"other","source_operator":"","source_region":"north-eastern-zone","source_layer":"transport_area","source_osm_id":"455659317","source_fclass":"airport","importance_rank":3,"importance":"national_core"},"geometry":{"type":"Point","coordinates":[92.7437963563583,26.83667955]}},{"type":"Feature","properties":{"id":"india-osm-logistics-western-zone-transport-point-13640070190","name":"Pune Airport","hub_type":"air_cargo_terminal","operator_classification":"other","source_operator":"","source_region":"western-zone","source_layer":"transport_point","source_osm_id":"13640070190","source_fclass":"airport","importance_rank":3,"importance":"national_core"},"geometry":{"type":"Point","coordinates":[73.9196126,18.5848515]}},{"type":"Feature","properties":{"id":"india-osm-logistics-western-zone-transport-area-481312177","name":"Pune International Airport","hub_type":"air_cargo_terminal","operator_classification":"other","source_operator":"","source_region":"western-zone","source_layer":"transport_area","source_osm_id":"481312177","source_fclass":"airport","importance_rank":3,"importance":"national_core"},"geometry":{"type":"Point","coordinates":[73.9182264958952,18.580374900000002]}},{"type":"Feature","properties":{"id":"india-osm-logistics-eastern-zone-transport-area-112488654","name":"Purnea Airport","hub_type":"air_cargo_terminal","operator_classification":"other","source_operator":"","source_region":"eastern-zone","source_layer":"transport_area","source_osm_id":"112488654","source_fclass":"airport","importance_rank":3,"importance":"national_core"},"geometry":{"type":"Point","coordinates":[87.41509956423866,25.76425665]}},{"type":"Feature","properties":{"id":"india-osm-logistics-eastern-zone-transport-point-1324232201","name":"RAF Garhbeta Abandoned Airbase","hub_type":"air_cargo_terminal","operator_classification":"other","source_operator":"","source_region":"eastern-zone","source_layer":"transport_point","source_osm_id":"1324232201","source_fclass":"airport","importance_rank":3,"importance":"national_core"},"geometry":{"type":"Point","coordinates":[87.3592689,22.7850054]}},{"type":"Feature","properties":{"id":"india-osm-logistics-southern-zone-transport-area-117563036","name":"RGIA Phase II","hub_type":"air_cargo_terminal","operator_classification":"other","source_operator":"","source_region":"southern-zone","source_layer":"transport_area","source_osm_id":"117563036","source_fclass":"airport","importance_rank":3,"importance":"national_core"},"geometry":{"type":"Point","coordinates":[78.41635669656668,17.251313449999998]}},{"type":"Feature","properties":{"id":"india-osm-logistics-central-zone-transport-area-174078220","name":"Rae Bareilly Fursatganj Airport","hub_type":"air_cargo_terminal","operator_classification":"other","source_operator":"","source_region":"central-zone","source_layer":"transport_area","source_osm_id":"174078220","source_fclass":"airport","importance_rank":3,"importance":"national_core"},"geometry":{"type":"Point","coordinates":[81.3809567121909,26.25019525]}},{"type":"Feature","properties":{"id":"india-osm-logistics-central-zone-transport-area-178644384","name":"Raigarh Airfield","hub_type":"air_cargo_terminal","operator_classification":"other","source_operator":"","source_region":"central-zone","source_layer":"transport_area","source_osm_id":"178644384","source_fclass":"airport","importance_rank":3,"importance":"national_core"},"geometry":{"type":"Point","coordinates":[83.36533523434872,21.821723749999997]}},{"type":"Feature","properties":{"id":"india-osm-logistics-eastern-zone-transport-area-1201152620","name":"Rairangpur Airstrip","hub_type":"air_cargo_terminal","operator_classification":"other","source_operator":"","source_region":"eastern-zone","source_layer":"transport_area","source_osm_id":"1201152620","source_fclass":"airport","importance_rank":3,"importance":"national_core"},"geometry":{"type":"Point","coordinates":[86.13509315396594,22.30580165]}},{"type":"Feature","properties":{"id":"india-osm-logistics-eastern-zone-transport-area-136162367","name":"Raisuna Airfield","hub_type":"air_cargo_terminal","operator_classification":"other","source_operator":"","source_region":"eastern-zone","source_layer":"transport_area","source_osm_id":"136162367","source_fclass":"airport","importance_rank":3,"importance":"national_core"},"geometry":{"type":"Point","coordinates":[85.5821069551254,21.69686515]}},{"type":"Feature","properties":{"id":"india-osm-logistics-central-zone-transport-area-19448273","name":"Raja Bhoj Airport","hub_type":"air_cargo_terminal","operator_classification":"other","source_operator":"","source_region":"central-zone","source_layer":"transport_area","source_osm_id":"19448273","source_fclass":"airport","importance_rank":3,"importance":"national_core"},"geometry":{"type":"Point","coordinates":[77.3303475910603,23.29016945]}},{"type":"Feature","properties":{"id":"india-osm-logistics-southern-zone-transport-area-135670403","name":"Rajahmundry Airport","hub_type":"air_cargo_terminal","operator_classification":"other","source_operator":"","source_region":"southern-zone","source_layer":"transport_area","source_osm_id":"135670403","source_fclass":"airport","importance_rank":3,"importance":"national_core"},"geometry":{"type":"Point","coordinates":[81.81810982520571,17.10498415]}},{"type":"Feature","properties":{"id":"india-osm-logistics-southern-zone-transport-area-10734455","name":"Rajiv Gandhi International Airport","hub_type":"air_cargo_terminal","operator_classification":"other","source_operator":"","source_region":"southern-zone","source_layer":"transport_area","source_osm_id":"10734455","source_fclass":"airport","importance_rank":3,"importance":"national_core"},"geometry":{"type":"Point","coordinates":[78.43178336758146,17.231163600000002]}},{"type":"Feature","properties":{"id":"india-osm-logistics-western-zone-transport-area-49607535","name":"Rajkot Airport","hub_type":"air_cargo_terminal","operator_classification":"other","source_operator":"","source_region":"western-zone","source_layer":"transport_area","source_osm_id":"49607535","source_fclass":"airport","importance_rank":3,"importance":"national_core"},"geometry":{"type":"Point","coordinates":[70.78124269532492,22.309404]}},{"type":"Feature","properties":{"id":"india-osm-logistics-western-zone-transport-area-1302318071","name":"Rajkot International Airport","hub_type":"air_cargo_terminal","operator_classification":"other","source_operator":"","source_region":"western-zone","source_layer":"transport_area","source_osm_id":"1302318071","source_fclass":"airport","importance_rank":3,"importance":"national_core"},"geometry":{"type":"Point","coordinates":[71.03809619835414,22.3823288]}},{"type":"Feature","properties":{"id":"india-osm-logistics-northern-zone-transport-area-102188537","name":"Rajouri Airport","hub_type":"air_cargo_terminal","operator_classification":"other","source_operator":"","source_region":"northern-zone","source_layer":"transport_area","source_osm_id":"102188537","source_fclass":"airport","importance_rank":3,"importance":"national_core"},"geometry":{"type":"Point","coordinates":[74.31531414763674,33.3775715]}},{"type":"Feature","properties":{"id":"india-osm-logistics-central-zone-transport-area-746056014","name":"Ramanujganj Airstrip","hub_type":"air_cargo_terminal","operator_classification":"other","source_operator":"","source_region":"central-zone","source_layer":"transport_area","source_osm_id":"746056014","source_fclass":"airport","importance_rank":3,"importance":"national_core"},"geometry":{"type":"Point","coordinates":[83.70899917887789,23.748995100000002]}},{"type":"Feature","properties":{"id":"india-osm-logistics-central-zone-transport-area-129560589","name":"Rampur Airfield","hub_type":"air_cargo_terminal","operator_classification":"other","source_operator":"","source_region":"central-zone","source_layer":"transport_area","source_osm_id":"129560589","source_fclass":"airport","importance_rank":3,"importance":"national_core"},"geometry":{"type":"Point","coordinates":[78.92818744066314,28.817186999999997]}},{"type":"Feature","properties":{"id":"india-osm-logistics-eastern-zone-transport-area-91609645","name":"Ranchi Birsa Munda Airport","hub_type":"air_cargo_terminal","operator_classification":"other","source_operator":"","source_region":"eastern-zone","source_layer":"transport_area","source_osm_id":"91609645","source_fclass":"airport","importance_rank":3,"importance":"national_core"},"geometry":{"type":"Point","coordinates":[85.32554620752549,23.31458225]}},{"type":"Feature","properties":{"id":"india-osm-logistics-eastern-zone-transport-area-246160414","name":"Rangai Lunda Air Strip","hub_type":"air_cargo_terminal","operator_classification":"other","source_operator":"","source_region":"eastern-zone","source_layer":"transport_area","source_osm_id":"246160414","source_fclass":"airport","importance_rank":3,"importance":"national_core"},"geometry":{"type":"Point","coordinates":[84.87683752559228,19.29787715]}},{"type":"Feature","properties":{"id":"india-osm-logistics-central-zone-transport-area-661816444","name":"Ratlam Airport","hub_type":"air_cargo_terminal","operator_classification":"other","source_operator":"","source_region":"central-zone","source_layer":"transport_area","source_osm_id":"661816444","source_fclass":"airport","importance_rank":3,"importance":"national_core"},"geometry":{"type":"Point","coordinates":[75.02561328246827,23.38123315]}},{"type":"Feature","properties":{"id":"india-osm-logistics-western-zone-transport-area-113661409","name":"Ratnagiri Airport","hub_type":"air_cargo_terminal","operator_classification":"other","source_operator":"","source_region":"western-zone","source_layer":"transport_area","source_osm_id":"113661409","source_fclass":"airport","importance_rank":3,"importance":"national_core"},"geometry":{"type":"Point","coordinates":[73.3303872302339,17.01486015]}},{"type":"Feature","properties":{"id":"india-osm-logistics-eastern-zone-transport-area-149118821","name":"Raxaul","hub_type":"air_cargo_terminal","operator_classification":"other","source_operator":"","source_region":"eastern-zone","source_layer":"transport_area","source_osm_id":"149118821","source_fclass":"airport","importance_rank":3,"importance":"national_core"},"geometry":{"type":"Point","coordinates":[84.8241552972043,26.995305549999998]}},{"type":"Feature","properties":{"id":"india-osm-logistics-eastern-zone-transport-area-150662530","name":"Rourkela Airport","hub_type":"air_cargo_terminal","operator_classification":"other","source_operator":"","source_region":"eastern-zone","source_layer":"transport_area","source_osm_id":"150662530","source_fclass":"airport","importance_rank":3,"importance":"national_core"},"geometry":{"type":"Point","coordinates":[84.8155119802054,22.25484455]}},{"type":"Feature","properties":{"id":"india-osm-logistics-north-eastern-zone-transport-area-889538526","name":"Rupsi Airport","hub_type":"air_cargo_terminal","operator_classification":"other","source_operator":"","source_region":"north-eastern-zone","source_layer":"transport_area","source_osm_id":"889538526","source_fclass":"airport","importance_rank":3,"importance":"national_core"},"geometry":{"type":"Point","coordinates":[89.90877802946918,26.1417714]}},{"type":"Feature","properties":{"id":"india-osm-logistics-northern-zone-transport-area-44193643","name":"Safdarjung Airport","hub_type":"air_cargo_terminal","operator_classification":"other","source_operator":"","source_region":"northern-zone","source_layer":"transport_area","source_osm_id":"44193643","source_fclass":"airport","importance_rank":3,"importance":"national_core"},"geometry":{"type":"Point","coordinates":[77.2061649127939,28.5851893]}},{"type":"Feature","properties":{"id":"india-osm-logistics-eastern-zone-transport-area-176035641","name":"Saharsa Airfield","hub_type":"air_cargo_terminal","operator_classification":"other","source_operator":"","source_region":"eastern-zone","source_layer":"transport_area","source_osm_id":"176035641","source_fclass":"airport","importance_rank":3,"importance":"national_core"},"geometry":{"type":"Point","coordinates":[86.58299440551758,25.8921952]}},{"type":"Feature","properties":{"id":"india-osm-logistics-northern-zone-transport-area-16280213","name":"Sahnewal Airport - Ludhiana","hub_type":"air_cargo_terminal","operator_classification":"other","source_operator":"","source_region":"northern-zone","source_layer":"transport_area","source_osm_id":"16280213","source_fclass":"airport","importance_rank":3,"importance":"national_core"},"geometry":{"type":"Point","coordinates":[75.9544237364108,30.85303085]}},{"type":"Feature","properties":{"id":"india-osm-logistics-central-zone-transport-area-315174647","name":"Saifai Airstrip","hub_type":"air_cargo_terminal","operator_classification":"other","source_operator":"","source_region":"central-zone","source_layer":"transport_area","source_osm_id":"315174647","source_fclass":"airport","importance_rank":3,"importance":"national_core"},"geometry":{"type":"Point","coordinates":[79.0610205905877,26.9228837]}},{"type":"Feature","properties":{"id":"india-osm-logistics-southern-zone-transport-area-31959983","name":"Salem Airport","hub_type":"air_cargo_terminal","operator_classification":"other","source_operator":"","source_region":"southern-zone","source_layer":"transport_area","source_osm_id":"31959983","source_fclass":"airport","importance_rank":3,"importance":"national_core"},"geometry":{"type":"Point","coordinates":[78.06309014294143,11.78229975]}},{"type":"Feature","properties":{"id":"india-osm-logistics-western-zone-transport-area-977468491","name":"Sant Gadge Baba Yavatmal Airport","hub_type":"air_cargo_terminal","operator_classification":"other","source_operator":"","source_region":"western-zone","source_layer":"transport_area","source_osm_id":"977468491","source_fclass":"airport","importance_rank":3,"importance":"national_core"},"geometry":{"type":"Point","coordinates":[78.21434801686097,20.3961659]}},{"type":"Feature","properties":{"id":"india-osm-logistics-western-zone-transport-area-37231777","name":"Sardar Vallabhbhai Patel International Airport","hub_type":"air_cargo_terminal","operator_classification":"other","source_operator":"","source_region":"western-zone","source_layer":"transport_area","source_osm_id":"37231777","source_fclass":"airport","importance_rank":3,"importance":"national_core"},"geometry":{"type":"Point","coordinates":[72.63056396124408,23.0759257]}},{"type":"Feature","properties":{"id":"india-osm-logistics-central-zone-transport-area-386346899","name":"Sarsawa Air Force Station","hub_type":"air_cargo_terminal","operator_classification":"other","source_operator":"","source_region":"central-zone","source_layer":"transport_area","source_osm_id":"386346899","source_fclass":"airport","importance_rank":3,"importance":"national_core"},"geometry":{"type":"Point","coordinates":[77.42699438377268,29.994008100000002]}},{"type":"Feature","properties":{"id":"india-osm-logistics-central-zone-transport-area-101848522","name":"Satna Airport","hub_type":"air_cargo_terminal","operator_classification":"other","source_operator":"","source_region":"central-zone","source_layer":"transport_area","source_osm_id":"101848522","source_fclass":"airport","importance_rank":3,"importance":"national_core"},"geometry":{"type":"Point","coordinates":[80.85495554511736,24.561878200000002]}},{"type":"Feature","properties":{"id":"india-osm-logistics-eastern-zone-transport-area-320474388","name":"Savitri Jindal Airport","hub_type":"air_cargo_terminal","operator_classification":"other","source_operator":"","source_region":"eastern-zone","source_layer":"transport_area","source_osm_id":"320474388","source_fclass":"airport","importance_rank":3,"importance":"national_core"},"geometry":{"type":"Point","coordinates":[85.03551820714512,20.9105222]}},{"type":"Feature","properties":{"id":"india-osm-logistics-northern-zone-transport-area-119242862","name":"Sawai Madhopur Airstrip","hub_type":"air_cargo_terminal","operator_classification":"other","source_operator":"","source_region":"northern-zone","source_layer":"transport_area","source_osm_id":"119242862","source_fclass":"airport","importance_rank":3,"importance":"national_core"},"geometry":{"type":"Point","coordinates":[76.36065433533331,26.04076925]}},{"type":"Feature","properties":{"id":"india-osm-logistics-northern-zone-transport-area-505526633","name":"Sheikh ul-Alam International Airport","hub_type":"air_cargo_terminal","operator_classification":"other","source_operator":"","source_region":"northern-zone","source_layer":"transport_area","source_osm_id":"505526633","source_fclass":"airport","importance_rank":3,"importance":"national_core"},"geometry":{"type":"Point","coordinates":[74.77516251194409,33.9933661]}},{"type":"Feature","properties":{"id":"india-osm-logistics-north-eastern-zone-transport-area-271150514","name":"Shillong Airport","hub_type":"air_cargo_terminal","operator_classification":"other","source_operator":"","source_region":"north-eastern-zone","source_layer":"transport_area","source_osm_id":"271150514","source_fclass":"airport","importance_rank":3,"importance":"national_core"},"geometry":{"type":"Point","coordinates":[91.97629818410783,25.70357125]}},{"type":"Feature","properties":{"id":"india-osm-logistics-northern-zone-transport-area-119997674","name":"Shimla Airport","hub_type":"air_cargo_terminal","operator_classification":"other","source_operator":"","source_region":"northern-zone","source_layer":"transport_area","source_osm_id":"119997674","source_fclass":"airport","importance_rank":3,"importance":"national_core"},"geometry":{"type":"Point","coordinates":[77.06691548300014,31.0831899]}},{"type":"Feature","properties":{"id":"india-osm-logistics-western-zone-transport-area-477866775","name":"Shirdi Airport","hub_type":"air_cargo_terminal","operator_classification":"other","source_operator":"","source_region":"western-zone","source_layer":"transport_area","source_osm_id":"477866775","source_fclass":"airport","importance_rank":3,"importance":"national_core"},"geometry":{"type":"Point","coordinates":[74.37319208981876,19.6904548]}},{"type":"Feature","properties":{"id":"india-osm-logistics-western-zone-transport-area-1011440128","name":"Shirpur Airstrip","hub_type":"air_cargo_terminal","operator_classification":"other","source_operator":"","source_region":"western-zone","source_layer":"transport_area","source_osm_id":"1011440128","source_fclass":"airport","importance_rank":3,"importance":"national_core"},"geometry":{"type":"Point","coordinates":[74.95778034816911,21.3240775]}},{"type":"Feature","properties":{"id":"india-osm-logistics-southern-zone-transport-area-1022328797","name":"Shivamogga Airport","hub_type":"air_cargo_terminal","operator_classification":"other","source_operator":"","source_region":"southern-zone","source_layer":"transport_area","source_osm_id":"1022328797","source_fclass":"airport","importance_rank":3,"importance":"national_core"},"geometry":{"type":"Point","coordinates":[75.6196332292275,13.8578189]}},{"type":"Feature","properties":{"id":"india-osm-logistics-central-zone-transport-area-119240748","name":"Shivpuri Airstrip","hub_type":"air_cargo_terminal","operator_classification":"other","source_operator":"","source_region":"central-zone","source_layer":"transport_area","source_osm_id":"119240748","source_fclass":"airport","importance_rank":3,"importance":"national_core"},"geometry":{"type":"Point","coordinates":[77.6710011022367,25.4089956]}},{"type":"Feature","properties":{"id":"india-osm-logistics-central-zone-transport-point-747164461","name":"Sidhi","hub_type":"air_cargo_terminal","operator_classification":"other","source_operator":"","source_region":"central-zone","source_layer":"transport_point","source_osm_id":"747164461","source_fclass":"airport","importance_rank":3,"importance":"national_core"},"geometry":{"type":"Point","coordinates":[81.8147764,24.4017626]}},{"type":"Feature","properties":{"id":"india-osm-logistics-north-eastern-zone-transport-area-149124318","name":"Silchar Airport","hub_type":"air_cargo_terminal","operator_classification":"other","source_operator":"","source_region":"north-eastern-zone","source_layer":"transport_area","source_osm_id":"149124318","source_fclass":"airport","importance_rank":3,"importance":"national_core"},"geometry":{"type":"Point","coordinates":[92.98083218181034,24.91253535]}},{"type":"Feature","properties":{"id":"india-osm-logistics-northern-zone-transport-area-1368996920","name":"Sindhu Ghat Heliport","hub_type":"air_cargo_terminal","operator_classification":"other","source_operator":"","source_region":"northern-zone","source_layer":"transport_area","source_osm_id":"1368996920","source_fclass":"airport","importance_rank":3,"importance":"national_core"},"geometry":{"type":"Point","coordinates":[77.61122240686126,34.08349525]}},{"type":"Feature","properties":{"id":"india-osm-logistics-western-zone-transport-area-890926946","name":"Sindhudurg Airport","hub_type":"air_cargo_terminal","operator_classification":"other","source_operator":"","source_region":"western-zone","source_layer":"transport_area","source_osm_id":"890926946","source_fclass":"airport","importance_rank":3,"importance":"national_core"},"geometry":{"type":"Point","coordinates":[73.52783617390037,16.0012133]}},{"type":"Feature","properties":{"id":"india-osm-logistics-northern-zone-transport-area-482535155","name":"Sirohi","hub_type":"air_cargo_terminal","operator_classification":"other","source_operator":"","source_region":"northern-zone","source_layer":"transport_area","source_osm_id":"482535155","source_fclass":"airport","importance_rank":3,"importance":"national_core"},"geometry":{"type":"Point","coordinates":[72.84690151812117,24.89520035]}},{"type":"Feature","properties":{"id":"india-osm-logistics-northern-zone-transport-area-168709654","name":"Sirsa Air Force Station","hub_type":"air_cargo_terminal","operator_classification":"other","source_operator":"","source_region":"northern-zone","source_layer":"transport_area","source_osm_id":"168709654","source_fclass":"airport","importance_rank":3,"importance":"national_core"},"geometry":{"type":"Point","coordinates":[75.01083234690607,29.562471950000003]}},{"type":"Feature","properties":{"id":"india-osm-logistics-northern-zone-transport-area-139084880","name":"Sojat Airstrip","hub_type":"air_cargo_terminal","operator_classification":"other","source_operator":"","source_region":"northern-zone","source_layer":"transport_area","source_osm_id":"139084880","source_fclass":"airport","importance_rank":3,"importance":"national_core"},"geometry":{"type":"Point","coordinates":[73.68503124995806,25.92916245]}},{"type":"Feature","properties":{"id":"india-osm-logistics-western-zone-transport-area-372421803","name":"Solapur Airport","hub_type":"air_cargo_terminal","operator_classification":"other","source_operator":"","source_region":"western-zone","source_layer":"transport_area","source_osm_id":"372421803","source_fclass":"airport","importance_rank":3,"importance":"national_core"},"geometry":{"type":"Point","coordinates":[75.9340827390105,17.62815075]}},{"type":"Feature","properties":{"id":"india-osm-logistics-north-eastern-zone-transport-point-746951085","name":"Sookerating Airfield","hub_type":"air_cargo_terminal","operator_classification":"other","source_operator":"","source_region":"north-eastern-zone","source_layer":"transport_point","source_osm_id":"746951085","source_fclass":"airport","importance_rank":3,"importance":"national_core"},"geometry":{"type":"Point","coordinates":[95.5728029,27.551521]}},{"type":"Feature","properties":{"id":"india-osm-logistics-central-zone-transport-area-706772469","name":"Sravasti Airfield","hub_type":"air_cargo_terminal","operator_classification":"other","source_operator":"","source_region":"central-zone","source_layer":"transport_area","source_osm_id":"706772469","source_fclass":"airport","importance_rank":3,"importance":"national_core"},"geometry":{"type":"Point","coordinates":[82.03292991476782,27.4996497]}},{"type":"Feature","properties":{"id":"india-osm-logistics-northern-zone-transport-area-297249110","name":"Sri Guru Ram Dass Jee International Airport","hub_type":"air_cargo_terminal","operator_classification":"other","source_operator":"","source_region":"northern-zone","source_layer":"transport_area","source_osm_id":"297249110","source_fclass":"airport","importance_rank":3,"importance":"national_core"},"geometry":{"type":"Point","coordinates":[74.80044741056383,31.70858515]}},{"type":"Feature","properties":{"id":"india-osm-logistics-southern-zone-transport-area-195795400","name":"Sri Sathya Sai Airport","hub_type":"air_cargo_terminal","operator_classification":"other","source_operator":"","source_region":"southern-zone","source_layer":"transport_area","source_osm_id":"195795400","source_fclass":"airport","importance_rank":3,"importance":"national_core"},"geometry":{"type":"Point","coordinates":[77.78291847580479,14.1497362]}},{"type":"Feature","properties":{"id":"india-osm-logistics-eastern-zone-transport-area-178744071","name":"Sukinda Airfield","hub_type":"air_cargo_terminal","operator_classification":"other","source_operator":"","source_region":"eastern-zone","source_layer":"transport_area","source_osm_id":"178744071","source_fclass":"airport","importance_rank":3,"importance":"national_core"},"geometry":{"type":"Point","coordinates":[85.75421871685356,21.03221105]}},{"type":"Feature","properties":{"id":"india-osm-logistics-central-zone-transport-area-101848502","name":"Sultanpur Airfield","hub_type":"air_cargo_terminal","operator_classification":"other","source_operator":"","source_region":"central-zone","source_layer":"transport_area","source_osm_id":"101848502","source_fclass":"airport","importance_rank":3,"importance":"national_core"},"geometry":{"type":"Point","coordinates":[82.04491387535577,26.2466916]}},{"type":"Feature","properties":{"id":"india-osm-logistics-southern-zone-transport-area-66210685","name":"Sulur Air Force Station","hub_type":"air_cargo_terminal","operator_classification":"other","source_operator":"","source_region":"southern-zone","source_layer":"transport_area","source_osm_id":"66210685","source_fclass":"airport","importance_rank":3,"importance":"national_core"},"geometry":{"type":"Point","coordinates":[77.1619994528564,11.013060549999999]}},{"type":"Feature","properties":{"id":"india-osm-logistics-northern-zone-transport-point-747077986","name":"Suratgarh Airbase","hub_type":"air_cargo_terminal","operator_classification":"other","source_operator":"","source_region":"northern-zone","source_layer":"transport_point","source_osm_id":"747077986","source_fclass":"airport","importance_rank":3,"importance":"national_core"},"geometry":{"type":"Point","coordinates":[73.9047136,29.3892059]}},{"type":"Feature","properties":{"id":"india-osm-logistics-central-zone-transport-area-119483501","name":"Swami Vivekananda Airport","hub_type":"air_cargo_terminal","operator_classification":"other","source_operator":"","source_region":"central-zone","source_layer":"transport_area","source_osm_id":"119483501","source_fclass":"airport","importance_rank":3,"importance":"national_core"},"geometry":{"type":"Point","coordinates":[81.74592849297277,21.1853629]}},{"type":"Feature","properties":{"id":"india-osm-logistics-southern-zone-transport-area-28261189","name":"Tambaram Air Force Station","hub_type":"air_cargo_terminal","operator_classification":"other","source_operator":"","source_region":"southern-zone","source_layer":"transport_area","source_osm_id":"28261189","source_fclass":"airport","importance_rank":3,"importance":"national_core"},"geometry":{"type":"Point","coordinates":[80.12024501624029,12.903434050000001]}},{"type":"Feature","properties":{"id":"india-osm-logistics-northern-zone-transport-area-128936192","name":"Tarpura Airfield","hub_type":"air_cargo_terminal","operator_classification":"other","source_operator":"","source_region":"northern-zone","source_layer":"transport_area","source_osm_id":"128936192","source_fclass":"airport","importance_rank":3,"importance":"national_core"},"geometry":{"type":"Point","coordinates":[75.23747765575077,27.72953965]}},{"type":"Feature","properties":{"id":"india-osm-logistics-north-eastern-zone-transport-area-967196882","name":"Tezpur Air Force Station","hub_type":"air_cargo_terminal","operator_classification":"other","source_operator":"","source_region":"north-eastern-zone","source_layer":"transport_area","source_osm_id":"967196882","source_fclass":"airport","importance_rank":3,"importance":"national_core"},"geometry":{"type":"Point","coordinates":[92.78559814959223,26.713985100000002]}},{"type":"Feature","properties":{"id":"india-osm-logistics-north-eastern-zone-transport-area-96583772","name":"Tezu","hub_type":"air_cargo_terminal","operator_classification":"other","source_operator":"","source_region":"north-eastern-zone","source_layer":"transport_area","source_osm_id":"96583772","source_fclass":"airport","importance_rank":3,"importance":"national_core"},"geometry":{"type":"Point","coordinates":[96.13487309149708,27.9426344]}},{"type":"Feature","properties":{"id":"india-osm-logistics-northern-zone-transport-area-561697663","name":"Thanagazi Airfield","hub_type":"air_cargo_terminal","operator_classification":"other","source_operator":"","source_region":"northern-zone","source_layer":"transport_area","source_osm_id":"561697663","source_fclass":"airport","importance_rank":3,"importance":"national_core"},"geometry":{"type":"Point","coordinates":[76.26583616848092,27.307851550000002]}},{"type":"Feature","properties":{"id":"india-osm-logistics-southern-zone-transport-area-82611333","name":"Thanjavur Air Force Station","hub_type":"air_cargo_terminal","operator_classification":"other","source_operator":"","source_region":"southern-zone","source_layer":"transport_area","source_osm_id":"82611333","source_fclass":"airport","importance_rank":3,"importance":"national_core"},"geometry":{"type":"Point","coordinates":[79.10836010799466,10.72258755]}},{"type":"Feature","properties":{"id":"india-osm-logistics-eastern-zone-transport-area-732010050","name":"Therubali Airstrip","hub_type":"air_cargo_terminal","operator_classification":"other","source_operator":"","source_region":"eastern-zone","source_layer":"transport_area","source_osm_id":"732010050","source_fclass":"airport","importance_rank":3,"importance":"national_core"},"geometry":{"type":"Point","coordinates":[83.43509389020689,19.347134349999997]}},{"type":"Feature","properties":{"id":"india-osm-logistics-southern-zone-transport-area-22826670","name":"Thiruvananthapuram International Airport","hub_type":"air_cargo_terminal","operator_classification":"other","source_operator":"","source_region":"southern-zone","source_layer":"transport_area","source_osm_id":"22826670","source_fclass":"airport","importance_rank":3,"importance":"national_core"},"geometry":{"type":"Point","coordinates":[76.91905902167463,8.4820416]}},{"type":"Feature","properties":{"id":"india-osm-logistics-northern-zone-transport-area-240378120","name":"Thoise airfleld","hub_type":"air_cargo_terminal","operator_classification":"other","source_operator":"","source_region":"northern-zone","source_layer":"transport_area","source_osm_id":"240378120","source_fclass":"airport","importance_rank":3,"importance":"national_core"},"geometry":{"type":"Point","coordinates":[77.37149609349258,34.6523267]}},{"type":"Feature","properties":{"id":"india-osm-logistics-southern-zone-transport-area-18628624","name":"Tiruchirapalli International Airport","hub_type":"air_cargo_terminal","operator_classification":"other","source_operator":"","source_region":"southern-zone","source_layer":"transport_area","source_osm_id":"18628624","source_fclass":"airport","importance_rank":3,"importance":"national_core"},"geometry":{"type":"Point","coordinates":[78.71326006478583,10.76316505]}},{"type":"Feature","properties":{"id":"india-osm-logistics-southern-zone-transport-area-82611242","name":"Tirupati Airport","hub_type":"air_cargo_terminal","operator_classification":"other","source_operator":"","source_region":"southern-zone","source_layer":"transport_area","source_osm_id":"82611242","source_fclass":"airport","importance_rank":3,"importance":"national_core"},"geometry":{"type":"Point","coordinates":[79.54158443716001,13.6325279]}},{"type":"Feature","properties":{"id":"india-osm-logistics-western-zone-transport-point-9521099365","name":"Tuljapur Heliport","hub_type":"air_cargo_terminal","operator_classification":"other","source_operator":"","source_region":"western-zone","source_layer":"transport_point","source_osm_id":"9521099365","source_fclass":"airport","importance_rank":3,"importance":"national_core"},"geometry":{"type":"Point","coordinates":[76.0778198,17.9939389]}},{"type":"Feature","properties":{"id":"india-osm-logistics-north-eastern-zone-transport-point-856701915","name":"Turial","hub_type":"air_cargo_terminal","operator_classification":"other","source_operator":"","source_region":"north-eastern-zone","source_layer":"transport_point","source_osm_id":"856701915","source_fclass":"airport","importance_rank":3,"importance":"national_core"},"geometry":{"type":"Point","coordinates":[92.8030161,23.7458436]}},{"type":"Feature","properties":{"id":"india-osm-logistics-southern-zone-transport-area-84141233","name":"Tuticorin Airport","hub_type":"air_cargo_terminal","operator_classification":"other","source_operator":"","source_region":"southern-zone","source_layer":"transport_area","source_osm_id":"84141233","source_fclass":"airport","importance_rank":3,"importance":"national_core"},"geometry":{"type":"Point","coordinates":[78.01863706817471,8.7261275]}},{"type":"Feature","properties":{"id":"india-osm-logistics-north-eastern-zone-transport-area-889514248","name":"Tuting Advanced Landing Ground","hub_type":"air_cargo_terminal","operator_classification":"other","source_operator":"","source_region":"north-eastern-zone","source_layer":"transport_area","source_osm_id":"889514248","source_fclass":"airport","importance_rank":3,"importance":"national_core"},"geometry":{"type":"Point","coordinates":[94.89908469575016,28.98907955]}},{"type":"Feature","properties":{"id":"india-osm-logistics-northern-zone-transport-area-505242855","name":"Udhampur Air Force Station","hub_type":"air_cargo_terminal","operator_classification":"other","source_operator":"","source_region":"northern-zone","source_layer":"transport_area","source_osm_id":"505242855","source_fclass":"airport","importance_rank":3,"importance":"national_core"},"geometry":{"type":"Point","coordinates":[75.15659212745616,32.9024814]}},{"type":"Feature","properties":{"id":"india-osm-logistics-eastern-zone-transport-area-155686364","name":"Ulaw Aerodrome","hub_type":"air_cargo_terminal","operator_classification":"other","source_operator":"","source_region":"eastern-zone","source_layer":"transport_area","source_osm_id":"155686364","source_fclass":"airport","importance_rank":3,"importance":"national_core"},"geometry":{"type":"Point","coordinates":[86.08831987911512,25.42787505]}},{"type":"Feature","properties":{"id":"india-osm-logistics-southern-zone-transport-point-8431609162","name":"Ulundurpet Airfield (Abandoned)","hub_type":"air_cargo_terminal","operator_classification":"other","source_operator":"","source_region":"southern-zone","source_layer":"transport_point","source_osm_id":"8431609162","source_fclass":"airport","importance_rank":3,"importance":"national_core"},"geometry":{"type":"Point","coordinates":[79.3213256,11.6889803]}},{"type":"Feature","properties":{"id":"india-osm-logistics-central-zone-transport-area-17151255","name":"Umaria Airstrip","hub_type":"air_cargo_terminal","operator_classification":"other","source_operator":"","source_region":"central-zone","source_layer":"transport_area","source_osm_id":"17151255","source_fclass":"airport","importance_rank":3,"importance":"national_core"},"geometry":{"type":"Point","coordinates":[80.80741901252483,23.5335148]}},{"type":"Feature","properties":{"id":"india-osm-logistics-eastern-zone-transport-area-191822376","name":"Utkela","hub_type":"air_cargo_terminal","operator_classification":"other","source_operator":"","source_region":"eastern-zone","source_layer":"transport_area","source_osm_id":"191822376","source_fclass":"airport","importance_rank":3,"importance":"national_core"},"geometry":{"type":"Point","coordinates":[83.18337808010506,20.097731699999997]}},{"type":"Feature","properties":{"id":"india-osm-logistics-northern-zone-transport-area-194340724","name":"Uttarlai Airforce Base","hub_type":"air_cargo_terminal","operator_classification":"other","source_operator":"","source_region":"northern-zone","source_layer":"transport_area","source_osm_id":"194340724","source_fclass":"airport","importance_rank":3,"importance":"national_core"},"geometry":{"type":"Point","coordinates":[71.47709219815522,25.8119595]}},{"type":"Feature","properties":{"id":"india-osm-logistics-western-zone-transport-area-28851359","name":"Vadodara Green Airport Harni","hub_type":"air_cargo_terminal","operator_classification":"other","source_operator":"","source_region":"western-zone","source_layer":"transport_area","source_osm_id":"28851359","source_fclass":"airport","importance_rank":3,"importance":"national_core"},"geometry":{"type":"Point","coordinates":[73.22709706887818,22.33675265]}},{"type":"Feature","properties":{"id":"india-osm-logistics-southern-zone-transport-area-26775725","name":"Veer Savarkar International Airport","hub_type":"air_cargo_terminal","operator_classification":"other","source_operator":"","source_region":"southern-zone","source_layer":"transport_area","source_osm_id":"26775725","source_fclass":"airport","importance_rank":3,"importance":"national_core"},"geometry":{"type":"Point","coordinates":[92.73050667205035,11.6409478]}},{"type":"Feature","properties":{"id":"india-osm-logistics-eastern-zone-transport-area-175447712","name":"Veer Surendra Sai Airport","hub_type":"air_cargo_terminal","operator_classification":"other","source_operator":"","source_region":"eastern-zone","source_layer":"transport_area","source_osm_id":"175447712","source_fclass":"airport","importance_rank":3,"importance":"national_core"},"geometry":{"type":"Point","coordinates":[84.05050482566077,21.91594295]}},{"type":"Feature","properties":{"id":"india-osm-logistics-southern-zone-transport-area-120273014","name":"Vellore Airport","hub_type":"air_cargo_terminal","operator_classification":"other","source_operator":"","source_region":"southern-zone","source_layer":"transport_area","source_osm_id":"120273014","source_fclass":"airport","importance_rank":3,"importance":"national_core"},"geometry":{"type":"Point","coordinates":[79.06470715835343,12.90823705]}},{"type":"Feature","properties":{"id":"india-osm-logistics-southern-zone-transport-area-1157260545","name":"Vidyanagar Jindal Airport","hub_type":"air_cargo_terminal","operator_classification":"other","source_operator":"","source_region":"southern-zone","source_layer":"transport_area","source_osm_id":"1157260545","source_fclass":"airport","importance_rank":3,"importance":"national_core"},"geometry":{"type":"Point","coordinates":[76.6365307942599,15.17282875]}},{"type":"Feature","properties":{"id":"india-osm-logistics-north-eastern-zone-transport-area-725954347","name":"Vijanagar ALG","hub_type":"air_cargo_terminal","operator_classification":"other","source_operator":"","source_region":"north-eastern-zone","source_layer":"transport_area","source_osm_id":"725954347","source_fclass":"airport","importance_rank":3,"importance":"national_core"},"geometry":{"type":"Point","coordinates":[97.00408395754158,27.19315245]}},{"type":"Feature","properties":{"id":"india-osm-logistics-western-zone-transport-area-116833114","name":"Vijay Nagar Airstrip","hub_type":"air_cargo_terminal","operator_classification":"other","source_operator":"","source_region":"western-zone","source_layer":"transport_area","source_osm_id":"116833114","source_fclass":"airport","importance_rank":3,"importance":"national_core"},"geometry":{"type":"Point","coordinates":[73.83962616934645,19.8835394]}},{"type":"Feature","properties":{"id":"india-osm-logistics-southern-zone-transport-area-1150210703","name":"Vijayapura Airport","hub_type":"air_cargo_terminal","operator_classification":"other","source_operator":"","source_region":"southern-zone","source_layer":"transport_area","source_osm_id":"1150210703","source_fclass":"airport","importance_rank":3,"importance":"national_core"},"geometry":{"type":"Point","coordinates":[75.79933996622012,16.8611325]}},{"type":"Feature","properties":{"id":"india-osm-logistics-southern-zone-transport-area-178105923","name":"Vijayawada Airport","hub_type":"air_cargo_terminal","operator_classification":"other","source_operator":"","source_region":"southern-zone","source_layer":"transport_area","source_osm_id":"178105923","source_fclass":"airport","importance_rank":3,"importance":"national_core"},"geometry":{"type":"Point","coordinates":[80.80295035488889,16.5315766]}},{"type":"Feature","properties":{"id":"india-osm-logistics-southern-zone-transport-area-1122801770","name":"Vinnampalli Heliport","hub_type":"air_cargo_terminal","operator_classification":"other","source_operator":"","source_region":"southern-zone","source_layer":"transport_area","source_osm_id":"1122801770","source_fclass":"airport","importance_rank":3,"importance":"national_core"},"geometry":{"type":"Point","coordinates":[79.20358238051614,13.037573349999999]}},{"type":"Feature","properties":{"id":"india-osm-logistics-southern-zone-transport-area-11701332","name":"Visakhapatnam International Airport","hub_type":"air_cargo_terminal","operator_classification":"other","source_operator":"","source_region":"southern-zone","source_layer":"transport_area","source_osm_id":"11701332","source_fclass":"airport","importance_rank":3,"importance":"national_core"},"geometry":{"type":"Point","coordinates":[83.23542755785812,17.72182825]}},{"type":"Feature","properties":{"id":"india-osm-logistics-north-eastern-zone-transport-point-1498837932","name":"Walong Advanced Landing Ground","hub_type":"air_cargo_terminal","operator_classification":"other","source_operator":"","source_region":"north-eastern-zone","source_layer":"transport_point","source_osm_id":"1498837932","source_fclass":"airport","importance_rank":3,"importance":"national_core"},"geometry":{"type":"Point","coordinates":[97.0189209,28.1286766]}},{"type":"Feature","properties":{"id":"india-osm-logistics-southern-zone-transport-point-245642465","name":"Warangal Airport","hub_type":"air_cargo_terminal","operator_classification":"other","source_operator":"","source_region":"southern-zone","source_layer":"transport_point","source_osm_id":"245642465","source_fclass":"airport","importance_rank":3,"importance":"national_core"},"geometry":{"type":"Point","coordinates":[79.6036086,17.9140552]}},{"type":"Feature","properties":{"id":"india-osm-logistics-southern-zone-transport-area-36988798","name":"Yelahanka Air Force Station","hub_type":"air_cargo_terminal","operator_classification":"other","source_operator":"","source_region":"southern-zone","source_layer":"transport_area","source_osm_id":"36988798","source_fclass":"airport","importance_rank":3,"importance":"national_core"},"geometry":{"type":"Point","coordinates":[77.60402372147428,13.137628549999999]}},{"type":"Feature","properties":{"id":"india-osm-logistics-north-eastern-zone-transport-area-315155223","name":"Ziro Airfield","hub_type":"air_cargo_terminal","operator_classification":"other","source_operator":"","source_region":"north-eastern-zone","source_layer":"transport_area","source_osm_id":"315155223","source_fclass":"airport","importance_rank":3,"importance":"national_core"},"geometry":{"type":"Point","coordinates":[93.82873651226905,27.589220949999998]}},{"type":"Feature","properties":{"id":"india-osm-logistics-central-zone-transport-point-11697637301","name":"jindal airport","hub_type":"air_cargo_terminal","operator_classification":"other","source_operator":"","source_region":"central-zone","source_layer":"transport_point","source_osm_id":"11697637301","source_fclass":"airport","importance_rank":3,"importance":"national_core"},"geometry":{"type":"Point","coordinates":[83.3455408,21.9414194]}},{"type":"Feature","properties":{"id":"india-osm-logistics-northern-zone-transport-area-1036043366","name":"OSM transport terminal airport 1036043366","hub_type":"air_cargo_terminal","operator_classification":"other","source_operator":"","source_region":"northern-zone","source_layer":"transport_area","source_osm_id":"1036043366","source_fclass":"airport","importance_rank":3,"importance":"national_core"},"geometry":{"type":"Point","coordinates":[77.01318952388132,28.2971754]}},{"type":"Feature","properties":{"id":"india-osm-logistics-north-eastern-zone-transport-area-110534237","name":"OSM transport terminal airport 110534237","hub_type":"air_cargo_terminal","operator_classification":"other","source_operator":"","source_region":"north-eastern-zone","source_layer":"transport_area","source_osm_id":"110534237","source_fclass":"airport","importance_rank":3,"importance":"national_core"},"geometry":{"type":"Point","coordinates":[91.82755911725093,25.539221949999998]}},{"type":"Feature","properties":{"id":"india-osm-logistics-north-eastern-zone-transport-area-1118638316","name":"OSM transport terminal airport 1118638316","hub_type":"air_cargo_terminal","operator_classification":"other","source_operator":"","source_region":"north-eastern-zone","source_layer":"transport_area","source_osm_id":"1118638316","source_fclass":"airport","importance_rank":3,"importance":"national_core"},"geometry":{"type":"Point","coordinates":[95.570129518055,27.5493702]}},{"type":"Feature","properties":{"id":"india-osm-logistics-central-zone-transport-area-1185274662","name":"OSM transport terminal airport 1185274662","hub_type":"air_cargo_terminal","operator_classification":"other","source_operator":"","source_region":"central-zone","source_layer":"transport_area","source_osm_id":"1185274662","source_fclass":"airport","importance_rank":3,"importance":"national_core"},"geometry":{"type":"Point","coordinates":[83.86832850920236,26.785663749999998]}},{"type":"Feature","properties":{"id":"india-osm-logistics-northern-zone-transport-area-128551188","name":"OSM transport terminal airport 128551188","hub_type":"air_cargo_terminal","operator_classification":"other","source_operator":"","source_region":"northern-zone","source_layer":"transport_area","source_osm_id":"128551188","source_fclass":"airport","importance_rank":3,"importance":"national_core"},"geometry":{"type":"Point","coordinates":[73.10399583095268,26.4373772]}},{"type":"Feature","properties":{"id":"india-osm-logistics-northern-zone-transport-area-1362948852","name":"OSM transport terminal airport 1362948852","hub_type":"air_cargo_terminal","operator_classification":"other","source_operator":"","source_region":"northern-zone","source_layer":"transport_area","source_osm_id":"1362948852","source_fclass":"airport","importance_rank":3,"importance":"national_core"},"geometry":{"type":"Point","coordinates":[74.86359802079537,24.0560616]}},{"type":"Feature","properties":{"id":"india-osm-logistics-southern-zone-transport-area-1433987827","name":"OSM transport terminal airport 1433987827","hub_type":"air_cargo_terminal","operator_classification":"other","source_operator":"","source_region":"southern-zone","source_layer":"transport_area","source_osm_id":"1433987827","source_fclass":"airport","importance_rank":3,"importance":"national_core"},"geometry":{"type":"Point","coordinates":[83.49553205283894,17.97579485]}},{"type":"Feature","properties":{"id":"india-osm-logistics-southern-zone-transport-area-1456239242","name":"OSM transport terminal airport 1456239242","hub_type":"air_cargo_terminal","operator_classification":"other","source_operator":"","source_region":"southern-zone","source_layer":"transport_area","source_osm_id":"1456239242","source_fclass":"airport","importance_rank":3,"importance":"national_core"},"geometry":{"type":"Point","coordinates":[78.42392143417518,17.24229135]}},{"type":"Feature","properties":{"id":"india-osm-logistics-southern-zone-transport-area-1456239258","name":"OSM transport terminal airport 1456239258","hub_type":"air_cargo_terminal","operator_classification":"other","source_operator":"","source_region":"southern-zone","source_layer":"transport_area","source_osm_id":"1456239258","source_fclass":"airport","importance_rank":3,"importance":"national_core"},"geometry":{"type":"Point","coordinates":[78.43766113634689,17.23950905]}},{"type":"Feature","properties":{"id":"india-osm-logistics-northern-zone-transport-area-232250416","name":"OSM transport terminal airport 232250416","hub_type":"air_cargo_terminal","operator_classification":"other","source_operator":"","source_region":"northern-zone","source_layer":"transport_area","source_osm_id":"232250416","source_fclass":"airport","importance_rank":3,"importance":"national_core"},"geometry":{"type":"Point","coordinates":[74.2344489421875,33.160255]}},{"type":"Feature","properties":{"id":"india-osm-logistics-eastern-zone-transport-area-339901309","name":"OSM transport terminal airport 339901309","hub_type":"air_cargo_terminal","operator_classification":"other","source_operator":"","source_region":"eastern-zone","source_layer":"transport_area","source_osm_id":"339901309","source_fclass":"airport","importance_rank":3,"importance":"national_core"},"geometry":{"type":"Point","coordinates":[83.88799215878521,27.41692265]}},{"type":"Feature","properties":{"id":"india-osm-logistics-north-eastern-zone-transport-area-589690294","name":"OSM transport terminal airport 589690294","hub_type":"air_cargo_terminal","operator_classification":"other","source_operator":"","source_region":"north-eastern-zone","source_layer":"transport_area","source_osm_id":"589690294","source_fclass":"airport","importance_rank":3,"importance":"national_core"},"geometry":{"type":"Point","coordinates":[95.26937559818347,27.53779755]}},{"type":"Feature","properties":{"id":"india-osm-logistics-north-eastern-zone-transport-point-6805346066","name":"OSM transport terminal airport 6805346066","hub_type":"air_cargo_terminal","operator_classification":"other","source_operator":"","source_region":"north-eastern-zone","source_layer":"transport_point","source_osm_id":"6805346066","source_fclass":"airport","importance_rank":3,"importance":"national_core"},"geometry":{"type":"Point","coordinates":[95.2381291,27.5449321]}},{"type":"Feature","properties":{"id":"india-osm-logistics-north-eastern-zone-transport-area-713655233","name":"OSM transport terminal airport 713655233","hub_type":"air_cargo_terminal","operator_classification":"other","source_operator":"","source_region":"north-eastern-zone","source_layer":"transport_area","source_osm_id":"713655233","source_fclass":"airport","importance_rank":3,"importance":"national_core"},"geometry":{"type":"Point","coordinates":[95.03610637905192,27.2032628]}},{"type":"Feature","properties":{"id":"india-osm-logistics-western-zone-transport-area-768640344","name":"OSM transport terminal airport 768640344","hub_type":"air_cargo_terminal","operator_classification":"other","source_operator":"","source_region":"western-zone","source_layer":"transport_area","source_osm_id":"768640344","source_fclass":"airport","importance_rank":3,"importance":"national_core"},"geometry":{"type":"Point","coordinates":[69.67127921383607,23.28703105]}},{"type":"Feature","properties":{"id":"india-osm-logistics-central-zone-transport-area-904222618","name":"OSM transport terminal airport 904222618","hub_type":"air_cargo_terminal","operator_classification":"other","source_operator":"","source_region":"central-zone","source_layer":"transport_area","source_osm_id":"904222618","source_fclass":"airport","importance_rank":3,"importance":"national_core"},"geometry":{"type":"Point","coordinates":[81.27743772125515,26.096127199999998]}},{"type":"Feature","properties":{"id":"india-osm-logistics-southern-zone-transport-area-923216441","name":"OSM transport terminal airport 923216441","hub_type":"air_cargo_terminal","operator_classification":"other","source_operator":"","source_region":"southern-zone","source_layer":"transport_area","source_osm_id":"923216441","source_fclass":"airport","importance_rank":3,"importance":"national_core"},"geometry":{"type":"Point","coordinates":[76.70387991231571,11.7439991]}},{"type":"Feature","properties":{"id":"india-osm-logistics-northern-zone-transport-area-95084792","name":"OSM transport terminal airport 95084792","hub_type":"air_cargo_terminal","operator_classification":"other","source_operator":"","source_region":"northern-zone","source_layer":"transport_area","source_osm_id":"95084792","source_fclass":"airport","importance_rank":3,"importance":"national_core"},"geometry":{"type":"Point","coordinates":[75.33637127566811,31.0823393]}},{"type":"Feature","properties":{"id":"india-osm-logistics-north-eastern-zone-transport-area-967103778","name":"OSM transport terminal airport 967103778","hub_type":"air_cargo_terminal","operator_classification":"other","source_operator":"","source_region":"north-eastern-zone","source_layer":"transport_area","source_osm_id":"967103778","source_fclass":"airport","importance_rank":3,"importance":"national_core"},"geometry":{"type":"Point","coordinates":[95.24156067660203,27.54621095]}},{"type":"Feature","properties":{"id":"india-osm-logistics-western-zone-transport-area-974689352","name":"OSM transport terminal airport 974689352","hub_type":"air_cargo_terminal","operator_classification":"other","source_operator":"","source_region":"western-zone","source_layer":"transport_area","source_osm_id":"974689352","source_fclass":"airport","importance_rank":3,"importance":"national_core"},"geometry":{"type":"Point","coordinates":[74.28946683373348,16.66565735]}},{"type":"Feature","properties":{"id":"india-osm-logistics-eastern-zone-transport-area-97821817","name":"OSM transport terminal airport 97821817","hub_type":"air_cargo_terminal","operator_classification":"other","source_operator":"","source_region":"eastern-zone","source_layer":"transport_area","source_osm_id":"97821817","source_fclass":"airport","importance_rank":3,"importance":"national_core"},"geometry":{"type":"Point","coordinates":[88.45190795561061,26.77296895]}},{"type":"Feature","properties":{"id":"india-osm-logistics-north-eastern-zone-transport-area-97945321","name":"OSM transport terminal airport 97945321","hub_type":"air_cargo_terminal","operator_classification":"other","source_operator":"","source_region":"north-eastern-zone","source_layer":"transport_area","source_osm_id":"97945321","source_fclass":"airport","importance_rank":3,"importance":"national_core"},"geometry":{"type":"Point","coordinates":[95.01204545671467,27.47941145]}},{"type":"Feature","properties":{"id":"india-osm-logistics-central-zone-transport-area-99514515","name":"OSM transport terminal airport 99514515","hub_type":"air_cargo_terminal","operator_classification":"other","source_operator":"","source_region":"central-zone","source_layer":"transport_area","source_osm_id":"99514515","source_fclass":"airport","importance_rank":3,"importance":"national_core"},"geometry":{"type":"Point","coordinates":[78.14500229637272,27.86160965]}},{"type":"Feature","properties":{"id":"india-osm-logistics-central-zone-transport-area-998682772","name":"OSM transport terminal airport 998682772","hub_type":"air_cargo_terminal","operator_classification":"other","source_operator":"","source_region":"central-zone","source_layer":"transport_area","source_osm_id":"998682772","source_fclass":"airport","importance_rank":3,"importance":"national_core"},"geometry":{"type":"Point","coordinates":[79.54357837661448,29.24566805]}},{"type":"Feature","properties":{"id":"india-osm-logistics-northern-zone-transport-point-7018301883","name":"A.I.I.M.S.","hub_type":"rail_cargo_station","operator_classification":"other","source_operator":"","source_region":"northern-zone","source_layer":"transport_point","source_osm_id":"7018301883","source_fclass":"railway_station","importance_rank":2,"importance":"regional_core"},"geometry":{"type":"Point","coordinates":[77.2078058,28.5668602]}},{"type":"Feature","properties":{"id":"india-osm-logistics-western-zone-transport-point-12196641362","name":"AEC","hub_type":"rail_cargo_station","operator_classification":"other","source_operator":"","source_region":"western-zone","source_layer":"transport_point","source_osm_id":"12196641362","source_fclass":"railway_station","importance_rank":2,"importance":"regional_core"},"geometry":{"type":"Point","coordinates":[72.593291,23.0751088]}},{"type":"Feature","properties":{"id":"india-osm-logistics-central-zone-transport-point-7944284573","name":"AIIMS","hub_type":"rail_cargo_station","operator_classification":"other","source_operator":"","source_region":"central-zone","source_layer":"transport_point","source_osm_id":"7944284573","source_fclass":"railway_station","importance_rank":2,"importance":"regional_core"},"geometry":{"type":"Point","coordinates":[77.456049,23.2098432]}},{"type":"Feature","properties":{"id":"india-osm-logistics-western-zone-transport-area-1101028012","name":"APMC","hub_type":"rail_cargo_station","operator_classification":"other","source_operator":"","source_region":"western-zone","source_layer":"transport_area","source_osm_id":"1101028012","source_fclass":"railway_station","importance_rank":2,"importance":"regional_core"},"geometry":{"type":"Point","coordinates":[72.53712217328317,22.9977445]}},{"type":"Feature","properties":{"id":"india-osm-logistics-western-zone-transport-point-1597636364","name":"Aambliyasan Junction","hub_type":"rail_cargo_station","operator_classification":"other","source_operator":"","source_region":"western-zone","source_layer":"transport_point","source_osm_id":"1597636364","source_fclass":"railway_station","importance_rank":2,"importance":"regional_core"},"geometry":{"type":"Point","coordinates":[72.4223814,23.4497133]}},{"type":"Feature","properties":{"id":"india-osm-logistics-western-zone-transport-point-9629564097","name":"Aarey","hub_type":"rail_cargo_station","operator_classification":"other","source_operator":"","source_region":"western-zone","source_layer":"transport_point","source_osm_id":"9629564097","source_fclass":"railway_station","importance_rank":2,"importance":"regional_core"},"geometry":{"type":"Point","coordinates":[72.8587918,19.1693242]}},{"type":"Feature","properties":{"id":"india-osm-logistics-western-zone-transport-area-1330720641","name":"Aarey JVLR","hub_type":"rail_cargo_station","operator_classification":"other","source_operator":"","source_region":"western-zone","source_layer":"transport_area","source_osm_id":"1330720641","source_fclass":"railway_station","importance_rank":2,"importance":"regional_core"},"geometry":{"type":"Point","coordinates":[72.88431837368974,19.13042685]}},{"type":"Feature","properties":{"id":"india-osm-logistics-eastern-zone-transport-point-665115614","name":"Abada","hub_type":"rail_cargo_station","operator_classification":"other","source_operator":"","source_region":"eastern-zone","source_layer":"transport_point","source_osm_id":"665115614","source_fclass":"railway_station","importance_rank":2,"importance":"regional_core"},"geometry":{"type":"Point","coordinates":[88.1995212,22.5478712]}},{"type":"Feature","properties":{"id":"india-osm-logistics-southern-zone-transport-point-648996913","name":"Aberdeen Jetty","hub_type":"truck_terminal","operator_classification":"other","source_operator":"","source_region":"southern-zone","source_layer":"transport_point","source_osm_id":"648996913","source_fclass":"ferry_terminal","importance_rank":2,"importance":"regional_core"},"geometry":{"type":"Point","coordinates":[92.7502718,11.6720704]}},{"type":"Feature","properties":{"id":"india-osm-logistics-eastern-zone-transport-point-7477578668","name":"Abhaipur","hub_type":"rail_cargo_station","operator_classification":"other","source_operator":"","source_region":"eastern-zone","source_layer":"transport_point","source_osm_id":"7477578668","source_fclass":"railway_station","importance_rank":2,"importance":"regional_core"},"geometry":{"type":"Point","coordinates":[86.3228783,25.2157447]}},{"type":"Feature","properties":{"id":"india-osm-logistics-central-zone-transport-area-1445468320","name":"Abhanpur Junction","hub_type":"rail_cargo_station","operator_classification":"other","source_operator":"","source_region":"central-zone","source_layer":"transport_area","source_osm_id":"1445468320","source_fclass":"railway_station","importance_rank":2,"importance":"regional_core"},"geometry":{"type":"Point","coordinates":[81.7449615352401,21.0493248]}},{"type":"Feature","properties":{"id":"india-osm-logistics-central-zone-transport-point-7838121431","name":"Abhanpur Junction","hub_type":"rail_cargo_station","operator_classification":"other","source_operator":"","source_region":"central-zone","source_layer":"transport_point","source_osm_id":"7838121431","source_fclass":"railway_station","importance_rank":2,"importance":"regional_core"},"geometry":{"type":"Point","coordinates":[81.7454964,21.0520423]}},{"type":"Feature","properties":{"id":"india-osm-logistics-north-eastern-zone-transport-point-719077075","name":"Abhayapuri","hub_type":"rail_cargo_station","operator_classification":"other","source_operator":"","source_region":"north-eastern-zone","source_layer":"transport_point","source_osm_id":"719077075","source_fclass":"railway_station","importance_rank":2,"importance":"regional_core"},"geometry":{"type":"Point","coordinates":[90.6421552,26.3569213]}},{"type":"Feature","properties":{"id":"india-osm-logistics-northern-zone-transport-area-168242251","name":"Abohar Junction","hub_type":"rail_cargo_station","operator_classification":"other","source_operator":"","source_region":"northern-zone","source_layer":"transport_area","source_osm_id":"168242251","source_fclass":"railway_station","importance_rank":2,"importance":"regional_core"},"geometry":{"type":"Point","coordinates":[74.19470846957887,30.139301500000002]}},{"type":"Feature","properties":{"id":"india-osm-logistics-northern-zone-transport-point-2188367338","name":"Abu Road","hub_type":"rail_cargo_station","operator_classification":"other","source_operator":"","source_region":"northern-zone","source_layer":"transport_point","source_osm_id":"2188367338","source_fclass":"railway_station","importance_rank":2,"importance":"regional_core"},"geometry":{"type":"Point","coordinates":[72.7852867,24.4812736]}},{"type":"Feature","properties":{"id":"india-osm-logistics-central-zone-transport-point-11687968784","name":"Achalgank Railway Station","hub_type":"rail_cargo_station","operator_classification":"other","source_operator":"","source_region":"central-zone","source_layer":"transport_point","source_osm_id":"11687968784","source_fclass":"railway_station","importance_rank":2,"importance":"regional_core"},"geometry":{"type":"Point","coordinates":[80.5509322,26.4417184]}},{"type":"Feature","properties":{"id":"india-osm-logistics-western-zone-transport-point-1802916843","name":"Achalpur","hub_type":"rail_cargo_station","operator_classification":"other","source_operator":"","source_region":"western-zone","source_layer":"transport_point","source_osm_id":"1802916843","source_fclass":"railway_station","importance_rank":2,"importance":"regional_core"},"geometry":{"type":"Point","coordinates":[77.5192051,21.2777391]}},{"type":"Feature","properties":{"id":"india-osm-logistics-western-zone-transport-point-12857565154","name":"Acharya Atre Chowk","hub_type":"rail_cargo_station","operator_classification":"other","source_operator":"","source_region":"western-zone","source_layer":"transport_point","source_osm_id":"12857565154","source_fclass":"railway_station","importance_rank":2,"importance":"regional_core"},"geometry":{"type":"Point","coordinates":[72.8177201,18.9978202]}},{"type":"Feature","properties":{"id":"india-osm-logistics-western-zone-transport-point-3806743187","name":"Acharya Atre Nagar","hub_type":"rail_cargo_station","operator_classification":"other","source_operator":"","source_region":"western-zone","source_layer":"transport_point","source_osm_id":"3806743187","source_fclass":"railway_station","importance_rank":2,"importance":"regional_core"},"geometry":{"type":"Point","coordinates":[72.8637994,19.0236472]}},{"type":"Feature","properties":{"id":"india-osm-logistics-central-zone-transport-area-836133487","name":"Acharya Narendra Dev Nagar","hub_type":"rail_cargo_station","operator_classification":"other","source_operator":"","source_region":"central-zone","source_layer":"transport_area","source_osm_id":"836133487","source_fclass":"railway_station","importance_rank":2,"importance":"regional_core"},"geometry":{"type":"Point","coordinates":[82.1579572,26.7755209]}},{"type":"Feature","properties":{"id":"india-osm-logistics-western-zone-transport-point-6630619052","name":"Achegaon","hub_type":"rail_cargo_station","operator_classification":"other","source_operator":"","source_region":"western-zone","source_layer":"transport_point","source_osm_id":"6630619052","source_fclass":"railway_station","importance_rank":2,"importance":"regional_core"},"geometry":{"type":"Point","coordinates":[75.938554,20.9731697]}},{"type":"Feature","properties":{"id":"india-osm-logistics-central-zone-transport-point-7576337212","name":"Achhalda","hub_type":"rail_cargo_station","operator_classification":"other","source_operator":"","source_region":"central-zone","source_layer":"transport_point","source_osm_id":"7576337212","source_fclass":"railway_station","importance_rank":2,"importance":"regional_core"},"geometry":{"type":"Point","coordinates":[79.4042337,26.7021451]}},{"type":"Feature","properties":{"id":"india-osm-logistics-central-zone-transport-point-784500821","name":"Achhnera Junction","hub_type":"rail_cargo_station","operator_classification":"other","source_operator":"","source_region":"central-zone","source_layer":"transport_point","source_osm_id":"784500821","source_fclass":"railway_station","importance_rank":2,"importance":"regional_core"},"geometry":{"type":"Point","coordinates":[77.7581759,27.1815901]}},{"type":"Feature","properties":{"id":"india-osm-logistics-western-zone-transport-point-10251526307","name":"Achirne","hub_type":"rail_cargo_station","operator_classification":"other","source_operator":"","source_region":"western-zone","source_layer":"transport_point","source_osm_id":"10251526307","source_fclass":"railway_station","importance_rank":2,"importance":"regional_core"},"geometry":{"type":"Point","coordinates":[73.7438935,16.446684]}},{"type":"Feature","properties":{"id":"india-osm-logistics-western-zone-transport-point-7944681327","name":"Adajan Gam","hub_type":"rail_cargo_station","operator_classification":"other","source_operator":"","source_region":"western-zone","source_layer":"transport_point","source_osm_id":"7944681327","source_fclass":"railway_station","importance_rank":2,"importance":"regional_core"},"geometry":{"type":"Point","coordinates":[72.7890318,21.1901059]}},{"type":"Feature","properties":{"id":"india-osm-logistics-eastern-zone-transport-point-8999697085","name":"Adalpahari","hub_type":"rail_cargo_station","operator_classification":"other","source_operator":"","source_region":"eastern-zone","source_layer":"transport_point","source_osm_id":"8999697085","source_fclass":"railway_station","importance_rank":2,"importance":"regional_core"},"geometry":{"type":"Point","coordinates":[87.709578,24.208218]}},{"type":"Feature","properties":{"id":"india-osm-logistics-southern-zone-transport-point-5311755244","name":"Adambakkam","hub_type":"rail_cargo_station","operator_classification":"other","source_operator":"","source_region":"southern-zone","source_layer":"transport_point","source_osm_id":"5311755244","source_fclass":"railway_station","importance_rank":2,"importance":"regional_core"},"geometry":{"type":"Point","coordinates":[80.1968882,12.9823811]}},{"type":"Feature","properties":{"id":"india-osm-logistics-western-zone-transport-point-6775510378","name":"Adari Road","hub_type":"rail_cargo_station","operator_classification":"other","source_operator":"","source_region":"western-zone","source_layer":"transport_point","source_osm_id":"6775510378","source_fclass":"railway_station","importance_rank":2,"importance":"regional_core"},"geometry":{"type":"Point","coordinates":[70.3307151,20.9871487]}},{"type":"Feature","properties":{"id":"india-osm-logistics-western-zone-transport-point-6163560603","name":"Adarki","hub_type":"rail_cargo_station","operator_classification":"other","source_operator":"","source_region":"western-zone","source_layer":"transport_point","source_osm_id":"6163560603","source_fclass":"railway_station","importance_rank":2,"importance":"regional_core"},"geometry":{"type":"Point","coordinates":[74.1927629,17.9222092]}},{"type":"Feature","properties":{"id":"india-osm-logistics-northern-zone-transport-point-920882336","name":"Adarsh Nagar","hub_type":"rail_cargo_station","operator_classification":"other","source_operator":"","source_region":"northern-zone","source_layer":"transport_point","source_osm_id":"920882336","source_fclass":"railway_station","importance_rank":2,"importance":"regional_core"},"geometry":{"type":"Point","coordinates":[77.1672884,28.7144008]}},{"type":"Feature","properties":{"id":"india-osm-logistics-northern-zone-transport-point-6547772109","name":"Adarsh Nagar","hub_type":"rail_cargo_station","operator_classification":"other","source_operator":"","source_region":"northern-zone","source_layer":"transport_point","source_osm_id":"6547772109","source_fclass":"railway_station","importance_rank":2,"importance":"regional_core"},"geometry":{"type":"Point","coordinates":[77.1704223,28.7165805]}},{"type":"Feature","properties":{"id":"india-osm-logistics-northern-zone-transport-point-1844564358","name":"Adarshnagar","hub_type":"rail_cargo_station","operator_classification":"other","source_operator":"","source_region":"northern-zone","source_layer":"transport_point","source_osm_id":"1844564358","source_fclass":"railway_station","importance_rank":2,"importance":"regional_core"},"geometry":{"type":"Point","coordinates":[74.6535336,26.4109424]}},{"type":"Feature","properties":{"id":"india-osm-logistics-western-zone-transport-point-318157883","name":"Adas Road","hub_type":"rail_cargo_station","operator_classification":"other","source_operator":"","source_region":"western-zone","source_layer":"transport_point","source_osm_id":"318157883","source_fclass":"railway_station","importance_rank":2,"importance":"regional_core"},"geometry":{"type":"Point","coordinates":[73.0338876,22.4869052]}},{"type":"Feature","properties":{"id":"india-osm-logistics-western-zone-transport-point-4693475305","name":"Adavali","hub_type":"rail_cargo_station","operator_classification":"other","source_operator":"","source_region":"western-zone","source_layer":"transport_point","source_osm_id":"4693475305","source_fclass":"railway_station","importance_rank":2,"importance":"regional_core"},"geometry":{"type":"Point","coordinates":[73.5928085,16.9215451]}},{"type":"Feature","properties":{"id":"india-osm-logistics-western-zone-transport-point-7105222154","name":"Adesar","hub_type":"rail_cargo_station","operator_classification":"other","source_operator":"","source_region":"western-zone","source_layer":"transport_point","source_osm_id":"7105222154","source_fclass":"railway_station","importance_rank":2,"importance":"regional_core"},"geometry":{"type":"Point","coordinates":[70.9728555,23.5526997]}},{"type":"Feature","properties":{"id":"india-osm-logistics-western-zone-transport-point-1596307350","name":"Adgaon Buzurg","hub_type":"rail_cargo_station","operator_classification":"other","source_operator":"","source_region":"western-zone","source_layer":"transport_point","source_osm_id":"1596307350","source_fclass":"railway_station","importance_rank":2,"importance":"regional_core"},"geometry":{"type":"Point","coordinates":[76.943668,21.1277952]}},{"type":"Feature","properties":{"id":"india-osm-logistics-central-zone-transport-point-2052018864","name":"Adhartal","hub_type":"rail_cargo_station","operator_classification":"other","source_operator":"","source_region":"central-zone","source_layer":"transport_point","source_osm_id":"2052018864","source_fclass":"railway_station","importance_rank":2,"importance":"regional_core"},"geometry":{"type":"Point","coordinates":[79.9729185,23.2279581]}},{"type":"Feature","properties":{"id":"india-osm-logistics-eastern-zone-transport-point-4253838355","name":"Adhikari","hub_type":"rail_cargo_station","operator_classification":"other","source_operator":"","source_region":"eastern-zone","source_layer":"transport_point","source_osm_id":"4253838355","source_fclass":"railway_station","importance_rank":2,"importance":"regional_core"},"geometry":{"type":"Point","coordinates":[88.1699114,26.5767327]}},{"type":"Feature","properties":{"id":"india-osm-logistics-central-zone-transport-point-7597064033","name":"Adhinpur","hub_type":"rail_cargo_station","operator_classification":"other","source_operator":"","source_region":"central-zone","source_layer":"transport_point","source_osm_id":"7597064033","source_fclass":"railway_station","importance_rank":2,"importance":"regional_core"},"geometry":{"type":"Point","coordinates":[81.7267471,26.4186187]}},{"type":"Feature","properties":{"id":"india-osm-logistics-southern-zone-transport-point-4838807292","name":"Adihalli","hub_type":"rail_cargo_station","operator_classification":"other","source_operator":"","source_region":"southern-zone","source_layer":"transport_point","source_osm_id":"4838807292","source_fclass":"railway_station","importance_rank":2,"importance":"regional_core"},"geometry":{"type":"Point","coordinates":[76.3259959,13.2961129]}},{"type":"Feature","properties":{"id":"india-osm-logistics-southern-zone-transport-point-2063676910","name":"Adilabad","hub_type":"rail_cargo_station","operator_classification":"other","source_operator":"","source_region":"southern-zone","source_layer":"transport_point","source_osm_id":"2063676910","source_fclass":"railway_station","importance_rank":2,"importance":"regional_core"},"geometry":{"type":"Point","coordinates":[78.5360794,19.6807668]}},{"type":"Feature","properties":{"id":"india-osm-logistics-eastern-zone-transport-point-2516055069","name":"Adina","hub_type":"rail_cargo_station","operator_classification":"other","source_operator":"","source_region":"eastern-zone","source_layer":"transport_point","source_osm_id":"2516055069","source_fclass":"railway_station","importance_rank":2,"importance":"regional_core"},"geometry":{"type":"Point","coordinates":[88.1229855,25.114633]}},{"type":"Feature","properties":{"id":"india-osm-logistics-western-zone-transport-point-7105222186","name":"Adipur Junction","hub_type":"rail_cargo_station","operator_classification":"other","source_operator":"","source_region":"western-zone","source_layer":"transport_point","source_osm_id":"7105222186","source_fclass":"railway_station","importance_rank":2,"importance":"regional_core"},"geometry":{"type":"Point","coordinates":[70.0781664,23.0764056]}},{"type":"Feature","properties":{"id":"india-osm-logistics-southern-zone-transport-point-4261047361","name":"Adirampattinam","hub_type":"rail_cargo_station","operator_classification":"other","source_operator":"","source_region":"southern-zone","source_layer":"transport_point","source_osm_id":"4261047361","source_fclass":"railway_station","importance_rank":2,"importance":"regional_core"},"geometry":{"type":"Point","coordinates":[79.384877,10.3319451]}},{"type":"Feature","properties":{"id":"india-osm-logistics-eastern-zone-transport-point-7576345800","name":"Adisaptagram","hub_type":"rail_cargo_station","operator_classification":"other","source_operator":"","source_region":"eastern-zone","source_layer":"transport_point","source_osm_id":"7576345800","source_fclass":"railway_station","importance_rank":2,"importance":"regional_core"},"geometry":{"type":"Point","coordinates":[88.3789569,22.9549222]}},{"type":"Feature","properties":{"id":"india-osm-logistics-western-zone-transport-point-6746963285","name":"Aditpara","hub_type":"rail_cargo_station","operator_classification":"other","source_operator":"","source_region":"western-zone","source_layer":"transport_point","source_osm_id":"6746963285","source_fclass":"railway_station","importance_rank":2,"importance":"regional_core"},"geometry":{"type":"Point","coordinates":[69.6729857,21.6698876]}},{"type":"Feature","properties":{"id":"india-osm-logistics-eastern-zone-transport-point-1323455436","name":"Adityapur","hub_type":"rail_cargo_station","operator_classification":"other","source_operator":"","source_region":"eastern-zone","source_layer":"transport_point","source_osm_id":"1323455436","source_fclass":"railway_station","importance_rank":2,"importance":"regional_core"},"geometry":{"type":"Point","coordinates":[86.1590356,22.7826736]}},{"type":"Feature","properties":{"id":"india-osm-logistics-southern-zone-transport-point-5303104762","name":"Adiyakkamangalam","hub_type":"rail_cargo_station","operator_classification":"other","source_operator":"","source_region":"southern-zone","source_layer":"transport_point","source_osm_id":"5303104762","source_fclass":"railway_station","importance_rank":2,"importance":"regional_core"},"geometry":{"type":"Point","coordinates":[79.6816603,10.7573645]}},{"type":"Feature","properties":{"id":"india-osm-logistics-southern-zone-transport-point-687033552","name":"Adoni","hub_type":"rail_cargo_station","operator_classification":"other","source_operator":"","source_region":"southern-zone","source_layer":"transport_point","source_osm_id":"687033552","source_fclass":"railway_station","importance_rank":2,"importance":"regional_core"},"geometry":{"type":"Point","coordinates":[77.2746943,15.6176141]}},{"type":"Feature","properties":{"id":"india-osm-logistics-western-zone-transport-point-4254273833","name":"Adpai Ferry","hub_type":"truck_terminal","operator_classification":"other","source_operator":"","source_region":"western-zone","source_layer":"transport_point","source_osm_id":"4254273833","source_fclass":"ferry_terminal","importance_rank":2,"importance":"regional_core"},"geometry":{"type":"Point","coordinates":[73.9667362,15.3702379]}},{"type":"Feature","properties":{"id":"india-osm-logistics-eastern-zone-transport-point-7660507468","name":"Adra Junction","hub_type":"rail_cargo_station","operator_classification":"other","source_operator":"","source_region":"eastern-zone","source_layer":"transport_point","source_osm_id":"7660507468","source_fclass":"railway_station","importance_rank":2,"importance":"regional_core"},"geometry":{"type":"Point","coordinates":[86.6746476,23.495768]}},{"type":"Feature","properties":{"id":"india-osm-logistics-western-zone-transport-point-3455747180","name":"Adraj Moti","hub_type":"rail_cargo_station","operator_classification":"other","source_operator":"","source_region":"western-zone","source_layer":"transport_point","source_osm_id":"3455747180","source_fclass":"railway_station","importance_rank":2,"importance":"regional_core"},"geometry":{"type":"Point","coordinates":[72.5651572,23.2582064]}},{"type":"Feature","properties":{"id":"india-osm-logistics-southern-zone-transport-point-7512567895","name":"Adurupalli","hub_type":"rail_cargo_station","operator_classification":"other","source_operator":"","source_region":"southern-zone","source_layer":"transport_point","source_osm_id":"7512567895","source_fclass":"railway_station","importance_rank":2,"importance":"regional_core"},"geometry":{"type":"Point","coordinates":[79.6133897,14.2759272]}},{"type":"Feature","properties":{"id":"india-osm-logistics-southern-zone-transport-point-5300783990","name":"Aduturai","hub_type":"rail_cargo_station","operator_classification":"other","source_operator":"","source_region":"southern-zone","source_layer":"transport_point","source_osm_id":"5300783990","source_fclass":"railway_station","importance_rank":2,"importance":"regional_core"},"geometry":{"type":"Point","coordinates":[79.4784333,11.0090995]}},{"type":"Feature","properties":{"id":"india-osm-logistics-southern-zone-transport-point-5301740123","name":"Agaram Sibbandi","hub_type":"rail_cargo_station","operator_classification":"other","source_operator":"","source_region":"southern-zone","source_layer":"transport_point","source_osm_id":"5301740123","source_fclass":"railway_station","importance_rank":2,"importance":"regional_core"},"geometry":{"type":"Point","coordinates":[79.1022989,12.3909457]}},{"type":"Feature","properties":{"id":"india-osm-logistics-eastern-zone-transport-point-1935597017","name":"Agarpara","hub_type":"rail_cargo_station","operator_classification":"other","source_operator":"","source_region":"eastern-zone","source_layer":"transport_point","source_osm_id":"1935597017","source_fclass":"railway_station","importance_rank":2,"importance":"regional_core"},"geometry":{"type":"Point","coordinates":[88.3853645,22.6828782]}},{"type":"Feature","properties":{"id":"india-osm-logistics-north-eastern-zone-transport-point-715178411","name":"Agartala","hub_type":"rail_cargo_station","operator_classification":"other","source_operator":"","source_region":"north-eastern-zone","source_layer":"transport_point","source_osm_id":"715178411","source_fclass":"railway_station","importance_rank":2,"importance":"regional_core"},"geometry":{"type":"Point","coordinates":[91.2785939,23.7929171]}},{"type":"Feature","properties":{"id":"india-osm-logistics-central-zone-transport-point-806524070","name":"Agasod","hub_type":"rail_cargo_station","operator_classification":"other","source_operator":"","source_region":"central-zone","source_layer":"transport_point","source_osm_id":"806524070","source_fclass":"railway_station","importance_rank":2,"importance":"regional_core"},"geometry":{"type":"Point","coordinates":[78.2176203,24.2339629]}},{"type":"Feature","properties":{"id":"india-osm-logistics-southern-zone-transport-point-1666747628","name":"Agastiyampalli","hub_type":"rail_cargo_station","operator_classification":"other","source_operator":"","source_region":"southern-zone","source_layer":"transport_point","source_osm_id":"1666747628","source_fclass":"railway_station","importance_rank":2,"importance":"regional_core"},"geometry":{"type":"Point","coordinates":[79.8502088,10.3550473]}},{"type":"Feature","properties":{"id":"india-osm-logistics-southern-zone-transport-point-1598750099","name":"Agatti","hub_type":"truck_terminal","operator_classification":"other","source_operator":"","source_region":"southern-zone","source_layer":"transport_point","source_osm_id":"1598750099","source_fclass":"ferry_terminal","importance_rank":2,"importance":"regional_core"},"geometry":{"type":"Point","coordinates":[72.1924184,10.8676713]}},{"type":"Feature","properties":{"id":"india-osm-logistics-north-eastern-zone-transport-point-6166426057","name":"Agomoni","hub_type":"rail_cargo_station","operator_classification":"other","source_operator":"","source_region":"north-eastern-zone","source_layer":"transport_point","source_osm_id":"6166426057","source_fclass":"railway_station","importance_rank":2,"importance":"regional_core"},"geometry":{"type":"Point","coordinates":[89.7659102,26.2779157]}},{"type":"Feature","properties":{"id":"india-osm-logistics-central-zone-transport-point-4845525976","name":"Agori Khas","hub_type":"rail_cargo_station","operator_classification":"other","source_operator":"","source_region":"central-zone","source_layer":"transport_point","source_osm_id":"4845525976","source_fclass":"railway_station","importance_rank":2,"importance":"regional_core"},"geometry":{"type":"Point","coordinates":[83.0552396,24.5969888]}},{"type":"Feature","properties":{"id":"india-osm-logistics-central-zone-transport-point-458972632","name":"Agra Cantonment Junction","hub_type":"rail_cargo_station","operator_classification":"other","source_operator":"","source_region":"central-zone","source_layer":"transport_point","source_osm_id":"458972632","source_fclass":"railway_station","importance_rank":2,"importance":"regional_core"},"geometry":{"type":"Point","coordinates":[77.9900478,27.1589527]}},{"type":"Feature","properties":{"id":"india-osm-logistics-central-zone-transport-point-2619025936","name":"Agra City","hub_type":"rail_cargo_station","operator_classification":"other","source_operator":"","source_region":"central-zone","source_layer":"transport_point","source_osm_id":"2619025936","source_fclass":"railway_station","importance_rank":2,"importance":"regional_core"},"geometry":{"type":"Point","coordinates":[78.0155191,27.1941308]}},{"type":"Feature","properties":{"id":"india-osm-logistics-central-zone-transport-point-11716178038","name":"Agra Fort","hub_type":"rail_cargo_station","operator_classification":"other","source_operator":"","source_region":"central-zone","source_layer":"transport_point","source_osm_id":"11716178038","source_fclass":"railway_station","importance_rank":2,"importance":"regional_core"},"geometry":{"type":"Point","coordinates":[78.0187128,27.1830031]}},{"type":"Feature","properties":{"id":"india-osm-logistics-eastern-zone-transport-point-1766031392","name":"Agradwip","hub_type":"rail_cargo_station","operator_classification":"other","source_operator":"","source_region":"eastern-zone","source_layer":"transport_point","source_osm_id":"1766031392","source_fclass":"railway_station","importance_rank":2,"importance":"regional_core"},"geometry":{"type":"Point","coordinates":[88.2262877,23.5812168]}},{"type":"Feature","properties":{"id":"india-osm-logistics-western-zone-transport-point-2466522091","name":"Agran Dhulgaon","hub_type":"rail_cargo_station","operator_classification":"other","source_operator":"","source_region":"western-zone","source_layer":"transport_point","source_osm_id":"2466522091","source_fclass":"railway_station","importance_rank":2,"importance":"regional_core"},"geometry":{"type":"Point","coordinates":[74.9216149,16.9551907]}},{"type":"Feature","properties":{"id":"india-osm-logistics-western-zone-transport-point-7944686038","name":"Agrasen Square","hub_type":"rail_cargo_station","operator_classification":"other","source_operator":"","source_region":"western-zone","source_layer":"transport_point","source_osm_id":"7944686038","source_fclass":"railway_station","importance_rank":2,"importance":"regional_core"},"geometry":{"type":"Point","coordinates":[79.1029132,21.1510532]}},{"type":"Feature","properties":{"id":"india-osm-logistics-western-zone-transport-point-7944597695","name":"Agriculture College","hub_type":"rail_cargo_station","operator_classification":"other","source_operator":"","source_region":"western-zone","source_layer":"transport_point","source_osm_id":"7944597695","source_fclass":"railway_station","importance_rank":2,"importance":"regional_core"},"geometry":{"type":"Point","coordinates":[73.8414867,18.533006]}},{"type":"Feature","properties":{"id":"india-osm-logistics-central-zone-transport-point-1270311869","name":"Agsauli","hub_type":"rail_cargo_station","operator_classification":"other","source_operator":"","source_region":"central-zone","source_layer":"transport_point","source_osm_id":"1270311869","source_fclass":"railway_station","importance_rank":2,"importance":"regional_core"},"geometry":{"type":"Point","coordinates":[78.4769933,27.7177848]}},{"type":"Feature","properties":{"id":"india-osm-logistics-north-eastern-zone-transport-point-6167541028","name":"Agthori","hub_type":"rail_cargo_station","operator_classification":"other","source_operator":"","source_region":"north-eastern-zone","source_layer":"transport_point","source_osm_id":"6167541028","source_fclass":"railway_station","importance_rank":2,"importance":"regional_core"},"geometry":{"type":"Point","coordinates":[91.6860097,26.198642]}},{"type":"Feature","properties":{"id":"india-osm-logistics-central-zone-transport-point-8999686412","name":"Ahalyapur","hub_type":"rail_cargo_station","operator_classification":"other","source_operator":"","source_region":"central-zone","source_layer":"transport_point","source_osm_id":"8999686412","source_fclass":"railway_station","importance_rank":2,"importance":"regional_core"},"geometry":{"type":"Point","coordinates":[83.824844,26.468381]}},{"type":"Feature","properties":{"id":"india-osm-logistics-central-zone-transport-point-1264297757","name":"Ahimanpur","hub_type":"rail_cargo_station","operator_classification":"other","source_operator":"","source_region":"central-zone","source_layer":"transport_point","source_osm_id":"1264297757","source_fclass":"railway_station","importance_rank":2,"importance":"regional_core"},"geometry":{"type":"Point","coordinates":[82.5115963,25.2522215]}},{"type":"Feature","properties":{"id":"india-osm-logistics-eastern-zone-transport-point-8999700625","name":"Ahiran","hub_type":"rail_cargo_station","operator_classification":"other","source_operator":"","source_region":"eastern-zone","source_layer":"transport_point","source_osm_id":"8999700625","source_fclass":"railway_station","importance_rank":2,"importance":"regional_core"},"geometry":{"type":"Point","coordinates":[88.0416132,24.5188681]}},{"type":"Feature","properties":{"id":"india-osm-logistics-eastern-zone-transport-point-1189457648","name":"Ahiritola Ghat","hub_type":"truck_terminal","operator_classification":"other","source_operator":"","source_region":"eastern-zone","source_layer":"transport_point","source_osm_id":"1189457648","source_fclass":"ferry_terminal","importance_rank":2,"importance":"regional_core"},"geometry":{"type":"Point","coordinates":[88.3532985,22.5963972]}},{"type":"Feature","properties":{"id":"india-osm-logistics-northern-zone-transport-point-3067941613","name":"Ahju","hub_type":"rail_cargo_station","operator_classification":"other","source_operator":"","source_region":"northern-zone","source_layer":"transport_point","source_osm_id":"3067941613","source_fclass":"railway_station","importance_rank":2,"importance":"regional_core"},"geometry":{"type":"Point","coordinates":[76.7068993,32.0240624]}},{"type":"Feature","properties":{"id":"india-osm-logistics-western-zone-transport-point-6171411112","name":"Ahmadnagar","hub_type":"rail_cargo_station","operator_classification":"other","source_operator":"","source_region":"western-zone","source_layer":"transport_point","source_osm_id":"6171411112","source_fclass":"railway_station","importance_rank":2,"importance":"regional_core"},"geometry":{"type":"Point","coordinates":[74.7219979,19.074352]}},{"type":"Feature","properties":{"id":"india-osm-logistics-eastern-zone-transport-point-9661442567","name":"Ahmadpur Junction","hub_type":"rail_cargo_station","operator_classification":"other","source_operator":"","source_region":"eastern-zone","source_layer":"transport_point","source_osm_id":"9661442567","source_fclass":"railway_station","importance_rank":2,"importance":"regional_core"},"geometry":{"type":"Point","coordinates":[87.6928046,23.8326766]}},{"type":"Feature","properties":{"id":"india-osm-logistics-western-zone-transport-point-2669084968","name":"Ahmedabad Junction","hub_type":"rail_cargo_station","operator_classification":"other","source_operator":"","source_region":"western-zone","source_layer":"transport_point","source_osm_id":"2669084968","source_fclass":"railway_station","importance_rank":2,"importance":"regional_core"},"geometry":{"type":"Point","coordinates":[72.601,23.0263312]}},{"type":"Feature","properties":{"id":"india-osm-logistics-northern-zone-transport-point-1208529511","name":"Ahmedgarh","hub_type":"rail_cargo_station","operator_classification":"other","source_operator":"","source_region":"northern-zone","source_layer":"transport_point","source_osm_id":"1208529511","source_fclass":"railway_station","importance_rank":2,"importance":"regional_core"},"geometry":{"type":"Point","coordinates":[75.8290011,30.6834952]}},{"type":"Feature","properties":{"id":"india-osm-logistics-central-zone-transport-point-7570415493","name":"Ahraura Road","hub_type":"rail_cargo_station","operator_classification":"other","source_operator":"","source_region":"central-zone","source_layer":"transport_point","source_osm_id":"7570415493","source_fclass":"railway_station","importance_rank":2,"importance":"regional_core"},"geometry":{"type":"Point","coordinates":[83.0192775,25.1965865]}},{"type":"Feature","properties":{"id":"india-osm-logistics-western-zone-transport-area-655146730","name":"Airoli","hub_type":"rail_cargo_station","operator_classification":"other","source_operator":"","source_region":"western-zone","source_layer":"transport_area","source_osm_id":"655146730","source_fclass":"railway_station","importance_rank":2,"importance":"regional_core"},"geometry":{"type":"Point","coordinates":[72.99940185331164,19.158514699999998]}},{"type":"Feature","properties":{"id":"india-osm-logistics-western-zone-transport-point-11368300694","name":"Airport","hub_type":"rail_cargo_station","operator_classification":"other","source_operator":"","source_region":"western-zone","source_layer":"transport_point","source_osm_id":"11368300694","source_fclass":"railway_station","importance_rank":2,"importance":"regional_core"},"geometry":{"type":"Point","coordinates":[79.0637884,21.0862162]}},{"type":"Feature","properties":{"id":"india-osm-logistics-western-zone-transport-point-9131712733","name":"Airport Colony Station","hub_type":"rail_cargo_station","operator_classification":"other","source_operator":"","source_region":"western-zone","source_layer":"transport_point","source_osm_id":"9131712733","source_fclass":"railway_station","importance_rank":2,"importance":"regional_core"},"geometry":{"type":"Point","coordinates":[72.854017,19.1058178]}},{"type":"Feature","properties":{"id":"india-osm-logistics-western-zone-transport-area-311841874","name":"Airport Road","hub_type":"rail_cargo_station","operator_classification":"other","source_operator":"","source_region":"western-zone","source_layer":"transport_area","source_osm_id":"311841874","source_fclass":"railway_station","importance_rank":2,"importance":"regional_core"},"geometry":{"type":"Point","coordinates":[72.87418438832113,19.1101296]}},{"type":"Feature","properties":{"id":"india-osm-logistics-western-zone-transport-point-11368300695","name":"Airport South","hub_type":"rail_cargo_station","operator_classification":"other","source_operator":"","source_region":"western-zone","source_layer":"transport_point","source_osm_id":"11368300695","source_fclass":"railway_station","importance_rank":2,"importance":"regional_core"},"geometry":{"type":"Point","coordinates":[79.0605257,21.0790559]}},{"type":"Feature","properties":{"id":"india-osm-logistics-central-zone-transport-point-7605969608","name":"Aishbagh","hub_type":"rail_cargo_station","operator_classification":"other","source_operator":"","source_region":"central-zone","source_layer":"transport_point","source_osm_id":"7605969608","source_fclass":"railway_station","importance_rank":2,"importance":"regional_core"},"geometry":{"type":"Point","coordinates":[80.9097954,26.837359]}},{"type":"Feature","properties":{"id":"india-osm-logistics-central-zone-transport-point-2075068278","name":"Ait Junction","hub_type":"rail_cargo_station","operator_classification":"other","source_operator":"","source_region":"central-zone","source_layer":"transport_point","source_osm_id":"2075068278","source_fclass":"railway_station","importance_rank":2,"importance":"regional_core"},"geometry":{"type":"Point","coordinates":[79.2296205,25.9028963]}},{"type":"Feature","properties":{"id":"india-osm-logistics-central-zone-transport-point-3865504297","name":"Aithal","hub_type":"rail_cargo_station","operator_classification":"other","source_operator":"","source_region":"central-zone","source_layer":"transport_point","source_osm_id":"3865504297","source_fclass":"railway_station","importance_rank":2,"importance":"regional_core"},"geometry":{"type":"Point","coordinates":[78.0439085,29.8080686]}},{"type":"Feature","properties":{"id":"india-osm-logistics-southern-zone-transport-point-5300868159","name":"Aiyanapuram","hub_type":"rail_cargo_station","operator_classification":"other","source_operator":"","source_region":"southern-zone","source_layer":"transport_point","source_osm_id":"5300868159","source_fclass":"railway_station","importance_rank":2,"importance":"regional_core"},"geometry":{"type":"Point","coordinates":[78.9388004,10.7878656]}}]}