{"type":"FeatureCollection","features":[{"type":"Feature","properties":{"id":"uk-osm-logistics-relation-14875697","name":"Birmingham Intermodal Freight Terminal","hub_type":"rail_cargo_station","operator_classification":"other","source_operator":"","osm_type":"relation","osm_id":"14875697","railway":"container_terminal","landuse":"industrial","industrial":"","amenity":"","freight":"","importance_rank":3,"importance":"national_core"},"geometry":{"type":"Point","coordinates":[-1.6340147,52.5907698]}},{"type":"Feature","properties":{"id":"uk-osm-logistics-way-1502729037","name":"Daventry International Rail Freight Terminal (DIRFT)","hub_type":"rail_cargo_station","operator_classification":"other","source_operator":"","osm_type":"way","osm_id":"1502729037","railway":"container_terminal","landuse":"industrial","industrial":"","amenity":"","freight":"","importance_rank":3,"importance":"national_core"},"geometry":{"type":"Point","coordinates":[-1.1674258,52.3477059]}},{"type":"Feature","properties":{"id":"uk-osm-logistics-relation-13598081","name":"Daventry International Rail Freight Terminal (DIRFT)","hub_type":"rail_cargo_station","operator_classification":"other","source_operator":"","osm_type":"relation","osm_id":"13598081","railway":"container_terminal","landuse":"industrial","industrial":"","amenity":"","freight":"","importance_rank":3,"importance":"national_core"},"geometry":{"type":"Point","coordinates":[-1.1756262,52.3578998]}},{"type":"Feature","properties":{"id":"uk-osm-logistics-relation-13598450","name":"Doncaster Railport","hub_type":"rail_cargo_station","operator_classification":"other","source_operator":"","osm_type":"relation","osm_id":"13598450","railway":"container_terminal","landuse":"industrial","industrial":"","amenity":"","freight":"","importance_rank":3,"importance":"national_core"},"geometry":{"type":"Point","coordinates":[-1.1214643,53.5059091]}},{"type":"Feature","properties":{"id":"uk-osm-logistics-relation-14361924","name":"Freightliner Leeds Terminal","hub_type":"rail_cargo_station","operator_classification":"private","source_operator":"Freightliner","osm_type":"relation","osm_id":"14361924","railway":"container_terminal","landuse":"industrial","industrial":"","amenity":"","freight":"","importance_rank":3,"importance":"national_core"},"geometry":{"type":"Point","coordinates":[-1.5093558,53.7685496]}},{"type":"Feature","properties":{"id":"uk-osm-logistics-way-49499353","name":"Hams Hall Rail Freight Terminal","hub_type":"rail_cargo_station","operator_classification":"private","source_operator":"Associated British Ports","osm_type":"way","osm_id":"49499353","railway":"container_terminal","landuse":"industrial","industrial":"intermodal_freight_terminal","amenity":"","freight":"","importance_rank":3,"importance":"national_core"},"geometry":{"type":"Point","coordinates":[-1.7037034,52.5178327]}},{"type":"Feature","properties":{"id":"uk-osm-logistics-relation-14875708","name":"Liverpool Terminal","hub_type":"rail_cargo_station","operator_classification":"private","source_operator":"Freightliner","osm_type":"relation","osm_id":"14875708","railway":"container_terminal","landuse":"railway","industrial":"","amenity":"","freight":"","importance_rank":3,"importance":"national_core"},"geometry":{"type":"Point","coordinates":[-2.9026201,53.3535482]}},{"type":"Feature","properties":{"id":"uk-osm-logistics-relation-13934639","name":"Manchester Container Terminal","hub_type":"rail_cargo_station","operator_classification":"other","source_operator":"","osm_type":"relation","osm_id":"13934639","railway":"container_terminal","landuse":"industrial","industrial":"","amenity":"","freight":"","importance_rank":3,"importance":"national_core"},"geometry":{"type":"Point","coordinates":[-2.3045401,53.4581529]}},{"type":"Feature","properties":{"id":"uk-osm-logistics-way-1313859093","name":"Needlefield Depot","hub_type":"rail_cargo_station","operator_classification":"private","source_operator":"Russell Logistics / DRS","osm_type":"way","osm_id":"1313859093","railway":"container_terminal","landuse":"industrial","industrial":"logistics","amenity":"","freight":"","importance_rank":3,"importance":"national_core"},"geometry":{"type":"Point","coordinates":[-4.2189792,57.4827045]}},{"type":"Feature","properties":{"id":"uk-osm-logistics-relation-13934640","name":"Trafford Park Euroterminal","hub_type":"rail_cargo_station","operator_classification":"other","source_operator":"","osm_type":"relation","osm_id":"13934640","railway":"container_terminal","landuse":"industrial","industrial":"","amenity":"","freight":"","importance_rank":3,"importance":"national_core"},"geometry":{"type":"Point","coordinates":[-2.2999431,53.4623201]}},{"type":"Feature","properties":{"id":"uk-osm-logistics-way-1396243805","name":"OSM logistics facility way/1396243805","hub_type":"rail_cargo_station","operator_classification":"other","source_operator":"","osm_type":"way","osm_id":"1396243805","railway":"container_terminal","landuse":"","industrial":"","amenity":"","freight":"","importance_rank":3,"importance":"national_core"},"geometry":{"type":"Point","coordinates":[-0.9130285,52.1839791]}},{"type":"Feature","properties":{"id":"uk-osm-logistics-way-836939685","name":"AC Sidings","hub_type":"rail_cargo_station","operator_classification":"other","source_operator":"","osm_type":"way","osm_id":"836939685","railway":"yard","landuse":"railway","industrial":"","amenity":"","freight":"","importance_rank":2,"importance":"regional_core"},"geometry":{"type":"Point","coordinates":[-0.0827978,51.3907845]}},{"type":"Feature","properties":{"id":"uk-osm-logistics-node-10209247164","name":"Abbey Foregate Yard","hub_type":"rail_cargo_station","operator_classification":"other","source_operator":"","osm_type":"node","osm_id":"10209247164","railway":"yard","landuse":"","industrial":"","amenity":"","freight":"","importance_rank":2,"importance":"regional_core"},"geometry":{"type":"Point","coordinates":[-2.744683,52.7098105]}},{"type":"Feature","properties":{"id":"uk-osm-logistics-way-916365468","name":"Aberdeen Craiginches Yard","hub_type":"rail_cargo_station","operator_classification":"other","source_operator":"","osm_type":"way","osm_id":"916365468","railway":"yard","landuse":"railway","industrial":"","amenity":"","freight":"","importance_rank":2,"importance":"regional_core"},"geometry":{"type":"Point","coordinates":[-2.0850161,57.1290985]}},{"type":"Feature","properties":{"id":"uk-osm-logistics-way-1099742687","name":"Acton Works","hub_type":"rail_cargo_station","operator_classification":"private","source_operator":"Transport for London","osm_type":"way","osm_id":"1099742687","railway":"yard","landuse":"railway","industrial":"","amenity":"","freight":"","importance_rank":2,"importance":"regional_core"},"geometry":{"type":"Point","coordinates":[-0.2769485,51.4977628]}},{"type":"Feature","properties":{"id":"uk-osm-logistics-node-8408154311","name":"Allerton Depot","hub_type":"rail_cargo_station","operator_classification":"other","source_operator":"","osm_type":"node","osm_id":"8408154311","railway":"yard","landuse":"","industrial":"","amenity":"","freight":"","importance_rank":2,"importance":"regional_core"},"geometry":{"type":"Point","coordinates":[-2.8810782,53.3575217]}},{"type":"Feature","properties":{"id":"uk-osm-logistics-node-9954546853","name":"Alstom","hub_type":"rail_cargo_station","operator_classification":"other","source_operator":"","osm_type":"node","osm_id":"9954546853","railway":"yard","landuse":"","industrial":"","amenity":"","freight":"","importance_rank":2,"importance":"regional_core"},"geometry":{"type":"Point","coordinates":[-1.4592774,52.9088625]}},{"type":"Feature","properties":{"id":"uk-osm-logistics-node-8199871353","name":"Anchor Sidings","hub_type":"rail_cargo_station","operator_classification":"private","source_operator":"British Steel LTD","osm_type":"node","osm_id":"8199871353","railway":"yard","landuse":"","industrial":"","amenity":"","freight":"","importance_rank":2,"importance":"regional_core"},"geometry":{"type":"Point","coordinates":[-0.6129978,53.5975169]}},{"type":"Feature","properties":{"id":"uk-osm-logistics-way-558631770","name":"Ardgay Civil Engineer's Sidings","hub_type":"rail_cargo_station","operator_classification":"public","source_operator":"Network Rail","osm_type":"way","osm_id":"558631770","railway":"yard","landuse":"railway","industrial":"","amenity":"","freight":"","importance_rank":2,"importance":"regional_core"},"geometry":{"type":"Point","coordinates":[-4.3610795,57.8802149]}},{"type":"Feature","properties":{"id":"uk-osm-logistics-way-1262317738","name":"Ardwick Train Maintenance Depot","hub_type":"rail_cargo_station","operator_classification":"private","source_operator":"Siemens","osm_type":"way","osm_id":"1262317738","railway":"yard","landuse":"railway","industrial":"","amenity":"","freight":"","importance_rank":2,"importance":"regional_core"},"geometry":{"type":"Point","coordinates":[-2.2075056,53.4719134]}},{"type":"Feature","properties":{"id":"uk-osm-logistics-way-443197665","name":"Arthur Oakley Transport","hub_type":"truck_terminal","operator_classification":"other","source_operator":"","osm_type":"way","osm_id":"443197665","railway":"","landuse":"","industrial":"logistics","amenity":"","freight":"","importance_rank":2,"importance":"regional_core"},"geometry":{"type":"Point","coordinates":[-2.6846105,52.0351262]}},{"type":"Feature","properties":{"id":"uk-osm-logistics-node-9981604085","name":"Asfordby Depot","hub_type":"rail_cargo_station","operator_classification":"other","source_operator":"","osm_type":"node","osm_id":"9981604085","railway":"yard","landuse":"","industrial":"","amenity":"","freight":"","importance_rank":2,"importance":"regional_core"},"geometry":{"type":"Point","coordinates":[-0.9270786,52.7746264]}},{"type":"Feature","properties":{"id":"uk-osm-logistics-node-10221271260","name":"Ashford Train Depot","hub_type":"rail_cargo_station","operator_classification":"other","source_operator":"","osm_type":"node","osm_id":"10221271260","railway":"yard","landuse":"","industrial":"","amenity":"","freight":"","importance_rank":2,"importance":"regional_core"},"geometry":{"type":"Point","coordinates":[0.8831654,51.1408595]}},{"type":"Feature","properties":{"id":"uk-osm-logistics-node-8384972364","name":"Axiom Rail","hub_type":"rail_cargo_station","operator_classification":"other","source_operator":"","osm_type":"node","osm_id":"8384972364","railway":"yard","landuse":"","industrial":"","amenity":"","freight":"","importance_rank":2,"importance":"regional_core"},"geometry":{"type":"Point","coordinates":[-2.1797325,52.9919505]}},{"type":"Feature","properties":{"id":"uk-osm-logistics-way-97252917","name":"Axiom Rail","hub_type":"rail_cargo_station","operator_classification":"other","source_operator":"","osm_type":"way","osm_id":"97252917","railway":"yard","landuse":"industrial","industrial":"","amenity":"","freight":"","importance_rank":2,"importance":"regional_core"},"geometry":{"type":"Point","coordinates":[-2.1800562,52.9923739]}},{"type":"Feature","properties":{"id":"uk-osm-logistics-node-9419508833","name":"Aylesbury DMU Depot","hub_type":"rail_cargo_station","operator_classification":"other","source_operator":"","osm_type":"node","osm_id":"9419508833","railway":"yard","landuse":"","industrial":"","amenity":"","freight":"","importance_rank":2,"importance":"regional_core"},"geometry":{"type":"Point","coordinates":[-0.8175005,51.814192]}},{"type":"Feature","properties":{"id":"uk-osm-logistics-node-9370005411","name":"BMW Car Terminal","hub_type":"rail_cargo_station","operator_classification":"other","source_operator":"","osm_type":"node","osm_id":"9370005411","railway":"yard","landuse":"","industrial":"","amenity":"","freight":"","importance_rank":2,"importance":"regional_core"},"geometry":{"type":"Point","coordinates":[-1.1860868,51.7327117]}},{"type":"Feature","properties":{"id":"uk-osm-logistics-node-8602363665","name":"Balm Lane Goods Depot","hub_type":"rail_cargo_station","operator_classification":"other","source_operator":"","osm_type":"node","osm_id":"8602363665","railway":"yard","landuse":"","industrial":"","amenity":"","freight":"","importance_rank":2,"importance":"regional_core"},"geometry":{"type":"Point","coordinates":[-1.5273445,53.7742836]}},{"type":"Feature","properties":{"id":"uk-osm-logistics-node-10022685735","name":"Barassie Overhead Line Depot","hub_type":"rail_cargo_station","operator_classification":"other","source_operator":"","osm_type":"node","osm_id":"10022685735","railway":"yard","landuse":"","industrial":"","amenity":"","freight":"","importance_rank":2,"importance":"regional_core"},"geometry":{"type":"Point","coordinates":[-4.6495516,55.5551497]}},{"type":"Feature","properties":{"id":"uk-osm-logistics-node-9471442184","name":"Barking Freightliner Terminal","hub_type":"rail_cargo_station","operator_classification":"other","source_operator":"","osm_type":"node","osm_id":"9471442184","railway":"yard","landuse":"","industrial":"","amenity":"","freight":"","importance_rank":2,"importance":"regional_core"},"geometry":{"type":"Point","coordinates":[0.1264666,51.5275738]}},{"type":"Feature","properties":{"id":"uk-osm-logistics-node-6020086183","name":"Barton Hill Depot","hub_type":"rail_cargo_station","operator_classification":"other","source_operator":"","osm_type":"node","osm_id":"6020086183","railway":"yard","landuse":"","industrial":"","amenity":"","freight":"","importance_rank":2,"importance":"regional_core"},"geometry":{"type":"Point","coordinates":[-2.5709108,51.4530041]}},{"type":"Feature","properties":{"id":"uk-osm-logistics-node-13056884152","name":"Barton Mill Carriage Servicing Depot","hub_type":"rail_cargo_station","operator_classification":"private","source_operator":"South Western Railway","osm_type":"node","osm_id":"13056884152","railway":"yard","landuse":"","industrial":"","amenity":"","freight":"","importance_rank":2,"importance":"regional_core"},"geometry":{"type":"Point","coordinates":[-1.0800642,51.2697934]}},{"type":"Feature","properties":{"id":"uk-osm-logistics-node-8445869638","name":"Basford Hall Sidings","hub_type":"rail_cargo_station","operator_classification":"other","source_operator":"","osm_type":"node","osm_id":"8445869638","railway":"yard","landuse":"","industrial":"","amenity":"","freight":"","importance_rank":2,"importance":"regional_core"},"geometry":{"type":"Point","coordinates":[-2.4285531,53.0756174]}},{"type":"Feature","properties":{"id":"uk-osm-logistics-node-8626605172","name":"Bathgate Depot","hub_type":"rail_cargo_station","operator_classification":"other","source_operator":"","osm_type":"node","osm_id":"8626605172","railway":"yard","landuse":"","industrial":"","amenity":"","freight":"","importance_rank":2,"importance":"regional_core"},"geometry":{"type":"Point","coordinates":[-3.6347967,55.8961803]}},{"type":"Feature","properties":{"id":"uk-osm-logistics-node-8561511710","name":"Battleship Wharf","hub_type":"rail_cargo_station","operator_classification":"other","source_operator":"","osm_type":"node","osm_id":"8561511710","railway":"yard","landuse":"","industrial":"","amenity":"","freight":"","importance_rank":2,"importance":"regional_core"},"geometry":{"type":"Point","coordinates":[-1.514312,55.1391972]}},{"type":"Feature","properties":{"id":"uk-osm-logistics-way-163558980","name":"Beckton Depot Docklands Light Railway","hub_type":"rail_cargo_station","operator_classification":"private","source_operator":"Docklands Light Railway","osm_type":"way","osm_id":"163558980","railway":"yard","landuse":"railway","industrial":"","amenity":"","freight":"","importance_rank":2,"importance":"regional_core"},"geometry":{"type":"Point","coordinates":[0.0764009,51.5119162]}},{"type":"Feature","properties":{"id":"uk-osm-logistics-node-9415856926","name":"Bedford Cauldwell Walk Depot","hub_type":"rail_cargo_station","operator_classification":"private","source_operator":"Govia Thameslink Railway","osm_type":"node","osm_id":"9415856926","railway":"yard","landuse":"","industrial":"","amenity":"","freight":"","importance_rank":2,"importance":"regional_core"},"geometry":{"type":"Point","coordinates":[-0.4762239,52.1251133]}},{"type":"Feature","properties":{"id":"uk-osm-logistics-node-9415856925","name":"Bedford Jowett Sidings","hub_type":"rail_cargo_station","operator_classification":"other","source_operator":"","osm_type":"node","osm_id":"9415856925","railway":"yard","landuse":"","industrial":"","amenity":"","freight":"","importance_rank":2,"importance":"regional_core"},"geometry":{"type":"Point","coordinates":[-0.4763105,52.1334237]}},{"type":"Feature","properties":{"id":"uk-osm-logistics-node-8733789828","name":"Bedlington/Furnaceway Sidings","hub_type":"rail_cargo_station","operator_classification":"other","source_operator":"","osm_type":"node","osm_id":"8733789828","railway":"yard","landuse":"","industrial":"","amenity":"","freight":"","importance_rank":2,"importance":"regional_core"},"geometry":{"type":"Point","coordinates":[-1.565657,55.1372598]}},{"type":"Feature","properties":{"id":"uk-osm-logistics-relation-17005916","name":"Bellingham Carriage Sidings","hub_type":"rail_cargo_station","operator_classification":"other","source_operator":"","osm_type":"relation","osm_id":"17005916","railway":"yard","landuse":"","industrial":"","amenity":"","freight":"","importance_rank":2,"importance":"regional_core"},"geometry":{"type":"Point","coordinates":[-0.0183404,51.4302421]}},{"type":"Feature","properties":{"id":"uk-osm-logistics-node-9973370911","name":"Bescot Rail Depot","hub_type":"rail_cargo_station","operator_classification":"other","source_operator":"","osm_type":"node","osm_id":"9973370911","railway":"yard","landuse":"","industrial":"","amenity":"","freight":"","importance_rank":2,"importance":"regional_core"},"geometry":{"type":"Point","coordinates":[-1.9857332,52.5600096]}},{"type":"Feature","properties":{"id":"uk-osm-logistics-node-7841275164","name":"Birkdale Sidings","hub_type":"rail_cargo_station","operator_classification":"other","source_operator":"","osm_type":"node","osm_id":"7841275164","railway":"yard","landuse":"","industrial":"","amenity":"","freight":"","importance_rank":2,"importance":"regional_core"},"geometry":{"type":"Point","coordinates":[-2.9995132,53.644083]}},{"type":"Feature","properties":{"id":"uk-osm-logistics-node-8408101597","name":"Birkenhead North TMD","hub_type":"rail_cargo_station","operator_classification":"other","source_operator":"","osm_type":"node","osm_id":"8408101597","railway":"yard","landuse":"","industrial":"","amenity":"","freight":"","importance_rank":2,"importance":"regional_core"},"geometry":{"type":"Point","coordinates":[-3.0599491,53.4062292]}},{"type":"Feature","properties":{"id":"uk-osm-logistics-node-8454596168","name":"Birmingham Intermodal Freight Terminal","hub_type":"rail_cargo_station","operator_classification":"other","source_operator":"","osm_type":"node","osm_id":"8454596168","railway":"yard","landuse":"","industrial":"","amenity":"","freight":"","importance_rank":2,"importance":"regional_core"},"geometry":{"type":"Point","coordinates":[-1.6320817,52.5911572]}},{"type":"Feature","properties":{"id":"uk-osm-logistics-node-8687743142","name":"Blackburn King Street Traction Maintenance Depot","hub_type":"rail_cargo_station","operator_classification":"other","source_operator":"","osm_type":"node","osm_id":"8687743142","railway":"yard","landuse":"","industrial":"","amenity":"","freight":"","importance_rank":2,"importance":"regional_core"},"geometry":{"type":"Point","coordinates":[-2.4915115,53.7428146]}},{"type":"Feature","properties":{"id":"uk-osm-logistics-node-9990236519","name":"Blackpool Carriage Sidings","hub_type":"rail_cargo_station","operator_classification":"other","source_operator":"","osm_type":"node","osm_id":"9990236519","railway":"yard","landuse":"","industrial":"","amenity":"","freight":"","importance_rank":2,"importance":"regional_core"},"geometry":{"type":"Point","coordinates":[-3.0434777,53.8277834]}},{"type":"Feature","properties":{"id":"uk-osm-logistics-node-9416209399","name":"Bletchley Train Maintenance Depot","hub_type":"rail_cargo_station","operator_classification":"other","source_operator":"","osm_type":"node","osm_id":"9416209399","railway":"yard","landuse":"","industrial":"","amenity":"","freight":"","importance_rank":2,"importance":"regional_core"},"geometry":{"type":"Point","coordinates":[-0.7374358,52.0004696]}},{"type":"Feature","properties":{"id":"uk-osm-logistics-node-8509958521","name":"Boston Lodge Works","hub_type":"rail_cargo_station","operator_classification":"other","source_operator":"","osm_type":"node","osm_id":"8509958521","railway":"yard","landuse":"","industrial":"","amenity":"","freight":"","importance_rank":2,"importance":"regional_core"},"geometry":{"type":"Point","coordinates":[-4.106994,52.9193823]}},{"type":"Feature","properties":{"id":"uk-osm-logistics-node-9464518903","name":"Bounds Green Railway Depot","hub_type":"rail_cargo_station","operator_classification":"private","source_operator":"Hitachi","osm_type":"node","osm_id":"9464518903","railway":"yard","landuse":"","industrial":"","amenity":"","freight":"","importance_rank":2,"importance":"regional_core"},"geometry":{"type":"Point","coordinates":[-0.1229126,51.6016881]}},{"type":"Feature","properties":{"id":"uk-osm-logistics-node-10247529899","name":"Bournemouth Traction and Rolling Stock Maintenance Depot","hub_type":"rail_cargo_station","operator_classification":"other","source_operator":"","osm_type":"node","osm_id":"10247529899","railway":"yard","landuse":"","industrial":"","amenity":"","freight":"","importance_rank":2,"importance":"regional_core"},"geometry":{"type":"Point","coordinates":[-1.9075037,50.7259381]}},{"type":"Feature","properties":{"id":"uk-osm-logistics-node-9447654140","name":"Bow Goods Yard East","hub_type":"rail_cargo_station","operator_classification":"other","source_operator":"","osm_type":"node","osm_id":"9447654140","railway":"yard","landuse":"","industrial":"","amenity":"","freight":"","importance_rank":2,"importance":"regional_core"},"geometry":{"type":"Point","coordinates":[-0.0182081,51.5344155]}},{"type":"Feature","properties":{"id":"uk-osm-logistics-way-272544371","name":"Bow Goods Yard East","hub_type":"rail_cargo_station","operator_classification":"other","source_operator":"","osm_type":"way","osm_id":"272544371","railway":"yard","landuse":"industrial","industrial":"","amenity":"","freight":"","importance_rank":2,"importance":"regional_core"},"geometry":{"type":"Point","coordinates":[-0.0172117,51.5348939]}},{"type":"Feature","properties":{"id":"uk-osm-logistics-node-9447654141","name":"Bow Goods Yard West","hub_type":"rail_cargo_station","operator_classification":"other","source_operator":"","osm_type":"node","osm_id":"9447654141","railway":"yard","landuse":"","industrial":"","amenity":"","freight":"","importance_rank":2,"importance":"regional_core"},"geometry":{"type":"Point","coordinates":[-0.0199494,51.5332685]}},{"type":"Feature","properties":{"id":"uk-osm-logistics-way-952569824","name":"Bow Goods Yard West","hub_type":"rail_cargo_station","operator_classification":"other","source_operator":"","osm_type":"way","osm_id":"952569824","railway":"yard","landuse":"industrial","industrial":"depot","amenity":"","freight":"","importance_rank":2,"importance":"regional_core"},"geometry":{"type":"Point","coordinates":[-0.0201055,51.5331353]}},{"type":"Feature","properties":{"id":"uk-osm-logistics-node-8718714726","name":"Bridgeton Yard","hub_type":"rail_cargo_station","operator_classification":"other","source_operator":"","osm_type":"node","osm_id":"8718714726","railway":"yard","landuse":"","industrial":"","amenity":"","freight":"","importance_rank":2,"importance":"regional_core"},"geometry":{"type":"Point","coordinates":[-4.2140863,55.833733]}},{"type":"Feature","properties":{"id":"uk-osm-logistics-way-139238412","name":"Bridgnorth Motive Power Depot","hub_type":"rail_cargo_station","operator_classification":"other","source_operator":"","osm_type":"way","osm_id":"139238412","railway":"yard","landuse":"","industrial":"","amenity":"","freight":"","importance_rank":2,"importance":"regional_core"},"geometry":{"type":"Point","coordinates":[-2.4214646,52.5311745]}},{"type":"Feature","properties":{"id":"uk-osm-logistics-node-9922482654","name":"Bridgwater Freight Depot","hub_type":"rail_cargo_station","operator_classification":"other","source_operator":"","osm_type":"node","osm_id":"9922482654","railway":"yard","landuse":"","industrial":"","amenity":"","freight":"","importance_rank":2,"importance":"regional_core"},"geometry":{"type":"Point","coordinates":[-2.9912607,51.1302606]}},{"type":"Feature","properties":{"id":"uk-osm-logistics-node-9939324734","name":"Brierley Hill Freight and Steel Terminal","hub_type":"rail_cargo_station","operator_classification":"other","source_operator":"","osm_type":"node","osm_id":"9939324734","railway":"yard","landuse":"","industrial":"","amenity":"","freight":"","importance_rank":2,"importance":"regional_core"},"geometry":{"type":"Point","coordinates":[-2.1314957,52.4801423]}},{"type":"Feature","properties":{"id":"uk-osm-logistics-node-9931453190","name":"Brighton Lovers Walk Depot","hub_type":"rail_cargo_station","operator_classification":"other","source_operator":"","osm_type":"node","osm_id":"9931453190","railway":"yard","landuse":"","industrial":"","amenity":"","freight":"","importance_rank":2,"importance":"regional_core"},"geometry":{"type":"Point","coordinates":[-0.1459061,50.8353614]}},{"type":"Feature","properties":{"id":"uk-osm-logistics-way-1368736894","name":"Bring Cargo","hub_type":"truck_terminal","operator_classification":"other","source_operator":"","osm_type":"way","osm_id":"1368736894","railway":"","landuse":"","industrial":"logistics","amenity":"","freight":"","importance_rank":2,"importance":"regional_core"},"geometry":{"type":"Point","coordinates":[-0.1725161,53.6031928]}},{"type":"Feature","properties":{"id":"uk-osm-logistics-node-9921474625","name":"Bristol East Depot","hub_type":"rail_cargo_station","operator_classification":"other","source_operator":"","osm_type":"node","osm_id":"9921474625","railway":"yard","landuse":"","industrial":"","amenity":"","freight":"","importance_rank":2,"importance":"regional_core"},"geometry":{"type":"Point","coordinates":[-2.5537454,51.4486278]}},{"type":"Feature","properties":{"id":"uk-osm-logistics-node-9921534353","name":"Bristol West Depot","hub_type":"rail_cargo_station","operator_classification":"other","source_operator":"","osm_type":"node","osm_id":"9921534353","railway":"yard","landuse":"","industrial":"","amenity":"","freight":"","importance_rank":2,"importance":"regional_core"},"geometry":{"type":"Point","coordinates":[-2.6184076,51.430016]}},{"type":"Feature","properties":{"id":"uk-osm-logistics-node-5388017541","name":"Brora Civil Engineer's Sidings","hub_type":"rail_cargo_station","operator_classification":"public","source_operator":"Network Rail","osm_type":"node","osm_id":"5388017541","railway":"yard","landuse":"","industrial":"","amenity":"","freight":"","importance_rank":2,"importance":"regional_core"},"geometry":{"type":"Point","coordinates":[-3.8528028,58.0146538]}},{"type":"Feature","properties":{"id":"uk-osm-logistics-node-9397709604","name":"Buckley Wells Loco Yard","hub_type":"rail_cargo_station","operator_classification":"other","source_operator":"","osm_type":"node","osm_id":"9397709604","railway":"yard","landuse":"","industrial":"","amenity":"","freight":"","importance_rank":2,"importance":"regional_core"},"geometry":{"type":"Point","coordinates":[-2.3056832,53.5864516]}},{"type":"Feature","properties":{"id":"uk-osm-logistics-way-371360202","name":"Buffaload Logistics","hub_type":"truck_terminal","operator_classification":"other","source_operator":"","osm_type":"way","osm_id":"371360202","railway":"","landuse":"industrial","industrial":"logistics","amenity":"","freight":"","importance_rank":2,"importance":"regional_core"},"geometry":{"type":"Point","coordinates":[-0.2929234,52.3353001]}},{"type":"Feature","properties":{"id":"uk-osm-logistics-way-1368736890","name":"CBR Logistics","hub_type":"truck_terminal","operator_classification":"other","source_operator":"","osm_type":"way","osm_id":"1368736890","railway":"","landuse":"","industrial":"logistics","amenity":"","freight":"","importance_rank":2,"importance":"regional_core"},"geometry":{"type":"Point","coordinates":[-0.1743475,53.6036315]}},{"type":"Feature","properties":{"id":"uk-osm-logistics-way-174585833","name":"Cadder Depot","hub_type":"rail_cargo_station","operator_classification":"private","source_operator":"ScotRail","osm_type":"way","osm_id":"174585833","railway":"yard","landuse":"railway","industrial":"","amenity":"","freight":"","importance_rank":2,"importance":"regional_core"},"geometry":{"type":"Point","coordinates":[-4.1844747,55.9144816]}},{"type":"Feature","properties":{"id":"uk-osm-logistics-node-10023966591","name":"Caledonian Paper Mill","hub_type":"rail_cargo_station","operator_classification":"other","source_operator":"","osm_type":"node","osm_id":"10023966591","railway":"yard","landuse":"","industrial":"","amenity":"","freight":"","importance_rank":2,"importance":"regional_core"},"geometry":{"type":"Point","coordinates":[-4.6440858,55.5827413]}},{"type":"Feature","properties":{"id":"uk-osm-logistics-node-8600106941","name":"Canklow Freight Terminal","hub_type":"rail_cargo_station","operator_classification":"other","source_operator":"","osm_type":"node","osm_id":"8600106941","railway":"yard","landuse":"","industrial":"","amenity":"","freight":"","importance_rank":2,"importance":"regional_core"},"geometry":{"type":"Point","coordinates":[-1.3693309,53.4163641]}},{"type":"Feature","properties":{"id":"uk-osm-logistics-node-8572098526","name":"Carlisle Kingmoor Traction Maintenance Depot","hub_type":"rail_cargo_station","operator_classification":"other","source_operator":"","osm_type":"node","osm_id":"8572098526","railway":"yard","landuse":"","industrial":"","amenity":"","freight":"","importance_rank":2,"importance":"regional_core"},"geometry":{"type":"Point","coordinates":[-2.9597782,54.9082494]}},{"type":"Feature","properties":{"id":"uk-osm-logistics-way-1270661091","name":"Castle Donnington Distribution Depot","hub_type":"rail_cargo_station","operator_classification":"other","source_operator":"","osm_type":"way","osm_id":"1270661091","railway":"yard","landuse":"railway","industrial":"","amenity":"","freight":"","importance_rank":2,"importance":"regional_core"},"geometry":{"type":"Point","coordinates":[-1.3654765,52.8494362]}},{"type":"Feature","properties":{"id":"uk-osm-logistics-node-9397597945","name":"Castleton Rail Welding Depot","hub_type":"rail_cargo_station","operator_classification":"other","source_operator":"","osm_type":"node","osm_id":"9397597945","railway":"yard","landuse":"","industrial":"","amenity":"","freight":"","importance_rank":2,"importance":"regional_core"},"geometry":{"type":"Point","coordinates":[-2.1843382,53.5877997]}},{"type":"Feature","properties":{"id":"uk-osm-logistics-node-8454818974","name":"Central Rivers Railway Depot","hub_type":"rail_cargo_station","operator_classification":"other","source_operator":"","osm_type":"node","osm_id":"8454818974","railway":"yard","landuse":"","industrial":"","amenity":"","freight":"","importance_rank":2,"importance":"regional_core"},"geometry":{"type":"Point","coordinates":[-1.7044226,52.7551651]}},{"type":"Feature","properties":{"id":"uk-osm-logistics-node-840469342","name":"Chaddesden Sidings","hub_type":"rail_cargo_station","operator_classification":"other","source_operator":"","osm_type":"node","osm_id":"840469342","railway":"yard","landuse":"","industrial":"","amenity":"","freight":"","importance_rank":2,"importance":"regional_core"},"geometry":{"type":"Point","coordinates":[-1.4518518,52.9199308]}},{"type":"Feature","properties":{"id":"uk-osm-logistics-node-10217128151","name":"Chalk Sidings","hub_type":"rail_cargo_station","operator_classification":"other","source_operator":"","osm_type":"node","osm_id":"10217128151","railway":"yard","landuse":"","industrial":"","amenity":"","freight":"","importance_rank":2,"importance":"regional_core"},"geometry":{"type":"Point","coordinates":[-0.0813241,51.3910846]}},{"type":"Feature","properties":{"id":"uk-osm-logistics-way-836939686","name":"Chalk Sidings","hub_type":"rail_cargo_station","operator_classification":"other","source_operator":"","osm_type":"way","osm_id":"836939686","railway":"yard","landuse":"railway","industrial":"","amenity":"","freight":"","importance_rank":2,"importance":"regional_core"},"geometry":{"type":"Point","coordinates":[-0.0816322,51.3909849]}},{"type":"Feature","properties":{"id":"uk-osm-logistics-node-8390236555","name":"Cheddleton","hub_type":"rail_cargo_station","operator_classification":"private","source_operator":"Churnet Valley Railway","osm_type":"node","osm_id":"8390236555","railway":"yard","landuse":"","industrial":"","amenity":"","freight":"","importance_rank":2,"importance":"regional_core"},"geometry":{"type":"Point","coordinates":[-2.0260513,53.0641897]}},{"type":"Feature","properties":{"id":"uk-osm-logistics-node-10175638597","name":"Chester Diesel Multiple Unit Depot","hub_type":"rail_cargo_station","operator_classification":"other","source_operator":"","osm_type":"node","osm_id":"10175638597","railway":"yard","landuse":"","industrial":"","amenity":"","freight":"","importance_rank":2,"importance":"regional_core"},"geometry":{"type":"Point","coordinates":[-2.8849445,53.1997917]}},{"type":"Feature","properties":{"id":"uk-osm-logistics-node-9450396428","name":"Chingford Carriage Sidings","hub_type":"rail_cargo_station","operator_classification":"other","source_operator":"","osm_type":"node","osm_id":"9450396428","railway":"yard","landuse":"","industrial":"","amenity":"","freight":"","importance_rank":2,"importance":"regional_core"},"geometry":{"type":"Point","coordinates":[0.0089228,51.6323511]}},{"type":"Feature","properties":{"id":"uk-osm-logistics-node-9450396429","name":"Chingford Carriage Sidings","hub_type":"rail_cargo_station","operator_classification":"other","source_operator":"","osm_type":"node","osm_id":"9450396429","railway":"yard","landuse":"","industrial":"","amenity":"","freight":"","importance_rank":2,"importance":"regional_core"},"geometry":{"type":"Point","coordinates":[0.0057755,51.6290957]}},{"type":"Feature","properties":{"id":"uk-osm-logistics-node-7847545343","name":"Church Path Turnback Sidings","hub_type":"rail_cargo_station","operator_classification":"other","source_operator":"","osm_type":"node","osm_id":"7847545343","railway":"yard","landuse":"","industrial":"","amenity":"","freight":"","importance_rank":2,"importance":"regional_core"},"geometry":{"type":"Point","coordinates":[0.3341436,51.4405863]}},{"type":"Feature","properties":{"id":"uk-osm-logistics-node-9324290815","name":"Clapham Junction Traincare Depot","hub_type":"rail_cargo_station","operator_classification":"other","source_operator":"","osm_type":"node","osm_id":"9324290815","railway":"yard","landuse":"","industrial":"","amenity":"","freight":"","importance_rank":2,"importance":"regional_core"},"geometry":{"type":"Point","coordinates":[-0.1733467,51.4630658]}},{"type":"Feature","properties":{"id":"uk-osm-logistics-way-972643395","name":"Clapham Traincare Depot","hub_type":"rail_cargo_station","operator_classification":"other","source_operator":"","osm_type":"way","osm_id":"972643395","railway":"yard","landuse":"railway","industrial":"","amenity":"","freight":"","importance_rank":2,"importance":"regional_core"},"geometry":{"type":"Point","coordinates":[-0.1735568,51.4630025]}},{"type":"Feature","properties":{"id":"uk-osm-logistics-way-1083286561","name":"Clayhills Depot","hub_type":"rail_cargo_station","operator_classification":"private","source_operator":"LNER","osm_type":"way","osm_id":"1083286561","railway":"yard","landuse":"railway","industrial":"","amenity":"","freight":"","importance_rank":2,"importance":"regional_core"},"geometry":{"type":"Point","coordinates":[-2.0982235,57.1406855]}},{"type":"Feature","properties":{"id":"uk-osm-logistics-node-7650393696","name":"Coalfield Sidings","hub_type":"rail_cargo_station","operator_classification":"other","source_operator":"","osm_type":"node","osm_id":"7650393696","railway":"yard","landuse":"","industrial":"","amenity":"","freight":"","importance_rank":2,"importance":"regional_core"},"geometry":{"type":"Point","coordinates":[-2.5680893,51.4463142]}},{"type":"Feature","properties":{"id":"uk-osm-logistics-node-10199118946","name":"Cocklebury Sidings","hub_type":"rail_cargo_station","operator_classification":"other","source_operator":"","osm_type":"node","osm_id":"10199118946","railway":"yard","landuse":"","industrial":"","amenity":"","freight":"","importance_rank":2,"importance":"regional_core"},"geometry":{"type":"Point","coordinates":[-1.7803652,51.5675823]}},{"type":"Feature","properties":{"id":"uk-osm-logistics-node-13482092678","name":"Cooper's Metals Sidings","hub_type":"rail_cargo_station","operator_classification":"other","source_operator":"","osm_type":"node","osm_id":"13482092678","railway":"yard","landuse":"","industrial":"","amenity":"","freight":"","importance_rank":2,"importance":"regional_core"},"geometry":{"type":"Point","coordinates":[-1.9547054,52.5018876]}},{"type":"Feature","properties":{"id":"uk-osm-logistics-node-10208183725","name":"Corby Automotive Terminal","hub_type":"rail_cargo_station","operator_classification":"other","source_operator":"","osm_type":"node","osm_id":"10208183725","railway":"yard","landuse":"","industrial":"","amenity":"","freight":"","importance_rank":2,"importance":"regional_core"},"geometry":{"type":"Point","coordinates":[-0.6658634,52.4890802]}},{"type":"Feature","properties":{"id":"uk-osm-logistics-node-8551563006","name":"Coventry Depot","hub_type":"rail_cargo_station","operator_classification":"other","source_operator":"","osm_type":"node","osm_id":"8551563006","railway":"yard","landuse":"","industrial":"","amenity":"","freight":"","importance_rank":2,"importance":"regional_core"},"geometry":{"type":"Point","coordinates":[-1.5231101,52.4025212]}},{"type":"Feature","properties":{"id":"uk-osm-logistics-node-8677603640","name":"Craigentinny Train Maintenance Centre","hub_type":"rail_cargo_station","operator_classification":"other","source_operator":"","osm_type":"node","osm_id":"8677603640","railway":"yard","landuse":"","industrial":"","amenity":"","freight":"","importance_rank":2,"importance":"regional_core"},"geometry":{"type":"Point","coordinates":[-3.1257851,55.9526187]}},{"type":"Feature","properties":{"id":"uk-osm-logistics-node-13200665564","name":"Craiginches Down Sidings","hub_type":"rail_cargo_station","operator_classification":"other","source_operator":"","osm_type":"node","osm_id":"13200665564","railway":"yard","landuse":"","industrial":"","amenity":"","freight":"","importance_rank":2,"importance":"regional_core"},"geometry":{"type":"Point","coordinates":[-2.083607,57.1288302]}},{"type":"Feature","properties":{"id":"uk-osm-logistics-node-13200665565","name":"Craiginches Up Yard","hub_type":"rail_cargo_station","operator_classification":"other","source_operator":"","osm_type":"node","osm_id":"13200665565","railway":"yard","landuse":"","industrial":"","amenity":"","freight":"","importance_rank":2,"importance":"regional_core"},"geometry":{"type":"Point","coordinates":[-2.0842548,57.1289808]}},{"type":"Feature","properties":{"id":"uk-osm-logistics-node-7479546682","name":"Cricklewood South Sidings","hub_type":"rail_cargo_station","operator_classification":"other","source_operator":"","osm_type":"node","osm_id":"7479546682","railway":"yard","landuse":"","industrial":"","amenity":"","freight":"","importance_rank":2,"importance":"regional_core"},"geometry":{"type":"Point","coordinates":[-0.2162448,51.5618328]}},{"type":"Feature","properties":{"id":"uk-osm-logistics-node-8611391196","name":"Crofton Train Maintenance Depot","hub_type":"rail_cargo_station","operator_classification":"other","source_operator":"","osm_type":"node","osm_id":"8611391196","railway":"yard","landuse":"","industrial":"","amenity":"","freight":"","importance_rank":2,"importance":"regional_core"},"geometry":{"type":"Point","coordinates":[-1.4457882,53.6664968]}},{"type":"Feature","properties":{"id":"uk-osm-logistics-node-8567993868","name":"Crown Point Depot","hub_type":"rail_cargo_station","operator_classification":"other","source_operator":"","osm_type":"node","osm_id":"8567993868","railway":"yard","landuse":"","industrial":"","amenity":"","freight":"","importance_rank":2,"importance":"regional_core"},"geometry":{"type":"Point","coordinates":[1.3173588,52.6223464]}},{"type":"Feature","properties":{"id":"uk-osm-logistics-node-9466965914","name":"DB Cargo Barking Eurohub","hub_type":"rail_cargo_station","operator_classification":"other","source_operator":"","osm_type":"node","osm_id":"9466965914","railway":"yard","landuse":"","industrial":"","amenity":"","freight":"","importance_rank":2,"importance":"regional_core"},"geometry":{"type":"Point","coordinates":[0.1276693,51.5291392]}},{"type":"Feature","properties":{"id":"uk-osm-logistics-node-8928594702","name":"DB Cargo Trent Sidings","hub_type":"rail_cargo_station","operator_classification":"private","source_operator":"DB Cargo UK LTD","osm_type":"node","osm_id":"8928594702","railway":"yard","landuse":"","industrial":"","amenity":"","freight":"","importance_rank":2,"importance":"regional_core"},"geometry":{"type":"Point","coordinates":[-0.622594,53.5935853]}},{"type":"Feature","properties":{"id":"uk-osm-logistics-node-9399687520","name":"DB Grangemouth Logistics Centre","hub_type":"rail_cargo_station","operator_classification":"other","source_operator":"","osm_type":"node","osm_id":"9399687520","railway":"yard","landuse":"","industrial":"","amenity":"","freight":"","importance_rank":2,"importance":"regional_core"},"geometry":{"type":"Point","coordinates":[-3.7442717,56.0084865]}},{"type":"Feature","properties":{"id":"uk-osm-logistics-node-13299165261","name":"Dalcross Freight Facility","hub_type":"rail_cargo_station","operator_classification":"other","source_operator":"","osm_type":"node","osm_id":"13299165261","railway":"yard","landuse":"","industrial":"","amenity":"","freight":"","importance_rank":2,"importance":"regional_core"},"geometry":{"type":"Point","coordinates":[-4.0796578,57.5225752]}},{"type":"Feature","properties":{"id":"uk-osm-logistics-node-9924531629","name":"Daventry International Rail Freight Terminal","hub_type":"rail_cargo_station","operator_classification":"private","source_operator":"Freightliner, DB, GBRf, DRS","osm_type":"node","osm_id":"9924531629","railway":"yard","landuse":"","industrial":"","amenity":"","freight":"","importance_rank":2,"importance":"regional_core"},"geometry":{"type":"Point","coordinates":[-1.1683185,52.3478269]}},{"type":"Feature","properties":{"id":"uk-osm-logistics-node-8725993938","name":"Deanside Intermodal","hub_type":"rail_cargo_station","operator_classification":"other","source_operator":"","osm_type":"node","osm_id":"8725993938","railway":"yard","landuse":"","industrial":"","amenity":"","freight":"","importance_rank":2,"importance":"regional_core"},"geometry":{"type":"Point","coordinates":[-4.3591722,55.8629944]}},{"type":"Feature","properties":{"id":"uk-osm-logistics-node-8407888386","name":"Dee Marsh Shotton Works Sidings","hub_type":"rail_cargo_station","operator_classification":"other","source_operator":"","osm_type":"node","osm_id":"8407888386","railway":"yard","landuse":"","industrial":"","amenity":"","freight":"","importance_rank":2,"importance":"regional_core"},"geometry":{"type":"Point","coordinates":[-3.0271497,53.2264097]}},{"type":"Feature","properties":{"id":"uk-osm-logistics-node-8492059316","name":"Defence Storage and Distribution Centre","hub_type":"rail_cargo_station","operator_classification":"other","source_operator":"","osm_type":"node","osm_id":"8492059316","railway":"yard","landuse":"","industrial":"","amenity":"","freight":"","importance_rank":2,"importance":"regional_core"},"geometry":{"type":"Point","coordinates":[-2.1024914,52.0028579]}},{"type":"Feature","properties":{"id":"uk-osm-logistics-node-5388011057","name":"Dingwall Civil Engineer","hub_type":"rail_cargo_station","operator_classification":"public","source_operator":"Network Rail","osm_type":"node","osm_id":"5388011057","railway":"yard","landuse":"","industrial":"","amenity":"","freight":"","importance_rank":2,"importance":"regional_core"},"geometry":{"type":"Point","coordinates":[-4.4228607,57.5928355]}},{"type":"Feature","properties":{"id":"uk-osm-logistics-node-8657017621","name":"Ditton Reception Sidings","hub_type":"rail_cargo_station","operator_classification":"other","source_operator":"","osm_type":"node","osm_id":"8657017621","railway":"yard","landuse":"","industrial":"","amenity":"","freight":"","importance_rank":2,"importance":"regional_core"},"geometry":{"type":"Point","coordinates":[-2.7751087,53.355877]}},{"type":"Feature","properties":{"id":"uk-osm-logistics-way-132047157","name":"Dollands Moor Freight Yard","hub_type":"rail_cargo_station","operator_classification":"other","source_operator":"","osm_type":"way","osm_id":"132047157","railway":"yard","landuse":"railway","industrial":"","amenity":"","freight":"","importance_rank":2,"importance":"regional_core"},"geometry":{"type":"Point","coordinates":[1.0987759,51.0919273]}},{"type":"Feature","properties":{"id":"uk-osm-logistics-node-9407892026","name":"Drax Power Station","hub_type":"rail_cargo_station","operator_classification":"other","source_operator":"","osm_type":"node","osm_id":"9407892026","railway":"yard","landuse":"","industrial":"","amenity":"","freight":"","importance_rank":2,"importance":"regional_core"},"geometry":{"type":"Point","coordinates":[-1.0016665,53.7349953]}},{"type":"Feature","properties":{"id":"uk-osm-logistics-way-1415342258","name":"East Ham Depot","hub_type":"rail_cargo_station","operator_classification":"other","source_operator":"","osm_type":"way","osm_id":"1415342258","railway":"yard","landuse":"railway","industrial":"","amenity":"","freight":"","importance_rank":2,"importance":"regional_core"},"geometry":{"type":"Point","coordinates":[0.0592252,51.5415342]}},{"type":"Feature","properties":{"id":"uk-osm-logistics-node-10172468379","name":"East Midlands Gateway Terminal DB Cargo","hub_type":"rail_cargo_station","operator_classification":"other","source_operator":"","osm_type":"node","osm_id":"10172468379","railway":"yard","landuse":"","industrial":"","amenity":"","freight":"","importance_rank":2,"importance":"regional_core"},"geometry":{"type":"Point","coordinates":[-1.299897,52.839665]}},{"type":"Feature","properties":{"id":"uk-osm-logistics-node-10199441758","name":"East Usk Junction Marshalling Yard","hub_type":"rail_cargo_station","operator_classification":"other","source_operator":"","osm_type":"node","osm_id":"10199441758","railway":"yard","landuse":"","industrial":"","amenity":"","freight":"","importance_rank":2,"importance":"regional_core"},"geometry":{"type":"Point","coordinates":[-2.9730036,51.5868134]}},{"type":"Feature","properties":{"id":"uk-osm-logistics-way-146404874","name":"Eastfield Depot","hub_type":"rail_cargo_station","operator_classification":"private","source_operator":"Scotrail","osm_type":"way","osm_id":"146404874","railway":"yard","landuse":"railway","industrial":"","amenity":"","freight":"","importance_rank":2,"importance":"regional_core"},"geometry":{"type":"Point","coordinates":[-4.2394335,55.8911454]}},{"type":"Feature","properties":{"id":"uk-osm-logistics-node-9334208180","name":"Eastleigh Train and Rolling Stock Maintenance Depot","hub_type":"rail_cargo_station","operator_classification":"other","source_operator":"","osm_type":"node","osm_id":"9334208180","railway":"yard","landuse":"","industrial":"","amenity":"","freight":"","importance_rank":2,"importance":"regional_core"},"geometry":{"type":"Point","coordinates":[-1.3470271,50.9615256]}},{"type":"Feature","properties":{"id":"uk-osm-logistics-node-10054151866","name":"Electro-Motive Diesel","hub_type":"rail_cargo_station","operator_classification":"private","source_operator":"Electro-Motive","osm_type":"node","osm_id":"10054151866","railway":"yard","landuse":"","industrial":"","amenity":"","freight":"","importance_rank":2,"importance":"regional_core"},"geometry":{"type":"Point","coordinates":[-2.2169113,53.043698]}},{"type":"Feature","properties":{"id":"uk-osm-logistics-node-9432219330","name":"Elizabeth Line Plumstead Maintenance Depot","hub_type":"rail_cargo_station","operator_classification":"other","source_operator":"","osm_type":"node","osm_id":"9432219330","railway":"yard","landuse":"","industrial":"","amenity":"","freight":"","importance_rank":2,"importance":"regional_core"},"geometry":{"type":"Point","coordinates":[0.0977334,51.4911905]}},{"type":"Feature","properties":{"id":"uk-osm-logistics-node-9954546852","name":"Etches Park Rail Depot","hub_type":"rail_cargo_station","operator_classification":"other","source_operator":"","osm_type":"node","osm_id":"9954546852","railway":"yard","landuse":"","industrial":"","amenity":"","freight":"","importance_rank":2,"importance":"regional_core"},"geometry":{"type":"Point","coordinates":[-1.4590428,52.9118046]}},{"type":"Feature","properties":{"id":"uk-osm-logistics-node-8437268055","name":"Etruria North Sidings","hub_type":"rail_cargo_station","operator_classification":"other","source_operator":"","osm_type":"node","osm_id":"8437268055","railway":"yard","landuse":"","industrial":"","amenity":"","freight":"","importance_rank":2,"importance":"regional_core"},"geometry":{"type":"Point","coordinates":[-2.203412,53.0220262]}},{"type":"Feature","properties":{"id":"uk-osm-logistics-node-10212680460","name":"Eurotunnel Folkestone Terminal","hub_type":"rail_cargo_station","operator_classification":"other","source_operator":"","osm_type":"node","osm_id":"10212680460","railway":"yard","landuse":"","industrial":"","amenity":"","freight":"","importance_rank":2,"importance":"regional_core"},"geometry":{"type":"Point","coordinates":[1.1293965,51.0932234]}},{"type":"Feature","properties":{"id":"uk-osm-logistics-node-9954543752","name":"Exeter St David's Depot","hub_type":"rail_cargo_station","operator_classification":"other","source_operator":"","osm_type":"node","osm_id":"9954543752","railway":"yard","landuse":"","industrial":"","amenity":"","freight":"","importance_rank":2,"importance":"regional_core"},"geometry":{"type":"Point","coordinates":[-3.5446489,50.7301037]}},{"type":"Feature","properties":{"id":"uk-osm-logistics-node-9408417113","name":"Fairwater Freight Yard","hub_type":"rail_cargo_station","operator_classification":"other","source_operator":"","osm_type":"node","osm_id":"9408417113","railway":"yard","landuse":"","industrial":"","amenity":"","freight":"","importance_rank":2,"importance":"regional_core"},"geometry":{"type":"Point","coordinates":[-3.1237106,51.0245709]}},{"type":"Feature","properties":{"id":"uk-osm-logistics-node-9980153677","name":"Farnham Traincare Depot","hub_type":"rail_cargo_station","operator_classification":"other","source_operator":"","osm_type":"node","osm_id":"9980153677","railway":"yard","landuse":"","industrial":"","amenity":"","freight":"","importance_rank":2,"importance":"regional_core"},"geometry":{"type":"Point","coordinates":[-0.8107159,51.2050357]}},{"type":"Feature","properties":{"id":"uk-osm-logistics-node-8632296238","name":"Felixstowe Central Terminal","hub_type":"rail_cargo_station","operator_classification":"other","source_operator":"","osm_type":"node","osm_id":"8632296238","railway":"yard","landuse":"","industrial":"","amenity":"","freight":"","importance_rank":2,"importance":"regional_core"},"geometry":{"type":"Point","coordinates":[1.3100033,51.961331]}},{"type":"Feature","properties":{"id":"uk-osm-logistics-way-795805547","name":"Felixstowe Creek Sidings","hub_type":"rail_cargo_station","operator_classification":"other","source_operator":"","osm_type":"way","osm_id":"795805547","railway":"yard","landuse":"railway","industrial":"","amenity":"","freight":"","importance_rank":2,"importance":"regional_core"},"geometry":{"type":"Point","coordinates":[1.330466,51.950918]}},{"type":"Feature","properties":{"id":"uk-osm-logistics-node-9464523970","name":"Ferme Park Carriage Sidings","hub_type":"rail_cargo_station","operator_classification":"other","source_operator":"","osm_type":"node","osm_id":"9464523970","railway":"yard","landuse":"","industrial":"","amenity":"","freight":"","importance_rank":2,"importance":"regional_core"},"geometry":{"type":"Point","coordinates":[-0.1089952,51.5820086]}},{"type":"Feature","properties":{"id":"uk-osm-logistics-node-9464523971","name":"Ferme Park London Concrete","hub_type":"rail_cargo_station","operator_classification":"other","source_operator":"","osm_type":"node","osm_id":"9464523971","railway":"yard","landuse":"","industrial":"","amenity":"","freight":"","importance_rank":2,"importance":"regional_core"},"geometry":{"type":"Point","coordinates":[-0.1088448,51.580988]}},{"type":"Feature","properties":{"id":"uk-osm-logistics-node-9464523973","name":"Ferme Park Sidings","hub_type":"rail_cargo_station","operator_classification":"other","source_operator":"","osm_type":"node","osm_id":"9464523973","railway":"yard","landuse":"","industrial":"","amenity":"","freight":"","importance_rank":2,"importance":"regional_core"},"geometry":{"type":"Point","coordinates":[-0.1095337,51.5843895]}},{"type":"Feature","properties":{"id":"uk-osm-logistics-node-10217252572","name":"Field Sidings","hub_type":"rail_cargo_station","operator_classification":"other","source_operator":"","osm_type":"node","osm_id":"10217252572","railway":"yard","landuse":"","industrial":"","amenity":"","freight":"","importance_rank":2,"importance":"regional_core"},"geometry":{"type":"Point","coordinates":[-0.0847655,51.3889317]}},{"type":"Feature","properties":{"id":"uk-osm-logistics-node-9416265179","name":"Forders Sidings","hub_type":"rail_cargo_station","operator_classification":"other","source_operator":"","osm_type":"node","osm_id":"9416265179","railway":"yard","landuse":"","industrial":"","amenity":"","freight":"","importance_rank":2,"importance":"regional_core"},"geometry":{"type":"Point","coordinates":[-0.516839,52.0757395]}},{"type":"Feature","properties":{"id":"uk-osm-logistics-node-8404819538","name":"Fort William Yard","hub_type":"rail_cargo_station","operator_classification":"other","source_operator":"","osm_type":"node","osm_id":"8404819538","railway":"yard","landuse":"","industrial":"","amenity":"","freight":"","importance_rank":2,"importance":"regional_core"},"geometry":{"type":"Point","coordinates":[-5.0844417,56.8300043]}},{"type":"Feature","properties":{"id":"uk-osm-logistics-node-9929727072","name":"Fratton Traincare Depot","hub_type":"rail_cargo_station","operator_classification":"other","source_operator":"","osm_type":"node","osm_id":"9929727072","railway":"yard","landuse":"","industrial":"","amenity":"","freight":"","importance_rank":2,"importance":"regional_core"},"geometry":{"type":"Point","coordinates":[-1.0705543,50.7955881]}},{"type":"Feature","properties":{"id":"uk-osm-logistics-node-8391996091","name":"Freightliner Birmingham","hub_type":"rail_cargo_station","operator_classification":"other","source_operator":"","osm_type":"node","osm_id":"8391996091","railway":"yard","landuse":"","industrial":"","amenity":"","freight":"","importance_rank":2,"importance":"regional_core"},"geometry":{"type":"Point","coordinates":[-1.8672246,52.4857441]}},{"type":"Feature","properties":{"id":"uk-osm-logistics-node-9504412457","name":"Freightliner Birmingham","hub_type":"rail_cargo_station","operator_classification":"other","source_operator":"","osm_type":"node","osm_id":"9504412457","railway":"yard","landuse":"","industrial":"","amenity":"","freight":"","importance_rank":2,"importance":"regional_core"},"geometry":{"type":"Point","coordinates":[-1.8688307,52.4842332]}},{"type":"Feature","properties":{"id":"uk-osm-logistics-node-9397978656","name":"Freightliner Wagon Maintenance Facility","hub_type":"rail_cargo_station","operator_classification":"other","source_operator":"","osm_type":"node","osm_id":"9397978656","railway":"yard","landuse":"","industrial":"","amenity":"","freight":"","importance_rank":2,"importance":"regional_core"},"geometry":{"type":"Point","coordinates":[-2.1066071,53.4763302]}},{"type":"Feature","properties":{"id":"uk-osm-logistics-node-9962595268","name":"Frodingham TMD","hub_type":"rail_cargo_station","operator_classification":"other","source_operator":"","osm_type":"node","osm_id":"9962595268","railway":"yard","landuse":"","industrial":"","amenity":"","freight":"","importance_rank":2,"importance":"regional_core"},"geometry":{"type":"Point","coordinates":[-0.6336477,53.5920898]}},{"type":"Feature","properties":{"id":"uk-osm-logistics-node-9402315756","name":"Gartsherrie Freightliner Depot","hub_type":"rail_cargo_station","operator_classification":"other","source_operator":"","osm_type":"node","osm_id":"9402315756","railway":"yard","landuse":"","industrial":"","amenity":"","freight":"","importance_rank":2,"importance":"regional_core"},"geometry":{"type":"Point","coordinates":[-4.0404089,55.8720641]}},{"type":"Feature","properties":{"id":"uk-osm-logistics-node-11162687875","name":"Gascoigne Wood Up Sidings","hub_type":"rail_cargo_station","operator_classification":"other","source_operator":"","osm_type":"node","osm_id":"11162687875","railway":"yard","landuse":"","industrial":"","amenity":"","freight":"","importance_rank":2,"importance":"regional_core"},"geometry":{"type":"Point","coordinates":[-1.202779,53.7784141]}},{"type":"Feature","properties":{"id":"uk-osm-logistics-node-8404601310","name":"Georgemas Junction Freight Terminal","hub_type":"rail_cargo_station","operator_classification":"other","source_operator":"","osm_type":"node","osm_id":"8404601310","railway":"yard","landuse":"","industrial":"","amenity":"","freight":"","importance_rank":2,"importance":"regional_core"},"geometry":{"type":"Point","coordinates":[-3.4527219,58.5131188]}},{"type":"Feature","properties":{"id":"uk-osm-logistics-node-9450526547","name":"Gidea Park Carriage Sidings","hub_type":"rail_cargo_station","operator_classification":"other","source_operator":"","osm_type":"node","osm_id":"9450526547","railway":"yard","landuse":"","industrial":"","amenity":"","freight":"","importance_rank":2,"importance":"regional_core"},"geometry":{"type":"Point","coordinates":[0.2136639,51.5852747]}},{"type":"Feature","properties":{"id":"uk-osm-logistics-node-8718646129","name":"Glasgow Works","hub_type":"rail_cargo_station","operator_classification":"other","source_operator":"","osm_type":"node","osm_id":"8718646129","railway":"yard","landuse":"","industrial":"","amenity":"","freight":"","importance_rank":2,"importance":"regional_core"},"geometry":{"type":"Point","coordinates":[-4.231395,55.8721734]}},{"type":"Feature","properties":{"id":"uk-osm-logistics-node-9410343467","name":"Gloucester New Yard","hub_type":"rail_cargo_station","operator_classification":"other","source_operator":"","osm_type":"node","osm_id":"9410343467","railway":"yard","landuse":"","industrial":"","amenity":"","freight":"","importance_rank":2,"importance":"regional_core"},"geometry":{"type":"Point","coordinates":[-2.223262,51.8591604]}},{"type":"Feature","properties":{"id":"uk-osm-logistics-way-48920497","name":"Golders Green Depot","hub_type":"rail_cargo_station","operator_classification":"private","source_operator":"TfL","osm_type":"way","osm_id":"48920497","railway":"yard","landuse":"railway","industrial":"","amenity":"","freight":"","importance_rank":2,"importance":"regional_core"},"geometry":{"type":"Point","coordinates":[-0.192047,51.5727809]}},{"type":"Feature","properties":{"id":"uk-osm-logistics-node-9241399440","name":"Goodrington Carriage Sidings","hub_type":"rail_cargo_station","operator_classification":"other","source_operator":"","osm_type":"node","osm_id":"9241399440","railway":"yard","landuse":"","industrial":"","amenity":"","freight":"","importance_rank":2,"importance":"regional_core"},"geometry":{"type":"Point","coordinates":[-3.5643468,50.4287709]}},{"type":"Feature","properties":{"id":"uk-osm-logistics-node-9399687456","name":"Grangemouth Oil Terminal","hub_type":"rail_cargo_station","operator_classification":"other","source_operator":"","osm_type":"node","osm_id":"9399687456","railway":"yard","landuse":"","industrial":"","amenity":"","freight":"","importance_rank":2,"importance":"regional_core"},"geometry":{"type":"Point","coordinates":[-3.6883249,56.0232322]}},{"type":"Feature","properties":{"id":"uk-osm-logistics-node-8445865723","name":"Gresty Bridge Depot","hub_type":"rail_cargo_station","operator_classification":"other","source_operator":"","osm_type":"node","osm_id":"8445865723","railway":"yard","landuse":"","industrial":"","amenity":"","freight":"","importance_rank":2,"importance":"regional_core"},"geometry":{"type":"Point","coordinates":[-2.436201,53.0796647]}},{"type":"Feature","properties":{"id":"uk-osm-logistics-way-815860206","name":"Gresty Bridge Depot","hub_type":"rail_cargo_station","operator_classification":"private","source_operator":"Direct Rail Services","osm_type":"way","osm_id":"815860206","railway":"yard","landuse":"railway","industrial":"","amenity":"","freight":"","importance_rank":2,"importance":"regional_core"},"geometry":{"type":"Point","coordinates":[-2.4377623,53.079383]}},{"type":"Feature","properties":{"id":"uk-osm-logistics-node-10226143674","name":"Grove Park Down Sidings ('Bramdean')","hub_type":"rail_cargo_station","operator_classification":"other","source_operator":"","osm_type":"node","osm_id":"10226143674","railway":"yard","landuse":"","industrial":"","amenity":"","freight":"","importance_rank":2,"importance":"regional_core"},"geometry":{"type":"Point","coordinates":[0.0094354,51.4423841]}},{"type":"Feature","properties":{"id":"uk-osm-logistics-node-10226143670","name":"Grove Park Sidings","hub_type":"rail_cargo_station","operator_classification":"other","source_operator":"","osm_type":"node","osm_id":"10226143670","railway":"yard","landuse":"","industrial":"","amenity":"","freight":"","importance_rank":2,"importance":"regional_core"},"geometry":{"type":"Point","coordinates":[0.0179915,51.4341562]}},{"type":"Feature","properties":{"id":"uk-osm-logistics-node-10226143675","name":"Grove Park Up Sidings ('St Mildreds')","hub_type":"rail_cargo_station","operator_classification":"other","source_operator":"","osm_type":"node","osm_id":"10226143675","railway":"yard","landuse":"","industrial":"","amenity":"","freight":"","importance_rank":2,"importance":"regional_core"},"geometry":{"type":"Point","coordinates":[0.0104891,51.4398452]}},{"type":"Feature","properties":{"id":"uk-osm-logistics-way-1348297205","name":"H&S Haulage & Storage Ltd","hub_type":"truck_terminal","operator_classification":"other","source_operator":"","osm_type":"way","osm_id":"1348297205","railway":"","landuse":"","industrial":"logistics","amenity":"","freight":"","importance_rank":2,"importance":"regional_core"},"geometry":{"type":"Point","coordinates":[-2.026066,52.5263939]}},{"type":"Feature","properties":{"id":"uk-osm-logistics-node-7650393714","name":"HST Stabling Sidings","hub_type":"rail_cargo_station","operator_classification":"other","source_operator":"","osm_type":"node","osm_id":"7650393714","railway":"yard","landuse":"","industrial":"","amenity":"","freight":"","importance_rank":2,"importance":"regional_core"},"geometry":{"type":"Point","coordinates":[-2.563645,51.4465088]}},{"type":"Feature","properties":{"id":"uk-osm-logistics-node-7597938639","name":"Hackney Yard","hub_type":"rail_cargo_station","operator_classification":"private","source_operator":"DB Cargo","osm_type":"node","osm_id":"7597938639","railway":"yard","landuse":"","industrial":"","amenity":"","freight":"","importance_rank":2,"importance":"regional_core"},"geometry":{"type":"Point","coordinates":[-3.5924679,50.5369527]}},{"type":"Feature","properties":{"id":"uk-osm-logistics-way-956332157","name":"Hainault Depot","hub_type":"rail_cargo_station","operator_classification":"other","source_operator":"","osm_type":"way","osm_id":"956332157","railway":"yard","landuse":"railway","industrial":"","amenity":"","freight":"","importance_rank":2,"importance":"regional_core"},"geometry":{"type":"Point","coordinates":[0.0933408,51.6073621]}},{"type":"Feature","properties":{"id":"uk-osm-logistics-node-339400016","name":"Hanson Aggregates Terminal","hub_type":"rail_cargo_station","operator_classification":"other","source_operator":"","osm_type":"node","osm_id":"339400016","railway":"yard","landuse":"","industrial":"","amenity":"","freight":"","importance_rank":2,"importance":"regional_core"},"geometry":{"type":"Point","coordinates":[-0.0914632,51.0324733]}},{"type":"Feature","properties":{"id":"uk-osm-logistics-node-8679030075","name":"Haymarket Depot","hub_type":"rail_cargo_station","operator_classification":"other","source_operator":"","osm_type":"node","osm_id":"8679030075","railway":"yard","landuse":"","industrial":"","amenity":"","freight":"","importance_rank":2,"importance":"regional_core"},"geometry":{"type":"Point","coordinates":[-3.234065,55.9424648]}},{"type":"Feature","properties":{"id":"uk-osm-logistics-node-9921192594","name":"Heaton Yard","hub_type":"rail_cargo_station","operator_classification":"other","source_operator":"","osm_type":"node","osm_id":"9921192594","railway":"yard","landuse":"","industrial":"","amenity":"","freight":"","importance_rank":2,"importance":"regional_core"},"geometry":{"type":"Point","coordinates":[-1.5653749,54.9875924]}},{"type":"Feature","properties":{"id":"uk-osm-logistics-way-1093514552","name":"Heaton Yard","hub_type":"rail_cargo_station","operator_classification":"other","source_operator":"","osm_type":"way","osm_id":"1093514552","railway":"yard","landuse":"railway","industrial":"","amenity":"","freight":"","importance_rank":2,"importance":"regional_core"},"geometry":{"type":"Point","coordinates":[-1.5688572,54.9866226]}},{"type":"Feature","properties":{"id":"uk-osm-logistics-node-9990080143","name":"Hendon Road Sidings","hub_type":"rail_cargo_station","operator_classification":"other","source_operator":"","osm_type":"node","osm_id":"9990080143","railway":"yard","landuse":"","industrial":"","amenity":"","freight":"","importance_rank":2,"importance":"regional_core"},"geometry":{"type":"Point","coordinates":[-0.2625841,53.7461356]}},{"type":"Feature","properties":{"id":"uk-osm-logistics-node-9929091169","name":"Hertford North Carriage Holding Sidings","hub_type":"rail_cargo_station","operator_classification":"other","source_operator":"","osm_type":"node","osm_id":"9929091169","railway":"yard","landuse":"","industrial":"","amenity":"","freight":"","importance_rank":2,"importance":"regional_core"},"geometry":{"type":"Point","coordinates":[-0.0916791,51.794819]}},{"type":"Feature","properties":{"id":"uk-osm-logistics-node-8388060753","name":"High Peak Junction","hub_type":"rail_cargo_station","operator_classification":"other","source_operator":"","osm_type":"node","osm_id":"8388060753","railway":"yard","landuse":"","industrial":"","amenity":"","freight":"","importance_rank":2,"importance":"regional_core"},"geometry":{"type":"Point","coordinates":[-1.5334248,53.1001627]}},{"type":"Feature","properties":{"id":"uk-osm-logistics-way-1000040075","name":"Highgate Depot","hub_type":"rail_cargo_station","operator_classification":"private","source_operator":"London Underground","osm_type":"way","osm_id":"1000040075","railway":"yard","landuse":"railway","industrial":"","amenity":"","freight":"","importance_rank":2,"importance":"regional_core"},"geometry":{"type":"Point","coordinates":[-0.1546905,51.5820816]}},{"type":"Feature","properties":{"id":"uk-osm-logistics-node-9926425321","name":"Hinksey Yard","hub_type":"rail_cargo_station","operator_classification":"other","source_operator":"","osm_type":"node","osm_id":"9926425321","railway":"yard","landuse":"","industrial":"","amenity":"","freight":"","importance_rank":2,"importance":"regional_core"},"geometry":{"type":"Point","coordinates":[-1.2581524,51.7370431]}},{"type":"Feature","properties":{"id":"uk-osm-logistics-node-9484280725","name":"Hitachi Depot","hub_type":"rail_cargo_station","operator_classification":"other","source_operator":"","osm_type":"node","osm_id":"9484280725","railway":"yard","landuse":"","industrial":"","amenity":"","freight":"","importance_rank":2,"importance":"regional_core"},"geometry":{"type":"Point","coordinates":[-0.2436696,51.5239664]}},{"type":"Feature","properties":{"id":"uk-osm-logistics-node-9376216850","name":"Hitachi EMU Depot","hub_type":"rail_cargo_station","operator_classification":"other","source_operator":"","osm_type":"node","osm_id":"9376216850","railway":"yard","landuse":"","industrial":"","amenity":"","freight":"","importance_rank":2,"importance":"regional_core"},"geometry":{"type":"Point","coordinates":[1.4024161,51.3423138]}},{"type":"Feature","properties":{"id":"uk-osm-logistics-node-8750761561","name":"Hitachi Rail","hub_type":"rail_cargo_station","operator_classification":"other","source_operator":"","osm_type":"node","osm_id":"8750761561","railway":"yard","landuse":"","industrial":"","amenity":"","freight":"","importance_rank":2,"importance":"regional_core"},"geometry":{"type":"Point","coordinates":[-1.5860709,54.5944337]}},{"type":"Feature","properties":{"id":"uk-osm-logistics-node-9962517515","name":"Hither Green Traction Maintenance Depot","hub_type":"rail_cargo_station","operator_classification":"private","source_operator":"EMS","osm_type":"node","osm_id":"9962517515","railway":"yard","landuse":"","industrial":"","amenity":"","freight":"","importance_rank":2,"importance":"regional_core"},"geometry":{"type":"Point","coordinates":[0.0030074,51.4496919]}},{"type":"Feature","properties":{"id":"uk-osm-logistics-way-38582438","name":"Hither Green Traction Maintenance Depot","hub_type":"rail_cargo_station","operator_classification":"private","source_operator":"EMS","osm_type":"way","osm_id":"38582438","railway":"yard","landuse":"railway","industrial":"","amenity":"","freight":"","importance_rank":2,"importance":"regional_core"},"geometry":{"type":"Point","coordinates":[0.0035209,51.4492812]}},{"type":"Feature","properties":{"id":"uk-osm-logistics-node-9897741236","name":"Holbeck Depot","hub_type":"rail_cargo_station","operator_classification":"private","source_operator":"RTS Infrastructure","osm_type":"node","osm_id":"9897741236","railway":"yard","landuse":"","industrial":"","amenity":"","freight":"","importance_rank":2,"importance":"regional_core"},"geometry":{"type":"Point","coordinates":[-1.5573024,53.7881686]}},{"type":"Feature","properties":{"id":"uk-osm-logistics-node-9464523972","name":"Hornsey EMU Depot","hub_type":"rail_cargo_station","operator_classification":"other","source_operator":"","osm_type":"node","osm_id":"9464523972","railway":"yard","landuse":"","industrial":"","amenity":"","freight":"","importance_rank":2,"importance":"regional_core"},"geometry":{"type":"Point","coordinates":[-0.1089027,51.584595]}},{"type":"Feature","properties":{"id":"uk-osm-logistics-node-9412467553","name":"Horton Road Depot","hub_type":"rail_cargo_station","operator_classification":"other","source_operator":"","osm_type":"node","osm_id":"9412467553","railway":"yard","landuse":"","industrial":"","amenity":"","freight":"","importance_rank":2,"importance":"regional_core"},"geometry":{"type":"Point","coordinates":[-2.2327178,51.8637734]}},{"type":"Feature","properties":{"id":"uk-osm-logistics-way-185998711","name":"Horton Road Depot","hub_type":"rail_cargo_station","operator_classification":"public","source_operator":"Network Rail","osm_type":"way","osm_id":"185998711","railway":"yard","landuse":"railway","industrial":"","amenity":"","freight":"","importance_rank":2,"importance":"regional_core"},"geometry":{"type":"Point","coordinates":[-2.2320258,51.8639699]}},{"type":"Feature","properties":{"id":"uk-osm-logistics-node-8375636643","name":"Humber Refinery","hub_type":"rail_cargo_station","operator_classification":"other","source_operator":"","osm_type":"node","osm_id":"8375636643","railway":"yard","landuse":"","industrial":"","amenity":"","freight":"","importance_rank":2,"importance":"regional_core"},"geometry":{"type":"Point","coordinates":[-0.2500154,53.6366706]}},{"type":"Feature","properties":{"id":"uk-osm-logistics-node-9450403161","name":"Ilford EMU Depot","hub_type":"rail_cargo_station","operator_classification":"other","source_operator":"","osm_type":"node","osm_id":"9450403161","railway":"yard","landuse":"","industrial":"","amenity":"","freight":"","importance_rank":2,"importance":"regional_core"},"geometry":{"type":"Point","coordinates":[0.0855529,51.5630204]}},{"type":"Feature","properties":{"id":"uk-osm-logistics-way-970708136","name":"Ilford Traction Maintenance Depot","hub_type":"rail_cargo_station","operator_classification":"other","source_operator":"","osm_type":"way","osm_id":"970708136","railway":"yard","landuse":"railway","industrial":"","amenity":"","freight":"","importance_rank":2,"importance":"regional_core"},"geometry":{"type":"Point","coordinates":[0.0846941,51.5628088]}},{"type":"Feature","properties":{"id":"uk-osm-logistics-node-11159824263","name":"Immingham Sorting Sidings","hub_type":"rail_cargo_station","operator_classification":"other","source_operator":"","osm_type":"node","osm_id":"11159824263","railway":"yard","landuse":"","industrial":"","amenity":"","freight":"","importance_rank":2,"importance":"regional_core"},"geometry":{"type":"Point","coordinates":[-0.1988086,53.6230094]}},{"type":"Feature","properties":{"id":"uk-osm-logistics-node-9395176185","name":"Jarrow Fuels Terminal","hub_type":"rail_cargo_station","operator_classification":"private","source_operator":"Shell","osm_type":"node","osm_id":"9395176185","railway":"yard","landuse":"","industrial":"","amenity":"","freight":"","importance_rank":2,"importance":"regional_core"},"geometry":{"type":"Point","coordinates":[-1.4769371,54.9812649]}},{"type":"Feature","properties":{"id":"uk-osm-logistics-relation-11679449","name":"Jersey Sidings","hub_type":"rail_cargo_station","operator_classification":"other","source_operator":"","osm_type":"relation","osm_id":"11679449","railway":"yard","landuse":"","industrial":"","amenity":"","freight":"","importance_rank":2,"importance":"regional_core"},"geometry":{"type":"Point","coordinates":[-2.45978,50.6223586]}},{"type":"Feature","properties":{"id":"uk-osm-logistics-relation-17006259","name":"Jubilee Sidings","hub_type":"rail_cargo_station","operator_classification":"other","source_operator":"","osm_type":"relation","osm_id":"17006259","railway":"yard","landuse":"","industrial":"","amenity":"","freight":"","importance_rank":2,"importance":"regional_core"},"geometry":{"type":"Point","coordinates":[0.2596766,51.1918488]}},{"type":"Feature","properties":{"id":"uk-osm-logistics-way-401765957","name":"Kammac Warehouse & Distribution","hub_type":"truck_terminal","operator_classification":"other","source_operator":"","osm_type":"way","osm_id":"401765957","railway":"","landuse":"industrial","industrial":"logistics","amenity":"","freight":"","importance_rank":2,"importance":"regional_core"},"geometry":{"type":"Point","coordinates":[-2.9284533,53.4073525]}},{"type":"Feature","properties":{"id":"uk-osm-logistics-way-227577542","name":"Kinbrace Timber Loading Point","hub_type":"rail_cargo_station","operator_classification":"public","source_operator":"Network Rail","osm_type":"way","osm_id":"227577542","railway":"yard","landuse":"railway","industrial":"","amenity":"","freight":"","importance_rank":2,"importance":"regional_core"},"geometry":{"type":"Point","coordinates":[-3.941217,58.2545094]}},{"type":"Feature","properties":{"id":"uk-osm-logistics-node-8491284836","name":"Kineton","hub_type":"rail_cargo_station","operator_classification":"other","source_operator":"","osm_type":"node","osm_id":"8491284836","railway":"yard","landuse":"","industrial":"","amenity":"","freight":"","importance_rank":2,"importance":"regional_core"},"geometry":{"type":"Point","coordinates":[-1.4586759,52.1665631]}},{"type":"Feature","properties":{"id":"uk-osm-logistics-node-8572035877","name":"Kingmoor Marshalling Yard","hub_type":"rail_cargo_station","operator_classification":"other","source_operator":"","osm_type":"node","osm_id":"8572035877","railway":"yard","landuse":"","industrial":"","amenity":"","freight":"","importance_rank":2,"importance":"regional_core"},"geometry":{"type":"Point","coordinates":[-2.9783288,54.9304978]}},{"type":"Feature","properties":{"id":"uk-osm-logistics-node-10245578285","name":"Kings Heath Depot","hub_type":"rail_cargo_station","operator_classification":"other","source_operator":"","osm_type":"node","osm_id":"10245578285","railway":"yard","landuse":"","industrial":"","amenity":"","freight":"","importance_rank":2,"importance":"regional_core"},"geometry":{"type":"Point","coordinates":[-0.9087543,52.2474123]}},{"type":"Feature","properties":{"id":"uk-osm-logistics-node-13477406062","name":"Kings Norton On Track Plant Depot","hub_type":"rail_cargo_station","operator_classification":"other","source_operator":"","osm_type":"node","osm_id":"13477406062","railway":"yard","landuse":"","industrial":"","amenity":"","freight":"","importance_rank":2,"importance":"regional_core"},"geometry":{"type":"Point","coordinates":[-1.9412916,52.4132488]}},{"type":"Feature","properties":{"id":"uk-osm-logistics-node-8454596162","name":"Kingsbury Oil Terminal","hub_type":"rail_cargo_station","operator_classification":"other","source_operator":"","osm_type":"node","osm_id":"8454596162","railway":"yard","landuse":"","industrial":"","amenity":"","freight":"","importance_rank":2,"importance":"regional_core"},"geometry":{"type":"Point","coordinates":[-1.6736405,52.5760015]}},{"type":"Feature","properties":{"id":"uk-osm-logistics-node-9921260665","name":"Kingsland Road Sidings","hub_type":"rail_cargo_station","operator_classification":"other","source_operator":"","osm_type":"node","osm_id":"9921260665","railway":"yard","landuse":"","industrial":"","amenity":"","freight":"","importance_rank":2,"importance":"regional_core"},"geometry":{"type":"Point","coordinates":[-2.570975,51.4515845]}},{"type":"Feature","properties":{"id":"uk-osm-logistics-node-9990080178","name":"Kingston Bulk Terminal","hub_type":"rail_cargo_station","operator_classification":"other","source_operator":"","osm_type":"node","osm_id":"9990080178","railway":"yard","landuse":"","industrial":"","amenity":"","freight":"","importance_rank":2,"importance":"regional_core"},"geometry":{"type":"Point","coordinates":[-0.2493744,53.738431]}},{"type":"Feature","properties":{"id":"uk-osm-logistics-node-4743824821","name":"Knowsley Freight Terminal","hub_type":"rail_cargo_station","operator_classification":"other","source_operator":"","osm_type":"node","osm_id":"4743824821","railway":"yard","landuse":"","industrial":"","amenity":"","freight":"","importance_rank":2,"importance":"regional_core"},"geometry":{"type":"Point","coordinates":[-2.8580419,53.4903809]}},{"type":"Feature","properties":{"id":"uk-osm-logistics-node-13404111422","name":"LNW Sidings","hub_type":"rail_cargo_station","operator_classification":"public","source_operator":"Network Rail","osm_type":"node","osm_id":"13404111422","railway":"yard","landuse":"","industrial":"","amenity":"","freight":"","importance_rank":2,"importance":"regional_core"},"geometry":{"type":"Point","coordinates":[-2.1870405,53.0115164]}},{"type":"Feature","properties":{"id":"uk-osm-logistics-node-9995131922","name":"Laira Diesel Depot","hub_type":"rail_cargo_station","operator_classification":"other","source_operator":"","osm_type":"node","osm_id":"9995131922","railway":"yard","landuse":"","industrial":"","amenity":"","freight":"","importance_rank":2,"importance":"regional_core"},"geometry":{"type":"Point","coordinates":[-4.1043512,50.381565]}},{"type":"Feature","properties":{"id":"uk-osm-logistics-way-558631775","name":"Lairg Civil Engineer's Sidings","hub_type":"rail_cargo_station","operator_classification":"public","source_operator":"Network Rail","osm_type":"way","osm_id":"558631775","railway":"yard","landuse":"railway","industrial":"","amenity":"","freight":"","importance_rank":2,"importance":"regional_core"},"geometry":{"type":"Point","coordinates":[-4.3998394,58.001451]}},{"type":"Feature","properties":{"id":"uk-osm-logistics-node-13352264435","name":"Land Recovery Ltd","hub_type":"rail_cargo_station","operator_classification":"private","source_operator":"Land Recovery Ltd","osm_type":"node","osm_id":"13352264435","railway":"yard","landuse":"","industrial":"","amenity":"","freight":"","importance_rank":2,"importance":"regional_core"},"geometry":{"type":"Point","coordinates":[-2.222838,53.0531071]}},{"type":"Feature","properties":{"id":"uk-osm-logistics-node-8737073526","name":"Landore Traction Maintenance Depot","hub_type":"rail_cargo_station","operator_classification":"other","source_operator":"","osm_type":"node","osm_id":"8737073526","railway":"yard","landuse":"","industrial":"","amenity":"","freight":"","importance_rank":2,"importance":"regional_core"},"geometry":{"type":"Point","coordinates":[-3.9402705,51.6398866]}},{"type":"Feature","properties":{"id":"uk-osm-logistics-node-8599123432","name":"Langwith Sidings","hub_type":"rail_cargo_station","operator_classification":"other","source_operator":"","osm_type":"node","osm_id":"8599123432","railway":"yard","landuse":"","industrial":"","amenity":"","freight":"","importance_rank":2,"importance":"regional_core"},"geometry":{"type":"Point","coordinates":[-1.2086299,53.2107847]}},{"type":"Feature","properties":{"id":"uk-osm-logistics-node-7937375510","name":"Lawyer's Farm","hub_type":"rail_cargo_station","operator_classification":"private","source_operator":"Lawyer's Farm","osm_type":"node","osm_id":"7937375510","railway":"yard","landuse":"","industrial":"","amenity":"","freight":"","importance_rank":2,"importance":"regional_core"},"geometry":{"type":"Point","coordinates":[0.095123,52.8731527]}},{"type":"Feature","properties":{"id":"uk-osm-logistics-node-9990138529","name":"Leeds Midland Road Depot","hub_type":"rail_cargo_station","operator_classification":"private","source_operator":"Freightliner","osm_type":"node","osm_id":"9990138529","railway":"yard","landuse":"","industrial":"","amenity":"","freight":"","importance_rank":2,"importance":"regional_core"},"geometry":{"type":"Point","coordinates":[-1.5280891,53.7755939]}},{"type":"Feature","properties":{"id":"uk-osm-logistics-node-9340171176","name":"Light Maintenance Station","hub_type":"rail_cargo_station","operator_classification":"other","source_operator":"","osm_type":"node","osm_id":"9340171176","railway":"yard","landuse":"","industrial":"","amenity":"","freight":"","importance_rank":2,"importance":"regional_core"},"geometry":{"type":"Point","coordinates":[-1.3212404,52.0560431]}},{"type":"Feature","properties":{"id":"uk-osm-logistics-way-1001898158","name":"Lillie Bridge Depot","hub_type":"rail_cargo_station","operator_classification":"other","source_operator":"","osm_type":"way","osm_id":"1001898158","railway":"yard","landuse":"railway","industrial":"","amenity":"","freight":"","importance_rank":2,"importance":"regional_core"},"geometry":{"type":"Point","coordinates":[-0.202171,51.4900338]}},{"type":"Feature","properties":{"id":"uk-osm-logistics-node-8375636642","name":"Lindsey Oil Refinery","hub_type":"rail_cargo_station","operator_classification":"other","source_operator":"","osm_type":"node","osm_id":"8375636642","railway":"yard","landuse":"","industrial":"","amenity":"","freight":"","importance_rank":2,"importance":"regional_core"},"geometry":{"type":"Point","coordinates":[-0.2429199,53.6424595]}},{"type":"Feature","properties":{"id":"uk-osm-logistics-node-10043510878","name":"Litchurch Lane Works","hub_type":"rail_cargo_station","operator_classification":"other","source_operator":"","osm_type":"node","osm_id":"10043510878","railway":"yard","landuse":"","industrial":"","amenity":"","freight":"","importance_rank":2,"importance":"regional_core"},"geometry":{"type":"Point","coordinates":[-1.4588301,52.9061219]}},{"type":"Feature","properties":{"id":"uk-osm-logistics-node-8651940694","name":"Liverpool Terminal","hub_type":"rail_cargo_station","operator_classification":"other","source_operator":"","osm_type":"node","osm_id":"8651940694","railway":"yard","landuse":"","industrial":"","amenity":"","freight":"","importance_rank":2,"importance":"regional_core"},"geometry":{"type":"Point","coordinates":[-2.9027247,53.3532848]}},{"type":"Feature","properties":{"id":"uk-osm-logistics-way-727564524","name":"Llanfoist Depot","hub_type":"truck_terminal","operator_classification":"private","source_operator":"Monmouthshire County Council","osm_type":"way","osm_id":"727564524","railway":"","landuse":"industrial","industrial":"logistics","amenity":"","freight":"","importance_rank":2,"importance":"regional_core"},"geometry":{"type":"Point","coordinates":[-3.029498,51.8149965]}},{"type":"Feature","properties":{"id":"uk-osm-logistics-node-1405338883","name":"Llanwern Works Exchange Sidings","hub_type":"rail_cargo_station","operator_classification":"other","source_operator":"","osm_type":"node","osm_id":"1405338883","railway":"yard","landuse":"","industrial":"","amenity":"","freight":"","importance_rank":2,"importance":"regional_core"},"geometry":{"type":"Point","coordinates":[-2.8999715,51.5798992]}},{"type":"Feature","properties":{"id":"uk-osm-logistics-node-8489977692","name":"Long Marston Depot","hub_type":"rail_cargo_station","operator_classification":"other","source_operator":"","osm_type":"node","osm_id":"8489977692","railway":"yard","landuse":"","industrial":"","amenity":"","freight":"","importance_rank":2,"importance":"regional_core"},"geometry":{"type":"Point","coordinates":[-1.7776791,52.1228876]}},{"type":"Feature","properties":{"id":"uk-osm-logistics-node-8437257606","name":"Longport Down Yard","hub_type":"rail_cargo_station","operator_classification":"other","source_operator":"","osm_type":"node","osm_id":"8437257606","railway":"yard","landuse":"","industrial":"","amenity":"","freight":"","importance_rank":2,"importance":"regional_core"},"geometry":{"type":"Point","coordinates":[-2.2178915,53.0427808]}},{"type":"Feature","properties":{"id":"uk-osm-logistics-node-8659012361","name":"Longsight Electric TMD","hub_type":"rail_cargo_station","operator_classification":"other","source_operator":"","osm_type":"node","osm_id":"8659012361","railway":"yard","landuse":"","industrial":"","amenity":"","freight":"","importance_rank":2,"importance":"regional_core"},"geometry":{"type":"Point","coordinates":[-2.2022588,53.4638548]}},{"type":"Feature","properties":{"id":"uk-osm-logistics-way-881321276","name":"Longsight Electric TMD","hub_type":"rail_cargo_station","operator_classification":"private","source_operator":"Alstom","osm_type":"way","osm_id":"881321276","railway":"yard","landuse":"railway","industrial":"","amenity":"","freight":"","importance_rank":2,"importance":"regional_core"},"geometry":{"type":"Point","coordinates":[-2.2024555,53.4628309]}},{"type":"Feature","properties":{"id":"uk-osm-logistics-way-956337045","name":"Loughton Sidings","hub_type":"rail_cargo_station","operator_classification":"other","source_operator":"","osm_type":"way","osm_id":"956337045","railway":"yard","landuse":"railway","industrial":"","amenity":"","freight":"","importance_rank":2,"importance":"regional_core"},"geometry":{"type":"Point","coordinates":[0.0533901,51.6374215]}},{"type":"Feature","properties":{"id":"uk-osm-logistics-node-1300188459","name":"Low Fell Mail Terminal","hub_type":"rail_cargo_station","operator_classification":"private","source_operator":"Royal Mail","osm_type":"node","osm_id":"1300188459","railway":"yard","landuse":"","industrial":"","amenity":"","freight":"","importance_rank":2,"importance":"regional_core"},"geometry":{"type":"Point","coordinates":[-1.615381,54.9429654]}},{"type":"Feature","properties":{"id":"uk-osm-logistics-node-13081865788","name":"Machynlleth Maintenance Depot","hub_type":"rail_cargo_station","operator_classification":"private","source_operator":"Transport for Wales Rail","osm_type":"node","osm_id":"13081865788","railway":"yard","landuse":"","industrial":"","amenity":"","freight":"","importance_rank":2,"importance":"regional_core"},"geometry":{"type":"Point","coordinates":[-3.8526977,52.5959763]}},{"type":"Feature","properties":{"id":"uk-osm-logistics-node-9399687519","name":"Malcolm Logistics","hub_type":"rail_cargo_station","operator_classification":"other","source_operator":"","osm_type":"node","osm_id":"9399687519","railway":"yard","landuse":"","industrial":"","amenity":"","freight":"","importance_rank":2,"importance":"regional_core"},"geometry":{"type":"Point","coordinates":[-3.7429866,56.0078497]}},{"type":"Feature","properties":{"id":"uk-osm-logistics-node-10056624700","name":"Manchester Container Terminal","hub_type":"rail_cargo_station","operator_classification":"other","source_operator":"","osm_type":"node","osm_id":"10056624700","railway":"yard","landuse":"","industrial":"","amenity":"","freight":"","importance_rank":2,"importance":"regional_core"},"geometry":{"type":"Point","coordinates":[-2.3035632,53.4581311]}},{"type":"Feature","properties":{"id":"uk-osm-logistics-node-9353937493","name":"March Down Yard","hub_type":"rail_cargo_station","operator_classification":"other","source_operator":"","osm_type":"node","osm_id":"9353937493","railway":"yard","landuse":"","industrial":"","amenity":"","freight":"","importance_rank":2,"importance":"regional_core"},"geometry":{"type":"Point","coordinates":[0.0966205,52.5586516]}},{"type":"Feature","properties":{"id":"uk-osm-logistics-node-9353937494","name":"March Up yard","hub_type":"rail_cargo_station","operator_classification":"other","source_operator":"","osm_type":"node","osm_id":"9353937494","railway":"yard","landuse":"","industrial":"","amenity":"","freight":"","importance_rank":2,"importance":"regional_core"},"geometry":{"type":"Point","coordinates":[0.0951355,52.5593756]}},{"type":"Feature","properties":{"id":"uk-osm-logistics-way-372660008","name":"Margam Depot","hub_type":"rail_cargo_station","operator_classification":"other","source_operator":"","osm_type":"way","osm_id":"372660008","railway":"yard","landuse":"railway","industrial":"","amenity":"","freight":"","importance_rank":2,"importance":"regional_core"},"geometry":{"type":"Point","coordinates":[-3.7432042,51.539854]}},{"type":"Feature","properties":{"id":"uk-osm-logistics-node-8697614119","name":"Margam Knuckle Yard","hub_type":"rail_cargo_station","operator_classification":"other","source_operator":"","osm_type":"node","osm_id":"8697614119","railway":"yard","landuse":"","industrial":"","amenity":"","freight":"","importance_rank":2,"importance":"regional_core"},"geometry":{"type":"Point","coordinates":[-3.7493166,51.5519924]}},{"type":"Feature","properties":{"id":"uk-osm-logistics-way-372660385","name":"Margam Knuckle Yard","hub_type":"rail_cargo_station","operator_classification":"other","source_operator":"","osm_type":"way","osm_id":"372660385","railway":"yard","landuse":"railway","industrial":"","amenity":"","freight":"","importance_rank":2,"importance":"regional_core"},"geometry":{"type":"Point","coordinates":[-3.7491474,51.5521338]}},{"type":"Feature","properties":{"id":"uk-osm-logistics-node-8706924211","name":"Margam Yard","hub_type":"rail_cargo_station","operator_classification":"other","source_operator":"","osm_type":"node","osm_id":"8706924211","railway":"yard","landuse":"","industrial":"","amenity":"","freight":"","importance_rank":2,"importance":"regional_core"},"geometry":{"type":"Point","coordinates":[-3.7456493,51.5409427]}},{"type":"Feature","properties":{"id":"uk-osm-logistics-node-8718132069","name":"Mauchline Junction Sidings","hub_type":"rail_cargo_station","operator_classification":"other","source_operator":"","osm_type":"node","osm_id":"8718132069","railway":"yard","landuse":"","industrial":"","amenity":"","freight":"","importance_rank":2,"importance":"regional_core"},"geometry":{"type":"Point","coordinates":[-4.3818126,55.5089981]}},{"type":"Feature","properties":{"id":"uk-osm-logistics-node-9919725424","name":"Merehead Rail Sidings","hub_type":"rail_cargo_station","operator_classification":"other","source_operator":"","osm_type":"node","osm_id":"9919725424","railway":"yard","landuse":"","industrial":"","amenity":"","freight":"","importance_rank":2,"importance":"regional_core"},"geometry":{"type":"Point","coordinates":[-2.4460968,51.188627]}},{"type":"Feature","properties":{"id":"uk-osm-logistics-node-7580969739","name":"Milbrook Freightliner Terminal","hub_type":"rail_cargo_station","operator_classification":"other","source_operator":"","osm_type":"node","osm_id":"7580969739","railway":"yard","landuse":"","industrial":"","amenity":"","freight":"","importance_rank":2,"importance":"regional_core"},"geometry":{"type":"Point","coordinates":[-1.4390497,50.9125594]}},{"type":"Feature","properties":{"id":"uk-osm-logistics-node-8199871355","name":"Mill Exchange Sidings","hub_type":"rail_cargo_station","operator_classification":"other","source_operator":"","osm_type":"node","osm_id":"8199871355","railway":"yard","landuse":"","industrial":"","amenity":"","freight":"","importance_rank":2,"importance":"regional_core"},"geometry":{"type":"Point","coordinates":[-0.6003491,53.58653]}},{"type":"Feature","properties":{"id":"uk-osm-logistics-node-7485098840","name":"Millerhill EMU Yard","hub_type":"rail_cargo_station","operator_classification":"other","source_operator":"","osm_type":"node","osm_id":"7485098840","railway":"yard","landuse":"","industrial":"","amenity":"","freight":"","importance_rank":2,"importance":"regional_core"},"geometry":{"type":"Point","coordinates":[-3.0817969,55.9233335]}},{"type":"Feature","properties":{"id":"uk-osm-logistics-node-8509984897","name":"Minffordd Yard","hub_type":"rail_cargo_station","operator_classification":"other","source_operator":"","osm_type":"node","osm_id":"8509984897","railway":"yard","landuse":"","industrial":"","amenity":"","freight":"","importance_rank":2,"importance":"regional_core"},"geometry":{"type":"Point","coordinates":[-4.0870598,52.9265553]}},{"type":"Feature","properties":{"id":"uk-osm-logistics-way-162915659","name":"Morden Depot","hub_type":"rail_cargo_station","operator_classification":"other","source_operator":"","osm_type":"way","osm_id":"162915659","railway":"yard","landuse":"railway","industrial":"","amenity":"","freight":"","importance_rank":2,"importance":"regional_core"},"geometry":{"type":"Point","coordinates":[-0.1971727,51.3971875]}},{"type":"Feature","properties":{"id":"uk-osm-logistics-node-9402443036","name":"Mossend EuroTerminal","hub_type":"rail_cargo_station","operator_classification":"other","source_operator":"","osm_type":"node","osm_id":"9402443036","railway":"yard","landuse":"","industrial":"","amenity":"","freight":"","importance_rank":2,"importance":"regional_core"},"geometry":{"type":"Point","coordinates":[-3.998769,55.8269646]}},{"type":"Feature","properties":{"id":"uk-osm-logistics-node-9402443037","name":"Mossend International Railfreight Park","hub_type":"rail_cargo_station","operator_classification":"other","source_operator":"","osm_type":"node","osm_id":"9402443037","railway":"yard","landuse":"","industrial":"","amenity":"","freight":"","importance_rank":2,"importance":"regional_core"},"geometry":{"type":"Point","coordinates":[-4.0003354,55.8264614]}},{"type":"Feature","properties":{"id":"uk-osm-logistics-node-9402495128","name":"Motherwell TMD","hub_type":"rail_cargo_station","operator_classification":"other","source_operator":"","osm_type":"node","osm_id":"9402495128","railway":"yard","landuse":"","industrial":"","amenity":"","freight":"","importance_rank":2,"importance":"regional_core"},"geometry":{"type":"Point","coordinates":[-3.9969546,55.7987525]}},{"type":"Feature","properties":{"id":"uk-osm-logistics-node-11737947069","name":"Munday's Hill","hub_type":"rail_cargo_station","operator_classification":"other","source_operator":"","osm_type":"node","osm_id":"11737947069","railway":"yard","landuse":"","industrial":"","amenity":"","freight":"","importance_rank":2,"importance":"regional_core"},"geometry":{"type":"Point","coordinates":[-0.628875,51.9423575]}},{"type":"Feature","properties":{"id":"uk-osm-logistics-way-545651212","name":"Neasden Depot","hub_type":"rail_cargo_station","operator_classification":"private","source_operator":"London Underground","osm_type":"way","osm_id":"545651212","railway":"yard","landuse":"railway","industrial":"","amenity":"","freight":"","importance_rank":2,"importance":"regional_core"},"geometry":{"type":"Point","coordinates":[-0.2600227,51.5573333]}},{"type":"Feature","properties":{"id":"uk-osm-logistics-node-9980638941","name":"Neilson's Sidings","hub_type":"rail_cargo_station","operator_classification":"other","source_operator":"","osm_type":"node","osm_id":"9980638941","railway":"yard","landuse":"","industrial":"","amenity":"","freight":"","importance_rank":2,"importance":"regional_core"},"geometry":{"type":"Point","coordinates":[-0.676158,52.3189524]}},{"type":"Feature","properties":{"id":"uk-osm-logistics-node-10199118947","name":"Network Rail Electrification Training School","hub_type":"rail_cargo_station","operator_classification":"other","source_operator":"","osm_type":"node","osm_id":"10199118947","railway":"yard","landuse":"","industrial":"","amenity":"","freight":"","importance_rank":2,"importance":"regional_core"},"geometry":{"type":"Point","coordinates":[-1.781227,51.5676021]}},{"type":"Feature","properties":{"id":"uk-osm-logistics-node-792494648","name":"Network Rail Truro Depot","hub_type":"rail_cargo_station","operator_classification":"other","source_operator":"","osm_type":"node","osm_id":"792494648","railway":"yard","landuse":"","industrial":"","amenity":"","freight":"","importance_rank":2,"importance":"regional_core"},"geometry":{"type":"Point","coordinates":[-5.065678,50.2640932]}},{"type":"Feature","properties":{"id":"uk-osm-logistics-node-8606072416","name":"Neville Hill Train Depot","hub_type":"rail_cargo_station","operator_classification":"other","source_operator":"","osm_type":"node","osm_id":"8606072416","railway":"yard","landuse":"","industrial":"","amenity":"","freight":"","importance_rank":2,"importance":"regional_core"},"geometry":{"type":"Point","coordinates":[-1.5043571,53.7919676]}},{"type":"Feature","properties":{"id":"uk-osm-logistics-node-8606075117","name":"Neville Hill Up Sidings","hub_type":"rail_cargo_station","operator_classification":"other","source_operator":"","osm_type":"node","osm_id":"8606075117","railway":"yard","landuse":"","industrial":"","amenity":"","freight":"","importance_rank":2,"importance":"regional_core"},"geometry":{"type":"Point","coordinates":[-1.5034601,53.7914479]}},{"type":"Feature","properties":{"id":"uk-osm-logistics-node-10199696790","name":"New Ballast Stockpile and Sidings","hub_type":"rail_cargo_station","operator_classification":"other","source_operator":"","osm_type":"node","osm_id":"10199696790","railway":"yard","landuse":"","industrial":"","amenity":"","freight":"","importance_rank":2,"importance":"regional_core"},"geometry":{"type":"Point","coordinates":[-2.2069152,51.262219]}},{"type":"Feature","properties":{"id":"uk-osm-logistics-way-707920395","name":"New Cross Gate Depot","hub_type":"rail_cargo_station","operator_classification":"private","source_operator":"Transport for London","osm_type":"way","osm_id":"707920395","railway":"yard","landuse":"railway","industrial":"","amenity":"","freight":"","importance_rank":2,"importance":"regional_core"},"geometry":{"type":"Point","coordinates":[-0.0433084,51.4815763]}},{"type":"Feature","properties":{"id":"uk-osm-logistics-node-10199696792","name":"New Sidings","hub_type":"rail_cargo_station","operator_classification":"other","source_operator":"","osm_type":"node","osm_id":"10199696792","railway":"yard","landuse":"","industrial":"","amenity":"","freight":"","importance_rank":2,"importance":"regional_core"},"geometry":{"type":"Point","coordinates":[-2.202562,51.2629508]}},{"type":"Feature","properties":{"id":"uk-osm-logistics-node-9954543755","name":"New Yard Depot","hub_type":"rail_cargo_station","operator_classification":"other","source_operator":"","osm_type":"node","osm_id":"9954543755","railway":"yard","landuse":"","industrial":"","amenity":"","freight":"","importance_rank":2,"importance":"regional_core"},"geometry":{"type":"Point","coordinates":[-3.5441213,50.7339616]}},{"type":"Feature","properties":{"id":"uk-osm-logistics-node-9931737724","name":"Newhaven Marine Aggregates Terminal","hub_type":"rail_cargo_station","operator_classification":"other","source_operator":"","osm_type":"node","osm_id":"9931737724","railway":"yard","landuse":"","industrial":"","amenity":"","freight":"","importance_rank":2,"importance":"regional_core"},"geometry":{"type":"Point","coordinates":[0.0604858,50.7844486]}},{"type":"Feature","properties":{"id":"uk-osm-logistics-node-9397786198","name":"Newton Heath TMD","hub_type":"rail_cargo_station","operator_classification":"other","source_operator":"","osm_type":"node","osm_id":"9397786198","railway":"yard","landuse":"","industrial":"","amenity":"","freight":"","importance_rank":2,"importance":"regional_core"},"geometry":{"type":"Point","coordinates":[-2.1874643,53.5046276]}},{"type":"Feature","properties":{"id":"uk-osm-logistics-way-925218740","name":"Newton Heath TMD","hub_type":"rail_cargo_station","operator_classification":"private","source_operator":"Northern","osm_type":"way","osm_id":"925218740","railway":"yard","landuse":"railway","industrial":"","amenity":"","freight":"","importance_rank":2,"importance":"regional_core"},"geometry":{"type":"Point","coordinates":[-2.188363,53.5049225]}},{"type":"Feature","properties":{"id":"uk-osm-logistics-way-17605376","name":"North Pole Train Maintenance Centre","hub_type":"rail_cargo_station","operator_classification":"private","source_operator":"Hitachi Rail Europe","osm_type":"way","osm_id":"17605376","railway":"yard","landuse":"railway","industrial":"","amenity":"","freight":"","importance_rank":2,"importance":"regional_core"},"geometry":{"type":"Point","coordinates":[-0.2442835,51.5229358]}},{"type":"Feature","properties":{"id":"uk-osm-logistics-node-9434454884","name":"Northam Carriage Servicing Depot","hub_type":"rail_cargo_station","operator_classification":"other","source_operator":"","osm_type":"node","osm_id":"9434454884","railway":"yard","landuse":"","industrial":"","amenity":"","freight":"","importance_rank":2,"importance":"regional_core"},"geometry":{"type":"Point","coordinates":[-1.3911983,50.9123899]}},{"type":"Feature","properties":{"id":"uk-osm-logistics-node-10652410630","name":"Northampton Castle Yard","hub_type":"rail_cargo_station","operator_classification":"private","source_operator":"Freightliner","osm_type":"node","osm_id":"10652410630","railway":"yard","landuse":"","industrial":"","amenity":"","freight":"","importance_rank":2,"importance":"regional_core"},"geometry":{"type":"Point","coordinates":[-0.9063358,52.2389489]}},{"type":"Feature","properties":{"id":"uk-osm-logistics-way-1136225228","name":"Northfields Depot","hub_type":"rail_cargo_station","operator_classification":"other","source_operator":"","osm_type":"way","osm_id":"1136225228","railway":"yard","landuse":"railway","industrial":"","amenity":"","freight":"","importance_rank":2,"importance":"regional_core"},"geometry":{"type":"Point","coordinates":[-0.3197992,51.4973447]}},{"type":"Feature","properties":{"id":"uk-osm-logistics-way-166978969","name":"Northumberland Park Depot","hub_type":"rail_cargo_station","operator_classification":"private","source_operator":"London Underground","osm_type":"way","osm_id":"166978969","railway":"yard","landuse":"railway","industrial":"","amenity":"","freight":"","importance_rank":2,"importance":"regional_core"},"geometry":{"type":"Point","coordinates":[-0.0554382,51.596137]}},{"type":"Feature","properties":{"id":"uk-osm-logistics-node-8722703834","name":"Nottingham Eastcroft Light Maintainance Depot","hub_type":"rail_cargo_station","operator_classification":"other","source_operator":"","osm_type":"node","osm_id":"8722703834","railway":"yard","landuse":"","industrial":"","amenity":"","freight":"","importance_rank":2,"importance":"regional_core"},"geometry":{"type":"Point","coordinates":[-1.1351338,52.9470294]}},{"type":"Feature","properties":{"id":"uk-osm-logistics-way-602489956","name":"Old Oak Common Depot","hub_type":"rail_cargo_station","operator_classification":"other","source_operator":"","osm_type":"way","osm_id":"602489956","railway":"yard","landuse":"railway","industrial":"","amenity":"","freight":"","importance_rank":2,"importance":"regional_core"},"geometry":{"type":"Point","coordinates":[-0.2467628,51.5265829]}},{"type":"Feature","properties":{"id":"uk-osm-logistics-node-9484280726","name":"Old Oak Crossrail Depot","hub_type":"rail_cargo_station","operator_classification":"other","source_operator":"","osm_type":"node","osm_id":"9484280726","railway":"yard","landuse":"","industrial":"","amenity":"","freight":"","importance_rank":2,"importance":"regional_core"},"geometry":{"type":"Point","coordinates":[-0.2468213,51.5262061]}},{"type":"Feature","properties":{"id":"uk-osm-logistics-way-843641990","name":"Orient Way","hub_type":"rail_cargo_station","operator_classification":"private","source_operator":"Abelio Greater Anglia","osm_type":"way","osm_id":"843641990","railway":"yard","landuse":"railway","industrial":"","amenity":"","freight":"","importance_rank":2,"importance":"regional_core"},"geometry":{"type":"Point","coordinates":[-0.0277681,51.5619122]}},{"type":"Feature","properties":{"id":"uk-osm-logistics-node-7869506531","name":"Orient Way Carriage Sidings","hub_type":"rail_cargo_station","operator_classification":"other","source_operator":"","osm_type":"node","osm_id":"7869506531","railway":"yard","landuse":"","industrial":"","amenity":"","freight":"","importance_rank":2,"importance":"regional_core"},"geometry":{"type":"Point","coordinates":[-0.0295924,51.5627263]}},{"type":"Feature","properties":{"id":"uk-osm-logistics-node-8394063338","name":"Oxley Depot","hub_type":"rail_cargo_station","operator_classification":"other","source_operator":"","osm_type":"node","osm_id":"8394063338","railway":"yard","landuse":"","industrial":"","amenity":"","freight":"","importance_rank":2,"importance":"regional_core"},"geometry":{"type":"Point","coordinates":[-2.1384352,52.6065819]}},{"type":"Feature","properties":{"id":"uk-osm-logistics-node-9952933391","name":"Padworth Oil Terminal","hub_type":"rail_cargo_station","operator_classification":"other","source_operator":"","osm_type":"node","osm_id":"9952933391","railway":"yard","landuse":"","industrial":"","amenity":"","freight":"","importance_rank":2,"importance":"regional_core"},"geometry":{"type":"Point","coordinates":[-1.1294386,51.4033238]}},{"type":"Feature","properties":{"id":"uk-osm-logistics-node-11066547362","name":"Palletways","hub_type":"truck_terminal","operator_classification":"other","source_operator":"","osm_type":"node","osm_id":"11066547362","railway":"","landuse":"","industrial":"logistics","amenity":"","freight":"","importance_rank":2,"importance":"regional_core"},"geometry":{"type":"Point","coordinates":[-2.6843501,52.0353153]}},{"type":"Feature","properties":{"id":"uk-osm-logistics-way-80500723","name":"Peak Rail","hub_type":"rail_cargo_station","operator_classification":"other","source_operator":"","osm_type":"way","osm_id":"80500723","railway":"yard","landuse":"railway","industrial":"","amenity":"","freight":"","importance_rank":2,"importance":"regional_core"},"geometry":{"type":"Point","coordinates":[-1.6095895,53.1736411]}},{"type":"Feature","properties":{"id":"uk-osm-logistics-node-10054430398","name":"Pendleton (Brindle Heath) Aggregate Sidings","hub_type":"rail_cargo_station","operator_classification":"other","source_operator":"","osm_type":"node","osm_id":"10054430398","railway":"yard","landuse":"","industrial":"","amenity":"","freight":"","importance_rank":2,"importance":"regional_core"},"geometry":{"type":"Point","coordinates":[-2.2926695,53.5006174]}},{"type":"Feature","properties":{"id":"uk-osm-logistics-node-8739149246","name":"Penzance TMD","hub_type":"rail_cargo_station","operator_classification":"private","source_operator":"Great Western Railway","osm_type":"node","osm_id":"8739149246","railway":"yard","landuse":"","industrial":"","amenity":"","freight":"","importance_rank":2,"importance":"regional_core"},"geometry":{"type":"Point","coordinates":[-5.5069068,50.1281979]}},{"type":"Feature","properties":{"id":"uk-osm-logistics-node-7697226500","name":"Pitsford Sidings","hub_type":"rail_cargo_station","operator_classification":"other","source_operator":"","osm_type":"node","osm_id":"7697226500","railway":"yard","landuse":"","industrial":"","amenity":"","freight":"","importance_rank":2,"importance":"regional_core"},"geometry":{"type":"Point","coordinates":[-0.9205909,52.2897904]}},{"type":"Feature","properties":{"id":"uk-osm-logistics-way-285206673","name":"Plumstead Train Maintenance Depot","hub_type":"rail_cargo_station","operator_classification":"private","source_operator":"Crossrail","osm_type":"way","osm_id":"285206673","railway":"yard","landuse":"railway","industrial":"","amenity":"","freight":"","importance_rank":2,"importance":"regional_core"},"geometry":{"type":"Point","coordinates":[0.0981689,51.4919046]}},{"type":"Feature","properties":{"id":"uk-osm-logistics-node-8511792538","name":"Point of Ayr Colliery","hub_type":"rail_cargo_station","operator_classification":"other","source_operator":"","osm_type":"node","osm_id":"8511792538","railway":"yard","landuse":"","industrial":"","amenity":"","freight":"","importance_rank":2,"importance":"regional_core"},"geometry":{"type":"Point","coordinates":[-3.3167162,53.3432535]}},{"type":"Feature","properties":{"id":"uk-osm-logistics-way-51946948","name":"Poplar Depot Docklands Light Railway","hub_type":"rail_cargo_station","operator_classification":"private","source_operator":"Serco (Docklands Light Railway)","osm_type":"way","osm_id":"51946948","railway":"yard","landuse":"railway","industrial":"","amenity":"","freight":"","importance_rank":2,"importance":"regional_core"},"geometry":{"type":"Point","coordinates":[-0.014788,51.508021]}},{"type":"Feature","properties":{"id":"uk-osm-logistics-way-1139735455","name":"Port One Technology park","hub_type":"truck_terminal","operator_classification":"other","source_operator":"","osm_type":"way","osm_id":"1139735455","railway":"","landuse":"industrial","industrial":"logistics","amenity":"","freight":"","importance_rank":2,"importance":"regional_core"},"geometry":{"type":"Point","coordinates":[1.0924713,52.1028916]}},{"type":"Feature","properties":{"id":"uk-osm-logistics-node-10799582351","name":"Portadown","hub_type":"rail_cargo_station","operator_classification":"private","source_operator":"Translink NI Railways","osm_type":"node","osm_id":"10799582351","railway":"yard","landuse":"","industrial":"","amenity":"","freight":"","importance_rank":2,"importance":"regional_core"},"geometry":{"type":"Point","coordinates":[-6.4386901,54.4289401]}},{"type":"Feature","properties":{"id":"uk-osm-logistics-node-9404526280","name":"Portbury Dock","hub_type":"rail_cargo_station","operator_classification":"other","source_operator":"","osm_type":"node","osm_id":"9404526280","railway":"yard","landuse":"","industrial":"","amenity":"","freight":"","importance_rank":2,"importance":"regional_core"},"geometry":{"type":"Point","coordinates":[-2.7152733,51.4988577]}},{"type":"Feature","properties":{"id":"uk-osm-logistics-way-4944581","name":"Queens Road Metrolink Depot","hub_type":"rail_cargo_station","operator_classification":"other","source_operator":"","osm_type":"way","osm_id":"4944581","railway":"yard","landuse":"railway","industrial":"","amenity":"","freight":"","importance_rank":2,"importance":"regional_core"},"geometry":{"type":"Point","coordinates":[-2.228012,53.4992828]}},{"type":"Feature","properties":{"id":"uk-osm-logistics-node-9417879428","name":"Radlett Redland Roadstone","hub_type":"rail_cargo_station","operator_classification":"other","source_operator":"","osm_type":"node","osm_id":"9417879428","railway":"yard","landuse":"","industrial":"","amenity":"","freight":"","importance_rank":2,"importance":"regional_core"},"geometry":{"type":"Point","coordinates":[-0.3231639,51.7011281]}},{"type":"Feature","properties":{"id":"uk-osm-logistics-node-10223740624","name":"Rail Yard Welwyn Garden City","hub_type":"rail_cargo_station","operator_classification":"other","source_operator":"","osm_type":"node","osm_id":"10223740624","railway":"yard","landuse":"","industrial":"","amenity":"","freight":"","importance_rank":2,"importance":"regional_core"},"geometry":{"type":"Point","coordinates":[-0.200993,51.8068287]}},{"type":"Feature","properties":{"id":"uk-osm-logistics-way-625758329","name":"Raiths Farm Freight Terminal","hub_type":"rail_cargo_station","operator_classification":"private","source_operator":"DB Cargo","osm_type":"way","osm_id":"625758329","railway":"yard","landuse":"railway","industrial":"","amenity":"","freight":"","importance_rank":2,"importance":"regional_core"},"geometry":{"type":"Point","coordinates":[-2.2014086,57.215745]}},{"type":"Feature","properties":{"id":"uk-osm-logistics-node-10219421617","name":"Reading Traincare Depot","hub_type":"rail_cargo_station","operator_classification":"other","source_operator":"","osm_type":"node","osm_id":"10219421617","railway":"yard","landuse":"","industrial":"","amenity":"","freight":"","importance_rank":2,"importance":"regional_core"},"geometry":{"type":"Point","coordinates":[-0.9921551,51.4618794]}},{"type":"Feature","properties":{"id":"uk-osm-logistics-node-10219400954","name":"Reading Triangle Sidings","hub_type":"rail_cargo_station","operator_classification":"other","source_operator":"","osm_type":"node","osm_id":"10219400954","railway":"yard","landuse":"","industrial":"","amenity":"","freight":"","importance_rank":2,"importance":"regional_core"},"geometry":{"type":"Point","coordinates":[-0.9872473,51.4586274]}},{"type":"Feature","properties":{"id":"uk-osm-logistics-node-8928594703","name":"Redbourne Rail Steel Terminal","hub_type":"rail_cargo_station","operator_classification":"private","source_operator":"British Steel LTD","osm_type":"node","osm_id":"8928594703","railway":"yard","landuse":"","industrial":"","amenity":"","freight":"","importance_rank":2,"importance":"regional_core"},"geometry":{"type":"Point","coordinates":[-0.6090028,53.5894618]}},{"type":"Feature","properties":{"id":"uk-osm-logistics-node-10024210824","name":"Riccarton Oil Depot","hub_type":"rail_cargo_station","operator_classification":"other","source_operator":"","osm_type":"node","osm_id":"10024210824","railway":"yard","landuse":"","industrial":"","amenity":"","freight":"","importance_rank":2,"importance":"regional_core"},"geometry":{"type":"Point","coordinates":[-4.4924898,55.5971629]}},{"type":"Feature","properties":{"id":"uk-osm-logistics-node-9954543754","name":"Riverside Freight Yard","hub_type":"rail_cargo_station","operator_classification":"other","source_operator":"","osm_type":"node","osm_id":"9954543754","railway":"yard","landuse":"","industrial":"","amenity":"","freight":"","importance_rank":2,"importance":"regional_core"},"geometry":{"type":"Point","coordinates":[-3.5458879,50.7371659]}},{"type":"Feature","properties":{"id":"uk-osm-logistics-way-807103438","name":"Rotherham Freight Terminal","hub_type":"rail_cargo_station","operator_classification":"private","source_operator":"DB Schenker","osm_type":"way","osm_id":"807103438","railway":"yard","landuse":"industrial","industrial":"","amenity":"","freight":"","importance_rank":2,"importance":"regional_core"},"geometry":{"type":"Point","coordinates":[-1.3696671,53.4182059]}},{"type":"Feature","properties":{"id":"uk-osm-logistics-node-9924421001","name":"Rugby Intermodal Terminal","hub_type":"rail_cargo_station","operator_classification":"other","source_operator":"","osm_type":"node","osm_id":"9924421001","railway":"yard","landuse":"","industrial":"","amenity":"","freight":"","importance_rank":2,"importance":"regional_core"},"geometry":{"type":"Point","coordinates":[-1.2617743,52.3809587]}},{"type":"Feature","properties":{"id":"uk-osm-logistics-way-25638497","name":"Ruislip Depot","hub_type":"rail_cargo_station","operator_classification":"other","source_operator":"","osm_type":"way","osm_id":"25638497","railway":"yard","landuse":"railway","industrial":"","amenity":"","freight":"","importance_rank":2,"importance":"regional_core"},"geometry":{"type":"Point","coordinates":[-0.424792,51.5642869]}},{"type":"Feature","properties":{"id":"uk-osm-logistics-way-23340118","name":"Ryde St John's Road Depot","hub_type":"rail_cargo_station","operator_classification":"other","source_operator":"","osm_type":"way","osm_id":"23340118","railway":"yard","landuse":"railway","industrial":"","amenity":"","freight":"","importance_rank":2,"importance":"regional_core"},"geometry":{"type":"Point","coordinates":[-1.1567181,50.7238716]}},{"type":"Feature","properties":{"id":"uk-osm-logistics-node-10199727477","name":"Salisbury DMU Depot","hub_type":"rail_cargo_station","operator_classification":"other","source_operator":"","osm_type":"node","osm_id":"10199727477","railway":"yard","landuse":"","industrial":"","amenity":"","freight":"","importance_rank":2,"importance":"regional_core"},"geometry":{"type":"Point","coordinates":[-1.8074184,51.0712439]}},{"type":"Feature","properties":{"id":"uk-osm-logistics-node-7794704279","name":"Salisbury East Carriage Sidings","hub_type":"rail_cargo_station","operator_classification":"other","source_operator":"","osm_type":"node","osm_id":"7794704279","railway":"yard","landuse":"","industrial":"","amenity":"","freight":"","importance_rank":2,"importance":"regional_core"},"geometry":{"type":"Point","coordinates":[-1.7992679,51.073292]}},{"type":"Feature","properties":{"id":"uk-osm-logistics-relation-11482202","name":"Salisbury East Carriage Sidings","hub_type":"rail_cargo_station","operator_classification":"other","source_operator":"","osm_type":"relation","osm_id":"11482202","railway":"yard","landuse":"","industrial":"","amenity":"","freight":"","importance_rank":2,"importance":"regional_core"},"geometry":{"type":"Point","coordinates":[-1.8004672,51.072557]}},{"type":"Feature","properties":{"id":"uk-osm-logistics-node-7794717006","name":"Salisbury East Yard","hub_type":"rail_cargo_station","operator_classification":"other","source_operator":"","osm_type":"node","osm_id":"7794717006","railway":"yard","landuse":"","industrial":"","amenity":"","freight":"","importance_rank":2,"importance":"regional_core"},"geometry":{"type":"Point","coordinates":[-1.8015489,51.0715653]}},{"type":"Feature","properties":{"id":"uk-osm-logistics-relation-11482203","name":"Salisbury East Yard","hub_type":"rail_cargo_station","operator_classification":"other","source_operator":"","osm_type":"relation","osm_id":"11482203","railway":"yard","landuse":"","industrial":"","amenity":"","freight":"","importance_rank":2,"importance":"regional_core"},"geometry":{"type":"Point","coordinates":[-1.8011242,51.0722661]}},{"type":"Feature","properties":{"id":"uk-osm-logistics-node-10217128152","name":"Selhurst Depot","hub_type":"rail_cargo_station","operator_classification":"other","source_operator":"","osm_type":"node","osm_id":"10217128152","railway":"yard","landuse":"","industrial":"","amenity":"","freight":"","importance_rank":2,"importance":"regional_core"},"geometry":{"type":"Point","coordinates":[-0.0847107,51.3913095]}},{"type":"Feature","properties":{"id":"uk-osm-logistics-way-223471759","name":"Selhurst Depot","hub_type":"rail_cargo_station","operator_classification":"other","source_operator":"","osm_type":"way","osm_id":"223471759","railway":"yard","landuse":"railway","industrial":"","amenity":"","freight":"","importance_rank":2,"importance":"regional_core"},"geometry":{"type":"Point","coordinates":[-0.0827285,51.3913735]}},{"type":"Feature","properties":{"id":"uk-osm-logistics-node-9413861620","name":"Severnside Energy Recovery Centre","hub_type":"rail_cargo_station","operator_classification":"other","source_operator":"","osm_type":"node","osm_id":"9413861620","railway":"yard","landuse":"","industrial":"","amenity":"","freight":"","importance_rank":2,"importance":"regional_core"},"geometry":{"type":"Point","coordinates":[-2.6674006,51.5424678]}},{"type":"Feature","properties":{"id":"uk-osm-logistics-node-10010112034","name":"Shields Depot","hub_type":"rail_cargo_station","operator_classification":"other","source_operator":"","osm_type":"node","osm_id":"10010112034","railway":"yard","landuse":"","industrial":"","amenity":"","freight":"","importance_rank":2,"importance":"regional_core"},"geometry":{"type":"Point","coordinates":[-4.2870316,55.8471404]}},{"type":"Feature","properties":{"id":"uk-osm-logistics-node-8687867606","name":"Shoeburyness Sidings","hub_type":"rail_cargo_station","operator_classification":"other","source_operator":"","osm_type":"node","osm_id":"8687867606","railway":"yard","landuse":"","industrial":"","amenity":"","freight":"","importance_rank":2,"importance":"regional_core"},"geometry":{"type":"Point","coordinates":[0.7882418,51.5331548]}},{"type":"Feature","properties":{"id":"uk-osm-logistics-node-8711871495","name":"Silwood Triangle Sidings","hub_type":"rail_cargo_station","operator_classification":"other","source_operator":"","osm_type":"node","osm_id":"8711871495","railway":"yard","landuse":"","industrial":"","amenity":"","freight":"","importance_rank":2,"importance":"regional_core"},"geometry":{"type":"Point","coordinates":[-0.0452675,51.4874055]}},{"type":"Feature","properties":{"id":"uk-osm-logistics-way-729688468","name":"Silwood Triangle Sidings","hub_type":"rail_cargo_station","operator_classification":"other","source_operator":"","osm_type":"way","osm_id":"729688468","railway":"yard","landuse":"railway","industrial":"","amenity":"","freight":"","importance_rank":2,"importance":"regional_core"},"geometry":{"type":"Point","coordinates":[-0.0452205,51.4870625]}},{"type":"Feature","properties":{"id":"uk-osm-logistics-node-10141262827","name":"South Gosforth TMD","hub_type":"rail_cargo_station","operator_classification":"private","source_operator":"Nexus","osm_type":"node","osm_id":"10141262827","railway":"yard","landuse":"","industrial":"","amenity":"","freight":"","importance_rank":2,"importance":"regional_core"},"geometry":{"type":"Point","coordinates":[-1.6096687,55.0112066]}},{"type":"Feature","properties":{"id":"uk-osm-logistics-node-13587499077","name":"South Marston Euro Terminal","hub_type":"rail_cargo_station","operator_classification":"public","source_operator":"Network Rail","osm_type":"node","osm_id":"13587499077","railway":"yard","landuse":"","industrial":"","amenity":"","freight":"","importance_rank":2,"importance":"regional_core"},"geometry":{"type":"Point","coordinates":[-1.7326991,51.5828007]}},{"type":"Feature","properties":{"id":"uk-osm-logistics-node-7974590889","name":"South West Sidings","hub_type":"rail_cargo_station","operator_classification":"other","source_operator":"","osm_type":"node","osm_id":"7974590889","railway":"yard","landuse":"","industrial":"","amenity":"","freight":"","importance_rank":2,"importance":"regional_core"},"geometry":{"type":"Point","coordinates":[-0.2474553,51.5303111]}},{"type":"Feature","properties":{"id":"uk-osm-logistics-node-10209318375","name":"Southall Railway Centre","hub_type":"rail_cargo_station","operator_classification":"other","source_operator":"","osm_type":"node","osm_id":"10209318375","railway":"yard","landuse":"","industrial":"","amenity":"","freight":"","importance_rank":2,"importance":"regional_core"},"geometry":{"type":"Point","coordinates":[-0.3703018,51.5065534]}},{"type":"Feature","properties":{"id":"uk-osm-logistics-node-8651134477","name":"Southport Up Sidings","hub_type":"rail_cargo_station","operator_classification":"other","source_operator":"","osm_type":"node","osm_id":"8651134477","railway":"yard","landuse":"","industrial":"","amenity":"","freight":"","importance_rank":2,"importance":"regional_core"},"geometry":{"type":"Point","coordinates":[-2.6399138,53.5459787]}},{"type":"Feature","properties":{"id":"uk-osm-logistics-node-8651880267","name":"Speke Sidings","hub_type":"rail_cargo_station","operator_classification":"other","source_operator":"","osm_type":"node","osm_id":"8651880267","railway":"yard","landuse":"","industrial":"","amenity":"","freight":"","importance_rank":2,"importance":"regional_core"},"geometry":{"type":"Point","coordinates":[-2.882552,53.3529782]}},{"type":"Feature","properties":{"id":"uk-osm-logistics-node-9385569455","name":"St Leonards Traction Maintenance Depot","hub_type":"rail_cargo_station","operator_classification":"private","source_operator":"St Leonards Railway Engineering","osm_type":"node","osm_id":"9385569455","railway":"yard","landuse":"","industrial":"","amenity":"","freight":"","importance_rank":2,"importance":"regional_core"},"geometry":{"type":"Point","coordinates":[0.5209601,50.8486632]}},{"type":"Feature","properties":{"id":"uk-osm-logistics-node-6019240928","name":"St Philip's Marsh Depot","hub_type":"rail_cargo_station","operator_classification":"other","source_operator":"","osm_type":"node","osm_id":"6019240928","railway":"yard","landuse":"","industrial":"","amenity":"","freight":"","importance_rank":2,"importance":"regional_core"},"geometry":{"type":"Point","coordinates":[-2.5648054,51.4466831]}},{"type":"Feature","properties":{"id":"uk-osm-logistics-node-10263358720","name":"Staveley Down Sidings","hub_type":"rail_cargo_station","operator_classification":"other","source_operator":"","osm_type":"node","osm_id":"10263358720","railway":"yard","landuse":"","industrial":"","amenity":"","freight":"","importance_rank":2,"importance":"regional_core"},"geometry":{"type":"Point","coordinates":[-1.3898224,53.2720128]}},{"type":"Feature","properties":{"id":"uk-osm-logistics-node-10046221166","name":"Staveley Up Sidings","hub_type":"rail_cargo_station","operator_classification":"other","source_operator":"","osm_type":"node","osm_id":"10046221166","railway":"yard","landuse":"","industrial":"","amenity":"","freight":"","importance_rank":2,"importance":"regional_core"},"geometry":{"type":"Point","coordinates":[-1.3874561,53.2716418]}},{"type":"Feature","properties":{"id":"uk-osm-logistics-node-9324688755","name":"Stewarts Lane Depot","hub_type":"rail_cargo_station","operator_classification":"other","source_operator":"","osm_type":"node","osm_id":"9324688755","railway":"yard","landuse":"","industrial":"","amenity":"","freight":"","importance_rank":2,"importance":"regional_core"},"geometry":{"type":"Point","coordinates":[-0.1443096,51.472007]}},{"type":"Feature","properties":{"id":"uk-osm-logistics-way-972622328","name":"Stewarts Lane Depot","hub_type":"rail_cargo_station","operator_classification":"other","source_operator":"","osm_type":"way","osm_id":"972622328","railway":"yard","landuse":"railway","industrial":"","amenity":"","freight":"","importance_rank":2,"importance":"regional_core"},"geometry":{"type":"Point","coordinates":[-0.1438895,51.4722488]}},{"type":"Feature","properties":{"id":"uk-osm-logistics-node-10058775215","name":"Stockport Carriage Sidings","hub_type":"rail_cargo_station","operator_classification":"other","source_operator":"","osm_type":"node","osm_id":"10058775215","railway":"yard","landuse":"","industrial":"","amenity":"","freight":"","importance_rank":2,"importance":"regional_core"},"geometry":{"type":"Point","coordinates":[-2.1640831,53.4052237]}},{"type":"Feature","properties":{"id":"uk-osm-logistics-node-10053979591","name":"Stoke Cliffe Vale","hub_type":"rail_cargo_station","operator_classification":"other","source_operator":"","osm_type":"node","osm_id":"10053979591","railway":"yard","landuse":"","industrial":"","amenity":"","freight":"","importance_rank":2,"importance":"regional_core"},"geometry":{"type":"Point","coordinates":[-2.1913196,53.012493]}},{"type":"Feature","properties":{"id":"uk-osm-logistics-node-10053979590","name":"Stoke Cockshute Sidings","hub_type":"rail_cargo_station","operator_classification":"other","source_operator":"","osm_type":"node","osm_id":"10053979590","railway":"yard","landuse":"","industrial":"","amenity":"","freight":"","importance_rank":2,"importance":"regional_core"},"geometry":{"type":"Point","coordinates":[-2.1920388,53.0136703]}},{"type":"Feature","properties":{"id":"uk-osm-logistics-node-7489901834","name":"Stoke Gifford IEP","hub_type":"rail_cargo_station","operator_classification":"other","source_operator":"","osm_type":"node","osm_id":"7489901834","railway":"yard","landuse":"","industrial":"","amenity":"","freight":"","importance_rank":2,"importance":"regional_core"},"geometry":{"type":"Point","coordinates":[-2.5548084,51.5163394]}},{"type":"Feature","properties":{"id":"uk-osm-logistics-node-10229403181","name":"Stonebridge Park Depot","hub_type":"rail_cargo_station","operator_classification":"other","source_operator":"","osm_type":"node","osm_id":"10229403181","railway":"yard","landuse":"","industrial":"","amenity":"","freight":"","importance_rank":2,"importance":"regional_core"},"geometry":{"type":"Point","coordinates":[-0.2855051,51.5477655]}},{"type":"Feature","properties":{"id":"uk-osm-logistics-node-9990138531","name":"Stourton Freightliner Terminal","hub_type":"rail_cargo_station","operator_classification":"private","source_operator":"Freightliner","osm_type":"node","osm_id":"9990138531","railway":"yard","landuse":"","industrial":"","amenity":"","freight":"","importance_rank":2,"importance":"regional_core"},"geometry":{"type":"Point","coordinates":[-1.5080114,53.7686096]}},{"type":"Feature","properties":{"id":"uk-osm-logistics-node-9451237075","name":"Stratford Market Depot","hub_type":"rail_cargo_station","operator_classification":"other","source_operator":"","osm_type":"node","osm_id":"9451237075","railway":"yard","landuse":"","industrial":"","amenity":"","freight":"","importance_rank":2,"importance":"regional_core"},"geometry":{"type":"Point","coordinates":[0.0015034,51.5347988]}},{"type":"Feature","properties":{"id":"uk-osm-logistics-way-20611431","name":"Stratford Market Depot","hub_type":"rail_cargo_station","operator_classification":"other","source_operator":"","osm_type":"way","osm_id":"20611431","railway":"yard","landuse":"railway","industrial":"","amenity":"","freight":"","importance_rank":2,"importance":"regional_core"},"geometry":{"type":"Point","coordinates":[0.0009694,51.5339257]}},{"type":"Feature","properties":{"id":"uk-osm-logistics-way-23072466","name":"Strawberry Hill Depot","hub_type":"rail_cargo_station","operator_classification":"other","source_operator":"","osm_type":"way","osm_id":"23072466","railway":"yard","landuse":"railway","industrial":"","amenity":"","freight":"","importance_rank":2,"importance":"regional_core"},"geometry":{"type":"Point","coordinates":[-0.3417734,51.4357387]}},{"type":"Feature","properties":{"id":"uk-osm-logistics-node-9488066433","name":"Strawberry Hill Train Maintenance Depot","hub_type":"rail_cargo_station","operator_classification":"private","source_operator":"South Western Railway","osm_type":"node","osm_id":"9488066433","railway":"yard","landuse":"","industrial":"","amenity":"","freight":"","importance_rank":2,"importance":"regional_core"},"geometry":{"type":"Point","coordinates":[-0.3407623,51.4353647]}},{"type":"Feature","properties":{"id":"uk-osm-logistics-node-5825985726","name":"Swansea Maliphant Depot","hub_type":"rail_cargo_station","operator_classification":"other","source_operator":"","osm_type":"node","osm_id":"5825985726","railway":"yard","landuse":"","industrial":"","amenity":"","freight":"","importance_rank":2,"importance":"regional_core"},"geometry":{"type":"Point","coordinates":[-3.9369695,51.630445]}},{"type":"Feature","properties":{"id":"uk-osm-logistics-way-558631764","name":"Tain Civil Engineer's Sidings","hub_type":"rail_cargo_station","operator_classification":"public","source_operator":"Network Rail","osm_type":"way","osm_id":"558631764","railway":"yard","landuse":"railway","industrial":"","amenity":"","freight":"","importance_rank":2,"importance":"regional_core"},"geometry":{"type":"Point","coordinates":[-4.0541817,57.8148572]}},{"type":"Feature","properties":{"id":"uk-osm-logistics-way-1313859085","name":"Tarmac Cement Terminal","hub_type":"truck_terminal","operator_classification":"other","source_operator":"","osm_type":"way","osm_id":"1313859085","railway":"","landuse":"industrial","industrial":"logistics","amenity":"","freight":"","importance_rank":2,"importance":"regional_core"},"geometry":{"type":"Point","coordinates":[-4.2172174,57.4831737]}},{"type":"Feature","properties":{"id":"uk-osm-logistics-node-10208173811","name":"Tata Steel Corby","hub_type":"rail_cargo_station","operator_classification":"other","source_operator":"","osm_type":"node","osm_id":"10208173811","railway":"yard","landuse":"","industrial":"","amenity":"","freight":"","importance_rank":2,"importance":"regional_core"},"geometry":{"type":"Point","coordinates":[-0.6616089,52.4996705]}},{"type":"Feature","properties":{"id":"uk-osm-logistics-node-10110203713","name":"Tees Marshalling Yard","hub_type":"rail_cargo_station","operator_classification":"other","source_operator":"","osm_type":"node","osm_id":"10110203713","railway":"yard","landuse":"","industrial":"","amenity":"","freight":"","importance_rank":2,"importance":"regional_core"},"geometry":{"type":"Point","coordinates":[-1.2724637,54.5645756]}},{"type":"Feature","properties":{"id":"uk-osm-logistics-node-7869573105","name":"Telford International Railfreight Terminal","hub_type":"rail_cargo_station","operator_classification":"other","source_operator":"","osm_type":"node","osm_id":"7869573105","railway":"yard","landuse":"","industrial":"","amenity":"","freight":"","importance_rank":2,"importance":"regional_core"},"geometry":{"type":"Point","coordinates":[-2.4533081,52.716232]}},{"type":"Feature","properties":{"id":"uk-osm-logistics-node-9448514826","name":"Temple Mills Depot","hub_type":"rail_cargo_station","operator_classification":"other","source_operator":"","osm_type":"node","osm_id":"9448514826","railway":"yard","landuse":"","industrial":"","amenity":"","freight":"","importance_rank":2,"importance":"regional_core"},"geometry":{"type":"Point","coordinates":[-0.0232895,51.5603927]}},{"type":"Feature","properties":{"id":"uk-osm-logistics-way-49940846","name":"Temple Mills Depot","hub_type":"rail_cargo_station","operator_classification":"private","source_operator":"Eurostar","osm_type":"way","osm_id":"49940846","railway":"yard","landuse":"railway","industrial":"","amenity":"","freight":"","importance_rank":2,"importance":"regional_core"},"geometry":{"type":"Point","coordinates":[-0.0214476,51.5593228]}},{"type":"Feature","properties":{"id":"uk-osm-logistics-way-22650729","name":"Tesco Delivery","hub_type":"truck_terminal","operator_classification":"other","source_operator":"","osm_type":"way","osm_id":"22650729","railway":"","landuse":"industrial","industrial":"logistics","amenity":"","freight":"","importance_rank":2,"importance":"regional_core"},"geometry":{"type":"Point","coordinates":[-0.0101088,51.5262494]}},{"type":"Feature","properties":{"id":"uk-osm-logistics-node-9464523968","name":"Thameslink Depot","hub_type":"rail_cargo_station","operator_classification":"other","source_operator":"","osm_type":"node","osm_id":"9464523968","railway":"yard","landuse":"","industrial":"","amenity":"","freight":"","importance_rank":2,"importance":"regional_core"},"geometry":{"type":"Point","coordinates":[-0.114876,51.5919693]}},{"type":"Feature","properties":{"id":"uk-osm-logistics-node-9405928958","name":"Tilbury Railport","hub_type":"rail_cargo_station","operator_classification":"other","source_operator":"","osm_type":"node","osm_id":"9405928958","railway":"yard","landuse":"","industrial":"","amenity":"","freight":"","importance_rank":2,"importance":"regional_core"},"geometry":{"type":"Point","coordinates":[0.3879107,51.4609747]}},{"type":"Feature","properties":{"id":"uk-osm-logistics-node-10576614063","name":"Tinsley Intermodal Terminal","hub_type":"rail_cargo_station","operator_classification":"private","source_operator":"Newell and Wright","osm_type":"node","osm_id":"10576614063","railway":"yard","landuse":"","industrial":"","amenity":"","freight":"","importance_rank":2,"importance":"regional_core"},"geometry":{"type":"Point","coordinates":[-1.3740324,53.3957897]}},{"type":"Feature","properties":{"id":"uk-osm-logistics-node-8600142116","name":"Tinsley Yard","hub_type":"rail_cargo_station","operator_classification":"other","source_operator":"","osm_type":"node","osm_id":"8600142116","railway":"yard","landuse":"","industrial":"","amenity":"","freight":"","importance_rank":2,"importance":"regional_core"},"geometry":{"type":"Point","coordinates":[-1.3877038,53.4022456]}},{"type":"Feature","properties":{"id":"uk-osm-logistics-node-9979531106","name":"Tonbridge West Yard","hub_type":"rail_cargo_station","operator_classification":"other","source_operator":"","osm_type":"node","osm_id":"9979531106","railway":"yard","landuse":"","industrial":"","amenity":"","freight":"","importance_rank":2,"importance":"regional_core"},"geometry":{"type":"Point","coordinates":[0.2606203,51.1923285]}},{"type":"Feature","properties":{"id":"uk-osm-logistics-node-10188994685","name":"Torness Nuclear Power Station","hub_type":"rail_cargo_station","operator_classification":"other","source_operator":"","osm_type":"node","osm_id":"10188994685","railway":"yard","landuse":"","industrial":"","amenity":"","freight":"","importance_rank":2,"importance":"regional_core"},"geometry":{"type":"Point","coordinates":[-2.4362362,55.9699067]}},{"type":"Feature","properties":{"id":"uk-osm-logistics-node-8388677501","name":"Toton Down Sidings","hub_type":"rail_cargo_station","operator_classification":"other","source_operator":"","osm_type":"node","osm_id":"8388677501","railway":"yard","landuse":"","industrial":"","amenity":"","freight":"","importance_rank":2,"importance":"regional_core"},"geometry":{"type":"Point","coordinates":[-1.2779914,52.9153055]}},{"type":"Feature","properties":{"id":"uk-osm-logistics-node-8388677500","name":"Toton Sidings","hub_type":"rail_cargo_station","operator_classification":"other","source_operator":"","osm_type":"node","osm_id":"8388677500","railway":"yard","landuse":"","industrial":"","amenity":"","freight":"","importance_rank":2,"importance":"regional_core"},"geometry":{"type":"Point","coordinates":[-1.2812925,52.9151045]}},{"type":"Feature","properties":{"id":"uk-osm-logistics-way-115565470","name":"Trafford Metrolink Depot","hub_type":"rail_cargo_station","operator_classification":"private","source_operator":"Transport for Greater Manchester","osm_type":"way","osm_id":"115565470","railway":"yard","landuse":"railway","industrial":"","amenity":"","freight":"","importance_rank":2,"importance":"regional_core"},"geometry":{"type":"Point","coordinates":[-2.28193,53.4580095]}},{"type":"Feature","properties":{"id":"uk-osm-logistics-node-10056624697","name":"Trafford Park Euroterminal","hub_type":"rail_cargo_station","operator_classification":"other","source_operator":"","osm_type":"node","osm_id":"10056624697","railway":"yard","landuse":"","industrial":"","amenity":"","freight":"","importance_rank":2,"importance":"regional_core"},"geometry":{"type":"Point","coordinates":[-2.299929,53.4616651]}},{"type":"Feature","properties":{"id":"uk-osm-logistics-node-8199871354","name":"Trent Sidings","hub_type":"rail_cargo_station","operator_classification":"private","source_operator":"DB Cargo UK LTD","osm_type":"node","osm_id":"8199871354","railway":"yard","landuse":"","industrial":"","amenity":"","freight":"","importance_rank":2,"importance":"regional_core"},"geometry":{"type":"Point","coordinates":[-0.6218014,53.5950593]}},{"type":"Feature","properties":{"id":"uk-osm-logistics-node-9396381113","name":"Tyne Dock","hub_type":"rail_cargo_station","operator_classification":"other","source_operator":"","osm_type":"node","osm_id":"9396381113","railway":"yard","landuse":"","industrial":"","amenity":"","freight":"","importance_rank":2,"importance":"regional_core"},"geometry":{"type":"Point","coordinates":[-1.4564607,54.9818286]}},{"type":"Feature","properties":{"id":"uk-osm-logistics-node-9396395740","name":"Tyne Yard","hub_type":"rail_cargo_station","operator_classification":"other","source_operator":"","osm_type":"node","osm_id":"9396395740","railway":"yard","landuse":"","industrial":"","amenity":"","freight":"","importance_rank":2,"importance":"regional_core"},"geometry":{"type":"Point","coordinates":[-1.6006328,54.9140742]}},{"type":"Feature","properties":{"id":"uk-osm-logistics-node-10148346637","name":"Tyne Yard","hub_type":"rail_cargo_station","operator_classification":"private","source_operator":"DB Cargo UK","osm_type":"node","osm_id":"10148346637","railway":"yard","landuse":"","industrial":"","amenity":"","freight":"","importance_rank":2,"importance":"regional_core"},"geometry":{"type":"Point","coordinates":[-1.6005951,54.9128465]}},{"type":"Feature","properties":{"id":"uk-osm-logistics-node-8392067727","name":"Tyseley Yard","hub_type":"rail_cargo_station","operator_classification":"other","source_operator":"","osm_type":"node","osm_id":"8392067727","railway":"yard","landuse":"","industrial":"","amenity":"","freight":"","importance_rank":2,"importance":"regional_core"},"geometry":{"type":"Point","coordinates":[-1.8469152,52.4559432]}},{"type":"Feature","properties":{"id":"uk-osm-logistics-node-9413542104","name":"Tytherington Quarry","hub_type":"rail_cargo_station","operator_classification":"other","source_operator":"","osm_type":"node","osm_id":"9413542104","railway":"yard","landuse":"","industrial":"","amenity":"","freight":"","importance_rank":2,"importance":"regional_core"},"geometry":{"type":"Point","coordinates":[-2.4956743,51.5951791]}},{"type":"Feature","properties":{"id":"uk-osm-logistics-way-132952085","name":"UKMail","hub_type":"truck_terminal","operator_classification":"private","source_operator":"UK Mail","osm_type":"way","osm_id":"132952085","railway":"","landuse":"","industrial":"logistics","amenity":"","freight":"","importance_rank":2,"importance":"regional_core"},"geometry":{"type":"Point","coordinates":[-0.0007454,51.5248455]}},{"type":"Feature","properties":{"id":"uk-osm-logistics-node-13056884151","name":"Up Branch Sidings (North Yard)","hub_type":"rail_cargo_station","operator_classification":"public","source_operator":"Network Rail","osm_type":"node","osm_id":"13056884151","railway":"yard","landuse":"","industrial":"","amenity":"","freight":"","importance_rank":2,"importance":"regional_core"},"geometry":{"type":"Point","coordinates":[-1.0821599,51.2698457]}},{"type":"Feature","properties":{"id":"uk-osm-logistics-node-8688609011","name":"Upminster Depot","hub_type":"rail_cargo_station","operator_classification":"other","source_operator":"","osm_type":"node","osm_id":"8688609011","railway":"yard","landuse":"","industrial":"","amenity":"","freight":"","importance_rank":2,"importance":"regional_core"},"geometry":{"type":"Point","coordinates":[0.2640541,51.5609693]}},{"type":"Feature","properties":{"id":"uk-osm-logistics-way-957897379","name":"Upminster Depot","hub_type":"rail_cargo_station","operator_classification":"other","source_operator":"","osm_type":"way","osm_id":"957897379","railway":"yard","landuse":"railway","industrial":"","amenity":"","freight":"","importance_rank":2,"importance":"regional_core"},"geometry":{"type":"Point","coordinates":[0.2626929,51.5604747]}},{"type":"Feature","properties":{"id":"uk-osm-logistics-node-13520521848","name":"Upperby Up Sidings","hub_type":"rail_cargo_station","operator_classification":"other","source_operator":"","osm_type":"node","osm_id":"13520521848","railway":"yard","landuse":"","industrial":"","amenity":"","freight":"","importance_rank":2,"importance":"regional_core"},"geometry":{"type":"Point","coordinates":[-2.9242784,54.8839434]}},{"type":"Feature","properties":{"id":"uk-osm-logistics-node-9324393089","name":"Victoria (Grosvenor) Carriage Shed","hub_type":"rail_cargo_station","operator_classification":"other","source_operator":"","osm_type":"node","osm_id":"9324393089","railway":"yard","landuse":"","industrial":"","amenity":"","freight":"","importance_rank":2,"importance":"regional_core"},"geometry":{"type":"Point","coordinates":[-0.1468845,51.4873616]}},{"type":"Feature","properties":{"id":"uk-osm-logistics-node-7650390877","name":"Victoria Road Stabling Sidings","hub_type":"rail_cargo_station","operator_classification":"other","source_operator":"","osm_type":"node","osm_id":"7650390877","railway":"yard","landuse":"","industrial":"","amenity":"","freight":"","importance_rank":2,"importance":"regional_core"},"geometry":{"type":"Point","coordinates":[-2.5731085,51.4462959]}},{"type":"Feature","properties":{"id":"uk-osm-logistics-node-3178125661","name":"Viridor Dunbar Rail Terminal","hub_type":"rail_cargo_station","operator_classification":"other","source_operator":"","osm_type":"node","osm_id":"3178125661","railway":"yard","landuse":"","industrial":"","amenity":"","freight":"","importance_rank":2,"importance":"regional_core"},"geometry":{"type":"Point","coordinates":[-2.4670194,55.9798551]}},{"type":"Feature","properties":{"id":"uk-osm-logistics-node-10022685734","name":"Wabtec Rail, Kilmarnock","hub_type":"rail_cargo_station","operator_classification":"other","source_operator":"","osm_type":"node","osm_id":"10022685734","railway":"yard","landuse":"","industrial":"","amenity":"","freight":"","importance_rank":2,"importance":"regional_core"},"geometry":{"type":"Point","coordinates":[-4.5019861,55.6130966]}},{"type":"Feature","properties":{"id":"uk-osm-logistics-node-8394309200","name":"Walsall Midland Goods Depot","hub_type":"rail_cargo_station","operator_classification":"other","source_operator":"","osm_type":"node","osm_id":"8394309200","railway":"yard","landuse":"","industrial":"","amenity":"","freight":"","importance_rank":2,"importance":"regional_core"},"geometry":{"type":"Point","coordinates":[-1.9897026,52.580203]}},{"type":"Feature","properties":{"id":"uk-osm-logistics-node-8658505083","name":"Walton Old Junction Sidings","hub_type":"rail_cargo_station","operator_classification":"other","source_operator":"","osm_type":"node","osm_id":"8658505083","railway":"yard","landuse":"","industrial":"","amenity":"","freight":"","importance_rank":2,"importance":"regional_core"},"geometry":{"type":"Point","coordinates":[-2.6090713,53.3711253]}},{"type":"Feature","properties":{"id":"uk-osm-logistics-node-8576900789","name":"Warsop Junction Sidings","hub_type":"rail_cargo_station","operator_classification":"other","source_operator":"","osm_type":"node","osm_id":"8576900789","railway":"yard","landuse":"","industrial":"","amenity":"","freight":"","importance_rank":2,"importance":"regional_core"},"geometry":{"type":"Point","coordinates":[-1.1988615,53.2084078]}},{"type":"Feature","properties":{"id":"uk-osm-logistics-node-7536990032","name":"Washwood Heath Sidings","hub_type":"rail_cargo_station","operator_classification":"other","source_operator":"","osm_type":"node","osm_id":"7536990032","railway":"yard","landuse":"","industrial":"","amenity":"","freight":"","importance_rank":2,"importance":"regional_core"},"geometry":{"type":"Point","coordinates":[-1.8408349,52.5038069]}},{"type":"Feature","properties":{"id":"uk-osm-logistics-node-10229386328","name":"Watford Yard","hub_type":"rail_cargo_station","operator_classification":"other","source_operator":"","osm_type":"node","osm_id":"10229386328","railway":"yard","landuse":"","industrial":"","amenity":"","freight":"","importance_rank":2,"importance":"regional_core"},"geometry":{"type":"Point","coordinates":[-0.3948659,51.6639992]}},{"type":"Feature","properties":{"id":"uk-osm-logistics-node-8408667210","name":"Wavertree and Edge Hill Goods Depot","hub_type":"rail_cargo_station","operator_classification":"other","source_operator":"","osm_type":"node","osm_id":"8408667210","railway":"yard","landuse":"","industrial":"","amenity":"","freight":"","importance_rank":2,"importance":"regional_core"},"geometry":{"type":"Point","coordinates":[-2.9325188,53.4034106]}},{"type":"Feature","properties":{"id":"uk-osm-logistics-node-8449109990","name":"Wednesbury Depot","hub_type":"rail_cargo_station","operator_classification":"private","source_operator":"Midland Metro","osm_type":"node","osm_id":"8449109990","railway":"yard","landuse":"","industrial":"","amenity":"","freight":"","importance_rank":2,"importance":"regional_core"},"geometry":{"type":"Point","coordinates":[-2.026177,52.5482288]}},{"type":"Feature","properties":{"id":"uk-osm-logistics-node-10007222719","name":"Welton International Petroleum Sidings","hub_type":"rail_cargo_station","operator_classification":"other","source_operator":"","osm_type":"node","osm_id":"10007222719","railway":"yard","landuse":"","industrial":"","amenity":"","freight":"","importance_rank":2,"importance":"regional_core"},"geometry":{"type":"Point","coordinates":[-0.4328961,53.2595987]}},{"type":"Feature","properties":{"id":"uk-osm-logistics-node-10226135709","name":"Wembley Depot","hub_type":"rail_cargo_station","operator_classification":"other","source_operator":"","osm_type":"node","osm_id":"10226135709","railway":"yard","landuse":"","industrial":"","amenity":"","freight":"","importance_rank":2,"importance":"regional_core"},"geometry":{"type":"Point","coordinates":[-0.2831498,51.5460235]}},{"type":"Feature","properties":{"id":"uk-osm-logistics-node-8688869513","name":"Wembley Light Maintenance Depot","hub_type":"rail_cargo_station","operator_classification":"other","source_operator":"","osm_type":"node","osm_id":"8688869513","railway":"yard","landuse":"","industrial":"","amenity":"","freight":"","importance_rank":2,"importance":"regional_core"},"geometry":{"type":"Point","coordinates":[-0.2779928,51.5541092]}},{"type":"Feature","properties":{"id":"uk-osm-logistics-node-9949825767","name":"Wentloog Freightliner Terminal","hub_type":"rail_cargo_station","operator_classification":"other","source_operator":"","osm_type":"node","osm_id":"9949825767","railway":"yard","landuse":"","industrial":"","amenity":"","freight":"","importance_rank":2,"importance":"regional_core"},"geometry":{"type":"Point","coordinates":[-3.0946454,51.5129251]}},{"type":"Feature","properties":{"id":"uk-osm-logistics-node-9476643216","name":"West Ealing Engineer's Depot","hub_type":"rail_cargo_station","operator_classification":"other","source_operator":"","osm_type":"node","osm_id":"9476643216","railway":"yard","landuse":"","industrial":"","amenity":"","freight":"","importance_rank":2,"importance":"regional_core"},"geometry":{"type":"Point","coordinates":[-0.3289563,51.5131621]}},{"type":"Feature","properties":{"id":"uk-osm-logistics-node-8542147560","name":"West Midland Railway Birmingham Soho","hub_type":"rail_cargo_station","operator_classification":"other","source_operator":"","osm_type":"node","osm_id":"8542147560","railway":"yard","landuse":"","industrial":"","amenity":"","freight":"","importance_rank":2,"importance":"regional_core"},"geometry":{"type":"Point","coordinates":[-1.9437569,52.4929072]}},{"type":"Feature","properties":{"id":"uk-osm-logistics-node-7489901802","name":"Westbourne Park Carriage Sidings","hub_type":"rail_cargo_station","operator_classification":"other","source_operator":"","osm_type":"node","osm_id":"7489901802","railway":"yard","landuse":"","industrial":"","amenity":"","freight":"","importance_rank":2,"importance":"regional_core"},"geometry":{"type":"Point","coordinates":[-0.198234,51.5207455]}},{"type":"Feature","properties":{"id":"uk-osm-logistics-node-10199696793","name":"Westbury (Wilts) Down Sidings","hub_type":"rail_cargo_station","operator_classification":"other","source_operator":"","osm_type":"node","osm_id":"10199696793","railway":"yard","landuse":"","industrial":"","amenity":"","freight":"","importance_rank":2,"importance":"regional_core"},"geometry":{"type":"Point","coordinates":[-2.201414,51.2645553]}},{"type":"Feature","properties":{"id":"uk-osm-logistics-node-10199696791","name":"Westbury Up Sidings","hub_type":"rail_cargo_station","operator_classification":"other","source_operator":"","osm_type":"node","osm_id":"10199696791","railway":"yard","landuse":"","industrial":"","amenity":"","freight":"","importance_rank":2,"importance":"regional_core"},"geometry":{"type":"Point","coordinates":[-2.2049545,51.2627947]}},{"type":"Feature","properties":{"id":"uk-osm-logistics-node-9413149278","name":"Westerleigh Oil Terminal","hub_type":"rail_cargo_station","operator_classification":"other","source_operator":"","osm_type":"node","osm_id":"9413149278","railway":"yard","landuse":"","industrial":"","amenity":"","freight":"","importance_rank":2,"importance":"regional_core"},"geometry":{"type":"Point","coordinates":[-2.4479649,51.5007815]}},{"type":"Feature","properties":{"id":"uk-osm-logistics-node-9924416322","name":"Westerleigh Yard","hub_type":"rail_cargo_station","operator_classification":"other","source_operator":"","osm_type":"node","osm_id":"9924416322","railway":"yard","landuse":"","industrial":"","amenity":"","freight":"","importance_rank":2,"importance":"regional_core"},"geometry":{"type":"Point","coordinates":[-2.4482803,51.499957]}},{"type":"Feature","properties":{"id":"uk-osm-logistics-node-8606171708","name":"Whitehall Road Engineers Sidings","hub_type":"rail_cargo_station","operator_classification":"other","source_operator":"","osm_type":"node","osm_id":"8606171708","railway":"yard","landuse":"","industrial":"","amenity":"","freight":"","importance_rank":2,"importance":"regional_core"},"geometry":{"type":"Point","coordinates":[-1.5588744,53.7912803]}},{"type":"Feature","properties":{"id":"uk-osm-logistics-node-9353937489","name":"Whitemoor Yard","hub_type":"rail_cargo_station","operator_classification":"other","source_operator":"","osm_type":"node","osm_id":"9353937489","railway":"yard","landuse":"","industrial":"","amenity":"","freight":"","importance_rank":2,"importance":"regional_core"},"geometry":{"type":"Point","coordinates":[0.0833941,52.5703121]}},{"type":"Feature","properties":{"id":"uk-osm-logistics-node-8651162060","name":"Wigan Springs Branch TMD","hub_type":"rail_cargo_station","operator_classification":"other","source_operator":"","osm_type":"node","osm_id":"8651162060","railway":"yard","landuse":"","industrial":"","amenity":"","freight":"","importance_rank":2,"importance":"regional_core"},"geometry":{"type":"Point","coordinates":[-2.6149944,53.5283763]}},{"type":"Feature","properties":{"id":"uk-osm-logistics-node-10226553266","name":"Willesden Brent Sidings","hub_type":"rail_cargo_station","operator_classification":"other","source_operator":"","osm_type":"node","osm_id":"10226553266","railway":"yard","landuse":"","industrial":"","amenity":"","freight":"","importance_rank":2,"importance":"regional_core"},"geometry":{"type":"Point","coordinates":[-0.2635459,51.5381175]}},{"type":"Feature","properties":{"id":"uk-osm-logistics-node-8688896137","name":"Willesden Freightliner Depot","hub_type":"rail_cargo_station","operator_classification":"other","source_operator":"","osm_type":"node","osm_id":"8688896137","railway":"yard","landuse":"","industrial":"","amenity":"","freight":"","importance_rank":2,"importance":"regional_core"},"geometry":{"type":"Point","coordinates":[-0.2527533,51.5336554]}},{"type":"Feature","properties":{"id":"uk-osm-logistics-node-10226139802","name":"Willesden Royal Mail Terminal","hub_type":"rail_cargo_station","operator_classification":"other","source_operator":"","osm_type":"node","osm_id":"10226139802","railway":"yard","landuse":"","industrial":"","amenity":"","freight":"","importance_rank":2,"importance":"regional_core"},"geometry":{"type":"Point","coordinates":[-0.2674123,51.5401097]}},{"type":"Feature","properties":{"id":"uk-osm-logistics-node-9477032932","name":"Willesden Traction Maintenance Depot","hub_type":"rail_cargo_station","operator_classification":"other","source_operator":"","osm_type":"node","osm_id":"9477032932","railway":"yard","landuse":"","industrial":"","amenity":"","freight":"","importance_rank":2,"importance":"regional_core"},"geometry":{"type":"Point","coordinates":[-0.2405242,51.5313195]}},{"type":"Feature","properties":{"id":"uk-osm-logistics-way-545557931","name":"Willesden Traction Maintenance Depot","hub_type":"rail_cargo_station","operator_classification":"other","source_operator":"","osm_type":"way","osm_id":"545557931","railway":"yard","landuse":"railway","industrial":"","amenity":"","freight":"","importance_rank":2,"importance":"regional_core"},"geometry":{"type":"Point","coordinates":[-0.2403177,51.5312816]}},{"type":"Feature","properties":{"id":"uk-osm-logistics-node-10172467150","name":"Wilton Energy From Waste Terminal","hub_type":"rail_cargo_station","operator_classification":"other","source_operator":"","osm_type":"node","osm_id":"10172467150","railway":"yard","landuse":"","industrial":"","amenity":"","freight":"","importance_rank":2,"importance":"regional_core"},"geometry":{"type":"Point","coordinates":[-1.1247401,54.591027]}},{"type":"Feature","properties":{"id":"uk-osm-logistics-node-9484624019","name":"Wimbledon Traincare Depot","hub_type":"rail_cargo_station","operator_classification":"private","source_operator":"South Western Railway","osm_type":"node","osm_id":"9484624019","railway":"yard","landuse":"","industrial":"","amenity":"","freight":"","importance_rank":2,"importance":"regional_core"},"geometry":{"type":"Point","coordinates":[-0.1954319,51.4334202]}},{"type":"Feature","properties":{"id":"uk-osm-logistics-way-260858764","name":"Wimbledon Traincare Depot","hub_type":"rail_cargo_station","operator_classification":"private","source_operator":"South Western Raiilway","osm_type":"way","osm_id":"260858764","railway":"yard","landuse":"railway","industrial":"","amenity":"","freight":"","importance_rank":2,"importance":"regional_core"},"geometry":{"type":"Point","coordinates":[-0.1952548,51.4332736]}},{"type":"Feature","properties":{"id":"uk-osm-logistics-node-9979394263","name":"Woking Down Yard Country End","hub_type":"rail_cargo_station","operator_classification":"other","source_operator":"","osm_type":"node","osm_id":"9979394263","railway":"yard","landuse":"","industrial":"","amenity":"","freight":"","importance_rank":2,"importance":"regional_core"},"geometry":{"type":"Point","coordinates":[-0.560561,51.3169381]}},{"type":"Feature","properties":{"id":"uk-osm-logistics-node-9979385182","name":"Woking Up Yard","hub_type":"rail_cargo_station","operator_classification":"other","source_operator":"","osm_type":"node","osm_id":"9979385182","railway":"yard","landuse":"","industrial":"","amenity":"","freight":"","importance_rank":2,"importance":"regional_core"},"geometry":{"type":"Point","coordinates":[-0.567477,51.3147705]}},{"type":"Feature","properties":{"id":"uk-osm-logistics-node-8449308006","name":"Wolverhampton Steel Terminal","hub_type":"rail_cargo_station","operator_classification":"private","source_operator":"DB Shenke","osm_type":"node","osm_id":"8449308006","railway":"yard","landuse":"","industrial":"","amenity":"","freight":"","importance_rank":2,"importance":"regional_core"},"geometry":{"type":"Point","coordinates":[-2.1088842,52.5809175]}},{"type":"Feature","properties":{"id":"uk-osm-logistics-node-9917067331","name":"Worksop Down Yard","hub_type":"rail_cargo_station","operator_classification":"other","source_operator":"","osm_type":"node","osm_id":"9917067331","railway":"yard","landuse":"","industrial":"","amenity":"","freight":"","importance_rank":2,"importance":"regional_core"},"geometry":{"type":"Point","coordinates":[-1.1327081,53.3139082]}},{"type":"Feature","properties":{"id":"uk-osm-logistics-node-9917067333","name":"Worksop Up Yard","hub_type":"rail_cargo_station","operator_classification":"other","source_operator":"","osm_type":"node","osm_id":"9917067333","railway":"yard","landuse":"","industrial":"","amenity":"","freight":"","importance_rank":2,"importance":"regional_core"},"geometry":{"type":"Point","coordinates":[-1.1434585,53.31804]}},{"type":"Feature","properties":{"id":"uk-osm-logistics-way-132954570","name":"Zoom by Ocado","hub_type":"truck_terminal","operator_classification":"private","source_operator":"Ocado","osm_type":"way","osm_id":"132954570","railway":"","landuse":"","industrial":"logistics","amenity":"","freight":"","importance_rank":2,"importance":"regional_core"},"geometry":{"type":"Point","coordinates":[0.0016254,51.5225102]}},{"type":"Feature","properties":{"id":"uk-osm-logistics-way-314933051","name":"iPort","hub_type":"truck_terminal","operator_classification":"other","source_operator":"","osm_type":"way","osm_id":"314933051","railway":"","landuse":"industrial","industrial":"logistics","amenity":"","freight":"","importance_rank":2,"importance":"regional_core"},"geometry":{"type":"Point","coordinates":[-1.1057476,53.4777598]}},{"type":"Feature","properties":{"id":"uk-osm-logistics-node-10172390175","name":"iPort Rail Terminat","hub_type":"rail_cargo_station","operator_classification":"other","source_operator":"","osm_type":"node","osm_id":"10172390175","railway":"yard","landuse":"","industrial":"","amenity":"","freight":"","importance_rank":2,"importance":"regional_core"},"geometry":{"type":"Point","coordinates":[-1.1110709,53.4779696]}},{"type":"Feature","properties":{"id":"uk-osm-logistics-way-1193585764","name":"OSM logistics facility way/1193585764","hub_type":"truck_terminal","operator_classification":"other","source_operator":"","osm_type":"way","osm_id":"1193585764","railway":"","landuse":"","industrial":"logistics","amenity":"","freight":"","importance_rank":2,"importance":"regional_core"},"geometry":{"type":"Point","coordinates":[-2.8567739,53.6664254]}},{"type":"Feature","properties":{"id":"uk-osm-logistics-way-1193585765","name":"OSM logistics facility way/1193585765","hub_type":"truck_terminal","operator_classification":"other","source_operator":"","osm_type":"way","osm_id":"1193585765","railway":"","landuse":"","industrial":"logistics","amenity":"","freight":"","importance_rank":2,"importance":"regional_core"},"geometry":{"type":"Point","coordinates":[-2.8569166,53.667009]}},{"type":"Feature","properties":{"id":"uk-osm-logistics-way-1193585766","name":"OSM logistics facility way/1193585766","hub_type":"truck_terminal","operator_classification":"other","source_operator":"","osm_type":"way","osm_id":"1193585766","railway":"","landuse":"","industrial":"logistics","amenity":"","freight":"","importance_rank":2,"importance":"regional_core"},"geometry":{"type":"Point","coordinates":[-2.8559944,53.6670284]}},{"type":"Feature","properties":{"id":"uk-osm-logistics-way-1193652650","name":"OSM logistics facility way/1193652650","hub_type":"truck_terminal","operator_classification":"other","source_operator":"","osm_type":"way","osm_id":"1193652650","railway":"","landuse":"industrial","industrial":"logistics","amenity":"","freight":"","importance_rank":2,"importance":"regional_core"},"geometry":{"type":"Point","coordinates":[-2.8582142,53.6674845]}},{"type":"Feature","properties":{"id":"uk-osm-logistics-way-164793847","name":"OSM logistics facility way/164793847","hub_type":"rail_cargo_station","operator_classification":"other","source_operator":"","osm_type":"way","osm_id":"164793847","railway":"yard","landuse":"railway","industrial":"","amenity":"","freight":"","importance_rank":2,"importance":"regional_core"},"geometry":{"type":"Point","coordinates":[-0.1342387,51.3870629]}},{"type":"Feature","properties":{"id":"uk-osm-logistics-way-485576760","name":"OSM logistics facility way/485576760","hub_type":"truck_terminal","operator_classification":"other","source_operator":"","osm_type":"way","osm_id":"485576760","railway":"","landuse":"industrial","industrial":"logistics","amenity":"","freight":"","importance_rank":2,"importance":"regional_core"},"geometry":{"type":"Point","coordinates":[-1.3113089,52.8279121]}},{"type":"Feature","properties":{"id":"uk-osm-logistics-way-858174889","name":"OSM logistics facility way/858174889","hub_type":"rail_cargo_station","operator_classification":"other","source_operator":"","osm_type":"way","osm_id":"858174889","railway":"yard","landuse":"railway","industrial":"","amenity":"","freight":"","importance_rank":2,"importance":"regional_core"},"geometry":{"type":"Point","coordinates":[-0.3972976,51.4499375]}},{"type":"Feature","properties":{"id":"uk-osm-logistics-way-882984592","name":"OSM logistics facility way/882984592","hub_type":"truck_terminal","operator_classification":"other","source_operator":"","osm_type":"way","osm_id":"882984592","railway":"","landuse":"industrial","industrial":"logistics","amenity":"","freight":"","importance_rank":2,"importance":"regional_core"},"geometry":{"type":"Point","coordinates":[-2.8563181,53.6665664]}},{"type":"Feature","properties":{"id":"uk-osm-logistics-way-891551781","name":"OSM logistics facility way/891551781","hub_type":"rail_cargo_station","operator_classification":"other","source_operator":"","osm_type":"way","osm_id":"891551781","railway":"yard","landuse":"railway","industrial":"","amenity":"","freight":"","importance_rank":2,"importance":"regional_core"},"geometry":{"type":"Point","coordinates":[-0.7345846,52.6729174]}},{"type":"Feature","properties":{"id":"uk-osm-logistics-way-900440897","name":"OSM logistics facility way/900440897","hub_type":"rail_cargo_station","operator_classification":"other","source_operator":"","osm_type":"way","osm_id":"900440897","railway":"yard","landuse":"","industrial":"","amenity":"","freight":"","importance_rank":2,"importance":"regional_core"},"geometry":{"type":"Point","coordinates":[-2.428867,53.0792814]}},{"type":"Feature","properties":{"id":"uk-osm-logistics-way-916145720","name":"OSM logistics facility way/916145720","hub_type":"truck_terminal","operator_classification":"other","source_operator":"","osm_type":"way","osm_id":"916145720","railway":"","landuse":"industrial","industrial":"logistics","amenity":"","freight":"","importance_rank":2,"importance":"regional_core"},"geometry":{"type":"Point","coordinates":[-0.9447733,52.2123564]}},{"type":"Feature","properties":{"id":"uk-osm-logistics-way-916145721","name":"OSM logistics facility way/916145721","hub_type":"truck_terminal","operator_classification":"other","source_operator":"","osm_type":"way","osm_id":"916145721","railway":"","landuse":"industrial","industrial":"logistics","amenity":"","freight":"","importance_rank":2,"importance":"regional_core"},"geometry":{"type":"Point","coordinates":[-0.9473828,52.2130305]}},{"type":"Feature","properties":{"id":"uk-osm-logistics-way-40469230","name":"3i Grosvenor Crescent Mews","hub_type":"truck_terminal","operator_classification":"other","source_operator":"","osm_type":"way","osm_id":"40469230","railway":"","landuse":"","industrial":"","amenity":"loading_dock","freight":"","importance_rank":1,"importance":"local_connector"},"geometry":{"type":"Point","coordinates":[-0.1531985,51.5017928]}},{"type":"Feature","properties":{"id":"uk-osm-logistics-node-9719144629","name":"ALDI","hub_type":"truck_terminal","operator_classification":"private","source_operator":"ALDI","osm_type":"node","osm_id":"9719144629","railway":"","landuse":"","industrial":"","amenity":"loading_dock","freight":"","importance_rank":1,"importance":"local_connector"},"geometry":{"type":"Point","coordinates":[-0.1234175,50.8405322]}},{"type":"Feature","properties":{"id":"uk-osm-logistics-node-9277741731","name":"Ashcroft","hub_type":"truck_terminal","operator_classification":"other","source_operator":"","osm_type":"node","osm_id":"9277741731","railway":"","landuse":"","industrial":"","amenity":"loading_dock","freight":"","importance_rank":1,"importance":"local_connector"},"geometry":{"type":"Point","coordinates":[-2.699109,53.7075629]}},{"type":"Feature","properties":{"id":"uk-osm-logistics-node-10095877468","name":"Bealey's Wharf","hub_type":"truck_terminal","operator_classification":"other","source_operator":"","osm_type":"node","osm_id":"10095877468","railway":"","landuse":"","industrial":"","amenity":"loading_dock","freight":"","importance_rank":1,"importance":"local_connector"},"geometry":{"type":"Point","coordinates":[-2.3159852,53.5741653]}},{"type":"Feature","properties":{"id":"uk-osm-logistics-node-12668650085","name":"Boots Goods In","hub_type":"truck_terminal","operator_classification":"other","source_operator":"","osm_type":"node","osm_id":"12668650085","railway":"","landuse":"","industrial":"","amenity":"loading_dock","freight":"","importance_rank":1,"importance":"local_connector"},"geometry":{"type":"Point","coordinates":[-1.0625371,51.4421032]}},{"type":"Feature","properties":{"id":"uk-osm-logistics-node-9238820667","name":"Double H Nurseries","hub_type":"truck_terminal","operator_classification":"private","source_operator":"Double H Nurseries","osm_type":"node","osm_id":"9238820667","railway":"","landuse":"","industrial":"","amenity":"loading_dock","freight":"","importance_rank":1,"importance":"local_connector"},"geometry":{"type":"Point","coordinates":[-1.6763583,50.7501605]}},{"type":"Feature","properties":{"id":"uk-osm-logistics-node-9238820668","name":"Double H Nurseries","hub_type":"truck_terminal","operator_classification":"private","source_operator":"Double H Nurseries","osm_type":"node","osm_id":"9238820668","railway":"","landuse":"","industrial":"","amenity":"loading_dock","freight":"","importance_rank":1,"importance":"local_connector"},"geometry":{"type":"Point","coordinates":[-1.6763014,50.7501567]}},{"type":"Feature","properties":{"id":"uk-osm-logistics-node-9238820669","name":"Double H Nurseries","hub_type":"truck_terminal","operator_classification":"private","source_operator":"Double H Nurseries","osm_type":"node","osm_id":"9238820669","railway":"","landuse":"","industrial":"","amenity":"loading_dock","freight":"","importance_rank":1,"importance":"local_connector"},"geometry":{"type":"Point","coordinates":[-1.6762405,50.7501526]}},{"type":"Feature","properties":{"id":"uk-osm-logistics-way-4253627","name":"Finsbury Street","hub_type":"truck_terminal","operator_classification":"other","source_operator":"","osm_type":"way","osm_id":"4253627","railway":"","landuse":"","industrial":"","amenity":"loading_dock","freight":"","importance_rank":1,"importance":"local_connector"},"geometry":{"type":"Point","coordinates":[-0.0887838,51.5201426]}},{"type":"Feature","properties":{"id":"uk-osm-logistics-node-11191111594","name":"Gate 1","hub_type":"truck_terminal","operator_classification":"other","source_operator":"","osm_type":"node","osm_id":"11191111594","railway":"","landuse":"","industrial":"","amenity":"loading_dock","freight":"","importance_rank":1,"importance":"local_connector"},"geometry":{"type":"Point","coordinates":[-4.2058045,55.8489023]}},{"type":"Feature","properties":{"id":"uk-osm-logistics-node-11191111575","name":"Gate 2","hub_type":"truck_terminal","operator_classification":"other","source_operator":"","osm_type":"node","osm_id":"11191111575","railway":"","landuse":"","industrial":"","amenity":"loading_dock","freight":"","importance_rank":1,"importance":"local_connector"},"geometry":{"type":"Point","coordinates":[-4.2071428,55.849592]}},{"type":"Feature","properties":{"id":"uk-osm-logistics-node-11596374634","name":"IKEA","hub_type":"truck_terminal","operator_classification":"private","source_operator":"IKEA","osm_type":"node","osm_id":"11596374634","railway":"","landuse":"","industrial":"","amenity":"loading_dock","freight":"","importance_rank":1,"importance":"local_connector"},"geometry":{"type":"Point","coordinates":[0.0163896,51.4903343]}},{"type":"Feature","properties":{"id":"uk-osm-logistics-node-11596374635","name":"IKEA","hub_type":"truck_terminal","operator_classification":"private","source_operator":"IKEA","osm_type":"node","osm_id":"11596374635","railway":"","landuse":"","industrial":"","amenity":"loading_dock","freight":"","importance_rank":1,"importance":"local_connector"},"geometry":{"type":"Point","coordinates":[0.0164414,51.4903188]}},{"type":"Feature","properties":{"id":"uk-osm-logistics-node-11596374636","name":"IKEA","hub_type":"truck_terminal","operator_classification":"private","source_operator":"IKEA","osm_type":"node","osm_id":"11596374636","railway":"","landuse":"","industrial":"","amenity":"loading_dock","freight":"","importance_rank":1,"importance":"local_connector"},"geometry":{"type":"Point","coordinates":[0.0164975,51.4903021]}},{"type":"Feature","properties":{"id":"uk-osm-logistics-node-11596374637","name":"IKEA","hub_type":"truck_terminal","operator_classification":"private","source_operator":"IKEA","osm_type":"node","osm_id":"11596374637","railway":"","landuse":"","industrial":"","amenity":"loading_dock","freight":"","importance_rank":1,"importance":"local_connector"},"geometry":{"type":"Point","coordinates":[0.0165466,51.4902874]}},{"type":"Feature","properties":{"id":"uk-osm-logistics-node-12661301221","name":"Johnstons of Elgin","hub_type":"truck_terminal","operator_classification":"private","source_operator":"Johnstons of Elgin","osm_type":"node","osm_id":"12661301221","railway":"","landuse":"","industrial":"","amenity":"loading_dock","freight":"","importance_rank":1,"importance":"local_connector"},"geometry":{"type":"Point","coordinates":[-2.7815081,55.4295928]}},{"type":"Feature","properties":{"id":"uk-osm-logistics-node-8580600274","name":"Lidl","hub_type":"truck_terminal","operator_classification":"private","source_operator":"Lidl","osm_type":"node","osm_id":"8580600274","railway":"","landuse":"","industrial":"","amenity":"loading_dock","freight":"","importance_rank":1,"importance":"local_connector"},"geometry":{"type":"Point","coordinates":[-1.5480357,54.9525235]}},{"type":"Feature","properties":{"id":"uk-osm-logistics-node-8862580729","name":"Loomis","hub_type":"truck_terminal","operator_classification":"private","source_operator":"Loomis","osm_type":"node","osm_id":"8862580729","railway":"","landuse":"","industrial":"","amenity":"loading_dock","freight":"","importance_rank":1,"importance":"local_connector"},"geometry":{"type":"Point","coordinates":[0.4660357,51.2909833]}},{"type":"Feature","properties":{"id":"uk-osm-logistics-node-8862580730","name":"Loomis","hub_type":"truck_terminal","operator_classification":"private","source_operator":"Loomis","osm_type":"node","osm_id":"8862580730","railway":"","landuse":"","industrial":"","amenity":"loading_dock","freight":"","importance_rank":1,"importance":"local_connector"},"geometry":{"type":"Point","coordinates":[0.4660907,51.2909062]}},{"type":"Feature","properties":{"id":"uk-osm-logistics-node-8862580731","name":"Loomis","hub_type":"truck_terminal","operator_classification":"private","source_operator":"Loomis","osm_type":"node","osm_id":"8862580731","railway":"","landuse":"","industrial":"","amenity":"loading_dock","freight":"","importance_rank":1,"importance":"local_connector"},"geometry":{"type":"Point","coordinates":[0.4661147,51.2908686]}},{"type":"Feature","properties":{"id":"uk-osm-logistics-node-12336896898","name":"MS Food Deliveries","hub_type":"truck_terminal","operator_classification":"other","source_operator":"","osm_type":"node","osm_id":"12336896898","railway":"","landuse":"","industrial":"","amenity":"loading_dock","freight":"","importance_rank":1,"importance":"local_connector"},"geometry":{"type":"Point","coordinates":[-1.549201,52.277937]}},{"type":"Feature","properties":{"id":"uk-osm-logistics-node-12082832137","name":"MS Home & Clothes Deliveries","hub_type":"truck_terminal","operator_classification":"other","source_operator":"","osm_type":"node","osm_id":"12082832137","railway":"","landuse":"","industrial":"","amenity":"loading_dock","freight":"","importance_rank":1,"importance":"local_connector"},"geometry":{"type":"Point","coordinates":[-1.5485014,52.2779815]}},{"type":"Feature","properties":{"id":"uk-osm-logistics-node-10184430951","name":"Millennium Point Loading Bay","hub_type":"truck_terminal","operator_classification":"other","source_operator":"","osm_type":"node","osm_id":"10184430951","railway":"","landuse":"","industrial":"","amenity":"loading_dock","freight":"","importance_rank":1,"importance":"local_connector"},"geometry":{"type":"Point","coordinates":[-1.8867756,52.4832842]}},{"type":"Feature","properties":{"id":"uk-osm-logistics-node-13731154232","name":"Morrisons","hub_type":"truck_terminal","operator_classification":"private","source_operator":"Morrisons","osm_type":"node","osm_id":"13731154232","railway":"","landuse":"","industrial":"","amenity":"loading_dock","freight":"","importance_rank":1,"importance":"local_connector"},"geometry":{"type":"Point","coordinates":[-2.7813424,55.4278214]}},{"type":"Feature","properties":{"id":"uk-osm-logistics-node-13731154233","name":"Morrisons","hub_type":"truck_terminal","operator_classification":"private","source_operator":"Morrisons","osm_type":"node","osm_id":"13731154233","railway":"","landuse":"","industrial":"","amenity":"loading_dock","freight":"","importance_rank":1,"importance":"local_connector"},"geometry":{"type":"Point","coordinates":[-2.7813645,55.4278635]}},{"type":"Feature","properties":{"id":"uk-osm-logistics-node-13731154244","name":"Morrisons","hub_type":"truck_terminal","operator_classification":"private","source_operator":"Morrisons","osm_type":"node","osm_id":"13731154244","railway":"","landuse":"","industrial":"","amenity":"loading_dock","freight":"","importance_rank":1,"importance":"local_connector"},"geometry":{"type":"Point","coordinates":[-2.7813848,55.4279021]}},{"type":"Feature","properties":{"id":"uk-osm-logistics-node-12471889801","name":"Ned Loading Bay","hub_type":"truck_terminal","operator_classification":"other","source_operator":"","osm_type":"node","osm_id":"12471889801","railway":"","landuse":"","industrial":"","amenity":"loading_dock","freight":"","importance_rank":1,"importance":"local_connector"},"geometry":{"type":"Point","coordinates":[-0.0903034,51.5139601]}},{"type":"Feature","properties":{"id":"uk-osm-logistics-node-10974872617","name":"North Loading Bay","hub_type":"truck_terminal","operator_classification":"other","source_operator":"","osm_type":"node","osm_id":"10974872617","railway":"","landuse":"","industrial":"","amenity":"loading_dock","freight":"","importance_rank":1,"importance":"local_connector"},"geometry":{"type":"Point","coordinates":[-0.0219819,51.5481526]}},{"type":"Feature","properties":{"id":"uk-osm-logistics-node-9603766484","name":"Receipts and Delivery","hub_type":"truck_terminal","operator_classification":"other","source_operator":"","osm_type":"node","osm_id":"9603766484","railway":"","landuse":"","industrial":"","amenity":"loading_dock","freight":"","importance_rank":1,"importance":"local_connector"},"geometry":{"type":"Point","coordinates":[-0.0746782,51.613902]}},{"type":"Feature","properties":{"id":"uk-osm-logistics-node-2780634542","name":"South Loading Bay","hub_type":"truck_terminal","operator_classification":"other","source_operator":"","osm_type":"node","osm_id":"2780634542","railway":"","landuse":"","industrial":"","amenity":"loading_dock","freight":"","importance_rank":1,"importance":"local_connector"},"geometry":{"type":"Point","coordinates":[-0.0213118,51.5473776]}},{"type":"Feature","properties":{"id":"uk-osm-logistics-node-9742202777","name":"Waitrose","hub_type":"truck_terminal","operator_classification":"private","source_operator":"Waitrose","osm_type":"node","osm_id":"9742202777","railway":"","landuse":"","industrial":"","amenity":"loading_dock","freight":"","importance_rank":1,"importance":"local_connector"},"geometry":{"type":"Point","coordinates":[-0.4230573,51.5715015]}},{"type":"Feature","properties":{"id":"uk-osm-logistics-node-9742202779","name":"Waitrose","hub_type":"truck_terminal","operator_classification":"private","source_operator":"Waitrose","osm_type":"node","osm_id":"9742202779","railway":"","landuse":"","industrial":"","amenity":"loading_dock","freight":"","importance_rank":1,"importance":"local_connector"},"geometry":{"type":"Point","coordinates":[-0.4230056,51.5715111]}},{"type":"Feature","properties":{"id":"uk-osm-logistics-node-9742202781","name":"Waitrose","hub_type":"truck_terminal","operator_classification":"private","source_operator":"Waitrose","osm_type":"node","osm_id":"9742202781","railway":"","landuse":"","industrial":"","amenity":"loading_dock","freight":"","importance_rank":1,"importance":"local_connector"},"geometry":{"type":"Point","coordinates":[-0.4229531,51.5715208]}},{"type":"Feature","properties":{"id":"uk-osm-logistics-node-8400811391","name":"un","hub_type":"truck_terminal","operator_classification":"private","source_operator":"un","osm_type":"node","osm_id":"8400811391","railway":"","landuse":"","industrial":"","amenity":"loading_dock","freight":"","importance_rank":1,"importance":"local_connector"},"geometry":{"type":"Point","coordinates":[-1.214914,51.7522205]}},{"type":"Feature","properties":{"id":"uk-osm-logistics-node-10065320338","name":"OSM logistics facility node/10065320338","hub_type":"truck_terminal","operator_classification":"other","source_operator":"","osm_type":"node","osm_id":"10065320338","railway":"","landuse":"","industrial":"","amenity":"loading_dock","freight":"","importance_rank":1,"importance":"local_connector"},"geometry":{"type":"Point","coordinates":[-3.497907,53.2725325]}},{"type":"Feature","properties":{"id":"uk-osm-logistics-node-10116099225","name":"OSM logistics facility node/10116099225","hub_type":"truck_terminal","operator_classification":"other","source_operator":"","osm_type":"node","osm_id":"10116099225","railway":"","landuse":"","industrial":"","amenity":"loading_dock","freight":"","importance_rank":1,"importance":"local_connector"},"geometry":{"type":"Point","coordinates":[-4.2420565,55.860182]}},{"type":"Feature","properties":{"id":"uk-osm-logistics-node-10118540642","name":"OSM logistics facility node/10118540642","hub_type":"truck_terminal","operator_classification":"other","source_operator":"","osm_type":"node","osm_id":"10118540642","railway":"","landuse":"","industrial":"","amenity":"loading_dock","freight":"","importance_rank":1,"importance":"local_connector"},"geometry":{"type":"Point","coordinates":[-2.8351337,54.0565111]}},{"type":"Feature","properties":{"id":"uk-osm-logistics-node-10118540665","name":"OSM logistics facility node/10118540665","hub_type":"truck_terminal","operator_classification":"other","source_operator":"","osm_type":"node","osm_id":"10118540665","railway":"","landuse":"","industrial":"","amenity":"loading_dock","freight":"","importance_rank":1,"importance":"local_connector"},"geometry":{"type":"Point","coordinates":[-2.8354566,54.0559701]}},{"type":"Feature","properties":{"id":"uk-osm-logistics-node-10118540666","name":"OSM logistics facility node/10118540666","hub_type":"truck_terminal","operator_classification":"other","source_operator":"","osm_type":"node","osm_id":"10118540666","railway":"","landuse":"","industrial":"","amenity":"loading_dock","freight":"","importance_rank":1,"importance":"local_connector"},"geometry":{"type":"Point","coordinates":[-2.8353804,54.0560404]}},{"type":"Feature","properties":{"id":"uk-osm-logistics-node-10118540667","name":"OSM logistics facility node/10118540667","hub_type":"truck_terminal","operator_classification":"other","source_operator":"","osm_type":"node","osm_id":"10118540667","railway":"","landuse":"","industrial":"","amenity":"loading_dock","freight":"","importance_rank":1,"importance":"local_connector"},"geometry":{"type":"Point","coordinates":[-2.8354335,54.0559914]}},{"type":"Feature","properties":{"id":"uk-osm-logistics-node-10118540668","name":"OSM logistics facility node/10118540668","hub_type":"truck_terminal","operator_classification":"other","source_operator":"","osm_type":"node","osm_id":"10118540668","railway":"","landuse":"","industrial":"","amenity":"loading_dock","freight":"","importance_rank":1,"importance":"local_connector"},"geometry":{"type":"Point","coordinates":[-2.8354069,54.0560159]}},{"type":"Feature","properties":{"id":"uk-osm-logistics-node-10118540669","name":"OSM logistics facility node/10118540669","hub_type":"truck_terminal","operator_classification":"other","source_operator":"","osm_type":"node","osm_id":"10118540669","railway":"","landuse":"","industrial":"","amenity":"loading_dock","freight":"","importance_rank":1,"importance":"local_connector"},"geometry":{"type":"Point","coordinates":[-2.8357362,54.0556404]}},{"type":"Feature","properties":{"id":"uk-osm-logistics-node-10118540670","name":"OSM logistics facility node/10118540670","hub_type":"truck_terminal","operator_classification":"other","source_operator":"","osm_type":"node","osm_id":"10118540670","railway":"","landuse":"","industrial":"","amenity":"loading_dock","freight":"","importance_rank":1,"importance":"local_connector"},"geometry":{"type":"Point","coordinates":[-2.8363974,54.0556897]}},{"type":"Feature","properties":{"id":"uk-osm-logistics-node-10118540671","name":"OSM logistics facility node/10118540671","hub_type":"truck_terminal","operator_classification":"other","source_operator":"","osm_type":"node","osm_id":"10118540671","railway":"","landuse":"","industrial":"","amenity":"loading_dock","freight":"","importance_rank":1,"importance":"local_connector"},"geometry":{"type":"Point","coordinates":[-2.8363313,54.0556649]}},{"type":"Feature","properties":{"id":"uk-osm-logistics-node-10118540672","name":"OSM logistics facility node/10118540672","hub_type":"truck_terminal","operator_classification":"other","source_operator":"","osm_type":"node","osm_id":"10118540672","railway":"","landuse":"","industrial":"","amenity":"loading_dock","freight":"","importance_rank":1,"importance":"local_connector"},"geometry":{"type":"Point","coordinates":[-2.8362706,54.0556422]}},{"type":"Feature","properties":{"id":"uk-osm-logistics-node-10118540673","name":"OSM logistics facility node/10118540673","hub_type":"truck_terminal","operator_classification":"other","source_operator":"","osm_type":"node","osm_id":"10118540673","railway":"","landuse":"","industrial":"","amenity":"loading_dock","freight":"","importance_rank":1,"importance":"local_connector"},"geometry":{"type":"Point","coordinates":[-2.8362062,54.055618]}},{"type":"Feature","properties":{"id":"uk-osm-logistics-node-10118540674","name":"OSM logistics facility node/10118540674","hub_type":"truck_terminal","operator_classification":"other","source_operator":"","osm_type":"node","osm_id":"10118540674","railway":"","landuse":"","industrial":"","amenity":"loading_dock","freight":"","importance_rank":1,"importance":"local_connector"},"geometry":{"type":"Point","coordinates":[-2.836141,54.0555936]}},{"type":"Feature","properties":{"id":"uk-osm-logistics-node-10118540675","name":"OSM logistics facility node/10118540675","hub_type":"truck_terminal","operator_classification":"other","source_operator":"","osm_type":"node","osm_id":"10118540675","railway":"","landuse":"","industrial":"","amenity":"loading_dock","freight":"","importance_rank":1,"importance":"local_connector"},"geometry":{"type":"Point","coordinates":[-2.8360874,54.0555735]}},{"type":"Feature","properties":{"id":"uk-osm-logistics-node-10126507207","name":"OSM logistics facility node/10126507207","hub_type":"truck_terminal","operator_classification":"other","source_operator":"","osm_type":"node","osm_id":"10126507207","railway":"","landuse":"","industrial":"","amenity":"loading_dock","freight":"","importance_rank":1,"importance":"local_connector"},"geometry":{"type":"Point","coordinates":[-0.0014153,51.5015954]}},{"type":"Feature","properties":{"id":"uk-osm-logistics-node-10142809676","name":"OSM logistics facility node/10142809676","hub_type":"truck_terminal","operator_classification":"other","source_operator":"","osm_type":"node","osm_id":"10142809676","railway":"","landuse":"","industrial":"","amenity":"loading_dock","freight":"","importance_rank":1,"importance":"local_connector"},"geometry":{"type":"Point","coordinates":[-2.2729131,54.0895708]}},{"type":"Feature","properties":{"id":"uk-osm-logistics-node-10142809677","name":"OSM logistics facility node/10142809677","hub_type":"truck_terminal","operator_classification":"other","source_operator":"","osm_type":"node","osm_id":"10142809677","railway":"","landuse":"","industrial":"","amenity":"loading_dock","freight":"","importance_rank":1,"importance":"local_connector"},"geometry":{"type":"Point","coordinates":[-2.2729171,54.0897711]}},{"type":"Feature","properties":{"id":"uk-osm-logistics-node-10142809746","name":"OSM logistics facility node/10142809746","hub_type":"truck_terminal","operator_classification":"other","source_operator":"","osm_type":"node","osm_id":"10142809746","railway":"","landuse":"","industrial":"","amenity":"loading_dock","freight":"","importance_rank":1,"importance":"local_connector"},"geometry":{"type":"Point","coordinates":[-2.2729797,54.0901023]}},{"type":"Feature","properties":{"id":"uk-osm-logistics-node-10183434436","name":"OSM logistics facility node/10183434436","hub_type":"truck_terminal","operator_classification":"other","source_operator":"","osm_type":"node","osm_id":"10183434436","railway":"","landuse":"","industrial":"","amenity":"loading_dock","freight":"","importance_rank":1,"importance":"local_connector"},"geometry":{"type":"Point","coordinates":[-2.637395,54.1123432]}},{"type":"Feature","properties":{"id":"uk-osm-logistics-node-10196843220","name":"OSM logistics facility node/10196843220","hub_type":"truck_terminal","operator_classification":"other","source_operator":"","osm_type":"node","osm_id":"10196843220","railway":"","landuse":"","industrial":"","amenity":"loading_dock","freight":"","importance_rank":1,"importance":"local_connector"},"geometry":{"type":"Point","coordinates":[-2.7728307,54.6703556]}},{"type":"Feature","properties":{"id":"uk-osm-logistics-node-10196843221","name":"OSM logistics facility node/10196843221","hub_type":"truck_terminal","operator_classification":"other","source_operator":"","osm_type":"node","osm_id":"10196843221","railway":"","landuse":"","industrial":"","amenity":"loading_dock","freight":"","importance_rank":1,"importance":"local_connector"},"geometry":{"type":"Point","coordinates":[-2.7729464,54.6704411]}},{"type":"Feature","properties":{"id":"uk-osm-logistics-node-10196843302","name":"OSM logistics facility node/10196843302","hub_type":"truck_terminal","operator_classification":"other","source_operator":"","osm_type":"node","osm_id":"10196843302","railway":"","landuse":"","industrial":"","amenity":"loading_dock","freight":"","importance_rank":1,"importance":"local_connector"},"geometry":{"type":"Point","coordinates":[-2.770178,54.6701645]}},{"type":"Feature","properties":{"id":"uk-osm-logistics-node-10196843314","name":"OSM logistics facility node/10196843314","hub_type":"truck_terminal","operator_classification":"other","source_operator":"","osm_type":"node","osm_id":"10196843314","railway":"","landuse":"","industrial":"","amenity":"loading_dock","freight":"","importance_rank":1,"importance":"local_connector"},"geometry":{"type":"Point","coordinates":[-2.7713664,54.670259]}},{"type":"Feature","properties":{"id":"uk-osm-logistics-node-10196843322","name":"OSM logistics facility node/10196843322","hub_type":"truck_terminal","operator_classification":"other","source_operator":"","osm_type":"node","osm_id":"10196843322","railway":"","landuse":"","industrial":"","amenity":"loading_dock","freight":"","importance_rank":1,"importance":"local_connector"},"geometry":{"type":"Point","coordinates":[-2.7714735,54.6699617]}},{"type":"Feature","properties":{"id":"uk-osm-logistics-node-10196843529","name":"OSM logistics facility node/10196843529","hub_type":"truck_terminal","operator_classification":"other","source_operator":"","osm_type":"node","osm_id":"10196843529","railway":"","landuse":"","industrial":"","amenity":"loading_dock","freight":"","importance_rank":1,"importance":"local_connector"},"geometry":{"type":"Point","coordinates":[-2.7685316,54.6698283]}},{"type":"Feature","properties":{"id":"uk-osm-logistics-node-10216045726","name":"OSM logistics facility node/10216045726","hub_type":"truck_terminal","operator_classification":"other","source_operator":"","osm_type":"node","osm_id":"10216045726","railway":"","landuse":"","industrial":"","amenity":"loading_dock","freight":"","importance_rank":1,"importance":"local_connector"},"geometry":{"type":"Point","coordinates":[0.2586043,52.0223786]}},{"type":"Feature","properties":{"id":"uk-osm-logistics-node-10273092101","name":"OSM logistics facility node/10273092101","hub_type":"truck_terminal","operator_classification":"other","source_operator":"","osm_type":"node","osm_id":"10273092101","railway":"","landuse":"","industrial":"","amenity":"loading_dock","freight":"","importance_rank":1,"importance":"local_connector"},"geometry":{"type":"Point","coordinates":[-2.753899,54.0762041]}},{"type":"Feature","properties":{"id":"uk-osm-logistics-node-10273092102","name":"OSM logistics facility node/10273092102","hub_type":"truck_terminal","operator_classification":"other","source_operator":"","osm_type":"node","osm_id":"10273092102","railway":"","landuse":"","industrial":"","amenity":"loading_dock","freight":"","importance_rank":1,"importance":"local_connector"},"geometry":{"type":"Point","coordinates":[-2.7536816,54.0761845]}},{"type":"Feature","properties":{"id":"uk-osm-logistics-node-10273092103","name":"OSM logistics facility node/10273092103","hub_type":"truck_terminal","operator_classification":"other","source_operator":"","osm_type":"node","osm_id":"10273092103","railway":"","landuse":"","industrial":"","amenity":"loading_dock","freight":"","importance_rank":1,"importance":"local_connector"},"geometry":{"type":"Point","coordinates":[-2.7534867,54.076167]}},{"type":"Feature","properties":{"id":"uk-osm-logistics-node-10291159501","name":"OSM logistics facility node/10291159501","hub_type":"truck_terminal","operator_classification":"other","source_operator":"","osm_type":"node","osm_id":"10291159501","railway":"","landuse":"","industrial":"","amenity":"loading_dock","freight":"","importance_rank":1,"importance":"local_connector"},"geometry":{"type":"Point","coordinates":[-1.9357773,52.4445846]}},{"type":"Feature","properties":{"id":"uk-osm-logistics-node-10539856453","name":"OSM logistics facility node/10539856453","hub_type":"truck_terminal","operator_classification":"other","source_operator":"","osm_type":"node","osm_id":"10539856453","railway":"","landuse":"","industrial":"","amenity":"loading_dock","freight":"","importance_rank":1,"importance":"local_connector"},"geometry":{"type":"Point","coordinates":[-0.1016776,51.511313]}},{"type":"Feature","properties":{"id":"uk-osm-logistics-node-10572588012","name":"OSM logistics facility node/10572588012","hub_type":"truck_terminal","operator_classification":"other","source_operator":"","osm_type":"node","osm_id":"10572588012","railway":"","landuse":"","industrial":"","amenity":"loading_dock","freight":"","importance_rank":1,"importance":"local_connector"},"geometry":{"type":"Point","coordinates":[-1.4057884,50.9189032]}},{"type":"Feature","properties":{"id":"uk-osm-logistics-node-10589449174","name":"OSM logistics facility node/10589449174","hub_type":"truck_terminal","operator_classification":"other","source_operator":"","osm_type":"node","osm_id":"10589449174","railway":"","landuse":"","industrial":"","amenity":"loading_dock","freight":"","importance_rank":1,"importance":"local_connector"},"geometry":{"type":"Point","coordinates":[-1.4660057,50.9347034]}},{"type":"Feature","properties":{"id":"uk-osm-logistics-node-10700351004","name":"OSM logistics facility node/10700351004","hub_type":"truck_terminal","operator_classification":"other","source_operator":"","osm_type":"node","osm_id":"10700351004","railway":"","landuse":"","industrial":"","amenity":"loading_dock","freight":"","importance_rank":1,"importance":"local_connector"},"geometry":{"type":"Point","coordinates":[0.375096,51.8596756]}},{"type":"Feature","properties":{"id":"uk-osm-logistics-node-10734708323","name":"OSM logistics facility node/10734708323","hub_type":"truck_terminal","operator_classification":"other","source_operator":"","osm_type":"node","osm_id":"10734708323","railway":"","landuse":"","industrial":"","amenity":"loading_dock","freight":"","importance_rank":1,"importance":"local_connector"},"geometry":{"type":"Point","coordinates":[0.549602,50.8877837]}},{"type":"Feature","properties":{"id":"uk-osm-logistics-node-10734708324","name":"OSM logistics facility node/10734708324","hub_type":"truck_terminal","operator_classification":"other","source_operator":"","osm_type":"node","osm_id":"10734708324","railway":"","landuse":"","industrial":"","amenity":"loading_dock","freight":"","importance_rank":1,"importance":"local_connector"},"geometry":{"type":"Point","coordinates":[0.5500862,50.8877218]}},{"type":"Feature","properties":{"id":"uk-osm-logistics-node-10734708325","name":"OSM logistics facility node/10734708325","hub_type":"truck_terminal","operator_classification":"other","source_operator":"","osm_type":"node","osm_id":"10734708325","railway":"","landuse":"","industrial":"","amenity":"loading_dock","freight":"","importance_rank":1,"importance":"local_connector"},"geometry":{"type":"Point","coordinates":[0.5501139,50.8877009]}},{"type":"Feature","properties":{"id":"uk-osm-logistics-node-10734708326","name":"OSM logistics facility node/10734708326","hub_type":"truck_terminal","operator_classification":"other","source_operator":"","osm_type":"node","osm_id":"10734708326","railway":"","landuse":"","industrial":"","amenity":"loading_dock","freight":"","importance_rank":1,"importance":"local_connector"},"geometry":{"type":"Point","coordinates":[0.5501483,50.8876751]}},{"type":"Feature","properties":{"id":"uk-osm-logistics-node-10734708327","name":"OSM logistics facility node/10734708327","hub_type":"truck_terminal","operator_classification":"other","source_operator":"","osm_type":"node","osm_id":"10734708327","railway":"","landuse":"","industrial":"","amenity":"loading_dock","freight":"","importance_rank":1,"importance":"local_connector"},"geometry":{"type":"Point","coordinates":[0.5501819,50.8876498]}},{"type":"Feature","properties":{"id":"uk-osm-logistics-node-10734708328","name":"OSM logistics facility node/10734708328","hub_type":"truck_terminal","operator_classification":"other","source_operator":"","osm_type":"node","osm_id":"10734708328","railway":"","landuse":"","industrial":"","amenity":"loading_dock","freight":"","importance_rank":1,"importance":"local_connector"},"geometry":{"type":"Point","coordinates":[0.5502092,50.8876293]}},{"type":"Feature","properties":{"id":"uk-osm-logistics-node-10736958067","name":"OSM logistics facility node/10736958067","hub_type":"truck_terminal","operator_classification":"other","source_operator":"","osm_type":"node","osm_id":"10736958067","railway":"","landuse":"","industrial":"","amenity":"loading_dock","freight":"","importance_rank":1,"importance":"local_connector"},"geometry":{"type":"Point","coordinates":[0.2827503,51.4827688]}},{"type":"Feature","properties":{"id":"uk-osm-logistics-node-10763984674","name":"OSM logistics facility node/10763984674","hub_type":"truck_terminal","operator_classification":"other","source_operator":"","osm_type":"node","osm_id":"10763984674","railway":"","landuse":"","industrial":"","amenity":"loading_dock","freight":"","importance_rank":1,"importance":"local_connector"},"geometry":{"type":"Point","coordinates":[0.0433415,51.4947267]}},{"type":"Feature","properties":{"id":"uk-osm-logistics-node-10763984676","name":"OSM logistics facility node/10763984676","hub_type":"truck_terminal","operator_classification":"other","source_operator":"","osm_type":"node","osm_id":"10763984676","railway":"","landuse":"","industrial":"","amenity":"loading_dock","freight":"","importance_rank":1,"importance":"local_connector"},"geometry":{"type":"Point","coordinates":[0.044143,51.4946777]}},{"type":"Feature","properties":{"id":"uk-osm-logistics-node-10764104941","name":"OSM logistics facility node/10764104941","hub_type":"truck_terminal","operator_classification":"other","source_operator":"","osm_type":"node","osm_id":"10764104941","railway":"","landuse":"","industrial":"","amenity":"loading_dock","freight":"","importance_rank":1,"importance":"local_connector"},"geometry":{"type":"Point","coordinates":[0.0408586,51.4940395]}},{"type":"Feature","properties":{"id":"uk-osm-logistics-node-10764104946","name":"OSM logistics facility node/10764104946","hub_type":"truck_terminal","operator_classification":"other","source_operator":"","osm_type":"node","osm_id":"10764104946","railway":"","landuse":"","industrial":"","amenity":"loading_dock","freight":"","importance_rank":1,"importance":"local_connector"},"geometry":{"type":"Point","coordinates":[0.0434325,51.4942072]}},{"type":"Feature","properties":{"id":"uk-osm-logistics-node-10764104949","name":"OSM logistics facility node/10764104949","hub_type":"truck_terminal","operator_classification":"other","source_operator":"","osm_type":"node","osm_id":"10764104949","railway":"","landuse":"","industrial":"","amenity":"loading_dock","freight":"","importance_rank":1,"importance":"local_connector"},"geometry":{"type":"Point","coordinates":[0.0443417,51.4941636]}},{"type":"Feature","properties":{"id":"uk-osm-logistics-node-10790552649","name":"OSM logistics facility node/10790552649","hub_type":"truck_terminal","operator_classification":"other","source_operator":"","osm_type":"node","osm_id":"10790552649","railway":"","landuse":"","industrial":"","amenity":"loading_dock","freight":"","importance_rank":1,"importance":"local_connector"},"geometry":{"type":"Point","coordinates":[-0.1203533,51.4861518]}},{"type":"Feature","properties":{"id":"uk-osm-logistics-node-10797686651","name":"OSM logistics facility node/10797686651","hub_type":"truck_terminal","operator_classification":"other","source_operator":"","osm_type":"node","osm_id":"10797686651","railway":"","landuse":"","industrial":"","amenity":"loading_dock","freight":"","importance_rank":1,"importance":"local_connector"},"geometry":{"type":"Point","coordinates":[-0.3394412,51.7423704]}},{"type":"Feature","properties":{"id":"uk-osm-logistics-node-10797686652","name":"OSM logistics facility node/10797686652","hub_type":"truck_terminal","operator_classification":"other","source_operator":"","osm_type":"node","osm_id":"10797686652","railway":"","landuse":"","industrial":"","amenity":"loading_dock","freight":"","importance_rank":1,"importance":"local_connector"},"geometry":{"type":"Point","coordinates":[-0.3394023,51.7424003]}},{"type":"Feature","properties":{"id":"uk-osm-logistics-node-10815092073","name":"OSM logistics facility node/10815092073","hub_type":"truck_terminal","operator_classification":"other","source_operator":"","osm_type":"node","osm_id":"10815092073","railway":"","landuse":"","industrial":"","amenity":"loading_dock","freight":"","importance_rank":1,"importance":"local_connector"},"geometry":{"type":"Point","coordinates":[-4.2413917,55.8612181]}},{"type":"Feature","properties":{"id":"uk-osm-logistics-node-10815142058","name":"OSM logistics facility node/10815142058","hub_type":"truck_terminal","operator_classification":"other","source_operator":"","osm_type":"node","osm_id":"10815142058","railway":"","landuse":"","industrial":"","amenity":"loading_dock","freight":"","importance_rank":1,"importance":"local_connector"},"geometry":{"type":"Point","coordinates":[-0.3298009,51.4873302]}},{"type":"Feature","properties":{"id":"uk-osm-logistics-node-10911070050","name":"OSM logistics facility node/10911070050","hub_type":"truck_terminal","operator_classification":"other","source_operator":"","osm_type":"node","osm_id":"10911070050","railway":"","landuse":"","industrial":"","amenity":"loading_dock","freight":"","importance_rank":1,"importance":"local_connector"},"geometry":{"type":"Point","coordinates":[-2.6455745,54.5971328]}},{"type":"Feature","properties":{"id":"uk-osm-logistics-node-10931698245","name":"OSM logistics facility node/10931698245","hub_type":"truck_terminal","operator_classification":"other","source_operator":"","osm_type":"node","osm_id":"10931698245","railway":"","landuse":"","industrial":"","amenity":"loading_dock","freight":"","importance_rank":1,"importance":"local_connector"},"geometry":{"type":"Point","coordinates":[-2.3621431,53.3981178]}},{"type":"Feature","properties":{"id":"uk-osm-logistics-node-10944452160","name":"OSM logistics facility node/10944452160","hub_type":"truck_terminal","operator_classification":"other","source_operator":"","osm_type":"node","osm_id":"10944452160","railway":"","landuse":"","industrial":"","amenity":"loading_dock","freight":"","importance_rank":1,"importance":"local_connector"},"geometry":{"type":"Point","coordinates":[-2.789227,53.9930069]}},{"type":"Feature","properties":{"id":"uk-osm-logistics-node-10944452161","name":"OSM logistics facility node/10944452161","hub_type":"truck_terminal","operator_classification":"other","source_operator":"","osm_type":"node","osm_id":"10944452161","railway":"","landuse":"","industrial":"","amenity":"loading_dock","freight":"","importance_rank":1,"importance":"local_connector"},"geometry":{"type":"Point","coordinates":[-2.7892874,53.9927207]}},{"type":"Feature","properties":{"id":"uk-osm-logistics-node-10944452162","name":"OSM logistics facility node/10944452162","hub_type":"truck_terminal","operator_classification":"other","source_operator":"","osm_type":"node","osm_id":"10944452162","railway":"","landuse":"","industrial":"","amenity":"loading_dock","freight":"","importance_rank":1,"importance":"local_connector"},"geometry":{"type":"Point","coordinates":[-2.7892273,53.9925568]}},{"type":"Feature","properties":{"id":"uk-osm-logistics-node-10967922390","name":"OSM logistics facility node/10967922390","hub_type":"truck_terminal","operator_classification":"other","source_operator":"","osm_type":"node","osm_id":"10967922390","railway":"","landuse":"","industrial":"","amenity":"loading_dock","freight":"","importance_rank":1,"importance":"local_connector"},"geometry":{"type":"Point","coordinates":[-0.6321919,51.5237071]}},{"type":"Feature","properties":{"id":"uk-osm-logistics-node-10967922391","name":"OSM logistics facility node/10967922391","hub_type":"truck_terminal","operator_classification":"other","source_operator":"","osm_type":"node","osm_id":"10967922391","railway":"","landuse":"","industrial":"","amenity":"loading_dock","freight":"","importance_rank":1,"importance":"local_connector"},"geometry":{"type":"Point","coordinates":[-0.6315874,51.5235878]}},{"type":"Feature","properties":{"id":"uk-osm-logistics-node-10967922393","name":"OSM logistics facility node/10967922393","hub_type":"truck_terminal","operator_classification":"other","source_operator":"","osm_type":"node","osm_id":"10967922393","railway":"","landuse":"","industrial":"","amenity":"loading_dock","freight":"","importance_rank":1,"importance":"local_connector"},"geometry":{"type":"Point","coordinates":[-0.6337755,51.5246492]}},{"type":"Feature","properties":{"id":"uk-osm-logistics-node-10967922394","name":"OSM logistics facility node/10967922394","hub_type":"truck_terminal","operator_classification":"other","source_operator":"","osm_type":"node","osm_id":"10967922394","railway":"","landuse":"","industrial":"","amenity":"loading_dock","freight":"","importance_rank":1,"importance":"local_connector"},"geometry":{"type":"Point","coordinates":[-0.6338353,51.5245332]}},{"type":"Feature","properties":{"id":"uk-osm-logistics-node-10967922403","name":"OSM logistics facility node/10967922403","hub_type":"truck_terminal","operator_classification":"other","source_operator":"","osm_type":"node","osm_id":"10967922403","railway":"","landuse":"","industrial":"","amenity":"loading_dock","freight":"","importance_rank":1,"importance":"local_connector"},"geometry":{"type":"Point","coordinates":[-0.6362821,51.5265916]}},{"type":"Feature","properties":{"id":"uk-osm-logistics-node-10967937409","name":"OSM logistics facility node/10967937409","hub_type":"truck_terminal","operator_classification":"other","source_operator":"","osm_type":"node","osm_id":"10967937409","railway":"","landuse":"","industrial":"","amenity":"loading_dock","freight":"","importance_rank":1,"importance":"local_connector"},"geometry":{"type":"Point","coordinates":[-0.637677,51.5255956]}},{"type":"Feature","properties":{"id":"uk-osm-logistics-node-10967952780","name":"OSM logistics facility node/10967952780","hub_type":"truck_terminal","operator_classification":"other","source_operator":"","osm_type":"node","osm_id":"10967952780","railway":"","landuse":"","industrial":"","amenity":"loading_dock","freight":"","importance_rank":1,"importance":"local_connector"},"geometry":{"type":"Point","coordinates":[-0.6382373,51.5235647]}},{"type":"Feature","properties":{"id":"uk-osm-logistics-node-10967952781","name":"OSM logistics facility node/10967952781","hub_type":"truck_terminal","operator_classification":"other","source_operator":"","osm_type":"node","osm_id":"10967952781","railway":"","landuse":"","industrial":"","amenity":"loading_dock","freight":"","importance_rank":1,"importance":"local_connector"},"geometry":{"type":"Point","coordinates":[-0.6383629,51.5235018]}},{"type":"Feature","properties":{"id":"uk-osm-logistics-node-10967952782","name":"OSM logistics facility node/10967952782","hub_type":"truck_terminal","operator_classification":"other","source_operator":"","osm_type":"node","osm_id":"10967952782","railway":"","landuse":"","industrial":"","amenity":"loading_dock","freight":"","importance_rank":1,"importance":"local_connector"},"geometry":{"type":"Point","coordinates":[-0.6384388,51.5234637]}},{"type":"Feature","properties":{"id":"uk-osm-logistics-node-10967952783","name":"OSM logistics facility node/10967952783","hub_type":"truck_terminal","operator_classification":"other","source_operator":"","osm_type":"node","osm_id":"10967952783","railway":"","landuse":"","industrial":"","amenity":"loading_dock","freight":"","importance_rank":1,"importance":"local_connector"},"geometry":{"type":"Point","coordinates":[-0.6385177,51.5234242]}},{"type":"Feature","properties":{"id":"uk-osm-logistics-node-10978679541","name":"OSM logistics facility node/10978679541","hub_type":"truck_terminal","operator_classification":"other","source_operator":"","osm_type":"node","osm_id":"10978679541","railway":"","landuse":"","industrial":"","amenity":"loading_dock","freight":"","importance_rank":1,"importance":"local_connector"},"geometry":{"type":"Point","coordinates":[-2.7991186,54.0481229]}},{"type":"Feature","properties":{"id":"uk-osm-logistics-node-10978679561","name":"OSM logistics facility node/10978679561","hub_type":"truck_terminal","operator_classification":"other","source_operator":"","osm_type":"node","osm_id":"10978679561","railway":"","landuse":"","industrial":"","amenity":"loading_dock","freight":"","importance_rank":1,"importance":"local_connector"},"geometry":{"type":"Point","coordinates":[-2.7991621,54.0476514]}},{"type":"Feature","properties":{"id":"uk-osm-logistics-node-10998555107","name":"OSM logistics facility node/10998555107","hub_type":"truck_terminal","operator_classification":"other","source_operator":"","osm_type":"node","osm_id":"10998555107","railway":"","landuse":"","industrial":"","amenity":"loading_dock","freight":"","importance_rank":1,"importance":"local_connector"},"geometry":{"type":"Point","coordinates":[0.067746,51.7603332]}},{"type":"Feature","properties":{"id":"uk-osm-logistics-node-10998555139","name":"OSM logistics facility node/10998555139","hub_type":"truck_terminal","operator_classification":"other","source_operator":"","osm_type":"node","osm_id":"10998555139","railway":"","landuse":"","industrial":"","amenity":"loading_dock","freight":"","importance_rank":1,"importance":"local_connector"},"geometry":{"type":"Point","coordinates":[0.0703646,51.7607838]}},{"type":"Feature","properties":{"id":"uk-osm-logistics-node-11050183600","name":"OSM logistics facility node/11050183600","hub_type":"truck_terminal","operator_classification":"other","source_operator":"","osm_type":"node","osm_id":"11050183600","railway":"","landuse":"","industrial":"","amenity":"loading_dock","freight":"","importance_rank":1,"importance":"local_connector"},"geometry":{"type":"Point","coordinates":[-3.2075461,50.9782693]}},{"type":"Feature","properties":{"id":"uk-osm-logistics-node-11050183601","name":"OSM logistics facility node/11050183601","hub_type":"truck_terminal","operator_classification":"other","source_operator":"","osm_type":"node","osm_id":"11050183601","railway":"","landuse":"","industrial":"","amenity":"loading_dock","freight":"","importance_rank":1,"importance":"local_connector"},"geometry":{"type":"Point","coordinates":[-3.2075781,50.9783325]}},{"type":"Feature","properties":{"id":"uk-osm-logistics-node-11052803635","name":"OSM logistics facility node/11052803635","hub_type":"truck_terminal","operator_classification":"other","source_operator":"","osm_type":"node","osm_id":"11052803635","railway":"","landuse":"","industrial":"","amenity":"loading_dock","freight":"","importance_rank":1,"importance":"local_connector"},"geometry":{"type":"Point","coordinates":[-0.1222626,51.5071066]}},{"type":"Feature","properties":{"id":"uk-osm-logistics-node-11146978285","name":"OSM logistics facility node/11146978285","hub_type":"truck_terminal","operator_classification":"other","source_operator":"","osm_type":"node","osm_id":"11146978285","railway":"","landuse":"","industrial":"","amenity":"loading_dock","freight":"","importance_rank":1,"importance":"local_connector"},"geometry":{"type":"Point","coordinates":[-2.9956603,51.5889817]}},{"type":"Feature","properties":{"id":"uk-osm-logistics-node-11179452935","name":"OSM logistics facility node/11179452935","hub_type":"truck_terminal","operator_classification":"other","source_operator":"","osm_type":"node","osm_id":"11179452935","railway":"","landuse":"","industrial":"","amenity":"loading_dock","freight":"","importance_rank":1,"importance":"local_connector"},"geometry":{"type":"Point","coordinates":[-4.2121351,55.8548995]}},{"type":"Feature","properties":{"id":"uk-osm-logistics-node-11179452936","name":"OSM logistics facility node/11179452936","hub_type":"truck_terminal","operator_classification":"other","source_operator":"","osm_type":"node","osm_id":"11179452936","railway":"","landuse":"","industrial":"","amenity":"loading_dock","freight":"","importance_rank":1,"importance":"local_connector"},"geometry":{"type":"Point","coordinates":[-4.212515,55.854941]}},{"type":"Feature","properties":{"id":"uk-osm-logistics-node-11179465137","name":"OSM logistics facility node/11179465137","hub_type":"truck_terminal","operator_classification":"other","source_operator":"","osm_type":"node","osm_id":"11179465137","railway":"","landuse":"","industrial":"","amenity":"loading_dock","freight":"","importance_rank":1,"importance":"local_connector"},"geometry":{"type":"Point","coordinates":[-4.2129327,55.8549866]}},{"type":"Feature","properties":{"id":"uk-osm-logistics-node-11179465138","name":"OSM logistics facility node/11179465138","hub_type":"truck_terminal","operator_classification":"other","source_operator":"","osm_type":"node","osm_id":"11179465138","railway":"","landuse":"","industrial":"","amenity":"loading_dock","freight":"","importance_rank":1,"importance":"local_connector"},"geometry":{"type":"Point","coordinates":[-4.2131643,55.8550119]}},{"type":"Feature","properties":{"id":"uk-osm-logistics-node-11179465140","name":"OSM logistics facility node/11179465140","hub_type":"truck_terminal","operator_classification":"other","source_operator":"","osm_type":"node","osm_id":"11179465140","railway":"","landuse":"","industrial":"","amenity":"loading_dock","freight":"","importance_rank":1,"importance":"local_connector"},"geometry":{"type":"Point","coordinates":[-4.21347,55.8550453]}},{"type":"Feature","properties":{"id":"uk-osm-logistics-node-11179465141","name":"OSM logistics facility node/11179465141","hub_type":"truck_terminal","operator_classification":"other","source_operator":"","osm_type":"node","osm_id":"11179465141","railway":"","landuse":"","industrial":"","amenity":"loading_dock","freight":"","importance_rank":1,"importance":"local_connector"},"geometry":{"type":"Point","coordinates":[-4.2137753,55.8550787]}},{"type":"Feature","properties":{"id":"uk-osm-logistics-node-11190444572","name":"OSM logistics facility node/11190444572","hub_type":"truck_terminal","operator_classification":"other","source_operator":"","osm_type":"node","osm_id":"11190444572","railway":"","landuse":"","industrial":"","amenity":"loading_dock","freight":"","importance_rank":1,"importance":"local_connector"},"geometry":{"type":"Point","coordinates":[-4.201941,55.853827]}},{"type":"Feature","properties":{"id":"uk-osm-logistics-node-11196663604","name":"OSM logistics facility node/11196663604","hub_type":"truck_terminal","operator_classification":"other","source_operator":"","osm_type":"node","osm_id":"11196663604","railway":"","landuse":"","industrial":"","amenity":"loading_dock","freight":"","importance_rank":1,"importance":"local_connector"},"geometry":{"type":"Point","coordinates":[-4.2144164,55.8550185]}},{"type":"Feature","properties":{"id":"uk-osm-logistics-node-11198809968","name":"OSM logistics facility node/11198809968","hub_type":"truck_terminal","operator_classification":"other","source_operator":"","osm_type":"node","osm_id":"11198809968","railway":"","landuse":"","industrial":"","amenity":"loading_dock","freight":"","importance_rank":1,"importance":"local_connector"},"geometry":{"type":"Point","coordinates":[-3.2000453,50.984361]}},{"type":"Feature","properties":{"id":"uk-osm-logistics-node-11198809969","name":"OSM logistics facility node/11198809969","hub_type":"truck_terminal","operator_classification":"other","source_operator":"","osm_type":"node","osm_id":"11198809969","railway":"","landuse":"","industrial":"","amenity":"loading_dock","freight":"","importance_rank":1,"importance":"local_connector"},"geometry":{"type":"Point","coordinates":[-3.199835,50.9841303]}},{"type":"Feature","properties":{"id":"uk-osm-logistics-node-11198809970","name":"OSM logistics facility node/11198809970","hub_type":"truck_terminal","operator_classification":"other","source_operator":"","osm_type":"node","osm_id":"11198809970","railway":"","landuse":"","industrial":"","amenity":"loading_dock","freight":"","importance_rank":1,"importance":"local_connector"},"geometry":{"type":"Point","coordinates":[-3.199935,50.9842401]}},{"type":"Feature","properties":{"id":"uk-osm-logistics-node-11198809993","name":"OSM logistics facility node/11198809993","hub_type":"truck_terminal","operator_classification":"other","source_operator":"","osm_type":"node","osm_id":"11198809993","railway":"","landuse":"","industrial":"","amenity":"loading_dock","freight":"","importance_rank":1,"importance":"local_connector"},"geometry":{"type":"Point","coordinates":[-3.198758,50.9844905]}},{"type":"Feature","properties":{"id":"uk-osm-logistics-node-11198809994","name":"OSM logistics facility node/11198809994","hub_type":"truck_terminal","operator_classification":"other","source_operator":"","osm_type":"node","osm_id":"11198809994","railway":"","landuse":"","industrial":"","amenity":"loading_dock","freight":"","importance_rank":1,"importance":"local_connector"},"geometry":{"type":"Point","coordinates":[-3.1988638,50.9846066]}},{"type":"Feature","properties":{"id":"uk-osm-logistics-node-11198809995","name":"OSM logistics facility node/11198809995","hub_type":"truck_terminal","operator_classification":"other","source_operator":"","osm_type":"node","osm_id":"11198809995","railway":"","landuse":"","industrial":"","amenity":"loading_dock","freight":"","importance_rank":1,"importance":"local_connector"},"geometry":{"type":"Point","coordinates":[-3.1989667,50.9847195]}},{"type":"Feature","properties":{"id":"uk-osm-logistics-node-11198810547","name":"OSM logistics facility node/11198810547","hub_type":"truck_terminal","operator_classification":"other","source_operator":"","osm_type":"node","osm_id":"11198810547","railway":"","landuse":"","industrial":"","amenity":"loading_dock","freight":"","importance_rank":1,"importance":"local_connector"},"geometry":{"type":"Point","coordinates":[-3.2034338,50.9864294]}},{"type":"Feature","properties":{"id":"uk-osm-logistics-node-11198810548","name":"OSM logistics facility node/11198810548","hub_type":"truck_terminal","operator_classification":"other","source_operator":"","osm_type":"node","osm_id":"11198810548","railway":"","landuse":"","industrial":"","amenity":"loading_dock","freight":"","importance_rank":1,"importance":"local_connector"},"geometry":{"type":"Point","coordinates":[-3.2033879,50.9864569]}},{"type":"Feature","properties":{"id":"uk-osm-logistics-node-11198810549","name":"OSM logistics facility node/11198810549","hub_type":"truck_terminal","operator_classification":"other","source_operator":"","osm_type":"node","osm_id":"11198810549","railway":"","landuse":"","industrial":"","amenity":"loading_dock","freight":"","importance_rank":1,"importance":"local_connector"},"geometry":{"type":"Point","coordinates":[-3.203342,50.9864844]}},{"type":"Feature","properties":{"id":"uk-osm-logistics-node-11198810550","name":"OSM logistics facility node/11198810550","hub_type":"truck_terminal","operator_classification":"other","source_operator":"","osm_type":"node","osm_id":"11198810550","railway":"","landuse":"","industrial":"","amenity":"loading_dock","freight":"","importance_rank":1,"importance":"local_connector"},"geometry":{"type":"Point","coordinates":[-3.2032961,50.9865118]}},{"type":"Feature","properties":{"id":"uk-osm-logistics-node-11198810551","name":"OSM logistics facility node/11198810551","hub_type":"truck_terminal","operator_classification":"other","source_operator":"","osm_type":"node","osm_id":"11198810551","railway":"","landuse":"","industrial":"","amenity":"loading_dock","freight":"","importance_rank":1,"importance":"local_connector"},"geometry":{"type":"Point","coordinates":[-3.2032502,50.9865393]}},{"type":"Feature","properties":{"id":"uk-osm-logistics-node-11198810552","name":"OSM logistics facility node/11198810552","hub_type":"truck_terminal","operator_classification":"other","source_operator":"","osm_type":"node","osm_id":"11198810552","railway":"","landuse":"","industrial":"","amenity":"loading_dock","freight":"","importance_rank":1,"importance":"local_connector"},"geometry":{"type":"Point","coordinates":[-3.2032043,50.9865668]}},{"type":"Feature","properties":{"id":"uk-osm-logistics-node-11198810553","name":"OSM logistics facility node/11198810553","hub_type":"truck_terminal","operator_classification":"other","source_operator":"","osm_type":"node","osm_id":"11198810553","railway":"","landuse":"","industrial":"","amenity":"loading_dock","freight":"","importance_rank":1,"importance":"local_connector"},"geometry":{"type":"Point","coordinates":[-3.2031584,50.9865943]}},{"type":"Feature","properties":{"id":"uk-osm-logistics-node-11198810554","name":"OSM logistics facility node/11198810554","hub_type":"truck_terminal","operator_classification":"other","source_operator":"","osm_type":"node","osm_id":"11198810554","railway":"","landuse":"","industrial":"","amenity":"loading_dock","freight":"","importance_rank":1,"importance":"local_connector"},"geometry":{"type":"Point","coordinates":[-3.2031125,50.9866218]}},{"type":"Feature","properties":{"id":"uk-osm-logistics-node-11198810555","name":"OSM logistics facility node/11198810555","hub_type":"truck_terminal","operator_classification":"other","source_operator":"","osm_type":"node","osm_id":"11198810555","railway":"","landuse":"","industrial":"","amenity":"loading_dock","freight":"","importance_rank":1,"importance":"local_connector"},"geometry":{"type":"Point","coordinates":[-3.2030666,50.9866493]}},{"type":"Feature","properties":{"id":"uk-osm-logistics-node-11198810556","name":"OSM logistics facility node/11198810556","hub_type":"truck_terminal","operator_classification":"other","source_operator":"","osm_type":"node","osm_id":"11198810556","railway":"","landuse":"","industrial":"","amenity":"loading_dock","freight":"","importance_rank":1,"importance":"local_connector"},"geometry":{"type":"Point","coordinates":[-3.2030207,50.9866768]}},{"type":"Feature","properties":{"id":"uk-osm-logistics-node-11198810557","name":"OSM logistics facility node/11198810557","hub_type":"truck_terminal","operator_classification":"other","source_operator":"","osm_type":"node","osm_id":"11198810557","railway":"","landuse":"","industrial":"","amenity":"loading_dock","freight":"","importance_rank":1,"importance":"local_connector"},"geometry":{"type":"Point","coordinates":[-3.204817,50.9859033]}},{"type":"Feature","properties":{"id":"uk-osm-logistics-node-11198810558","name":"OSM logistics facility node/11198810558","hub_type":"truck_terminal","operator_classification":"other","source_operator":"","osm_type":"node","osm_id":"11198810558","railway":"","landuse":"","industrial":"","amenity":"loading_dock","freight":"","importance_rank":1,"importance":"local_connector"},"geometry":{"type":"Point","coordinates":[-3.2047656,50.9859342]}},{"type":"Feature","properties":{"id":"uk-osm-logistics-node-11198810559","name":"OSM logistics facility node/11198810559","hub_type":"truck_terminal","operator_classification":"other","source_operator":"","osm_type":"node","osm_id":"11198810559","railway":"","landuse":"","industrial":"","amenity":"loading_dock","freight":"","importance_rank":1,"importance":"local_connector"},"geometry":{"type":"Point","coordinates":[-3.2047141,50.985965]}},{"type":"Feature","properties":{"id":"uk-osm-logistics-node-11198810560","name":"OSM logistics facility node/11198810560","hub_type":"truck_terminal","operator_classification":"other","source_operator":"","osm_type":"node","osm_id":"11198810560","railway":"","landuse":"","industrial":"","amenity":"loading_dock","freight":"","importance_rank":1,"importance":"local_connector"},"geometry":{"type":"Point","coordinates":[-3.2046627,50.9859958]}},{"type":"Feature","properties":{"id":"uk-osm-logistics-node-11199647401","name":"OSM logistics facility node/11199647401","hub_type":"truck_terminal","operator_classification":"other","source_operator":"","osm_type":"node","osm_id":"11199647401","railway":"","landuse":"","industrial":"","amenity":"loading_dock","freight":"","importance_rank":1,"importance":"local_connector"},"geometry":{"type":"Point","coordinates":[-4.2076298,55.8526321]}},{"type":"Feature","properties":{"id":"uk-osm-logistics-node-11199647402","name":"OSM logistics facility node/11199647402","hub_type":"truck_terminal","operator_classification":"other","source_operator":"","osm_type":"node","osm_id":"11199647402","railway":"","landuse":"","industrial":"","amenity":"loading_dock","freight":"","importance_rank":1,"importance":"local_connector"},"geometry":{"type":"Point","coordinates":[-4.2074129,55.8528799]}},{"type":"Feature","properties":{"id":"uk-osm-logistics-node-11200314466","name":"OSM logistics facility node/11200314466","hub_type":"truck_terminal","operator_classification":"other","source_operator":"","osm_type":"node","osm_id":"11200314466","railway":"","landuse":"","industrial":"","amenity":"loading_dock","freight":"","importance_rank":1,"importance":"local_connector"},"geometry":{"type":"Point","coordinates":[-4.1586701,55.8233211]}},{"type":"Feature","properties":{"id":"uk-osm-logistics-node-11200314467","name":"OSM logistics facility node/11200314467","hub_type":"truck_terminal","operator_classification":"other","source_operator":"","osm_type":"node","osm_id":"11200314467","railway":"","landuse":"","industrial":"","amenity":"loading_dock","freight":"","importance_rank":1,"importance":"local_connector"},"geometry":{"type":"Point","coordinates":[-4.158607,55.8232949]}},{"type":"Feature","properties":{"id":"uk-osm-logistics-node-11200314468","name":"OSM logistics facility node/11200314468","hub_type":"truck_terminal","operator_classification":"other","source_operator":"","osm_type":"node","osm_id":"11200314468","railway":"","landuse":"","industrial":"","amenity":"loading_dock","freight":"","importance_rank":1,"importance":"local_connector"},"geometry":{"type":"Point","coordinates":[-4.158492,55.8232972]}},{"type":"Feature","properties":{"id":"uk-osm-logistics-node-11200314469","name":"OSM logistics facility node/11200314469","hub_type":"truck_terminal","operator_classification":"other","source_operator":"","osm_type":"node","osm_id":"11200314469","railway":"","landuse":"","industrial":"","amenity":"loading_dock","freight":"","importance_rank":1,"importance":"local_connector"},"geometry":{"type":"Point","coordinates":[-4.1584382,55.8232749]}},{"type":"Feature","properties":{"id":"uk-osm-logistics-node-11200314470","name":"OSM logistics facility node/11200314470","hub_type":"truck_terminal","operator_classification":"other","source_operator":"","osm_type":"node","osm_id":"11200314470","railway":"","landuse":"","industrial":"","amenity":"loading_dock","freight":"","importance_rank":1,"importance":"local_connector"},"geometry":{"type":"Point","coordinates":[-4.1583852,55.8232528]}},{"type":"Feature","properties":{"id":"uk-osm-logistics-node-11200314471","name":"OSM logistics facility node/11200314471","hub_type":"truck_terminal","operator_classification":"other","source_operator":"","osm_type":"node","osm_id":"11200314471","railway":"","landuse":"","industrial":"","amenity":"loading_dock","freight":"","importance_rank":1,"importance":"local_connector"},"geometry":{"type":"Point","coordinates":[-4.1583317,55.8232306]}},{"type":"Feature","properties":{"id":"uk-osm-logistics-node-11200314472","name":"OSM logistics facility node/11200314472","hub_type":"truck_terminal","operator_classification":"other","source_operator":"","osm_type":"node","osm_id":"11200314472","railway":"","landuse":"","industrial":"","amenity":"loading_dock","freight":"","importance_rank":1,"importance":"local_connector"},"geometry":{"type":"Point","coordinates":[-4.1582759,55.8232074]}},{"type":"Feature","properties":{"id":"uk-osm-logistics-node-11200314473","name":"OSM logistics facility node/11200314473","hub_type":"truck_terminal","operator_classification":"other","source_operator":"","osm_type":"node","osm_id":"11200314473","railway":"","landuse":"","industrial":"","amenity":"loading_dock","freight":"","importance_rank":1,"importance":"local_connector"},"geometry":{"type":"Point","coordinates":[-4.1582262,55.8231868]}},{"type":"Feature","properties":{"id":"uk-osm-logistics-node-11200314474","name":"OSM logistics facility node/11200314474","hub_type":"truck_terminal","operator_classification":"other","source_operator":"","osm_type":"node","osm_id":"11200314474","railway":"","landuse":"","industrial":"","amenity":"loading_dock","freight":"","importance_rank":1,"importance":"local_connector"},"geometry":{"type":"Point","coordinates":[-4.1581728,55.8231646]}},{"type":"Feature","properties":{"id":"uk-osm-logistics-node-11200314475","name":"OSM logistics facility node/11200314475","hub_type":"truck_terminal","operator_classification":"other","source_operator":"","osm_type":"node","osm_id":"11200314475","railway":"","landuse":"","industrial":"","amenity":"loading_dock","freight":"","importance_rank":1,"importance":"local_connector"},"geometry":{"type":"Point","coordinates":[-4.1581203,55.8231428]}},{"type":"Feature","properties":{"id":"uk-osm-logistics-node-11200314476","name":"OSM logistics facility node/11200314476","hub_type":"truck_terminal","operator_classification":"other","source_operator":"","osm_type":"node","osm_id":"11200314476","railway":"","landuse":"","industrial":"","amenity":"loading_dock","freight":"","importance_rank":1,"importance":"local_connector"},"geometry":{"type":"Point","coordinates":[-4.1580639,55.8231194]}},{"type":"Feature","properties":{"id":"uk-osm-logistics-node-11200314477","name":"OSM logistics facility node/11200314477","hub_type":"truck_terminal","operator_classification":"other","source_operator":"","osm_type":"node","osm_id":"11200314477","railway":"","landuse":"","industrial":"","amenity":"loading_dock","freight":"","importance_rank":1,"importance":"local_connector"},"geometry":{"type":"Point","coordinates":[-4.158011,55.8230974]}},{"type":"Feature","properties":{"id":"uk-osm-logistics-node-11200314478","name":"OSM logistics facility node/11200314478","hub_type":"truck_terminal","operator_classification":"other","source_operator":"","osm_type":"node","osm_id":"11200314478","railway":"","landuse":"","industrial":"","amenity":"loading_dock","freight":"","importance_rank":1,"importance":"local_connector"},"geometry":{"type":"Point","coordinates":[-4.157962,55.823077]}},{"type":"Feature","properties":{"id":"uk-osm-logistics-node-11200314479","name":"OSM logistics facility node/11200314479","hub_type":"truck_terminal","operator_classification":"other","source_operator":"","osm_type":"node","osm_id":"11200314479","railway":"","landuse":"","industrial":"","amenity":"loading_dock","freight":"","importance_rank":1,"importance":"local_connector"},"geometry":{"type":"Point","coordinates":[-4.1579071,55.8230542]}},{"type":"Feature","properties":{"id":"uk-osm-logistics-node-11200314480","name":"OSM logistics facility node/11200314480","hub_type":"truck_terminal","operator_classification":"other","source_operator":"","osm_type":"node","osm_id":"11200314480","railway":"","landuse":"","industrial":"","amenity":"loading_dock","freight":"","importance_rank":1,"importance":"local_connector"},"geometry":{"type":"Point","coordinates":[-4.1578451,55.8230284]}},{"type":"Feature","properties":{"id":"uk-osm-logistics-node-11200314481","name":"OSM logistics facility node/11200314481","hub_type":"truck_terminal","operator_classification":"other","source_operator":"","osm_type":"node","osm_id":"11200314481","railway":"","landuse":"","industrial":"","amenity":"loading_dock","freight":"","importance_rank":1,"importance":"local_connector"},"geometry":{"type":"Point","coordinates":[-4.1577944,55.8230074]}},{"type":"Feature","properties":{"id":"uk-osm-logistics-node-11200314482","name":"OSM logistics facility node/11200314482","hub_type":"truck_terminal","operator_classification":"other","source_operator":"","osm_type":"node","osm_id":"11200314482","railway":"","landuse":"","industrial":"","amenity":"loading_dock","freight":"","importance_rank":1,"importance":"local_connector"},"geometry":{"type":"Point","coordinates":[-4.1577314,55.8229812]}},{"type":"Feature","properties":{"id":"uk-osm-logistics-node-11200314483","name":"OSM logistics facility node/11200314483","hub_type":"truck_terminal","operator_classification":"other","source_operator":"","osm_type":"node","osm_id":"11200314483","railway":"","landuse":"","industrial":"","amenity":"loading_dock","freight":"","importance_rank":1,"importance":"local_connector"},"geometry":{"type":"Point","coordinates":[-4.1576581,55.8229507]}},{"type":"Feature","properties":{"id":"uk-osm-logistics-node-11200314484","name":"OSM logistics facility node/11200314484","hub_type":"truck_terminal","operator_classification":"other","source_operator":"","osm_type":"node","osm_id":"11200314484","railway":"","landuse":"","industrial":"","amenity":"loading_dock","freight":"","importance_rank":1,"importance":"local_connector"},"geometry":{"type":"Point","coordinates":[-4.157601,55.822927]}},{"type":"Feature","properties":{"id":"uk-osm-logistics-node-11200314485","name":"OSM logistics facility node/11200314485","hub_type":"truck_terminal","operator_classification":"other","source_operator":"","osm_type":"node","osm_id":"11200314485","railway":"","landuse":"","industrial":"","amenity":"loading_dock","freight":"","importance_rank":1,"importance":"local_connector"},"geometry":{"type":"Point","coordinates":[-4.157537,55.8229004]}},{"type":"Feature","properties":{"id":"uk-osm-logistics-node-11200314486","name":"OSM logistics facility node/11200314486","hub_type":"truck_terminal","operator_classification":"other","source_operator":"","osm_type":"node","osm_id":"11200314486","railway":"","landuse":"","industrial":"","amenity":"loading_dock","freight":"","importance_rank":1,"importance":"local_connector"},"geometry":{"type":"Point","coordinates":[-4.1574785,55.8228761]}},{"type":"Feature","properties":{"id":"uk-osm-logistics-node-11200314487","name":"OSM logistics facility node/11200314487","hub_type":"truck_terminal","operator_classification":"other","source_operator":"","osm_type":"node","osm_id":"11200314487","railway":"","landuse":"","industrial":"","amenity":"loading_dock","freight":"","importance_rank":1,"importance":"local_connector"},"geometry":{"type":"Point","coordinates":[-4.1570972,55.8236611]}},{"type":"Feature","properties":{"id":"uk-osm-logistics-node-11200314491","name":"OSM logistics facility node/11200314491","hub_type":"truck_terminal","operator_classification":"other","source_operator":"","osm_type":"node","osm_id":"11200314491","railway":"","landuse":"","industrial":"","amenity":"loading_dock","freight":"","importance_rank":1,"importance":"local_connector"},"geometry":{"type":"Point","coordinates":[-4.1587144,55.8234023]}},{"type":"Feature","properties":{"id":"uk-osm-logistics-node-11200314492","name":"OSM logistics facility node/11200314492","hub_type":"truck_terminal","operator_classification":"other","source_operator":"","osm_type":"node","osm_id":"11200314492","railway":"","landuse":"","industrial":"","amenity":"loading_dock","freight":"","importance_rank":1,"importance":"local_connector"},"geometry":{"type":"Point","coordinates":[-4.1587081,55.8233369]}},{"type":"Feature","properties":{"id":"uk-osm-logistics-node-11204928310","name":"OSM logistics facility node/11204928310","hub_type":"truck_terminal","operator_classification":"other","source_operator":"","osm_type":"node","osm_id":"11204928310","railway":"","landuse":"","industrial":"","amenity":"loading_dock","freight":"","importance_rank":1,"importance":"local_connector"},"geometry":{"type":"Point","coordinates":[0.1412642,51.4964553]}},{"type":"Feature","properties":{"id":"uk-osm-logistics-node-11204928312","name":"OSM logistics facility node/11204928312","hub_type":"truck_terminal","operator_classification":"other","source_operator":"","osm_type":"node","osm_id":"11204928312","railway":"","landuse":"","industrial":"","amenity":"loading_dock","freight":"","importance_rank":1,"importance":"local_connector"},"geometry":{"type":"Point","coordinates":[0.1415265,51.4963544]}},{"type":"Feature","properties":{"id":"uk-osm-logistics-node-11208821215","name":"OSM logistics facility node/11208821215","hub_type":"truck_terminal","operator_classification":"other","source_operator":"","osm_type":"node","osm_id":"11208821215","railway":"","landuse":"","industrial":"","amenity":"loading_dock","freight":"","importance_rank":1,"importance":"local_connector"},"geometry":{"type":"Point","coordinates":[-4.1982308,55.8540097]}},{"type":"Feature","properties":{"id":"uk-osm-logistics-node-11209005796","name":"OSM logistics facility node/11209005796","hub_type":"truck_terminal","operator_classification":"other","source_operator":"","osm_type":"node","osm_id":"11209005796","railway":"","landuse":"","industrial":"","amenity":"loading_dock","freight":"","importance_rank":1,"importance":"local_connector"},"geometry":{"type":"Point","coordinates":[-4.1985697,55.8536902]}},{"type":"Feature","properties":{"id":"uk-osm-logistics-node-11209005797","name":"OSM logistics facility node/11209005797","hub_type":"truck_terminal","operator_classification":"other","source_operator":"","osm_type":"node","osm_id":"11209005797","railway":"","landuse":"","industrial":"","amenity":"loading_dock","freight":"","importance_rank":1,"importance":"local_connector"},"geometry":{"type":"Point","coordinates":[-4.1985251,55.8537322]}},{"type":"Feature","properties":{"id":"uk-osm-logistics-node-11209005798","name":"OSM logistics facility node/11209005798","hub_type":"truck_terminal","operator_classification":"other","source_operator":"","osm_type":"node","osm_id":"11209005798","railway":"","landuse":"","industrial":"","amenity":"loading_dock","freight":"","importance_rank":1,"importance":"local_connector"},"geometry":{"type":"Point","coordinates":[-4.1983538,55.8538938]}},{"type":"Feature","properties":{"id":"uk-osm-logistics-node-11212078282","name":"OSM logistics facility node/11212078282","hub_type":"truck_terminal","operator_classification":"other","source_operator":"","osm_type":"node","osm_id":"11212078282","railway":"","landuse":"","industrial":"","amenity":"loading_dock","freight":"","importance_rank":1,"importance":"local_connector"},"geometry":{"type":"Point","coordinates":[-4.2562052,55.8586008]}},{"type":"Feature","properties":{"id":"uk-osm-logistics-node-11228173939","name":"OSM logistics facility node/11228173939","hub_type":"truck_terminal","operator_classification":"other","source_operator":"","osm_type":"node","osm_id":"11228173939","railway":"","landuse":"","industrial":"","amenity":"loading_dock","freight":"","importance_rank":1,"importance":"local_connector"},"geometry":{"type":"Point","coordinates":[-4.2343971,55.8560876]}},{"type":"Feature","properties":{"id":"uk-osm-logistics-node-11228173940","name":"OSM logistics facility node/11228173940","hub_type":"truck_terminal","operator_classification":"other","source_operator":"","osm_type":"node","osm_id":"11228173940","railway":"","landuse":"","industrial":"","amenity":"loading_dock","freight":"","importance_rank":1,"importance":"local_connector"},"geometry":{"type":"Point","coordinates":[-4.2343368,55.8560891]}},{"type":"Feature","properties":{"id":"uk-osm-logistics-node-11232263365","name":"OSM logistics facility node/11232263365","hub_type":"truck_terminal","operator_classification":"other","source_operator":"","osm_type":"node","osm_id":"11232263365","railway":"","landuse":"","industrial":"","amenity":"loading_dock","freight":"","importance_rank":1,"importance":"local_connector"},"geometry":{"type":"Point","coordinates":[-0.6125212,53.198029]}},{"type":"Feature","properties":{"id":"uk-osm-logistics-node-11232263366","name":"OSM logistics facility node/11232263366","hub_type":"truck_terminal","operator_classification":"other","source_operator":"","osm_type":"node","osm_id":"11232263366","railway":"","landuse":"","industrial":"","amenity":"loading_dock","freight":"","importance_rank":1,"importance":"local_connector"},"geometry":{"type":"Point","coordinates":[-0.6134349,53.1983708]}},{"type":"Feature","properties":{"id":"uk-osm-logistics-node-11232797745","name":"OSM logistics facility node/11232797745","hub_type":"truck_terminal","operator_classification":"other","source_operator":"","osm_type":"node","osm_id":"11232797745","railway":"","landuse":"","industrial":"","amenity":"loading_dock","freight":"","importance_rank":1,"importance":"local_connector"},"geometry":{"type":"Point","coordinates":[-4.2117911,55.8341444]}},{"type":"Feature","properties":{"id":"uk-osm-logistics-node-11232797756","name":"OSM logistics facility node/11232797756","hub_type":"truck_terminal","operator_classification":"other","source_operator":"","osm_type":"node","osm_id":"11232797756","railway":"","landuse":"","industrial":"","amenity":"loading_dock","freight":"","importance_rank":1,"importance":"local_connector"},"geometry":{"type":"Point","coordinates":[-4.2118642,55.8341358]}},{"type":"Feature","properties":{"id":"uk-osm-logistics-node-11235786416","name":"OSM logistics facility node/11235786416","hub_type":"truck_terminal","operator_classification":"other","source_operator":"","osm_type":"node","osm_id":"11235786416","railway":"","landuse":"","industrial":"","amenity":"loading_dock","freight":"","importance_rank":1,"importance":"local_connector"},"geometry":{"type":"Point","coordinates":[-4.2118495,55.8338891]}},{"type":"Feature","properties":{"id":"uk-osm-logistics-node-11235786417","name":"OSM logistics facility node/11235786417","hub_type":"truck_terminal","operator_classification":"other","source_operator":"","osm_type":"node","osm_id":"11235786417","railway":"","landuse":"","industrial":"","amenity":"loading_dock","freight":"","importance_rank":1,"importance":"local_connector"},"geometry":{"type":"Point","coordinates":[-4.211837,55.8338548]}},{"type":"Feature","properties":{"id":"uk-osm-logistics-node-11235786418","name":"OSM logistics facility node/11235786418","hub_type":"truck_terminal","operator_classification":"other","source_operator":"","osm_type":"node","osm_id":"11235786418","railway":"","landuse":"","industrial":"","amenity":"loading_dock","freight":"","importance_rank":1,"importance":"local_connector"},"geometry":{"type":"Point","coordinates":[-4.2118238,55.8338187]}},{"type":"Feature","properties":{"id":"uk-osm-logistics-node-11235786419","name":"OSM logistics facility node/11235786419","hub_type":"truck_terminal","operator_classification":"other","source_operator":"","osm_type":"node","osm_id":"11235786419","railway":"","landuse":"","industrial":"","amenity":"loading_dock","freight":"","importance_rank":1,"importance":"local_connector"},"geometry":{"type":"Point","coordinates":[-4.2118131,55.8337857]}},{"type":"Feature","properties":{"id":"uk-osm-logistics-node-11236906472","name":"OSM logistics facility node/11236906472","hub_type":"truck_terminal","operator_classification":"other","source_operator":"","osm_type":"node","osm_id":"11236906472","railway":"","landuse":"","industrial":"","amenity":"loading_dock","freight":"","importance_rank":1,"importance":"local_connector"},"geometry":{"type":"Point","coordinates":[-0.430622,51.6420266]}},{"type":"Feature","properties":{"id":"uk-osm-logistics-node-11236906473","name":"OSM logistics facility node/11236906473","hub_type":"truck_terminal","operator_classification":"other","source_operator":"","osm_type":"node","osm_id":"11236906473","railway":"","landuse":"","industrial":"","amenity":"loading_dock","freight":"","importance_rank":1,"importance":"local_connector"},"geometry":{"type":"Point","coordinates":[-0.4305842,51.6420671]}},{"type":"Feature","properties":{"id":"uk-osm-logistics-node-11247055035","name":"OSM logistics facility node/11247055035","hub_type":"truck_terminal","operator_classification":"other","source_operator":"","osm_type":"node","osm_id":"11247055035","railway":"","landuse":"","industrial":"","amenity":"loading_dock","freight":"","importance_rank":1,"importance":"local_connector"},"geometry":{"type":"Point","coordinates":[0.2155789,51.8693571]}},{"type":"Feature","properties":{"id":"uk-osm-logistics-node-11250028209","name":"OSM logistics facility node/11250028209","hub_type":"truck_terminal","operator_classification":"other","source_operator":"","osm_type":"node","osm_id":"11250028209","railway":"","landuse":"","industrial":"","amenity":"loading_dock","freight":"","importance_rank":1,"importance":"local_connector"},"geometry":{"type":"Point","coordinates":[-4.2118946,55.8340116]}},{"type":"Feature","properties":{"id":"uk-osm-logistics-node-11250028210","name":"OSM logistics facility node/11250028210","hub_type":"truck_terminal","operator_classification":"other","source_operator":"","osm_type":"node","osm_id":"11250028210","railway":"","landuse":"","industrial":"","amenity":"loading_dock","freight":"","importance_rank":1,"importance":"local_connector"},"geometry":{"type":"Point","coordinates":[-4.2118831,55.8339803]}},{"type":"Feature","properties":{"id":"uk-osm-logistics-node-11250028211","name":"OSM logistics facility node/11250028211","hub_type":"truck_terminal","operator_classification":"other","source_operator":"","osm_type":"node","osm_id":"11250028211","railway":"","landuse":"","industrial":"","amenity":"loading_dock","freight":"","importance_rank":1,"importance":"local_connector"},"geometry":{"type":"Point","coordinates":[-4.2118718,55.8339496]}},{"type":"Feature","properties":{"id":"uk-osm-logistics-node-11250028212","name":"OSM logistics facility node/11250028212","hub_type":"truck_terminal","operator_classification":"other","source_operator":"","osm_type":"node","osm_id":"11250028212","railway":"","landuse":"","industrial":"","amenity":"loading_dock","freight":"","importance_rank":1,"importance":"local_connector"},"geometry":{"type":"Point","coordinates":[-4.2118595,55.8339162]}},{"type":"Feature","properties":{"id":"uk-osm-logistics-node-11250902095","name":"OSM logistics facility node/11250902095","hub_type":"truck_terminal","operator_classification":"other","source_operator":"","osm_type":"node","osm_id":"11250902095","railway":"","landuse":"","industrial":"","amenity":"loading_dock","freight":"","importance_rank":1,"importance":"local_connector"},"geometry":{"type":"Point","coordinates":[-0.9644722,51.4581777]}},{"type":"Feature","properties":{"id":"uk-osm-logistics-node-11250902096","name":"OSM logistics facility node/11250902096","hub_type":"truck_terminal","operator_classification":"other","source_operator":"","osm_type":"node","osm_id":"11250902096","railway":"","landuse":"","industrial":"","amenity":"loading_dock","freight":"","importance_rank":1,"importance":"local_connector"},"geometry":{"type":"Point","coordinates":[-0.9642018,51.458168]}},{"type":"Feature","properties":{"id":"uk-osm-logistics-node-11288721907","name":"OSM logistics facility node/11288721907","hub_type":"truck_terminal","operator_classification":"other","source_operator":"","osm_type":"node","osm_id":"11288721907","railway":"","landuse":"","industrial":"","amenity":"loading_dock","freight":"","importance_rank":1,"importance":"local_connector"},"geometry":{"type":"Point","coordinates":[-1.8095128,57.4902188]}},{"type":"Feature","properties":{"id":"uk-osm-logistics-node-11351027786","name":"OSM logistics facility node/11351027786","hub_type":"truck_terminal","operator_classification":"other","source_operator":"","osm_type":"node","osm_id":"11351027786","railway":"","landuse":"","industrial":"","amenity":"loading_dock","freight":"","importance_rank":1,"importance":"local_connector"},"geometry":{"type":"Point","coordinates":[-0.9726427,51.4170639]}},{"type":"Feature","properties":{"id":"uk-osm-logistics-node-11390079773","name":"OSM logistics facility node/11390079773","hub_type":"truck_terminal","operator_classification":"other","source_operator":"","osm_type":"node","osm_id":"11390079773","railway":"","landuse":"","industrial":"","amenity":"loading_dock","freight":"","importance_rank":1,"importance":"local_connector"},"geometry":{"type":"Point","coordinates":[-6.2145369,54.3388827]}},{"type":"Feature","properties":{"id":"uk-osm-logistics-node-11390147936","name":"OSM logistics facility node/11390147936","hub_type":"truck_terminal","operator_classification":"other","source_operator":"","osm_type":"node","osm_id":"11390147936","railway":"","landuse":"","industrial":"","amenity":"loading_dock","freight":"","importance_rank":1,"importance":"local_connector"},"geometry":{"type":"Point","coordinates":[0.260433,52.0124941]}},{"type":"Feature","properties":{"id":"uk-osm-logistics-node-11395028764","name":"OSM logistics facility node/11395028764","hub_type":"truck_terminal","operator_classification":"other","source_operator":"","osm_type":"node","osm_id":"11395028764","railway":"","landuse":"","industrial":"","amenity":"loading_dock","freight":"","importance_rank":1,"importance":"local_connector"},"geometry":{"type":"Point","coordinates":[0.1594913,51.8728864]}},{"type":"Feature","properties":{"id":"uk-osm-logistics-node-11517438682","name":"OSM logistics facility node/11517438682","hub_type":"truck_terminal","operator_classification":"other","source_operator":"","osm_type":"node","osm_id":"11517438682","railway":"","landuse":"","industrial":"","amenity":"loading_dock","freight":"","importance_rank":1,"importance":"local_connector"},"geometry":{"type":"Point","coordinates":[0.7181602,52.2405541]}},{"type":"Feature","properties":{"id":"uk-osm-logistics-node-11517438683","name":"OSM logistics facility node/11517438683","hub_type":"truck_terminal","operator_classification":"other","source_operator":"","osm_type":"node","osm_id":"11517438683","railway":"","landuse":"","industrial":"","amenity":"loading_dock","freight":"","importance_rank":1,"importance":"local_connector"},"geometry":{"type":"Point","coordinates":[0.7093082,52.2465049]}},{"type":"Feature","properties":{"id":"uk-osm-logistics-node-11577072428","name":"OSM logistics facility node/11577072428","hub_type":"truck_terminal","operator_classification":"other","source_operator":"","osm_type":"node","osm_id":"11577072428","railway":"","landuse":"","industrial":"","amenity":"loading_dock","freight":"","importance_rank":1,"importance":"local_connector"},"geometry":{"type":"Point","coordinates":[-0.6366219,51.9125535]}},{"type":"Feature","properties":{"id":"uk-osm-logistics-node-11577072430","name":"OSM logistics facility node/11577072430","hub_type":"truck_terminal","operator_classification":"other","source_operator":"","osm_type":"node","osm_id":"11577072430","railway":"","landuse":"","industrial":"","amenity":"loading_dock","freight":"","importance_rank":1,"importance":"local_connector"},"geometry":{"type":"Point","coordinates":[-0.6355408,51.9134502]}},{"type":"Feature","properties":{"id":"uk-osm-logistics-node-11716450067","name":"OSM logistics facility node/11716450067","hub_type":"truck_terminal","operator_classification":"other","source_operator":"","osm_type":"node","osm_id":"11716450067","railway":"","landuse":"","industrial":"","amenity":"loading_dock","freight":"","importance_rank":1,"importance":"local_connector"},"geometry":{"type":"Point","coordinates":[-0.2113675,52.5993915]}},{"type":"Feature","properties":{"id":"uk-osm-logistics-node-11724196290","name":"OSM logistics facility node/11724196290","hub_type":"truck_terminal","operator_classification":"other","source_operator":"","osm_type":"node","osm_id":"11724196290","railway":"","landuse":"","industrial":"","amenity":"loading_dock","freight":"","importance_rank":1,"importance":"local_connector"},"geometry":{"type":"Point","coordinates":[-0.3076339,52.5345346]}},{"type":"Feature","properties":{"id":"uk-osm-logistics-node-11724196291","name":"OSM logistics facility node/11724196291","hub_type":"truck_terminal","operator_classification":"other","source_operator":"","osm_type":"node","osm_id":"11724196291","railway":"","landuse":"","industrial":"","amenity":"loading_dock","freight":"","importance_rank":1,"importance":"local_connector"},"geometry":{"type":"Point","coordinates":[-0.3076323,52.5344979]}},{"type":"Feature","properties":{"id":"uk-osm-logistics-node-11724196292","name":"OSM logistics facility node/11724196292","hub_type":"truck_terminal","operator_classification":"other","source_operator":"","osm_type":"node","osm_id":"11724196292","railway":"","landuse":"","industrial":"","amenity":"loading_dock","freight":"","importance_rank":1,"importance":"local_connector"},"geometry":{"type":"Point","coordinates":[-0.3076356,52.5345749]}},{"type":"Feature","properties":{"id":"uk-osm-logistics-node-11724196293","name":"OSM logistics facility node/11724196293","hub_type":"truck_terminal","operator_classification":"other","source_operator":"","osm_type":"node","osm_id":"11724196293","railway":"","landuse":"","industrial":"","amenity":"loading_dock","freight":"","importance_rank":1,"importance":"local_connector"},"geometry":{"type":"Point","coordinates":[-0.3076369,52.5346064]}},{"type":"Feature","properties":{"id":"uk-osm-logistics-node-11724196294","name":"OSM logistics facility node/11724196294","hub_type":"truck_terminal","operator_classification":"other","source_operator":"","osm_type":"node","osm_id":"11724196294","railway":"","landuse":"","industrial":"","amenity":"loading_dock","freight":"","importance_rank":1,"importance":"local_connector"},"geometry":{"type":"Point","coordinates":[-0.3076385,52.5346452]}},{"type":"Feature","properties":{"id":"uk-osm-logistics-node-11724196295","name":"OSM logistics facility node/11724196295","hub_type":"truck_terminal","operator_classification":"other","source_operator":"","osm_type":"node","osm_id":"11724196295","railway":"","landuse":"","industrial":"","amenity":"loading_dock","freight":"","importance_rank":1,"importance":"local_connector"},"geometry":{"type":"Point","coordinates":[-0.30764,52.5346816]}},{"type":"Feature","properties":{"id":"uk-osm-logistics-node-11724196296","name":"OSM logistics facility node/11724196296","hub_type":"truck_terminal","operator_classification":"other","source_operator":"","osm_type":"node","osm_id":"11724196296","railway":"","landuse":"","industrial":"","amenity":"loading_dock","freight":"","importance_rank":1,"importance":"local_connector"},"geometry":{"type":"Point","coordinates":[-0.3076416,52.5347192]}},{"type":"Feature","properties":{"id":"uk-osm-logistics-node-11724196297","name":"OSM logistics facility node/11724196297","hub_type":"truck_terminal","operator_classification":"other","source_operator":"","osm_type":"node","osm_id":"11724196297","railway":"","landuse":"","industrial":"","amenity":"loading_dock","freight":"","importance_rank":1,"importance":"local_connector"},"geometry":{"type":"Point","coordinates":[-0.3076432,52.5347562]}},{"type":"Feature","properties":{"id":"uk-osm-logistics-node-11724196298","name":"OSM logistics facility node/11724196298","hub_type":"truck_terminal","operator_classification":"other","source_operator":"","osm_type":"node","osm_id":"11724196298","railway":"","landuse":"","industrial":"","amenity":"loading_dock","freight":"","importance_rank":1,"importance":"local_connector"},"geometry":{"type":"Point","coordinates":[-0.307646,52.5348229]}},{"type":"Feature","properties":{"id":"uk-osm-logistics-node-11724196299","name":"OSM logistics facility node/11724196299","hub_type":"truck_terminal","operator_classification":"other","source_operator":"","osm_type":"node","osm_id":"11724196299","railway":"","landuse":"","industrial":"","amenity":"loading_dock","freight":"","importance_rank":1,"importance":"local_connector"},"geometry":{"type":"Point","coordinates":[-0.3076475,52.5348599]}},{"type":"Feature","properties":{"id":"uk-osm-logistics-node-11724196300","name":"OSM logistics facility node/11724196300","hub_type":"truck_terminal","operator_classification":"other","source_operator":"","osm_type":"node","osm_id":"11724196300","railway":"","landuse":"","industrial":"","amenity":"loading_dock","freight":"","importance_rank":1,"importance":"local_connector"},"geometry":{"type":"Point","coordinates":[-0.3076446,52.5347908]}},{"type":"Feature","properties":{"id":"uk-osm-logistics-node-11732176860","name":"OSM logistics facility node/11732176860","hub_type":"truck_terminal","operator_classification":"other","source_operator":"","osm_type":"node","osm_id":"11732176860","railway":"","landuse":"","industrial":"","amenity":"loading_dock","freight":"","importance_rank":1,"importance":"local_connector"},"geometry":{"type":"Point","coordinates":[-3.8176498,53.321704]}},{"type":"Feature","properties":{"id":"uk-osm-logistics-node-11738794910","name":"OSM logistics facility node/11738794910","hub_type":"truck_terminal","operator_classification":"other","source_operator":"","osm_type":"node","osm_id":"11738794910","railway":"","landuse":"","industrial":"","amenity":"loading_dock","freight":"","importance_rank":1,"importance":"local_connector"},"geometry":{"type":"Point","coordinates":[-1.5532054,55.0252174]}},{"type":"Feature","properties":{"id":"uk-osm-logistics-node-11745138191","name":"OSM logistics facility node/11745138191","hub_type":"truck_terminal","operator_classification":"other","source_operator":"","osm_type":"node","osm_id":"11745138191","railway":"","landuse":"","industrial":"","amenity":"loading_dock","freight":"","importance_rank":1,"importance":"local_connector"},"geometry":{"type":"Point","coordinates":[-1.2262951,51.3952577]}},{"type":"Feature","properties":{"id":"uk-osm-logistics-node-11745138192","name":"OSM logistics facility node/11745138192","hub_type":"truck_terminal","operator_classification":"other","source_operator":"","osm_type":"node","osm_id":"11745138192","railway":"","landuse":"","industrial":"","amenity":"loading_dock","freight":"","importance_rank":1,"importance":"local_connector"},"geometry":{"type":"Point","coordinates":[-1.225681,51.3955541]}},{"type":"Feature","properties":{"id":"uk-osm-logistics-node-11747129829","name":"OSM logistics facility node/11747129829","hub_type":"truck_terminal","operator_classification":"other","source_operator":"","osm_type":"node","osm_id":"11747129829","railway":"","landuse":"","industrial":"","amenity":"loading_dock","freight":"","importance_rank":1,"importance":"local_connector"},"geometry":{"type":"Point","coordinates":[-0.0135848,51.5420923]}},{"type":"Feature","properties":{"id":"uk-osm-logistics-node-11765225567","name":"OSM logistics facility node/11765225567","hub_type":"truck_terminal","operator_classification":"other","source_operator":"","osm_type":"node","osm_id":"11765225567","railway":"","landuse":"","industrial":"","amenity":"loading_dock","freight":"","importance_rank":1,"importance":"local_connector"},"geometry":{"type":"Point","coordinates":[0.1682132,51.4827713]}},{"type":"Feature","properties":{"id":"uk-osm-logistics-node-11768231613","name":"OSM logistics facility node/11768231613","hub_type":"truck_terminal","operator_classification":"other","source_operator":"","osm_type":"node","osm_id":"11768231613","railway":"","landuse":"","industrial":"","amenity":"loading_dock","freight":"","importance_rank":1,"importance":"local_connector"},"geometry":{"type":"Point","coordinates":[0.1668314,51.4821456]}},{"type":"Feature","properties":{"id":"uk-osm-logistics-node-11768231614","name":"OSM logistics facility node/11768231614","hub_type":"truck_terminal","operator_classification":"other","source_operator":"","osm_type":"node","osm_id":"11768231614","railway":"","landuse":"","industrial":"","amenity":"loading_dock","freight":"","importance_rank":1,"importance":"local_connector"},"geometry":{"type":"Point","coordinates":[0.1668789,51.4821189]}},{"type":"Feature","properties":{"id":"uk-osm-logistics-node-11768231617","name":"OSM logistics facility node/11768231617","hub_type":"truck_terminal","operator_classification":"other","source_operator":"","osm_type":"node","osm_id":"11768231617","railway":"","landuse":"","industrial":"","amenity":"loading_dock","freight":"","importance_rank":1,"importance":"local_connector"},"geometry":{"type":"Point","coordinates":[0.1673417,51.4818587]}},{"type":"Feature","properties":{"id":"uk-osm-logistics-node-11768231618","name":"OSM logistics facility node/11768231618","hub_type":"truck_terminal","operator_classification":"other","source_operator":"","osm_type":"node","osm_id":"11768231618","railway":"","landuse":"","industrial":"","amenity":"loading_dock","freight":"","importance_rank":1,"importance":"local_connector"},"geometry":{"type":"Point","coordinates":[0.1673877,51.4818329]}},{"type":"Feature","properties":{"id":"uk-osm-logistics-node-11768231620","name":"OSM logistics facility node/11768231620","hub_type":"truck_terminal","operator_classification":"other","source_operator":"","osm_type":"node","osm_id":"11768231620","railway":"","landuse":"","industrial":"","amenity":"loading_dock","freight":"","importance_rank":1,"importance":"local_connector"},"geometry":{"type":"Point","coordinates":[0.1671357,51.4819746]}},{"type":"Feature","properties":{"id":"uk-osm-logistics-node-11768231630","name":"OSM logistics facility node/11768231630","hub_type":"truck_terminal","operator_classification":"other","source_operator":"","osm_type":"node","osm_id":"11768231630","railway":"","landuse":"","industrial":"","amenity":"loading_dock","freight":"","importance_rank":1,"importance":"local_connector"},"geometry":{"type":"Point","coordinates":[0.1668843,51.4823005]}},{"type":"Feature","properties":{"id":"uk-osm-logistics-node-11768231631","name":"OSM logistics facility node/11768231631","hub_type":"truck_terminal","operator_classification":"other","source_operator":"","osm_type":"node","osm_id":"11768231631","railway":"","landuse":"","industrial":"","amenity":"loading_dock","freight":"","importance_rank":1,"importance":"local_connector"},"geometry":{"type":"Point","coordinates":[0.1668367,51.4822676]}},{"type":"Feature","properties":{"id":"uk-osm-logistics-node-11768231632","name":"OSM logistics facility node/11768231632","hub_type":"truck_terminal","operator_classification":"other","source_operator":"","osm_type":"node","osm_id":"11768231632","railway":"","landuse":"","industrial":"","amenity":"loading_dock","freight":"","importance_rank":1,"importance":"local_connector"},"geometry":{"type":"Point","coordinates":[0.1667841,51.4822314]}},{"type":"Feature","properties":{"id":"uk-osm-logistics-node-11829402786","name":"OSM logistics facility node/11829402786","hub_type":"truck_terminal","operator_classification":"other","source_operator":"","osm_type":"node","osm_id":"11829402786","railway":"","landuse":"","industrial":"","amenity":"loading_dock","freight":"","importance_rank":1,"importance":"local_connector"},"geometry":{"type":"Point","coordinates":[-2.3579231,51.3792176]}},{"type":"Feature","properties":{"id":"uk-osm-logistics-node-11829402787","name":"OSM logistics facility node/11829402787","hub_type":"truck_terminal","operator_classification":"other","source_operator":"","osm_type":"node","osm_id":"11829402787","railway":"","landuse":"","industrial":"","amenity":"loading_dock","freight":"","importance_rank":1,"importance":"local_connector"},"geometry":{"type":"Point","coordinates":[-2.3579637,51.3792662]}},{"type":"Feature","properties":{"id":"uk-osm-logistics-node-11837595232","name":"OSM logistics facility node/11837595232","hub_type":"truck_terminal","operator_classification":"other","source_operator":"","osm_type":"node","osm_id":"11837595232","railway":"","landuse":"","industrial":"","amenity":"loading_dock","freight":"","importance_rank":1,"importance":"local_connector"},"geometry":{"type":"Point","coordinates":[-2.2006865,51.8695098]}},{"type":"Feature","properties":{"id":"uk-osm-logistics-node-11837595233","name":"OSM logistics facility node/11837595233","hub_type":"truck_terminal","operator_classification":"other","source_operator":"","osm_type":"node","osm_id":"11837595233","railway":"","landuse":"","industrial":"","amenity":"loading_dock","freight":"","importance_rank":1,"importance":"local_connector"},"geometry":{"type":"Point","coordinates":[-2.2006375,51.8695297]}},{"type":"Feature","properties":{"id":"uk-osm-logistics-node-11837595234","name":"OSM logistics facility node/11837595234","hub_type":"truck_terminal","operator_classification":"other","source_operator":"","osm_type":"node","osm_id":"11837595234","railway":"","landuse":"","industrial":"","amenity":"loading_dock","freight":"","importance_rank":1,"importance":"local_connector"},"geometry":{"type":"Point","coordinates":[-2.2005885,51.8695497]}},{"type":"Feature","properties":{"id":"uk-osm-logistics-node-11837595235","name":"OSM logistics facility node/11837595235","hub_type":"truck_terminal","operator_classification":"other","source_operator":"","osm_type":"node","osm_id":"11837595235","railway":"","landuse":"","industrial":"","amenity":"loading_dock","freight":"","importance_rank":1,"importance":"local_connector"},"geometry":{"type":"Point","coordinates":[-2.2005395,51.8695696]}},{"type":"Feature","properties":{"id":"uk-osm-logistics-node-11837595236","name":"OSM logistics facility node/11837595236","hub_type":"truck_terminal","operator_classification":"other","source_operator":"","osm_type":"node","osm_id":"11837595236","railway":"","landuse":"","industrial":"","amenity":"loading_dock","freight":"","importance_rank":1,"importance":"local_connector"},"geometry":{"type":"Point","coordinates":[-2.2004905,51.8695895]}},{"type":"Feature","properties":{"id":"uk-osm-logistics-node-11837595237","name":"OSM logistics facility node/11837595237","hub_type":"truck_terminal","operator_classification":"other","source_operator":"","osm_type":"node","osm_id":"11837595237","railway":"","landuse":"","industrial":"","amenity":"loading_dock","freight":"","importance_rank":1,"importance":"local_connector"},"geometry":{"type":"Point","coordinates":[-2.2004415,51.8696094]}},{"type":"Feature","properties":{"id":"uk-osm-logistics-node-11837595238","name":"OSM logistics facility node/11837595238","hub_type":"truck_terminal","operator_classification":"other","source_operator":"","osm_type":"node","osm_id":"11837595238","railway":"","landuse":"","industrial":"","amenity":"loading_dock","freight":"","importance_rank":1,"importance":"local_connector"},"geometry":{"type":"Point","coordinates":[-2.2003925,51.8696293]}},{"type":"Feature","properties":{"id":"uk-osm-logistics-node-11837595239","name":"OSM logistics facility node/11837595239","hub_type":"truck_terminal","operator_classification":"other","source_operator":"","osm_type":"node","osm_id":"11837595239","railway":"","landuse":"","industrial":"","amenity":"loading_dock","freight":"","importance_rank":1,"importance":"local_connector"},"geometry":{"type":"Point","coordinates":[-2.2003435,51.8696492]}},{"type":"Feature","properties":{"id":"uk-osm-logistics-node-11837595240","name":"OSM logistics facility node/11837595240","hub_type":"truck_terminal","operator_classification":"other","source_operator":"","osm_type":"node","osm_id":"11837595240","railway":"","landuse":"","industrial":"","amenity":"loading_dock","freight":"","importance_rank":1,"importance":"local_connector"},"geometry":{"type":"Point","coordinates":[-2.2002945,51.8696692]}},{"type":"Feature","properties":{"id":"uk-osm-logistics-node-11837595241","name":"OSM logistics facility node/11837595241","hub_type":"truck_terminal","operator_classification":"other","source_operator":"","osm_type":"node","osm_id":"11837595241","railway":"","landuse":"","industrial":"","amenity":"loading_dock","freight":"","importance_rank":1,"importance":"local_connector"},"geometry":{"type":"Point","coordinates":[-2.2002455,51.8696891]}},{"type":"Feature","properties":{"id":"uk-osm-logistics-node-11837595242","name":"OSM logistics facility node/11837595242","hub_type":"truck_terminal","operator_classification":"other","source_operator":"","osm_type":"node","osm_id":"11837595242","railway":"","landuse":"","industrial":"","amenity":"loading_dock","freight":"","importance_rank":1,"importance":"local_connector"},"geometry":{"type":"Point","coordinates":[-2.2001965,51.869709]}},{"type":"Feature","properties":{"id":"uk-osm-logistics-node-11837595243","name":"OSM logistics facility node/11837595243","hub_type":"truck_terminal","operator_classification":"other","source_operator":"","osm_type":"node","osm_id":"11837595243","railway":"","landuse":"","industrial":"","amenity":"loading_dock","freight":"","importance_rank":1,"importance":"local_connector"},"geometry":{"type":"Point","coordinates":[-2.2001475,51.8697289]}},{"type":"Feature","properties":{"id":"uk-osm-logistics-node-11848463449","name":"OSM logistics facility node/11848463449","hub_type":"truck_terminal","operator_classification":"other","source_operator":"","osm_type":"node","osm_id":"11848463449","railway":"","landuse":"","industrial":"","amenity":"loading_dock","freight":"","importance_rank":1,"importance":"local_connector"},"geometry":{"type":"Point","coordinates":[-0.6838259,52.0320863]}},{"type":"Feature","properties":{"id":"uk-osm-logistics-node-11848463450","name":"OSM logistics facility node/11848463450","hub_type":"truck_terminal","operator_classification":"other","source_operator":"","osm_type":"node","osm_id":"11848463450","railway":"","landuse":"","industrial":"","amenity":"loading_dock","freight":"","importance_rank":1,"importance":"local_connector"},"geometry":{"type":"Point","coordinates":[-0.6837148,52.0320799]}},{"type":"Feature","properties":{"id":"uk-osm-logistics-node-11848463451","name":"OSM logistics facility node/11848463451","hub_type":"truck_terminal","operator_classification":"other","source_operator":"","osm_type":"node","osm_id":"11848463451","railway":"","landuse":"","industrial":"","amenity":"loading_dock","freight":"","importance_rank":1,"importance":"local_connector"},"geometry":{"type":"Point","coordinates":[-0.6834876,52.032067]}},{"type":"Feature","properties":{"id":"uk-osm-logistics-node-11848463452","name":"OSM logistics facility node/11848463452","hub_type":"truck_terminal","operator_classification":"other","source_operator":"","osm_type":"node","osm_id":"11848463452","railway":"","landuse":"","industrial":"","amenity":"loading_dock","freight":"","importance_rank":1,"importance":"local_connector"},"geometry":{"type":"Point","coordinates":[-0.6834014,52.0320621]}},{"type":"Feature","properties":{"id":"uk-osm-logistics-node-11848463453","name":"OSM logistics facility node/11848463453","hub_type":"truck_terminal","operator_classification":"other","source_operator":"","osm_type":"node","osm_id":"11848463453","railway":"","landuse":"","industrial":"","amenity":"loading_dock","freight":"","importance_rank":1,"importance":"local_connector"},"geometry":{"type":"Point","coordinates":[-0.6833194,52.0320574]}},{"type":"Feature","properties":{"id":"uk-osm-logistics-node-11848463454","name":"OSM logistics facility node/11848463454","hub_type":"truck_terminal","operator_classification":"other","source_operator":"","osm_type":"node","osm_id":"11848463454","railway":"","landuse":"","industrial":"","amenity":"loading_dock","freight":"","importance_rank":1,"importance":"local_connector"},"geometry":{"type":"Point","coordinates":[-0.6832337,52.0320525]}},{"type":"Feature","properties":{"id":"uk-osm-logistics-node-11848463455","name":"OSM logistics facility node/11848463455","hub_type":"truck_terminal","operator_classification":"other","source_operator":"","osm_type":"node","osm_id":"11848463455","railway":"","landuse":"","industrial":"","amenity":"loading_dock","freight":"","importance_rank":1,"importance":"local_connector"},"geometry":{"type":"Point","coordinates":[-0.6831615,52.0320484]}},{"type":"Feature","properties":{"id":"uk-osm-logistics-node-11848463456","name":"OSM logistics facility node/11848463456","hub_type":"truck_terminal","operator_classification":"other","source_operator":"","osm_type":"node","osm_id":"11848463456","railway":"","landuse":"","industrial":"","amenity":"loading_dock","freight":"","importance_rank":1,"importance":"local_connector"},"geometry":{"type":"Point","coordinates":[-0.6814478,52.0319813]}},{"type":"Feature","properties":{"id":"uk-osm-logistics-node-11848501076","name":"OSM logistics facility node/11848501076","hub_type":"truck_terminal","operator_classification":"other","source_operator":"","osm_type":"node","osm_id":"11848501076","railway":"","landuse":"","industrial":"","amenity":"loading_dock","freight":"","importance_rank":1,"importance":"local_connector"},"geometry":{"type":"Point","coordinates":[-0.6829526,52.0308095]}},{"type":"Feature","properties":{"id":"uk-osm-logistics-node-11848501077","name":"OSM logistics facility node/11848501077","hub_type":"truck_terminal","operator_classification":"other","source_operator":"","osm_type":"node","osm_id":"11848501077","railway":"","landuse":"","industrial":"","amenity":"loading_dock","freight":"","importance_rank":1,"importance":"local_connector"},"geometry":{"type":"Point","coordinates":[-0.6829587,52.0307708]}},{"type":"Feature","properties":{"id":"uk-osm-logistics-node-11848501078","name":"OSM logistics facility node/11848501078","hub_type":"truck_terminal","operator_classification":"other","source_operator":"","osm_type":"node","osm_id":"11848501078","railway":"","landuse":"","industrial":"","amenity":"loading_dock","freight":"","importance_rank":1,"importance":"local_connector"},"geometry":{"type":"Point","coordinates":[-0.6829642,52.0307362]}},{"type":"Feature","properties":{"id":"uk-osm-logistics-node-11848501079","name":"OSM logistics facility node/11848501079","hub_type":"truck_terminal","operator_classification":"other","source_operator":"","osm_type":"node","osm_id":"11848501079","railway":"","landuse":"","industrial":"","amenity":"loading_dock","freight":"","importance_rank":1,"importance":"local_connector"},"geometry":{"type":"Point","coordinates":[-0.6829696,52.0307021]}},{"type":"Feature","properties":{"id":"uk-osm-logistics-node-11848501080","name":"OSM logistics facility node/11848501080","hub_type":"truck_terminal","operator_classification":"other","source_operator":"","osm_type":"node","osm_id":"11848501080","railway":"","landuse":"","industrial":"","amenity":"loading_dock","freight":"","importance_rank":1,"importance":"local_connector"},"geometry":{"type":"Point","coordinates":[-0.6829758,52.0306631]}},{"type":"Feature","properties":{"id":"uk-osm-logistics-node-11848501081","name":"OSM logistics facility node/11848501081","hub_type":"truck_terminal","operator_classification":"other","source_operator":"","osm_type":"node","osm_id":"11848501081","railway":"","landuse":"","industrial":"","amenity":"loading_dock","freight":"","importance_rank":1,"importance":"local_connector"},"geometry":{"type":"Point","coordinates":[-0.6829822,52.0306221]}},{"type":"Feature","properties":{"id":"uk-osm-logistics-node-11848501082","name":"OSM logistics facility node/11848501082","hub_type":"truck_terminal","operator_classification":"other","source_operator":"","osm_type":"node","osm_id":"11848501082","railway":"","landuse":"","industrial":"","amenity":"loading_dock","freight":"","importance_rank":1,"importance":"local_connector"},"geometry":{"type":"Point","coordinates":[-0.682987,52.0305922]}},{"type":"Feature","properties":{"id":"uk-osm-logistics-node-11848501083","name":"OSM logistics facility node/11848501083","hub_type":"truck_terminal","operator_classification":"other","source_operator":"","osm_type":"node","osm_id":"11848501083","railway":"","landuse":"","industrial":"","amenity":"loading_dock","freight":"","importance_rank":1,"importance":"local_connector"},"geometry":{"type":"Point","coordinates":[-0.6829932,52.0305529]}},{"type":"Feature","properties":{"id":"uk-osm-logistics-node-11848501084","name":"OSM logistics facility node/11848501084","hub_type":"truck_terminal","operator_classification":"other","source_operator":"","osm_type":"node","osm_id":"11848501084","railway":"","landuse":"","industrial":"","amenity":"loading_dock","freight":"","importance_rank":1,"importance":"local_connector"},"geometry":{"type":"Point","coordinates":[-0.683,52.0305099]}},{"type":"Feature","properties":{"id":"uk-osm-logistics-node-11848501085","name":"OSM logistics facility node/11848501085","hub_type":"truck_terminal","operator_classification":"other","source_operator":"","osm_type":"node","osm_id":"11848501085","railway":"","landuse":"","industrial":"","amenity":"loading_dock","freight":"","importance_rank":1,"importance":"local_connector"},"geometry":{"type":"Point","coordinates":[-0.6830053,52.0304762]}},{"type":"Feature","properties":{"id":"uk-osm-logistics-node-11848501086","name":"OSM logistics facility node/11848501086","hub_type":"truck_terminal","operator_classification":"other","source_operator":"","osm_type":"node","osm_id":"11848501086","railway":"","landuse":"","industrial":"","amenity":"loading_dock","freight":"","importance_rank":1,"importance":"local_connector"},"geometry":{"type":"Point","coordinates":[-0.6830107,52.030442]}},{"type":"Feature","properties":{"id":"uk-osm-logistics-node-11848501095","name":"OSM logistics facility node/11848501095","hub_type":"truck_terminal","operator_classification":"other","source_operator":"","osm_type":"node","osm_id":"11848501095","railway":"","landuse":"","industrial":"","amenity":"loading_dock","freight":"","importance_rank":1,"importance":"local_connector"},"geometry":{"type":"Point","coordinates":[-0.6836355,52.0320754]}},{"type":"Feature","properties":{"id":"uk-osm-logistics-node-11882458767","name":"OSM logistics facility node/11882458767","hub_type":"truck_terminal","operator_classification":"other","source_operator":"","osm_type":"node","osm_id":"11882458767","railway":"","landuse":"","industrial":"","amenity":"loading_dock","freight":"","importance_rank":1,"importance":"local_connector"},"geometry":{"type":"Point","coordinates":[-2.3680401,51.3812045]}},{"type":"Feature","properties":{"id":"uk-osm-logistics-node-11882549391","name":"OSM logistics facility node/11882549391","hub_type":"truck_terminal","operator_classification":"other","source_operator":"","osm_type":"node","osm_id":"11882549391","railway":"","landuse":"","industrial":"","amenity":"loading_dock","freight":"","importance_rank":1,"importance":"local_connector"},"geometry":{"type":"Point","coordinates":[-2.1378968,51.4236755]}},{"type":"Feature","properties":{"id":"uk-osm-logistics-node-11882549392","name":"OSM logistics facility node/11882549392","hub_type":"truck_terminal","operator_classification":"other","source_operator":"","osm_type":"node","osm_id":"11882549392","railway":"","landuse":"","industrial":"","amenity":"loading_dock","freight":"","importance_rank":1,"importance":"local_connector"},"geometry":{"type":"Point","coordinates":[-2.1379727,51.4236699]}},{"type":"Feature","properties":{"id":"uk-osm-logistics-node-11882549393","name":"OSM logistics facility node/11882549393","hub_type":"truck_terminal","operator_classification":"other","source_operator":"","osm_type":"node","osm_id":"11882549393","railway":"","landuse":"","industrial":"","amenity":"loading_dock","freight":"","importance_rank":1,"importance":"local_connector"},"geometry":{"type":"Point","coordinates":[-2.1378326,51.4236802]}},{"type":"Feature","properties":{"id":"uk-osm-logistics-node-11882549408","name":"OSM logistics facility node/11882549408","hub_type":"truck_terminal","operator_classification":"other","source_operator":"","osm_type":"node","osm_id":"11882549408","railway":"","landuse":"","industrial":"","amenity":"loading_dock","freight":"","importance_rank":1,"importance":"local_connector"},"geometry":{"type":"Point","coordinates":[-2.1389885,51.4258835]}},{"type":"Feature","properties":{"id":"uk-osm-logistics-node-11930373071","name":"OSM logistics facility node/11930373071","hub_type":"truck_terminal","operator_classification":"other","source_operator":"","osm_type":"node","osm_id":"11930373071","railway":"","landuse":"","industrial":"","amenity":"loading_dock","freight":"","importance_rank":1,"importance":"local_connector"},"geometry":{"type":"Point","coordinates":[-3.2353929,54.1098155]}},{"type":"Feature","properties":{"id":"uk-osm-logistics-node-11930373072","name":"OSM logistics facility node/11930373072","hub_type":"truck_terminal","operator_classification":"other","source_operator":"","osm_type":"node","osm_id":"11930373072","railway":"","landuse":"","industrial":"","amenity":"loading_dock","freight":"","importance_rank":1,"importance":"local_connector"},"geometry":{"type":"Point","coordinates":[-3.2354264,54.1097629]}},{"type":"Feature","properties":{"id":"uk-osm-logistics-node-11944825643","name":"OSM logistics facility node/11944825643","hub_type":"truck_terminal","operator_classification":"other","source_operator":"","osm_type":"node","osm_id":"11944825643","railway":"","landuse":"","industrial":"","amenity":"loading_dock","freight":"","importance_rank":1,"importance":"local_connector"},"geometry":{"type":"Point","coordinates":[-1.1379558,52.0255183]}},{"type":"Feature","properties":{"id":"uk-osm-logistics-node-11944825644","name":"OSM logistics facility node/11944825644","hub_type":"truck_terminal","operator_classification":"other","source_operator":"","osm_type":"node","osm_id":"11944825644","railway":"","landuse":"","industrial":"","amenity":"loading_dock","freight":"","importance_rank":1,"importance":"local_connector"},"geometry":{"type":"Point","coordinates":[-1.1379793,52.0254846]}},{"type":"Feature","properties":{"id":"uk-osm-logistics-node-11944825645","name":"OSM logistics facility node/11944825645","hub_type":"truck_terminal","operator_classification":"other","source_operator":"","osm_type":"node","osm_id":"11944825645","railway":"","landuse":"","industrial":"","amenity":"loading_dock","freight":"","importance_rank":1,"importance":"local_connector"},"geometry":{"type":"Point","coordinates":[-1.1380069,52.025445]}},{"type":"Feature","properties":{"id":"uk-osm-logistics-node-11986168837","name":"OSM logistics facility node/11986168837","hub_type":"truck_terminal","operator_classification":"other","source_operator":"","osm_type":"node","osm_id":"11986168837","railway":"","landuse":"","industrial":"","amenity":"loading_dock","freight":"","importance_rank":1,"importance":"local_connector"},"geometry":{"type":"Point","coordinates":[-1.2902803,53.2309238]}},{"type":"Feature","properties":{"id":"uk-osm-logistics-node-11989192508","name":"OSM logistics facility node/11989192508","hub_type":"truck_terminal","operator_classification":"other","source_operator":"","osm_type":"node","osm_id":"11989192508","railway":"","landuse":"","industrial":"","amenity":"loading_dock","freight":"","importance_rank":1,"importance":"local_connector"},"geometry":{"type":"Point","coordinates":[-0.2691216,51.4648898]}},{"type":"Feature","properties":{"id":"uk-osm-logistics-node-11991007032","name":"OSM logistics facility node/11991007032","hub_type":"truck_terminal","operator_classification":"other","source_operator":"","osm_type":"node","osm_id":"11991007032","railway":"","landuse":"","industrial":"","amenity":"loading_dock","freight":"","importance_rank":1,"importance":"local_connector"},"geometry":{"type":"Point","coordinates":[-1.3596198,53.0143717]}},{"type":"Feature","properties":{"id":"uk-osm-logistics-node-11997132604","name":"OSM logistics facility node/11997132604","hub_type":"truck_terminal","operator_classification":"other","source_operator":"","osm_type":"node","osm_id":"11997132604","railway":"","landuse":"","industrial":"","amenity":"loading_dock","freight":"","importance_rank":1,"importance":"local_connector"},"geometry":{"type":"Point","coordinates":[-1.1692884,52.9787364]}},{"type":"Feature","properties":{"id":"uk-osm-logistics-node-12005970136","name":"OSM logistics facility node/12005970136","hub_type":"truck_terminal","operator_classification":"other","source_operator":"","osm_type":"node","osm_id":"12005970136","railway":"","landuse":"","industrial":"","amenity":"loading_dock","freight":"","importance_rank":1,"importance":"local_connector"},"geometry":{"type":"Point","coordinates":[-1.4393063,52.9190656]}},{"type":"Feature","properties":{"id":"uk-osm-logistics-node-12023414531","name":"OSM logistics facility node/12023414531","hub_type":"truck_terminal","operator_classification":"other","source_operator":"","osm_type":"node","osm_id":"12023414531","railway":"","landuse":"","industrial":"","amenity":"loading_dock","freight":"","importance_rank":1,"importance":"local_connector"},"geometry":{"type":"Point","coordinates":[-1.139555,53.314122]}},{"type":"Feature","properties":{"id":"uk-osm-logistics-node-12043474013","name":"OSM logistics facility node/12043474013","hub_type":"truck_terminal","operator_classification":"other","source_operator":"","osm_type":"node","osm_id":"12043474013","railway":"","landuse":"","industrial":"","amenity":"loading_dock","freight":"","importance_rank":1,"importance":"local_connector"},"geometry":{"type":"Point","coordinates":[-2.8013303,54.0473263]}},{"type":"Feature","properties":{"id":"uk-osm-logistics-node-12043474018","name":"OSM logistics facility node/12043474018","hub_type":"truck_terminal","operator_classification":"other","source_operator":"","osm_type":"node","osm_id":"12043474018","railway":"","landuse":"","industrial":"","amenity":"loading_dock","freight":"","importance_rank":1,"importance":"local_connector"},"geometry":{"type":"Point","coordinates":[-2.8013254,54.047242]}},{"type":"Feature","properties":{"id":"uk-osm-logistics-node-12046246044","name":"OSM logistics facility node/12046246044","hub_type":"truck_terminal","operator_classification":"other","source_operator":"","osm_type":"node","osm_id":"12046246044","railway":"","landuse":"","industrial":"","amenity":"loading_dock","freight":"","importance_rank":1,"importance":"local_connector"},"geometry":{"type":"Point","coordinates":[-1.4868559,52.9208656]}},{"type":"Feature","properties":{"id":"uk-osm-logistics-node-12063832202","name":"OSM logistics facility node/12063832202","hub_type":"truck_terminal","operator_classification":"other","source_operator":"","osm_type":"node","osm_id":"12063832202","railway":"","landuse":"","industrial":"","amenity":"loading_dock","freight":"","importance_rank":1,"importance":"local_connector"},"geometry":{"type":"Point","coordinates":[-3.4983847,53.2732116]}},{"type":"Feature","properties":{"id":"uk-osm-logistics-node-12063832203","name":"OSM logistics facility node/12063832203","hub_type":"truck_terminal","operator_classification":"other","source_operator":"","osm_type":"node","osm_id":"12063832203","railway":"","landuse":"","industrial":"","amenity":"loading_dock","freight":"","importance_rank":1,"importance":"local_connector"},"geometry":{"type":"Point","coordinates":[-3.4978418,53.2733039]}},{"type":"Feature","properties":{"id":"uk-osm-logistics-node-12082832139","name":"OSM logistics facility node/12082832139","hub_type":"truck_terminal","operator_classification":"other","source_operator":"","osm_type":"node","osm_id":"12082832139","railway":"","landuse":"","industrial":"","amenity":"loading_dock","freight":"","importance_rank":1,"importance":"local_connector"},"geometry":{"type":"Point","coordinates":[-1.5461044,52.2784341]}},{"type":"Feature","properties":{"id":"uk-osm-logistics-node-12094761996","name":"OSM logistics facility node/12094761996","hub_type":"truck_terminal","operator_classification":"other","source_operator":"","osm_type":"node","osm_id":"12094761996","railway":"","landuse":"","industrial":"","amenity":"loading_dock","freight":"","importance_rank":1,"importance":"local_connector"},"geometry":{"type":"Point","coordinates":[-0.5753496,51.4487528]}},{"type":"Feature","properties":{"id":"uk-osm-logistics-node-12094801673","name":"OSM logistics facility node/12094801673","hub_type":"truck_terminal","operator_classification":"other","source_operator":"","osm_type":"node","osm_id":"12094801673","railway":"","landuse":"","industrial":"","amenity":"loading_dock","freight":"","importance_rank":1,"importance":"local_connector"},"geometry":{"type":"Point","coordinates":[-0.0118883,51.541362]}},{"type":"Feature","properties":{"id":"uk-osm-logistics-node-12094801677","name":"OSM logistics facility node/12094801677","hub_type":"truck_terminal","operator_classification":"other","source_operator":"","osm_type":"node","osm_id":"12094801677","railway":"","landuse":"","industrial":"","amenity":"loading_dock","freight":"","importance_rank":1,"importance":"local_connector"},"geometry":{"type":"Point","coordinates":[-0.0124434,51.5416365]}},{"type":"Feature","properties":{"id":"uk-osm-logistics-node-12098638615","name":"OSM logistics facility node/12098638615","hub_type":"truck_terminal","operator_classification":"other","source_operator":"","osm_type":"node","osm_id":"12098638615","railway":"","landuse":"","industrial":"","amenity":"loading_dock","freight":"","importance_rank":1,"importance":"local_connector"},"geometry":{"type":"Point","coordinates":[-2.1561045,52.2023423]}},{"type":"Feature","properties":{"id":"uk-osm-logistics-node-12098638616","name":"OSM logistics facility node/12098638616","hub_type":"truck_terminal","operator_classification":"other","source_operator":"","osm_type":"node","osm_id":"12098638616","railway":"","landuse":"","industrial":"","amenity":"loading_dock","freight":"","importance_rank":1,"importance":"local_connector"},"geometry":{"type":"Point","coordinates":[-2.1557776,52.202191]}},{"type":"Feature","properties":{"id":"uk-osm-logistics-node-12098638617","name":"OSM logistics facility node/12098638617","hub_type":"truck_terminal","operator_classification":"other","source_operator":"","osm_type":"node","osm_id":"12098638617","railway":"","landuse":"","industrial":"","amenity":"loading_dock","freight":"","importance_rank":1,"importance":"local_connector"},"geometry":{"type":"Point","coordinates":[-2.1547657,52.2032325]}},{"type":"Feature","properties":{"id":"uk-osm-logistics-node-12098638618","name":"OSM logistics facility node/12098638618","hub_type":"truck_terminal","operator_classification":"other","source_operator":"","osm_type":"node","osm_id":"12098638618","railway":"","landuse":"","industrial":"","amenity":"loading_dock","freight":"","importance_rank":1,"importance":"local_connector"},"geometry":{"type":"Point","coordinates":[-2.1554065,52.2035367]}},{"type":"Feature","properties":{"id":"uk-osm-logistics-node-12098638619","name":"OSM logistics facility node/12098638619","hub_type":"truck_terminal","operator_classification":"other","source_operator":"","osm_type":"node","osm_id":"12098638619","railway":"","landuse":"","industrial":"","amenity":"loading_dock","freight":"","importance_rank":1,"importance":"local_connector"},"geometry":{"type":"Point","coordinates":[-2.1555504,52.2036046]}},{"type":"Feature","properties":{"id":"uk-osm-logistics-node-12098638620","name":"OSM logistics facility node/12098638620","hub_type":"truck_terminal","operator_classification":"other","source_operator":"","osm_type":"node","osm_id":"12098638620","railway":"","landuse":"","industrial":"","amenity":"loading_dock","freight":"","importance_rank":1,"importance":"local_connector"},"geometry":{"type":"Point","coordinates":[-2.1567347,52.2014334]}},{"type":"Feature","properties":{"id":"uk-osm-logistics-node-12098638632","name":"OSM logistics facility node/12098638632","hub_type":"truck_terminal","operator_classification":"other","source_operator":"","osm_type":"node","osm_id":"12098638632","railway":"","landuse":"","industrial":"","amenity":"loading_dock","freight":"","importance_rank":1,"importance":"local_connector"},"geometry":{"type":"Point","coordinates":[-2.1591803,52.2029011]}},{"type":"Feature","properties":{"id":"uk-osm-logistics-node-12098638647","name":"OSM logistics facility node/12098638647","hub_type":"truck_terminal","operator_classification":"other","source_operator":"","osm_type":"node","osm_id":"12098638647","railway":"","landuse":"","industrial":"","amenity":"loading_dock","freight":"","importance_rank":1,"importance":"local_connector"},"geometry":{"type":"Point","coordinates":[-2.1583811,52.2048618]}},{"type":"Feature","properties":{"id":"uk-osm-logistics-node-12098638648","name":"OSM logistics facility node/12098638648","hub_type":"truck_terminal","operator_classification":"other","source_operator":"","osm_type":"node","osm_id":"12098638648","railway":"","landuse":"","industrial":"","amenity":"loading_dock","freight":"","importance_rank":1,"importance":"local_connector"},"geometry":{"type":"Point","coordinates":[-2.1585914,52.2049037]}},{"type":"Feature","properties":{"id":"uk-osm-logistics-node-12098638649","name":"OSM logistics facility node/12098638649","hub_type":"truck_terminal","operator_classification":"other","source_operator":"","osm_type":"node","osm_id":"12098638649","railway":"","landuse":"","industrial":"","amenity":"loading_dock","freight":"","importance_rank":1,"importance":"local_connector"},"geometry":{"type":"Point","coordinates":[-2.1588647,52.2049581]}},{"type":"Feature","properties":{"id":"uk-osm-logistics-node-12098638663","name":"OSM logistics facility node/12098638663","hub_type":"truck_terminal","operator_classification":"other","source_operator":"","osm_type":"node","osm_id":"12098638663","railway":"","landuse":"","industrial":"","amenity":"loading_dock","freight":"","importance_rank":1,"importance":"local_connector"},"geometry":{"type":"Point","coordinates":[-2.1564812,52.2073482]}},{"type":"Feature","properties":{"id":"uk-osm-logistics-node-12098960912","name":"OSM logistics facility node/12098960912","hub_type":"truck_terminal","operator_classification":"other","source_operator":"","osm_type":"node","osm_id":"12098960912","railway":"","landuse":"","industrial":"","amenity":"loading_dock","freight":"","importance_rank":1,"importance":"local_connector"},"geometry":{"type":"Point","coordinates":[-0.687569,52.0320369]}},{"type":"Feature","properties":{"id":"uk-osm-logistics-node-12098960913","name":"OSM logistics facility node/12098960913","hub_type":"truck_terminal","operator_classification":"other","source_operator":"","osm_type":"node","osm_id":"12098960913","railway":"","landuse":"","industrial":"","amenity":"loading_dock","freight":"","importance_rank":1,"importance":"local_connector"},"geometry":{"type":"Point","coordinates":[-0.6861854,52.0317518]}},{"type":"Feature","properties":{"id":"uk-osm-logistics-node-12098960914","name":"OSM logistics facility node/12098960914","hub_type":"truck_terminal","operator_classification":"other","source_operator":"","osm_type":"node","osm_id":"12098960914","railway":"","landuse":"","industrial":"","amenity":"loading_dock","freight":"","importance_rank":1,"importance":"local_connector"},"geometry":{"type":"Point","coordinates":[-0.6877321,52.0310169]}},{"type":"Feature","properties":{"id":"uk-osm-logistics-node-12098960915","name":"OSM logistics facility node/12098960915","hub_type":"truck_terminal","operator_classification":"other","source_operator":"","osm_type":"node","osm_id":"12098960915","railway":"","landuse":"","industrial":"","amenity":"loading_dock","freight":"","importance_rank":1,"importance":"local_connector"},"geometry":{"type":"Point","coordinates":[-0.6863296,52.0309418]}},{"type":"Feature","properties":{"id":"uk-osm-logistics-node-12099705711","name":"OSM logistics facility node/12099705711","hub_type":"truck_terminal","operator_classification":"other","source_operator":"","osm_type":"node","osm_id":"12099705711","railway":"","landuse":"","industrial":"","amenity":"loading_dock","freight":"","importance_rank":1,"importance":"local_connector"},"geometry":{"type":"Point","coordinates":[-0.7702105,51.4130873]}},{"type":"Feature","properties":{"id":"uk-osm-logistics-node-12099705712","name":"OSM logistics facility node/12099705712","hub_type":"truck_terminal","operator_classification":"other","source_operator":"","osm_type":"node","osm_id":"12099705712","railway":"","landuse":"","industrial":"","amenity":"loading_dock","freight":"","importance_rank":1,"importance":"local_connector"},"geometry":{"type":"Point","coordinates":[-0.7701494,51.4126574]}},{"type":"Feature","properties":{"id":"uk-osm-logistics-node-12099705713","name":"OSM logistics facility node/12099705713","hub_type":"truck_terminal","operator_classification":"other","source_operator":"","osm_type":"node","osm_id":"12099705713","railway":"","landuse":"","industrial":"","amenity":"loading_dock","freight":"","importance_rank":1,"importance":"local_connector"},"geometry":{"type":"Point","coordinates":[-0.7708095,51.4126247]}},{"type":"Feature","properties":{"id":"uk-osm-logistics-node-12099705714","name":"OSM logistics facility node/12099705714","hub_type":"truck_terminal","operator_classification":"other","source_operator":"","osm_type":"node","osm_id":"12099705714","railway":"","landuse":"","industrial":"","amenity":"loading_dock","freight":"","importance_rank":1,"importance":"local_connector"},"geometry":{"type":"Point","coordinates":[-0.7708699,51.4130492]}},{"type":"Feature","properties":{"id":"uk-osm-logistics-node-12099705715","name":"OSM logistics facility node/12099705715","hub_type":"truck_terminal","operator_classification":"other","source_operator":"","osm_type":"node","osm_id":"12099705715","railway":"","landuse":"","industrial":"","amenity":"loading_dock","freight":"","importance_rank":1,"importance":"local_connector"},"geometry":{"type":"Point","coordinates":[-0.7729577,51.4126318]}},{"type":"Feature","properties":{"id":"uk-osm-logistics-node-12111564272","name":"OSM logistics facility node/12111564272","hub_type":"truck_terminal","operator_classification":"other","source_operator":"","osm_type":"node","osm_id":"12111564272","railway":"","landuse":"","industrial":"","amenity":"loading_dock","freight":"","importance_rank":1,"importance":"local_connector"},"geometry":{"type":"Point","coordinates":[-2.9079218,54.8767597]}},{"type":"Feature","properties":{"id":"uk-osm-logistics-node-12122440831","name":"OSM logistics facility node/12122440831","hub_type":"truck_terminal","operator_classification":"other","source_operator":"","osm_type":"node","osm_id":"12122440831","railway":"","landuse":"","industrial":"","amenity":"loading_dock","freight":"","importance_rank":1,"importance":"local_connector"},"geometry":{"type":"Point","coordinates":[-1.548155,52.2774679]}},{"type":"Feature","properties":{"id":"uk-osm-logistics-node-12122440841","name":"OSM logistics facility node/12122440841","hub_type":"truck_terminal","operator_classification":"other","source_operator":"","osm_type":"node","osm_id":"12122440841","railway":"","landuse":"","industrial":"","amenity":"loading_dock","freight":"","importance_rank":1,"importance":"local_connector"},"geometry":{"type":"Point","coordinates":[-1.548155,52.2774679]}},{"type":"Feature","properties":{"id":"uk-osm-logistics-node-12123825419","name":"OSM logistics facility node/12123825419","hub_type":"truck_terminal","operator_classification":"other","source_operator":"","osm_type":"node","osm_id":"12123825419","railway":"","landuse":"","industrial":"","amenity":"loading_dock","freight":"","importance_rank":1,"importance":"local_connector"},"geometry":{"type":"Point","coordinates":[-0.1641377,51.5531738]}},{"type":"Feature","properties":{"id":"uk-osm-logistics-node-12150327499","name":"OSM logistics facility node/12150327499","hub_type":"truck_terminal","operator_classification":"other","source_operator":"","osm_type":"node","osm_id":"12150327499","railway":"","landuse":"","industrial":"","amenity":"loading_dock","freight":"","importance_rank":1,"importance":"local_connector"},"geometry":{"type":"Point","coordinates":[0.1325082,51.7932967]}},{"type":"Feature","properties":{"id":"uk-osm-logistics-node-12162087853","name":"OSM logistics facility node/12162087853","hub_type":"truck_terminal","operator_classification":"other","source_operator":"","osm_type":"node","osm_id":"12162087853","railway":"","landuse":"","industrial":"","amenity":"loading_dock","freight":"","importance_rank":1,"importance":"local_connector"},"geometry":{"type":"Point","coordinates":[-0.1350329,52.7975531]}},{"type":"Feature","properties":{"id":"uk-osm-logistics-node-12162487759","name":"OSM logistics facility node/12162487759","hub_type":"truck_terminal","operator_classification":"other","source_operator":"","osm_type":"node","osm_id":"12162487759","railway":"","landuse":"","industrial":"","amenity":"loading_dock","freight":"","importance_rank":1,"importance":"local_connector"},"geometry":{"type":"Point","coordinates":[-4.2310849,57.4732236]}},{"type":"Feature","properties":{"id":"uk-osm-logistics-node-12162487761","name":"OSM logistics facility node/12162487761","hub_type":"truck_terminal","operator_classification":"other","source_operator":"","osm_type":"node","osm_id":"12162487761","railway":"","landuse":"","industrial":"","amenity":"loading_dock","freight":"","importance_rank":1,"importance":"local_connector"},"geometry":{"type":"Point","coordinates":[-4.231394,57.4729863]}},{"type":"Feature","properties":{"id":"uk-osm-logistics-node-12189837560","name":"OSM logistics facility node/12189837560","hub_type":"truck_terminal","operator_classification":"other","source_operator":"","osm_type":"node","osm_id":"12189837560","railway":"","landuse":"","industrial":"","amenity":"loading_dock","freight":"","importance_rank":1,"importance":"local_connector"},"geometry":{"type":"Point","coordinates":[-4.2097777,57.4872802]}},{"type":"Feature","properties":{"id":"uk-osm-logistics-node-12189837563","name":"OSM logistics facility node/12189837563","hub_type":"truck_terminal","operator_classification":"other","source_operator":"","osm_type":"node","osm_id":"12189837563","railway":"","landuse":"","industrial":"","amenity":"loading_dock","freight":"","importance_rank":1,"importance":"local_connector"},"geometry":{"type":"Point","coordinates":[-4.2107397,57.4870129]}},{"type":"Feature","properties":{"id":"uk-osm-logistics-node-12189837564","name":"OSM logistics facility node/12189837564","hub_type":"truck_terminal","operator_classification":"other","source_operator":"","osm_type":"node","osm_id":"12189837564","railway":"","landuse":"","industrial":"","amenity":"loading_dock","freight":"","importance_rank":1,"importance":"local_connector"},"geometry":{"type":"Point","coordinates":[-4.2107861,57.4870403]}},{"type":"Feature","properties":{"id":"uk-osm-logistics-node-12191842017","name":"OSM logistics facility node/12191842017","hub_type":"truck_terminal","operator_classification":"other","source_operator":"","osm_type":"node","osm_id":"12191842017","railway":"","landuse":"","industrial":"","amenity":"loading_dock","freight":"","importance_rank":1,"importance":"local_connector"},"geometry":{"type":"Point","coordinates":[-4.3399989,55.8232902]}},{"type":"Feature","properties":{"id":"uk-osm-logistics-node-12191842018","name":"OSM logistics facility node/12191842018","hub_type":"truck_terminal","operator_classification":"other","source_operator":"","osm_type":"node","osm_id":"12191842018","railway":"","landuse":"","industrial":"","amenity":"loading_dock","freight":"","importance_rank":1,"importance":"local_connector"},"geometry":{"type":"Point","coordinates":[-4.3400259,55.8232552]}},{"type":"Feature","properties":{"id":"uk-osm-logistics-node-12191842019","name":"OSM logistics facility node/12191842019","hub_type":"truck_terminal","operator_classification":"other","source_operator":"","osm_type":"node","osm_id":"12191842019","railway":"","landuse":"","industrial":"","amenity":"loading_dock","freight":"","importance_rank":1,"importance":"local_connector"},"geometry":{"type":"Point","coordinates":[-4.3408422,55.8233797]}},{"type":"Feature","properties":{"id":"uk-osm-logistics-node-12207675244","name":"OSM logistics facility node/12207675244","hub_type":"truck_terminal","operator_classification":"other","source_operator":"","osm_type":"node","osm_id":"12207675244","railway":"","landuse":"","industrial":"","amenity":"loading_dock","freight":"","importance_rank":1,"importance":"local_connector"},"geometry":{"type":"Point","coordinates":[-1.1042372,53.4813439]}},{"type":"Feature","properties":{"id":"uk-osm-logistics-node-12230088939","name":"OSM logistics facility node/12230088939","hub_type":"truck_terminal","operator_classification":"other","source_operator":"","osm_type":"node","osm_id":"12230088939","railway":"","landuse":"","industrial":"","amenity":"loading_dock","freight":"","importance_rank":1,"importance":"local_connector"},"geometry":{"type":"Point","coordinates":[-1.3210975,50.89413]}},{"type":"Feature","properties":{"id":"uk-osm-logistics-node-12385433429","name":"OSM logistics facility node/12385433429","hub_type":"truck_terminal","operator_classification":"other","source_operator":"","osm_type":"node","osm_id":"12385433429","railway":"","landuse":"","industrial":"","amenity":"loading_dock","freight":"","importance_rank":1,"importance":"local_connector"},"geometry":{"type":"Point","coordinates":[-0.7716736,51.4103623]}},{"type":"Feature","properties":{"id":"uk-osm-logistics-node-12385433430","name":"OSM logistics facility node/12385433430","hub_type":"truck_terminal","operator_classification":"other","source_operator":"","osm_type":"node","osm_id":"12385433430","railway":"","landuse":"","industrial":"","amenity":"loading_dock","freight":"","importance_rank":1,"importance":"local_connector"},"geometry":{"type":"Point","coordinates":[-0.7716285,51.4107314]}},{"type":"Feature","properties":{"id":"uk-osm-logistics-node-12385433431","name":"OSM logistics facility node/12385433431","hub_type":"truck_terminal","operator_classification":"other","source_operator":"","osm_type":"node","osm_id":"12385433431","railway":"","landuse":"","industrial":"","amenity":"loading_dock","freight":"","importance_rank":1,"importance":"local_connector"},"geometry":{"type":"Point","coordinates":[-0.7716196,51.4108037]}},{"type":"Feature","properties":{"id":"uk-osm-logistics-node-12385433432","name":"OSM logistics facility node/12385433432","hub_type":"truck_terminal","operator_classification":"other","source_operator":"","osm_type":"node","osm_id":"12385433432","railway":"","landuse":"","industrial":"","amenity":"loading_dock","freight":"","importance_rank":1,"importance":"local_connector"},"geometry":{"type":"Point","coordinates":[-0.7715948,51.4110065]}},{"type":"Feature","properties":{"id":"uk-osm-logistics-node-12385433433","name":"OSM logistics facility node/12385433433","hub_type":"truck_terminal","operator_classification":"other","source_operator":"","osm_type":"node","osm_id":"12385433433","railway":"","landuse":"","industrial":"","amenity":"loading_dock","freight":"","importance_rank":1,"importance":"local_connector"},"geometry":{"type":"Point","coordinates":[-0.7715827,51.411106]}},{"type":"Feature","properties":{"id":"uk-osm-logistics-node-12385433434","name":"OSM logistics facility node/12385433434","hub_type":"truck_terminal","operator_classification":"other","source_operator":"","osm_type":"node","osm_id":"12385433434","railway":"","landuse":"","industrial":"","amenity":"loading_dock","freight":"","importance_rank":1,"importance":"local_connector"},"geometry":{"type":"Point","coordinates":[-0.7711094,51.4115046]}},{"type":"Feature","properties":{"id":"uk-osm-logistics-node-12385433441","name":"OSM logistics facility node/12385433441","hub_type":"truck_terminal","operator_classification":"other","source_operator":"","osm_type":"node","osm_id":"12385433441","railway":"","landuse":"","industrial":"","amenity":"loading_dock","freight":"","importance_rank":1,"importance":"local_connector"},"geometry":{"type":"Point","coordinates":[-0.7720997,51.4113797]}},{"type":"Feature","properties":{"id":"uk-osm-logistics-node-12385433442","name":"OSM logistics facility node/12385433442","hub_type":"truck_terminal","operator_classification":"other","source_operator":"","osm_type":"node","osm_id":"12385433442","railway":"","landuse":"","industrial":"","amenity":"loading_dock","freight":"","importance_rank":1,"importance":"local_connector"},"geometry":{"type":"Point","coordinates":[-0.7735939,51.4114465]}},{"type":"Feature","properties":{"id":"uk-osm-logistics-node-12388787178","name":"OSM logistics facility node/12388787178","hub_type":"truck_terminal","operator_classification":"other","source_operator":"","osm_type":"node","osm_id":"12388787178","railway":"","landuse":"","industrial":"","amenity":"loading_dock","freight":"","importance_rank":1,"importance":"local_connector"},"geometry":{"type":"Point","coordinates":[-0.7715664,51.4096668]}},{"type":"Feature","properties":{"id":"uk-osm-logistics-node-12388787179","name":"OSM logistics facility node/12388787179","hub_type":"truck_terminal","operator_classification":"other","source_operator":"","osm_type":"node","osm_id":"12388787179","railway":"","landuse":"","industrial":"","amenity":"loading_dock","freight":"","importance_rank":1,"importance":"local_connector"},"geometry":{"type":"Point","coordinates":[-0.7716585,51.4088782]}},{"type":"Feature","properties":{"id":"uk-osm-logistics-node-12396879407","name":"OSM logistics facility node/12396879407","hub_type":"truck_terminal","operator_classification":"other","source_operator":"","osm_type":"node","osm_id":"12396879407","railway":"","landuse":"","industrial":"","amenity":"loading_dock","freight":"","importance_rank":1,"importance":"local_connector"},"geometry":{"type":"Point","coordinates":[-0.7675149,51.4112858]}},{"type":"Feature","properties":{"id":"uk-osm-logistics-node-12437647195","name":"OSM logistics facility node/12437647195","hub_type":"truck_terminal","operator_classification":"other","source_operator":"","osm_type":"node","osm_id":"12437647195","railway":"","landuse":"","industrial":"","amenity":"loading_dock","freight":"","importance_rank":1,"importance":"local_connector"},"geometry":{"type":"Point","coordinates":[-1.3139364,54.5672467]}},{"type":"Feature","properties":{"id":"uk-osm-logistics-node-12443855653","name":"OSM logistics facility node/12443855653","hub_type":"truck_terminal","operator_classification":"other","source_operator":"","osm_type":"node","osm_id":"12443855653","railway":"","landuse":"","industrial":"","amenity":"loading_dock","freight":"","importance_rank":1,"importance":"local_connector"},"geometry":{"type":"Point","coordinates":[-2.1796339,53.4629139]}},{"type":"Feature","properties":{"id":"uk-osm-logistics-node-12464076327","name":"OSM logistics facility node/12464076327","hub_type":"truck_terminal","operator_classification":"other","source_operator":"","osm_type":"node","osm_id":"12464076327","railway":"","landuse":"","industrial":"","amenity":"loading_dock","freight":"","importance_rank":1,"importance":"local_connector"},"geometry":{"type":"Point","coordinates":[-3.1996395,56.1355109]}},{"type":"Feature","properties":{"id":"uk-osm-logistics-node-12464076338","name":"OSM logistics facility node/12464076338","hub_type":"truck_terminal","operator_classification":"other","source_operator":"","osm_type":"node","osm_id":"12464076338","railway":"","landuse":"","industrial":"","amenity":"loading_dock","freight":"","importance_rank":1,"importance":"local_connector"},"geometry":{"type":"Point","coordinates":[-3.1969136,56.1343942]}},{"type":"Feature","properties":{"id":"uk-osm-logistics-node-12464076339","name":"OSM logistics facility node/12464076339","hub_type":"truck_terminal","operator_classification":"other","source_operator":"","osm_type":"node","osm_id":"12464076339","railway":"","landuse":"","industrial":"","amenity":"loading_dock","freight":"","importance_rank":1,"importance":"local_connector"},"geometry":{"type":"Point","coordinates":[-3.1969809,56.1343903]}},{"type":"Feature","properties":{"id":"uk-osm-logistics-node-12514442488","name":"OSM logistics facility node/12514442488","hub_type":"truck_terminal","operator_classification":"other","source_operator":"","osm_type":"node","osm_id":"12514442488","railway":"","landuse":"","industrial":"","amenity":"loading_dock","freight":"","importance_rank":1,"importance":"local_connector"},"geometry":{"type":"Point","coordinates":[-0.9692952,51.4523241]}},{"type":"Feature","properties":{"id":"uk-osm-logistics-node-12520454966","name":"OSM logistics facility node/12520454966","hub_type":"truck_terminal","operator_classification":"other","source_operator":"","osm_type":"node","osm_id":"12520454966","railway":"","landuse":"","industrial":"","amenity":"loading_dock","freight":"","importance_rank":1,"importance":"local_connector"},"geometry":{"type":"Point","coordinates":[-1.0627779,51.2844934]}},{"type":"Feature","properties":{"id":"uk-osm-logistics-node-12520454967","name":"OSM logistics facility node/12520454967","hub_type":"truck_terminal","operator_classification":"other","source_operator":"","osm_type":"node","osm_id":"12520454967","railway":"","landuse":"","industrial":"","amenity":"loading_dock","freight":"","importance_rank":1,"importance":"local_connector"},"geometry":{"type":"Point","coordinates":[-1.0627764,51.284526]}},{"type":"Feature","properties":{"id":"uk-osm-logistics-node-1253881447","name":"OSM logistics facility node/1253881447","hub_type":"truck_terminal","operator_classification":"other","source_operator":"","osm_type":"node","osm_id":"1253881447","railway":"","landuse":"","industrial":"","amenity":"loading_dock","freight":"","importance_rank":1,"importance":"local_connector"},"geometry":{"type":"Point","coordinates":[-1.2587546,51.6719249]}},{"type":"Feature","properties":{"id":"uk-osm-logistics-node-12560454001","name":"OSM logistics facility node/12560454001","hub_type":"truck_terminal","operator_classification":"other","source_operator":"","osm_type":"node","osm_id":"12560454001","railway":"","landuse":"","industrial":"","amenity":"loading_dock","freight":"","importance_rank":1,"importance":"local_connector"},"geometry":{"type":"Point","coordinates":[-4.276862,55.8530658]}},{"type":"Feature","properties":{"id":"uk-osm-logistics-node-12560454002","name":"OSM logistics facility node/12560454002","hub_type":"truck_terminal","operator_classification":"other","source_operator":"","osm_type":"node","osm_id":"12560454002","railway":"","landuse":"","industrial":"","amenity":"loading_dock","freight":"","importance_rank":1,"importance":"local_connector"},"geometry":{"type":"Point","coordinates":[-4.2769909,55.8530695]}},{"type":"Feature","properties":{"id":"uk-osm-logistics-node-12583260900","name":"OSM logistics facility node/12583260900","hub_type":"truck_terminal","operator_classification":"other","source_operator":"","osm_type":"node","osm_id":"12583260900","railway":"","landuse":"","industrial":"","amenity":"loading_dock","freight":"","importance_rank":1,"importance":"local_connector"},"geometry":{"type":"Point","coordinates":[-4.3715963,55.8734262]}},{"type":"Feature","properties":{"id":"uk-osm-logistics-node-12585142486","name":"OSM logistics facility node/12585142486","hub_type":"truck_terminal","operator_classification":"other","source_operator":"","osm_type":"node","osm_id":"12585142486","railway":"","landuse":"","industrial":"","amenity":"loading_dock","freight":"","importance_rank":1,"importance":"local_connector"},"geometry":{"type":"Point","coordinates":[0.2553826,52.0219525]}},{"type":"Feature","properties":{"id":"uk-osm-logistics-node-12585182595","name":"OSM logistics facility node/12585182595","hub_type":"truck_terminal","operator_classification":"other","source_operator":"","osm_type":"node","osm_id":"12585182595","railway":"","landuse":"","industrial":"","amenity":"loading_dock","freight":"","importance_rank":1,"importance":"local_connector"},"geometry":{"type":"Point","coordinates":[-0.0232808,51.6757564]}},{"type":"Feature","properties":{"id":"uk-osm-logistics-node-12585182596","name":"OSM logistics facility node/12585182596","hub_type":"truck_terminal","operator_classification":"other","source_operator":"","osm_type":"node","osm_id":"12585182596","railway":"","landuse":"","industrial":"","amenity":"loading_dock","freight":"","importance_rank":1,"importance":"local_connector"},"geometry":{"type":"Point","coordinates":[-0.0221283,51.6756984]}},{"type":"Feature","properties":{"id":"uk-osm-logistics-node-12619033485","name":"OSM logistics facility node/12619033485","hub_type":"truck_terminal","operator_classification":"other","source_operator":"","osm_type":"node","osm_id":"12619033485","railway":"","landuse":"","industrial":"","amenity":"loading_dock","freight":"","importance_rank":1,"importance":"local_connector"},"geometry":{"type":"Point","coordinates":[-2.8472921,54.0602781]}},{"type":"Feature","properties":{"id":"uk-osm-logistics-node-12626013179","name":"OSM logistics facility node/12626013179","hub_type":"truck_terminal","operator_classification":"other","source_operator":"","osm_type":"node","osm_id":"12626013179","railway":"","landuse":"","industrial":"","amenity":"loading_dock","freight":"","importance_rank":1,"importance":"local_connector"},"geometry":{"type":"Point","coordinates":[-1.5744702,53.7666207]}},{"type":"Feature","properties":{"id":"uk-osm-logistics-node-12626013180","name":"OSM logistics facility node/12626013180","hub_type":"truck_terminal","operator_classification":"other","source_operator":"","osm_type":"node","osm_id":"12626013180","railway":"","landuse":"","industrial":"","amenity":"loading_dock","freight":"","importance_rank":1,"importance":"local_connector"},"geometry":{"type":"Point","coordinates":[-1.5744275,53.7668138]}},{"type":"Feature","properties":{"id":"uk-osm-logistics-node-12626048648","name":"OSM logistics facility node/12626048648","hub_type":"truck_terminal","operator_classification":"other","source_operator":"","osm_type":"node","osm_id":"12626048648","railway":"","landuse":"","industrial":"","amenity":"loading_dock","freight":"","importance_rank":1,"importance":"local_connector"},"geometry":{"type":"Point","coordinates":[-0.1373351,51.5191001]}},{"type":"Feature","properties":{"id":"uk-osm-logistics-node-12643059951","name":"OSM logistics facility node/12643059951","hub_type":"truck_terminal","operator_classification":"other","source_operator":"","osm_type":"node","osm_id":"12643059951","railway":"","landuse":"","industrial":"","amenity":"loading_dock","freight":"","importance_rank":1,"importance":"local_connector"},"geometry":{"type":"Point","coordinates":[-2.760305,54.6614296]}},{"type":"Feature","properties":{"id":"uk-osm-logistics-node-12668650084","name":"OSM logistics facility node/12668650084","hub_type":"truck_terminal","operator_classification":"other","source_operator":"","osm_type":"node","osm_id":"12668650084","railway":"","landuse":"","industrial":"","amenity":"loading_dock","freight":"","importance_rank":1,"importance":"local_connector"},"geometry":{"type":"Point","coordinates":[-1.0626958,51.442736]}},{"type":"Feature","properties":{"id":"uk-osm-logistics-node-12684251205","name":"OSM logistics facility node/12684251205","hub_type":"truck_terminal","operator_classification":"other","source_operator":"","osm_type":"node","osm_id":"12684251205","railway":"","landuse":"","industrial":"","amenity":"loading_dock","freight":"","importance_rank":1,"importance":"local_connector"},"geometry":{"type":"Point","coordinates":[0.26237,51.4820515]}},{"type":"Feature","properties":{"id":"uk-osm-logistics-node-12684251206","name":"OSM logistics facility node/12684251206","hub_type":"truck_terminal","operator_classification":"other","source_operator":"","osm_type":"node","osm_id":"12684251206","railway":"","landuse":"","industrial":"","amenity":"loading_dock","freight":"","importance_rank":1,"importance":"local_connector"},"geometry":{"type":"Point","coordinates":[0.2624314,51.4820435]}},{"type":"Feature","properties":{"id":"uk-osm-logistics-node-12684251207","name":"OSM logistics facility node/12684251207","hub_type":"truck_terminal","operator_classification":"other","source_operator":"","osm_type":"node","osm_id":"12684251207","railway":"","landuse":"","industrial":"","amenity":"loading_dock","freight":"","importance_rank":1,"importance":"local_connector"},"geometry":{"type":"Point","coordinates":[0.2622891,51.482061]}},{"type":"Feature","properties":{"id":"uk-osm-logistics-node-12697668729","name":"OSM logistics facility node/12697668729","hub_type":"truck_terminal","operator_classification":"other","source_operator":"","osm_type":"node","osm_id":"12697668729","railway":"","landuse":"","industrial":"","amenity":"loading_dock","freight":"","importance_rank":1,"importance":"local_connector"},"geometry":{"type":"Point","coordinates":[-4.2686926,55.8612261]}},{"type":"Feature","properties":{"id":"uk-osm-logistics-node-12697668730","name":"OSM logistics facility node/12697668730","hub_type":"truck_terminal","operator_classification":"other","source_operator":"","osm_type":"node","osm_id":"12697668730","railway":"","landuse":"","industrial":"","amenity":"loading_dock","freight":"","importance_rank":1,"importance":"local_connector"},"geometry":{"type":"Point","coordinates":[-4.2688315,55.8611743]}},{"type":"Feature","properties":{"id":"uk-osm-logistics-node-12750641306","name":"OSM logistics facility node/12750641306","hub_type":"truck_terminal","operator_classification":"other","source_operator":"","osm_type":"node","osm_id":"12750641306","railway":"","landuse":"","industrial":"","amenity":"loading_dock","freight":"","importance_rank":1,"importance":"local_connector"},"geometry":{"type":"Point","coordinates":[-1.2557501,51.4025008]}},{"type":"Feature","properties":{"id":"uk-osm-logistics-node-12806348228","name":"OSM logistics facility node/12806348228","hub_type":"truck_terminal","operator_classification":"other","source_operator":"","osm_type":"node","osm_id":"12806348228","railway":"","landuse":"","industrial":"","amenity":"loading_dock","freight":"","importance_rank":1,"importance":"local_connector"},"geometry":{"type":"Point","coordinates":[-1.0187467,51.4654796]}},{"type":"Feature","properties":{"id":"uk-osm-logistics-node-12834945105","name":"OSM logistics facility node/12834945105","hub_type":"truck_terminal","operator_classification":"other","source_operator":"","osm_type":"node","osm_id":"12834945105","railway":"","landuse":"","industrial":"","amenity":"loading_dock","freight":"","importance_rank":1,"importance":"local_connector"},"geometry":{"type":"Point","coordinates":[-2.8319465,54.0587576]}},{"type":"Feature","properties":{"id":"uk-osm-logistics-node-12945082006","name":"OSM logistics facility node/12945082006","hub_type":"truck_terminal","operator_classification":"other","source_operator":"","osm_type":"node","osm_id":"12945082006","railway":"","landuse":"","industrial":"","amenity":"loading_dock","freight":"","importance_rank":1,"importance":"local_connector"},"geometry":{"type":"Point","coordinates":[-4.3411688,55.8187605]}},{"type":"Feature","properties":{"id":"uk-osm-logistics-node-12945082007","name":"OSM logistics facility node/12945082007","hub_type":"truck_terminal","operator_classification":"other","source_operator":"","osm_type":"node","osm_id":"12945082007","railway":"","landuse":"","industrial":"","amenity":"loading_dock","freight":"","importance_rank":1,"importance":"local_connector"},"geometry":{"type":"Point","coordinates":[-4.3411251,55.8187331]}},{"type":"Feature","properties":{"id":"uk-osm-logistics-node-12949860957","name":"OSM logistics facility node/12949860957","hub_type":"truck_terminal","operator_classification":"other","source_operator":"","osm_type":"node","osm_id":"12949860957","railway":"","landuse":"","industrial":"","amenity":"loading_dock","freight":"","importance_rank":1,"importance":"local_connector"},"geometry":{"type":"Point","coordinates":[-3.3461273,51.6010613]}},{"type":"Feature","properties":{"id":"uk-osm-logistics-node-12969493565","name":"OSM logistics facility node/12969493565","hub_type":"truck_terminal","operator_classification":"other","source_operator":"","osm_type":"node","osm_id":"12969493565","railway":"","landuse":"","industrial":"","amenity":"loading_dock","freight":"","importance_rank":1,"importance":"local_connector"},"geometry":{"type":"Point","coordinates":[-3.4176237,51.6147219]}},{"type":"Feature","properties":{"id":"uk-osm-logistics-node-12977445440","name":"OSM logistics facility node/12977445440","hub_type":"truck_terminal","operator_classification":"other","source_operator":"","osm_type":"node","osm_id":"12977445440","railway":"","landuse":"","industrial":"","amenity":"loading_dock","freight":"","importance_rank":1,"importance":"local_connector"},"geometry":{"type":"Point","coordinates":[-2.1451403,51.4627534]}},{"type":"Feature","properties":{"id":"uk-osm-logistics-node-12977445441","name":"OSM logistics facility node/12977445441","hub_type":"truck_terminal","operator_classification":"other","source_operator":"","osm_type":"node","osm_id":"12977445441","railway":"","landuse":"","industrial":"","amenity":"loading_dock","freight":"","importance_rank":1,"importance":"local_connector"},"geometry":{"type":"Point","coordinates":[-2.1451599,51.4627244]}},{"type":"Feature","properties":{"id":"uk-osm-logistics-node-12988395832","name":"OSM logistics facility node/12988395832","hub_type":"truck_terminal","operator_classification":"other","source_operator":"","osm_type":"node","osm_id":"12988395832","railway":"","landuse":"","industrial":"","amenity":"loading_dock","freight":"","importance_rank":1,"importance":"local_connector"},"geometry":{"type":"Point","coordinates":[-0.7021006,52.4860946]}},{"type":"Feature","properties":{"id":"uk-osm-logistics-node-12993355496","name":"OSM logistics facility node/12993355496","hub_type":"truck_terminal","operator_classification":"other","source_operator":"","osm_type":"node","osm_id":"12993355496","railway":"","landuse":"","industrial":"","amenity":"loading_dock","freight":"","importance_rank":1,"importance":"local_connector"},"geometry":{"type":"Point","coordinates":[-4.2687788,55.8651973]}},{"type":"Feature","properties":{"id":"uk-osm-logistics-node-13000150559","name":"OSM logistics facility node/13000150559","hub_type":"truck_terminal","operator_classification":"other","source_operator":"","osm_type":"node","osm_id":"13000150559","railway":"","landuse":"","industrial":"","amenity":"loading_dock","freight":"","importance_rank":1,"importance":"local_connector"},"geometry":{"type":"Point","coordinates":[-4.2686895,55.8586897]}},{"type":"Feature","properties":{"id":"uk-osm-logistics-node-13000150560","name":"OSM logistics facility node/13000150560","hub_type":"truck_terminal","operator_classification":"other","source_operator":"","osm_type":"node","osm_id":"13000150560","railway":"","landuse":"","industrial":"","amenity":"loading_dock","freight":"","importance_rank":1,"importance":"local_connector"},"geometry":{"type":"Point","coordinates":[-4.2686864,55.8587695]}},{"type":"Feature","properties":{"id":"uk-osm-logistics-node-13009666518","name":"OSM logistics facility node/13009666518","hub_type":"truck_terminal","operator_classification":"other","source_operator":"","osm_type":"node","osm_id":"13009666518","railway":"","landuse":"","industrial":"","amenity":"loading_dock","freight":"","importance_rank":1,"importance":"local_connector"},"geometry":{"type":"Point","coordinates":[-1.5326257,53.8054443]}},{"type":"Feature","properties":{"id":"uk-osm-logistics-node-13009666519","name":"OSM logistics facility node/13009666519","hub_type":"truck_terminal","operator_classification":"other","source_operator":"","osm_type":"node","osm_id":"13009666519","railway":"","landuse":"","industrial":"","amenity":"loading_dock","freight":"","importance_rank":1,"importance":"local_connector"},"geometry":{"type":"Point","coordinates":[-1.5326196,53.8054878]}},{"type":"Feature","properties":{"id":"uk-osm-logistics-node-13009666521","name":"OSM logistics facility node/13009666521","hub_type":"truck_terminal","operator_classification":"other","source_operator":"","osm_type":"node","osm_id":"13009666521","railway":"","landuse":"","industrial":"","amenity":"loading_dock","freight":"","importance_rank":1,"importance":"local_connector"},"geometry":{"type":"Point","coordinates":[-1.5326078,53.8055715]}},{"type":"Feature","properties":{"id":"uk-osm-logistics-node-13009666522","name":"OSM logistics facility node/13009666522","hub_type":"truck_terminal","operator_classification":"other","source_operator":"","osm_type":"node","osm_id":"13009666522","railway":"","landuse":"","industrial":"","amenity":"loading_dock","freight":"","importance_rank":1,"importance":"local_connector"},"geometry":{"type":"Point","coordinates":[-1.5326026,53.8056082]}},{"type":"Feature","properties":{"id":"uk-osm-logistics-node-13009666524","name":"OSM logistics facility node/13009666524","hub_type":"truck_terminal","operator_classification":"other","source_operator":"","osm_type":"node","osm_id":"13009666524","railway":"","landuse":"","industrial":"","amenity":"loading_dock","freight":"","importance_rank":1,"importance":"local_connector"},"geometry":{"type":"Point","coordinates":[-1.5325728,53.8058072]}},{"type":"Feature","properties":{"id":"uk-osm-logistics-node-13009666525","name":"OSM logistics facility node/13009666525","hub_type":"truck_terminal","operator_classification":"other","source_operator":"","osm_type":"node","osm_id":"13009666525","railway":"","landuse":"","industrial":"","amenity":"loading_dock","freight":"","importance_rank":1,"importance":"local_connector"},"geometry":{"type":"Point","coordinates":[-1.5325761,53.8057861]}},{"type":"Feature","properties":{"id":"uk-osm-logistics-node-13010773267","name":"OSM logistics facility node/13010773267","hub_type":"truck_terminal","operator_classification":"other","source_operator":"","osm_type":"node","osm_id":"13010773267","railway":"","landuse":"","industrial":"","amenity":"loading_dock","freight":"","importance_rank":1,"importance":"local_connector"},"geometry":{"type":"Point","coordinates":[-1.5448709,53.8019402]}},{"type":"Feature","properties":{"id":"uk-osm-logistics-node-13025612788","name":"OSM logistics facility node/13025612788","hub_type":"truck_terminal","operator_classification":"other","source_operator":"","osm_type":"node","osm_id":"13025612788","railway":"","landuse":"","industrial":"","amenity":"loading_dock","freight":"","importance_rank":1,"importance":"local_connector"},"geometry":{"type":"Point","coordinates":[-1.0682773,51.4353259]}},{"type":"Feature","properties":{"id":"uk-osm-logistics-node-13028531943","name":"OSM logistics facility node/13028531943","hub_type":"truck_terminal","operator_classification":"other","source_operator":"","osm_type":"node","osm_id":"13028531943","railway":"","landuse":"","industrial":"","amenity":"loading_dock","freight":"","importance_rank":1,"importance":"local_connector"},"geometry":{"type":"Point","coordinates":[-1.0645621,51.2826578]}},{"type":"Feature","properties":{"id":"uk-osm-logistics-node-13029850808","name":"OSM logistics facility node/13029850808","hub_type":"truck_terminal","operator_classification":"other","source_operator":"","osm_type":"node","osm_id":"13029850808","railway":"","landuse":"","industrial":"","amenity":"loading_dock","freight":"","importance_rank":1,"importance":"local_connector"},"geometry":{"type":"Point","coordinates":[0.5196198,51.2755292]}},{"type":"Feature","properties":{"id":"uk-osm-logistics-node-13038184885","name":"OSM logistics facility node/13038184885","hub_type":"truck_terminal","operator_classification":"other","source_operator":"","osm_type":"node","osm_id":"13038184885","railway":"","landuse":"","industrial":"","amenity":"loading_dock","freight":"","importance_rank":1,"importance":"local_connector"},"geometry":{"type":"Point","coordinates":[-1.0646871,51.2826985]}},{"type":"Feature","properties":{"id":"uk-osm-logistics-node-13038184905","name":"OSM logistics facility node/13038184905","hub_type":"truck_terminal","operator_classification":"other","source_operator":"","osm_type":"node","osm_id":"13038184905","railway":"","landuse":"","industrial":"","amenity":"loading_dock","freight":"","importance_rank":1,"importance":"local_connector"},"geometry":{"type":"Point","coordinates":[-1.0649877,51.2827964]}},{"type":"Feature","properties":{"id":"uk-osm-logistics-node-13038184906","name":"OSM logistics facility node/13038184906","hub_type":"truck_terminal","operator_classification":"other","source_operator":"","osm_type":"node","osm_id":"13038184906","railway":"","landuse":"","industrial":"","amenity":"loading_dock","freight":"","importance_rank":1,"importance":"local_connector"},"geometry":{"type":"Point","coordinates":[-1.0649366,51.2827798]}},{"type":"Feature","properties":{"id":"uk-osm-logistics-node-13038184907","name":"OSM logistics facility node/13038184907","hub_type":"truck_terminal","operator_classification":"other","source_operator":"","osm_type":"node","osm_id":"13038184907","railway":"","landuse":"","industrial":"","amenity":"loading_dock","freight":"","importance_rank":1,"importance":"local_connector"},"geometry":{"type":"Point","coordinates":[-1.0648843,51.2827628]}},{"type":"Feature","properties":{"id":"uk-osm-logistics-node-13038184908","name":"OSM logistics facility node/13038184908","hub_type":"truck_terminal","operator_classification":"other","source_operator":"","osm_type":"node","osm_id":"13038184908","railway":"","landuse":"","industrial":"","amenity":"loading_dock","freight":"","importance_rank":1,"importance":"local_connector"},"geometry":{"type":"Point","coordinates":[-1.0648366,51.2827472]}},{"type":"Feature","properties":{"id":"uk-osm-logistics-node-13038184909","name":"OSM logistics facility node/13038184909","hub_type":"truck_terminal","operator_classification":"other","source_operator":"","osm_type":"node","osm_id":"13038184909","railway":"","landuse":"","industrial":"","amenity":"loading_dock","freight":"","importance_rank":1,"importance":"local_connector"},"geometry":{"type":"Point","coordinates":[-1.0647863,51.2827308]}},{"type":"Feature","properties":{"id":"uk-osm-logistics-node-13038184910","name":"OSM logistics facility node/13038184910","hub_type":"truck_terminal","operator_classification":"other","source_operator":"","osm_type":"node","osm_id":"13038184910","railway":"","landuse":"","industrial":"","amenity":"loading_dock","freight":"","importance_rank":1,"importance":"local_connector"},"geometry":{"type":"Point","coordinates":[-1.0647367,51.2827147]}},{"type":"Feature","properties":{"id":"uk-osm-logistics-node-13040206481","name":"OSM logistics facility node/13040206481","hub_type":"truck_terminal","operator_classification":"other","source_operator":"","osm_type":"node","osm_id":"13040206481","railway":"","landuse":"","industrial":"","amenity":"loading_dock","freight":"","importance_rank":1,"importance":"local_connector"},"geometry":{"type":"Point","coordinates":[-3.2467771,51.7757422]}},{"type":"Feature","properties":{"id":"uk-osm-logistics-node-13042810668","name":"OSM logistics facility node/13042810668","hub_type":"truck_terminal","operator_classification":"other","source_operator":"","osm_type":"node","osm_id":"13042810668","railway":"","landuse":"","industrial":"","amenity":"loading_dock","freight":"","importance_rank":1,"importance":"local_connector"},"geometry":{"type":"Point","coordinates":[-0.9700407,51.4334647]}},{"type":"Feature","properties":{"id":"uk-osm-logistics-node-13043135157","name":"OSM logistics facility node/13043135157","hub_type":"truck_terminal","operator_classification":"other","source_operator":"","osm_type":"node","osm_id":"13043135157","railway":"","landuse":"","industrial":"","amenity":"loading_dock","freight":"","importance_rank":1,"importance":"local_connector"},"geometry":{"type":"Point","coordinates":[-0.9739798,51.4344756]}},{"type":"Feature","properties":{"id":"uk-osm-logistics-node-13043135174","name":"OSM logistics facility node/13043135174","hub_type":"truck_terminal","operator_classification":"other","source_operator":"","osm_type":"node","osm_id":"13043135174","railway":"","landuse":"","industrial":"","amenity":"loading_dock","freight":"","importance_rank":1,"importance":"local_connector"},"geometry":{"type":"Point","coordinates":[-0.9734133,51.433312]}},{"type":"Feature","properties":{"id":"uk-osm-logistics-node-13043135175","name":"OSM logistics facility node/13043135175","hub_type":"truck_terminal","operator_classification":"other","source_operator":"","osm_type":"node","osm_id":"13043135175","railway":"","landuse":"","industrial":"","amenity":"loading_dock","freight":"","importance_rank":1,"importance":"local_connector"},"geometry":{"type":"Point","coordinates":[-0.9720258,51.4334923]}},{"type":"Feature","properties":{"id":"uk-osm-logistics-node-13045906688","name":"OSM logistics facility node/13045906688","hub_type":"truck_terminal","operator_classification":"other","source_operator":"","osm_type":"node","osm_id":"13045906688","railway":"","landuse":"","industrial":"","amenity":"loading_dock","freight":"","importance_rank":1,"importance":"local_connector"},"geometry":{"type":"Point","coordinates":[-1.0689602,51.2832171]}},{"type":"Feature","properties":{"id":"uk-osm-logistics-node-13066021861","name":"OSM logistics facility node/13066021861","hub_type":"truck_terminal","operator_classification":"other","source_operator":"","osm_type":"node","osm_id":"13066021861","railway":"","landuse":"","industrial":"","amenity":"loading_dock","freight":"","importance_rank":1,"importance":"local_connector"},"geometry":{"type":"Point","coordinates":[-0.9996536,51.4584373]}},{"type":"Feature","properties":{"id":"uk-osm-logistics-node-13067171533","name":"OSM logistics facility node/13067171533","hub_type":"truck_terminal","operator_classification":"other","source_operator":"","osm_type":"node","osm_id":"13067171533","railway":"","landuse":"","industrial":"","amenity":"loading_dock","freight":"","importance_rank":1,"importance":"local_connector"},"geometry":{"type":"Point","coordinates":[-1.4613473,53.5058292]}},{"type":"Feature","properties":{"id":"uk-osm-logistics-node-13067171534","name":"OSM logistics facility node/13067171534","hub_type":"truck_terminal","operator_classification":"other","source_operator":"","osm_type":"node","osm_id":"13067171534","railway":"","landuse":"","industrial":"","amenity":"loading_dock","freight":"","importance_rank":1,"importance":"local_connector"},"geometry":{"type":"Point","coordinates":[-1.4614055,53.5058726]}},{"type":"Feature","properties":{"id":"uk-osm-logistics-node-13067171535","name":"OSM logistics facility node/13067171535","hub_type":"truck_terminal","operator_classification":"other","source_operator":"","osm_type":"node","osm_id":"13067171535","railway":"","landuse":"","industrial":"","amenity":"loading_dock","freight":"","importance_rank":1,"importance":"local_connector"},"geometry":{"type":"Point","coordinates":[-1.461461,53.5059141]}},{"type":"Feature","properties":{"id":"uk-osm-logistics-node-13067171536","name":"OSM logistics facility node/13067171536","hub_type":"truck_terminal","operator_classification":"other","source_operator":"","osm_type":"node","osm_id":"13067171536","railway":"","landuse":"","industrial":"","amenity":"loading_dock","freight":"","importance_rank":1,"importance":"local_connector"},"geometry":{"type":"Point","coordinates":[-1.4615161,53.5059553]}},{"type":"Feature","properties":{"id":"uk-osm-logistics-node-13067171539","name":"OSM logistics facility node/13067171539","hub_type":"truck_terminal","operator_classification":"other","source_operator":"","osm_type":"node","osm_id":"13067171539","railway":"","landuse":"","industrial":"","amenity":"loading_dock","freight":"","importance_rank":1,"importance":"local_connector"},"geometry":{"type":"Point","coordinates":[-1.4628208,53.505572]}},{"type":"Feature","properties":{"id":"uk-osm-logistics-node-13067171540","name":"OSM logistics facility node/13067171540","hub_type":"truck_terminal","operator_classification":"other","source_operator":"","osm_type":"node","osm_id":"13067171540","railway":"","landuse":"","industrial":"","amenity":"loading_dock","freight":"","importance_rank":1,"importance":"local_connector"},"geometry":{"type":"Point","coordinates":[-1.462756,53.5055221]}},{"type":"Feature","properties":{"id":"uk-osm-logistics-node-13067171541","name":"OSM logistics facility node/13067171541","hub_type":"truck_terminal","operator_classification":"other","source_operator":"","osm_type":"node","osm_id":"13067171541","railway":"","landuse":"","industrial":"","amenity":"loading_dock","freight":"","importance_rank":1,"importance":"local_connector"},"geometry":{"type":"Point","coordinates":[-1.462696,53.5054758]}},{"type":"Feature","properties":{"id":"uk-osm-logistics-node-13095044652","name":"OSM logistics facility node/13095044652","hub_type":"truck_terminal","operator_classification":"other","source_operator":"","osm_type":"node","osm_id":"13095044652","railway":"","landuse":"","industrial":"","amenity":"loading_dock","freight":"","importance_rank":1,"importance":"local_connector"},"geometry":{"type":"Point","coordinates":[-4.2525724,55.8504924]}},{"type":"Feature","properties":{"id":"uk-osm-logistics-node-13144352289","name":"OSM logistics facility node/13144352289","hub_type":"truck_terminal","operator_classification":"other","source_operator":"","osm_type":"node","osm_id":"13144352289","railway":"","landuse":"","industrial":"","amenity":"loading_dock","freight":"","importance_rank":1,"importance":"local_connector"},"geometry":{"type":"Point","coordinates":[0.5496511,50.8878097]}},{"type":"Feature","properties":{"id":"uk-osm-logistics-node-13147974245","name":"OSM logistics facility node/13147974245","hub_type":"truck_terminal","operator_classification":"other","source_operator":"","osm_type":"node","osm_id":"13147974245","railway":"","landuse":"","industrial":"","amenity":"loading_dock","freight":"","importance_rank":1,"importance":"local_connector"},"geometry":{"type":"Point","coordinates":[0.0926778,51.7663722]}},{"type":"Feature","properties":{"id":"uk-osm-logistics-node-13158353275","name":"OSM logistics facility node/13158353275","hub_type":"truck_terminal","operator_classification":"other","source_operator":"","osm_type":"node","osm_id":"13158353275","railway":"","landuse":"","industrial":"","amenity":"loading_dock","freight":"","importance_rank":1,"importance":"local_connector"},"geometry":{"type":"Point","coordinates":[0.1444879,52.232445]}},{"type":"Feature","properties":{"id":"uk-osm-logistics-node-13168458357","name":"OSM logistics facility node/13168458357","hub_type":"truck_terminal","operator_classification":"other","source_operator":"","osm_type":"node","osm_id":"13168458357","railway":"","landuse":"","industrial":"","amenity":"loading_dock","freight":"","importance_rank":1,"importance":"local_connector"},"geometry":{"type":"Point","coordinates":[-1.4814414,51.7792047]}},{"type":"Feature","properties":{"id":"uk-osm-logistics-node-13169487585","name":"OSM logistics facility node/13169487585","hub_type":"truck_terminal","operator_classification":"other","source_operator":"","osm_type":"node","osm_id":"13169487585","railway":"","landuse":"","industrial":"","amenity":"loading_dock","freight":"","importance_rank":1,"importance":"local_connector"},"geometry":{"type":"Point","coordinates":[0.1704463,51.8831734]}},{"type":"Feature","properties":{"id":"uk-osm-logistics-node-13172163061","name":"OSM logistics facility node/13172163061","hub_type":"truck_terminal","operator_classification":"other","source_operator":"","osm_type":"node","osm_id":"13172163061","railway":"","landuse":"","industrial":"","amenity":"loading_dock","freight":"","importance_rank":1,"importance":"local_connector"},"geometry":{"type":"Point","coordinates":[-1.4810139,51.7794035]}},{"type":"Feature","properties":{"id":"uk-osm-logistics-node-13172163091","name":"OSM logistics facility node/13172163091","hub_type":"truck_terminal","operator_classification":"other","source_operator":"","osm_type":"node","osm_id":"13172163091","railway":"","landuse":"","industrial":"","amenity":"loading_dock","freight":"","importance_rank":1,"importance":"local_connector"},"geometry":{"type":"Point","coordinates":[-1.4808183,51.7792197]}},{"type":"Feature","properties":{"id":"uk-osm-logistics-node-13172191924","name":"OSM logistics facility node/13172191924","hub_type":"truck_terminal","operator_classification":"other","source_operator":"","osm_type":"node","osm_id":"13172191924","railway":"","landuse":"","industrial":"","amenity":"loading_dock","freight":"","importance_rank":1,"importance":"local_connector"},"geometry":{"type":"Point","coordinates":[-1.4810333,51.7790055]}},{"type":"Feature","properties":{"id":"uk-osm-logistics-node-13172191944","name":"OSM logistics facility node/13172191944","hub_type":"truck_terminal","operator_classification":"other","source_operator":"","osm_type":"node","osm_id":"13172191944","railway":"","landuse":"","industrial":"","amenity":"loading_dock","freight":"","importance_rank":1,"importance":"local_connector"},"geometry":{"type":"Point","coordinates":[-1.4806066,51.7783925]}},{"type":"Feature","properties":{"id":"uk-osm-logistics-node-13172191945","name":"OSM logistics facility node/13172191945","hub_type":"truck_terminal","operator_classification":"other","source_operator":"","osm_type":"node","osm_id":"13172191945","railway":"","landuse":"","industrial":"","amenity":"loading_dock","freight":"","importance_rank":1,"importance":"local_connector"},"geometry":{"type":"Point","coordinates":[-1.4808305,51.7784989]}},{"type":"Feature","properties":{"id":"uk-osm-logistics-node-13172191946","name":"OSM logistics facility node/13172191946","hub_type":"truck_terminal","operator_classification":"other","source_operator":"","osm_type":"node","osm_id":"13172191946","railway":"","landuse":"","industrial":"","amenity":"loading_dock","freight":"","importance_rank":1,"importance":"local_connector"},"geometry":{"type":"Point","coordinates":[-1.4806621,51.7785676]}},{"type":"Feature","properties":{"id":"uk-osm-logistics-node-13172191947","name":"OSM logistics facility node/13172191947","hub_type":"truck_terminal","operator_classification":"other","source_operator":"","osm_type":"node","osm_id":"13172191947","railway":"","landuse":"","industrial":"","amenity":"loading_dock","freight":"","importance_rank":1,"importance":"local_connector"},"geometry":{"type":"Point","coordinates":[-1.4807721,51.7785227]}},{"type":"Feature","properties":{"id":"uk-osm-logistics-node-13172191948","name":"OSM logistics facility node/13172191948","hub_type":"truck_terminal","operator_classification":"other","source_operator":"","osm_type":"node","osm_id":"13172191948","railway":"","landuse":"","industrial":"","amenity":"loading_dock","freight":"","importance_rank":1,"importance":"local_connector"},"geometry":{"type":"Point","coordinates":[-1.4807169,51.7785452]}},{"type":"Feature","properties":{"id":"uk-osm-logistics-node-13172191985","name":"OSM logistics facility node/13172191985","hub_type":"truck_terminal","operator_classification":"other","source_operator":"","osm_type":"node","osm_id":"13172191985","railway":"","landuse":"","industrial":"","amenity":"loading_dock","freight":"","importance_rank":1,"importance":"local_connector"},"geometry":{"type":"Point","coordinates":[-1.4813033,51.7786204]}},{"type":"Feature","properties":{"id":"uk-osm-logistics-node-13175030936","name":"OSM logistics facility node/13175030936","hub_type":"truck_terminal","operator_classification":"other","source_operator":"","osm_type":"node","osm_id":"13175030936","railway":"","landuse":"","industrial":"","amenity":"loading_dock","freight":"","importance_rank":1,"importance":"local_connector"},"geometry":{"type":"Point","coordinates":[-1.4814531,51.7781878]}},{"type":"Feature","properties":{"id":"uk-osm-logistics-node-13175030937","name":"OSM logistics facility node/13175030937","hub_type":"truck_terminal","operator_classification":"other","source_operator":"","osm_type":"node","osm_id":"13175030937","railway":"","landuse":"","industrial":"","amenity":"loading_dock","freight":"","importance_rank":1,"importance":"local_connector"},"geometry":{"type":"Point","coordinates":[-1.481403,51.7781639]}},{"type":"Feature","properties":{"id":"uk-osm-logistics-node-13175030939","name":"OSM logistics facility node/13175030939","hub_type":"truck_terminal","operator_classification":"other","source_operator":"","osm_type":"node","osm_id":"13175030939","railway":"","landuse":"","industrial":"","amenity":"loading_dock","freight":"","importance_rank":1,"importance":"local_connector"},"geometry":{"type":"Point","coordinates":[-1.4813239,51.7781261]}},{"type":"Feature","properties":{"id":"uk-osm-logistics-node-13175030940","name":"OSM logistics facility node/13175030940","hub_type":"truck_terminal","operator_classification":"other","source_operator":"","osm_type":"node","osm_id":"13175030940","railway":"","landuse":"","industrial":"","amenity":"loading_dock","freight":"","importance_rank":1,"importance":"local_connector"},"geometry":{"type":"Point","coordinates":[-1.4812661,51.7780984]}},{"type":"Feature","properties":{"id":"uk-osm-logistics-node-13175030941","name":"OSM logistics facility node/13175030941","hub_type":"truck_terminal","operator_classification":"other","source_operator":"","osm_type":"node","osm_id":"13175030941","railway":"","landuse":"","industrial":"","amenity":"loading_dock","freight":"","importance_rank":1,"importance":"local_connector"},"geometry":{"type":"Point","coordinates":[-1.4811756,51.7780552]}},{"type":"Feature","properties":{"id":"uk-osm-logistics-node-13175492887","name":"OSM logistics facility node/13175492887","hub_type":"truck_terminal","operator_classification":"other","source_operator":"","osm_type":"node","osm_id":"13175492887","railway":"","landuse":"","industrial":"","amenity":"loading_dock","freight":"","importance_rank":1,"importance":"local_connector"},"geometry":{"type":"Point","coordinates":[-1.4823867,51.7782318]}},{"type":"Feature","properties":{"id":"uk-osm-logistics-node-13175492888","name":"OSM logistics facility node/13175492888","hub_type":"truck_terminal","operator_classification":"other","source_operator":"","osm_type":"node","osm_id":"13175492888","railway":"","landuse":"","industrial":"","amenity":"loading_dock","freight":"","importance_rank":1,"importance":"local_connector"},"geometry":{"type":"Point","coordinates":[-1.4823456,51.7781814]}},{"type":"Feature","properties":{"id":"uk-osm-logistics-node-13175492894","name":"OSM logistics facility node/13175492894","hub_type":"truck_terminal","operator_classification":"other","source_operator":"","osm_type":"node","osm_id":"13175492894","railway":"","landuse":"","industrial":"","amenity":"loading_dock","freight":"","importance_rank":1,"importance":"local_connector"},"geometry":{"type":"Point","coordinates":[-1.482497,51.7783719]}},{"type":"Feature","properties":{"id":"uk-osm-logistics-node-13175492899","name":"OSM logistics facility node/13175492899","hub_type":"truck_terminal","operator_classification":"other","source_operator":"","osm_type":"node","osm_id":"13175492899","railway":"","landuse":"","industrial":"","amenity":"loading_dock","freight":"","importance_rank":1,"importance":"local_connector"},"geometry":{"type":"Point","coordinates":[-1.4825261,51.7784076]}},{"type":"Feature","properties":{"id":"uk-osm-logistics-node-13175529105","name":"OSM logistics facility node/13175529105","hub_type":"truck_terminal","operator_classification":"other","source_operator":"","osm_type":"node","osm_id":"13175529105","railway":"","landuse":"","industrial":"","amenity":"loading_dock","freight":"","importance_rank":1,"importance":"local_connector"},"geometry":{"type":"Point","coordinates":[-1.4826003,51.7784982]}},{"type":"Feature","properties":{"id":"uk-osm-logistics-node-13175627369","name":"OSM logistics facility node/13175627369","hub_type":"truck_terminal","operator_classification":"other","source_operator":"","osm_type":"node","osm_id":"13175627369","railway":"","landuse":"","industrial":"","amenity":"loading_dock","freight":"","importance_rank":1,"importance":"local_connector"},"geometry":{"type":"Point","coordinates":[-1.482862,51.7781135]}},{"type":"Feature","properties":{"id":"uk-osm-logistics-node-13175742175","name":"OSM logistics facility node/13175742175","hub_type":"truck_terminal","operator_classification":"other","source_operator":"","osm_type":"node","osm_id":"13175742175","railway":"","landuse":"","industrial":"","amenity":"loading_dock","freight":"","importance_rank":1,"importance":"local_connector"},"geometry":{"type":"Point","coordinates":[-1.483441,51.7776907]}},{"type":"Feature","properties":{"id":"uk-osm-logistics-node-13175742244","name":"OSM logistics facility node/13175742244","hub_type":"truck_terminal","operator_classification":"other","source_operator":"","osm_type":"node","osm_id":"13175742244","railway":"","landuse":"","industrial":"","amenity":"loading_dock","freight":"","importance_rank":1,"importance":"local_connector"},"geometry":{"type":"Point","coordinates":[-1.4825889,51.7774885]}},{"type":"Feature","properties":{"id":"uk-osm-logistics-node-13175742245","name":"OSM logistics facility node/13175742245","hub_type":"truck_terminal","operator_classification":"other","source_operator":"","osm_type":"node","osm_id":"13175742245","railway":"","landuse":"","industrial":"","amenity":"loading_dock","freight":"","importance_rank":1,"importance":"local_connector"},"geometry":{"type":"Point","coordinates":[-1.4825759,51.7775463]}},{"type":"Feature","properties":{"id":"uk-osm-logistics-node-13175742246","name":"OSM logistics facility node/13175742246","hub_type":"truck_terminal","operator_classification":"other","source_operator":"","osm_type":"node","osm_id":"13175742246","railway":"","landuse":"","industrial":"","amenity":"loading_dock","freight":"","importance_rank":1,"importance":"local_connector"},"geometry":{"type":"Point","coordinates":[-1.4825619,51.7776086]}},{"type":"Feature","properties":{"id":"uk-osm-logistics-node-13175941076","name":"OSM logistics facility node/13175941076","hub_type":"truck_terminal","operator_classification":"other","source_operator":"","osm_type":"node","osm_id":"13175941076","railway":"","landuse":"","industrial":"","amenity":"loading_dock","freight":"","importance_rank":1,"importance":"local_connector"},"geometry":{"type":"Point","coordinates":[-1.4808744,51.7774544]}},{"type":"Feature","properties":{"id":"uk-osm-logistics-node-13175941085","name":"OSM logistics facility node/13175941085","hub_type":"truck_terminal","operator_classification":"other","source_operator":"","osm_type":"node","osm_id":"13175941085","railway":"","landuse":"","industrial":"","amenity":"loading_dock","freight":"","importance_rank":1,"importance":"local_connector"},"geometry":{"type":"Point","coordinates":[-1.4805266,51.7773487]}},{"type":"Feature","properties":{"id":"uk-osm-logistics-node-13175941086","name":"OSM logistics facility node/13175941086","hub_type":"truck_terminal","operator_classification":"other","source_operator":"","osm_type":"node","osm_id":"13175941086","railway":"","landuse":"","industrial":"","amenity":"loading_dock","freight":"","importance_rank":1,"importance":"local_connector"},"geometry":{"type":"Point","coordinates":[-1.4805673,51.7773268]}},{"type":"Feature","properties":{"id":"uk-osm-logistics-node-13175941093","name":"OSM logistics facility node/13175941093","hub_type":"truck_terminal","operator_classification":"other","source_operator":"","osm_type":"node","osm_id":"13175941093","railway":"","landuse":"","industrial":"","amenity":"loading_dock","freight":"","importance_rank":1,"importance":"local_connector"},"geometry":{"type":"Point","coordinates":[-1.4810165,51.7773078]}},{"type":"Feature","properties":{"id":"uk-osm-logistics-node-13175941098","name":"OSM logistics facility node/13175941098","hub_type":"truck_terminal","operator_classification":"other","source_operator":"","osm_type":"node","osm_id":"13175941098","railway":"","landuse":"","industrial":"","amenity":"loading_dock","freight":"","importance_rank":1,"importance":"local_connector"},"geometry":{"type":"Point","coordinates":[-1.4805831,51.7771482]}},{"type":"Feature","properties":{"id":"uk-osm-logistics-node-13175941103","name":"OSM logistics facility node/13175941103","hub_type":"truck_terminal","operator_classification":"other","source_operator":"","osm_type":"node","osm_id":"13175941103","railway":"","landuse":"","industrial":"","amenity":"loading_dock","freight":"","importance_rank":1,"importance":"local_connector"},"geometry":{"type":"Point","coordinates":[-1.4806889,51.7771668]}},{"type":"Feature","properties":{"id":"uk-osm-logistics-node-13175941105","name":"OSM logistics facility node/13175941105","hub_type":"truck_terminal","operator_classification":"other","source_operator":"","osm_type":"node","osm_id":"13175941105","railway":"","landuse":"","industrial":"","amenity":"loading_dock","freight":"","importance_rank":1,"importance":"local_connector"},"geometry":{"type":"Point","coordinates":[-1.4808461,51.7771945]}},{"type":"Feature","properties":{"id":"uk-osm-logistics-node-13175941106","name":"OSM logistics facility node/13175941106","hub_type":"truck_terminal","operator_classification":"other","source_operator":"","osm_type":"node","osm_id":"13175941106","railway":"","landuse":"","industrial":"","amenity":"loading_dock","freight":"","importance_rank":1,"importance":"local_connector"},"geometry":{"type":"Point","coordinates":[-1.4808946,51.7772031]}},{"type":"Feature","properties":{"id":"uk-osm-logistics-node-13176056628","name":"OSM logistics facility node/13176056628","hub_type":"truck_terminal","operator_classification":"other","source_operator":"","osm_type":"node","osm_id":"13176056628","railway":"","landuse":"","industrial":"","amenity":"loading_dock","freight":"","importance_rank":1,"importance":"local_connector"},"geometry":{"type":"Point","coordinates":[-1.4813297,51.7773825]}},{"type":"Feature","properties":{"id":"uk-osm-logistics-node-13176056646","name":"OSM logistics facility node/13176056646","hub_type":"truck_terminal","operator_classification":"other","source_operator":"","osm_type":"node","osm_id":"13176056646","railway":"","landuse":"","industrial":"","amenity":"loading_dock","freight":"","importance_rank":1,"importance":"local_connector"},"geometry":{"type":"Point","coordinates":[-1.4814737,51.777485]}},{"type":"Feature","properties":{"id":"uk-osm-logistics-node-13176056647","name":"OSM logistics facility node/13176056647","hub_type":"truck_terminal","operator_classification":"other","source_operator":"","osm_type":"node","osm_id":"13176056647","railway":"","landuse":"","industrial":"","amenity":"loading_dock","freight":"","importance_rank":1,"importance":"local_connector"},"geometry":{"type":"Point","coordinates":[-1.4817005,51.7775125]}},{"type":"Feature","properties":{"id":"uk-osm-logistics-node-13176056648","name":"OSM logistics facility node/13176056648","hub_type":"truck_terminal","operator_classification":"other","source_operator":"","osm_type":"node","osm_id":"13176056648","railway":"","landuse":"","industrial":"","amenity":"loading_dock","freight":"","importance_rank":1,"importance":"local_connector"},"geometry":{"type":"Point","coordinates":[-1.4815928,51.7774994]}},{"type":"Feature","properties":{"id":"uk-osm-logistics-node-13176056649","name":"OSM logistics facility node/13176056649","hub_type":"truck_terminal","operator_classification":"other","source_operator":"","osm_type":"node","osm_id":"13176056649","railway":"","landuse":"","industrial":"","amenity":"loading_dock","freight":"","importance_rank":1,"importance":"local_connector"},"geometry":{"type":"Point","coordinates":[-1.4819791,51.7773707]}},{"type":"Feature","properties":{"id":"uk-osm-logistics-node-13176060002","name":"OSM logistics facility node/13176060002","hub_type":"truck_terminal","operator_classification":"other","source_operator":"","osm_type":"node","osm_id":"13176060002","railway":"","landuse":"","industrial":"","amenity":"loading_dock","freight":"","importance_rank":1,"importance":"local_connector"},"geometry":{"type":"Point","coordinates":[-1.4818136,51.7773237]}},{"type":"Feature","properties":{"id":"uk-osm-logistics-node-13176986559","name":"OSM logistics facility node/13176986559","hub_type":"truck_terminal","operator_classification":"other","source_operator":"","osm_type":"node","osm_id":"13176986559","railway":"","landuse":"","industrial":"","amenity":"loading_dock","freight":"","importance_rank":1,"importance":"local_connector"},"geometry":{"type":"Point","coordinates":[-1.4844655,51.7779571]}},{"type":"Feature","properties":{"id":"uk-osm-logistics-node-13176986560","name":"OSM logistics facility node/13176986560","hub_type":"truck_terminal","operator_classification":"other","source_operator":"","osm_type":"node","osm_id":"13176986560","railway":"","landuse":"","industrial":"","amenity":"loading_dock","freight":"","importance_rank":1,"importance":"local_connector"},"geometry":{"type":"Point","coordinates":[-1.4845027,51.7779982]}},{"type":"Feature","properties":{"id":"uk-osm-logistics-node-13176986561","name":"OSM logistics facility node/13176986561","hub_type":"truck_terminal","operator_classification":"other","source_operator":"","osm_type":"node","osm_id":"13176986561","railway":"","landuse":"","industrial":"","amenity":"loading_dock","freight":"","importance_rank":1,"importance":"local_connector"},"geometry":{"type":"Point","coordinates":[-1.4844928,51.778048]}},{"type":"Feature","properties":{"id":"uk-osm-logistics-node-13176986562","name":"OSM logistics facility node/13176986562","hub_type":"truck_terminal","operator_classification":"other","source_operator":"","osm_type":"node","osm_id":"13176986562","railway":"","landuse":"","industrial":"","amenity":"loading_dock","freight":"","importance_rank":1,"importance":"local_connector"},"geometry":{"type":"Point","coordinates":[-1.4844838,51.7780925]}},{"type":"Feature","properties":{"id":"uk-osm-logistics-node-13177781613","name":"OSM logistics facility node/13177781613","hub_type":"truck_terminal","operator_classification":"other","source_operator":"","osm_type":"node","osm_id":"13177781613","railway":"","landuse":"","industrial":"","amenity":"loading_dock","freight":"","importance_rank":1,"importance":"local_connector"},"geometry":{"type":"Point","coordinates":[-1.485405,51.7774657]}},{"type":"Feature","properties":{"id":"uk-osm-logistics-node-13177781614","name":"OSM logistics facility node/13177781614","hub_type":"truck_terminal","operator_classification":"other","source_operator":"","osm_type":"node","osm_id":"13177781614","railway":"","landuse":"","industrial":"","amenity":"loading_dock","freight":"","importance_rank":1,"importance":"local_connector"},"geometry":{"type":"Point","coordinates":[-1.4854085,51.777309]}},{"type":"Feature","properties":{"id":"uk-osm-logistics-node-13182167060","name":"OSM logistics facility node/13182167060","hub_type":"truck_terminal","operator_classification":"other","source_operator":"","osm_type":"node","osm_id":"13182167060","railway":"","landuse":"","industrial":"","amenity":"loading_dock","freight":"","importance_rank":1,"importance":"local_connector"},"geometry":{"type":"Point","coordinates":[-1.4857953,51.777025]}},{"type":"Feature","properties":{"id":"uk-osm-logistics-node-13182167064","name":"OSM logistics facility node/13182167064","hub_type":"truck_terminal","operator_classification":"other","source_operator":"","osm_type":"node","osm_id":"13182167064","railway":"","landuse":"","industrial":"","amenity":"loading_dock","freight":"","importance_rank":1,"importance":"local_connector"},"geometry":{"type":"Point","coordinates":[-1.4857961,51.7769777]}},{"type":"Feature","properties":{"id":"uk-osm-logistics-node-13182167068","name":"OSM logistics facility node/13182167068","hub_type":"truck_terminal","operator_classification":"other","source_operator":"","osm_type":"node","osm_id":"13182167068","railway":"","landuse":"","industrial":"","amenity":"loading_dock","freight":"","importance_rank":1,"importance":"local_connector"},"geometry":{"type":"Point","coordinates":[-1.4857995,51.7768411]}},{"type":"Feature","properties":{"id":"uk-osm-logistics-node-13182212500","name":"OSM logistics facility node/13182212500","hub_type":"truck_terminal","operator_classification":"other","source_operator":"","osm_type":"node","osm_id":"13182212500","railway":"","landuse":"","industrial":"","amenity":"loading_dock","freight":"","importance_rank":1,"importance":"local_connector"},"geometry":{"type":"Point","coordinates":[-1.4853397,51.7768361]}},{"type":"Feature","properties":{"id":"uk-osm-logistics-node-13182241408","name":"OSM logistics facility node/13182241408","hub_type":"truck_terminal","operator_classification":"other","source_operator":"","osm_type":"node","osm_id":"13182241408","railway":"","landuse":"","industrial":"","amenity":"loading_dock","freight":"","importance_rank":1,"importance":"local_connector"},"geometry":{"type":"Point","coordinates":[-1.4853385,51.776973]}},{"type":"Feature","properties":{"id":"uk-osm-logistics-node-13182241411","name":"OSM logistics facility node/13182241411","hub_type":"truck_terminal","operator_classification":"other","source_operator":"","osm_type":"node","osm_id":"13182241411","railway":"","landuse":"","industrial":"","amenity":"loading_dock","freight":"","importance_rank":1,"importance":"local_connector"},"geometry":{"type":"Point","coordinates":[-1.4853382,51.7770214]}},{"type":"Feature","properties":{"id":"uk-osm-logistics-node-13191689713","name":"OSM logistics facility node/13191689713","hub_type":"truck_terminal","operator_classification":"other","source_operator":"","osm_type":"node","osm_id":"13191689713","railway":"","landuse":"","industrial":"","amenity":"loading_dock","freight":"","importance_rank":1,"importance":"local_connector"},"geometry":{"type":"Point","coordinates":[-1.4847919,51.777102]}},{"type":"Feature","properties":{"id":"uk-osm-logistics-node-13191696238","name":"OSM logistics facility node/13191696238","hub_type":"truck_terminal","operator_classification":"other","source_operator":"","osm_type":"node","osm_id":"13191696238","railway":"","landuse":"","industrial":"","amenity":"loading_dock","freight":"","importance_rank":1,"importance":"local_connector"},"geometry":{"type":"Point","coordinates":[-1.4839471,51.7769308]}},{"type":"Feature","properties":{"id":"uk-osm-logistics-node-13191696239","name":"OSM logistics facility node/13191696239","hub_type":"truck_terminal","operator_classification":"other","source_operator":"","osm_type":"node","osm_id":"13191696239","railway":"","landuse":"","industrial":"","amenity":"loading_dock","freight":"","importance_rank":1,"importance":"local_connector"},"geometry":{"type":"Point","coordinates":[-1.4842552,51.7769328]}},{"type":"Feature","properties":{"id":"uk-osm-logistics-node-13191696240","name":"OSM logistics facility node/13191696240","hub_type":"truck_terminal","operator_classification":"other","source_operator":"","osm_type":"node","osm_id":"13191696240","railway":"","landuse":"","industrial":"","amenity":"loading_dock","freight":"","importance_rank":1,"importance":"local_connector"},"geometry":{"type":"Point","coordinates":[-1.4839485,51.7768015]}},{"type":"Feature","properties":{"id":"uk-osm-logistics-node-13191696241","name":"OSM logistics facility node/13191696241","hub_type":"truck_terminal","operator_classification":"other","source_operator":"","osm_type":"node","osm_id":"13191696241","railway":"","landuse":"","industrial":"","amenity":"loading_dock","freight":"","importance_rank":1,"importance":"local_connector"},"geometry":{"type":"Point","coordinates":[-1.4839481,51.7768396]}},{"type":"Feature","properties":{"id":"uk-osm-logistics-node-13191696289","name":"OSM logistics facility node/13191696289","hub_type":"truck_terminal","operator_classification":"other","source_operator":"","osm_type":"node","osm_id":"13191696289","railway":"","landuse":"","industrial":"","amenity":"loading_dock","freight":"","importance_rank":1,"importance":"local_connector"},"geometry":{"type":"Point","coordinates":[-1.4843075,51.7771507]}},{"type":"Feature","properties":{"id":"uk-osm-logistics-node-13194615472","name":"OSM logistics facility node/13194615472","hub_type":"truck_terminal","operator_classification":"other","source_operator":"","osm_type":"node","osm_id":"13194615472","railway":"","landuse":"","industrial":"","amenity":"loading_dock","freight":"","importance_rank":1,"importance":"local_connector"},"geometry":{"type":"Point","coordinates":[-1.4838153,51.7772017]}},{"type":"Feature","properties":{"id":"uk-osm-logistics-node-13194615473","name":"OSM logistics facility node/13194615473","hub_type":"truck_terminal","operator_classification":"other","source_operator":"","osm_type":"node","osm_id":"13194615473","railway":"","landuse":"","industrial":"","amenity":"loading_dock","freight":"","importance_rank":1,"importance":"local_connector"},"geometry":{"type":"Point","coordinates":[-1.4837556,51.7772015]}},{"type":"Feature","properties":{"id":"uk-osm-logistics-node-13194752487","name":"OSM logistics facility node/13194752487","hub_type":"truck_terminal","operator_classification":"other","source_operator":"","osm_type":"node","osm_id":"13194752487","railway":"","landuse":"","industrial":"","amenity":"loading_dock","freight":"","importance_rank":1,"importance":"local_connector"},"geometry":{"type":"Point","coordinates":[-1.4825973,51.7770591]}},{"type":"Feature","properties":{"id":"uk-osm-logistics-node-13194752488","name":"OSM logistics facility node/13194752488","hub_type":"truck_terminal","operator_classification":"other","source_operator":"","osm_type":"node","osm_id":"13194752488","railway":"","landuse":"","industrial":"","amenity":"loading_dock","freight":"","importance_rank":1,"importance":"local_connector"},"geometry":{"type":"Point","coordinates":[-1.4826642,51.7770593]}},{"type":"Feature","properties":{"id":"uk-osm-logistics-node-13194753508","name":"OSM logistics facility node/13194753508","hub_type":"truck_terminal","operator_classification":"other","source_operator":"","osm_type":"node","osm_id":"13194753508","railway":"","landuse":"","industrial":"","amenity":"loading_dock","freight":"","importance_rank":1,"importance":"local_connector"},"geometry":{"type":"Point","coordinates":[-1.4831134,51.777078]}},{"type":"Feature","properties":{"id":"uk-osm-logistics-node-13194753509","name":"OSM logistics facility node/13194753509","hub_type":"truck_terminal","operator_classification":"other","source_operator":"","osm_type":"node","osm_id":"13194753509","railway":"","landuse":"","industrial":"","amenity":"loading_dock","freight":"","importance_rank":1,"importance":"local_connector"},"geometry":{"type":"Point","coordinates":[-1.4832868,51.7770795]}},{"type":"Feature","properties":{"id":"uk-osm-logistics-node-13195520854","name":"OSM logistics facility node/13195520854","hub_type":"truck_terminal","operator_classification":"other","source_operator":"","osm_type":"node","osm_id":"13195520854","railway":"","landuse":"","industrial":"","amenity":"loading_dock","freight":"","importance_rank":1,"importance":"local_connector"},"geometry":{"type":"Point","coordinates":[-1.4820313,51.7770015]}},{"type":"Feature","properties":{"id":"uk-osm-logistics-node-13195520855","name":"OSM logistics facility node/13195520855","hub_type":"truck_terminal","operator_classification":"other","source_operator":"","osm_type":"node","osm_id":"13195520855","railway":"","landuse":"","industrial":"","amenity":"loading_dock","freight":"","importance_rank":1,"importance":"local_connector"},"geometry":{"type":"Point","coordinates":[-1.4821114,51.7770026]}},{"type":"Feature","properties":{"id":"uk-osm-logistics-node-13195520856","name":"OSM logistics facility node/13195520856","hub_type":"truck_terminal","operator_classification":"other","source_operator":"","osm_type":"node","osm_id":"13195520856","railway":"","landuse":"","industrial":"","amenity":"loading_dock","freight":"","importance_rank":1,"importance":"local_connector"},"geometry":{"type":"Point","coordinates":[-1.4815797,51.7769524]}},{"type":"Feature","properties":{"id":"uk-osm-logistics-node-13196805607","name":"OSM logistics facility node/13196805607","hub_type":"truck_terminal","operator_classification":"other","source_operator":"","osm_type":"node","osm_id":"13196805607","railway":"","landuse":"","industrial":"","amenity":"loading_dock","freight":"","importance_rank":1,"importance":"local_connector"},"geometry":{"type":"Point","coordinates":[-1.4816627,51.7764319]}},{"type":"Feature","properties":{"id":"uk-osm-logistics-node-13196805621","name":"OSM logistics facility node/13196805621","hub_type":"truck_terminal","operator_classification":"other","source_operator":"","osm_type":"node","osm_id":"13196805621","railway":"","landuse":"","industrial":"","amenity":"loading_dock","freight":"","importance_rank":1,"importance":"local_connector"},"geometry":{"type":"Point","coordinates":[-1.4817106,51.7764325]}},{"type":"Feature","properties":{"id":"uk-osm-logistics-node-13196805658","name":"OSM logistics facility node/13196805658","hub_type":"truck_terminal","operator_classification":"other","source_operator":"","osm_type":"node","osm_id":"13196805658","railway":"","landuse":"","industrial":"","amenity":"loading_dock","freight":"","importance_rank":1,"importance":"local_connector"},"geometry":{"type":"Point","coordinates":[-1.4820101,51.7764361]}},{"type":"Feature","properties":{"id":"uk-osm-logistics-node-13198762774","name":"OSM logistics facility node/13198762774","hub_type":"truck_terminal","operator_classification":"other","source_operator":"","osm_type":"node","osm_id":"13198762774","railway":"","landuse":"","industrial":"","amenity":"loading_dock","freight":"","importance_rank":1,"importance":"local_connector"},"geometry":{"type":"Point","coordinates":[-1.4825673,51.7757476]}},{"type":"Feature","properties":{"id":"uk-osm-logistics-node-13198783189","name":"OSM logistics facility node/13198783189","hub_type":"truck_terminal","operator_classification":"other","source_operator":"","osm_type":"node","osm_id":"13198783189","railway":"","landuse":"","industrial":"","amenity":"loading_dock","freight":"","importance_rank":1,"importance":"local_connector"},"geometry":{"type":"Point","coordinates":[-1.4828998,51.7764327]}},{"type":"Feature","properties":{"id":"uk-osm-logistics-node-13198783209","name":"OSM logistics facility node/13198783209","hub_type":"truck_terminal","operator_classification":"other","source_operator":"","osm_type":"node","osm_id":"13198783209","railway":"","landuse":"","industrial":"","amenity":"loading_dock","freight":"","importance_rank":1,"importance":"local_connector"},"geometry":{"type":"Point","coordinates":[-1.4831749,51.7764353]}},{"type":"Feature","properties":{"id":"uk-osm-logistics-node-13198848210","name":"OSM logistics facility node/13198848210","hub_type":"truck_terminal","operator_classification":"other","source_operator":"","osm_type":"node","osm_id":"13198848210","railway":"","landuse":"","industrial":"","amenity":"loading_dock","freight":"","importance_rank":1,"importance":"local_connector"},"geometry":{"type":"Point","coordinates":[-1.4833049,51.776211]}},{"type":"Feature","properties":{"id":"uk-osm-logistics-node-13201571329","name":"OSM logistics facility node/13201571329","hub_type":"truck_terminal","operator_classification":"other","source_operator":"","osm_type":"node","osm_id":"13201571329","railway":"","landuse":"","industrial":"","amenity":"loading_dock","freight":"","importance_rank":1,"importance":"local_connector"},"geometry":{"type":"Point","coordinates":[-1.4833184,51.7756633]}},{"type":"Feature","properties":{"id":"uk-osm-logistics-node-13201571351","name":"OSM logistics facility node/13201571351","hub_type":"truck_terminal","operator_classification":"other","source_operator":"","osm_type":"node","osm_id":"13201571351","railway":"","landuse":"","industrial":"","amenity":"loading_dock","freight":"","importance_rank":1,"importance":"local_connector"},"geometry":{"type":"Point","coordinates":[-1.4840373,51.7762132]}},{"type":"Feature","properties":{"id":"uk-osm-logistics-node-13201571362","name":"OSM logistics facility node/13201571362","hub_type":"truck_terminal","operator_classification":"other","source_operator":"","osm_type":"node","osm_id":"13201571362","railway":"","landuse":"","industrial":"","amenity":"loading_dock","freight":"","importance_rank":1,"importance":"local_connector"},"geometry":{"type":"Point","coordinates":[-1.4840375,51.7761193]}},{"type":"Feature","properties":{"id":"uk-osm-logistics-node-13201571377","name":"OSM logistics facility node/13201571377","hub_type":"truck_terminal","operator_classification":"other","source_operator":"","osm_type":"node","osm_id":"13201571377","railway":"","landuse":"","industrial":"","amenity":"loading_dock","freight":"","importance_rank":1,"importance":"local_connector"},"geometry":{"type":"Point","coordinates":[-1.4840415,51.7758653]}},{"type":"Feature","properties":{"id":"uk-osm-logistics-node-13201571384","name":"OSM logistics facility node/13201571384","hub_type":"truck_terminal","operator_classification":"other","source_operator":"","osm_type":"node","osm_id":"13201571384","railway":"","landuse":"","industrial":"","amenity":"loading_dock","freight":"","importance_rank":1,"importance":"local_connector"},"geometry":{"type":"Point","coordinates":[-1.4844989,51.7757891]}},{"type":"Feature","properties":{"id":"uk-osm-logistics-node-13201571385","name":"OSM logistics facility node/13201571385","hub_type":"truck_terminal","operator_classification":"other","source_operator":"","osm_type":"node","osm_id":"13201571385","railway":"","landuse":"","industrial":"","amenity":"loading_dock","freight":"","importance_rank":1,"importance":"local_connector"},"geometry":{"type":"Point","coordinates":[-1.4845004,51.7757244]}},{"type":"Feature","properties":{"id":"uk-osm-logistics-node-13201571386","name":"OSM logistics facility node/13201571386","hub_type":"truck_terminal","operator_classification":"other","source_operator":"","osm_type":"node","osm_id":"13201571386","railway":"","landuse":"","industrial":"","amenity":"loading_dock","freight":"","importance_rank":1,"importance":"local_connector"},"geometry":{"type":"Point","coordinates":[-1.4845027,51.7756282]}},{"type":"Feature","properties":{"id":"uk-osm-logistics-node-13203804552","name":"OSM logistics facility node/13203804552","hub_type":"truck_terminal","operator_classification":"other","source_operator":"","osm_type":"node","osm_id":"13203804552","railway":"","landuse":"","industrial":"","amenity":"loading_dock","freight":"","importance_rank":1,"importance":"local_connector"},"geometry":{"type":"Point","coordinates":[-1.4853462,51.7758803]}},{"type":"Feature","properties":{"id":"uk-osm-logistics-node-13203804555","name":"OSM logistics facility node/13203804555","hub_type":"truck_terminal","operator_classification":"other","source_operator":"","osm_type":"node","osm_id":"13203804555","railway":"","landuse":"","industrial":"","amenity":"loading_dock","freight":"","importance_rank":1,"importance":"local_connector"},"geometry":{"type":"Point","coordinates":[-1.4857023,51.7758825]}},{"type":"Feature","properties":{"id":"uk-osm-logistics-node-13203804556","name":"OSM logistics facility node/13203804556","hub_type":"truck_terminal","operator_classification":"other","source_operator":"","osm_type":"node","osm_id":"13203804556","railway":"","landuse":"","industrial":"","amenity":"loading_dock","freight":"","importance_rank":1,"importance":"local_connector"},"geometry":{"type":"Point","coordinates":[-1.4861414,51.7761719]}},{"type":"Feature","properties":{"id":"uk-osm-logistics-node-13203804557","name":"OSM logistics facility node/13203804557","hub_type":"truck_terminal","operator_classification":"other","source_operator":"","osm_type":"node","osm_id":"13203804557","railway":"","landuse":"","industrial":"","amenity":"loading_dock","freight":"","importance_rank":1,"importance":"local_connector"},"geometry":{"type":"Point","coordinates":[-1.4859213,51.7761724]}},{"type":"Feature","properties":{"id":"uk-osm-logistics-node-13203804558","name":"OSM logistics facility node/13203804558","hub_type":"truck_terminal","operator_classification":"other","source_operator":"","osm_type":"node","osm_id":"13203804558","railway":"","landuse":"","industrial":"","amenity":"loading_dock","freight":"","importance_rank":1,"importance":"local_connector"},"geometry":{"type":"Point","coordinates":[-1.4854655,51.7761656]}},{"type":"Feature","properties":{"id":"uk-osm-logistics-node-13203804559","name":"OSM logistics facility node/13203804559","hub_type":"truck_terminal","operator_classification":"other","source_operator":"","osm_type":"node","osm_id":"13203804559","railway":"","landuse":"","industrial":"","amenity":"loading_dock","freight":"","importance_rank":1,"importance":"local_connector"},"geometry":{"type":"Point","coordinates":[-1.4857844,51.7761707]}},{"type":"Feature","properties":{"id":"uk-osm-logistics-node-13205708192","name":"OSM logistics facility node/13205708192","hub_type":"truck_terminal","operator_classification":"other","source_operator":"","osm_type":"node","osm_id":"13205708192","railway":"","landuse":"","industrial":"","amenity":"loading_dock","freight":"","importance_rank":1,"importance":"local_connector"},"geometry":{"type":"Point","coordinates":[-1.4860333,51.7758325]}},{"type":"Feature","properties":{"id":"uk-osm-logistics-node-13205708193","name":"OSM logistics facility node/13205708193","hub_type":"truck_terminal","operator_classification":"other","source_operator":"","osm_type":"node","osm_id":"13205708193","railway":"","landuse":"","industrial":"","amenity":"loading_dock","freight":"","importance_rank":1,"importance":"local_connector"},"geometry":{"type":"Point","coordinates":[-1.4860361,51.7756784]}},{"type":"Feature","properties":{"id":"uk-osm-logistics-node-13205736932","name":"OSM logistics facility node/13205736932","hub_type":"truck_terminal","operator_classification":"other","source_operator":"","osm_type":"node","osm_id":"13205736932","railway":"","landuse":"","industrial":"","amenity":"loading_dock","freight":"","importance_rank":1,"importance":"local_connector"},"geometry":{"type":"Point","coordinates":[-1.4870553,51.775705]}},{"type":"Feature","properties":{"id":"uk-osm-logistics-node-13205736933","name":"OSM logistics facility node/13205736933","hub_type":"truck_terminal","operator_classification":"other","source_operator":"","osm_type":"node","osm_id":"13205736933","railway":"","landuse":"","industrial":"","amenity":"loading_dock","freight":"","importance_rank":1,"importance":"local_connector"},"geometry":{"type":"Point","coordinates":[-1.4871047,51.7757151]}},{"type":"Feature","properties":{"id":"uk-osm-logistics-node-13205736951","name":"OSM logistics facility node/13205736951","hub_type":"truck_terminal","operator_classification":"other","source_operator":"","osm_type":"node","osm_id":"13205736951","railway":"","landuse":"","industrial":"","amenity":"loading_dock","freight":"","importance_rank":1,"importance":"local_connector"},"geometry":{"type":"Point","coordinates":[-1.4869073,51.7759508]}},{"type":"Feature","properties":{"id":"uk-osm-logistics-node-13207066783","name":"OSM logistics facility node/13207066783","hub_type":"truck_terminal","operator_classification":"other","source_operator":"","osm_type":"node","osm_id":"13207066783","railway":"","landuse":"","industrial":"","amenity":"loading_dock","freight":"","importance_rank":1,"importance":"local_connector"},"geometry":{"type":"Point","coordinates":[0.402884,51.2726836]}},{"type":"Feature","properties":{"id":"uk-osm-logistics-node-13207688756","name":"OSM logistics facility node/13207688756","hub_type":"truck_terminal","operator_classification":"other","source_operator":"","osm_type":"node","osm_id":"13207688756","railway":"","landuse":"","industrial":"","amenity":"loading_dock","freight":"","importance_rank":1,"importance":"local_connector"},"geometry":{"type":"Point","coordinates":[-1.4869483,51.775959]}},{"type":"Feature","properties":{"id":"uk-osm-logistics-node-13207688767","name":"OSM logistics facility node/13207688767","hub_type":"truck_terminal","operator_classification":"other","source_operator":"","osm_type":"node","osm_id":"13207688767","railway":"","landuse":"","industrial":"","amenity":"loading_dock","freight":"","importance_rank":1,"importance":"local_connector"},"geometry":{"type":"Point","coordinates":[-1.4871136,51.7759903]}},{"type":"Feature","properties":{"id":"uk-osm-logistics-node-13207688778","name":"OSM logistics facility node/13207688778","hub_type":"truck_terminal","operator_classification":"other","source_operator":"","osm_type":"node","osm_id":"13207688778","railway":"","landuse":"","industrial":"","amenity":"loading_dock","freight":"","importance_rank":1,"importance":"local_connector"},"geometry":{"type":"Point","coordinates":[-1.4871559,51.7759997]}},{"type":"Feature","properties":{"id":"uk-osm-logistics-node-13207688780","name":"OSM logistics facility node/13207688780","hub_type":"truck_terminal","operator_classification":"other","source_operator":"","osm_type":"node","osm_id":"13207688780","railway":"","landuse":"","industrial":"","amenity":"loading_dock","freight":"","importance_rank":1,"importance":"local_connector"},"geometry":{"type":"Point","coordinates":[-1.4873657,51.776044]}},{"type":"Feature","properties":{"id":"uk-osm-logistics-node-13207720525","name":"OSM logistics facility node/13207720525","hub_type":"truck_terminal","operator_classification":"other","source_operator":"","osm_type":"node","osm_id":"13207720525","railway":"","landuse":"","industrial":"","amenity":"loading_dock","freight":"","importance_rank":1,"importance":"local_connector"},"geometry":{"type":"Point","coordinates":[-1.4876713,51.7764495]}},{"type":"Feature","properties":{"id":"uk-osm-logistics-node-13207720526","name":"OSM logistics facility node/13207720526","hub_type":"truck_terminal","operator_classification":"other","source_operator":"","osm_type":"node","osm_id":"13207720526","railway":"","landuse":"","industrial":"","amenity":"loading_dock","freight":"","importance_rank":1,"importance":"local_connector"},"geometry":{"type":"Point","coordinates":[-1.4873686,51.7763423]}},{"type":"Feature","properties":{"id":"uk-osm-logistics-node-13207720527","name":"OSM logistics facility node/13207720527","hub_type":"truck_terminal","operator_classification":"other","source_operator":"","osm_type":"node","osm_id":"13207720527","railway":"","landuse":"","industrial":"","amenity":"loading_dock","freight":"","importance_rank":1,"importance":"local_connector"},"geometry":{"type":"Point","coordinates":[-1.4873229,51.7763335]}},{"type":"Feature","properties":{"id":"uk-osm-logistics-node-13207804029","name":"OSM logistics facility node/13207804029","hub_type":"truck_terminal","operator_classification":"other","source_operator":"","osm_type":"node","osm_id":"13207804029","railway":"","landuse":"","industrial":"","amenity":"loading_dock","freight":"","importance_rank":1,"importance":"local_connector"},"geometry":{"type":"Point","coordinates":[-1.4869061,51.7762843]}},{"type":"Feature","properties":{"id":"uk-osm-logistics-node-13207804045","name":"OSM logistics facility node/13207804045","hub_type":"truck_terminal","operator_classification":"other","source_operator":"","osm_type":"node","osm_id":"13207804045","railway":"","landuse":"","industrial":"","amenity":"loading_dock","freight":"","importance_rank":1,"importance":"local_connector"},"geometry":{"type":"Point","coordinates":[-1.4868423,51.7764085]}},{"type":"Feature","properties":{"id":"uk-osm-logistics-node-13226612106","name":"OSM logistics facility node/13226612106","hub_type":"truck_terminal","operator_classification":"other","source_operator":"","osm_type":"node","osm_id":"13226612106","railway":"","landuse":"","industrial":"","amenity":"loading_dock","freight":"","importance_rank":1,"importance":"local_connector"},"geometry":{"type":"Point","coordinates":[-1.4866477,51.776744]}},{"type":"Feature","properties":{"id":"uk-osm-logistics-node-13226612118","name":"OSM logistics facility node/13226612118","hub_type":"truck_terminal","operator_classification":"other","source_operator":"","osm_type":"node","osm_id":"13226612118","railway":"","landuse":"","industrial":"","amenity":"loading_dock","freight":"","importance_rank":1,"importance":"local_connector"},"geometry":{"type":"Point","coordinates":[-1.4870651,51.7767981]}},{"type":"Feature","properties":{"id":"uk-osm-logistics-node-13226612129","name":"OSM logistics facility node/13226612129","hub_type":"truck_terminal","operator_classification":"other","source_operator":"","osm_type":"node","osm_id":"13226612129","railway":"","landuse":"","industrial":"","amenity":"loading_dock","freight":"","importance_rank":1,"importance":"local_connector"},"geometry":{"type":"Point","coordinates":[-1.4871462,51.7768011]}},{"type":"Feature","properties":{"id":"uk-osm-logistics-node-13226612137","name":"OSM logistics facility node/13226612137","hub_type":"truck_terminal","operator_classification":"other","source_operator":"","osm_type":"node","osm_id":"13226612137","railway":"","landuse":"","industrial":"","amenity":"loading_dock","freight":"","importance_rank":1,"importance":"local_connector"},"geometry":{"type":"Point","coordinates":[-1.4875124,51.7768321]}},{"type":"Feature","properties":{"id":"uk-osm-logistics-node-13226612143","name":"OSM logistics facility node/13226612143","hub_type":"truck_terminal","operator_classification":"other","source_operator":"","osm_type":"node","osm_id":"13226612143","railway":"","landuse":"","industrial":"","amenity":"loading_dock","freight":"","importance_rank":1,"importance":"local_connector"},"geometry":{"type":"Point","coordinates":[-1.4878059,51.7766611]}},{"type":"Feature","properties":{"id":"uk-osm-logistics-node-13226612148","name":"OSM logistics facility node/13226612148","hub_type":"truck_terminal","operator_classification":"other","source_operator":"","osm_type":"node","osm_id":"13226612148","railway":"","landuse":"","industrial":"","amenity":"loading_dock","freight":"","importance_rank":1,"importance":"local_connector"},"geometry":{"type":"Point","coordinates":[-1.4875799,51.7768357]}},{"type":"Feature","properties":{"id":"uk-osm-logistics-node-13226612160","name":"OSM logistics facility node/13226612160","hub_type":"truck_terminal","operator_classification":"other","source_operator":"","osm_type":"node","osm_id":"13226612160","railway":"","landuse":"","industrial":"","amenity":"loading_dock","freight":"","importance_rank":1,"importance":"local_connector"},"geometry":{"type":"Point","coordinates":[-1.4878611,51.7768296]}},{"type":"Feature","properties":{"id":"uk-osm-logistics-node-13239047945","name":"OSM logistics facility node/13239047945","hub_type":"truck_terminal","operator_classification":"other","source_operator":"","osm_type":"node","osm_id":"13239047945","railway":"","landuse":"","industrial":"","amenity":"loading_dock","freight":"","importance_rank":1,"importance":"local_connector"},"geometry":{"type":"Point","coordinates":[-1.4890183,51.7767315]}},{"type":"Feature","properties":{"id":"uk-osm-logistics-node-13239183383","name":"OSM logistics facility node/13239183383","hub_type":"truck_terminal","operator_classification":"other","source_operator":"","osm_type":"node","osm_id":"13239183383","railway":"","landuse":"","industrial":"","amenity":"loading_dock","freight":"","importance_rank":1,"importance":"local_connector"},"geometry":{"type":"Point","coordinates":[-1.48882,51.7763853]}},{"type":"Feature","properties":{"id":"uk-osm-logistics-node-13239939323","name":"OSM logistics facility node/13239939323","hub_type":"truck_terminal","operator_classification":"other","source_operator":"","osm_type":"node","osm_id":"13239939323","railway":"","landuse":"","industrial":"","amenity":"loading_dock","freight":"","importance_rank":1,"importance":"local_connector"},"geometry":{"type":"Point","coordinates":[-1.4885856,51.7763791]}},{"type":"Feature","properties":{"id":"uk-osm-logistics-node-13239939359","name":"OSM logistics facility node/13239939359","hub_type":"truck_terminal","operator_classification":"other","source_operator":"","osm_type":"node","osm_id":"13239939359","railway":"","landuse":"","industrial":"","amenity":"loading_dock","freight":"","importance_rank":1,"importance":"local_connector"},"geometry":{"type":"Point","coordinates":[-1.4882469,51.776499]}},{"type":"Feature","properties":{"id":"uk-osm-logistics-node-13239962204","name":"OSM logistics facility node/13239962204","hub_type":"truck_terminal","operator_classification":"other","source_operator":"","osm_type":"node","osm_id":"13239962204","railway":"","landuse":"","industrial":"","amenity":"loading_dock","freight":"","importance_rank":1,"importance":"local_connector"},"geometry":{"type":"Point","coordinates":[-1.4880683,51.7760903]}},{"type":"Feature","properties":{"id":"uk-osm-logistics-node-13239962211","name":"OSM logistics facility node/13239962211","hub_type":"truck_terminal","operator_classification":"other","source_operator":"","osm_type":"node","osm_id":"13239962211","railway":"","landuse":"","industrial":"","amenity":"loading_dock","freight":"","importance_rank":1,"importance":"local_connector"},"geometry":{"type":"Point","coordinates":[-1.4878342,51.775668]}},{"type":"Feature","properties":{"id":"uk-osm-logistics-node-13240607916","name":"OSM logistics facility node/13240607916","hub_type":"truck_terminal","operator_classification":"other","source_operator":"","osm_type":"node","osm_id":"13240607916","railway":"","landuse":"","industrial":"","amenity":"loading_dock","freight":"","importance_rank":1,"importance":"local_connector"},"geometry":{"type":"Point","coordinates":[-1.4887628,51.7760033]}},{"type":"Feature","properties":{"id":"uk-osm-logistics-node-13243549917","name":"OSM logistics facility node/13243549917","hub_type":"truck_terminal","operator_classification":"other","source_operator":"","osm_type":"node","osm_id":"13243549917","railway":"","landuse":"","industrial":"","amenity":"loading_dock","freight":"","importance_rank":1,"importance":"local_connector"},"geometry":{"type":"Point","coordinates":[-1.4890447,51.7760089]}},{"type":"Feature","properties":{"id":"uk-osm-logistics-node-13243549927","name":"OSM logistics facility node/13243549927","hub_type":"truck_terminal","operator_classification":"other","source_operator":"","osm_type":"node","osm_id":"13243549927","railway":"","landuse":"","industrial":"","amenity":"loading_dock","freight":"","importance_rank":1,"importance":"local_connector"},"geometry":{"type":"Point","coordinates":[-1.4891769,51.7759544]}},{"type":"Feature","properties":{"id":"uk-osm-logistics-node-13243549995","name":"OSM logistics facility node/13243549995","hub_type":"truck_terminal","operator_classification":"other","source_operator":"","osm_type":"node","osm_id":"13243549995","railway":"","landuse":"","industrial":"","amenity":"loading_dock","freight":"","importance_rank":1,"importance":"local_connector"},"geometry":{"type":"Point","coordinates":[-1.4898755,51.7759904]}},{"type":"Feature","properties":{"id":"uk-osm-logistics-node-13243549997","name":"OSM logistics facility node/13243549997","hub_type":"truck_terminal","operator_classification":"other","source_operator":"","osm_type":"node","osm_id":"13243549997","railway":"","landuse":"","industrial":"","amenity":"loading_dock","freight":"","importance_rank":1,"importance":"local_connector"},"geometry":{"type":"Point","coordinates":[-1.489958,51.7759909]}},{"type":"Feature","properties":{"id":"uk-osm-logistics-node-13243556611","name":"OSM logistics facility node/13243556611","hub_type":"truck_terminal","operator_classification":"other","source_operator":"","osm_type":"node","osm_id":"13243556611","railway":"","landuse":"","industrial":"","amenity":"loading_dock","freight":"","importance_rank":1,"importance":"local_connector"},"geometry":{"type":"Point","coordinates":[-1.4904233,51.7759998]}},{"type":"Feature","properties":{"id":"uk-osm-logistics-node-13244264711","name":"OSM logistics facility node/13244264711","hub_type":"truck_terminal","operator_classification":"other","source_operator":"","osm_type":"node","osm_id":"13244264711","railway":"","landuse":"","industrial":"","amenity":"loading_dock","freight":"","importance_rank":1,"importance":"local_connector"},"geometry":{"type":"Point","coordinates":[-1.4899174,51.7763673]}},{"type":"Feature","properties":{"id":"uk-osm-logistics-node-13244264720","name":"OSM logistics facility node/13244264720","hub_type":"truck_terminal","operator_classification":"other","source_operator":"","osm_type":"node","osm_id":"13244264720","railway":"","landuse":"","industrial":"","amenity":"loading_dock","freight":"","importance_rank":1,"importance":"local_connector"},"geometry":{"type":"Point","coordinates":[-1.4903173,51.7763417]}},{"type":"Feature","properties":{"id":"uk-osm-logistics-node-13244264728","name":"OSM logistics facility node/13244264728","hub_type":"truck_terminal","operator_classification":"other","source_operator":"","osm_type":"node","osm_id":"13244264728","railway":"","landuse":"","industrial":"","amenity":"loading_dock","freight":"","importance_rank":1,"importance":"local_connector"},"geometry":{"type":"Point","coordinates":[-1.4903773,51.7763377]}},{"type":"Feature","properties":{"id":"uk-osm-logistics-node-13244264731","name":"OSM logistics facility node/13244264731","hub_type":"truck_terminal","operator_classification":"other","source_operator":"","osm_type":"node","osm_id":"13244264731","railway":"","landuse":"","industrial":"","amenity":"loading_dock","freight":"","importance_rank":1,"importance":"local_connector"},"geometry":{"type":"Point","coordinates":[-1.4907913,51.7763629]}},{"type":"Feature","properties":{"id":"uk-osm-logistics-node-13246686597","name":"OSM logistics facility node/13246686597","hub_type":"truck_terminal","operator_classification":"other","source_operator":"","osm_type":"node","osm_id":"13246686597","railway":"","landuse":"","industrial":"","amenity":"loading_dock","freight":"","importance_rank":1,"importance":"local_connector"},"geometry":{"type":"Point","coordinates":[-1.4899246,51.7768678]}},{"type":"Feature","properties":{"id":"uk-osm-logistics-node-13246704503","name":"OSM logistics facility node/13246704503","hub_type":"truck_terminal","operator_classification":"other","source_operator":"","osm_type":"node","osm_id":"13246704503","railway":"","landuse":"","industrial":"","amenity":"loading_dock","freight":"","importance_rank":1,"importance":"local_connector"},"geometry":{"type":"Point","coordinates":[-1.4900021,51.7768624]}},{"type":"Feature","properties":{"id":"uk-osm-logistics-node-13246704513","name":"OSM logistics facility node/13246704513","hub_type":"truck_terminal","operator_classification":"other","source_operator":"","osm_type":"node","osm_id":"13246704513","railway":"","landuse":"","industrial":"","amenity":"loading_dock","freight":"","importance_rank":1,"importance":"local_connector"},"geometry":{"type":"Point","coordinates":[-1.4903768,51.7768353]}},{"type":"Feature","properties":{"id":"uk-osm-logistics-node-13246704519","name":"OSM logistics facility node/13246704519","hub_type":"truck_terminal","operator_classification":"other","source_operator":"","osm_type":"node","osm_id":"13246704519","railway":"","landuse":"","industrial":"","amenity":"loading_dock","freight":"","importance_rank":1,"importance":"local_connector"},"geometry":{"type":"Point","coordinates":[-1.4904786,51.776828]}},{"type":"Feature","properties":{"id":"uk-osm-logistics-node-13246704527","name":"OSM logistics facility node/13246704527","hub_type":"truck_terminal","operator_classification":"other","source_operator":"","osm_type":"node","osm_id":"13246704527","railway":"","landuse":"","industrial":"","amenity":"loading_dock","freight":"","importance_rank":1,"importance":"local_connector"},"geometry":{"type":"Point","coordinates":[-1.4906963,51.7768131]}},{"type":"Feature","properties":{"id":"uk-osm-logistics-node-13246704571","name":"OSM logistics facility node/13246704571","hub_type":"truck_terminal","operator_classification":"other","source_operator":"","osm_type":"node","osm_id":"13246704571","railway":"","landuse":"","industrial":"","amenity":"loading_dock","freight":"","importance_rank":1,"importance":"local_connector"},"geometry":{"type":"Point","coordinates":[-1.4900576,51.7771875]}},{"type":"Feature","properties":{"id":"uk-osm-logistics-node-13246704595","name":"OSM logistics facility node/13246704595","hub_type":"truck_terminal","operator_classification":"other","source_operator":"","osm_type":"node","osm_id":"13246704595","railway":"","landuse":"","industrial":"","amenity":"loading_dock","freight":"","importance_rank":1,"importance":"local_connector"},"geometry":{"type":"Point","coordinates":[-1.4905211,51.7771568]}},{"type":"Feature","properties":{"id":"uk-osm-logistics-node-13246704618","name":"OSM logistics facility node/13246704618","hub_type":"truck_terminal","operator_classification":"other","source_operator":"","osm_type":"node","osm_id":"13246704618","railway":"","landuse":"","industrial":"","amenity":"loading_dock","freight":"","importance_rank":1,"importance":"local_connector"},"geometry":{"type":"Point","coordinates":[-1.4909896,51.7771765]}},{"type":"Feature","properties":{"id":"uk-osm-logistics-node-13270251643","name":"OSM logistics facility node/13270251643","hub_type":"truck_terminal","operator_classification":"other","source_operator":"","osm_type":"node","osm_id":"13270251643","railway":"","landuse":"","industrial":"","amenity":"loading_dock","freight":"","importance_rank":1,"importance":"local_connector"},"geometry":{"type":"Point","coordinates":[-1.5377038,52.2752078]}},{"type":"Feature","properties":{"id":"uk-osm-logistics-node-13270251644","name":"OSM logistics facility node/13270251644","hub_type":"truck_terminal","operator_classification":"other","source_operator":"","osm_type":"node","osm_id":"13270251644","railway":"","landuse":"","industrial":"","amenity":"loading_dock","freight":"","importance_rank":1,"importance":"local_connector"},"geometry":{"type":"Point","coordinates":[-1.5374843,52.2752211]}},{"type":"Feature","properties":{"id":"uk-osm-logistics-node-13274792047","name":"OSM logistics facility node/13274792047","hub_type":"truck_terminal","operator_classification":"other","source_operator":"","osm_type":"node","osm_id":"13274792047","railway":"","landuse":"","industrial":"","amenity":"loading_dock","freight":"","importance_rank":1,"importance":"local_connector"},"geometry":{"type":"Point","coordinates":[-1.4934693,51.7760954]}},{"type":"Feature","properties":{"id":"uk-osm-logistics-node-13276435292","name":"OSM logistics facility node/13276435292","hub_type":"truck_terminal","operator_classification":"other","source_operator":"","osm_type":"node","osm_id":"13276435292","railway":"","landuse":"","industrial":"","amenity":"loading_dock","freight":"","importance_rank":1,"importance":"local_connector"},"geometry":{"type":"Point","coordinates":[-1.4952607,51.7764509]}},{"type":"Feature","properties":{"id":"uk-osm-logistics-node-13276435293","name":"OSM logistics facility node/13276435293","hub_type":"truck_terminal","operator_classification":"other","source_operator":"","osm_type":"node","osm_id":"13276435293","railway":"","landuse":"","industrial":"","amenity":"loading_dock","freight":"","importance_rank":1,"importance":"local_connector"},"geometry":{"type":"Point","coordinates":[-1.4952754,51.7764983]}},{"type":"Feature","properties":{"id":"uk-osm-logistics-node-13276459310","name":"OSM logistics facility node/13276459310","hub_type":"truck_terminal","operator_classification":"other","source_operator":"","osm_type":"node","osm_id":"13276459310","railway":"","landuse":"","industrial":"","amenity":"loading_dock","freight":"","importance_rank":1,"importance":"local_connector"},"geometry":{"type":"Point","coordinates":[-1.4957605,51.7763821]}},{"type":"Feature","properties":{"id":"uk-osm-logistics-node-13276459316","name":"OSM logistics facility node/13276459316","hub_type":"truck_terminal","operator_classification":"other","source_operator":"","osm_type":"node","osm_id":"13276459316","railway":"","landuse":"","industrial":"","amenity":"loading_dock","freight":"","importance_rank":1,"importance":"local_connector"},"geometry":{"type":"Point","coordinates":[-1.4957752,51.7764276]}},{"type":"Feature","properties":{"id":"uk-osm-logistics-node-13298085516","name":"OSM logistics facility node/13298085516","hub_type":"truck_terminal","operator_classification":"other","source_operator":"","osm_type":"node","osm_id":"13298085516","railway":"","landuse":"","industrial":"","amenity":"loading_dock","freight":"","importance_rank":1,"importance":"local_connector"},"geometry":{"type":"Point","coordinates":[-2.2022027,53.5482818]}},{"type":"Feature","properties":{"id":"uk-osm-logistics-node-13299901539","name":"OSM logistics facility node/13299901539","hub_type":"truck_terminal","operator_classification":"other","source_operator":"","osm_type":"node","osm_id":"13299901539","railway":"","landuse":"","industrial":"","amenity":"loading_dock","freight":"","importance_rank":1,"importance":"local_connector"},"geometry":{"type":"Point","coordinates":[1.2392983,52.6217459]}},{"type":"Feature","properties":{"id":"uk-osm-logistics-node-13324405417","name":"OSM logistics facility node/13324405417","hub_type":"truck_terminal","operator_classification":"other","source_operator":"","osm_type":"node","osm_id":"13324405417","railway":"","landuse":"","industrial":"","amenity":"loading_dock","freight":"","importance_rank":1,"importance":"local_connector"},"geometry":{"type":"Point","coordinates":[-1.4722491,50.9353707]}},{"type":"Feature","properties":{"id":"uk-osm-logistics-node-13324405418","name":"OSM logistics facility node/13324405418","hub_type":"truck_terminal","operator_classification":"other","source_operator":"","osm_type":"node","osm_id":"13324405418","railway":"","landuse":"","industrial":"","amenity":"loading_dock","freight":"","importance_rank":1,"importance":"local_connector"},"geometry":{"type":"Point","coordinates":[-1.4719518,50.9353684]}},{"type":"Feature","properties":{"id":"uk-osm-logistics-node-13324405419","name":"OSM logistics facility node/13324405419","hub_type":"truck_terminal","operator_classification":"other","source_operator":"","osm_type":"node","osm_id":"13324405419","railway":"","landuse":"","industrial":"","amenity":"loading_dock","freight":"","importance_rank":1,"importance":"local_connector"},"geometry":{"type":"Point","coordinates":[-1.4716837,50.9354324]}},{"type":"Feature","properties":{"id":"uk-osm-logistics-node-13324405420","name":"OSM logistics facility node/13324405420","hub_type":"truck_terminal","operator_classification":"other","source_operator":"","osm_type":"node","osm_id":"13324405420","railway":"","landuse":"","industrial":"","amenity":"loading_dock","freight":"","importance_rank":1,"importance":"local_connector"},"geometry":{"type":"Point","coordinates":[-1.4714149,50.9354842]}},{"type":"Feature","properties":{"id":"uk-osm-logistics-node-13324405421","name":"OSM logistics facility node/13324405421","hub_type":"truck_terminal","operator_classification":"other","source_operator":"","osm_type":"node","osm_id":"13324405421","railway":"","landuse":"","industrial":"","amenity":"loading_dock","freight":"","importance_rank":1,"importance":"local_connector"},"geometry":{"type":"Point","coordinates":[-1.4706901,50.9356085]}},{"type":"Feature","properties":{"id":"uk-osm-logistics-node-13324405422","name":"OSM logistics facility node/13324405422","hub_type":"truck_terminal","operator_classification":"other","source_operator":"","osm_type":"node","osm_id":"13324405422","railway":"","landuse":"","industrial":"","amenity":"loading_dock","freight":"","importance_rank":1,"importance":"local_connector"},"geometry":{"type":"Point","coordinates":[-1.4706966,50.9352837]}},{"type":"Feature","properties":{"id":"uk-osm-logistics-node-13324405423","name":"OSM logistics facility node/13324405423","hub_type":"truck_terminal","operator_classification":"other","source_operator":"","osm_type":"node","osm_id":"13324405423","railway":"","landuse":"","industrial":"","amenity":"loading_dock","freight":"","importance_rank":1,"importance":"local_connector"},"geometry":{"type":"Point","coordinates":[-1.4707001,50.9351121]}},{"type":"Feature","properties":{"id":"uk-osm-logistics-node-13324405424","name":"OSM logistics facility node/13324405424","hub_type":"truck_terminal","operator_classification":"other","source_operator":"","osm_type":"node","osm_id":"13324405424","railway":"","landuse":"","industrial":"","amenity":"loading_dock","freight":"","importance_rank":1,"importance":"local_connector"},"geometry":{"type":"Point","coordinates":[-1.470704,50.9349181]}},{"type":"Feature","properties":{"id":"uk-osm-logistics-node-13324405425","name":"OSM logistics facility node/13324405425","hub_type":"truck_terminal","operator_classification":"other","source_operator":"","osm_type":"node","osm_id":"13324405425","railway":"","landuse":"","industrial":"","amenity":"loading_dock","freight":"","importance_rank":1,"importance":"local_connector"},"geometry":{"type":"Point","coordinates":[-1.4707077,50.9347355]}},{"type":"Feature","properties":{"id":"uk-osm-logistics-node-13324405426","name":"OSM logistics facility node/13324405426","hub_type":"truck_terminal","operator_classification":"other","source_operator":"","osm_type":"node","osm_id":"13324405426","railway":"","landuse":"","industrial":"","amenity":"loading_dock","freight":"","importance_rank":1,"importance":"local_connector"},"geometry":{"type":"Point","coordinates":[-1.4699832,50.9348458]}},{"type":"Feature","properties":{"id":"uk-osm-logistics-node-13324405427","name":"OSM logistics facility node/13324405427","hub_type":"truck_terminal","operator_classification":"other","source_operator":"","osm_type":"node","osm_id":"13324405427","railway":"","landuse":"","industrial":"","amenity":"loading_dock","freight":"","importance_rank":1,"importance":"local_connector"},"geometry":{"type":"Point","coordinates":[-1.4699804,50.9350512]}},{"type":"Feature","properties":{"id":"uk-osm-logistics-node-13324405428","name":"OSM logistics facility node/13324405428","hub_type":"truck_terminal","operator_classification":"other","source_operator":"","osm_type":"node","osm_id":"13324405428","railway":"","landuse":"","industrial":"","amenity":"loading_dock","freight":"","importance_rank":1,"importance":"local_connector"},"geometry":{"type":"Point","coordinates":[-1.4699779,50.9352385]}},{"type":"Feature","properties":{"id":"uk-osm-logistics-node-13324405430","name":"OSM logistics facility node/13324405430","hub_type":"truck_terminal","operator_classification":"other","source_operator":"","osm_type":"node","osm_id":"13324405430","railway":"","landuse":"","industrial":"","amenity":"loading_dock","freight":"","importance_rank":1,"importance":"local_connector"},"geometry":{"type":"Point","coordinates":[-1.4699719,50.935674]}},{"type":"Feature","properties":{"id":"uk-osm-logistics-node-13324405431","name":"OSM logistics facility node/13324405431","hub_type":"truck_terminal","operator_classification":"other","source_operator":"","osm_type":"node","osm_id":"13324405431","railway":"","landuse":"","industrial":"","amenity":"loading_dock","freight":"","importance_rank":1,"importance":"local_connector"},"geometry":{"type":"Point","coordinates":[-1.4699687,50.9359085]}},{"type":"Feature","properties":{"id":"uk-osm-logistics-node-13357526020","name":"OSM logistics facility node/13357526020","hub_type":"truck_terminal","operator_classification":"other","source_operator":"","osm_type":"node","osm_id":"13357526020","railway":"","landuse":"","industrial":"","amenity":"loading_dock","freight":"","importance_rank":1,"importance":"local_connector"},"geometry":{"type":"Point","coordinates":[-3.3916614,56.0625106]}},{"type":"Feature","properties":{"id":"uk-osm-logistics-node-13357527233","name":"OSM logistics facility node/13357527233","hub_type":"truck_terminal","operator_classification":"other","source_operator":"","osm_type":"node","osm_id":"13357527233","railway":"","landuse":"","industrial":"","amenity":"loading_dock","freight":"","importance_rank":1,"importance":"local_connector"},"geometry":{"type":"Point","coordinates":[-3.3917381,56.0647343]}},{"type":"Feature","properties":{"id":"uk-osm-logistics-node-13357527454","name":"OSM logistics facility node/13357527454","hub_type":"truck_terminal","operator_classification":"other","source_operator":"","osm_type":"node","osm_id":"13357527454","railway":"","landuse":"","industrial":"","amenity":"loading_dock","freight":"","importance_rank":1,"importance":"local_connector"},"geometry":{"type":"Point","coordinates":[-3.3909902,56.0654311]}},{"type":"Feature","properties":{"id":"uk-osm-logistics-node-13374073549","name":"OSM logistics facility node/13374073549","hub_type":"truck_terminal","operator_classification":"other","source_operator":"","osm_type":"node","osm_id":"13374073549","railway":"","landuse":"","industrial":"","amenity":"loading_dock","freight":"","importance_rank":1,"importance":"local_connector"},"geometry":{"type":"Point","coordinates":[-5.7086304,54.5924842]}},{"type":"Feature","properties":{"id":"uk-osm-logistics-node-13374073550","name":"OSM logistics facility node/13374073550","hub_type":"truck_terminal","operator_classification":"other","source_operator":"","osm_type":"node","osm_id":"13374073550","railway":"","landuse":"","industrial":"","amenity":"loading_dock","freight":"","importance_rank":1,"importance":"local_connector"},"geometry":{"type":"Point","coordinates":[-5.7086935,54.5925535]}},{"type":"Feature","properties":{"id":"uk-osm-logistics-node-13374979960","name":"OSM logistics facility node/13374979960","hub_type":"truck_terminal","operator_classification":"other","source_operator":"","osm_type":"node","osm_id":"13374979960","railway":"","landuse":"","industrial":"","amenity":"loading_dock","freight":"","importance_rank":1,"importance":"local_connector"},"geometry":{"type":"Point","coordinates":[-3.4036082,56.0617138]}},{"type":"Feature","properties":{"id":"uk-osm-logistics-node-13380841384","name":"OSM logistics facility node/13380841384","hub_type":"truck_terminal","operator_classification":"other","source_operator":"","osm_type":"node","osm_id":"13380841384","railway":"","landuse":"","industrial":"","amenity":"loading_dock","freight":"","importance_rank":1,"importance":"local_connector"},"geometry":{"type":"Point","coordinates":[-0.4795022,53.2248565]}},{"type":"Feature","properties":{"id":"uk-osm-logistics-node-13383190133","name":"OSM logistics facility node/13383190133","hub_type":"truck_terminal","operator_classification":"other","source_operator":"","osm_type":"node","osm_id":"13383190133","railway":"","landuse":"","industrial":"","amenity":"loading_dock","freight":"","importance_rank":1,"importance":"local_connector"},"geometry":{"type":"Point","coordinates":[-1.3154271,51.5738632]}},{"type":"Feature","properties":{"id":"uk-osm-logistics-node-13478185619","name":"OSM logistics facility node/13478185619","hub_type":"truck_terminal","operator_classification":"other","source_operator":"","osm_type":"node","osm_id":"13478185619","railway":"","landuse":"","industrial":"","amenity":"loading_dock","freight":"","importance_rank":1,"importance":"local_connector"},"geometry":{"type":"Point","coordinates":[-3.7849005,51.5962599]}},{"type":"Feature","properties":{"id":"uk-osm-logistics-node-13484160274","name":"OSM logistics facility node/13484160274","hub_type":"truck_terminal","operator_classification":"other","source_operator":"","osm_type":"node","osm_id":"13484160274","railway":"","landuse":"","industrial":"","amenity":"loading_dock","freight":"","importance_rank":1,"importance":"local_connector"},"geometry":{"type":"Point","coordinates":[-3.3879829,51.9447285]}},{"type":"Feature","properties":{"id":"uk-osm-logistics-node-13540587259","name":"OSM logistics facility node/13540587259","hub_type":"truck_terminal","operator_classification":"other","source_operator":"","osm_type":"node","osm_id":"13540587259","railway":"","landuse":"","industrial":"","amenity":"loading_dock","freight":"","importance_rank":1,"importance":"local_connector"},"geometry":{"type":"Point","coordinates":[-0.2789302,51.5327772]}},{"type":"Feature","properties":{"id":"uk-osm-logistics-node-13540587260","name":"OSM logistics facility node/13540587260","hub_type":"truck_terminal","operator_classification":"other","source_operator":"","osm_type":"node","osm_id":"13540587260","railway":"","landuse":"","industrial":"","amenity":"loading_dock","freight":"","importance_rank":1,"importance":"local_connector"},"geometry":{"type":"Point","coordinates":[-0.2798844,51.5322501]}},{"type":"Feature","properties":{"id":"uk-osm-logistics-node-13540587261","name":"OSM logistics facility node/13540587261","hub_type":"truck_terminal","operator_classification":"other","source_operator":"","osm_type":"node","osm_id":"13540587261","railway":"","landuse":"","industrial":"","amenity":"loading_dock","freight":"","importance_rank":1,"importance":"local_connector"},"geometry":{"type":"Point","coordinates":[-0.2788774,51.5316328]}},{"type":"Feature","properties":{"id":"uk-osm-logistics-node-13540587262","name":"OSM logistics facility node/13540587262","hub_type":"truck_terminal","operator_classification":"other","source_operator":"","osm_type":"node","osm_id":"13540587262","railway":"","landuse":"","industrial":"","amenity":"loading_dock","freight":"","importance_rank":1,"importance":"local_connector"},"geometry":{"type":"Point","coordinates":[-0.2800657,51.5304718]}},{"type":"Feature","properties":{"id":"uk-osm-logistics-node-13540587263","name":"OSM logistics facility node/13540587263","hub_type":"truck_terminal","operator_classification":"other","source_operator":"","osm_type":"node","osm_id":"13540587263","railway":"","landuse":"","industrial":"","amenity":"loading_dock","freight":"","importance_rank":1,"importance":"local_connector"},"geometry":{"type":"Point","coordinates":[-0.2806269,51.52995]}},{"type":"Feature","properties":{"id":"uk-osm-logistics-node-13543017722","name":"OSM logistics facility node/13543017722","hub_type":"truck_terminal","operator_classification":"other","source_operator":"","osm_type":"node","osm_id":"13543017722","railway":"","landuse":"","industrial":"","amenity":"loading_dock","freight":"","importance_rank":1,"importance":"local_connector"},"geometry":{"type":"Point","coordinates":[-3.1827569,51.4546469]}},{"type":"Feature","properties":{"id":"uk-osm-logistics-node-13573873410","name":"OSM logistics facility node/13573873410","hub_type":"truck_terminal","operator_classification":"other","source_operator":"","osm_type":"node","osm_id":"13573873410","railway":"","landuse":"","industrial":"","amenity":"loading_dock","freight":"","importance_rank":1,"importance":"local_connector"},"geometry":{"type":"Point","coordinates":[-0.3250812,51.4881851]}},{"type":"Feature","properties":{"id":"uk-osm-logistics-node-13573873411","name":"OSM logistics facility node/13573873411","hub_type":"truck_terminal","operator_classification":"other","source_operator":"","osm_type":"node","osm_id":"13573873411","railway":"","landuse":"","industrial":"","amenity":"loading_dock","freight":"","importance_rank":1,"importance":"local_connector"},"geometry":{"type":"Point","coordinates":[-0.3257337,51.4873306]}},{"type":"Feature","properties":{"id":"uk-osm-logistics-node-13610696186","name":"OSM logistics facility node/13610696186","hub_type":"truck_terminal","operator_classification":"other","source_operator":"","osm_type":"node","osm_id":"13610696186","railway":"","landuse":"","industrial":"","amenity":"loading_dock","freight":"","importance_rank":1,"importance":"local_connector"},"geometry":{"type":"Point","coordinates":[-0.0532432,51.8272334]}},{"type":"Feature","properties":{"id":"uk-osm-logistics-node-13730690324","name":"OSM logistics facility node/13730690324","hub_type":"truck_terminal","operator_classification":"other","source_operator":"","osm_type":"node","osm_id":"13730690324","railway":"","landuse":"","industrial":"","amenity":"loading_dock","freight":"","importance_rank":1,"importance":"local_connector"},"geometry":{"type":"Point","coordinates":[-1.7692108,51.5418011]}},{"type":"Feature","properties":{"id":"uk-osm-logistics-node-13752800035","name":"OSM logistics facility node/13752800035","hub_type":"truck_terminal","operator_classification":"other","source_operator":"","osm_type":"node","osm_id":"13752800035","railway":"","landuse":"","industrial":"","amenity":"loading_dock","freight":"","importance_rank":1,"importance":"local_connector"},"geometry":{"type":"Point","coordinates":[-2.7792163,55.4303509]}},{"type":"Feature","properties":{"id":"uk-osm-logistics-node-13752800036","name":"OSM logistics facility node/13752800036","hub_type":"truck_terminal","operator_classification":"other","source_operator":"","osm_type":"node","osm_id":"13752800036","railway":"","landuse":"","industrial":"","amenity":"loading_dock","freight":"","importance_rank":1,"importance":"local_connector"},"geometry":{"type":"Point","coordinates":[-2.7791584,55.4302356]}},{"type":"Feature","properties":{"id":"uk-osm-logistics-node-13752800037","name":"OSM logistics facility node/13752800037","hub_type":"truck_terminal","operator_classification":"other","source_operator":"","osm_type":"node","osm_id":"13752800037","railway":"","landuse":"","industrial":"","amenity":"loading_dock","freight":"","importance_rank":1,"importance":"local_connector"},"geometry":{"type":"Point","coordinates":[-2.7791004,55.4301201]}},{"type":"Feature","properties":{"id":"uk-osm-logistics-node-13752800038","name":"OSM logistics facility node/13752800038","hub_type":"truck_terminal","operator_classification":"other","source_operator":"","osm_type":"node","osm_id":"13752800038","railway":"","landuse":"","industrial":"","amenity":"loading_dock","freight":"","importance_rank":1,"importance":"local_connector"},"geometry":{"type":"Point","coordinates":[-2.7790535,55.4300269]}},{"type":"Feature","properties":{"id":"uk-osm-logistics-node-13869381512","name":"OSM logistics facility node/13869381512","hub_type":"truck_terminal","operator_classification":"other","source_operator":"","osm_type":"node","osm_id":"13869381512","railway":"","landuse":"","industrial":"","amenity":"loading_dock","freight":"","importance_rank":1,"importance":"local_connector"},"geometry":{"type":"Point","coordinates":[-4.2704229,55.9118879]}},{"type":"Feature","properties":{"id":"uk-osm-logistics-node-13869381513","name":"OSM logistics facility node/13869381513","hub_type":"truck_terminal","operator_classification":"other","source_operator":"","osm_type":"node","osm_id":"13869381513","railway":"","landuse":"","industrial":"","amenity":"loading_dock","freight":"","importance_rank":1,"importance":"local_connector"},"geometry":{"type":"Point","coordinates":[-4.2706307,55.9120075]}},{"type":"Feature","properties":{"id":"uk-osm-logistics-node-13869381514","name":"OSM logistics facility node/13869381514","hub_type":"truck_terminal","operator_classification":"other","source_operator":"","osm_type":"node","osm_id":"13869381514","railway":"","landuse":"","industrial":"","amenity":"loading_dock","freight":"","importance_rank":1,"importance":"local_connector"},"geometry":{"type":"Point","coordinates":[-4.2703209,55.9118942]}},{"type":"Feature","properties":{"id":"uk-osm-logistics-node-13869381515","name":"OSM logistics facility node/13869381515","hub_type":"truck_terminal","operator_classification":"other","source_operator":"","osm_type":"node","osm_id":"13869381515","railway":"","landuse":"","industrial":"","amenity":"loading_dock","freight":"","importance_rank":1,"importance":"local_connector"},"geometry":{"type":"Point","coordinates":[-4.2702081,55.9119012]}},{"type":"Feature","properties":{"id":"uk-osm-logistics-node-13869381516","name":"OSM logistics facility node/13869381516","hub_type":"truck_terminal","operator_classification":"other","source_operator":"","osm_type":"node","osm_id":"13869381516","railway":"","landuse":"","industrial":"","amenity":"loading_dock","freight":"","importance_rank":1,"importance":"local_connector"},"geometry":{"type":"Point","coordinates":[-4.2700793,55.9119091]}},{"type":"Feature","properties":{"id":"uk-osm-logistics-node-1536948492","name":"OSM logistics facility node/1536948492","hub_type":"truck_terminal","operator_classification":"other","source_operator":"","osm_type":"node","osm_id":"1536948492","railway":"","landuse":"","industrial":"","amenity":"loading_dock","freight":"","importance_rank":1,"importance":"local_connector"},"geometry":{"type":"Point","coordinates":[-0.1014442,51.5113263]}},{"type":"Feature","properties":{"id":"uk-osm-logistics-node-1815771140","name":"OSM logistics facility node/1815771140","hub_type":"truck_terminal","operator_classification":"other","source_operator":"","osm_type":"node","osm_id":"1815771140","railway":"","landuse":"","industrial":"","amenity":"loading_dock","freight":"","importance_rank":1,"importance":"local_connector"},"geometry":{"type":"Point","coordinates":[0.875406,51.1427932]}},{"type":"Feature","properties":{"id":"uk-osm-logistics-node-1919572944","name":"OSM logistics facility node/1919572944","hub_type":"truck_terminal","operator_classification":"other","source_operator":"","osm_type":"node","osm_id":"1919572944","railway":"","landuse":"","industrial":"","amenity":"loading_dock","freight":"","importance_rank":1,"importance":"local_connector"},"geometry":{"type":"Point","coordinates":[-1.4463881,52.9191767]}},{"type":"Feature","properties":{"id":"uk-osm-logistics-node-2465719712","name":"OSM logistics facility node/2465719712","hub_type":"truck_terminal","operator_classification":"other","source_operator":"","osm_type":"node","osm_id":"2465719712","railway":"","landuse":"","industrial":"","amenity":"loading_dock","freight":"","importance_rank":1,"importance":"local_connector"},"geometry":{"type":"Point","coordinates":[0.1328147,51.7656357]}},{"type":"Feature","properties":{"id":"uk-osm-logistics-node-2468093217","name":"OSM logistics facility node/2468093217","hub_type":"truck_terminal","operator_classification":"other","source_operator":"","osm_type":"node","osm_id":"2468093217","railway":"","landuse":"","industrial":"","amenity":"loading_dock","freight":"","importance_rank":1,"importance":"local_connector"},"geometry":{"type":"Point","coordinates":[0.0909248,51.7530955]}},{"type":"Feature","properties":{"id":"uk-osm-logistics-node-247077913","name":"OSM logistics facility node/247077913","hub_type":"truck_terminal","operator_classification":"other","source_operator":"","osm_type":"node","osm_id":"247077913","railway":"","landuse":"","industrial":"","amenity":"loading_dock","freight":"","importance_rank":1,"importance":"local_connector"},"geometry":{"type":"Point","coordinates":[0.1606112,51.8706959]}},{"type":"Feature","properties":{"id":"uk-osm-logistics-node-2679605187","name":"OSM logistics facility node/2679605187","hub_type":"truck_terminal","operator_classification":"other","source_operator":"","osm_type":"node","osm_id":"2679605187","railway":"","landuse":"","industrial":"","amenity":"loading_dock","freight":"","importance_rank":1,"importance":"local_connector"},"geometry":{"type":"Point","coordinates":[-1.9788072,52.5824724]}},{"type":"Feature","properties":{"id":"uk-osm-logistics-node-2895239884","name":"OSM logistics facility node/2895239884","hub_type":"truck_terminal","operator_classification":"other","source_operator":"","osm_type":"node","osm_id":"2895239884","railway":"","landuse":"","industrial":"","amenity":"loading_dock","freight":"","importance_rank":1,"importance":"local_connector"},"geometry":{"type":"Point","coordinates":[-0.0649652,51.613985]}},{"type":"Feature","properties":{"id":"uk-osm-logistics-node-2899463385","name":"OSM logistics facility node/2899463385","hub_type":"truck_terminal","operator_classification":"other","source_operator":"","osm_type":"node","osm_id":"2899463385","railway":"","landuse":"","industrial":"","amenity":"loading_dock","freight":"","importance_rank":1,"importance":"local_connector"},"geometry":{"type":"Point","coordinates":[-4.1585161,53.2100593]}},{"type":"Feature","properties":{"id":"uk-osm-logistics-node-2965333067","name":"OSM logistics facility node/2965333067","hub_type":"truck_terminal","operator_classification":"other","source_operator":"","osm_type":"node","osm_id":"2965333067","railway":"","landuse":"","industrial":"","amenity":"loading_dock","freight":"","importance_rank":1,"importance":"local_connector"},"geometry":{"type":"Point","coordinates":[-1.1520315,52.9554167]}},{"type":"Feature","properties":{"id":"uk-osm-logistics-node-3045699556","name":"OSM logistics facility node/3045699556","hub_type":"truck_terminal","operator_classification":"other","source_operator":"","osm_type":"node","osm_id":"3045699556","railway":"","landuse":"","industrial":"","amenity":"loading_dock","freight":"","importance_rank":1,"importance":"local_connector"},"geometry":{"type":"Point","coordinates":[-3.1737144,55.9667213]}},{"type":"Feature","properties":{"id":"uk-osm-logistics-node-3606811634","name":"OSM logistics facility node/3606811634","hub_type":"truck_terminal","operator_classification":"other","source_operator":"","osm_type":"node","osm_id":"3606811634","railway":"","landuse":"","industrial":"","amenity":"loading_dock","freight":"","importance_rank":1,"importance":"local_connector"},"geometry":{"type":"Point","coordinates":[-3.4147084,53.1863644]}},{"type":"Feature","properties":{"id":"uk-osm-logistics-node-3992482307","name":"OSM logistics facility node/3992482307","hub_type":"truck_terminal","operator_classification":"other","source_operator":"","osm_type":"node","osm_id":"3992482307","railway":"","landuse":"","industrial":"","amenity":"loading_dock","freight":"","importance_rank":1,"importance":"local_connector"},"geometry":{"type":"Point","coordinates":[-3.1887856,55.9228606]}},{"type":"Feature","properties":{"id":"uk-osm-logistics-node-4975063399","name":"OSM logistics facility node/4975063399","hub_type":"truck_terminal","operator_classification":"other","source_operator":"","osm_type":"node","osm_id":"4975063399","railway":"","landuse":"","industrial":"","amenity":"loading_dock","freight":"","importance_rank":1,"importance":"local_connector"},"geometry":{"type":"Point","coordinates":[0.1330536,51.7581276]}},{"type":"Feature","properties":{"id":"uk-osm-logistics-node-5556124875","name":"OSM logistics facility node/5556124875","hub_type":"truck_terminal","operator_classification":"other","source_operator":"","osm_type":"node","osm_id":"5556124875","railway":"","landuse":"","industrial":"","amenity":"loading_dock","freight":"","importance_rank":1,"importance":"local_connector"},"geometry":{"type":"Point","coordinates":[-1.0718051,51.4348088]}},{"type":"Feature","properties":{"id":"uk-osm-logistics-node-5556124878","name":"OSM logistics facility node/5556124878","hub_type":"truck_terminal","operator_classification":"other","source_operator":"","osm_type":"node","osm_id":"5556124878","railway":"","landuse":"","industrial":"","amenity":"loading_dock","freight":"","importance_rank":1,"importance":"local_connector"},"geometry":{"type":"Point","coordinates":[-1.071577,51.4348284]}},{"type":"Feature","properties":{"id":"uk-osm-logistics-node-5556124887","name":"OSM logistics facility node/5556124887","hub_type":"truck_terminal","operator_classification":"other","source_operator":"","osm_type":"node","osm_id":"5556124887","railway":"","landuse":"","industrial":"","amenity":"loading_dock","freight":"","importance_rank":1,"importance":"local_connector"},"geometry":{"type":"Point","coordinates":[-1.0716499,51.4348222]}},{"type":"Feature","properties":{"id":"uk-osm-logistics-node-5556124889","name":"OSM logistics facility node/5556124889","hub_type":"truck_terminal","operator_classification":"other","source_operator":"","osm_type":"node","osm_id":"5556124889","railway":"","landuse":"","industrial":"","amenity":"loading_dock","freight":"","importance_rank":1,"importance":"local_connector"},"geometry":{"type":"Point","coordinates":[-1.0710718,51.4348689]}},{"type":"Feature","properties":{"id":"uk-osm-logistics-node-5556124896","name":"OSM logistics facility node/5556124896","hub_type":"truck_terminal","operator_classification":"other","source_operator":"","osm_type":"node","osm_id":"5556124896","railway":"","landuse":"","industrial":"","amenity":"loading_dock","freight":"","importance_rank":1,"importance":"local_connector"},"geometry":{"type":"Point","coordinates":[-1.0717195,51.4348162]}},{"type":"Feature","properties":{"id":"uk-osm-logistics-node-5556124898","name":"OSM logistics facility node/5556124898","hub_type":"truck_terminal","operator_classification":"other","source_operator":"","osm_type":"node","osm_id":"5556124898","railway":"","landuse":"","industrial":"","amenity":"loading_dock","freight":"","importance_rank":1,"importance":"local_connector"},"geometry":{"type":"Point","coordinates":[-1.0711328,51.4348636]}},{"type":"Feature","properties":{"id":"uk-osm-logistics-node-5572171118","name":"OSM logistics facility node/5572171118","hub_type":"truck_terminal","operator_classification":"other","source_operator":"","osm_type":"node","osm_id":"5572171118","railway":"","landuse":"","industrial":"","amenity":"loading_dock","freight":"","importance_rank":1,"importance":"local_connector"},"geometry":{"type":"Point","coordinates":[-0.0970522,51.4687131]}},{"type":"Feature","properties":{"id":"uk-osm-logistics-node-5622504321","name":"OSM logistics facility node/5622504321","hub_type":"truck_terminal","operator_classification":"other","source_operator":"","osm_type":"node","osm_id":"5622504321","railway":"","landuse":"","industrial":"","amenity":"loading_dock","freight":"","importance_rank":1,"importance":"local_connector"},"geometry":{"type":"Point","coordinates":[-0.7674438,51.4105086]}},{"type":"Feature","properties":{"id":"uk-osm-logistics-node-5873965809","name":"OSM logistics facility node/5873965809","hub_type":"truck_terminal","operator_classification":"other","source_operator":"","osm_type":"node","osm_id":"5873965809","railway":"","landuse":"","industrial":"","amenity":"loading_dock","freight":"","importance_rank":1,"importance":"local_connector"},"geometry":{"type":"Point","coordinates":[-1.0812744,51.2678908]}},{"type":"Feature","properties":{"id":"uk-osm-logistics-node-600015397","name":"OSM logistics facility node/600015397","hub_type":"truck_terminal","operator_classification":"other","source_operator":"","osm_type":"node","osm_id":"600015397","railway":"","landuse":"","industrial":"","amenity":"loading_dock","freight":"","importance_rank":1,"importance":"local_connector"},"geometry":{"type":"Point","coordinates":[-0.8658157,51.4785379]}},{"type":"Feature","properties":{"id":"uk-osm-logistics-node-6122076519","name":"OSM logistics facility node/6122076519","hub_type":"truck_terminal","operator_classification":"other","source_operator":"","osm_type":"node","osm_id":"6122076519","railway":"","landuse":"","industrial":"","amenity":"loading_dock","freight":"","importance_rank":1,"importance":"local_connector"},"geometry":{"type":"Point","coordinates":[-2.6563294,51.5029032]}},{"type":"Feature","properties":{"id":"uk-osm-logistics-node-6141170858","name":"OSM logistics facility node/6141170858","hub_type":"truck_terminal","operator_classification":"other","source_operator":"","osm_type":"node","osm_id":"6141170858","railway":"","landuse":"","industrial":"","amenity":"loading_dock","freight":"","importance_rank":1,"importance":"local_connector"},"geometry":{"type":"Point","coordinates":[-0.3275862,51.4897862]}},{"type":"Feature","properties":{"id":"uk-osm-logistics-node-6141172654","name":"OSM logistics facility node/6141172654","hub_type":"truck_terminal","operator_classification":"other","source_operator":"","osm_type":"node","osm_id":"6141172654","railway":"","landuse":"","industrial":"","amenity":"loading_dock","freight":"","importance_rank":1,"importance":"local_connector"},"geometry":{"type":"Point","coordinates":[-0.3297462,51.4869423]}},{"type":"Feature","properties":{"id":"uk-osm-logistics-node-6199648588","name":"OSM logistics facility node/6199648588","hub_type":"truck_terminal","operator_classification":"other","source_operator":"","osm_type":"node","osm_id":"6199648588","railway":"","landuse":"","industrial":"","amenity":"loading_dock","freight":"","importance_rank":1,"importance":"local_connector"},"geometry":{"type":"Point","coordinates":[-2.570582,51.4643577]}},{"type":"Feature","properties":{"id":"uk-osm-logistics-node-6331110396","name":"OSM logistics facility node/6331110396","hub_type":"truck_terminal","operator_classification":"other","source_operator":"","osm_type":"node","osm_id":"6331110396","railway":"","landuse":"","industrial":"","amenity":"loading_dock","freight":"","importance_rank":1,"importance":"local_connector"},"geometry":{"type":"Point","coordinates":[-2.7127916,53.4414834]}},{"type":"Feature","properties":{"id":"uk-osm-logistics-node-6403206652","name":"OSM logistics facility node/6403206652","hub_type":"truck_terminal","operator_classification":"other","source_operator":"","osm_type":"node","osm_id":"6403206652","railway":"","landuse":"","industrial":"","amenity":"loading_dock","freight":"","importance_rank":1,"importance":"local_connector"},"geometry":{"type":"Point","coordinates":[-2.5811871,51.4601496]}},{"type":"Feature","properties":{"id":"uk-osm-logistics-node-6403206653","name":"OSM logistics facility node/6403206653","hub_type":"truck_terminal","operator_classification":"other","source_operator":"","osm_type":"node","osm_id":"6403206653","railway":"","landuse":"","industrial":"","amenity":"loading_dock","freight":"","importance_rank":1,"importance":"local_connector"},"geometry":{"type":"Point","coordinates":[-2.5815437,51.4600346]}},{"type":"Feature","properties":{"id":"uk-osm-logistics-node-6553904347","name":"OSM logistics facility node/6553904347","hub_type":"truck_terminal","operator_classification":"other","source_operator":"","osm_type":"node","osm_id":"6553904347","railway":"","landuse":"","industrial":"","amenity":"loading_dock","freight":"","importance_rank":1,"importance":"local_connector"},"geometry":{"type":"Point","coordinates":[-0.3678842,52.7542748]}},{"type":"Feature","properties":{"id":"uk-osm-logistics-node-6851132606","name":"OSM logistics facility node/6851132606","hub_type":"truck_terminal","operator_classification":"other","source_operator":"","osm_type":"node","osm_id":"6851132606","railway":"","landuse":"","industrial":"","amenity":"loading_dock","freight":"","importance_rank":1,"importance":"local_connector"},"geometry":{"type":"Point","coordinates":[-2.4692442,53.7424941]}},{"type":"Feature","properties":{"id":"uk-osm-logistics-node-6913053650","name":"OSM logistics facility node/6913053650","hub_type":"truck_terminal","operator_classification":"other","source_operator":"","osm_type":"node","osm_id":"6913053650","railway":"","landuse":"","industrial":"","amenity":"loading_dock","freight":"","importance_rank":1,"importance":"local_connector"},"geometry":{"type":"Point","coordinates":[-1.0243657,51.4434846]}},{"type":"Feature","properties":{"id":"uk-osm-logistics-node-6913053651","name":"OSM logistics facility node/6913053651","hub_type":"truck_terminal","operator_classification":"other","source_operator":"","osm_type":"node","osm_id":"6913053651","railway":"","landuse":"","industrial":"","amenity":"loading_dock","freight":"","importance_rank":1,"importance":"local_connector"},"geometry":{"type":"Point","coordinates":[-1.023892,51.4435492]}},{"type":"Feature","properties":{"id":"uk-osm-logistics-node-6987032865","name":"OSM logistics facility node/6987032865","hub_type":"truck_terminal","operator_classification":"other","source_operator":"","osm_type":"node","osm_id":"6987032865","railway":"","landuse":"","industrial":"","amenity":"loading_dock","freight":"","importance_rank":1,"importance":"local_connector"},"geometry":{"type":"Point","coordinates":[-1.0175939,51.4487541]}},{"type":"Feature","properties":{"id":"uk-osm-logistics-node-6991912889","name":"OSM logistics facility node/6991912889","hub_type":"truck_terminal","operator_classification":"other","source_operator":"","osm_type":"node","osm_id":"6991912889","railway":"","landuse":"","industrial":"","amenity":"loading_dock","freight":"","importance_rank":1,"importance":"local_connector"},"geometry":{"type":"Point","coordinates":[-1.1946211,51.7277328]}},{"type":"Feature","properties":{"id":"uk-osm-logistics-node-6991912909","name":"OSM logistics facility node/6991912909","hub_type":"truck_terminal","operator_classification":"other","source_operator":"","osm_type":"node","osm_id":"6991912909","railway":"","landuse":"","industrial":"","amenity":"loading_dock","freight":"","importance_rank":1,"importance":"local_connector"},"geometry":{"type":"Point","coordinates":[-1.1951868,51.7274695]}},{"type":"Feature","properties":{"id":"uk-osm-logistics-node-7138679290","name":"OSM logistics facility node/7138679290","hub_type":"truck_terminal","operator_classification":"other","source_operator":"","osm_type":"node","osm_id":"7138679290","railway":"","landuse":"","industrial":"","amenity":"loading_dock","freight":"","importance_rank":1,"importance":"local_connector"},"geometry":{"type":"Point","coordinates":[-0.4539711,51.4453702]}},{"type":"Feature","properties":{"id":"uk-osm-logistics-node-7153919418","name":"OSM logistics facility node/7153919418","hub_type":"truck_terminal","operator_classification":"other","source_operator":"","osm_type":"node","osm_id":"7153919418","railway":"","landuse":"","industrial":"","amenity":"loading_dock","freight":"","importance_rank":1,"importance":"local_connector"},"geometry":{"type":"Point","coordinates":[-0.4558547,51.4452633]}},{"type":"Feature","properties":{"id":"uk-osm-logistics-node-7154117180","name":"OSM logistics facility node/7154117180","hub_type":"truck_terminal","operator_classification":"other","source_operator":"","osm_type":"node","osm_id":"7154117180","railway":"","landuse":"","industrial":"","amenity":"loading_dock","freight":"","importance_rank":1,"importance":"local_connector"},"geometry":{"type":"Point","coordinates":[-0.4549998,51.4453129]}},{"type":"Feature","properties":{"id":"uk-osm-logistics-node-7154117181","name":"OSM logistics facility node/7154117181","hub_type":"truck_terminal","operator_classification":"other","source_operator":"","osm_type":"node","osm_id":"7154117181","railway":"","landuse":"","industrial":"","amenity":"loading_dock","freight":"","importance_rank":1,"importance":"local_connector"},"geometry":{"type":"Point","coordinates":[-0.4550855,51.4453085]}},{"type":"Feature","properties":{"id":"uk-osm-logistics-node-7204565616","name":"OSM logistics facility node/7204565616","hub_type":"truck_terminal","operator_classification":"other","source_operator":"","osm_type":"node","osm_id":"7204565616","railway":"","landuse":"","industrial":"","amenity":"loading_dock","freight":"","importance_rank":1,"importance":"local_connector"},"geometry":{"type":"Point","coordinates":[-1.0685677,51.4420649]}},{"type":"Feature","properties":{"id":"uk-osm-logistics-node-7204565617","name":"OSM logistics facility node/7204565617","hub_type":"truck_terminal","operator_classification":"other","source_operator":"","osm_type":"node","osm_id":"7204565617","railway":"","landuse":"","industrial":"","amenity":"loading_dock","freight":"","importance_rank":1,"importance":"local_connector"},"geometry":{"type":"Point","coordinates":[-1.0685031,51.4420932]}},{"type":"Feature","properties":{"id":"uk-osm-logistics-node-7204565618","name":"OSM logistics facility node/7204565618","hub_type":"truck_terminal","operator_classification":"other","source_operator":"","osm_type":"node","osm_id":"7204565618","railway":"","landuse":"","industrial":"","amenity":"loading_dock","freight":"","importance_rank":1,"importance":"local_connector"},"geometry":{"type":"Point","coordinates":[-1.0684505,51.4421163]}},{"type":"Feature","properties":{"id":"uk-osm-logistics-node-7204565619","name":"OSM logistics facility node/7204565619","hub_type":"truck_terminal","operator_classification":"other","source_operator":"","osm_type":"node","osm_id":"7204565619","railway":"","landuse":"","industrial":"","amenity":"loading_dock","freight":"","importance_rank":1,"importance":"local_connector"},"geometry":{"type":"Point","coordinates":[-1.0684041,51.4421367]}},{"type":"Feature","properties":{"id":"uk-osm-logistics-node-7204565620","name":"OSM logistics facility node/7204565620","hub_type":"truck_terminal","operator_classification":"other","source_operator":"","osm_type":"node","osm_id":"7204565620","railway":"","landuse":"","industrial":"","amenity":"loading_dock","freight":"","importance_rank":1,"importance":"local_connector"},"geometry":{"type":"Point","coordinates":[-1.0683556,51.442158]}},{"type":"Feature","properties":{"id":"uk-osm-logistics-node-7235619763","name":"OSM logistics facility node/7235619763","hub_type":"truck_terminal","operator_classification":"other","source_operator":"","osm_type":"node","osm_id":"7235619763","railway":"","landuse":"","industrial":"","amenity":"loading_dock","freight":"","importance_rank":1,"importance":"local_connector"},"geometry":{"type":"Point","coordinates":[-2.1133434,57.1803766]}},{"type":"Feature","properties":{"id":"uk-osm-logistics-node-7276372173","name":"OSM logistics facility node/7276372173","hub_type":"truck_terminal","operator_classification":"other","source_operator":"","osm_type":"node","osm_id":"7276372173","railway":"","landuse":"","industrial":"","amenity":"loading_dock","freight":"","importance_rank":1,"importance":"local_connector"},"geometry":{"type":"Point","coordinates":[-0.7721236,53.3979525]}},{"type":"Feature","properties":{"id":"uk-osm-logistics-node-7276457620","name":"OSM logistics facility node/7276457620","hub_type":"truck_terminal","operator_classification":"other","source_operator":"","osm_type":"node","osm_id":"7276457620","railway":"","landuse":"","industrial":"","amenity":"loading_dock","freight":"","importance_rank":1,"importance":"local_connector"},"geometry":{"type":"Point","coordinates":[-0.7513082,53.4024321]}},{"type":"Feature","properties":{"id":"uk-osm-logistics-node-7277008606","name":"OSM logistics facility node/7277008606","hub_type":"truck_terminal","operator_classification":"other","source_operator":"","osm_type":"node","osm_id":"7277008606","railway":"","landuse":"","industrial":"","amenity":"loading_dock","freight":"","importance_rank":1,"importance":"local_connector"},"geometry":{"type":"Point","coordinates":[-0.7802647,53.4000396]}},{"type":"Feature","properties":{"id":"uk-osm-logistics-node-7560861806","name":"OSM logistics facility node/7560861806","hub_type":"truck_terminal","operator_classification":"other","source_operator":"","osm_type":"node","osm_id":"7560861806","railway":"","landuse":"","industrial":"","amenity":"loading_dock","freight":"","importance_rank":1,"importance":"local_connector"},"geometry":{"type":"Point","coordinates":[-0.7618917,52.0268907]}},{"type":"Feature","properties":{"id":"uk-osm-logistics-node-7560861807","name":"OSM logistics facility node/7560861807","hub_type":"truck_terminal","operator_classification":"other","source_operator":"","osm_type":"node","osm_id":"7560861807","railway":"","landuse":"","industrial":"","amenity":"loading_dock","freight":"","importance_rank":1,"importance":"local_connector"},"geometry":{"type":"Point","coordinates":[-0.7638882,52.0266584]}},{"type":"Feature","properties":{"id":"uk-osm-logistics-node-7580298652","name":"OSM logistics facility node/7580298652","hub_type":"truck_terminal","operator_classification":"other","source_operator":"","osm_type":"node","osm_id":"7580298652","railway":"","landuse":"","industrial":"","amenity":"loading_dock","freight":"","importance_rank":1,"importance":"local_connector"},"geometry":{"type":"Point","coordinates":[-5.9247872,54.2678992]}},{"type":"Feature","properties":{"id":"uk-osm-logistics-node-7609249152","name":"OSM logistics facility node/7609249152","hub_type":"truck_terminal","operator_classification":"other","source_operator":"","osm_type":"node","osm_id":"7609249152","railway":"","landuse":"","industrial":"","amenity":"loading_dock","freight":"","importance_rank":1,"importance":"local_connector"},"geometry":{"type":"Point","coordinates":[-2.9992726,56.4714947]}},{"type":"Feature","properties":{"id":"uk-osm-logistics-node-7609275142","name":"OSM logistics facility node/7609275142","hub_type":"truck_terminal","operator_classification":"other","source_operator":"","osm_type":"node","osm_id":"7609275142","railway":"","landuse":"","industrial":"","amenity":"loading_dock","freight":"","importance_rank":1,"importance":"local_connector"},"geometry":{"type":"Point","coordinates":[-1.4368795,53.3849812]}},{"type":"Feature","properties":{"id":"uk-osm-logistics-node-7609337024","name":"OSM logistics facility node/7609337024","hub_type":"truck_terminal","operator_classification":"other","source_operator":"","osm_type":"node","osm_id":"7609337024","railway":"","landuse":"","industrial":"","amenity":"loading_dock","freight":"","importance_rank":1,"importance":"local_connector"},"geometry":{"type":"Point","coordinates":[1.0987977,51.2919414]}},{"type":"Feature","properties":{"id":"uk-osm-logistics-node-762003248","name":"OSM logistics facility node/762003248","hub_type":"truck_terminal","operator_classification":"other","source_operator":"","osm_type":"node","osm_id":"762003248","railway":"","landuse":"","industrial":"","amenity":"loading_dock","freight":"","importance_rank":1,"importance":"local_connector"},"geometry":{"type":"Point","coordinates":[0.0946336,51.7704909]}},{"type":"Feature","properties":{"id":"uk-osm-logistics-node-7622430237","name":"OSM logistics facility node/7622430237","hub_type":"truck_terminal","operator_classification":"other","source_operator":"","osm_type":"node","osm_id":"7622430237","railway":"","landuse":"","industrial":"","amenity":"loading_dock","freight":"","importance_rank":1,"importance":"local_connector"},"geometry":{"type":"Point","coordinates":[-1.1535335,52.2517583]}},{"type":"Feature","properties":{"id":"uk-osm-logistics-node-7630248232","name":"OSM logistics facility node/7630248232","hub_type":"truck_terminal","operator_classification":"other","source_operator":"","osm_type":"node","osm_id":"7630248232","railway":"","landuse":"","industrial":"","amenity":"loading_dock","freight":"","importance_rank":1,"importance":"local_connector"},"geometry":{"type":"Point","coordinates":[-1.5597808,54.9537026]}},{"type":"Feature","properties":{"id":"uk-osm-logistics-node-7630262306","name":"OSM logistics facility node/7630262306","hub_type":"truck_terminal","operator_classification":"other","source_operator":"","osm_type":"node","osm_id":"7630262306","railway":"","landuse":"","industrial":"","amenity":"loading_dock","freight":"","importance_rank":1,"importance":"local_connector"},"geometry":{"type":"Point","coordinates":[-1.561508,54.9949606]}},{"type":"Feature","properties":{"id":"uk-osm-logistics-node-7636342188","name":"OSM logistics facility node/7636342188","hub_type":"truck_terminal","operator_classification":"other","source_operator":"","osm_type":"node","osm_id":"7636342188","railway":"","landuse":"","industrial":"","amenity":"loading_dock","freight":"","importance_rank":1,"importance":"local_connector"},"geometry":{"type":"Point","coordinates":[-0.6764655,53.6067845]}},{"type":"Feature","properties":{"id":"uk-osm-logistics-node-7636342189","name":"OSM logistics facility node/7636342189","hub_type":"truck_terminal","operator_classification":"other","source_operator":"","osm_type":"node","osm_id":"7636342189","railway":"","landuse":"","industrial":"","amenity":"loading_dock","freight":"","importance_rank":1,"importance":"local_connector"},"geometry":{"type":"Point","coordinates":[-0.6763913,53.6067897]}},{"type":"Feature","properties":{"id":"uk-osm-logistics-node-7646097265","name":"OSM logistics facility node/7646097265","hub_type":"truck_terminal","operator_classification":"other","source_operator":"","osm_type":"node","osm_id":"7646097265","railway":"","landuse":"","industrial":"","amenity":"loading_dock","freight":"","importance_rank":1,"importance":"local_connector"},"geometry":{"type":"Point","coordinates":[-4.294464,55.8232556]}},{"type":"Feature","properties":{"id":"uk-osm-logistics-node-7746890300","name":"OSM logistics facility node/7746890300","hub_type":"truck_terminal","operator_classification":"other","source_operator":"","osm_type":"node","osm_id":"7746890300","railway":"","landuse":"","industrial":"","amenity":"loading_dock","freight":"","importance_rank":1,"importance":"local_connector"},"geometry":{"type":"Point","coordinates":[-0.2217293,51.5103629]}},{"type":"Feature","properties":{"id":"uk-osm-logistics-node-7797439312","name":"OSM logistics facility node/7797439312","hub_type":"truck_terminal","operator_classification":"other","source_operator":"","osm_type":"node","osm_id":"7797439312","railway":"","landuse":"","industrial":"","amenity":"loading_dock","freight":"","importance_rank":1,"importance":"local_connector"},"geometry":{"type":"Point","coordinates":[-1.182435,50.633242]}},{"type":"Feature","properties":{"id":"uk-osm-logistics-node-7798495176","name":"OSM logistics facility node/7798495176","hub_type":"truck_terminal","operator_classification":"other","source_operator":"","osm_type":"node","osm_id":"7798495176","railway":"","landuse":"","industrial":"","amenity":"loading_dock","freight":"","importance_rank":1,"importance":"local_connector"},"geometry":{"type":"Point","coordinates":[-2.8543764,51.4287121]}},{"type":"Feature","properties":{"id":"uk-osm-logistics-node-7798495177","name":"OSM logistics facility node/7798495177","hub_type":"truck_terminal","operator_classification":"other","source_operator":"","osm_type":"node","osm_id":"7798495177","railway":"","landuse":"","industrial":"","amenity":"loading_dock","freight":"","importance_rank":1,"importance":"local_connector"},"geometry":{"type":"Point","coordinates":[-2.8543048,51.4287096]}},{"type":"Feature","properties":{"id":"uk-osm-logistics-node-7810574244","name":"OSM logistics facility node/7810574244","hub_type":"truck_terminal","operator_classification":"other","source_operator":"","osm_type":"node","osm_id":"7810574244","railway":"","landuse":"","industrial":"","amenity":"loading_dock","freight":"","importance_rank":1,"importance":"local_connector"},"geometry":{"type":"Point","coordinates":[-1.334602,53.7110098]}},{"type":"Feature","properties":{"id":"uk-osm-logistics-node-7820657500","name":"OSM logistics facility node/7820657500","hub_type":"truck_terminal","operator_classification":"other","source_operator":"","osm_type":"node","osm_id":"7820657500","railway":"","landuse":"","industrial":"","amenity":"loading_dock","freight":"","importance_rank":1,"importance":"local_connector"},"geometry":{"type":"Point","coordinates":[0.1425321,51.8620095]}},{"type":"Feature","properties":{"id":"uk-osm-logistics-node-7823515629","name":"OSM logistics facility node/7823515629","hub_type":"truck_terminal","operator_classification":"other","source_operator":"","osm_type":"node","osm_id":"7823515629","railway":"","landuse":"","industrial":"","amenity":"loading_dock","freight":"","importance_rank":1,"importance":"local_connector"},"geometry":{"type":"Point","coordinates":[-1.9829422,52.5866016]}},{"type":"Feature","properties":{"id":"uk-osm-logistics-node-7823515638","name":"OSM logistics facility node/7823515638","hub_type":"truck_terminal","operator_classification":"other","source_operator":"","osm_type":"node","osm_id":"7823515638","railway":"","landuse":"","industrial":"","amenity":"loading_dock","freight":"","importance_rank":1,"importance":"local_connector"},"geometry":{"type":"Point","coordinates":[-1.9828834,52.5865796]}},{"type":"Feature","properties":{"id":"uk-osm-logistics-node-7827997819","name":"OSM logistics facility node/7827997819","hub_type":"truck_terminal","operator_classification":"other","source_operator":"","osm_type":"node","osm_id":"7827997819","railway":"","landuse":"","industrial":"","amenity":"loading_dock","freight":"","importance_rank":1,"importance":"local_connector"},"geometry":{"type":"Point","coordinates":[-0.1014794,51.5118784]}},{"type":"Feature","properties":{"id":"uk-osm-logistics-node-7837892771","name":"OSM logistics facility node/7837892771","hub_type":"truck_terminal","operator_classification":"other","source_operator":"","osm_type":"node","osm_id":"7837892771","railway":"","landuse":"","industrial":"","amenity":"loading_dock","freight":"","importance_rank":1,"importance":"local_connector"},"geometry":{"type":"Point","coordinates":[-2.0110526,52.5664035]}},{"type":"Feature","properties":{"id":"uk-osm-logistics-node-7838593517","name":"OSM logistics facility node/7838593517","hub_type":"truck_terminal","operator_classification":"other","source_operator":"","osm_type":"node","osm_id":"7838593517","railway":"","landuse":"","industrial":"","amenity":"loading_dock","freight":"","importance_rank":1,"importance":"local_connector"},"geometry":{"type":"Point","coordinates":[-2.0167374,52.5702382]}},{"type":"Feature","properties":{"id":"uk-osm-logistics-node-7838593518","name":"OSM logistics facility node/7838593518","hub_type":"truck_terminal","operator_classification":"other","source_operator":"","osm_type":"node","osm_id":"7838593518","railway":"","landuse":"","industrial":"","amenity":"loading_dock","freight":"","importance_rank":1,"importance":"local_connector"},"geometry":{"type":"Point","coordinates":[-2.0167494,52.570276]}},{"type":"Feature","properties":{"id":"uk-osm-logistics-node-7838593519","name":"OSM logistics facility node/7838593519","hub_type":"truck_terminal","operator_classification":"other","source_operator":"","osm_type":"node","osm_id":"7838593519","railway":"","landuse":"","industrial":"","amenity":"loading_dock","freight":"","importance_rank":1,"importance":"local_connector"},"geometry":{"type":"Point","coordinates":[-2.0167593,52.5703069]}},{"type":"Feature","properties":{"id":"uk-osm-logistics-node-7850436233","name":"OSM logistics facility node/7850436233","hub_type":"truck_terminal","operator_classification":"other","source_operator":"","osm_type":"node","osm_id":"7850436233","railway":"","landuse":"","industrial":"","amenity":"loading_dock","freight":"","importance_rank":1,"importance":"local_connector"},"geometry":{"type":"Point","coordinates":[-2.0017057,52.5647558]}},{"type":"Feature","properties":{"id":"uk-osm-logistics-node-7850436234","name":"OSM logistics facility node/7850436234","hub_type":"truck_terminal","operator_classification":"other","source_operator":"","osm_type":"node","osm_id":"7850436234","railway":"","landuse":"","industrial":"","amenity":"loading_dock","freight":"","importance_rank":1,"importance":"local_connector"},"geometry":{"type":"Point","coordinates":[-2.001619,52.5647347]}},{"type":"Feature","properties":{"id":"uk-osm-logistics-node-7850436235","name":"OSM logistics facility node/7850436235","hub_type":"truck_terminal","operator_classification":"other","source_operator":"","osm_type":"node","osm_id":"7850436235","railway":"","landuse":"","industrial":"","amenity":"loading_dock","freight":"","importance_rank":1,"importance":"local_connector"},"geometry":{"type":"Point","coordinates":[-2.0015347,52.5647142]}},{"type":"Feature","properties":{"id":"uk-osm-logistics-node-7850436236","name":"OSM logistics facility node/7850436236","hub_type":"truck_terminal","operator_classification":"other","source_operator":"","osm_type":"node","osm_id":"7850436236","railway":"","landuse":"","industrial":"","amenity":"loading_dock","freight":"","importance_rank":1,"importance":"local_connector"},"geometry":{"type":"Point","coordinates":[-2.0014449,52.5646924]}},{"type":"Feature","properties":{"id":"uk-osm-logistics-node-7850436237","name":"OSM logistics facility node/7850436237","hub_type":"truck_terminal","operator_classification":"other","source_operator":"","osm_type":"node","osm_id":"7850436237","railway":"","landuse":"","industrial":"","amenity":"loading_dock","freight":"","importance_rank":1,"importance":"local_connector"},"geometry":{"type":"Point","coordinates":[-2.001364,52.5646728]}},{"type":"Feature","properties":{"id":"uk-osm-logistics-node-7850436238","name":"OSM logistics facility node/7850436238","hub_type":"truck_terminal","operator_classification":"other","source_operator":"","osm_type":"node","osm_id":"7850436238","railway":"","landuse":"","industrial":"","amenity":"loading_dock","freight":"","importance_rank":1,"importance":"local_connector"},"geometry":{"type":"Point","coordinates":[-2.0012755,52.5646513]}},{"type":"Feature","properties":{"id":"uk-osm-logistics-node-7850436239","name":"OSM logistics facility node/7850436239","hub_type":"truck_terminal","operator_classification":"other","source_operator":"","osm_type":"node","osm_id":"7850436239","railway":"","landuse":"","industrial":"","amenity":"loading_dock","freight":"","importance_rank":1,"importance":"local_connector"},"geometry":{"type":"Point","coordinates":[-2.0011892,52.5646303]}},{"type":"Feature","properties":{"id":"uk-osm-logistics-node-7850436240","name":"OSM logistics facility node/7850436240","hub_type":"truck_terminal","operator_classification":"other","source_operator":"","osm_type":"node","osm_id":"7850436240","railway":"","landuse":"","industrial":"","amenity":"loading_dock","freight":"","importance_rank":1,"importance":"local_connector"},"geometry":{"type":"Point","coordinates":[-2.0011051,52.5646099]}},{"type":"Feature","properties":{"id":"uk-osm-logistics-node-7875571602","name":"OSM logistics facility node/7875571602","hub_type":"truck_terminal","operator_classification":"other","source_operator":"","osm_type":"node","osm_id":"7875571602","railway":"","landuse":"","industrial":"","amenity":"loading_dock","freight":"","importance_rank":1,"importance":"local_connector"},"geometry":{"type":"Point","coordinates":[0.1352752,51.8756289]}},{"type":"Feature","properties":{"id":"uk-osm-logistics-node-7880125142","name":"OSM logistics facility node/7880125142","hub_type":"truck_terminal","operator_classification":"other","source_operator":"","osm_type":"node","osm_id":"7880125142","railway":"","landuse":"","industrial":"","amenity":"loading_dock","freight":"","importance_rank":1,"importance":"local_connector"},"geometry":{"type":"Point","coordinates":[0.1349324,51.8753368]}},{"type":"Feature","properties":{"id":"uk-osm-logistics-node-8063621405","name":"OSM logistics facility node/8063621405","hub_type":"truck_terminal","operator_classification":"other","source_operator":"","osm_type":"node","osm_id":"8063621405","railway":"","landuse":"","industrial":"","amenity":"loading_dock","freight":"","importance_rank":1,"importance":"local_connector"},"geometry":{"type":"Point","coordinates":[-0.0210905,51.5444799]}},{"type":"Feature","properties":{"id":"uk-osm-logistics-node-8063621407","name":"OSM logistics facility node/8063621407","hub_type":"truck_terminal","operator_classification":"other","source_operator":"","osm_type":"node","osm_id":"8063621407","railway":"","landuse":"","industrial":"","amenity":"loading_dock","freight":"","importance_rank":1,"importance":"local_connector"},"geometry":{"type":"Point","coordinates":[-0.0210944,51.5443487]}},{"type":"Feature","properties":{"id":"uk-osm-logistics-node-8063621408","name":"OSM logistics facility node/8063621408","hub_type":"truck_terminal","operator_classification":"other","source_operator":"","osm_type":"node","osm_id":"8063621408","railway":"","landuse":"","industrial":"","amenity":"loading_dock","freight":"","importance_rank":1,"importance":"local_connector"},"geometry":{"type":"Point","coordinates":[-0.0210933,51.544386]}},{"type":"Feature","properties":{"id":"uk-osm-logistics-node-8125200745","name":"OSM logistics facility node/8125200745","hub_type":"truck_terminal","operator_classification":"other","source_operator":"","osm_type":"node","osm_id":"8125200745","railway":"","landuse":"","industrial":"","amenity":"loading_dock","freight":"","importance_rank":1,"importance":"local_connector"},"geometry":{"type":"Point","coordinates":[-1.4726076,50.9252117]}},{"type":"Feature","properties":{"id":"uk-osm-logistics-node-8125200746","name":"OSM logistics facility node/8125200746","hub_type":"truck_terminal","operator_classification":"other","source_operator":"","osm_type":"node","osm_id":"8125200746","railway":"","landuse":"","industrial":"","amenity":"loading_dock","freight":"","importance_rank":1,"importance":"local_connector"},"geometry":{"type":"Point","coordinates":[-1.4725498,50.92521]}},{"type":"Feature","properties":{"id":"uk-osm-logistics-node-8125200747","name":"OSM logistics facility node/8125200747","hub_type":"truck_terminal","operator_classification":"other","source_operator":"","osm_type":"node","osm_id":"8125200747","railway":"","landuse":"","industrial":"","amenity":"loading_dock","freight":"","importance_rank":1,"importance":"local_connector"},"geometry":{"type":"Point","coordinates":[-1.4724877,50.9252082]}},{"type":"Feature","properties":{"id":"uk-osm-logistics-node-8125200748","name":"OSM logistics facility node/8125200748","hub_type":"truck_terminal","operator_classification":"other","source_operator":"","osm_type":"node","osm_id":"8125200748","railway":"","landuse":"","industrial":"","amenity":"loading_dock","freight":"","importance_rank":1,"importance":"local_connector"},"geometry":{"type":"Point","coordinates":[-1.472434,50.9252066]}},{"type":"Feature","properties":{"id":"uk-osm-logistics-node-8125200749","name":"OSM logistics facility node/8125200749","hub_type":"truck_terminal","operator_classification":"other","source_operator":"","osm_type":"node","osm_id":"8125200749","railway":"","landuse":"","industrial":"","amenity":"loading_dock","freight":"","importance_rank":1,"importance":"local_connector"},"geometry":{"type":"Point","coordinates":[-1.4723765,50.9252048]}},{"type":"Feature","properties":{"id":"uk-osm-logistics-node-8125200750","name":"OSM logistics facility node/8125200750","hub_type":"truck_terminal","operator_classification":"other","source_operator":"","osm_type":"node","osm_id":"8125200750","railway":"","landuse":"","industrial":"","amenity":"loading_dock","freight":"","importance_rank":1,"importance":"local_connector"},"geometry":{"type":"Point","coordinates":[-1.4723192,50.9252031]}},{"type":"Feature","properties":{"id":"uk-osm-logistics-node-8125200751","name":"OSM logistics facility node/8125200751","hub_type":"truck_terminal","operator_classification":"other","source_operator":"","osm_type":"node","osm_id":"8125200751","railway":"","landuse":"","industrial":"","amenity":"loading_dock","freight":"","importance_rank":1,"importance":"local_connector"},"geometry":{"type":"Point","coordinates":[-1.4722617,50.9252014]}},{"type":"Feature","properties":{"id":"uk-osm-logistics-node-8125200752","name":"OSM logistics facility node/8125200752","hub_type":"truck_terminal","operator_classification":"other","source_operator":"","osm_type":"node","osm_id":"8125200752","railway":"","landuse":"","industrial":"","amenity":"loading_dock","freight":"","importance_rank":1,"importance":"local_connector"},"geometry":{"type":"Point","coordinates":[-1.4722044,50.9251997]}},{"type":"Feature","properties":{"id":"uk-osm-logistics-node-8125200753","name":"OSM logistics facility node/8125200753","hub_type":"truck_terminal","operator_classification":"other","source_operator":"","osm_type":"node","osm_id":"8125200753","railway":"","landuse":"","industrial":"","amenity":"loading_dock","freight":"","importance_rank":1,"importance":"local_connector"},"geometry":{"type":"Point","coordinates":[-1.4739188,50.925143]}},{"type":"Feature","properties":{"id":"uk-osm-logistics-node-8125200754","name":"OSM logistics facility node/8125200754","hub_type":"truck_terminal","operator_classification":"other","source_operator":"","osm_type":"node","osm_id":"8125200754","railway":"","landuse":"","industrial":"","amenity":"loading_dock","freight":"","importance_rank":1,"importance":"local_connector"},"geometry":{"type":"Point","coordinates":[-1.4739211,50.9251099]}},{"type":"Feature","properties":{"id":"uk-osm-logistics-node-8125200755","name":"OSM logistics facility node/8125200755","hub_type":"truck_terminal","operator_classification":"other","source_operator":"","osm_type":"node","osm_id":"8125200755","railway":"","landuse":"","industrial":"","amenity":"loading_dock","freight":"","importance_rank":1,"importance":"local_connector"},"geometry":{"type":"Point","coordinates":[-1.4739234,50.9250775]}},{"type":"Feature","properties":{"id":"uk-osm-logistics-node-8125200756","name":"OSM logistics facility node/8125200756","hub_type":"truck_terminal","operator_classification":"other","source_operator":"","osm_type":"node","osm_id":"8125200756","railway":"","landuse":"","industrial":"","amenity":"loading_dock","freight":"","importance_rank":1,"importance":"local_connector"},"geometry":{"type":"Point","coordinates":[-1.4739256,50.9250468]}},{"type":"Feature","properties":{"id":"uk-osm-logistics-node-8125200757","name":"OSM logistics facility node/8125200757","hub_type":"truck_terminal","operator_classification":"other","source_operator":"","osm_type":"node","osm_id":"8125200757","railway":"","landuse":"","industrial":"","amenity":"loading_dock","freight":"","importance_rank":1,"importance":"local_connector"},"geometry":{"type":"Point","coordinates":[-1.4739278,50.9250151]}},{"type":"Feature","properties":{"id":"uk-osm-logistics-node-8125200758","name":"OSM logistics facility node/8125200758","hub_type":"truck_terminal","operator_classification":"other","source_operator":"","osm_type":"node","osm_id":"8125200758","railway":"","landuse":"","industrial":"","amenity":"loading_dock","freight":"","importance_rank":1,"importance":"local_connector"},"geometry":{"type":"Point","coordinates":[-1.47393,50.9249843]}},{"type":"Feature","properties":{"id":"uk-osm-logistics-node-8125226271","name":"OSM logistics facility node/8125226271","hub_type":"truck_terminal","operator_classification":"other","source_operator":"","osm_type":"node","osm_id":"8125226271","railway":"","landuse":"","industrial":"","amenity":"loading_dock","freight":"","importance_rank":1,"importance":"local_connector"},"geometry":{"type":"Point","coordinates":[-1.4715539,50.9329618]}},{"type":"Feature","properties":{"id":"uk-osm-logistics-node-8125226272","name":"OSM logistics facility node/8125226272","hub_type":"truck_terminal","operator_classification":"other","source_operator":"","osm_type":"node","osm_id":"8125226272","railway":"","landuse":"","industrial":"","amenity":"loading_dock","freight":"","importance_rank":1,"importance":"local_connector"},"geometry":{"type":"Point","coordinates":[-1.4715676,50.9329259]}},{"type":"Feature","properties":{"id":"uk-osm-logistics-node-8125226273","name":"OSM logistics facility node/8125226273","hub_type":"truck_terminal","operator_classification":"other","source_operator":"","osm_type":"node","osm_id":"8125226273","railway":"","landuse":"","industrial":"","amenity":"loading_dock","freight":"","importance_rank":1,"importance":"local_connector"},"geometry":{"type":"Point","coordinates":[-1.4715819,50.9328887]}},{"type":"Feature","properties":{"id":"uk-osm-logistics-node-8125226274","name":"OSM logistics facility node/8125226274","hub_type":"truck_terminal","operator_classification":"other","source_operator":"","osm_type":"node","osm_id":"8125226274","railway":"","landuse":"","industrial":"","amenity":"loading_dock","freight":"","importance_rank":1,"importance":"local_connector"},"geometry":{"type":"Point","coordinates":[-1.4715958,50.9328524]}},{"type":"Feature","properties":{"id":"uk-osm-logistics-node-8125226275","name":"OSM logistics facility node/8125226275","hub_type":"truck_terminal","operator_classification":"other","source_operator":"","osm_type":"node","osm_id":"8125226275","railway":"","landuse":"","industrial":"","amenity":"loading_dock","freight":"","importance_rank":1,"importance":"local_connector"},"geometry":{"type":"Point","coordinates":[-1.4716089,50.932818]}},{"type":"Feature","properties":{"id":"uk-osm-logistics-node-8125226276","name":"OSM logistics facility node/8125226276","hub_type":"truck_terminal","operator_classification":"other","source_operator":"","osm_type":"node","osm_id":"8125226276","railway":"","landuse":"","industrial":"","amenity":"loading_dock","freight":"","importance_rank":1,"importance":"local_connector"},"geometry":{"type":"Point","coordinates":[-1.4716234,50.9327803]}},{"type":"Feature","properties":{"id":"uk-osm-logistics-node-8125226277","name":"OSM logistics facility node/8125226277","hub_type":"truck_terminal","operator_classification":"other","source_operator":"","osm_type":"node","osm_id":"8125226277","railway":"","landuse":"","industrial":"","amenity":"loading_dock","freight":"","importance_rank":1,"importance":"local_connector"},"geometry":{"type":"Point","coordinates":[-1.4716357,50.9327479]}},{"type":"Feature","properties":{"id":"uk-osm-logistics-node-8125226278","name":"OSM logistics facility node/8125226278","hub_type":"truck_terminal","operator_classification":"other","source_operator":"","osm_type":"node","osm_id":"8125226278","railway":"","landuse":"","industrial":"","amenity":"loading_dock","freight":"","importance_rank":1,"importance":"local_connector"},"geometry":{"type":"Point","coordinates":[-1.4716505,50.9327093]}},{"type":"Feature","properties":{"id":"uk-osm-logistics-node-8125226279","name":"OSM logistics facility node/8125226279","hub_type":"truck_terminal","operator_classification":"other","source_operator":"","osm_type":"node","osm_id":"8125226279","railway":"","landuse":"","industrial":"","amenity":"loading_dock","freight":"","importance_rank":1,"importance":"local_connector"},"geometry":{"type":"Point","coordinates":[-1.4716761,50.9326426]}},{"type":"Feature","properties":{"id":"uk-osm-logistics-node-8125226280","name":"OSM logistics facility node/8125226280","hub_type":"truck_terminal","operator_classification":"other","source_operator":"","osm_type":"node","osm_id":"8125226280","railway":"","landuse":"","industrial":"","amenity":"loading_dock","freight":"","importance_rank":1,"importance":"local_connector"},"geometry":{"type":"Point","coordinates":[-1.4716909,50.9326039]}},{"type":"Feature","properties":{"id":"uk-osm-logistics-node-8125226281","name":"OSM logistics facility node/8125226281","hub_type":"truck_terminal","operator_classification":"other","source_operator":"","osm_type":"node","osm_id":"8125226281","railway":"","landuse":"","industrial":"","amenity":"loading_dock","freight":"","importance_rank":1,"importance":"local_connector"},"geometry":{"type":"Point","coordinates":[-1.4717046,50.9325681]}},{"type":"Feature","properties":{"id":"uk-osm-logistics-node-8125226282","name":"OSM logistics facility node/8125226282","hub_type":"truck_terminal","operator_classification":"other","source_operator":"","osm_type":"node","osm_id":"8125226282","railway":"","landuse":"","industrial":"","amenity":"loading_dock","freight":"","importance_rank":1,"importance":"local_connector"},"geometry":{"type":"Point","coordinates":[-1.4717168,50.9325362]}},{"type":"Feature","properties":{"id":"uk-osm-logistics-node-8125226283","name":"OSM logistics facility node/8125226283","hub_type":"truck_terminal","operator_classification":"other","source_operator":"","osm_type":"node","osm_id":"8125226283","railway":"","landuse":"","industrial":"","amenity":"loading_dock","freight":"","importance_rank":1,"importance":"local_connector"},"geometry":{"type":"Point","coordinates":[-1.4717305,50.9325004]}},{"type":"Feature","properties":{"id":"uk-osm-logistics-node-8125226284","name":"OSM logistics facility node/8125226284","hub_type":"truck_terminal","operator_classification":"other","source_operator":"","osm_type":"node","osm_id":"8125226284","railway":"","landuse":"","industrial":"","amenity":"loading_dock","freight":"","importance_rank":1,"importance":"local_connector"},"geometry":{"type":"Point","coordinates":[-1.4717434,50.9324667]}},{"type":"Feature","properties":{"id":"uk-osm-logistics-node-8125226285","name":"OSM logistics facility node/8125226285","hub_type":"truck_terminal","operator_classification":"other","source_operator":"","osm_type":"node","osm_id":"8125226285","railway":"","landuse":"","industrial":"","amenity":"loading_dock","freight":"","importance_rank":1,"importance":"local_connector"},"geometry":{"type":"Point","coordinates":[-1.4717839,50.9323608]}},{"type":"Feature","properties":{"id":"uk-osm-logistics-node-8125226286","name":"OSM logistics facility node/8125226286","hub_type":"truck_terminal","operator_classification":"other","source_operator":"","osm_type":"node","osm_id":"8125226286","railway":"","landuse":"","industrial":"","amenity":"loading_dock","freight":"","importance_rank":1,"importance":"local_connector"},"geometry":{"type":"Point","coordinates":[-1.4717973,50.9323259]}},{"type":"Feature","properties":{"id":"uk-osm-logistics-node-8125226287","name":"OSM logistics facility node/8125226287","hub_type":"truck_terminal","operator_classification":"other","source_operator":"","osm_type":"node","osm_id":"8125226287","railway":"","landuse":"","industrial":"","amenity":"loading_dock","freight":"","importance_rank":1,"importance":"local_connector"},"geometry":{"type":"Point","coordinates":[-1.4718116,50.9322884]}},{"type":"Feature","properties":{"id":"uk-osm-logistics-node-8125226288","name":"OSM logistics facility node/8125226288","hub_type":"truck_terminal","operator_classification":"other","source_operator":"","osm_type":"node","osm_id":"8125226288","railway":"","landuse":"","industrial":"","amenity":"loading_dock","freight":"","importance_rank":1,"importance":"local_connector"},"geometry":{"type":"Point","coordinates":[-1.4718241,50.9322558]}},{"type":"Feature","properties":{"id":"uk-osm-logistics-node-8125226289","name":"OSM logistics facility node/8125226289","hub_type":"truck_terminal","operator_classification":"other","source_operator":"","osm_type":"node","osm_id":"8125226289","railway":"","landuse":"","industrial":"","amenity":"loading_dock","freight":"","importance_rank":1,"importance":"local_connector"},"geometry":{"type":"Point","coordinates":[-1.4718383,50.9322186]}},{"type":"Feature","properties":{"id":"uk-osm-logistics-node-8125226290","name":"OSM logistics facility node/8125226290","hub_type":"truck_terminal","operator_classification":"other","source_operator":"","osm_type":"node","osm_id":"8125226290","railway":"","landuse":"","industrial":"","amenity":"loading_dock","freight":"","importance_rank":1,"importance":"local_connector"},"geometry":{"type":"Point","coordinates":[-1.4718509,50.9321858]}},{"type":"Feature","properties":{"id":"uk-osm-logistics-node-8125226291","name":"OSM logistics facility node/8125226291","hub_type":"truck_terminal","operator_classification":"other","source_operator":"","osm_type":"node","osm_id":"8125226291","railway":"","landuse":"","industrial":"","amenity":"loading_dock","freight":"","importance_rank":1,"importance":"local_connector"},"geometry":{"type":"Point","coordinates":[-1.4718633,50.9321533]}},{"type":"Feature","properties":{"id":"uk-osm-logistics-node-8125226292","name":"OSM logistics facility node/8125226292","hub_type":"truck_terminal","operator_classification":"other","source_operator":"","osm_type":"node","osm_id":"8125226292","railway":"","landuse":"","industrial":"","amenity":"loading_dock","freight":"","importance_rank":1,"importance":"local_connector"},"geometry":{"type":"Point","coordinates":[-1.4718777,50.9321158]}},{"type":"Feature","properties":{"id":"uk-osm-logistics-node-8125226293","name":"OSM logistics facility node/8125226293","hub_type":"truck_terminal","operator_classification":"other","source_operator":"","osm_type":"node","osm_id":"8125226293","railway":"","landuse":"","industrial":"","amenity":"loading_dock","freight":"","importance_rank":1,"importance":"local_connector"},"geometry":{"type":"Point","coordinates":[-1.4718909,50.9320814]}},{"type":"Feature","properties":{"id":"uk-osm-logistics-node-8125226294","name":"OSM logistics facility node/8125226294","hub_type":"truck_terminal","operator_classification":"other","source_operator":"","osm_type":"node","osm_id":"8125226294","railway":"","landuse":"","industrial":"","amenity":"loading_dock","freight":"","importance_rank":1,"importance":"local_connector"},"geometry":{"type":"Point","coordinates":[-1.4719043,50.9320462]}},{"type":"Feature","properties":{"id":"uk-osm-logistics-node-8125226295","name":"OSM logistics facility node/8125226295","hub_type":"truck_terminal","operator_classification":"other","source_operator":"","osm_type":"node","osm_id":"8125226295","railway":"","landuse":"","industrial":"","amenity":"loading_dock","freight":"","importance_rank":1,"importance":"local_connector"},"geometry":{"type":"Point","coordinates":[-1.4719203,50.9320046]}},{"type":"Feature","properties":{"id":"uk-osm-logistics-node-8125226296","name":"OSM logistics facility node/8125226296","hub_type":"truck_terminal","operator_classification":"other","source_operator":"","osm_type":"node","osm_id":"8125226296","railway":"","landuse":"","industrial":"","amenity":"loading_dock","freight":"","importance_rank":1,"importance":"local_connector"},"geometry":{"type":"Point","coordinates":[-1.4719331,50.9319711]}},{"type":"Feature","properties":{"id":"uk-osm-logistics-node-8125226297","name":"OSM logistics facility node/8125226297","hub_type":"truck_terminal","operator_classification":"other","source_operator":"","osm_type":"node","osm_id":"8125226297","railway":"","landuse":"","industrial":"","amenity":"loading_dock","freight":"","importance_rank":1,"importance":"local_connector"},"geometry":{"type":"Point","coordinates":[-1.4719456,50.9319383]}},{"type":"Feature","properties":{"id":"uk-osm-logistics-node-8125226298","name":"OSM logistics facility node/8125226298","hub_type":"truck_terminal","operator_classification":"other","source_operator":"","osm_type":"node","osm_id":"8125226298","railway":"","landuse":"","industrial":"","amenity":"loading_dock","freight":"","importance_rank":1,"importance":"local_connector"},"geometry":{"type":"Point","coordinates":[-1.4719621,50.931895]}},{"type":"Feature","properties":{"id":"uk-osm-logistics-node-8125226299","name":"OSM logistics facility node/8125226299","hub_type":"truck_terminal","operator_classification":"other","source_operator":"","osm_type":"node","osm_id":"8125226299","railway":"","landuse":"","industrial":"","amenity":"loading_dock","freight":"","importance_rank":1,"importance":"local_connector"},"geometry":{"type":"Point","coordinates":[-1.4719754,50.9318603]}},{"type":"Feature","properties":{"id":"uk-osm-logistics-node-8125226300","name":"OSM logistics facility node/8125226300","hub_type":"truck_terminal","operator_classification":"other","source_operator":"","osm_type":"node","osm_id":"8125226300","railway":"","landuse":"","industrial":"","amenity":"loading_dock","freight":"","importance_rank":1,"importance":"local_connector"},"geometry":{"type":"Point","coordinates":[-1.4719897,50.9318231]}},{"type":"Feature","properties":{"id":"uk-osm-logistics-node-8125226301","name":"OSM logistics facility node/8125226301","hub_type":"truck_terminal","operator_classification":"other","source_operator":"","osm_type":"node","osm_id":"8125226301","railway":"","landuse":"","industrial":"","amenity":"loading_dock","freight":"","importance_rank":1,"importance":"local_connector"},"geometry":{"type":"Point","coordinates":[-1.4720035,50.9317868]}},{"type":"Feature","properties":{"id":"uk-osm-logistics-node-8125226302","name":"OSM logistics facility node/8125226302","hub_type":"truck_terminal","operator_classification":"other","source_operator":"","osm_type":"node","osm_id":"8125226302","railway":"","landuse":"","industrial":"","amenity":"loading_dock","freight":"","importance_rank":1,"importance":"local_connector"},"geometry":{"type":"Point","coordinates":[-1.4720281,50.9317226]}},{"type":"Feature","properties":{"id":"uk-osm-logistics-node-8125226303","name":"OSM logistics facility node/8125226303","hub_type":"truck_terminal","operator_classification":"other","source_operator":"","osm_type":"node","osm_id":"8125226303","railway":"","landuse":"","industrial":"","amenity":"loading_dock","freight":"","importance_rank":1,"importance":"local_connector"},"geometry":{"type":"Point","coordinates":[-1.4720407,50.9316898]}},{"type":"Feature","properties":{"id":"uk-osm-logistics-node-8125226304","name":"OSM logistics facility node/8125226304","hub_type":"truck_terminal","operator_classification":"other","source_operator":"","osm_type":"node","osm_id":"8125226304","railway":"","landuse":"","industrial":"","amenity":"loading_dock","freight":"","importance_rank":1,"importance":"local_connector"},"geometry":{"type":"Point","coordinates":[-1.4720552,50.9316519]}},{"type":"Feature","properties":{"id":"uk-osm-logistics-node-8125226305","name":"OSM logistics facility node/8125226305","hub_type":"truck_terminal","operator_classification":"other","source_operator":"","osm_type":"node","osm_id":"8125226305","railway":"","landuse":"","industrial":"","amenity":"loading_dock","freight":"","importance_rank":1,"importance":"local_connector"},"geometry":{"type":"Point","coordinates":[-1.4720687,50.9316165]}},{"type":"Feature","properties":{"id":"uk-osm-logistics-node-8125226306","name":"OSM logistics facility node/8125226306","hub_type":"truck_terminal","operator_classification":"other","source_operator":"","osm_type":"node","osm_id":"8125226306","railway":"","landuse":"","industrial":"","amenity":"loading_dock","freight":"","importance_rank":1,"importance":"local_connector"},"geometry":{"type":"Point","coordinates":[-1.4720842,50.931576]}},{"type":"Feature","properties":{"id":"uk-osm-logistics-node-8125226307","name":"OSM logistics facility node/8125226307","hub_type":"truck_terminal","operator_classification":"other","source_operator":"","osm_type":"node","osm_id":"8125226307","railway":"","landuse":"","industrial":"","amenity":"loading_dock","freight":"","importance_rank":1,"importance":"local_connector"},"geometry":{"type":"Point","coordinates":[-1.4721295,50.9314578]}},{"type":"Feature","properties":{"id":"uk-osm-logistics-node-8125226308","name":"OSM logistics facility node/8125226308","hub_type":"truck_terminal","operator_classification":"other","source_operator":"","osm_type":"node","osm_id":"8125226308","railway":"","landuse":"","industrial":"","amenity":"loading_dock","freight":"","importance_rank":1,"importance":"local_connector"},"geometry":{"type":"Point","coordinates":[-1.4721456,50.9314157]}},{"type":"Feature","properties":{"id":"uk-osm-logistics-node-8125226309","name":"OSM logistics facility node/8125226309","hub_type":"truck_terminal","operator_classification":"other","source_operator":"","osm_type":"node","osm_id":"8125226309","railway":"","landuse":"","industrial":"","amenity":"loading_dock","freight":"","importance_rank":1,"importance":"local_connector"},"geometry":{"type":"Point","coordinates":[-1.47216,50.9313781]}},{"type":"Feature","properties":{"id":"uk-osm-logistics-node-8125226310","name":"OSM logistics facility node/8125226310","hub_type":"truck_terminal","operator_classification":"other","source_operator":"","osm_type":"node","osm_id":"8125226310","railway":"","landuse":"","industrial":"","amenity":"loading_dock","freight":"","importance_rank":1,"importance":"local_connector"},"geometry":{"type":"Point","coordinates":[-1.472175,50.931339]}},{"type":"Feature","properties":{"id":"uk-osm-logistics-node-8125226311","name":"OSM logistics facility node/8125226311","hub_type":"truck_terminal","operator_classification":"other","source_operator":"","osm_type":"node","osm_id":"8125226311","railway":"","landuse":"","industrial":"","amenity":"loading_dock","freight":"","importance_rank":1,"importance":"local_connector"},"geometry":{"type":"Point","coordinates":[-1.4721874,50.9313066]}},{"type":"Feature","properties":{"id":"uk-osm-logistics-node-8125226312","name":"OSM logistics facility node/8125226312","hub_type":"truck_terminal","operator_classification":"other","source_operator":"","osm_type":"node","osm_id":"8125226312","railway":"","landuse":"","industrial":"","amenity":"loading_dock","freight":"","importance_rank":1,"importance":"local_connector"},"geometry":{"type":"Point","coordinates":[-1.4722009,50.9312712]}},{"type":"Feature","properties":{"id":"uk-osm-logistics-node-8125226313","name":"OSM logistics facility node/8125226313","hub_type":"truck_terminal","operator_classification":"other","source_operator":"","osm_type":"node","osm_id":"8125226313","railway":"","landuse":"","industrial":"","amenity":"loading_dock","freight":"","importance_rank":1,"importance":"local_connector"},"geometry":{"type":"Point","coordinates":[-1.4722129,50.9312398]}},{"type":"Feature","properties":{"id":"uk-osm-logistics-node-8125226314","name":"OSM logistics facility node/8125226314","hub_type":"truck_terminal","operator_classification":"other","source_operator":"","osm_type":"node","osm_id":"8125226314","railway":"","landuse":"","industrial":"","amenity":"loading_dock","freight":"","importance_rank":1,"importance":"local_connector"},"geometry":{"type":"Point","coordinates":[-1.4722295,50.9312008]}},{"type":"Feature","properties":{"id":"uk-osm-logistics-node-8125226315","name":"OSM logistics facility node/8125226315","hub_type":"truck_terminal","operator_classification":"other","source_operator":"","osm_type":"node","osm_id":"8125226315","railway":"","landuse":"","industrial":"","amenity":"loading_dock","freight":"","importance_rank":1,"importance":"local_connector"},"geometry":{"type":"Point","coordinates":[-1.4722437,50.9311635]}},{"type":"Feature","properties":{"id":"uk-osm-logistics-node-8125226316","name":"OSM logistics facility node/8125226316","hub_type":"truck_terminal","operator_classification":"other","source_operator":"","osm_type":"node","osm_id":"8125226316","railway":"","landuse":"","industrial":"","amenity":"loading_dock","freight":"","importance_rank":1,"importance":"local_connector"},"geometry":{"type":"Point","coordinates":[-1.4722574,50.9311275]}},{"type":"Feature","properties":{"id":"uk-osm-logistics-node-8125226317","name":"OSM logistics facility node/8125226317","hub_type":"truck_terminal","operator_classification":"other","source_operator":"","osm_type":"node","osm_id":"8125226317","railway":"","landuse":"","industrial":"","amenity":"loading_dock","freight":"","importance_rank":1,"importance":"local_connector"},"geometry":{"type":"Point","coordinates":[-1.472277,50.931076]}},{"type":"Feature","properties":{"id":"uk-osm-logistics-node-8125226318","name":"OSM logistics facility node/8125226318","hub_type":"truck_terminal","operator_classification":"other","source_operator":"","osm_type":"node","osm_id":"8125226318","railway":"","landuse":"","industrial":"","amenity":"loading_dock","freight":"","importance_rank":1,"importance":"local_connector"},"geometry":{"type":"Point","coordinates":[-1.4722961,50.9310257]}},{"type":"Feature","properties":{"id":"uk-osm-logistics-node-8125226319","name":"OSM logistics facility node/8125226319","hub_type":"truck_terminal","operator_classification":"other","source_operator":"","osm_type":"node","osm_id":"8125226319","railway":"","landuse":"","industrial":"","amenity":"loading_dock","freight":"","importance_rank":1,"importance":"local_connector"},"geometry":{"type":"Point","coordinates":[-1.472308,50.9309945]}},{"type":"Feature","properties":{"id":"uk-osm-logistics-node-8125226320","name":"OSM logistics facility node/8125226320","hub_type":"truck_terminal","operator_classification":"other","source_operator":"","osm_type":"node","osm_id":"8125226320","railway":"","landuse":"","industrial":"","amenity":"loading_dock","freight":"","importance_rank":1,"importance":"local_connector"},"geometry":{"type":"Point","coordinates":[-1.4723222,50.9309573]}},{"type":"Feature","properties":{"id":"uk-osm-logistics-node-8125226321","name":"OSM logistics facility node/8125226321","hub_type":"truck_terminal","operator_classification":"other","source_operator":"","osm_type":"node","osm_id":"8125226321","railway":"","landuse":"","industrial":"","amenity":"loading_dock","freight":"","importance_rank":1,"importance":"local_connector"},"geometry":{"type":"Point","coordinates":[-1.4723346,50.9309247]}},{"type":"Feature","properties":{"id":"uk-osm-logistics-node-8129694287","name":"OSM logistics facility node/8129694287","hub_type":"truck_terminal","operator_classification":"other","source_operator":"","osm_type":"node","osm_id":"8129694287","railway":"","landuse":"","industrial":"","amenity":"loading_dock","freight":"","importance_rank":1,"importance":"local_connector"},"geometry":{"type":"Point","coordinates":[0.0228253,51.5449763]}},{"type":"Feature","properties":{"id":"uk-osm-logistics-node-8129694288","name":"OSM logistics facility node/8129694288","hub_type":"truck_terminal","operator_classification":"other","source_operator":"","osm_type":"node","osm_id":"8129694288","railway":"","landuse":"","industrial":"","amenity":"loading_dock","freight":"","importance_rank":1,"importance":"local_connector"},"geometry":{"type":"Point","coordinates":[0.022775,51.5449721]}},{"type":"Feature","properties":{"id":"uk-osm-logistics-node-8129694289","name":"OSM logistics facility node/8129694289","hub_type":"truck_terminal","operator_classification":"other","source_operator":"","osm_type":"node","osm_id":"8129694289","railway":"","landuse":"","industrial":"","amenity":"loading_dock","freight":"","importance_rank":1,"importance":"local_connector"},"geometry":{"type":"Point","coordinates":[0.0227246,51.5449679]}},{"type":"Feature","properties":{"id":"uk-osm-logistics-node-8129694290","name":"OSM logistics facility node/8129694290","hub_type":"truck_terminal","operator_classification":"other","source_operator":"","osm_type":"node","osm_id":"8129694290","railway":"","landuse":"","industrial":"","amenity":"loading_dock","freight":"","importance_rank":1,"importance":"local_connector"},"geometry":{"type":"Point","coordinates":[0.0226743,51.5449636]}},{"type":"Feature","properties":{"id":"uk-osm-logistics-node-8129694291","name":"OSM logistics facility node/8129694291","hub_type":"truck_terminal","operator_classification":"other","source_operator":"","osm_type":"node","osm_id":"8129694291","railway":"","landuse":"","industrial":"","amenity":"loading_dock","freight":"","importance_rank":1,"importance":"local_connector"},"geometry":{"type":"Point","coordinates":[0.0232916,51.5450707]}},{"type":"Feature","properties":{"id":"uk-osm-logistics-node-8129694292","name":"OSM logistics facility node/8129694292","hub_type":"truck_terminal","operator_classification":"other","source_operator":"","osm_type":"node","osm_id":"8129694292","railway":"","landuse":"","industrial":"","amenity":"loading_dock","freight":"","importance_rank":1,"importance":"local_connector"},"geometry":{"type":"Point","coordinates":[0.0232422,51.545067]}},{"type":"Feature","properties":{"id":"uk-osm-logistics-node-8129694293","name":"OSM logistics facility node/8129694293","hub_type":"truck_terminal","operator_classification":"other","source_operator":"","osm_type":"node","osm_id":"8129694293","railway":"","landuse":"","industrial":"","amenity":"loading_dock","freight":"","importance_rank":1,"importance":"local_connector"},"geometry":{"type":"Point","coordinates":[0.0231928,51.5450632]}},{"type":"Feature","properties":{"id":"uk-osm-logistics-node-8129694294","name":"OSM logistics facility node/8129694294","hub_type":"truck_terminal","operator_classification":"other","source_operator":"","osm_type":"node","osm_id":"8129694294","railway":"","landuse":"","industrial":"","amenity":"loading_dock","freight":"","importance_rank":1,"importance":"local_connector"},"geometry":{"type":"Point","coordinates":[0.0231434,51.5450595]}},{"type":"Feature","properties":{"id":"uk-osm-logistics-node-8129694295","name":"OSM logistics facility node/8129694295","hub_type":"truck_terminal","operator_classification":"other","source_operator":"","osm_type":"node","osm_id":"8129694295","railway":"","landuse":"","industrial":"","amenity":"loading_dock","freight":"","importance_rank":1,"importance":"local_connector"},"geometry":{"type":"Point","coordinates":[0.023094,51.5450558]}},{"type":"Feature","properties":{"id":"uk-osm-logistics-node-8129694296","name":"OSM logistics facility node/8129694296","hub_type":"truck_terminal","operator_classification":"other","source_operator":"","osm_type":"node","osm_id":"8129694296","railway":"","landuse":"","industrial":"","amenity":"loading_dock","freight":"","importance_rank":1,"importance":"local_connector"},"geometry":{"type":"Point","coordinates":[0.0230446,51.5450521]}},{"type":"Feature","properties":{"id":"uk-osm-logistics-node-8129694297","name":"OSM logistics facility node/8129694297","hub_type":"truck_terminal","operator_classification":"other","source_operator":"","osm_type":"node","osm_id":"8129694297","railway":"","landuse":"","industrial":"","amenity":"loading_dock","freight":"","importance_rank":1,"importance":"local_connector"},"geometry":{"type":"Point","coordinates":[0.0229953,51.5450484]}},{"type":"Feature","properties":{"id":"uk-osm-logistics-node-8129694298","name":"OSM logistics facility node/8129694298","hub_type":"truck_terminal","operator_classification":"other","source_operator":"","osm_type":"node","osm_id":"8129694298","railway":"","landuse":"","industrial":"","amenity":"loading_dock","freight":"","importance_rank":1,"importance":"local_connector"},"geometry":{"type":"Point","coordinates":[0.0229459,51.5450447]}},{"type":"Feature","properties":{"id":"uk-osm-logistics-node-8156129075","name":"OSM logistics facility node/8156129075","hub_type":"truck_terminal","operator_classification":"other","source_operator":"","osm_type":"node","osm_id":"8156129075","railway":"","landuse":"","industrial":"","amenity":"loading_dock","freight":"","importance_rank":1,"importance":"local_connector"},"geometry":{"type":"Point","coordinates":[-1.2369459,52.9204895]}},{"type":"Feature","properties":{"id":"uk-osm-logistics-node-8169064679","name":"OSM logistics facility node/8169064679","hub_type":"truck_terminal","operator_classification":"other","source_operator":"","osm_type":"node","osm_id":"8169064679","railway":"","landuse":"","industrial":"","amenity":"loading_dock","freight":"","importance_rank":1,"importance":"local_connector"},"geometry":{"type":"Point","coordinates":[0.2858107,52.3984153]}},{"type":"Feature","properties":{"id":"uk-osm-logistics-node-8169064681","name":"OSM logistics facility node/8169064681","hub_type":"truck_terminal","operator_classification":"other","source_operator":"","osm_type":"node","osm_id":"8169064681","railway":"","landuse":"","industrial":"","amenity":"loading_dock","freight":"","importance_rank":1,"importance":"local_connector"},"geometry":{"type":"Point","coordinates":[0.2861027,52.3984722]}},{"type":"Feature","properties":{"id":"uk-osm-logistics-node-8169064683","name":"OSM logistics facility node/8169064683","hub_type":"truck_terminal","operator_classification":"other","source_operator":"","osm_type":"node","osm_id":"8169064683","railway":"","landuse":"","industrial":"","amenity":"loading_dock","freight":"","importance_rank":1,"importance":"local_connector"},"geometry":{"type":"Point","coordinates":[0.2860011,52.3984523]}},{"type":"Feature","properties":{"id":"uk-osm-logistics-node-8169064685","name":"OSM logistics facility node/8169064685","hub_type":"truck_terminal","operator_classification":"other","source_operator":"","osm_type":"node","osm_id":"8169064685","railway":"","landuse":"","industrial":"","amenity":"loading_dock","freight":"","importance_rank":1,"importance":"local_connector"},"geometry":{"type":"Point","coordinates":[0.2859043,52.3984334]}},{"type":"Feature","properties":{"id":"uk-osm-logistics-node-8258740373","name":"OSM logistics facility node/8258740373","hub_type":"truck_terminal","operator_classification":"other","source_operator":"","osm_type":"node","osm_id":"8258740373","railway":"","landuse":"","industrial":"","amenity":"loading_dock","freight":"","importance_rank":1,"importance":"local_connector"},"geometry":{"type":"Point","coordinates":[0.2596799,51.8888982]}},{"type":"Feature","properties":{"id":"uk-osm-logistics-node-8306377656","name":"OSM logistics facility node/8306377656","hub_type":"truck_terminal","operator_classification":"other","source_operator":"","osm_type":"node","osm_id":"8306377656","railway":"","landuse":"","industrial":"","amenity":"loading_dock","freight":"","importance_rank":1,"importance":"local_connector"},"geometry":{"type":"Point","coordinates":[-0.304147,51.4121812]}},{"type":"Feature","properties":{"id":"uk-osm-logistics-node-8308604677","name":"OSM logistics facility node/8308604677","hub_type":"truck_terminal","operator_classification":"other","source_operator":"","osm_type":"node","osm_id":"8308604677","railway":"","landuse":"","industrial":"","amenity":"loading_dock","freight":"","importance_rank":1,"importance":"local_connector"},"geometry":{"type":"Point","coordinates":[-0.3074559,51.4119334]}},{"type":"Feature","properties":{"id":"uk-osm-logistics-node-8325026229","name":"OSM logistics facility node/8325026229","hub_type":"truck_terminal","operator_classification":"other","source_operator":"","osm_type":"node","osm_id":"8325026229","railway":"","landuse":"","industrial":"","amenity":"loading_dock","freight":"","importance_rank":1,"importance":"local_connector"},"geometry":{"type":"Point","coordinates":[-1.3898505,50.9260884]}},{"type":"Feature","properties":{"id":"uk-osm-logistics-node-8382413617","name":"OSM logistics facility node/8382413617","hub_type":"truck_terminal","operator_classification":"other","source_operator":"","osm_type":"node","osm_id":"8382413617","railway":"","landuse":"","industrial":"","amenity":"loading_dock","freight":"","importance_rank":1,"importance":"local_connector"},"geometry":{"type":"Point","coordinates":[0.1751262,51.8659312]}},{"type":"Feature","properties":{"id":"uk-osm-logistics-node-8385469765","name":"OSM logistics facility node/8385469765","hub_type":"truck_terminal","operator_classification":"other","source_operator":"","osm_type":"node","osm_id":"8385469765","railway":"","landuse":"","industrial":"","amenity":"loading_dock","freight":"","importance_rank":1,"importance":"local_connector"},"geometry":{"type":"Point","coordinates":[-1.0582364,51.2835756]}},{"type":"Feature","properties":{"id":"uk-osm-logistics-node-8388875357","name":"OSM logistics facility node/8388875357","hub_type":"truck_terminal","operator_classification":"other","source_operator":"","osm_type":"node","osm_id":"8388875357","railway":"","landuse":"","industrial":"","amenity":"loading_dock","freight":"","importance_rank":1,"importance":"local_connector"},"geometry":{"type":"Point","coordinates":[0.0956544,51.7684473]}},{"type":"Feature","properties":{"id":"uk-osm-logistics-node-8425604252","name":"OSM logistics facility node/8425604252","hub_type":"truck_terminal","operator_classification":"other","source_operator":"","osm_type":"node","osm_id":"8425604252","railway":"","landuse":"","industrial":"","amenity":"loading_dock","freight":"","importance_rank":1,"importance":"local_connector"},"geometry":{"type":"Point","coordinates":[-1.3342583,52.0809609]}},{"type":"Feature","properties":{"id":"uk-osm-logistics-node-8425604253","name":"OSM logistics facility node/8425604253","hub_type":"truck_terminal","operator_classification":"other","source_operator":"","osm_type":"node","osm_id":"8425604253","railway":"","landuse":"","industrial":"","amenity":"loading_dock","freight":"","importance_rank":1,"importance":"local_connector"},"geometry":{"type":"Point","coordinates":[-1.3343126,52.0809557]}},{"type":"Feature","properties":{"id":"uk-osm-logistics-node-8425604254","name":"OSM logistics facility node/8425604254","hub_type":"truck_terminal","operator_classification":"other","source_operator":"","osm_type":"node","osm_id":"8425604254","railway":"","landuse":"","industrial":"","amenity":"loading_dock","freight":"","importance_rank":1,"importance":"local_connector"},"geometry":{"type":"Point","coordinates":[-1.3343744,52.0809497]}},{"type":"Feature","properties":{"id":"uk-osm-logistics-node-8425604255","name":"OSM logistics facility node/8425604255","hub_type":"truck_terminal","operator_classification":"other","source_operator":"","osm_type":"node","osm_id":"8425604255","railway":"","landuse":"","industrial":"","amenity":"loading_dock","freight":"","importance_rank":1,"importance":"local_connector"},"geometry":{"type":"Point","coordinates":[-1.33443,52.0809443]}},{"type":"Feature","properties":{"id":"uk-osm-logistics-node-8425604256","name":"OSM logistics facility node/8425604256","hub_type":"truck_terminal","operator_classification":"other","source_operator":"","osm_type":"node","osm_id":"8425604256","railway":"","landuse":"","industrial":"","amenity":"loading_dock","freight":"","importance_rank":1,"importance":"local_connector"},"geometry":{"type":"Point","coordinates":[-1.3340854,52.0809776]}},{"type":"Feature","properties":{"id":"uk-osm-logistics-node-8425604257","name":"OSM logistics facility node/8425604257","hub_type":"truck_terminal","operator_classification":"other","source_operator":"","osm_type":"node","osm_id":"8425604257","railway":"","landuse":"","industrial":"","amenity":"loading_dock","freight":"","importance_rank":1,"importance":"local_connector"},"geometry":{"type":"Point","coordinates":[-1.3341468,52.0809717]}},{"type":"Feature","properties":{"id":"uk-osm-logistics-node-8435138051","name":"OSM logistics facility node/8435138051","hub_type":"truck_terminal","operator_classification":"other","source_operator":"","osm_type":"node","osm_id":"8435138051","railway":"","landuse":"","industrial":"","amenity":"loading_dock","freight":"","importance_rank":1,"importance":"local_connector"},"geometry":{"type":"Point","coordinates":[-0.957216,51.4601146]}},{"type":"Feature","properties":{"id":"uk-osm-logistics-node-8475784814","name":"OSM logistics facility node/8475784814","hub_type":"truck_terminal","operator_classification":"other","source_operator":"","osm_type":"node","osm_id":"8475784814","railway":"","landuse":"","industrial":"","amenity":"loading_dock","freight":"","importance_rank":1,"importance":"local_connector"},"geometry":{"type":"Point","coordinates":[1.3045469,51.1525508]}},{"type":"Feature","properties":{"id":"uk-osm-logistics-node-8475784815","name":"OSM logistics facility node/8475784815","hub_type":"truck_terminal","operator_classification":"other","source_operator":"","osm_type":"node","osm_id":"8475784815","railway":"","landuse":"","industrial":"","amenity":"loading_dock","freight":"","importance_rank":1,"importance":"local_connector"},"geometry":{"type":"Point","coordinates":[1.3043593,51.1524563]}},{"type":"Feature","properties":{"id":"uk-osm-logistics-node-8475784816","name":"OSM logistics facility node/8475784816","hub_type":"truck_terminal","operator_classification":"other","source_operator":"","osm_type":"node","osm_id":"8475784816","railway":"","landuse":"","industrial":"","amenity":"loading_dock","freight":"","importance_rank":1,"importance":"local_connector"},"geometry":{"type":"Point","coordinates":[1.3041761,51.1523641]}},{"type":"Feature","properties":{"id":"uk-osm-logistics-node-8483992784","name":"OSM logistics facility node/8483992784","hub_type":"truck_terminal","operator_classification":"other","source_operator":"","osm_type":"node","osm_id":"8483992784","railway":"","landuse":"","industrial":"","amenity":"loading_dock","freight":"","importance_rank":1,"importance":"local_connector"},"geometry":{"type":"Point","coordinates":[0.1363716,51.8747924]}},{"type":"Feature","properties":{"id":"uk-osm-logistics-node-8501422921","name":"OSM logistics facility node/8501422921","hub_type":"truck_terminal","operator_classification":"other","source_operator":"","osm_type":"node","osm_id":"8501422921","railway":"","landuse":"","industrial":"","amenity":"loading_dock","freight":"","importance_rank":1,"importance":"local_connector"},"geometry":{"type":"Point","coordinates":[-0.1075816,50.8171755]}},{"type":"Feature","properties":{"id":"uk-osm-logistics-node-8552738872","name":"OSM logistics facility node/8552738872","hub_type":"truck_terminal","operator_classification":"other","source_operator":"","osm_type":"node","osm_id":"8552738872","railway":"","landuse":"","industrial":"","amenity":"loading_dock","freight":"","importance_rank":1,"importance":"local_connector"},"geometry":{"type":"Point","coordinates":[-2.7195148,53.4223016]}},{"type":"Feature","properties":{"id":"uk-osm-logistics-node-8590177567","name":"OSM logistics facility node/8590177567","hub_type":"truck_terminal","operator_classification":"other","source_operator":"","osm_type":"node","osm_id":"8590177567","railway":"","landuse":"","industrial":"","amenity":"loading_dock","freight":"","importance_rank":1,"importance":"local_connector"},"geometry":{"type":"Point","coordinates":[-1.0603226,51.2835766]}},{"type":"Feature","properties":{"id":"uk-osm-logistics-node-8607528632","name":"OSM logistics facility node/8607528632","hub_type":"truck_terminal","operator_classification":"other","source_operator":"","osm_type":"node","osm_id":"8607528632","railway":"","landuse":"","industrial":"","amenity":"loading_dock","freight":"","importance_rank":1,"importance":"local_connector"},"geometry":{"type":"Point","coordinates":[0.161964,51.869633]}},{"type":"Feature","properties":{"id":"uk-osm-logistics-node-8607528642","name":"OSM logistics facility node/8607528642","hub_type":"truck_terminal","operator_classification":"other","source_operator":"","osm_type":"node","osm_id":"8607528642","railway":"","landuse":"","industrial":"","amenity":"loading_dock","freight":"","importance_rank":1,"importance":"local_connector"},"geometry":{"type":"Point","coordinates":[0.1433058,51.8583871]}},{"type":"Feature","properties":{"id":"uk-osm-logistics-node-8607528644","name":"OSM logistics facility node/8607528644","hub_type":"truck_terminal","operator_classification":"other","source_operator":"","osm_type":"node","osm_id":"8607528644","railway":"","landuse":"","industrial":"","amenity":"loading_dock","freight":"","importance_rank":1,"importance":"local_connector"},"geometry":{"type":"Point","coordinates":[0.1436571,51.8585909]}},{"type":"Feature","properties":{"id":"uk-osm-logistics-node-8618212991","name":"OSM logistics facility node/8618212991","hub_type":"truck_terminal","operator_classification":"other","source_operator":"","osm_type":"node","osm_id":"8618212991","railway":"","landuse":"","industrial":"","amenity":"loading_dock","freight":"","importance_rank":1,"importance":"local_connector"},"geometry":{"type":"Point","coordinates":[-3.5813563,53.266805]}},{"type":"Feature","properties":{"id":"uk-osm-logistics-node-8681222605","name":"OSM logistics facility node/8681222605","hub_type":"truck_terminal","operator_classification":"other","source_operator":"","osm_type":"node","osm_id":"8681222605","railway":"","landuse":"","industrial":"","amenity":"loading_dock","freight":"","importance_rank":1,"importance":"local_connector"},"geometry":{"type":"Point","coordinates":[0.1948921,51.8711937]}},{"type":"Feature","properties":{"id":"uk-osm-logistics-node-8709828936","name":"OSM logistics facility node/8709828936","hub_type":"truck_terminal","operator_classification":"other","source_operator":"","osm_type":"node","osm_id":"8709828936","railway":"","landuse":"","industrial":"","amenity":"loading_dock","freight":"","importance_rank":1,"importance":"local_connector"},"geometry":{"type":"Point","coordinates":[-0.7380659,51.2420331]}},{"type":"Feature","properties":{"id":"uk-osm-logistics-node-8754631763","name":"OSM logistics facility node/8754631763","hub_type":"truck_terminal","operator_classification":"other","source_operator":"","osm_type":"node","osm_id":"8754631763","railway":"","landuse":"","industrial":"","amenity":"loading_dock","freight":"","importance_rank":1,"importance":"local_connector"},"geometry":{"type":"Point","coordinates":[-4.2201766,55.8439711]}},{"type":"Feature","properties":{"id":"uk-osm-logistics-node-8816648051","name":"OSM logistics facility node/8816648051","hub_type":"truck_terminal","operator_classification":"other","source_operator":"","osm_type":"node","osm_id":"8816648051","railway":"","landuse":"","industrial":"","amenity":"loading_dock","freight":"","importance_rank":1,"importance":"local_connector"},"geometry":{"type":"Point","coordinates":[-0.0213638,51.5351147]}},{"type":"Feature","properties":{"id":"uk-osm-logistics-node-8818529520","name":"OSM logistics facility node/8818529520","hub_type":"truck_terminal","operator_classification":"other","source_operator":"","osm_type":"node","osm_id":"8818529520","railway":"","landuse":"","industrial":"","amenity":"loading_dock","freight":"","importance_rank":1,"importance":"local_connector"},"geometry":{"type":"Point","coordinates":[-2.2942324,53.4589858]}},{"type":"Feature","properties":{"id":"uk-osm-logistics-node-8822564514","name":"OSM logistics facility node/8822564514","hub_type":"truck_terminal","operator_classification":"other","source_operator":"","osm_type":"node","osm_id":"8822564514","railway":"","landuse":"","industrial":"","amenity":"loading_dock","freight":"","importance_rank":1,"importance":"local_connector"},"geometry":{"type":"Point","coordinates":[-2.327369,53.4616438]}},{"type":"Feature","properties":{"id":"uk-osm-logistics-node-8822655517","name":"OSM logistics facility node/8822655517","hub_type":"truck_terminal","operator_classification":"other","source_operator":"","osm_type":"node","osm_id":"8822655517","railway":"","landuse":"","industrial":"","amenity":"loading_dock","freight":"","importance_rank":1,"importance":"local_connector"},"geometry":{"type":"Point","coordinates":[0.2588672,52.0134629]}},{"type":"Feature","properties":{"id":"uk-osm-logistics-node-8839433698","name":"OSM logistics facility node/8839433698","hub_type":"truck_terminal","operator_classification":"other","source_operator":"","osm_type":"node","osm_id":"8839433698","railway":"","landuse":"","industrial":"","amenity":"loading_dock","freight":"","importance_rank":1,"importance":"local_connector"},"geometry":{"type":"Point","coordinates":[-2.7099835,53.4588548]}},{"type":"Feature","properties":{"id":"uk-osm-logistics-node-8865339777","name":"OSM logistics facility node/8865339777","hub_type":"truck_terminal","operator_classification":"other","source_operator":"","osm_type":"node","osm_id":"8865339777","railway":"","landuse":"","industrial":"","amenity":"loading_dock","freight":"","importance_rank":1,"importance":"local_connector"},"geometry":{"type":"Point","coordinates":[-2.3290139,53.4617108]}},{"type":"Feature","properties":{"id":"uk-osm-logistics-node-8865339790","name":"OSM logistics facility node/8865339790","hub_type":"truck_terminal","operator_classification":"other","source_operator":"","osm_type":"node","osm_id":"8865339790","railway":"","landuse":"","industrial":"","amenity":"loading_dock","freight":"","importance_rank":1,"importance":"local_connector"},"geometry":{"type":"Point","coordinates":[-2.3284069,53.4613961]}},{"type":"Feature","properties":{"id":"uk-osm-logistics-node-8865339793","name":"OSM logistics facility node/8865339793","hub_type":"truck_terminal","operator_classification":"other","source_operator":"","osm_type":"node","osm_id":"8865339793","railway":"","landuse":"","industrial":"","amenity":"loading_dock","freight":"","importance_rank":1,"importance":"local_connector"},"geometry":{"type":"Point","coordinates":[-2.328401,53.4620763]}},{"type":"Feature","properties":{"id":"uk-osm-logistics-node-8865339795","name":"OSM logistics facility node/8865339795","hub_type":"truck_terminal","operator_classification":"other","source_operator":"","osm_type":"node","osm_id":"8865339795","railway":"","landuse":"","industrial":"","amenity":"loading_dock","freight":"","importance_rank":1,"importance":"local_connector"},"geometry":{"type":"Point","coordinates":[-2.3287144,53.46224]}},{"type":"Feature","properties":{"id":"uk-osm-logistics-node-8865339797","name":"OSM logistics facility node/8865339797","hub_type":"truck_terminal","operator_classification":"other","source_operator":"","osm_type":"node","osm_id":"8865339797","railway":"","landuse":"","industrial":"","amenity":"loading_dock","freight":"","importance_rank":1,"importance":"local_connector"},"geometry":{"type":"Point","coordinates":[-2.3280301,53.4619128]}},{"type":"Feature","properties":{"id":"uk-osm-logistics-node-8865339799","name":"OSM logistics facility node/8865339799","hub_type":"truck_terminal","operator_classification":"other","source_operator":"","osm_type":"node","osm_id":"8865339799","railway":"","landuse":"","industrial":"","amenity":"loading_dock","freight":"","importance_rank":1,"importance":"local_connector"},"geometry":{"type":"Point","coordinates":[-2.3277827,53.4618037]}},{"type":"Feature","properties":{"id":"uk-osm-logistics-node-8888245384","name":"OSM logistics facility node/8888245384","hub_type":"truck_terminal","operator_classification":"other","source_operator":"","osm_type":"node","osm_id":"8888245384","railway":"","landuse":"","industrial":"","amenity":"loading_dock","freight":"","importance_rank":1,"importance":"local_connector"},"geometry":{"type":"Point","coordinates":[-5.2551371,50.2282842]}},{"type":"Feature","properties":{"id":"uk-osm-logistics-node-8888245385","name":"OSM logistics facility node/8888245385","hub_type":"truck_terminal","operator_classification":"other","source_operator":"","osm_type":"node","osm_id":"8888245385","railway":"","landuse":"","industrial":"","amenity":"loading_dock","freight":"","importance_rank":1,"importance":"local_connector"},"geometry":{"type":"Point","coordinates":[-5.2549307,50.2281171]}},{"type":"Feature","properties":{"id":"uk-osm-logistics-node-8901145871","name":"OSM logistics facility node/8901145871","hub_type":"truck_terminal","operator_classification":"other","source_operator":"","osm_type":"node","osm_id":"8901145871","railway":"","landuse":"","industrial":"","amenity":"loading_dock","freight":"","importance_rank":1,"importance":"local_connector"},"geometry":{"type":"Point","coordinates":[-2.7279837,53.4477098]}},{"type":"Feature","properties":{"id":"uk-osm-logistics-node-8901145872","name":"OSM logistics facility node/8901145872","hub_type":"truck_terminal","operator_classification":"other","source_operator":"","osm_type":"node","osm_id":"8901145872","railway":"","landuse":"","industrial":"","amenity":"loading_dock","freight":"","importance_rank":1,"importance":"local_connector"},"geometry":{"type":"Point","coordinates":[-2.7280603,53.4477008]}},{"type":"Feature","properties":{"id":"uk-osm-logistics-node-8917814135","name":"OSM logistics facility node/8917814135","hub_type":"truck_terminal","operator_classification":"other","source_operator":"","osm_type":"node","osm_id":"8917814135","railway":"","landuse":"","industrial":"","amenity":"loading_dock","freight":"","importance_rank":1,"importance":"local_connector"},"geometry":{"type":"Point","coordinates":[-2.6139609,51.4429971]}},{"type":"Feature","properties":{"id":"uk-osm-logistics-node-8937954576","name":"OSM logistics facility node/8937954576","hub_type":"truck_terminal","operator_classification":"other","source_operator":"","osm_type":"node","osm_id":"8937954576","railway":"","landuse":"","industrial":"","amenity":"loading_dock","freight":"","importance_rank":1,"importance":"local_connector"},"geometry":{"type":"Point","coordinates":[0.0141372,51.4038947]}},{"type":"Feature","properties":{"id":"uk-osm-logistics-node-8960109963","name":"OSM logistics facility node/8960109963","hub_type":"truck_terminal","operator_classification":"other","source_operator":"","osm_type":"node","osm_id":"8960109963","railway":"","landuse":"","industrial":"","amenity":"loading_dock","freight":"","importance_rank":1,"importance":"local_connector"},"geometry":{"type":"Point","coordinates":[-2.7298283,53.4500685]}},{"type":"Feature","properties":{"id":"uk-osm-logistics-node-8968550069","name":"OSM logistics facility node/8968550069","hub_type":"truck_terminal","operator_classification":"other","source_operator":"","osm_type":"node","osm_id":"8968550069","railway":"","landuse":"","industrial":"","amenity":"loading_dock","freight":"","importance_rank":1,"importance":"local_connector"},"geometry":{"type":"Point","coordinates":[-5.2599908,50.2265184]}},{"type":"Feature","properties":{"id":"uk-osm-logistics-node-8968550070","name":"OSM logistics facility node/8968550070","hub_type":"truck_terminal","operator_classification":"other","source_operator":"","osm_type":"node","osm_id":"8968550070","railway":"","landuse":"","industrial":"","amenity":"loading_dock","freight":"","importance_rank":1,"importance":"local_connector"},"geometry":{"type":"Point","coordinates":[-5.2594059,50.2267759]}},{"type":"Feature","properties":{"id":"uk-osm-logistics-node-8972794846","name":"OSM logistics facility node/8972794846","hub_type":"truck_terminal","operator_classification":"other","source_operator":"","osm_type":"node","osm_id":"8972794846","railway":"","landuse":"","industrial":"","amenity":"loading_dock","freight":"","importance_rank":1,"importance":"local_connector"},"geometry":{"type":"Point","coordinates":[-2.7665806,54.1305781]}},{"type":"Feature","properties":{"id":"uk-osm-logistics-node-8996628569","name":"OSM logistics facility node/8996628569","hub_type":"truck_terminal","operator_classification":"other","source_operator":"","osm_type":"node","osm_id":"8996628569","railway":"","landuse":"","industrial":"","amenity":"loading_dock","freight":"","importance_rank":1,"importance":"local_connector"},"geometry":{"type":"Point","coordinates":[-5.251929,50.2279348]}},{"type":"Feature","properties":{"id":"uk-osm-logistics-node-8996628570","name":"OSM logistics facility node/8996628570","hub_type":"truck_terminal","operator_classification":"other","source_operator":"","osm_type":"node","osm_id":"8996628570","railway":"","landuse":"","industrial":"","amenity":"loading_dock","freight":"","importance_rank":1,"importance":"local_connector"},"geometry":{"type":"Point","coordinates":[-5.2521489,50.2278957]}},{"type":"Feature","properties":{"id":"uk-osm-logistics-node-8996628612","name":"OSM logistics facility node/8996628612","hub_type":"truck_terminal","operator_classification":"other","source_operator":"","osm_type":"node","osm_id":"8996628612","railway":"","landuse":"","industrial":"","amenity":"loading_dock","freight":"","importance_rank":1,"importance":"local_connector"},"geometry":{"type":"Point","coordinates":[-5.2534737,50.2283991]}},{"type":"Feature","properties":{"id":"uk-osm-logistics-node-8996628613","name":"OSM logistics facility node/8996628613","hub_type":"truck_terminal","operator_classification":"other","source_operator":"","osm_type":"node","osm_id":"8996628613","railway":"","landuse":"","industrial":"","amenity":"loading_dock","freight":"","importance_rank":1,"importance":"local_connector"},"geometry":{"type":"Point","coordinates":[-5.2536529,50.2283778]}},{"type":"Feature","properties":{"id":"uk-osm-logistics-node-8996636250","name":"OSM logistics facility node/8996636250","hub_type":"truck_terminal","operator_classification":"other","source_operator":"","osm_type":"node","osm_id":"8996636250","railway":"","landuse":"","industrial":"","amenity":"loading_dock","freight":"","importance_rank":1,"importance":"local_connector"},"geometry":{"type":"Point","coordinates":[-5.2550291,50.2281968]}},{"type":"Feature","properties":{"id":"uk-osm-logistics-node-9051032401","name":"OSM logistics facility node/9051032401","hub_type":"truck_terminal","operator_classification":"other","source_operator":"","osm_type":"node","osm_id":"9051032401","railway":"","landuse":"","industrial":"","amenity":"loading_dock","freight":"","importance_rank":1,"importance":"local_connector"},"geometry":{"type":"Point","coordinates":[0.4411408,51.2989085]}},{"type":"Feature","properties":{"id":"uk-osm-logistics-node-9056099205","name":"OSM logistics facility node/9056099205","hub_type":"truck_terminal","operator_classification":"other","source_operator":"","osm_type":"node","osm_id":"9056099205","railway":"","landuse":"","industrial":"","amenity":"loading_dock","freight":"","importance_rank":1,"importance":"local_connector"},"geometry":{"type":"Point","coordinates":[0.4978804,51.2862676]}},{"type":"Feature","properties":{"id":"uk-osm-logistics-node-9087904212","name":"OSM logistics facility node/9087904212","hub_type":"truck_terminal","operator_classification":"other","source_operator":"","osm_type":"node","osm_id":"9087904212","railway":"","landuse":"","industrial":"","amenity":"loading_dock","freight":"","importance_rank":1,"importance":"local_connector"},"geometry":{"type":"Point","coordinates":[-1.2262762,51.3954761]}},{"type":"Feature","properties":{"id":"uk-osm-logistics-node-9097775537","name":"OSM logistics facility node/9097775537","hub_type":"truck_terminal","operator_classification":"other","source_operator":"","osm_type":"node","osm_id":"9097775537","railway":"","landuse":"","industrial":"","amenity":"loading_dock","freight":"","importance_rank":1,"importance":"local_connector"},"geometry":{"type":"Point","coordinates":[0.2644158,51.8924963]}},{"type":"Feature","properties":{"id":"uk-osm-logistics-node-9098582162","name":"OSM logistics facility node/9098582162","hub_type":"truck_terminal","operator_classification":"other","source_operator":"","osm_type":"node","osm_id":"9098582162","railway":"","landuse":"","industrial":"","amenity":"loading_dock","freight":"","importance_rank":1,"importance":"local_connector"},"geometry":{"type":"Point","coordinates":[0.1655648,51.8673247]}},{"type":"Feature","properties":{"id":"uk-osm-logistics-node-9101398877","name":"OSM logistics facility node/9101398877","hub_type":"truck_terminal","operator_classification":"other","source_operator":"","osm_type":"node","osm_id":"9101398877","railway":"","landuse":"","industrial":"","amenity":"loading_dock","freight":"","importance_rank":1,"importance":"local_connector"},"geometry":{"type":"Point","coordinates":[-5.2924401,50.2149656]}},{"type":"Feature","properties":{"id":"uk-osm-logistics-node-9144966265","name":"OSM logistics facility node/9144966265","hub_type":"truck_terminal","operator_classification":"other","source_operator":"","osm_type":"node","osm_id":"9144966265","railway":"","landuse":"","industrial":"","amenity":"loading_dock","freight":"","importance_rank":1,"importance":"local_connector"},"geometry":{"type":"Point","coordinates":[0.2469063,51.4644104]}},{"type":"Feature","properties":{"id":"uk-osm-logistics-node-9144966266","name":"OSM logistics facility node/9144966266","hub_type":"truck_terminal","operator_classification":"other","source_operator":"","osm_type":"node","osm_id":"9144966266","railway":"","landuse":"","industrial":"","amenity":"loading_dock","freight":"","importance_rank":1,"importance":"local_connector"},"geometry":{"type":"Point","coordinates":[0.246869,51.4643796]}},{"type":"Feature","properties":{"id":"uk-osm-logistics-node-9144966267","name":"OSM logistics facility node/9144966267","hub_type":"truck_terminal","operator_classification":"other","source_operator":"","osm_type":"node","osm_id":"9144966267","railway":"","landuse":"","industrial":"","amenity":"loading_dock","freight":"","importance_rank":1,"importance":"local_connector"},"geometry":{"type":"Point","coordinates":[0.246837,51.4643532]}},{"type":"Feature","properties":{"id":"uk-osm-logistics-node-9144966268","name":"OSM logistics facility node/9144966268","hub_type":"truck_terminal","operator_classification":"other","source_operator":"","osm_type":"node","osm_id":"9144966268","railway":"","landuse":"","industrial":"","amenity":"loading_dock","freight":"","importance_rank":1,"importance":"local_connector"},"geometry":{"type":"Point","coordinates":[0.2468027,51.4643249]}},{"type":"Feature","properties":{"id":"uk-osm-logistics-node-9144966269","name":"OSM logistics facility node/9144966269","hub_type":"truck_terminal","operator_classification":"other","source_operator":"","osm_type":"node","osm_id":"9144966269","railway":"","landuse":"","industrial":"","amenity":"loading_dock","freight":"","importance_rank":1,"importance":"local_connector"},"geometry":{"type":"Point","coordinates":[0.2467657,51.4642943]}},{"type":"Feature","properties":{"id":"uk-osm-logistics-node-9144966270","name":"OSM logistics facility node/9144966270","hub_type":"truck_terminal","operator_classification":"other","source_operator":"","osm_type":"node","osm_id":"9144966270","railway":"","landuse":"","industrial":"","amenity":"loading_dock","freight":"","importance_rank":1,"importance":"local_connector"},"geometry":{"type":"Point","coordinates":[0.2467328,51.4642672]}},{"type":"Feature","properties":{"id":"uk-osm-logistics-node-9144966271","name":"OSM logistics facility node/9144966271","hub_type":"truck_terminal","operator_classification":"other","source_operator":"","osm_type":"node","osm_id":"9144966271","railway":"","landuse":"","industrial":"","amenity":"loading_dock","freight":"","importance_rank":1,"importance":"local_connector"},"geometry":{"type":"Point","coordinates":[0.2466982,51.4642386]}},{"type":"Feature","properties":{"id":"uk-osm-logistics-node-9144966272","name":"OSM logistics facility node/9144966272","hub_type":"truck_terminal","operator_classification":"other","source_operator":"","osm_type":"node","osm_id":"9144966272","railway":"","landuse":"","industrial":"","amenity":"loading_dock","freight":"","importance_rank":1,"importance":"local_connector"},"geometry":{"type":"Point","coordinates":[0.2466639,51.4642103]}},{"type":"Feature","properties":{"id":"uk-osm-logistics-node-9144966273","name":"OSM logistics facility node/9144966273","hub_type":"truck_terminal","operator_classification":"other","source_operator":"","osm_type":"node","osm_id":"9144966273","railway":"","landuse":"","industrial":"","amenity":"loading_dock","freight":"","importance_rank":1,"importance":"local_connector"},"geometry":{"type":"Point","coordinates":[0.2466261,51.4641791]}},{"type":"Feature","properties":{"id":"uk-osm-logistics-node-9144966274","name":"OSM logistics facility node/9144966274","hub_type":"truck_terminal","operator_classification":"other","source_operator":"","osm_type":"node","osm_id":"9144966274","railway":"","landuse":"","industrial":"","amenity":"loading_dock","freight":"","importance_rank":1,"importance":"local_connector"},"geometry":{"type":"Point","coordinates":[0.2465084,51.4640821]}},{"type":"Feature","properties":{"id":"uk-osm-logistics-node-9144966275","name":"OSM logistics facility node/9144966275","hub_type":"truck_terminal","operator_classification":"other","source_operator":"","osm_type":"node","osm_id":"9144966275","railway":"","landuse":"","industrial":"","amenity":"loading_dock","freight":"","importance_rank":1,"importance":"local_connector"},"geometry":{"type":"Point","coordinates":[0.2464763,51.4640555]}},{"type":"Feature","properties":{"id":"uk-osm-logistics-node-9144966276","name":"OSM logistics facility node/9144966276","hub_type":"truck_terminal","operator_classification":"other","source_operator":"","osm_type":"node","osm_id":"9144966276","railway":"","landuse":"","industrial":"","amenity":"loading_dock","freight":"","importance_rank":1,"importance":"local_connector"},"geometry":{"type":"Point","coordinates":[0.2464434,51.4640284]}},{"type":"Feature","properties":{"id":"uk-osm-logistics-node-9144966277","name":"OSM logistics facility node/9144966277","hub_type":"truck_terminal","operator_classification":"other","source_operator":"","osm_type":"node","osm_id":"9144966277","railway":"","landuse":"","industrial":"","amenity":"loading_dock","freight":"","importance_rank":1,"importance":"local_connector"},"geometry":{"type":"Point","coordinates":[0.2464006,51.463993]}},{"type":"Feature","properties":{"id":"uk-osm-logistics-node-9144966278","name":"OSM logistics facility node/9144966278","hub_type":"truck_terminal","operator_classification":"other","source_operator":"","osm_type":"node","osm_id":"9144966278","railway":"","landuse":"","industrial":"","amenity":"loading_dock","freight":"","importance_rank":1,"importance":"local_connector"},"geometry":{"type":"Point","coordinates":[0.2463713,51.4639689]}},{"type":"Feature","properties":{"id":"uk-osm-logistics-node-9144966279","name":"OSM logistics facility node/9144966279","hub_type":"truck_terminal","operator_classification":"other","source_operator":"","osm_type":"node","osm_id":"9144966279","railway":"","landuse":"","industrial":"","amenity":"loading_dock","freight":"","importance_rank":1,"importance":"local_connector"},"geometry":{"type":"Point","coordinates":[0.246334,51.4639381]}},{"type":"Feature","properties":{"id":"uk-osm-logistics-node-9144966280","name":"OSM logistics facility node/9144966280","hub_type":"truck_terminal","operator_classification":"other","source_operator":"","osm_type":"node","osm_id":"9144966280","railway":"","landuse":"","industrial":"","amenity":"loading_dock","freight":"","importance_rank":1,"importance":"local_connector"},"geometry":{"type":"Point","coordinates":[0.2461511,51.4637872]}},{"type":"Feature","properties":{"id":"uk-osm-logistics-node-9144966281","name":"OSM logistics facility node/9144966281","hub_type":"truck_terminal","operator_classification":"other","source_operator":"","osm_type":"node","osm_id":"9144966281","railway":"","landuse":"","industrial":"","amenity":"loading_dock","freight":"","importance_rank":1,"importance":"local_connector"},"geometry":{"type":"Point","coordinates":[0.2461102,51.4637535]}},{"type":"Feature","properties":{"id":"uk-osm-logistics-node-9144966282","name":"OSM logistics facility node/9144966282","hub_type":"truck_terminal","operator_classification":"other","source_operator":"","osm_type":"node","osm_id":"9144966282","railway":"","landuse":"","industrial":"","amenity":"loading_dock","freight":"","importance_rank":1,"importance":"local_connector"},"geometry":{"type":"Point","coordinates":[0.2460726,51.4637225]}},{"type":"Feature","properties":{"id":"uk-osm-logistics-node-9144966283","name":"OSM logistics facility node/9144966283","hub_type":"truck_terminal","operator_classification":"other","source_operator":"","osm_type":"node","osm_id":"9144966283","railway":"","landuse":"","industrial":"","amenity":"loading_dock","freight":"","importance_rank":1,"importance":"local_connector"},"geometry":{"type":"Point","coordinates":[0.246044,51.4636988]}},{"type":"Feature","properties":{"id":"uk-osm-logistics-node-9144966284","name":"OSM logistics facility node/9144966284","hub_type":"truck_terminal","operator_classification":"other","source_operator":"","osm_type":"node","osm_id":"9144966284","railway":"","landuse":"","industrial":"","amenity":"loading_dock","freight":"","importance_rank":1,"importance":"local_connector"},"geometry":{"type":"Point","coordinates":[0.2463032,51.4639127]}},{"type":"Feature","properties":{"id":"uk-osm-logistics-node-9144966285","name":"OSM logistics facility node/9144966285","hub_type":"truck_terminal","operator_classification":"other","source_operator":"","osm_type":"node","osm_id":"9144966285","railway":"","landuse":"","industrial":"","amenity":"loading_dock","freight":"","importance_rank":1,"importance":"local_connector"},"geometry":{"type":"Point","coordinates":[0.2462627,51.4638793]}},{"type":"Feature","properties":{"id":"uk-osm-logistics-node-9144966286","name":"OSM logistics facility node/9144966286","hub_type":"truck_terminal","operator_classification":"other","source_operator":"","osm_type":"node","osm_id":"9144966286","railway":"","landuse":"","industrial":"","amenity":"loading_dock","freight":"","importance_rank":1,"importance":"local_connector"},"geometry":{"type":"Point","coordinates":[0.2462305,51.4638527]}},{"type":"Feature","properties":{"id":"uk-osm-logistics-node-9144966287","name":"OSM logistics facility node/9144966287","hub_type":"truck_terminal","operator_classification":"other","source_operator":"","osm_type":"node","osm_id":"9144966287","railway":"","landuse":"","industrial":"","amenity":"loading_dock","freight":"","importance_rank":1,"importance":"local_connector"},"geometry":{"type":"Point","coordinates":[0.2461887,51.4638182]}},{"type":"Feature","properties":{"id":"uk-osm-logistics-node-9144966288","name":"OSM logistics facility node/9144966288","hub_type":"truck_terminal","operator_classification":"other","source_operator":"","osm_type":"node","osm_id":"9144966288","railway":"","landuse":"","industrial":"","amenity":"loading_dock","freight":"","importance_rank":1,"importance":"local_connector"},"geometry":{"type":"Point","coordinates":[0.2469404,51.4648625]}},{"type":"Feature","properties":{"id":"uk-osm-logistics-node-9144966289","name":"OSM logistics facility node/9144966289","hub_type":"truck_terminal","operator_classification":"other","source_operator":"","osm_type":"node","osm_id":"9144966289","railway":"","landuse":"","industrial":"","amenity":"loading_dock","freight":"","importance_rank":1,"importance":"local_connector"},"geometry":{"type":"Point","coordinates":[0.2468866,51.4648881]}},{"type":"Feature","properties":{"id":"uk-osm-logistics-node-9144966290","name":"OSM logistics facility node/9144966290","hub_type":"truck_terminal","operator_classification":"other","source_operator":"","osm_type":"node","osm_id":"9144966290","railway":"","landuse":"","industrial":"","amenity":"loading_dock","freight":"","importance_rank":1,"importance":"local_connector"},"geometry":{"type":"Point","coordinates":[0.2468363,51.464912]}},{"type":"Feature","properties":{"id":"uk-osm-logistics-node-9144966291","name":"OSM logistics facility node/9144966291","hub_type":"truck_terminal","operator_classification":"other","source_operator":"","osm_type":"node","osm_id":"9144966291","railway":"","landuse":"","industrial":"","amenity":"loading_dock","freight":"","importance_rank":1,"importance":"local_connector"},"geometry":{"type":"Point","coordinates":[0.2467655,51.4649457]}},{"type":"Feature","properties":{"id":"uk-osm-logistics-node-9144966292","name":"OSM logistics facility node/9144966292","hub_type":"truck_terminal","operator_classification":"other","source_operator":"","osm_type":"node","osm_id":"9144966292","railway":"","landuse":"","industrial":"","amenity":"loading_dock","freight":"","importance_rank":1,"importance":"local_connector"},"geometry":{"type":"Point","coordinates":[0.2467024,51.4649757]}},{"type":"Feature","properties":{"id":"uk-osm-logistics-node-9144966293","name":"OSM logistics facility node/9144966293","hub_type":"truck_terminal","operator_classification":"other","source_operator":"","osm_type":"node","osm_id":"9144966293","railway":"","landuse":"","industrial":"","amenity":"loading_dock","freight":"","importance_rank":1,"importance":"local_connector"},"geometry":{"type":"Point","coordinates":[0.2466505,51.4650004]}},{"type":"Feature","properties":{"id":"uk-osm-logistics-node-9144966294","name":"OSM logistics facility node/9144966294","hub_type":"truck_terminal","operator_classification":"other","source_operator":"","osm_type":"node","osm_id":"9144966294","railway":"","landuse":"","industrial":"","amenity":"loading_dock","freight":"","importance_rank":1,"importance":"local_connector"},"geometry":{"type":"Point","coordinates":[0.2465899,51.4650291]}},{"type":"Feature","properties":{"id":"uk-osm-logistics-node-9144966295","name":"OSM logistics facility node/9144966295","hub_type":"truck_terminal","operator_classification":"other","source_operator":"","osm_type":"node","osm_id":"9144966295","railway":"","landuse":"","industrial":"","amenity":"loading_dock","freight":"","importance_rank":1,"importance":"local_connector"},"geometry":{"type":"Point","coordinates":[0.2465329,51.4650563]}},{"type":"Feature","properties":{"id":"uk-osm-logistics-node-9144966296","name":"OSM logistics facility node/9144966296","hub_type":"truck_terminal","operator_classification":"other","source_operator":"","osm_type":"node","osm_id":"9144966296","railway":"","landuse":"","industrial":"","amenity":"loading_dock","freight":"","importance_rank":1,"importance":"local_connector"},"geometry":{"type":"Point","coordinates":[0.2464673,51.4650875]}},{"type":"Feature","properties":{"id":"uk-osm-logistics-node-9144966297","name":"OSM logistics facility node/9144966297","hub_type":"truck_terminal","operator_classification":"other","source_operator":"","osm_type":"node","osm_id":"9144966297","railway":"","landuse":"","industrial":"","amenity":"loading_dock","freight":"","importance_rank":1,"importance":"local_connector"},"geometry":{"type":"Point","coordinates":[0.2464097,51.4651148]}},{"type":"Feature","properties":{"id":"uk-osm-logistics-node-9144966298","name":"OSM logistics facility node/9144966298","hub_type":"truck_terminal","operator_classification":"other","source_operator":"","osm_type":"node","osm_id":"9144966298","railway":"","landuse":"","industrial":"","amenity":"loading_dock","freight":"","importance_rank":1,"importance":"local_connector"},"geometry":{"type":"Point","coordinates":[0.2463436,51.4651463]}},{"type":"Feature","properties":{"id":"uk-osm-logistics-node-9144966299","name":"OSM logistics facility node/9144966299","hub_type":"truck_terminal","operator_classification":"other","source_operator":"","osm_type":"node","osm_id":"9144966299","railway":"","landuse":"","industrial":"","amenity":"loading_dock","freight":"","importance_rank":1,"importance":"local_connector"},"geometry":{"type":"Point","coordinates":[0.2462898,51.4651719]}},{"type":"Feature","properties":{"id":"uk-osm-logistics-node-9144966300","name":"OSM logistics facility node/9144966300","hub_type":"truck_terminal","operator_classification":"other","source_operator":"","osm_type":"node","osm_id":"9144966300","railway":"","landuse":"","industrial":"","amenity":"loading_dock","freight":"","importance_rank":1,"importance":"local_connector"},"geometry":{"type":"Point","coordinates":[0.2462285,51.465201]}},{"type":"Feature","properties":{"id":"uk-osm-logistics-node-9144966301","name":"OSM logistics facility node/9144966301","hub_type":"truck_terminal","operator_classification":"other","source_operator":"","osm_type":"node","osm_id":"9144966301","railway":"","landuse":"","industrial":"","amenity":"loading_dock","freight":"","importance_rank":1,"importance":"local_connector"},"geometry":{"type":"Point","coordinates":[0.2461662,51.4652307]}},{"type":"Feature","properties":{"id":"uk-osm-logistics-node-9144966302","name":"OSM logistics facility node/9144966302","hub_type":"truck_terminal","operator_classification":"other","source_operator":"","osm_type":"node","osm_id":"9144966302","railway":"","landuse":"","industrial":"","amenity":"loading_dock","freight":"","importance_rank":1,"importance":"local_connector"},"geometry":{"type":"Point","coordinates":[0.2460525,51.4652847]}},{"type":"Feature","properties":{"id":"uk-osm-logistics-node-9144966303","name":"OSM logistics facility node/9144966303","hub_type":"truck_terminal","operator_classification":"other","source_operator":"","osm_type":"node","osm_id":"9144966303","railway":"","landuse":"","industrial":"","amenity":"loading_dock","freight":"","importance_rank":1,"importance":"local_connector"},"geometry":{"type":"Point","coordinates":[0.2459883,51.4653152]}},{"type":"Feature","properties":{"id":"uk-osm-logistics-node-9144966304","name":"OSM logistics facility node/9144966304","hub_type":"truck_terminal","operator_classification":"other","source_operator":"","osm_type":"node","osm_id":"9144966304","railway":"","landuse":"","industrial":"","amenity":"loading_dock","freight":"","importance_rank":1,"importance":"local_connector"},"geometry":{"type":"Point","coordinates":[0.2459219,51.4653468]}},{"type":"Feature","properties":{"id":"uk-osm-logistics-node-9144966305","name":"OSM logistics facility node/9144966305","hub_type":"truck_terminal","operator_classification":"other","source_operator":"","osm_type":"node","osm_id":"9144966305","railway":"","landuse":"","industrial":"","amenity":"loading_dock","freight":"","importance_rank":1,"importance":"local_connector"},"geometry":{"type":"Point","coordinates":[0.2458636,51.4653745]}},{"type":"Feature","properties":{"id":"uk-osm-logistics-node-9144966306","name":"OSM logistics facility node/9144966306","hub_type":"truck_terminal","operator_classification":"other","source_operator":"","osm_type":"node","osm_id":"9144966306","railway":"","landuse":"","industrial":"","amenity":"loading_dock","freight":"","importance_rank":1,"importance":"local_connector"},"geometry":{"type":"Point","coordinates":[0.2458078,51.4654011]}},{"type":"Feature","properties":{"id":"uk-osm-logistics-node-9144966307","name":"OSM logistics facility node/9144966307","hub_type":"truck_terminal","operator_classification":"other","source_operator":"","osm_type":"node","osm_id":"9144966307","railway":"","landuse":"","industrial":"","amenity":"loading_dock","freight":"","importance_rank":1,"importance":"local_connector"},"geometry":{"type":"Point","coordinates":[0.2457388,51.4654339]}},{"type":"Feature","properties":{"id":"uk-osm-logistics-node-9144966308","name":"OSM logistics facility node/9144966308","hub_type":"truck_terminal","operator_classification":"other","source_operator":"","osm_type":"node","osm_id":"9144966308","railway":"","landuse":"","industrial":"","amenity":"loading_dock","freight":"","importance_rank":1,"importance":"local_connector"},"geometry":{"type":"Point","coordinates":[0.2456859,51.465459]}},{"type":"Feature","properties":{"id":"uk-osm-logistics-node-9144966309","name":"OSM logistics facility node/9144966309","hub_type":"truck_terminal","operator_classification":"other","source_operator":"","osm_type":"node","osm_id":"9144966309","railway":"","landuse":"","industrial":"","amenity":"loading_dock","freight":"","importance_rank":1,"importance":"local_connector"},"geometry":{"type":"Point","coordinates":[0.2456244,51.4654883]}},{"type":"Feature","properties":{"id":"uk-osm-logistics-node-9144966310","name":"OSM logistics facility node/9144966310","hub_type":"truck_terminal","operator_classification":"other","source_operator":"","osm_type":"node","osm_id":"9144966310","railway":"","landuse":"","industrial":"","amenity":"loading_dock","freight":"","importance_rank":1,"importance":"local_connector"},"geometry":{"type":"Point","coordinates":[0.2455626,51.4655177]}},{"type":"Feature","properties":{"id":"uk-osm-logistics-node-9144966311","name":"OSM logistics facility node/9144966311","hub_type":"truck_terminal","operator_classification":"other","source_operator":"","osm_type":"node","osm_id":"9144966311","railway":"","landuse":"","industrial":"","amenity":"loading_dock","freight":"","importance_rank":1,"importance":"local_connector"},"geometry":{"type":"Point","coordinates":[0.245506,51.4655446]}},{"type":"Feature","properties":{"id":"uk-osm-logistics-node-9144966312","name":"OSM logistics facility node/9144966312","hub_type":"truck_terminal","operator_classification":"other","source_operator":"","osm_type":"node","osm_id":"9144966312","railway":"","landuse":"","industrial":"","amenity":"loading_dock","freight":"","importance_rank":1,"importance":"local_connector"},"geometry":{"type":"Point","coordinates":[0.2454409,51.4655755]}},{"type":"Feature","properties":{"id":"uk-osm-logistics-node-9144966313","name":"OSM logistics facility node/9144966313","hub_type":"truck_terminal","operator_classification":"other","source_operator":"","osm_type":"node","osm_id":"9144966313","railway":"","landuse":"","industrial":"","amenity":"loading_dock","freight":"","importance_rank":1,"importance":"local_connector"},"geometry":{"type":"Point","coordinates":[0.2453813,51.4656039]}},{"type":"Feature","properties":{"id":"uk-osm-logistics-node-9144966314","name":"OSM logistics facility node/9144966314","hub_type":"truck_terminal","operator_classification":"other","source_operator":"","osm_type":"node","osm_id":"9144966314","railway":"","landuse":"","industrial":"","amenity":"loading_dock","freight":"","importance_rank":1,"importance":"local_connector"},"geometry":{"type":"Point","coordinates":[0.2453183,51.4656338]}},{"type":"Feature","properties":{"id":"uk-osm-logistics-node-9144966315","name":"OSM logistics facility node/9144966315","hub_type":"truck_terminal","operator_classification":"other","source_operator":"","osm_type":"node","osm_id":"9144966315","railway":"","landuse":"","industrial":"","amenity":"loading_dock","freight":"","importance_rank":1,"importance":"local_connector"},"geometry":{"type":"Point","coordinates":[0.2452618,51.4656607]}},{"type":"Feature","properties":{"id":"uk-osm-logistics-node-9144966316","name":"OSM logistics facility node/9144966316","hub_type":"truck_terminal","operator_classification":"other","source_operator":"","osm_type":"node","osm_id":"9144966316","railway":"","landuse":"","industrial":"","amenity":"loading_dock","freight":"","importance_rank":1,"importance":"local_connector"},"geometry":{"type":"Point","coordinates":[0.2451909,51.4656944]}},{"type":"Feature","properties":{"id":"uk-osm-logistics-node-9144970017","name":"OSM logistics facility node/9144970017","hub_type":"truck_terminal","operator_classification":"other","source_operator":"","osm_type":"node","osm_id":"9144970017","railway":"","landuse":"","industrial":"","amenity":"loading_dock","freight":"","importance_rank":1,"importance":"local_connector"},"geometry":{"type":"Point","coordinates":[0.2448346,51.4658638]}},{"type":"Feature","properties":{"id":"uk-osm-logistics-node-9144970018","name":"OSM logistics facility node/9144970018","hub_type":"truck_terminal","operator_classification":"other","source_operator":"","osm_type":"node","osm_id":"9144970018","railway":"","landuse":"","industrial":"","amenity":"loading_dock","freight":"","importance_rank":1,"importance":"local_connector"},"geometry":{"type":"Point","coordinates":[0.2447742,51.4658925]}},{"type":"Feature","properties":{"id":"uk-osm-logistics-node-9144970019","name":"OSM logistics facility node/9144970019","hub_type":"truck_terminal","operator_classification":"other","source_operator":"","osm_type":"node","osm_id":"9144970019","railway":"","landuse":"","industrial":"","amenity":"loading_dock","freight":"","importance_rank":1,"importance":"local_connector"},"geometry":{"type":"Point","coordinates":[0.2447206,51.465918]}},{"type":"Feature","properties":{"id":"uk-osm-logistics-node-9144970020","name":"OSM logistics facility node/9144970020","hub_type":"truck_terminal","operator_classification":"other","source_operator":"","osm_type":"node","osm_id":"9144970020","railway":"","landuse":"","industrial":"","amenity":"loading_dock","freight":"","importance_rank":1,"importance":"local_connector"},"geometry":{"type":"Point","coordinates":[0.2446552,51.4659492]}},{"type":"Feature","properties":{"id":"uk-osm-logistics-node-9144970021","name":"OSM logistics facility node/9144970021","hub_type":"truck_terminal","operator_classification":"other","source_operator":"","osm_type":"node","osm_id":"9144970021","railway":"","landuse":"","industrial":"","amenity":"loading_dock","freight":"","importance_rank":1,"importance":"local_connector"},"geometry":{"type":"Point","coordinates":[0.2445907,51.4659798]}},{"type":"Feature","properties":{"id":"uk-osm-logistics-node-9144970022","name":"OSM logistics facility node/9144970022","hub_type":"truck_terminal","operator_classification":"other","source_operator":"","osm_type":"node","osm_id":"9144970022","railway":"","landuse":"","industrial":"","amenity":"loading_dock","freight":"","importance_rank":1,"importance":"local_connector"},"geometry":{"type":"Point","coordinates":[0.2445345,51.4660065]}},{"type":"Feature","properties":{"id":"uk-osm-logistics-node-9144970023","name":"OSM logistics facility node/9144970023","hub_type":"truck_terminal","operator_classification":"other","source_operator":"","osm_type":"node","osm_id":"9144970023","railway":"","landuse":"","industrial":"","amenity":"loading_dock","freight":"","importance_rank":1,"importance":"local_connector"},"geometry":{"type":"Point","coordinates":[0.2441823,51.466174]}},{"type":"Feature","properties":{"id":"uk-osm-logistics-node-9144970024","name":"OSM logistics facility node/9144970024","hub_type":"truck_terminal","operator_classification":"other","source_operator":"","osm_type":"node","osm_id":"9144970024","railway":"","landuse":"","industrial":"","amenity":"loading_dock","freight":"","importance_rank":1,"importance":"local_connector"},"geometry":{"type":"Point","coordinates":[0.2441116,51.4662086]}},{"type":"Feature","properties":{"id":"uk-osm-logistics-node-9144970025","name":"OSM logistics facility node/9144970025","hub_type":"truck_terminal","operator_classification":"other","source_operator":"","osm_type":"node","osm_id":"9144970025","railway":"","landuse":"","industrial":"","amenity":"loading_dock","freight":"","importance_rank":1,"importance":"local_connector"},"geometry":{"type":"Point","coordinates":[0.24405,51.4662379]}},{"type":"Feature","properties":{"id":"uk-osm-logistics-node-9144970026","name":"OSM logistics facility node/9144970026","hub_type":"truck_terminal","operator_classification":"other","source_operator":"","osm_type":"node","osm_id":"9144970026","railway":"","landuse":"","industrial":"","amenity":"loading_dock","freight":"","importance_rank":1,"importance":"local_connector"},"geometry":{"type":"Point","coordinates":[0.2439919,51.4662655]}},{"type":"Feature","properties":{"id":"uk-osm-logistics-node-9144970027","name":"OSM logistics facility node/9144970027","hub_type":"truck_terminal","operator_classification":"other","source_operator":"","osm_type":"node","osm_id":"9144970027","railway":"","landuse":"","industrial":"","amenity":"loading_dock","freight":"","importance_rank":1,"importance":"local_connector"},"geometry":{"type":"Point","coordinates":[0.2439276,51.4662962]}},{"type":"Feature","properties":{"id":"uk-osm-logistics-node-9144970028","name":"OSM logistics facility node/9144970028","hub_type":"truck_terminal","operator_classification":"other","source_operator":"","osm_type":"node","osm_id":"9144970028","railway":"","landuse":"","industrial":"","amenity":"loading_dock","freight":"","importance_rank":1,"importance":"local_connector"},"geometry":{"type":"Point","coordinates":[0.2438649,51.466326]}},{"type":"Feature","properties":{"id":"uk-osm-logistics-node-9144970029","name":"OSM logistics facility node/9144970029","hub_type":"truck_terminal","operator_classification":"other","source_operator":"","osm_type":"node","osm_id":"9144970029","railway":"","landuse":"","industrial":"","amenity":"loading_dock","freight":"","importance_rank":1,"importance":"local_connector"},"geometry":{"type":"Point","coordinates":[0.2437945,51.4663595]}},{"type":"Feature","properties":{"id":"uk-osm-logistics-node-9144970031","name":"OSM logistics facility node/9144970031","hub_type":"truck_terminal","operator_classification":"other","source_operator":"","osm_type":"node","osm_id":"9144970031","railway":"","landuse":"","industrial":"","amenity":"loading_dock","freight":"","importance_rank":1,"importance":"local_connector"},"geometry":{"type":"Point","coordinates":[0.2436837,51.4664122]}},{"type":"Feature","properties":{"id":"uk-osm-logistics-node-9165680476","name":"OSM logistics facility node/9165680476","hub_type":"truck_terminal","operator_classification":"other","source_operator":"","osm_type":"node","osm_id":"9165680476","railway":"","landuse":"","industrial":"","amenity":"loading_dock","freight":"","importance_rank":1,"importance":"local_connector"},"geometry":{"type":"Point","coordinates":[-0.3284838,51.4885632]}},{"type":"Feature","properties":{"id":"uk-osm-logistics-node-918353945","name":"OSM logistics facility node/918353945","hub_type":"truck_terminal","operator_classification":"other","source_operator":"","osm_type":"node","osm_id":"918353945","railway":"","landuse":"","industrial":"","amenity":"loading_dock","freight":"","importance_rank":1,"importance":"local_connector"},"geometry":{"type":"Point","coordinates":[-1.9761177,52.5827218]}},{"type":"Feature","properties":{"id":"uk-osm-logistics-node-9187454429","name":"OSM logistics facility node/9187454429","hub_type":"truck_terminal","operator_classification":"other","source_operator":"","osm_type":"node","osm_id":"9187454429","railway":"","landuse":"","industrial":"","amenity":"loading_dock","freight":"","importance_rank":1,"importance":"local_connector"},"geometry":{"type":"Point","coordinates":[-0.7670674,51.2843428]}},{"type":"Feature","properties":{"id":"uk-osm-logistics-node-9188452323","name":"OSM logistics facility node/9188452323","hub_type":"truck_terminal","operator_classification":"other","source_operator":"","osm_type":"node","osm_id":"9188452323","railway":"","landuse":"","industrial":"","amenity":"loading_dock","freight":"","importance_rank":1,"importance":"local_connector"},"geometry":{"type":"Point","coordinates":[-3.1695149,55.8785687]}},{"type":"Feature","properties":{"id":"uk-osm-logistics-node-9193198778","name":"OSM logistics facility node/9193198778","hub_type":"truck_terminal","operator_classification":"other","source_operator":"","osm_type":"node","osm_id":"9193198778","railway":"","landuse":"","industrial":"","amenity":"loading_dock","freight":"","importance_rank":1,"importance":"local_connector"},"geometry":{"type":"Point","coordinates":[0.5461227,51.2858542]}},{"type":"Feature","properties":{"id":"uk-osm-logistics-node-9277741732","name":"OSM logistics facility node/9277741732","hub_type":"truck_terminal","operator_classification":"other","source_operator":"","osm_type":"node","osm_id":"9277741732","railway":"","landuse":"","industrial":"","amenity":"loading_dock","freight":"","importance_rank":1,"importance":"local_connector"},"geometry":{"type":"Point","coordinates":[-2.6938425,53.709792]}},{"type":"Feature","properties":{"id":"uk-osm-logistics-node-9277741733","name":"OSM logistics facility node/9277741733","hub_type":"truck_terminal","operator_classification":"other","source_operator":"","osm_type":"node","osm_id":"9277741733","railway":"","landuse":"","industrial":"","amenity":"loading_dock","freight":"","importance_rank":1,"importance":"local_connector"},"geometry":{"type":"Point","coordinates":[-2.6964268,53.709338]}},{"type":"Feature","properties":{"id":"uk-osm-logistics-node-9285509503","name":"OSM logistics facility node/9285509503","hub_type":"truck_terminal","operator_classification":"other","source_operator":"","osm_type":"node","osm_id":"9285509503","railway":"","landuse":"","industrial":"","amenity":"loading_dock","freight":"","importance_rank":1,"importance":"local_connector"},"geometry":{"type":"Point","coordinates":[-0.1029055,51.5038575]}},{"type":"Feature","properties":{"id":"uk-osm-logistics-node-9309666991","name":"OSM logistics facility node/9309666991","hub_type":"truck_terminal","operator_classification":"other","source_operator":"","osm_type":"node","osm_id":"9309666991","railway":"","landuse":"","industrial":"","amenity":"loading_dock","freight":"","importance_rank":1,"importance":"local_connector"},"geometry":{"type":"Point","coordinates":[-0.960337,51.2792754]}},{"type":"Feature","properties":{"id":"uk-osm-logistics-node-9316380776","name":"OSM logistics facility node/9316380776","hub_type":"truck_terminal","operator_classification":"other","source_operator":"","osm_type":"node","osm_id":"9316380776","railway":"","landuse":"","industrial":"","amenity":"loading_dock","freight":"","importance_rank":1,"importance":"local_connector"},"geometry":{"type":"Point","coordinates":[0.3469226,51.872766]}},{"type":"Feature","properties":{"id":"uk-osm-logistics-node-9349675669","name":"OSM logistics facility node/9349675669","hub_type":"truck_terminal","operator_classification":"other","source_operator":"","osm_type":"node","osm_id":"9349675669","railway":"","landuse":"","industrial":"","amenity":"loading_dock","freight":"","importance_rank":1,"importance":"local_connector"},"geometry":{"type":"Point","coordinates":[-0.9705006,51.4564878]}},{"type":"Feature","properties":{"id":"uk-osm-logistics-node-9353423804","name":"OSM logistics facility node/9353423804","hub_type":"truck_terminal","operator_classification":"other","source_operator":"","osm_type":"node","osm_id":"9353423804","railway":"","landuse":"","industrial":"","amenity":"loading_dock","freight":"","importance_rank":1,"importance":"local_connector"},"geometry":{"type":"Point","coordinates":[0.5156717,51.2750194]}},{"type":"Feature","properties":{"id":"uk-osm-logistics-node-9353473122","name":"OSM logistics facility node/9353473122","hub_type":"truck_terminal","operator_classification":"other","source_operator":"","osm_type":"node","osm_id":"9353473122","railway":"","landuse":"","industrial":"","amenity":"loading_dock","freight":"","importance_rank":1,"importance":"local_connector"},"geometry":{"type":"Point","coordinates":[0.516401,51.2732481]}},{"type":"Feature","properties":{"id":"uk-osm-logistics-node-9387995948","name":"OSM logistics facility node/9387995948","hub_type":"truck_terminal","operator_classification":"other","source_operator":"","osm_type":"node","osm_id":"9387995948","railway":"","landuse":"","industrial":"","amenity":"loading_dock","freight":"","importance_rank":1,"importance":"local_connector"},"geometry":{"type":"Point","coordinates":[-0.9406266,53.3205977]}},{"type":"Feature","properties":{"id":"uk-osm-logistics-node-9388492800","name":"OSM logistics facility node/9388492800","hub_type":"truck_terminal","operator_classification":"other","source_operator":"","osm_type":"node","osm_id":"9388492800","railway":"","landuse":"","industrial":"","amenity":"loading_dock","freight":"","importance_rank":1,"importance":"local_connector"},"geometry":{"type":"Point","coordinates":[1.4211273,51.3387675]}},{"type":"Feature","properties":{"id":"uk-osm-logistics-node-9456786574","name":"OSM logistics facility node/9456786574","hub_type":"truck_terminal","operator_classification":"other","source_operator":"","osm_type":"node","osm_id":"9456786574","railway":"","landuse":"","industrial":"","amenity":"loading_dock","freight":"","importance_rank":1,"importance":"local_connector"},"geometry":{"type":"Point","coordinates":[0.0309274,51.4892979]}},{"type":"Feature","properties":{"id":"uk-osm-logistics-node-9456786575","name":"OSM logistics facility node/9456786575","hub_type":"truck_terminal","operator_classification":"other","source_operator":"","osm_type":"node","osm_id":"9456786575","railway":"","landuse":"","industrial":"","amenity":"loading_dock","freight":"","importance_rank":1,"importance":"local_connector"},"geometry":{"type":"Point","coordinates":[0.0316441,51.4894324]}},{"type":"Feature","properties":{"id":"uk-osm-logistics-node-9456786576","name":"OSM logistics facility node/9456786576","hub_type":"truck_terminal","operator_classification":"other","source_operator":"","osm_type":"node","osm_id":"9456786576","railway":"","landuse":"","industrial":"","amenity":"loading_dock","freight":"","importance_rank":1,"importance":"local_connector"},"geometry":{"type":"Point","coordinates":[0.0323962,51.4898362]}},{"type":"Feature","properties":{"id":"uk-osm-logistics-node-9456786577","name":"OSM logistics facility node/9456786577","hub_type":"truck_terminal","operator_classification":"other","source_operator":"","osm_type":"node","osm_id":"9456786577","railway":"","landuse":"","industrial":"","amenity":"loading_dock","freight":"","importance_rank":1,"importance":"local_connector"},"geometry":{"type":"Point","coordinates":[0.0326285,51.4893676]}},{"type":"Feature","properties":{"id":"uk-osm-logistics-node-9461884087","name":"OSM logistics facility node/9461884087","hub_type":"truck_terminal","operator_classification":"other","source_operator":"","osm_type":"node","osm_id":"9461884087","railway":"","landuse":"","industrial":"","amenity":"loading_dock","freight":"","importance_rank":1,"importance":"local_connector"},"geometry":{"type":"Point","coordinates":[-0.1749715,51.1116812]}},{"type":"Feature","properties":{"id":"uk-osm-logistics-node-9482361488","name":"OSM logistics facility node/9482361488","hub_type":"truck_terminal","operator_classification":"other","source_operator":"","osm_type":"node","osm_id":"9482361488","railway":"","landuse":"","industrial":"","amenity":"loading_dock","freight":"","importance_rank":1,"importance":"local_connector"},"geometry":{"type":"Point","coordinates":[0.1250445,51.7849617]}},{"type":"Feature","properties":{"id":"uk-osm-logistics-node-9482361490","name":"OSM logistics facility node/9482361490","hub_type":"truck_terminal","operator_classification":"other","source_operator":"","osm_type":"node","osm_id":"9482361490","railway":"","landuse":"","industrial":"","amenity":"loading_dock","freight":"","importance_rank":1,"importance":"local_connector"},"geometry":{"type":"Point","coordinates":[0.1247251,51.7851388]}},{"type":"Feature","properties":{"id":"uk-osm-logistics-node-9530382436","name":"OSM logistics facility node/9530382436","hub_type":"truck_terminal","operator_classification":"other","source_operator":"","osm_type":"node","osm_id":"9530382436","railway":"","landuse":"","industrial":"","amenity":"loading_dock","freight":"","importance_rank":1,"importance":"local_connector"},"geometry":{"type":"Point","coordinates":[-0.7935955,51.3691527]}},{"type":"Feature","properties":{"id":"uk-osm-logistics-node-9555937662","name":"OSM logistics facility node/9555937662","hub_type":"truck_terminal","operator_classification":"other","source_operator":"","osm_type":"node","osm_id":"9555937662","railway":"","landuse":"","industrial":"","amenity":"loading_dock","freight":"","importance_rank":1,"importance":"local_connector"},"geometry":{"type":"Point","coordinates":[-0.1806303,51.484049]}},{"type":"Feature","properties":{"id":"uk-osm-logistics-node-9559294732","name":"OSM logistics facility node/9559294732","hub_type":"truck_terminal","operator_classification":"other","source_operator":"","osm_type":"node","osm_id":"9559294732","railway":"","landuse":"","industrial":"","amenity":"loading_dock","freight":"","importance_rank":1,"importance":"local_connector"},"geometry":{"type":"Point","coordinates":[0.2579387,52.0133208]}},{"type":"Feature","properties":{"id":"uk-osm-logistics-node-9573017792","name":"OSM logistics facility node/9573017792","hub_type":"truck_terminal","operator_classification":"other","source_operator":"","osm_type":"node","osm_id":"9573017792","railway":"","landuse":"","industrial":"","amenity":"loading_dock","freight":"","importance_rank":1,"importance":"local_connector"},"geometry":{"type":"Point","coordinates":[-1.1011561,51.2724113]}},{"type":"Feature","properties":{"id":"uk-osm-logistics-node-9583459454","name":"OSM logistics facility node/9583459454","hub_type":"truck_terminal","operator_classification":"other","source_operator":"","osm_type":"node","osm_id":"9583459454","railway":"","landuse":"","industrial":"","amenity":"loading_dock","freight":"","importance_rank":1,"importance":"local_connector"},"geometry":{"type":"Point","coordinates":[-3.3885862,56.0641325]}},{"type":"Feature","properties":{"id":"uk-osm-logistics-node-9583459455","name":"OSM logistics facility node/9583459455","hub_type":"truck_terminal","operator_classification":"other","source_operator":"","osm_type":"node","osm_id":"9583459455","railway":"","landuse":"","industrial":"","amenity":"loading_dock","freight":"","importance_rank":1,"importance":"local_connector"},"geometry":{"type":"Point","coordinates":[-3.3911709,56.0634264]}},{"type":"Feature","properties":{"id":"uk-osm-logistics-node-9583459456","name":"OSM logistics facility node/9583459456","hub_type":"truck_terminal","operator_classification":"other","source_operator":"","osm_type":"node","osm_id":"9583459456","railway":"","landuse":"","industrial":"","amenity":"loading_dock","freight":"","importance_rank":1,"importance":"local_connector"},"geometry":{"type":"Point","coordinates":[-3.3911722,56.0634618]}},{"type":"Feature","properties":{"id":"uk-osm-logistics-node-9583459457","name":"OSM logistics facility node/9583459457","hub_type":"truck_terminal","operator_classification":"other","source_operator":"","osm_type":"node","osm_id":"9583459457","railway":"","landuse":"","industrial":"","amenity":"loading_dock","freight":"","importance_rank":1,"importance":"local_connector"},"geometry":{"type":"Point","coordinates":[-3.3911733,56.0634932]}},{"type":"Feature","properties":{"id":"uk-osm-logistics-node-9583459458","name":"OSM logistics facility node/9583459458","hub_type":"truck_terminal","operator_classification":"other","source_operator":"","osm_type":"node","osm_id":"9583459458","railway":"","landuse":"","industrial":"","amenity":"loading_dock","freight":"","importance_rank":1,"importance":"local_connector"},"geometry":{"type":"Point","coordinates":[-3.3911745,56.0635288]}},{"type":"Feature","properties":{"id":"uk-osm-logistics-node-9583459459","name":"OSM logistics facility node/9583459459","hub_type":"truck_terminal","operator_classification":"other","source_operator":"","osm_type":"node","osm_id":"9583459459","railway":"","landuse":"","industrial":"","amenity":"loading_dock","freight":"","importance_rank":1,"importance":"local_connector"},"geometry":{"type":"Point","coordinates":[-3.3911757,56.0635618]}},{"type":"Feature","properties":{"id":"uk-osm-logistics-node-9583459460","name":"OSM logistics facility node/9583459460","hub_type":"truck_terminal","operator_classification":"other","source_operator":"","osm_type":"node","osm_id":"9583459460","railway":"","landuse":"","industrial":"","amenity":"loading_dock","freight":"","importance_rank":1,"importance":"local_connector"},"geometry":{"type":"Point","coordinates":[-3.3911769,56.0635965]}},{"type":"Feature","properties":{"id":"uk-osm-logistics-node-9583459461","name":"OSM logistics facility node/9583459461","hub_type":"truck_terminal","operator_classification":"other","source_operator":"","osm_type":"node","osm_id":"9583459461","railway":"","landuse":"","industrial":"","amenity":"loading_dock","freight":"","importance_rank":1,"importance":"local_connector"},"geometry":{"type":"Point","coordinates":[-3.3911783,56.0636347]}},{"type":"Feature","properties":{"id":"uk-osm-logistics-node-9583459462","name":"OSM logistics facility node/9583459462","hub_type":"truck_terminal","operator_classification":"other","source_operator":"","osm_type":"node","osm_id":"9583459462","railway":"","landuse":"","industrial":"","amenity":"loading_dock","freight":"","importance_rank":1,"importance":"local_connector"},"geometry":{"type":"Point","coordinates":[-3.3911795,56.0636685]}},{"type":"Feature","properties":{"id":"uk-osm-logistics-node-9583459463","name":"OSM logistics facility node/9583459463","hub_type":"truck_terminal","operator_classification":"other","source_operator":"","osm_type":"node","osm_id":"9583459463","railway":"","landuse":"","industrial":"","amenity":"loading_dock","freight":"","importance_rank":1,"importance":"local_connector"},"geometry":{"type":"Point","coordinates":[-3.3911806,56.0637024]}},{"type":"Feature","properties":{"id":"uk-osm-logistics-node-9583459464","name":"OSM logistics facility node/9583459464","hub_type":"truck_terminal","operator_classification":"other","source_operator":"","osm_type":"node","osm_id":"9583459464","railway":"","landuse":"","industrial":"","amenity":"loading_dock","freight":"","importance_rank":1,"importance":"local_connector"},"geometry":{"type":"Point","coordinates":[-3.3911987,56.064215]}},{"type":"Feature","properties":{"id":"uk-osm-logistics-node-9583459465","name":"OSM logistics facility node/9583459465","hub_type":"truck_terminal","operator_classification":"other","source_operator":"","osm_type":"node","osm_id":"9583459465","railway":"","landuse":"","industrial":"","amenity":"loading_dock","freight":"","importance_rank":1,"importance":"local_connector"},"geometry":{"type":"Point","coordinates":[-3.3911973,56.0641743]}},{"type":"Feature","properties":{"id":"uk-osm-logistics-node-9583459466","name":"OSM logistics facility node/9583459466","hub_type":"truck_terminal","operator_classification":"other","source_operator":"","osm_type":"node","osm_id":"9583459466","railway":"","landuse":"","industrial":"","amenity":"loading_dock","freight":"","importance_rank":1,"importance":"local_connector"},"geometry":{"type":"Point","coordinates":[-3.3911961,56.0641413]}},{"type":"Feature","properties":{"id":"uk-osm-logistics-node-9583459467","name":"OSM logistics facility node/9583459467","hub_type":"truck_terminal","operator_classification":"other","source_operator":"","osm_type":"node","osm_id":"9583459467","railway":"","landuse":"","industrial":"","amenity":"loading_dock","freight":"","importance_rank":1,"importance":"local_connector"},"geometry":{"type":"Point","coordinates":[-3.3911949,56.0641082]}},{"type":"Feature","properties":{"id":"uk-osm-logistics-node-9583459468","name":"OSM logistics facility node/9583459468","hub_type":"truck_terminal","operator_classification":"other","source_operator":"","osm_type":"node","osm_id":"9583459468","railway":"","landuse":"","industrial":"","amenity":"loading_dock","freight":"","importance_rank":1,"importance":"local_connector"},"geometry":{"type":"Point","coordinates":[-3.3911935,56.0640685]}},{"type":"Feature","properties":{"id":"uk-osm-logistics-node-9583459469","name":"OSM logistics facility node/9583459469","hub_type":"truck_terminal","operator_classification":"other","source_operator":"","osm_type":"node","osm_id":"9583459469","railway":"","landuse":"","industrial":"","amenity":"loading_dock","freight":"","importance_rank":1,"importance":"local_connector"},"geometry":{"type":"Point","coordinates":[-3.3911922,56.0640304]}},{"type":"Feature","properties":{"id":"uk-osm-logistics-node-9583459470","name":"OSM logistics facility node/9583459470","hub_type":"truck_terminal","operator_classification":"other","source_operator":"","osm_type":"node","osm_id":"9583459470","railway":"","landuse":"","industrial":"","amenity":"loading_dock","freight":"","importance_rank":1,"importance":"local_connector"},"geometry":{"type":"Point","coordinates":[-3.3911908,56.0639904]}},{"type":"Feature","properties":{"id":"uk-osm-logistics-node-9583459471","name":"OSM logistics facility node/9583459471","hub_type":"truck_terminal","operator_classification":"other","source_operator":"","osm_type":"node","osm_id":"9583459471","railway":"","landuse":"","industrial":"","amenity":"loading_dock","freight":"","importance_rank":1,"importance":"local_connector"},"geometry":{"type":"Point","coordinates":[-3.3911896,56.0639565]}},{"type":"Feature","properties":{"id":"uk-osm-logistics-node-9583459472","name":"OSM logistics facility node/9583459472","hub_type":"truck_terminal","operator_classification":"other","source_operator":"","osm_type":"node","osm_id":"9583459472","railway":"","landuse":"","industrial":"","amenity":"loading_dock","freight":"","importance_rank":1,"importance":"local_connector"},"geometry":{"type":"Point","coordinates":[-3.3911884,56.0639228]}},{"type":"Feature","properties":{"id":"uk-osm-logistics-node-9583459473","name":"OSM logistics facility node/9583459473","hub_type":"truck_terminal","operator_classification":"other","source_operator":"","osm_type":"node","osm_id":"9583459473","railway":"","landuse":"","industrial":"","amenity":"loading_dock","freight":"","importance_rank":1,"importance":"local_connector"},"geometry":{"type":"Point","coordinates":[-3.391187,56.0638837]}},{"type":"Feature","properties":{"id":"uk-osm-logistics-node-9583459474","name":"OSM logistics facility node/9583459474","hub_type":"truck_terminal","operator_classification":"other","source_operator":"","osm_type":"node","osm_id":"9583459474","railway":"","landuse":"","industrial":"","amenity":"loading_dock","freight":"","importance_rank":1,"importance":"local_connector"},"geometry":{"type":"Point","coordinates":[-3.3911861,56.0638574]}},{"type":"Feature","properties":{"id":"uk-osm-logistics-node-9583459475","name":"OSM logistics facility node/9583459475","hub_type":"truck_terminal","operator_classification":"other","source_operator":"","osm_type":"node","osm_id":"9583459475","railway":"","landuse":"","industrial":"","amenity":"loading_dock","freight":"","importance_rank":1,"importance":"local_connector"},"geometry":{"type":"Point","coordinates":[-3.3911848,56.0638193]}},{"type":"Feature","properties":{"id":"uk-osm-logistics-node-9583459476","name":"OSM logistics facility node/9583459476","hub_type":"truck_terminal","operator_classification":"other","source_operator":"","osm_type":"node","osm_id":"9583459476","railway":"","landuse":"","industrial":"","amenity":"loading_dock","freight":"","importance_rank":1,"importance":"local_connector"},"geometry":{"type":"Point","coordinates":[-3.3911835,56.0637846]}},{"type":"Feature","properties":{"id":"uk-osm-logistics-node-9583459477","name":"OSM logistics facility node/9583459477","hub_type":"truck_terminal","operator_classification":"other","source_operator":"","osm_type":"node","osm_id":"9583459477","railway":"","landuse":"","industrial":"","amenity":"loading_dock","freight":"","importance_rank":1,"importance":"local_connector"},"geometry":{"type":"Point","coordinates":[-3.3885851,56.064099]}},{"type":"Feature","properties":{"id":"uk-osm-logistics-node-9583459478","name":"OSM logistics facility node/9583459478","hub_type":"truck_terminal","operator_classification":"other","source_operator":"","osm_type":"node","osm_id":"9583459478","railway":"","landuse":"","industrial":"","amenity":"loading_dock","freight":"","importance_rank":1,"importance":"local_connector"},"geometry":{"type":"Point","coordinates":[-3.3885837,56.0640591]}},{"type":"Feature","properties":{"id":"uk-osm-logistics-node-9583459479","name":"OSM logistics facility node/9583459479","hub_type":"truck_terminal","operator_classification":"other","source_operator":"","osm_type":"node","osm_id":"9583459479","railway":"","landuse":"","industrial":"","amenity":"loading_dock","freight":"","importance_rank":1,"importance":"local_connector"},"geometry":{"type":"Point","coordinates":[-3.3885823,56.0640206]}},{"type":"Feature","properties":{"id":"uk-osm-logistics-node-9583459480","name":"OSM logistics facility node/9583459480","hub_type":"truck_terminal","operator_classification":"other","source_operator":"","osm_type":"node","osm_id":"9583459480","railway":"","landuse":"","industrial":"","amenity":"loading_dock","freight":"","importance_rank":1,"importance":"local_connector"},"geometry":{"type":"Point","coordinates":[-3.388581,56.063985]}},{"type":"Feature","properties":{"id":"uk-osm-logistics-node-9583459481","name":"OSM logistics facility node/9583459481","hub_type":"truck_terminal","operator_classification":"other","source_operator":"","osm_type":"node","osm_id":"9583459481","railway":"","landuse":"","industrial":"","amenity":"loading_dock","freight":"","importance_rank":1,"importance":"local_connector"},"geometry":{"type":"Point","coordinates":[-3.3885799,56.0639516]}},{"type":"Feature","properties":{"id":"uk-osm-logistics-node-9583459482","name":"OSM logistics facility node/9583459482","hub_type":"truck_terminal","operator_classification":"other","source_operator":"","osm_type":"node","osm_id":"9583459482","railway":"","landuse":"","industrial":"","amenity":"loading_dock","freight":"","importance_rank":1,"importance":"local_connector"},"geometry":{"type":"Point","coordinates":[-3.3885786,56.0639145]}},{"type":"Feature","properties":{"id":"uk-osm-logistics-node-9583459483","name":"OSM logistics facility node/9583459483","hub_type":"truck_terminal","operator_classification":"other","source_operator":"","osm_type":"node","osm_id":"9583459483","railway":"","landuse":"","industrial":"","amenity":"loading_dock","freight":"","importance_rank":1,"importance":"local_connector"},"geometry":{"type":"Point","coordinates":[-3.3885773,56.0638797]}},{"type":"Feature","properties":{"id":"uk-osm-logistics-node-9583459484","name":"OSM logistics facility node/9583459484","hub_type":"truck_terminal","operator_classification":"other","source_operator":"","osm_type":"node","osm_id":"9583459484","railway":"","landuse":"","industrial":"","amenity":"loading_dock","freight":"","importance_rank":1,"importance":"local_connector"},"geometry":{"type":"Point","coordinates":[-3.3885761,56.0638455]}},{"type":"Feature","properties":{"id":"uk-osm-logistics-node-9583459485","name":"OSM logistics facility node/9583459485","hub_type":"truck_terminal","operator_classification":"other","source_operator":"","osm_type":"node","osm_id":"9583459485","railway":"","landuse":"","industrial":"","amenity":"loading_dock","freight":"","importance_rank":1,"importance":"local_connector"},"geometry":{"type":"Point","coordinates":[-3.3885748,56.0638091]}},{"type":"Feature","properties":{"id":"uk-osm-logistics-node-9583459486","name":"OSM logistics facility node/9583459486","hub_type":"truck_terminal","operator_classification":"other","source_operator":"","osm_type":"node","osm_id":"9583459486","railway":"","landuse":"","industrial":"","amenity":"loading_dock","freight":"","importance_rank":1,"importance":"local_connector"},"geometry":{"type":"Point","coordinates":[-3.3885735,56.0637713]}},{"type":"Feature","properties":{"id":"uk-osm-logistics-node-9583459487","name":"OSM logistics facility node/9583459487","hub_type":"truck_terminal","operator_classification":"other","source_operator":"","osm_type":"node","osm_id":"9583459487","railway":"","landuse":"","industrial":"","amenity":"loading_dock","freight":"","importance_rank":1,"importance":"local_connector"},"geometry":{"type":"Point","coordinates":[-3.3885723,56.0637372]}},{"type":"Feature","properties":{"id":"uk-osm-logistics-node-9583459488","name":"OSM logistics facility node/9583459488","hub_type":"truck_terminal","operator_classification":"other","source_operator":"","osm_type":"node","osm_id":"9583459488","railway":"","landuse":"","industrial":"","amenity":"loading_dock","freight":"","importance_rank":1,"importance":"local_connector"},"geometry":{"type":"Point","coordinates":[-3.3885709,56.063698]}},{"type":"Feature","properties":{"id":"uk-osm-logistics-node-9583459489","name":"OSM logistics facility node/9583459489","hub_type":"truck_terminal","operator_classification":"other","source_operator":"","osm_type":"node","osm_id":"9583459489","railway":"","landuse":"","industrial":"","amenity":"loading_dock","freight":"","importance_rank":1,"importance":"local_connector"},"geometry":{"type":"Point","coordinates":[-3.3885696,56.0636616]}},{"type":"Feature","properties":{"id":"uk-osm-logistics-node-9583459490","name":"OSM logistics facility node/9583459490","hub_type":"truck_terminal","operator_classification":"other","source_operator":"","osm_type":"node","osm_id":"9583459490","railway":"","landuse":"","industrial":"","amenity":"loading_dock","freight":"","importance_rank":1,"importance":"local_connector"},"geometry":{"type":"Point","coordinates":[-3.3885684,56.0636268]}},{"type":"Feature","properties":{"id":"uk-osm-logistics-node-9583459491","name":"OSM logistics facility node/9583459491","hub_type":"truck_terminal","operator_classification":"other","source_operator":"","osm_type":"node","osm_id":"9583459491","railway":"","landuse":"","industrial":"","amenity":"loading_dock","freight":"","importance_rank":1,"importance":"local_connector"},"geometry":{"type":"Point","coordinates":[-3.3885672,56.0635925]}},{"type":"Feature","properties":{"id":"uk-osm-logistics-node-9583459492","name":"OSM logistics facility node/9583459492","hub_type":"truck_terminal","operator_classification":"other","source_operator":"","osm_type":"node","osm_id":"9583459492","railway":"","landuse":"","industrial":"","amenity":"loading_dock","freight":"","importance_rank":1,"importance":"local_connector"},"geometry":{"type":"Point","coordinates":[-3.3885659,56.0635563]}},{"type":"Feature","properties":{"id":"uk-osm-logistics-node-9583459493","name":"OSM logistics facility node/9583459493","hub_type":"truck_terminal","operator_classification":"other","source_operator":"","osm_type":"node","osm_id":"9583459493","railway":"","landuse":"","industrial":"","amenity":"loading_dock","freight":"","importance_rank":1,"importance":"local_connector"},"geometry":{"type":"Point","coordinates":[-3.3885647,56.063522]}},{"type":"Feature","properties":{"id":"uk-osm-logistics-node-9583459494","name":"OSM logistics facility node/9583459494","hub_type":"truck_terminal","operator_classification":"other","source_operator":"","osm_type":"node","osm_id":"9583459494","railway":"","landuse":"","industrial":"","amenity":"loading_dock","freight":"","importance_rank":1,"importance":"local_connector"},"geometry":{"type":"Point","coordinates":[-3.3885634,56.0634857]}},{"type":"Feature","properties":{"id":"uk-osm-logistics-node-9583459495","name":"OSM logistics facility node/9583459495","hub_type":"truck_terminal","operator_classification":"other","source_operator":"","osm_type":"node","osm_id":"9583459495","railway":"","landuse":"","industrial":"","amenity":"loading_dock","freight":"","importance_rank":1,"importance":"local_connector"},"geometry":{"type":"Point","coordinates":[-3.3885622,56.0634516]}},{"type":"Feature","properties":{"id":"uk-osm-logistics-node-9583459496","name":"OSM logistics facility node/9583459496","hub_type":"truck_terminal","operator_classification":"other","source_operator":"","osm_type":"node","osm_id":"9583459496","railway":"","landuse":"","industrial":"","amenity":"loading_dock","freight":"","importance_rank":1,"importance":"local_connector"},"geometry":{"type":"Point","coordinates":[-3.3900661,56.062103]}},{"type":"Feature","properties":{"id":"uk-osm-logistics-node-9583459497","name":"OSM logistics facility node/9583459497","hub_type":"truck_terminal","operator_classification":"other","source_operator":"","osm_type":"node","osm_id":"9583459497","railway":"","landuse":"","industrial":"","amenity":"loading_dock","freight":"","importance_rank":1,"importance":"local_connector"},"geometry":{"type":"Point","coordinates":[-3.3900648,56.0620652]}},{"type":"Feature","properties":{"id":"uk-osm-logistics-node-9583459498","name":"OSM logistics facility node/9583459498","hub_type":"truck_terminal","operator_classification":"other","source_operator":"","osm_type":"node","osm_id":"9583459498","railway":"","landuse":"","industrial":"","amenity":"loading_dock","freight":"","importance_rank":1,"importance":"local_connector"},"geometry":{"type":"Point","coordinates":[-3.3900635,56.0620266]}},{"type":"Feature","properties":{"id":"uk-osm-logistics-node-9583459499","name":"OSM logistics facility node/9583459499","hub_type":"truck_terminal","operator_classification":"other","source_operator":"","osm_type":"node","osm_id":"9583459499","railway":"","landuse":"","industrial":"","amenity":"loading_dock","freight":"","importance_rank":1,"importance":"local_connector"},"geometry":{"type":"Point","coordinates":[-3.3900622,56.0619903]}},{"type":"Feature","properties":{"id":"uk-osm-logistics-node-9623345975","name":"OSM logistics facility node/9623345975","hub_type":"truck_terminal","operator_classification":"other","source_operator":"","osm_type":"node","osm_id":"9623345975","railway":"","landuse":"","industrial":"","amenity":"loading_dock","freight":"","importance_rank":1,"importance":"local_connector"},"geometry":{"type":"Point","coordinates":[-0.7801072,50.7422254]}},{"type":"Feature","properties":{"id":"uk-osm-logistics-node-9648902213","name":"OSM logistics facility node/9648902213","hub_type":"truck_terminal","operator_classification":"other","source_operator":"","osm_type":"node","osm_id":"9648902213","railway":"","landuse":"","industrial":"","amenity":"loading_dock","freight":"","importance_rank":1,"importance":"local_connector"},"geometry":{"type":"Point","coordinates":[-0.098705,50.8377424]}},{"type":"Feature","properties":{"id":"uk-osm-logistics-node-9672224656","name":"OSM logistics facility node/9672224656","hub_type":"truck_terminal","operator_classification":"other","source_operator":"","osm_type":"node","osm_id":"9672224656","railway":"","landuse":"","industrial":"","amenity":"loading_dock","freight":"","importance_rank":1,"importance":"local_connector"},"geometry":{"type":"Point","coordinates":[-1.2324381,51.3960328]}},{"type":"Feature","properties":{"id":"uk-osm-logistics-node-9672224657","name":"OSM logistics facility node/9672224657","hub_type":"truck_terminal","operator_classification":"other","source_operator":"","osm_type":"node","osm_id":"9672224657","railway":"","landuse":"","industrial":"","amenity":"loading_dock","freight":"","importance_rank":1,"importance":"local_connector"},"geometry":{"type":"Point","coordinates":[-1.2310804,51.3955794]}},{"type":"Feature","properties":{"id":"uk-osm-logistics-node-9677733986","name":"OSM logistics facility node/9677733986","hub_type":"truck_terminal","operator_classification":"other","source_operator":"","osm_type":"node","osm_id":"9677733986","railway":"","landuse":"","industrial":"","amenity":"loading_dock","freight":"","importance_rank":1,"importance":"local_connector"},"geometry":{"type":"Point","coordinates":[-0.9772814,51.43009]}},{"type":"Feature","properties":{"id":"uk-osm-logistics-node-9740048622","name":"OSM logistics facility node/9740048622","hub_type":"truck_terminal","operator_classification":"other","source_operator":"","osm_type":"node","osm_id":"9740048622","railway":"","landuse":"","industrial":"","amenity":"loading_dock","freight":"","importance_rank":1,"importance":"local_connector"},"geometry":{"type":"Point","coordinates":[0.4713959,51.2935861]}},{"type":"Feature","properties":{"id":"uk-osm-logistics-node-9796535303","name":"OSM logistics facility node/9796535303","hub_type":"truck_terminal","operator_classification":"other","source_operator":"","osm_type":"node","osm_id":"9796535303","railway":"","landuse":"","industrial":"","amenity":"loading_dock","freight":"","importance_rank":1,"importance":"local_connector"},"geometry":{"type":"Point","coordinates":[0.3423198,51.4427734]}},{"type":"Feature","properties":{"id":"uk-osm-logistics-node-9796535304","name":"OSM logistics facility node/9796535304","hub_type":"truck_terminal","operator_classification":"other","source_operator":"","osm_type":"node","osm_id":"9796535304","railway":"","landuse":"","industrial":"","amenity":"loading_dock","freight":"","importance_rank":1,"importance":"local_connector"},"geometry":{"type":"Point","coordinates":[0.3423773,51.4427715]}},{"type":"Feature","properties":{"id":"uk-osm-logistics-node-9796535305","name":"OSM logistics facility node/9796535305","hub_type":"truck_terminal","operator_classification":"other","source_operator":"","osm_type":"node","osm_id":"9796535305","railway":"","landuse":"","industrial":"","amenity":"loading_dock","freight":"","importance_rank":1,"importance":"local_connector"},"geometry":{"type":"Point","coordinates":[0.342431,51.4427698]}},{"type":"Feature","properties":{"id":"uk-osm-logistics-node-9796535306","name":"OSM logistics facility node/9796535306","hub_type":"truck_terminal","operator_classification":"other","source_operator":"","osm_type":"node","osm_id":"9796535306","railway":"","landuse":"","industrial":"","amenity":"loading_dock","freight":"","importance_rank":1,"importance":"local_connector"},"geometry":{"type":"Point","coordinates":[0.3424959,51.4427677]}},{"type":"Feature","properties":{"id":"uk-osm-logistics-node-9796535307","name":"OSM logistics facility node/9796535307","hub_type":"truck_terminal","operator_classification":"other","source_operator":"","osm_type":"node","osm_id":"9796535307","railway":"","landuse":"","industrial":"","amenity":"loading_dock","freight":"","importance_rank":1,"importance":"local_connector"},"geometry":{"type":"Point","coordinates":[0.3425523,51.4427658]}},{"type":"Feature","properties":{"id":"uk-osm-logistics-node-9796535308","name":"OSM logistics facility node/9796535308","hub_type":"truck_terminal","operator_classification":"other","source_operator":"","osm_type":"node","osm_id":"9796535308","railway":"","landuse":"","industrial":"","amenity":"loading_dock","freight":"","importance_rank":1,"importance":"local_connector"},"geometry":{"type":"Point","coordinates":[0.3426124,51.4427639]}},{"type":"Feature","properties":{"id":"uk-osm-logistics-node-9796535309","name":"OSM logistics facility node/9796535309","hub_type":"truck_terminal","operator_classification":"other","source_operator":"","osm_type":"node","osm_id":"9796535309","railway":"","landuse":"","industrial":"","amenity":"loading_dock","freight":"","importance_rank":1,"importance":"local_connector"},"geometry":{"type":"Point","coordinates":[0.3426662,51.4427621]}},{"type":"Feature","properties":{"id":"uk-osm-logistics-node-9796535310","name":"OSM logistics facility node/9796535310","hub_type":"truck_terminal","operator_classification":"other","source_operator":"","osm_type":"node","osm_id":"9796535310","railway":"","landuse":"","industrial":"","amenity":"loading_dock","freight":"","importance_rank":1,"importance":"local_connector"},"geometry":{"type":"Point","coordinates":[0.3427279,51.4427601]}},{"type":"Feature","properties":{"id":"uk-osm-logistics-node-9796535311","name":"OSM logistics facility node/9796535311","hub_type":"truck_terminal","operator_classification":"other","source_operator":"","osm_type":"node","osm_id":"9796535311","railway":"","landuse":"","industrial":"","amenity":"loading_dock","freight":"","importance_rank":1,"importance":"local_connector"},"geometry":{"type":"Point","coordinates":[0.3427849,51.4427583]}},{"type":"Feature","properties":{"id":"uk-osm-logistics-node-9796535312","name":"OSM logistics facility node/9796535312","hub_type":"truck_terminal","operator_classification":"other","source_operator":"","osm_type":"node","osm_id":"9796535312","railway":"","landuse":"","industrial":"","amenity":"loading_dock","freight":"","importance_rank":1,"importance":"local_connector"},"geometry":{"type":"Point","coordinates":[0.3428433,51.4427564]}},{"type":"Feature","properties":{"id":"uk-osm-logistics-node-9796535313","name":"OSM logistics facility node/9796535313","hub_type":"truck_terminal","operator_classification":"other","source_operator":"","osm_type":"node","osm_id":"9796535313","railway":"","landuse":"","industrial":"","amenity":"loading_dock","freight":"","importance_rank":1,"importance":"local_connector"},"geometry":{"type":"Point","coordinates":[0.3429002,51.4427545]}},{"type":"Feature","properties":{"id":"uk-osm-logistics-node-9796535314","name":"OSM logistics facility node/9796535314","hub_type":"truck_terminal","operator_classification":"other","source_operator":"","osm_type":"node","osm_id":"9796535314","railway":"","landuse":"","industrial":"","amenity":"loading_dock","freight":"","importance_rank":1,"importance":"local_connector"},"geometry":{"type":"Point","coordinates":[0.342998,51.4427513]}},{"type":"Feature","properties":{"id":"uk-osm-logistics-node-9796535315","name":"OSM logistics facility node/9796535315","hub_type":"truck_terminal","operator_classification":"other","source_operator":"","osm_type":"node","osm_id":"9796535315","railway":"","landuse":"","industrial":"","amenity":"loading_dock","freight":"","importance_rank":1,"importance":"local_connector"},"geometry":{"type":"Point","coordinates":[0.3430878,51.4427484]}},{"type":"Feature","properties":{"id":"uk-osm-logistics-node-9796535316","name":"OSM logistics facility node/9796535316","hub_type":"truck_terminal","operator_classification":"other","source_operator":"","osm_type":"node","osm_id":"9796535316","railway":"","landuse":"","industrial":"","amenity":"loading_dock","freight":"","importance_rank":1,"importance":"local_connector"},"geometry":{"type":"Point","coordinates":[0.3431543,51.4427462]}},{"type":"Feature","properties":{"id":"uk-osm-logistics-node-9796592517","name":"OSM logistics facility node/9796592517","hub_type":"truck_terminal","operator_classification":"other","source_operator":"","osm_type":"node","osm_id":"9796592517","railway":"","landuse":"","industrial":"","amenity":"loading_dock","freight":"","importance_rank":1,"importance":"local_connector"},"geometry":{"type":"Point","coordinates":[0.3432141,51.4427443]}},{"type":"Feature","properties":{"id":"uk-osm-logistics-node-9796592518","name":"OSM logistics facility node/9796592518","hub_type":"truck_terminal","operator_classification":"other","source_operator":"","osm_type":"node","osm_id":"9796592518","railway":"","landuse":"","industrial":"","amenity":"loading_dock","freight":"","importance_rank":1,"importance":"local_connector"},"geometry":{"type":"Point","coordinates":[0.3432737,51.4427423]}},{"type":"Feature","properties":{"id":"uk-osm-logistics-node-9796592519","name":"OSM logistics facility node/9796592519","hub_type":"truck_terminal","operator_classification":"other","source_operator":"","osm_type":"node","osm_id":"9796592519","railway":"","landuse":"","industrial":"","amenity":"loading_dock","freight":"","importance_rank":1,"importance":"local_connector"},"geometry":{"type":"Point","coordinates":[0.3433307,51.4427405]}},{"type":"Feature","properties":{"id":"uk-osm-logistics-node-9796592520","name":"OSM logistics facility node/9796592520","hub_type":"truck_terminal","operator_classification":"other","source_operator":"","osm_type":"node","osm_id":"9796592520","railway":"","landuse":"","industrial":"","amenity":"loading_dock","freight":"","importance_rank":1,"importance":"local_connector"},"geometry":{"type":"Point","coordinates":[0.3433877,51.4427386]}},{"type":"Feature","properties":{"id":"uk-osm-logistics-node-9796592521","name":"OSM logistics facility node/9796592521","hub_type":"truck_terminal","operator_classification":"other","source_operator":"","osm_type":"node","osm_id":"9796592521","railway":"","landuse":"","industrial":"","amenity":"loading_dock","freight":"","importance_rank":1,"importance":"local_connector"},"geometry":{"type":"Point","coordinates":[0.3434467,51.4427367]}},{"type":"Feature","properties":{"id":"uk-osm-logistics-node-9796592522","name":"OSM logistics facility node/9796592522","hub_type":"truck_terminal","operator_classification":"other","source_operator":"","osm_type":"node","osm_id":"9796592522","railway":"","landuse":"","industrial":"","amenity":"loading_dock","freight":"","importance_rank":1,"importance":"local_connector"},"geometry":{"type":"Point","coordinates":[0.3435023,51.4427349]}},{"type":"Feature","properties":{"id":"uk-osm-logistics-node-9796592661","name":"OSM logistics facility node/9796592661","hub_type":"truck_terminal","operator_classification":"other","source_operator":"","osm_type":"node","osm_id":"9796592661","railway":"","landuse":"","industrial":"","amenity":"loading_dock","freight":"","importance_rank":1,"importance":"local_connector"},"geometry":{"type":"Point","coordinates":[0.3435593,51.442733]}},{"type":"Feature","properties":{"id":"uk-osm-logistics-node-9796592662","name":"OSM logistics facility node/9796592662","hub_type":"truck_terminal","operator_classification":"other","source_operator":"","osm_type":"node","osm_id":"9796592662","railway":"","landuse":"","industrial":"","amenity":"loading_dock","freight":"","importance_rank":1,"importance":"local_connector"},"geometry":{"type":"Point","coordinates":[0.3436164,51.4427312]}},{"type":"Feature","properties":{"id":"uk-osm-logistics-node-9796592663","name":"OSM logistics facility node/9796592663","hub_type":"truck_terminal","operator_classification":"other","source_operator":"","osm_type":"node","osm_id":"9796592663","railway":"","landuse":"","industrial":"","amenity":"loading_dock","freight":"","importance_rank":1,"importance":"local_connector"},"geometry":{"type":"Point","coordinates":[0.343674,51.4427293]}},{"type":"Feature","properties":{"id":"uk-osm-logistics-node-9796592664","name":"OSM logistics facility node/9796592664","hub_type":"truck_terminal","operator_classification":"other","source_operator":"","osm_type":"node","osm_id":"9796592664","railway":"","landuse":"","industrial":"","amenity":"loading_dock","freight":"","importance_rank":1,"importance":"local_connector"},"geometry":{"type":"Point","coordinates":[0.3437345,51.4427273]}},{"type":"Feature","properties":{"id":"uk-osm-logistics-node-9796592665","name":"OSM logistics facility node/9796592665","hub_type":"truck_terminal","operator_classification":"other","source_operator":"","osm_type":"node","osm_id":"9796592665","railway":"","landuse":"","industrial":"","amenity":"loading_dock","freight":"","importance_rank":1,"importance":"local_connector"},"geometry":{"type":"Point","coordinates":[0.3437902,51.4427255]}},{"type":"Feature","properties":{"id":"uk-osm-logistics-node-9796592666","name":"OSM logistics facility node/9796592666","hub_type":"truck_terminal","operator_classification":"other","source_operator":"","osm_type":"node","osm_id":"9796592666","railway":"","landuse":"","industrial":"","amenity":"loading_dock","freight":"","importance_rank":1,"importance":"local_connector"},"geometry":{"type":"Point","coordinates":[0.3438505,51.4427235]}},{"type":"Feature","properties":{"id":"uk-osm-logistics-node-9796592667","name":"OSM logistics facility node/9796592667","hub_type":"truck_terminal","operator_classification":"other","source_operator":"","osm_type":"node","osm_id":"9796592667","railway":"","landuse":"","industrial":"","amenity":"loading_dock","freight":"","importance_rank":1,"importance":"local_connector"},"geometry":{"type":"Point","coordinates":[0.3439099,51.4427216]}},{"type":"Feature","properties":{"id":"uk-osm-logistics-node-9796592668","name":"OSM logistics facility node/9796592668","hub_type":"truck_terminal","operator_classification":"other","source_operator":"","osm_type":"node","osm_id":"9796592668","railway":"","landuse":"","industrial":"","amenity":"loading_dock","freight":"","importance_rank":1,"importance":"local_connector"},"geometry":{"type":"Point","coordinates":[0.3440448,51.4427172]}},{"type":"Feature","properties":{"id":"uk-osm-logistics-node-9796592669","name":"OSM logistics facility node/9796592669","hub_type":"truck_terminal","operator_classification":"other","source_operator":"","osm_type":"node","osm_id":"9796592669","railway":"","landuse":"","industrial":"","amenity":"loading_dock","freight":"","importance_rank":1,"importance":"local_connector"},"geometry":{"type":"Point","coordinates":[0.3441193,51.4427148]}},{"type":"Feature","properties":{"id":"uk-osm-logistics-node-9796592670","name":"OSM logistics facility node/9796592670","hub_type":"truck_terminal","operator_classification":"other","source_operator":"","osm_type":"node","osm_id":"9796592670","railway":"","landuse":"","industrial":"","amenity":"loading_dock","freight":"","importance_rank":1,"importance":"local_connector"},"geometry":{"type":"Point","coordinates":[0.3441777,51.4427129]}},{"type":"Feature","properties":{"id":"uk-osm-logistics-node-9796592671","name":"OSM logistics facility node/9796592671","hub_type":"truck_terminal","operator_classification":"other","source_operator":"","osm_type":"node","osm_id":"9796592671","railway":"","landuse":"","industrial":"","amenity":"loading_dock","freight":"","importance_rank":1,"importance":"local_connector"},"geometry":{"type":"Point","coordinates":[0.34423,51.4427112]}},{"type":"Feature","properties":{"id":"uk-osm-logistics-node-9796592672","name":"OSM logistics facility node/9796592672","hub_type":"truck_terminal","operator_classification":"other","source_operator":"","osm_type":"node","osm_id":"9796592672","railway":"","landuse":"","industrial":"","amenity":"loading_dock","freight":"","importance_rank":1,"importance":"local_connector"},"geometry":{"type":"Point","coordinates":[0.344295,51.442709]}},{"type":"Feature","properties":{"id":"uk-osm-logistics-node-9796592673","name":"OSM logistics facility node/9796592673","hub_type":"truck_terminal","operator_classification":"other","source_operator":"","osm_type":"node","osm_id":"9796592673","railway":"","landuse":"","industrial":"","amenity":"loading_dock","freight":"","importance_rank":1,"importance":"local_connector"},"geometry":{"type":"Point","coordinates":[0.344352,51.4427072]}},{"type":"Feature","properties":{"id":"uk-osm-logistics-node-9796592674","name":"OSM logistics facility node/9796592674","hub_type":"truck_terminal","operator_classification":"other","source_operator":"","osm_type":"node","osm_id":"9796592674","railway":"","landuse":"","industrial":"","amenity":"loading_dock","freight":"","importance_rank":1,"importance":"local_connector"},"geometry":{"type":"Point","coordinates":[0.3444055,51.4427054]}},{"type":"Feature","properties":{"id":"uk-osm-logistics-node-9796592675","name":"OSM logistics facility node/9796592675","hub_type":"truck_terminal","operator_classification":"other","source_operator":"","osm_type":"node","osm_id":"9796592675","railway":"","landuse":"","industrial":"","amenity":"loading_dock","freight":"","importance_rank":1,"importance":"local_connector"},"geometry":{"type":"Point","coordinates":[0.3444673,51.4427034]}},{"type":"Feature","properties":{"id":"uk-osm-logistics-node-9796592676","name":"OSM logistics facility node/9796592676","hub_type":"truck_terminal","operator_classification":"other","source_operator":"","osm_type":"node","osm_id":"9796592676","railway":"","landuse":"","industrial":"","amenity":"loading_dock","freight":"","importance_rank":1,"importance":"local_connector"},"geometry":{"type":"Point","coordinates":[0.3445251,51.4427015]}},{"type":"Feature","properties":{"id":"uk-osm-logistics-node-9796592677","name":"OSM logistics facility node/9796592677","hub_type":"truck_terminal","operator_classification":"other","source_operator":"","osm_type":"node","osm_id":"9796592677","railway":"","landuse":"","industrial":"","amenity":"loading_dock","freight":"","importance_rank":1,"importance":"local_connector"},"geometry":{"type":"Point","coordinates":[0.3445811,51.4426997]}},{"type":"Feature","properties":{"id":"uk-osm-logistics-node-9796592678","name":"OSM logistics facility node/9796592678","hub_type":"truck_terminal","operator_classification":"other","source_operator":"","osm_type":"node","osm_id":"9796592678","railway":"","landuse":"","industrial":"","amenity":"loading_dock","freight":"","importance_rank":1,"importance":"local_connector"},"geometry":{"type":"Point","coordinates":[0.3446397,51.4426978]}},{"type":"Feature","properties":{"id":"uk-osm-logistics-node-9796592679","name":"OSM logistics facility node/9796592679","hub_type":"truck_terminal","operator_classification":"other","source_operator":"","osm_type":"node","osm_id":"9796592679","railway":"","landuse":"","industrial":"","amenity":"loading_dock","freight":"","importance_rank":1,"importance":"local_connector"},"geometry":{"type":"Point","coordinates":[0.3446953,51.442696]}},{"type":"Feature","properties":{"id":"uk-osm-logistics-node-9796592680","name":"OSM logistics facility node/9796592680","hub_type":"truck_terminal","operator_classification":"other","source_operator":"","osm_type":"node","osm_id":"9796592680","railway":"","landuse":"","industrial":"","amenity":"loading_dock","freight":"","importance_rank":1,"importance":"local_connector"},"geometry":{"type":"Point","coordinates":[0.3447575,51.442694]}},{"type":"Feature","properties":{"id":"uk-osm-logistics-node-9796592681","name":"OSM logistics facility node/9796592681","hub_type":"truck_terminal","operator_classification":"other","source_operator":"","osm_type":"node","osm_id":"9796592681","railway":"","landuse":"","industrial":"","amenity":"loading_dock","freight":"","importance_rank":1,"importance":"local_connector"},"geometry":{"type":"Point","coordinates":[0.3448178,51.442692]}},{"type":"Feature","properties":{"id":"uk-osm-logistics-node-9796592683","name":"OSM logistics facility node/9796592683","hub_type":"truck_terminal","operator_classification":"other","source_operator":"","osm_type":"node","osm_id":"9796592683","railway":"","landuse":"","industrial":"","amenity":"loading_dock","freight":"","importance_rank":1,"importance":"local_connector"},"geometry":{"type":"Point","coordinates":[0.3450466,51.4426845]}},{"type":"Feature","properties":{"id":"uk-osm-logistics-node-9796592684","name":"OSM logistics facility node/9796592684","hub_type":"truck_terminal","operator_classification":"other","source_operator":"","osm_type":"node","osm_id":"9796592684","railway":"","landuse":"","industrial":"","amenity":"loading_dock","freight":"","importance_rank":1,"importance":"local_connector"},"geometry":{"type":"Point","coordinates":[0.3451037,51.4426827]}},{"type":"Feature","properties":{"id":"uk-osm-logistics-node-9796592685","name":"OSM logistics facility node/9796592685","hub_type":"truck_terminal","operator_classification":"other","source_operator":"","osm_type":"node","osm_id":"9796592685","railway":"","landuse":"","industrial":"","amenity":"loading_dock","freight":"","importance_rank":1,"importance":"local_connector"},"geometry":{"type":"Point","coordinates":[0.3451595,51.4426809]}},{"type":"Feature","properties":{"id":"uk-osm-logistics-node-9796592686","name":"OSM logistics facility node/9796592686","hub_type":"truck_terminal","operator_classification":"other","source_operator":"","osm_type":"node","osm_id":"9796592686","railway":"","landuse":"","industrial":"","amenity":"loading_dock","freight":"","importance_rank":1,"importance":"local_connector"},"geometry":{"type":"Point","coordinates":[0.3452203,51.4426789]}},{"type":"Feature","properties":{"id":"uk-osm-logistics-node-9796592687","name":"OSM logistics facility node/9796592687","hub_type":"truck_terminal","operator_classification":"other","source_operator":"","osm_type":"node","osm_id":"9796592687","railway":"","landuse":"","industrial":"","amenity":"loading_dock","freight":"","importance_rank":1,"importance":"local_connector"},"geometry":{"type":"Point","coordinates":[0.3452728,51.4426772]}},{"type":"Feature","properties":{"id":"uk-osm-logistics-node-9796592688","name":"OSM logistics facility node/9796592688","hub_type":"truck_terminal","operator_classification":"other","source_operator":"","osm_type":"node","osm_id":"9796592688","railway":"","landuse":"","industrial":"","amenity":"loading_dock","freight":"","importance_rank":1,"importance":"local_connector"},"geometry":{"type":"Point","coordinates":[0.3453364,51.4426751]}},{"type":"Feature","properties":{"id":"uk-osm-logistics-node-9796592689","name":"OSM logistics facility node/9796592689","hub_type":"truck_terminal","operator_classification":"other","source_operator":"","osm_type":"node","osm_id":"9796592689","railway":"","landuse":"","industrial":"","amenity":"loading_dock","freight":"","importance_rank":1,"importance":"local_connector"},"geometry":{"type":"Point","coordinates":[0.3453926,51.4426733]}},{"type":"Feature","properties":{"id":"uk-osm-logistics-node-9796592690","name":"OSM logistics facility node/9796592690","hub_type":"truck_terminal","operator_classification":"other","source_operator":"","osm_type":"node","osm_id":"9796592690","railway":"","landuse":"","industrial":"","amenity":"loading_dock","freight":"","importance_rank":1,"importance":"local_connector"},"geometry":{"type":"Point","coordinates":[0.3454503,51.4426714]}},{"type":"Feature","properties":{"id":"uk-osm-logistics-node-9796592691","name":"OSM logistics facility node/9796592691","hub_type":"truck_terminal","operator_classification":"other","source_operator":"","osm_type":"node","osm_id":"9796592691","railway":"","landuse":"","industrial":"","amenity":"loading_dock","freight":"","importance_rank":1,"importance":"local_connector"},"geometry":{"type":"Point","coordinates":[0.3455114,51.4426694]}},{"type":"Feature","properties":{"id":"uk-osm-logistics-node-9796592692","name":"OSM logistics facility node/9796592692","hub_type":"truck_terminal","operator_classification":"other","source_operator":"","osm_type":"node","osm_id":"9796592692","railway":"","landuse":"","industrial":"","amenity":"loading_dock","freight":"","importance_rank":1,"importance":"local_connector"},"geometry":{"type":"Point","coordinates":[0.3455697,51.4426675]}},{"type":"Feature","properties":{"id":"uk-osm-logistics-node-9797111399","name":"OSM logistics facility node/9797111399","hub_type":"truck_terminal","operator_classification":"other","source_operator":"","osm_type":"node","osm_id":"9797111399","railway":"","landuse":"","industrial":"","amenity":"loading_dock","freight":"","importance_rank":1,"importance":"local_connector"},"geometry":{"type":"Point","coordinates":[0.3421426,51.4427792]}},{"type":"Feature","properties":{"id":"uk-osm-logistics-node-9797111400","name":"OSM logistics facility node/9797111400","hub_type":"truck_terminal","operator_classification":"other","source_operator":"","osm_type":"node","osm_id":"9797111400","railway":"","landuse":"","industrial":"","amenity":"loading_dock","freight":"","importance_rank":1,"importance":"local_connector"},"geometry":{"type":"Point","coordinates":[0.3420863,51.442781]}},{"type":"Feature","properties":{"id":"uk-osm-logistics-node-9797111401","name":"OSM logistics facility node/9797111401","hub_type":"truck_terminal","operator_classification":"other","source_operator":"","osm_type":"node","osm_id":"9797111401","railway":"","landuse":"","industrial":"","amenity":"loading_dock","freight":"","importance_rank":1,"importance":"local_connector"},"geometry":{"type":"Point","coordinates":[0.3420251,51.442783]}},{"type":"Feature","properties":{"id":"uk-osm-logistics-node-9797111402","name":"OSM logistics facility node/9797111402","hub_type":"truck_terminal","operator_classification":"other","source_operator":"","osm_type":"node","osm_id":"9797111402","railway":"","landuse":"","industrial":"","amenity":"loading_dock","freight":"","importance_rank":1,"importance":"local_connector"},"geometry":{"type":"Point","coordinates":[0.3419696,51.4427848]}},{"type":"Feature","properties":{"id":"uk-osm-logistics-node-9797111403","name":"OSM logistics facility node/9797111403","hub_type":"truck_terminal","operator_classification":"other","source_operator":"","osm_type":"node","osm_id":"9797111403","railway":"","landuse":"","industrial":"","amenity":"loading_dock","freight":"","importance_rank":1,"importance":"local_connector"},"geometry":{"type":"Point","coordinates":[0.3419045,51.442787]}},{"type":"Feature","properties":{"id":"uk-osm-logistics-node-9797111404","name":"OSM logistics facility node/9797111404","hub_type":"truck_terminal","operator_classification":"other","source_operator":"","osm_type":"node","osm_id":"9797111404","railway":"","landuse":"","industrial":"","amenity":"loading_dock","freight":"","importance_rank":1,"importance":"local_connector"},"geometry":{"type":"Point","coordinates":[0.341846,51.4427889]}},{"type":"Feature","properties":{"id":"uk-osm-logistics-node-9797111405","name":"OSM logistics facility node/9797111405","hub_type":"truck_terminal","operator_classification":"other","source_operator":"","osm_type":"node","osm_id":"9797111405","railway":"","landuse":"","industrial":"","amenity":"loading_dock","freight":"","importance_rank":1,"importance":"local_connector"},"geometry":{"type":"Point","coordinates":[0.3417912,51.4427906]}},{"type":"Feature","properties":{"id":"uk-osm-logistics-node-9868134629","name":"OSM logistics facility node/9868134629","hub_type":"truck_terminal","operator_classification":"other","source_operator":"","osm_type":"node","osm_id":"9868134629","railway":"","landuse":"","industrial":"","amenity":"loading_dock","freight":"","importance_rank":1,"importance":"local_connector"},"geometry":{"type":"Point","coordinates":[-1.550584,50.7578335]}},{"type":"Feature","properties":{"id":"uk-osm-logistics-node-9869908039","name":"OSM logistics facility node/9869908039","hub_type":"truck_terminal","operator_classification":"other","source_operator":"","osm_type":"node","osm_id":"9869908039","railway":"","landuse":"","industrial":"","amenity":"loading_dock","freight":"","importance_rank":1,"importance":"local_connector"},"geometry":{"type":"Point","coordinates":[-2.8361667,54.0592197]}},{"type":"Feature","properties":{"id":"uk-osm-logistics-node-9901839703","name":"OSM logistics facility node/9901839703","hub_type":"truck_terminal","operator_classification":"other","source_operator":"","osm_type":"node","osm_id":"9901839703","railway":"","landuse":"","industrial":"","amenity":"loading_dock","freight":"","importance_rank":1,"importance":"local_connector"},"geometry":{"type":"Point","coordinates":[-1.2611755,51.6726164]}},{"type":"Feature","properties":{"id":"uk-osm-logistics-node-9901952649","name":"OSM logistics facility node/9901952649","hub_type":"truck_terminal","operator_classification":"other","source_operator":"","osm_type":"node","osm_id":"9901952649","railway":"","landuse":"","industrial":"","amenity":"loading_dock","freight":"","importance_rank":1,"importance":"local_connector"},"geometry":{"type":"Point","coordinates":[-1.2789425,51.6723565]}},{"type":"Feature","properties":{"id":"uk-osm-logistics-node-9901952650","name":"OSM logistics facility node/9901952650","hub_type":"truck_terminal","operator_classification":"other","source_operator":"","osm_type":"node","osm_id":"9901952650","railway":"","landuse":"","industrial":"","amenity":"loading_dock","freight":"","importance_rank":1,"importance":"local_connector"},"geometry":{"type":"Point","coordinates":[-1.2789209,51.6723179]}},{"type":"Feature","properties":{"id":"uk-osm-logistics-node-9917760274","name":"OSM logistics facility node/9917760274","hub_type":"truck_terminal","operator_classification":"other","source_operator":"","osm_type":"node","osm_id":"9917760274","railway":"","landuse":"","industrial":"","amenity":"loading_dock","freight":"","importance_rank":1,"importance":"local_connector"},"geometry":{"type":"Point","coordinates":[-3.4123153,53.1877679]}},{"type":"Feature","properties":{"id":"uk-osm-logistics-node-9937492534","name":"OSM logistics facility node/9937492534","hub_type":"truck_terminal","operator_classification":"other","source_operator":"","osm_type":"node","osm_id":"9937492534","railway":"","landuse":"","industrial":"","amenity":"loading_dock","freight":"","importance_rank":1,"importance":"local_connector"},"geometry":{"type":"Point","coordinates":[-2.0324171,50.7420296]}},{"type":"Feature","properties":{"id":"uk-osm-logistics-node-9938048357","name":"OSM logistics facility node/9938048357","hub_type":"truck_terminal","operator_classification":"other","source_operator":"","osm_type":"node","osm_id":"9938048357","railway":"","landuse":"","industrial":"","amenity":"loading_dock","freight":"","importance_rank":1,"importance":"local_connector"},"geometry":{"type":"Point","coordinates":[-3.4246047,53.1814138]}},{"type":"Feature","properties":{"id":"uk-osm-logistics-node-9975827200","name":"OSM logistics facility node/9975827200","hub_type":"truck_terminal","operator_classification":"other","source_operator":"","osm_type":"node","osm_id":"9975827200","railway":"","landuse":"","industrial":"","amenity":"loading_dock","freight":"","importance_rank":1,"importance":"local_connector"},"geometry":{"type":"Point","coordinates":[-3.497371,53.2730688]}},{"type":"Feature","properties":{"id":"uk-osm-logistics-way-1452974295","name":"OSM logistics facility way/1452974295","hub_type":"truck_terminal","operator_classification":"other","source_operator":"","osm_type":"way","osm_id":"1452974295","railway":"","landuse":"commercial","industrial":"","amenity":"loading_dock","freight":"","importance_rank":1,"importance":"local_connector"},"geometry":{"type":"Point","coordinates":[-4.3334047,55.8633559]}},{"type":"Feature","properties":{"id":"uk-osm-logistics-way-615646445","name":"OSM logistics facility way/615646445","hub_type":"truck_terminal","operator_classification":"other","source_operator":"","osm_type":"way","osm_id":"615646445","railway":"","landuse":"","industrial":"","amenity":"loading_dock","freight":"","importance_rank":1,"importance":"local_connector"},"geometry":{"type":"Point","coordinates":[-2.9609898,51.3400099]}},{"type":"Feature","properties":{"id":"uk-osm-logistics-way-681140596","name":"OSM logistics facility way/681140596","hub_type":"truck_terminal","operator_classification":"other","source_operator":"","osm_type":"way","osm_id":"681140596","railway":"","landuse":"","industrial":"","amenity":"loading_dock","freight":"","importance_rank":1,"importance":"local_connector"},"geometry":{"type":"Point","coordinates":[-1.4092085,52.5406325]}},{"type":"Feature","properties":{"id":"uk-osm-logistics-way-681140623","name":"OSM logistics facility way/681140623","hub_type":"truck_terminal","operator_classification":"other","source_operator":"","osm_type":"way","osm_id":"681140623","railway":"","landuse":"","industrial":"","amenity":"loading_dock","freight":"","importance_rank":1,"importance":"local_connector"},"geometry":{"type":"Point","coordinates":[-1.3837317,52.5261146]}}]}