{"type":"FeatureCollection","features":[{"type":"Feature","id":"global_port::1730087247","properties":{"id":"global_port::1730087247","stable_key":"global_port::1730087247","name":"Sint Nicolaas","legal_designation":"local","legal_designation_label":"Local port","manager_type_code":"global","importance":"local_connector","importance_rank":1,"source":"natural_earth_10m_ports","source_ne_id":"1730087247","website":"www.rocargo.com/SanNicolas.html"},"geometry":{"type":"Point","coordinates":[-69.923557,12.4375]}},{"type":"Feature","id":"global_port::1730087249","properties":{"id":"global_port::1730087249","stable_key":"global_port::1730087249","name":"Campana","legal_designation":"local","legal_designation_label":"Local port","manager_type_code":"global","importance":"local_connector","importance_rank":1,"source":"natural_earth_10m_ports","source_ne_id":"1730087249","website":"www.consejoportuario.com.ar"},"geometry":{"type":"Point","coordinates":[-58.951413,-34.153333]}},{"type":"Feature","id":"global_port::1730087251","properties":{"id":"global_port::1730087251","stable_key":"global_port::1730087251","name":"Zarate","legal_designation":"local","legal_designation_label":"Local port","manager_type_code":"global","importance":"local_connector","importance_rank":1,"source":"natural_earth_10m_ports","source_ne_id":"1730087251","website":"www.consejoportuario.com.ar"},"geometry":{"type":"Point","coordinates":[-59.004947,-34.098889]}},{"type":"Feature","id":"global_port::1730087255","properties":{"id":"global_port::1730087255","stable_key":"global_port::1730087255","name":"Puerto Belgrano/Bahia Blanca","legal_designation":"local","legal_designation_label":"Local port","manager_type_code":"global","importance":"local_connector","importance_rank":1,"source":"natural_earth_10m_ports","source_ne_id":"1730087255","website":""},"geometry":{"type":"Point","coordinates":[-62.100883,-38.894444]}},{"type":"Feature","id":"global_port::1730087257","properties":{"id":"global_port::1730087257","stable_key":"global_port::1730087257","name":"Puerto Galvan/Bahia Blanca","legal_designation":"local","legal_designation_label":"Local port","manager_type_code":"global","importance":"local_connector","importance_rank":1,"source":"natural_earth_10m_ports","source_ne_id":"1730087257","website":""},"geometry":{"type":"Point","coordinates":[-62.30053,-38.783056]}},{"type":"Feature","id":"global_port::1730087259","properties":{"id":"global_port::1730087259","stable_key":"global_port::1730087259","name":"Ingeniero White/Bahia Blanca","legal_designation":"local","legal_designation_label":"Local port","manager_type_code":"global","importance":"local_connector","importance_rank":1,"source":"natural_earth_10m_ports","source_ne_id":"1730087259","website":""},"geometry":{"type":"Point","coordinates":[-62.259894,-38.791944]}},{"type":"Feature","id":"global_port::1730087261","properties":{"id":"global_port::1730087261","stable_key":"global_port::1730087261","name":"Saint John's","legal_designation":"local","legal_designation_label":"Local port","manager_type_code":"global","importance":"local_connector","importance_rank":1,"source":"natural_earth_10m_ports","source_ne_id":"1730087261","website":"www.ab.gov.ag"},"geometry":{"type":"Point","coordinates":[-61.852297,17.122778]}},{"type":"Feature","id":"global_port::1730087263","properties":{"id":"global_port::1730087263","stable_key":"global_port::1730087263","name":"Fremantle","legal_designation":"local","legal_designation_label":"Local port","manager_type_code":"global","importance":"local_connector","importance_rank":1,"source":"natural_earth_10m_ports","source_ne_id":"1730087263","website":"www.fremantleports.com.au"},"geometry":{"type":"Point","coordinates":[115.738104,-32.0475]}},{"type":"Feature","id":"global_port::1730087265","properties":{"id":"global_port::1730087265","stable_key":"global_port::1730087265","name":"Botany Bay","legal_designation":"local","legal_designation_label":"Local port","manager_type_code":"global","importance":"local_connector","importance_rank":1,"source":"natural_earth_10m_ports","source_ne_id":"1730087265","website":"www.sydneyports.com.au"},"geometry":{"type":"Point","coordinates":[151.209541,-33.973056]}},{"type":"Feature","id":"global_port::1730087267","properties":{"id":"global_port::1730087267","stable_key":"global_port::1730087267","name":"Rockhampton","legal_designation":"local","legal_designation_label":"Local port","manager_type_code":"global","importance":"local_connector","importance_rank":1,"source":"natural_earth_10m_ports","source_ne_id":"1730087267","website":"www.gpcl.com.au"},"geometry":{"type":"Point","coordinates":[151.284217,-23.851111]}},{"type":"Feature","id":"global_port::1730087269","properties":{"id":"global_port::1730087269","stable_key":"global_port::1730087269","name":"Oostende (Ostend)","legal_designation":"local","legal_designation_label":"Local port","manager_type_code":"global","importance":"local_connector","importance_rank":1,"source":"natural_earth_10m_ports","source_ne_id":"1730087269","website":"www.portofoostende.be"},"geometry":{"type":"Point","coordinates":[2.933687,51.23]}},{"type":"Feature","id":"global_port::1730087273","properties":{"id":"global_port::1730087273","stable_key":"global_port::1730087273","name":"Zeebrugge","legal_designation":"local","legal_designation_label":"Local port","manager_type_code":"global","importance":"local_connector","importance_rank":1,"source":"natural_earth_10m_ports","source_ne_id":"1730087273","website":"www.zeebruggeport.be"},"geometry":{"type":"Point","coordinates":[3.204594,51.336389]}},{"type":"Feature","id":"global_port::1730087275","properties":{"id":"global_port::1730087275","stable_key":"global_port::1730087275","name":"Burgas","legal_designation":"local","legal_designation_label":"Local port","manager_type_code":"global","importance":"local_connector","importance_rank":1,"source":"natural_earth_10m_ports","source_ne_id":"1730087275","website":"www.port-burgas.com"},"geometry":{"type":"Point","coordinates":[27.458304,42.47]}},{"type":"Feature","id":"global_port::1730087277","properties":{"id":"global_port::1730087277","stable_key":"global_port::1730087277","name":"Mina Sulman Port","legal_designation":"local","legal_designation_label":"Local port","manager_type_code":"global","importance":"local_connector","importance_rank":1,"source":"natural_earth_10m_ports","source_ne_id":"1730087277","website":"www.bahrainports.gov.bh"},"geometry":{"type":"Point","coordinates":[50.607597,26.198611]}},{"type":"Feature","id":"global_port::1730087279","properties":{"id":"global_port::1730087279","stable_key":"global_port::1730087279","name":"Sitrah","legal_designation":"local","legal_designation_label":"Local port","manager_type_code":"global","importance":"local_connector","importance_rank":1,"source":"natural_earth_10m_ports","source_ne_id":"1730087279","website":"www.bahrainports.gov.bh"},"geometry":{"type":"Point","coordinates":[50.658834,26.158611]}},{"type":"Feature","id":"global_port::1730087281","properties":{"id":"global_port::1730087281","stable_key":"global_port::1730087281","name":"Saint George","legal_designation":"local","legal_designation_label":"Local port","manager_type_code":"global","importance":"local_connector","importance_rank":1,"source":"natural_earth_10m_ports","source_ne_id":"1730087281","website":""},"geometry":{"type":"Point","coordinates":[-64.673027,32.379444]}},{"type":"Feature","id":"global_port::1730087283","properties":{"id":"global_port::1730087283","stable_key":"global_port::1730087283","name":"Mucuripe","legal_designation":"local","legal_designation_label":"Local port","manager_type_code":"global","importance":"local_connector","importance_rank":1,"source":"natural_earth_10m_ports","source_ne_id":"1730087283","website":"www.docasdoceara.com.br"},"geometry":{"type":"Point","coordinates":[-38.473204,-3.7075]}},{"type":"Feature","id":"global_port::1730087285","properties":{"id":"global_port::1730087285","stable_key":"global_port::1730087285","name":"Niteroi","legal_designation":"local","legal_designation_label":"Local port","manager_type_code":"global","importance":"local_connector","importance_rank":1,"source":"natural_earth_10m_ports","source_ne_id":"1730087285","website":"www.portosrio.gov.br"},"geometry":{"type":"Point","coordinates":[-43.124617,-22.879167]}},{"type":"Feature","id":"global_port::1730087287","properties":{"id":"global_port::1730087287","stable_key":"global_port::1730087287","name":"Sao Francisco do Sul","legal_designation":"local","legal_designation_label":"Local port","manager_type_code":"global","importance":"local_connector","importance_rank":1,"source":"natural_earth_10m_ports","source_ne_id":"1730087287","website":"www.apsfs.sc.gov.br"},"geometry":{"type":"Point","coordinates":[-48.635453,-26.238056]}},{"type":"Feature","id":"global_port::1730087291","properties":{"id":"global_port::1730087291","stable_key":"global_port::1730087291","name":"Chatham","legal_designation":"local","legal_designation_label":"Local port","manager_type_code":"global","importance":"local_connector","importance_rank":1,"source":"natural_earth_10m_ports","source_ne_id":"1730087291","website":""},"geometry":{"type":"Point","coordinates":[-65.467727,47.034444]}},{"type":"Feature","id":"global_port::1730087293","properties":{"id":"global_port::1730087293","stable_key":"global_port::1730087293","name":"Clarenville","legal_designation":"local","legal_designation_label":"Local port","manager_type_code":"global","importance":"local_connector","importance_rank":1,"source":"natural_earth_10m_ports","source_ne_id":"1730087293","website":""},"geometry":{"type":"Point","coordinates":[-53.95689,48.163333]}},{"type":"Feature","id":"global_port::1730087295","properties":{"id":"global_port::1730087295","stable_key":"global_port::1730087295","name":"Comox","legal_designation":"local","legal_designation_label":"Local port","manager_type_code":"global","importance":"local_connector","importance_rank":1,"source":"natural_earth_10m_ports","source_ne_id":"1730087295","website":""},"geometry":{"type":"Point","coordinates":[-124.924441,49.670833]}},{"type":"Feature","id":"global_port::1730087297","properties":{"id":"global_port::1730087297","stable_key":"global_port::1730087297","name":"Esquimalt","legal_designation":"local","legal_designation_label":"Local port","manager_type_code":"global","importance":"local_connector","importance_rank":1,"source":"natural_earth_10m_ports","source_ne_id":"1730087297","website":""},"geometry":{"type":"Point","coordinates":[-123.434393,48.436389]}},{"type":"Feature","id":"global_port::1730087299","properties":{"id":"global_port::1730087299","stable_key":"global_port::1730087299","name":"Grand Bank","legal_designation":"local","legal_designation_label":"Local port","manager_type_code":"global","importance":"local_connector","importance_rank":1,"source":"natural_earth_10m_ports","source_ne_id":"1730087299","website":""},"geometry":{"type":"Point","coordinates":[-55.75106,47.100278]}},{"type":"Feature","id":"global_port::1730087301","properties":{"id":"global_port::1730087301","stable_key":"global_port::1730087301","name":"North Sydney","legal_designation":"local","legal_designation_label":"Local port","manager_type_code":"global","importance":"local_connector","importance_rank":1,"source":"natural_earth_10m_ports","source_ne_id":"1730087301","website":""},"geometry":{"type":"Point","coordinates":[-60.23934,46.208889]}},{"type":"Feature","id":"global_port::1730087303","properties":{"id":"global_port::1730087303","stable_key":"global_port::1730087303","name":"Caraquet","legal_designation":"local","legal_designation_label":"Local port","manager_type_code":"global","importance":"local_connector","importance_rank":1,"source":"natural_earth_10m_ports","source_ne_id":"1730087303","website":""},"geometry":{"type":"Point","coordinates":[-64.924617,47.796389]}},{"type":"Feature","id":"global_port::1730087305","properties":{"id":"global_port::1730087305","stable_key":"global_port::1730087305","name":"Chicoutimi","legal_designation":"local","legal_designation_label":"Local port","manager_type_code":"global","importance":"local_connector","importance_rank":1,"source":"natural_earth_10m_ports","source_ne_id":"1730087305","website":""},"geometry":{"type":"Point","coordinates":[-71.05265,48.43]}},{"type":"Feature","id":"global_port::1730087309","properties":{"id":"global_port::1730087309","stable_key":"global_port::1730087309","name":"Corner Brook","legal_designation":"local","legal_designation_label":"Local port","manager_type_code":"global","importance":"local_connector","importance_rank":1,"source":"natural_earth_10m_ports","source_ne_id":"1730087309","website":"www.cornerbrookport.com"},"geometry":{"type":"Point","coordinates":[-57.936337,48.960556]}},{"type":"Feature","id":"global_port::1730087311","properties":{"id":"global_port::1730087311","stable_key":"global_port::1730087311","name":"Digby","legal_designation":"local","legal_designation_label":"Local port","manager_type_code":"global","importance":"local_connector","importance_rank":1,"source":"natural_earth_10m_ports","source_ne_id":"1730087311","website":"www.portofdigby.ns.ca"},"geometry":{"type":"Point","coordinates":[-65.752297,44.625278]}},{"type":"Feature","id":"global_port::1730087313","properties":{"id":"global_port::1730087313","stable_key":"global_port::1730087313","name":"Harbour Grace","legal_designation":"local","legal_designation_label":"Local port","manager_type_code":"global","importance":"local_connector","importance_rank":1,"source":"natural_earth_10m_ports","source_ne_id":"1730087313","website":""},"geometry":{"type":"Point","coordinates":[-53.21702,47.690278]}},{"type":"Feature","id":"global_port::1730087315","properties":{"id":"global_port::1730087315","stable_key":"global_port::1730087315","name":"Pictou","legal_designation":"local","legal_designation_label":"Local port","manager_type_code":"global","importance":"local_connector","importance_rank":1,"source":"natural_earth_10m_ports","source_ne_id":"1730087315","website":"www.pictoumarineterminals.com"},"geometry":{"type":"Point","coordinates":[-62.704417,45.674722]}},{"type":"Feature","id":"global_port::1730087317","properties":{"id":"global_port::1730087317","stable_key":"global_port::1730087317","name":"Shelburne","legal_designation":"local","legal_designation_label":"Local port","manager_type_code":"global","importance":"local_connector","importance_rank":1,"source":"natural_earth_10m_ports","source_ne_id":"1730087317","website":""},"geometry":{"type":"Point","coordinates":[-65.317727,43.749722]}},{"type":"Feature","id":"global_port::1730087319","properties":{"id":"global_port::1730087319","stable_key":"global_port::1730087319","name":"Sorel","legal_designation":"local","legal_designation_label":"Local port","manager_type_code":"global","importance":"local_connector","importance_rank":1,"source":"natural_earth_10m_ports","source_ne_id":"1730087319","website":""},"geometry":{"type":"Point","coordinates":[-73.11808,46.041111]}},{"type":"Feature","id":"global_port::1730087321","properties":{"id":"global_port::1730087321","stable_key":"global_port::1730087321","name":"Springdale","legal_designation":"local","legal_designation_label":"Local port","manager_type_code":"global","importance":"local_connector","importance_rank":1,"source":"natural_earth_10m_ports","source_ne_id":"1730087321","website":""},"geometry":{"type":"Point","coordinates":[-56.059894,49.499722]}},{"type":"Feature","id":"global_port::1730087323","properties":{"id":"global_port::1730087323","stable_key":"global_port::1730087323","name":"Saint-John's","legal_designation":"local","legal_designation_label":"Local port","manager_type_code":"global","importance":"local_connector","importance_rank":1,"source":"natural_earth_10m_ports","source_ne_id":"1730087323","website":"www.sjpa.com"},"geometry":{"type":"Point","coordinates":[-52.692344,47.5625]}},{"type":"Feature","id":"global_port::1730087327","properties":{"id":"global_port::1730087327","stable_key":"global_port::1730087327","name":"Coronel","legal_designation":"local","legal_designation_label":"Local port","manager_type_code":"global","importance":"local_connector","importance_rank":1,"source":"natural_earth_10m_ports","source_ne_id":"1730087327","website":""},"geometry":{"type":"Point","coordinates":[-73.153357,-37.028333]}},{"type":"Feature","id":"global_port::1730087329","properties":{"id":"global_port::1730087329","stable_key":"global_port::1730087329","name":"Lota","legal_designation":"local","legal_designation_label":"Local port","manager_type_code":"global","importance":"local_connector","importance_rank":1,"source":"natural_earth_10m_ports","source_ne_id":"1730087329","website":""},"geometry":{"type":"Point","coordinates":[-73.158481,-37.098056]}},{"type":"Feature","id":"global_port::1730087331","properties":{"id":"global_port::1730087331","stable_key":"global_port::1730087331","name":"Talcahuano","legal_designation":"local","legal_designation_label":"Local port","manager_type_code":"global","importance":"local_connector","importance_rank":1,"source":"natural_earth_10m_ports","source_ne_id":"1730087331","website":"www.puertotalcahuano.cl"},"geometry":{"type":"Point","coordinates":[-73.102297,-36.705278]}},{"type":"Feature","id":"global_port::1730087333","properties":{"id":"global_port::1730087333","stable_key":"global_port::1730087333","name":"San Antonio","legal_designation":"local","legal_designation_label":"Local port","manager_type_code":"global","importance":"local_connector","importance_rank":1,"source":"natural_earth_10m_ports","source_ne_id":"1730087333","website":"www.sanantonioport.com"},"geometry":{"type":"Point","coordinates":[-71.61808,-33.5875]}},{"type":"Feature","id":"global_port::1730087335","properties":{"id":"global_port::1730087335","stable_key":"global_port::1730087335","name":"Haimen","legal_designation":"local","legal_designation_label":"Local port","manager_type_code":"global","importance":"local_connector","importance_rank":1,"source":"natural_earth_10m_ports","source_ne_id":"1730087335","website":""},"geometry":{"type":"Point","coordinates":[121.441814,28.690278]}},{"type":"Feature","id":"global_port::1730087337","properties":{"id":"global_port::1730087337","stable_key":"global_port::1730087337","name":"Qinhuangdao","legal_designation":"local","legal_designation_label":"Local port","manager_type_code":"global","importance":"local_connector","importance_rank":1,"source":"natural_earth_10m_ports","source_ne_id":"1730087337","website":""},"geometry":{"type":"Point","coordinates":[119.585983,39.906667]}},{"type":"Feature","id":"global_port::1730087339","properties":{"id":"global_port::1730087339","stable_key":"global_port::1730087339","name":"Yantian","legal_designation":"local","legal_designation_label":"Local port","manager_type_code":"global","importance":"local_connector","importance_rank":1,"source":"natural_earth_10m_ports","source_ne_id":"1730087339","website":"www.yantian-port.com"},"geometry":{"type":"Point","coordinates":[114.26702,22.574167]}},{"type":"Feature","id":"global_port::1730087341","properties":{"id":"global_port::1730087341","stable_key":"global_port::1730087341","name":"Yingkou","legal_designation":"local","legal_designation_label":"Local port","manager_type_code":"global","importance":"local_connector","importance_rank":1,"source":"natural_earth_10m_ports","source_ne_id":"1730087341","website":""},"geometry":{"type":"Point","coordinates":[122.2351,40.695833]}},{"type":"Feature","id":"global_port::1730087345","properties":{"id":"global_port::1730087345","stable_key":"global_port::1730087345","name":"Moin","legal_designation":"local","legal_designation_label":"Local port","manager_type_code":"global","importance":"local_connector","importance_rank":1,"source":"natural_earth_10m_ports","source_ne_id":"1730087345","website":"www.japdeva.go.cr"},"geometry":{"type":"Point","coordinates":[-83.074087,10.005556]}},{"type":"Feature","id":"global_port::1730087347","properties":{"id":"global_port::1730087347","stable_key":"global_port::1730087347","name":"Banes","legal_designation":"local","legal_designation_label":"Local port","manager_type_code":"global","importance":"local_connector","importance_rank":1,"source":"natural_earth_10m_ports","source_ne_id":"1730087347","website":""},"geometry":{"type":"Point","coordinates":[-75.703357,20.919167]}},{"type":"Feature","id":"global_port::1730087349","properties":{"id":"global_port::1730087349","stable_key":"global_port::1730087349","name":"Caibarien","legal_designation":"local","legal_designation_label":"Local port","manager_type_code":"global","importance":"local_connector","importance_rank":1,"source":"natural_earth_10m_ports","source_ne_id":"1730087349","website":""},"geometry":{"type":"Point","coordinates":[-79.469317,22.529167]}},{"type":"Feature","id":"global_port::1730087351","properties":{"id":"global_port::1730087351","stable_key":"global_port::1730087351","name":"Isabela de Sagua","legal_designation":"local","legal_designation_label":"Local port","manager_type_code":"global","importance":"local_connector","importance_rank":1,"source":"natural_earth_10m_ports","source_ne_id":"1730087351","website":""},"geometry":{"type":"Point","coordinates":[-80.007597,22.940278]}},{"type":"Feature","id":"global_port::1730087353","properties":{"id":"global_port::1730087353","stable_key":"global_port::1730087353","name":"Nuevitas","legal_designation":"local","legal_designation_label":"Local port","manager_type_code":"global","importance":"local_connector","importance_rank":1,"source":"natural_earth_10m_ports","source_ne_id":"1730087353","website":""},"geometry":{"type":"Point","coordinates":[-77.239517,21.563056]}},{"type":"Feature","id":"global_port::1730087355","properties":{"id":"global_port::1730087355","stable_key":"global_port::1730087355","name":"Famagusta","legal_designation":"local","legal_designation_label":"Local port","manager_type_code":"global","importance":"local_connector","importance_rank":1,"source":"natural_earth_10m_ports","source_ne_id":"1730087355","website":""},"geometry":{"type":"Point","coordinates":[33.940047,35.127778]}},{"type":"Feature","id":"global_port::1730087357","properties":{"id":"global_port::1730087357","stable_key":"global_port::1730087357","name":"Cuxhaven","legal_designation":"local","legal_designation_label":"Local port","manager_type_code":"global","importance":"local_connector","importance_rank":1,"source":"natural_earth_10m_ports","source_ne_id":"1730087357","website":"www.cuxport.de"},"geometry":{"type":"Point","coordinates":[8.707244,53.864722]}},{"type":"Feature","id":"global_port::1730087359","properties":{"id":"global_port::1730087359","stable_key":"global_port::1730087359","name":"Eckernforde","legal_designation":"local","legal_designation_label":"Local port","manager_type_code":"global","importance":"local_connector","importance_rank":1,"source":"natural_earth_10m_ports","source_ne_id":"1730087359","website":"www.stadtwerke-eckernfoerde.de"},"geometry":{"type":"Point","coordinates":[9.835807,54.473611]}},{"type":"Feature","id":"global_port::1730087363","properties":{"id":"global_port::1730087363","stable_key":"global_port::1730087363","name":"Nordenham","legal_designation":"local","legal_designation_label":"Local port","manager_type_code":"global","importance":"local_connector","importance_rank":1,"source":"natural_earth_10m_ports","source_ne_id":"1730087363","website":""},"geometry":{"type":"Point","coordinates":[8.489517,53.4875]}},{"type":"Feature","id":"global_port::1730087365","properties":{"id":"global_port::1730087365","stable_key":"global_port::1730087365","name":"Papenburg","legal_designation":"local","legal_designation_label":"Local port","manager_type_code":"global","importance":"local_connector","importance_rank":1,"source":"natural_earth_10m_ports","source_ne_id":"1730087365","website":""},"geometry":{"type":"Point","coordinates":[7.368963,53.096389]}},{"type":"Feature","id":"global_port::1730087367","properties":{"id":"global_port::1730087367","stable_key":"global_port::1730087367","name":"Wismar","legal_designation":"local","legal_designation_label":"Local port","manager_type_code":"global","importance":"local_connector","importance_rank":1,"source":"natural_earth_10m_ports","source_ne_id":"1730087367","website":"www.hafen-wismar.de"},"geometry":{"type":"Point","coordinates":[11.439164,53.906389]}},{"type":"Feature","id":"global_port::1730087369","properties":{"id":"global_port::1730087369","stable_key":"global_port::1730087369","name":"Nyborg","legal_designation":"local","legal_designation_label":"Local port","manager_type_code":"global","importance":"local_connector","importance_rank":1,"source":"natural_earth_10m_ports","source_ne_id":"1730087369","website":"www.adp-as.com"},"geometry":{"type":"Point","coordinates":[10.80689,55.298889]}},{"type":"Feature","id":"global_port::1730087371","properties":{"id":"global_port::1730087371","stable_key":"global_port::1730087371","name":"Helsingor","legal_designation":"local","legal_designation_label":"Local port","manager_type_code":"global","importance":"local_connector","importance_rank":1,"source":"natural_earth_10m_ports","source_ne_id":"1730087371","website":"www.helsingoerhavn.dk"},"geometry":{"type":"Point","coordinates":[12.61702,56.034444]}},{"type":"Feature","id":"global_port::1730087373","properties":{"id":"global_port::1730087373","stable_key":"global_port::1730087373","name":"Odense","legal_designation":"local","legal_designation_label":"Local port","manager_type_code":"global","importance":"local_connector","importance_rank":1,"source":"natural_earth_10m_ports","source_ne_id":"1730087373","website":""},"geometry":{"type":"Point","coordinates":[10.524971,55.466389]}},{"type":"Feature","id":"global_port::1730087375","properties":{"id":"global_port::1730087375","stable_key":"global_port::1730087375","name":"Nyborg","legal_designation":"local","legal_designation_label":"Local port","manager_type_code":"global","importance":"local_connector","importance_rank":1,"source":"natural_earth_10m_ports","source_ne_id":"1730087375","website":"www.nyborg.dk/Engelsk/Tourism/NyborgsHarbours"},"geometry":{"type":"Point","coordinates":[10.788104,55.306944]}},{"type":"Feature","id":"global_port::1730087377","properties":{"id":"global_port::1730087377","stable_key":"global_port::1730087377","name":"Frederikshavn","legal_designation":"local","legal_designation_label":"Local port","manager_type_code":"global","importance":"local_connector","importance_rank":1,"source":"natural_earth_10m_ports","source_ne_id":"1730087377","website":"www.frederikshavnhavn.dk"},"geometry":{"type":"Point","coordinates":[10.541461,57.437778]}},{"type":"Feature","id":"global_port::1730087381","properties":{"id":"global_port::1730087381","stable_key":"global_port::1730087381","name":"Haderslev","legal_designation":"local","legal_designation_label":"Local port","manager_type_code":"global","importance":"local_connector","importance_rank":1,"source":"natural_earth_10m_ports","source_ne_id":"1730087381","website":""},"geometry":{"type":"Point","coordinates":[9.504417,55.251111]}},{"type":"Feature","id":"global_port::1730087383","properties":{"id":"global_port::1730087383","stable_key":"global_port::1730087383","name":"Horsens","legal_designation":"local","legal_designation_label":"Local port","manager_type_code":"global","importance":"local_connector","importance_rank":1,"source":"natural_earth_10m_ports","source_ne_id":"1730087383","website":"www.horsenshavn.dk"},"geometry":{"type":"Point","coordinates":[9.868433,55.854167]}},{"type":"Feature","id":"global_port::1730087385","properties":{"id":"global_port::1730087385","stable_key":"global_port::1730087385","name":"Kalundborg","legal_designation":"local","legal_designation_label":"Local port","manager_type_code":"global","importance":"local_connector","importance_rank":1,"source":"natural_earth_10m_ports","source_ne_id":"1730087385","website":"www.portofkalundborg.dk"},"geometry":{"type":"Point","coordinates":[11.085984,55.669444]}},{"type":"Feature","id":"global_port::1730087387","properties":{"id":"global_port::1730087387","stable_key":"global_port::1730087387","name":"Kolding","legal_designation":"local","legal_designation_label":"Local port","manager_type_code":"global","importance":"local_connector","importance_rank":1,"source":"natural_earth_10m_ports","source_ne_id":"1730087387","website":"www.koldingport.dk"},"geometry":{"type":"Point","coordinates":[9.493404,55.492778]}},{"type":"Feature","id":"global_port::1730087389","properties":{"id":"global_port::1730087389","stable_key":"global_port::1730087389","name":"Nakskov","legal_designation":"local","legal_designation_label":"Local port","manager_type_code":"global","importance":"local_connector","importance_rank":1,"source":"natural_earth_10m_ports","source_ne_id":"1730087389","website":""},"geometry":{"type":"Point","coordinates":[11.121084,54.832222]}},{"type":"Feature","id":"global_port::1730087391","properties":{"id":"global_port::1730087391","stable_key":"global_port::1730087391","name":"Nykobing Falster","legal_designation":"local","legal_designation_label":"Local port","manager_type_code":"global","importance":"local_connector","importance_rank":1,"source":"natural_earth_10m_ports","source_ne_id":"1730087391","website":"www.guldborgsundhavne.dk"},"geometry":{"type":"Point","coordinates":[11.857067,54.770833]}},{"type":"Feature","id":"global_port::1730087393","properties":{"id":"global_port::1730087393","stable_key":"global_port::1730087393","name":"Randers","legal_designation":"local","legal_designation_label":"Local port","manager_type_code":"global","importance":"local_connector","importance_rank":1,"source":"natural_earth_10m_ports","source_ne_id":"1730087393","website":"www.randershavn.dk"},"geometry":{"type":"Point","coordinates":[10.05265,56.460278]}},{"type":"Feature","id":"global_port::1730087395","properties":{"id":"global_port::1730087395","stable_key":"global_port::1730087395","name":"Rudkobing","legal_designation":"local","legal_designation_label":"Local port","manager_type_code":"global","importance":"local_connector","importance_rank":1,"source":"natural_earth_10m_ports","source_ne_id":"1730087395","website":"www.langelandkommune.dk"},"geometry":{"type":"Point","coordinates":[10.704947,54.939722]}},{"type":"Feature","id":"global_port::1730087399","properties":{"id":"global_port::1730087399","stable_key":"global_port::1730087399","name":"Svendborg","legal_designation":"local","legal_designation_label":"Local port","manager_type_code":"global","importance":"local_connector","importance_rank":1,"source":"natural_earth_10m_ports","source_ne_id":"1730087399","website":""},"geometry":{"type":"Point","coordinates":[10.61702,55.058611]}},{"type":"Feature","id":"global_port::1730087401","properties":{"id":"global_port::1730087401","stable_key":"global_port::1730087401","name":"Vejle","legal_designation":"local","legal_designation_label":"Local port","manager_type_code":"global","importance":"local_connector","importance_rank":1,"source":"natural_earth_10m_ports","source_ne_id":"1730087401","website":"www.vejleport.dk"},"geometry":{"type":"Point","coordinates":[9.551943,55.705556]}},{"type":"Feature","id":"global_port::1730087403","properties":{"id":"global_port::1730087403","stable_key":"global_port::1730087403","name":"Skagen","legal_designation":"local","legal_designation_label":"Local port","manager_type_code":"global","importance":"local_connector","importance_rank":1,"source":"natural_earth_10m_ports","source_ne_id":"1730087403","website":"www.skagenhavn.dk"},"geometry":{"type":"Point","coordinates":[10.58881,57.718611]}},{"type":"Feature","id":"global_port::1730087405","properties":{"id":"global_port::1730087405","stable_key":"global_port::1730087405","name":"Puerto Plata","legal_designation":"local","legal_designation_label":"Local port","manager_type_code":"global","importance":"local_connector","importance_rank":1,"source":"natural_earth_10m_ports","source_ne_id":"1730087405","website":"www.apordom.gov.do"},"geometry":{"type":"Point","coordinates":[-70.70053,19.803611]}},{"type":"Feature","id":"global_port::1730087407","properties":{"id":"global_port::1730087407","stable_key":"global_port::1730087407","name":"Rio Haina","legal_designation":"local","legal_designation_label":"Local port","manager_type_code":"global","importance":"local_connector","importance_rank":1,"source":"natural_earth_10m_ports","source_ne_id":"1730087407","website":"www.apordom.gov.do"},"geometry":{"type":"Point","coordinates":[-70.01808,18.420278]}},{"type":"Feature","id":"global_port::1730087409","properties":{"id":"global_port::1730087409","stable_key":"global_port::1730087409","name":"Mostaganem","legal_designation":"local","legal_designation_label":"Local port","manager_type_code":"global","importance":"local_connector","importance_rank":1,"source":"natural_earth_10m_ports","source_ne_id":"1730087409","website":""},"geometry":{"type":"Point","coordinates":[0.07126,35.934444]}},{"type":"Feature","id":"global_port::1730087411","properties":{"id":"global_port::1730087411","stable_key":"global_port::1730087411","name":"Damietta","legal_designation":"local","legal_designation_label":"Local port","manager_type_code":"global","importance":"local_connector","importance_rank":1,"source":"natural_earth_10m_ports","source_ne_id":"1730087411","website":"www.dam-port.com"},"geometry":{"type":"Point","coordinates":[31.759187,31.466667]}},{"type":"Feature","id":"global_port::1730087413","properties":{"id":"global_port::1730087413","stable_key":"global_port::1730087413","name":"Safaga","legal_designation":"local","legal_designation_label":"Local port","manager_type_code":"global","importance":"local_connector","importance_rank":1,"source":"natural_earth_10m_ports","source_ne_id":"1730087413","website":"www.mts.gov.eg"},"geometry":{"type":"Point","coordinates":[33.941284,26.742222]}},{"type":"Feature","id":"global_port::1730087417","properties":{"id":"global_port::1730087417","stable_key":"global_port::1730087417","name":"Algeciras","legal_designation":"local","legal_designation_label":"Local port","manager_type_code":"global","importance":"local_connector","importance_rank":1,"source":"natural_earth_10m_ports","source_ne_id":"1730087417","website":"www.apba.es"},"geometry":{"type":"Point","coordinates":[-5.400353,36.147778]}},{"type":"Feature","id":"global_port::1730087419","properties":{"id":"global_port::1730087419","stable_key":"global_port::1730087419","name":"Aviles","legal_designation":"local","legal_designation_label":"Local port","manager_type_code":"global","importance":"local_connector","importance_rank":1,"source":"natural_earth_10m_ports","source_ne_id":"1730087419","website":"www.avilesport.com"},"geometry":{"type":"Point","coordinates":[-5.920024,43.578611]}},{"type":"Feature","id":"global_port::1730087421","properties":{"id":"global_port::1730087421","stable_key":"global_port::1730087421","name":"Ferrol","legal_designation":"local","legal_designation_label":"Local port","manager_type_code":"global","importance":"local_connector","importance_rank":1,"source":"natural_earth_10m_ports","source_ne_id":"1730087421","website":"www.apfsc.com"},"geometry":{"type":"Point","coordinates":[-8.250883,43.479722]}},{"type":"Feature","id":"global_port::1730087423","properties":{"id":"global_port::1730087423","stable_key":"global_port::1730087423","name":"Huelva","legal_designation":"local","legal_designation_label":"Local port","manager_type_code":"global","importance":"local_connector","importance_rank":1,"source":"natural_earth_10m_ports","source_ne_id":"1730087423","website":"www.puertohuelva.com"},"geometry":{"type":"Point","coordinates":[-6.935807,37.192778]}},{"type":"Feature","id":"global_port::1730087425","properties":{"id":"global_port::1730087425","stable_key":"global_port::1730087425","name":"Pasajes","legal_designation":"local","legal_designation_label":"Local port","manager_type_code":"global","importance":"local_connector","importance_rank":1,"source":"natural_earth_10m_ports","source_ne_id":"1730087425","website":"www.puertopasajes.net"},"geometry":{"type":"Point","coordinates":[-1.918787,43.323333]}},{"type":"Feature","id":"global_port::1730087427","properties":{"id":"global_port::1730087427","stable_key":"global_port::1730087427","name":"Rota","legal_designation":"local","legal_designation_label":"Local port","manager_type_code":"global","importance":"local_connector","importance_rank":1,"source":"natural_earth_10m_ports","source_ne_id":"1730087427","website":""},"geometry":{"type":"Point","coordinates":[-6.33457,36.619444]}},{"type":"Feature","id":"global_port::1730087429","properties":{"id":"global_port::1730087429","stable_key":"global_port::1730087429","name":"Cadiz","legal_designation":"local","legal_designation_label":"Local port","manager_type_code":"global","importance":"local_connector","importance_rank":1,"source":"natural_earth_10m_ports","source_ne_id":"1730087429","website":"www.puertocadiz.com"},"geometry":{"type":"Point","coordinates":[-6.258834,36.52]}},{"type":"Feature","id":"global_port::1730087431","properties":{"id":"global_port::1730087431","stable_key":"global_port::1730087431","name":"Kotka","legal_designation":"local","legal_designation_label":"Local port","manager_type_code":"global","importance":"local_connector","importance_rank":1,"source":"natural_earth_10m_ports","source_ne_id":"1730087431","website":"www.portofkotka.fi"},"geometry":{"type":"Point","coordinates":[26.941814,60.461111]}},{"type":"Feature","id":"global_port::1730087435","properties":{"id":"global_port::1730087435","stable_key":"global_port::1730087435","name":"Veitsiluoto","legal_designation":"local","legal_designation_label":"Local port","manager_type_code":"global","importance":"local_connector","importance_rank":1,"source":"natural_earth_10m_ports","source_ne_id":"1730087435","website":""},"geometry":{"type":"Point","coordinates":[24.616667,65.683056]}},{"type":"Feature","id":"global_port::1730087437","properties":{"id":"global_port::1730087437","stable_key":"global_port::1730087437","name":"Arcachon","legal_designation":"local","legal_designation_label":"Local port","manager_type_code":"global","importance":"local_connector","importance_rank":1,"source":"natural_earth_10m_ports","source_ne_id":"1730087437","website":"www.arcachon.com"},"geometry":{"type":"Point","coordinates":[-1.142344,44.659167]}},{"type":"Feature","id":"global_port::1730087439","properties":{"id":"global_port::1730087439","stable_key":"global_port::1730087439","name":"Deauville","legal_designation":"local","legal_designation_label":"Local port","manager_type_code":"global","importance":"local_connector","importance_rank":1,"source":"natural_earth_10m_ports","source_ne_id":"1730087439","website":""},"geometry":{"type":"Point","coordinates":[0.07338,49.365833]}},{"type":"Feature","id":"global_port::1730087441","properties":{"id":"global_port::1730087441","stable_key":"global_port::1730087441","name":"Fecamp","legal_designation":"local","legal_designation_label":"Local port","manager_type_code":"global","importance":"local_connector","importance_rank":1,"source":"natural_earth_10m_ports","source_ne_id":"1730087441","website":"www.fecamp.cci.fr"},"geometry":{"type":"Point","coordinates":[0.369494,49.761944]}},{"type":"Feature","id":"global_port::1730087443","properties":{"id":"global_port::1730087443","stable_key":"global_port::1730087443","name":"La Pallice","legal_designation":"local","legal_designation_label":"Local port","manager_type_code":"global","importance":"local_connector","importance_rank":1,"source":"natural_earth_10m_ports","source_ne_id":"1730087443","website":"www.larochelle.port.fr"},"geometry":{"type":"Point","coordinates":[-1.22391,46.157222]}},{"type":"Feature","id":"global_port::1730087445","properties":{"id":"global_port::1730087445","stable_key":"global_port::1730087445","name":"Saint-Malo","legal_designation":"local","legal_designation_label":"Local port","manager_type_code":"global","importance":"local_connector","importance_rank":1,"source":"natural_earth_10m_ports","source_ne_id":"1730087445","website":"www.saint-malo.cci.fr"},"geometry":{"type":"Point","coordinates":[-2.02285,48.644444]}},{"type":"Feature","id":"global_port::1730087447","properties":{"id":"global_port::1730087447","stable_key":"global_port::1730087447","name":"Sete","legal_designation":"local","legal_designation_label":"Local port","manager_type_code":"global","importance":"local_connector","importance_rank":1,"source":"natural_earth_10m_ports","source_ne_id":"1730087447","website":"www.sete.port.fr"},"geometry":{"type":"Point","coordinates":[3.710247,43.404722]}},{"type":"Feature","id":"global_port::1730087449","properties":{"id":"global_port::1730087449","stable_key":"global_port::1730087449","name":"Greenock","legal_designation":"local","legal_designation_label":"Local port","manager_type_code":"global","importance":"local_connector","importance_rank":1,"source":"natural_earth_10m_ports","source_ne_id":"1730087449","website":"www.clydeport.co.uk"},"geometry":{"type":"Point","coordinates":[-4.756714,55.954722]}},{"type":"Feature","id":"global_port::1730087453","properties":{"id":"global_port::1730087453","stable_key":"global_port::1730087453","name":"Poole","legal_designation":"local","legal_designation_label":"Local port","manager_type_code":"global","importance":"local_connector","importance_rank":1,"source":"natural_earth_10m_ports","source_ne_id":"1730087453","website":"www.phc.co.uk"},"geometry":{"type":"Point","coordinates":[-1.986514,50.714444]}},{"type":"Feature","id":"global_port::1730087455","properties":{"id":"global_port::1730087455","stable_key":"global_port::1730087455","name":"Falmouth","legal_designation":"local","legal_designation_label":"Local port","manager_type_code":"global","importance":"local_connector","importance_rank":1,"source":"natural_earth_10m_ports","source_ne_id":"1730087455","website":"www.falmouthport.co.uk"},"geometry":{"type":"Point","coordinates":[-5.053534,50.152778]}},{"type":"Feature","id":"global_port::1730087457","properties":{"id":"global_port::1730087457","stable_key":"global_port::1730087457","name":"Leith","legal_designation":"local","legal_designation_label":"Local port","manager_type_code":"global","importance":"local_connector","importance_rank":1,"source":"natural_earth_10m_ports","source_ne_id":"1730087457","website":"www.forthports.co.uk"},"geometry":{"type":"Point","coordinates":[-3.17179,55.9825]}},{"type":"Feature","id":"global_port::1730087459","properties":{"id":"global_port::1730087459","stable_key":"global_port::1730087459","name":"Montrose","legal_designation":"local","legal_designation_label":"Local port","manager_type_code":"global","importance":"local_connector","importance_rank":1,"source":"natural_earth_10m_ports","source_ne_id":"1730087459","website":"www.montroseport.co.uk"},"geometry":{"type":"Point","coordinates":[-2.467903,56.704444]}},{"type":"Feature","id":"global_port::1730087461","properties":{"id":"global_port::1730087461","stable_key":"global_port::1730087461","name":"Newport","legal_designation":"local","legal_designation_label":"Local port","manager_type_code":"global","importance":"local_connector","importance_rank":1,"source":"natural_earth_10m_ports","source_ne_id":"1730087461","website":"www.abports.co.uk/custinfo/ports/newport.htm"},"geometry":{"type":"Point","coordinates":[-2.984747,51.558889]}},{"type":"Feature","id":"global_port::1730087463","properties":{"id":"global_port::1730087463","stable_key":"global_port::1730087463","name":"Sunderland","legal_designation":"local","legal_designation_label":"Local port","manager_type_code":"global","importance":"local_connector","importance_rank":1,"source":"natural_earth_10m_ports","source_ne_id":"1730087463","website":"www.portofsunderland.org.uk"},"geometry":{"type":"Point","coordinates":[-1.356184,54.906944]}},{"type":"Feature","id":"global_port::1730087465","properties":{"id":"global_port::1730087465","stable_key":"global_port::1730087465","name":"Teesport","legal_designation":"local","legal_designation_label":"Local port","manager_type_code":"global","importance":"local_connector","importance_rank":1,"source":"natural_earth_10m_ports","source_ne_id":"1730087465","website":"www.pdports.co.uk"},"geometry":{"type":"Point","coordinates":[-1.157067,54.608056]}},{"type":"Feature","id":"global_port::1730087467","properties":{"id":"global_port::1730087467","stable_key":"global_port::1730087467","name":"Poti","legal_designation":"local","legal_designation_label":"Local port","manager_type_code":"global","importance":"local_connector","importance_rank":1,"source":"natural_earth_10m_ports","source_ne_id":"1730087467","website":"www.potiseaport.com"},"geometry":{"type":"Point","coordinates":[41.652827,42.155]}},{"type":"Feature","id":"global_port::1730087471","properties":{"id":"global_port::1730087471","stable_key":"global_port::1730087471","name":"Piraeus","legal_designation":"local","legal_designation_label":"Local port","manager_type_code":"global","importance":"local_connector","importance_rank":1,"source":"natural_earth_10m_ports","source_ne_id":"1730087471","website":""},"geometry":{"type":"Point","coordinates":[23.656537,37.937222]}},{"type":"Feature","id":"global_port::1730087473","properties":{"id":"global_port::1730087473","stable_key":"global_port::1730087473","name":"Piraeus","legal_designation":"local","legal_designation_label":"Local port","manager_type_code":"global","importance":"local_connector","importance_rank":1,"source":"natural_earth_10m_ports","source_ne_id":"1730087473","website":"www.olp.gr"},"geometry":{"type":"Point","coordinates":[23.633687,37.941111]}},{"type":"Feature","id":"global_port::1730087475","properties":{"id":"global_port::1730087475","stable_key":"global_port::1730087475","name":"Piraeus","legal_designation":"local","legal_designation_label":"Local port","manager_type_code":"global","importance":"local_connector","importance_rank":1,"source":"natural_earth_10m_ports","source_ne_id":"1730087475","website":"www.medmarinas.com"},"geometry":{"type":"Point","coordinates":[23.643051,37.934444]}},{"type":"Feature","id":"global_port::1730087477","properties":{"id":"global_port::1730087477","stable_key":"global_port::1730087477","name":"Saint George's","legal_designation":"local","legal_designation_label":"Local port","manager_type_code":"global","importance":"local_connector","importance_rank":1,"source":"natural_earth_10m_ports","source_ne_id":"1730087477","website":"www.grenadacruiseport.com"},"geometry":{"type":"Point","coordinates":[-61.75053,12.047222]}},{"type":"Feature","id":"global_port::1730087479","properties":{"id":"global_port::1730087479","stable_key":"global_port::1730087479","name":"Cayenne","legal_designation":"local","legal_designation_label":"Local port","manager_type_code":"global","importance":"local_connector","importance_rank":1,"source":"natural_earth_10m_ports","source_ne_id":"1730087479","website":"www.guyane.cci.fr"},"geometry":{"type":"Point","coordinates":[-52.271967,4.853056]}},{"type":"Feature","id":"global_port::1730087481","properties":{"id":"global_port::1730087481","stable_key":"global_port::1730087481","name":"Bakar","legal_designation":"local","legal_designation_label":"Local port","manager_type_code":"global","importance":"local_connector","importance_rank":1,"source":"natural_earth_10m_ports","source_ne_id":"1730087481","website":""},"geometry":{"type":"Point","coordinates":[14.540754,45.299722]}},{"type":"Feature","id":"global_port::1730087483","properties":{"id":"global_port::1730087483","stable_key":"global_port::1730087483","name":"Rovinj","legal_designation":"local","legal_designation_label":"Local port","manager_type_code":"global","importance":"local_connector","importance_rank":1,"source":"natural_earth_10m_ports","source_ne_id":"1730087483","website":""},"geometry":{"type":"Point","coordinates":[13.634923,45.080556]}},{"type":"Feature","id":"global_port::1730087485","properties":{"id":"global_port::1730087485","stable_key":"global_port::1730087485","name":"Sibenik","legal_designation":"local","legal_designation_label":"Local port","manager_type_code":"global","importance":"local_connector","importance_rank":1,"source":"natural_earth_10m_ports","source_ne_id":"1730087485","website":"www.portauthority-sibenik.hr"},"geometry":{"type":"Point","coordinates":[15.891637,43.726389]}},{"type":"Feature","id":"global_port::1730087489","properties":{"id":"global_port::1730087489","stable_key":"global_port::1730087489","name":"Gonaives","legal_designation":"local","legal_designation_label":"Local port","manager_type_code":"global","importance":"local_connector","importance_rank":1,"source":"natural_earth_10m_ports","source_ne_id":"1730087489","website":"www.apn.gouv.ht"},"geometry":{"type":"Point","coordinates":[-72.70371,19.448333]}},{"type":"Feature","id":"global_port::1730087491","properties":{"id":"global_port::1730087491","stable_key":"global_port::1730087491","name":"Sorong","legal_designation":"local","legal_designation_label":"Local port","manager_type_code":"global","importance":"local_connector","importance_rank":1,"source":"natural_earth_10m_ports","source_ne_id":"1730087491","website":""},"geometry":{"type":"Point","coordinates":[131.242521,-0.876944]}},{"type":"Feature","id":"global_port::1730087493","properties":{"id":"global_port::1730087493","stable_key":"global_port::1730087493","name":"Alleppey","legal_designation":"local","legal_designation_label":"Local port","manager_type_code":"global","importance":"local_connector","importance_rank":1,"source":"natural_earth_10m_ports","source_ne_id":"1730087493","website":""},"geometry":{"type":"Point","coordinates":[76.310424,9.491944]}},{"type":"Feature","id":"global_port::1730087495","properties":{"id":"global_port::1730087495","stable_key":"global_port::1730087495","name":"Kakinada","legal_designation":"local","legal_designation_label":"Local port","manager_type_code":"global","importance":"local_connector","importance_rank":1,"source":"natural_earth_10m_ports","source_ne_id":"1730087495","website":"www.kakinadaseaports.in"},"geometry":{"type":"Point","coordinates":[82.274617,16.977778]}},{"type":"Feature","id":"global_port::1730087497","properties":{"id":"global_port::1730087497","stable_key":"global_port::1730087497","name":"Tuticorin","legal_designation":"local","legal_designation_label":"Local port","manager_type_code":"global","importance":"local_connector","importance_rank":1,"source":"natural_earth_10m_ports","source_ne_id":"1730087497","website":"tuticorinport.gov.in"},"geometry":{"type":"Point","coordinates":[78.187044,8.758333]}},{"type":"Feature","id":"global_port::1730087499","properties":{"id":"global_port::1730087499","stable_key":"global_port::1730087499","name":"Sligo","legal_designation":"local","legal_designation_label":"Local port","manager_type_code":"global","importance":"local_connector","importance_rank":1,"source":"natural_earth_10m_ports","source_ne_id":"1730087499","website":""},"geometry":{"type":"Point","coordinates":[-8.47126,54.271667]}},{"type":"Feature","id":"global_port::1730087501","properties":{"id":"global_port::1730087501","stable_key":"global_port::1730087501","name":"Licata","legal_designation":"local","legal_designation_label":"Local port","manager_type_code":"global","importance":"local_connector","importance_rank":1,"source":"natural_earth_10m_ports","source_ne_id":"1730087501","website":""},"geometry":{"type":"Point","coordinates":[13.93828,37.090278]}},{"type":"Feature","id":"global_port::1730087503","properties":{"id":"global_port::1730087503","stable_key":"global_port::1730087503","name":"Alghero","legal_designation":"local","legal_designation_label":"Local port","manager_type_code":"global","importance":"local_connector","importance_rank":1,"source":"natural_earth_10m_ports","source_ne_id":"1730087503","website":""},"geometry":{"type":"Point","coordinates":[8.307951,40.562778]}},{"type":"Feature","id":"global_port::1730087507","properties":{"id":"global_port::1730087507","stable_key":"global_port::1730087507","name":"Bagnoli","legal_designation":"local","legal_designation_label":"Local port","manager_type_code":"global","importance":"local_connector","importance_rank":1,"source":"natural_earth_10m_ports","source_ne_id":"1730087507","website":""},"geometry":{"type":"Point","coordinates":[14.160071,40.803333]}},{"type":"Feature","id":"global_port::1730087509","properties":{"id":"global_port::1730087509","stable_key":"global_port::1730087509","name":"Barletta","legal_designation":"local","legal_designation_label":"Local port","manager_type_code":"global","importance":"local_connector","importance_rank":1,"source":"natural_earth_10m_ports","source_ne_id":"1730087509","website":""},"geometry":{"type":"Point","coordinates":[16.28775,41.325556]}},{"type":"Feature","id":"global_port::1730087511","properties":{"id":"global_port::1730087511","stable_key":"global_port::1730087511","name":"Brindisi","legal_designation":"local","legal_designation_label":"Local port","manager_type_code":"global","importance":"local_connector","importance_rank":1,"source":"natural_earth_10m_ports","source_ne_id":"1730087511","website":"www.porto.br.it"},"geometry":{"type":"Point","coordinates":[17.956007,40.646389]}},{"type":"Feature","id":"global_port::1730087513","properties":{"id":"global_port::1730087513","stable_key":"global_port::1730087513","name":"Crotone","legal_designation":"local","legal_designation_label":"Local port","manager_type_code":"global","importance":"local_connector","importance_rank":1,"source":"natural_earth_10m_ports","source_ne_id":"1730087513","website":""},"geometry":{"type":"Point","coordinates":[17.12338,39.086111]}},{"type":"Feature","id":"global_port::1730087515","properties":{"id":"global_port::1730087515","stable_key":"global_port::1730087515","name":"Gallipoli","legal_designation":"local","legal_designation_label":"Local port","manager_type_code":"global","importance":"local_connector","importance_rank":1,"source":"natural_earth_10m_ports","source_ne_id":"1730087515","website":""},"geometry":{"type":"Point","coordinates":[17.975677,40.055833]}},{"type":"Feature","id":"global_port::1730087517","properties":{"id":"global_port::1730087517","stable_key":"global_port::1730087517","name":"Imperia","legal_designation":"local","legal_designation_label":"Local port","manager_type_code":"global","importance":"local_connector","importance_rank":1,"source":"natural_earth_10m_ports","source_ne_id":"1730087517","website":""},"geometry":{"type":"Point","coordinates":[8.026914,43.882778]}},{"type":"Feature","id":"global_port::1730087519","properties":{"id":"global_port::1730087519","stable_key":"global_port::1730087519","name":"La Maddalena","legal_designation":"local","legal_designation_label":"Local port","manager_type_code":"global","importance":"local_connector","importance_rank":1,"source":"natural_earth_10m_ports","source_ne_id":"1730087519","website":""},"geometry":{"type":"Point","coordinates":[9.409364,41.213333]}},{"type":"Feature","id":"global_port::1730087521","properties":{"id":"global_port::1730087521","stable_key":"global_port::1730087521","name":"La Spezia","legal_designation":"local","legal_designation_label":"Local port","manager_type_code":"global","importance":"local_connector","importance_rank":1,"source":"natural_earth_10m_ports","source_ne_id":"1730087521","website":"www.portolaspezia.it"},"geometry":{"type":"Point","coordinates":[9.850353,44.087222]}},{"type":"Feature","id":"global_port::1730087525","properties":{"id":"global_port::1730087525","stable_key":"global_port::1730087525","name":"Marsala","legal_designation":"local","legal_designation_label":"Local port","manager_type_code":"global","importance":"local_connector","importance_rank":1,"source":"natural_earth_10m_ports","source_ne_id":"1730087525","website":""},"geometry":{"type":"Point","coordinates":[12.435453,37.789722]}},{"type":"Feature","id":"global_port::1730087527","properties":{"id":"global_port::1730087527","stable_key":"global_port::1730087527","name":"Messina","legal_designation":"local","legal_designation_label":"Local port","manager_type_code":"global","importance":"local_connector","importance_rank":1,"source":"natural_earth_10m_ports","source_ne_id":"1730087527","website":""},"geometry":{"type":"Point","coordinates":[15.559187,38.200278]}},{"type":"Feature","id":"global_port::1730087529","properties":{"id":"global_port::1730087529","stable_key":"global_port::1730087529","name":"Molfetta","legal_designation":"local","legal_designation_label":"Local port","manager_type_code":"global","importance":"local_connector","importance_rank":1,"source":"natural_earth_10m_ports","source_ne_id":"1730087529","website":""},"geometry":{"type":"Point","coordinates":[16.58775,41.208333]}},{"type":"Feature","id":"global_port::1730087531","properties":{"id":"global_port::1730087531","stable_key":"global_port::1730087531","name":"Monfalcone","legal_designation":"local","legal_designation_label":"Local port","manager_type_code":"global","importance":"local_connector","importance_rank":1,"source":"natural_earth_10m_ports","source_ne_id":"1730087531","website":"www.porto.monfalcone.gorizia.it"},"geometry":{"type":"Point","coordinates":[13.55265,45.788611]}},{"type":"Feature","id":"global_port::1730087533","properties":{"id":"global_port::1730087533","stable_key":"global_port::1730087533","name":"Monopoli","legal_designation":"local","legal_designation_label":"Local port","manager_type_code":"global","importance":"local_connector","importance_rank":1,"source":"natural_earth_10m_ports","source_ne_id":"1730087533","website":""},"geometry":{"type":"Point","coordinates":[17.300353,40.956111]}},{"type":"Feature","id":"global_port::1730087535","properties":{"id":"global_port::1730087535","stable_key":"global_port::1730087535","name":"Pesaro","legal_designation":"local","legal_designation_label":"Local port","manager_type_code":"global","importance":"local_connector","importance_rank":1,"source":"natural_earth_10m_ports","source_ne_id":"1730087535","website":""},"geometry":{"type":"Point","coordinates":[12.902473,43.920833]}},{"type":"Feature","id":"global_port::1730087537","properties":{"id":"global_port::1730087537","stable_key":"global_port::1730087537","name":"Porto Torres","legal_designation":"local","legal_designation_label":"Local port","manager_type_code":"global","importance":"local_connector","importance_rank":1,"source":"natural_earth_10m_ports","source_ne_id":"1730087537","website":""},"geometry":{"type":"Point","coordinates":[8.392167,40.843611]}},{"type":"Feature","id":"global_port::1730087539","properties":{"id":"global_port::1730087539","stable_key":"global_port::1730087539","name":"Ravenna","legal_designation":"local","legal_designation_label":"Local port","manager_type_code":"global","importance":"local_connector","importance_rank":1,"source":"natural_earth_10m_ports","source_ne_id":"1730087539","website":"www.port.ravenna.it"},"geometry":{"type":"Point","coordinates":[12.250353,44.462222]}},{"type":"Feature","id":"global_port::1730087543","properties":{"id":"global_port::1730087543","stable_key":"global_port::1730087543","name":"Siracusa","legal_designation":"local","legal_designation_label":"Local port","manager_type_code":"global","importance":"local_connector","importance_rank":1,"source":"natural_earth_10m_ports","source_ne_id":"1730087543","website":""},"geometry":{"type":"Point","coordinates":[15.287574,37.066111]}},{"type":"Feature","id":"global_port::1730087545","properties":{"id":"global_port::1730087545","stable_key":"global_port::1730087545","name":"Taranto","legal_designation":"local","legal_designation_label":"Local port","manager_type_code":"global","importance":"local_connector","importance_rank":1,"source":"natural_earth_10m_ports","source_ne_id":"1730087545","website":"www.port.taranto.it"},"geometry":{"type":"Point","coordinates":[17.188987,40.488056]}},{"type":"Feature","id":"global_port::1730087547","properties":{"id":"global_port::1730087547","stable_key":"global_port::1730087547","name":"Torre Annunziata","legal_designation":"local","legal_designation_label":"Local port","manager_type_code":"global","importance":"local_connector","importance_rank":1,"source":"natural_earth_10m_ports","source_ne_id":"1730087547","website":""},"geometry":{"type":"Point","coordinates":[14.442874,40.75]}},{"type":"Feature","id":"global_port::1730087549","properties":{"id":"global_port::1730087549","stable_key":"global_port::1730087549","name":"Omura","legal_designation":"local","legal_designation_label":"Local port","manager_type_code":"global","importance":"local_connector","importance_rank":1,"source":"natural_earth_10m_ports","source_ne_id":"1730087549","website":"www.city.omura.nagasaki.jp"},"geometry":{"type":"Point","coordinates":[129.950353,32.901667]}},{"type":"Feature","id":"global_port::1730087551","properties":{"id":"global_port::1730087551","stable_key":"global_port::1730087551","name":"Amagasaki","legal_designation":"local","legal_designation_label":"Local port","manager_type_code":"global","importance":"local_connector","importance_rank":1,"source":"natural_earth_10m_ports","source_ne_id":"1730087551","website":""},"geometry":{"type":"Point","coordinates":[135.383333,34.691389]}},{"type":"Feature","id":"global_port::1730087553","properties":{"id":"global_port::1730087553","stable_key":"global_port::1730087553","name":"Fushiki","legal_designation":"local","legal_designation_label":"Local port","manager_type_code":"global","importance":"local_connector","importance_rank":1,"source":"natural_earth_10m_ports","source_ne_id":"1730087553","website":""},"geometry":{"type":"Point","coordinates":[137.108481,36.775833]}},{"type":"Feature","id":"global_port::1730087555","properties":{"id":"global_port::1730087555","stable_key":"global_port::1730087555","name":"Imabari","legal_designation":"local","legal_designation_label":"Local port","manager_type_code":"global","importance":"local_connector","importance_rank":1,"source":"natural_earth_10m_ports","source_ne_id":"1730087555","website":""},"geometry":{"type":"Point","coordinates":[133.006184,34.068056]}},{"type":"Feature","id":"global_port::1730087557","properties":{"id":"global_port::1730087557","stable_key":"global_port::1730087557","name":"Iwakuni","legal_designation":"local","legal_designation_label":"Local port","manager_type_code":"global","importance":"local_connector","importance_rank":1,"source":"natural_earth_10m_ports","source_ne_id":"1730087557","website":""},"geometry":{"type":"Point","coordinates":[132.235277,34.176944]}},{"type":"Feature","id":"global_port::1730087561","properties":{"id":"global_port::1730087561","stable_key":"global_port::1730087561","name":"Kainan","legal_designation":"local","legal_designation_label":"Local port","manager_type_code":"global","importance":"local_connector","importance_rank":1,"source":"natural_earth_10m_ports","source_ne_id":"1730087561","website":""},"geometry":{"type":"Point","coordinates":[135.188457,34.153056]}},{"type":"Feature","id":"global_port::1730087563","properties":{"id":"global_port::1730087563","stable_key":"global_port::1730087563","name":"Kanazawa","legal_designation":"local","legal_designation_label":"Local port","manager_type_code":"global","importance":"local_connector","importance_rank":1,"source":"natural_earth_10m_ports","source_ne_id":"1730087563","website":"www.pref.ishikawa.jp"},"geometry":{"type":"Point","coordinates":[136.606537,36.616944]}},{"type":"Feature","id":"global_port::1730087565","properties":{"id":"global_port::1730087565","stable_key":"global_port::1730087565","name":"Kawasaki","legal_designation":"local","legal_designation_label":"Local port","manager_type_code":"global","importance":"local_connector","importance_rank":1,"source":"natural_earth_10m_ports","source_ne_id":"1730087565","website":"www.city.kawasaki.jp/58/58yuuti/home/etop.html"},"geometry":{"type":"Point","coordinates":[139.743757,35.506389]}},{"type":"Feature","id":"global_port::1730087567","properties":{"id":"global_port::1730087567","stable_key":"global_port::1730087567","name":"Kokura","legal_designation":"local","legal_designation_label":"Local port","manager_type_code":"global","importance":"local_connector","importance_rank":1,"source":"natural_earth_10m_ports","source_ne_id":"1730087567","website":"www.kitaqport.or.jp"},"geometry":{"type":"Point","coordinates":[130.873557,33.908333]}},{"type":"Feature","id":"global_port::1730087569","properties":{"id":"global_port::1730087569","stable_key":"global_port::1730087569","name":"Maizuru","legal_designation":"local","legal_designation_label":"Local port","manager_type_code":"global","importance":"local_connector","importance_rank":1,"source":"natural_earth_10m_ports","source_ne_id":"1730087569","website":"www.port.maizuru.kyoto.jp"},"geometry":{"type":"Point","coordinates":[135.385277,35.481667]}},{"type":"Feature","id":"global_port::1730087571","properties":{"id":"global_port::1730087571","stable_key":"global_port::1730087571","name":"Matsusaka","legal_designation":"local","legal_designation_label":"Local port","manager_type_code":"global","importance":"local_connector","importance_rank":1,"source":"natural_earth_10m_ports","source_ne_id":"1730087571","website":"www.info.city.tsu.mie.jp"},"geometry":{"type":"Point","coordinates":[136.553357,34.608056]}},{"type":"Feature","id":"global_port::1730087573","properties":{"id":"global_port::1730087573","stable_key":"global_port::1730087573","name":"Miyazu","legal_designation":"local","legal_designation_label":"Local port","manager_type_code":"global","importance":"local_connector","importance_rank":1,"source":"natural_earth_10m_ports","source_ne_id":"1730087573","website":""},"geometry":{"type":"Point","coordinates":[135.193404,35.543333]}},{"type":"Feature","id":"global_port::1730087575","properties":{"id":"global_port::1730087575","stable_key":"global_port::1730087575","name":"Muroran","legal_designation":"local","legal_designation_label":"Local port","manager_type_code":"global","importance":"local_connector","importance_rank":1,"source":"natural_earth_10m_ports","source_ne_id":"1730087575","website":""},"geometry":{"type":"Point","coordinates":[140.954064,42.335833]}},{"type":"Feature","id":"global_port::1730087579","properties":{"id":"global_port::1730087579","stable_key":"global_port::1730087579","name":"Niigata","legal_designation":"local","legal_designation_label":"Local port","manager_type_code":"global","importance":"local_connector","importance_rank":1,"source":"natural_earth_10m_ports","source_ne_id":"1730087579","website":"www.pref.niigata.lg.jp/kowanshinko/1208883684365.html"},"geometry":{"type":"Point","coordinates":[139.124794,37.955]}},{"type":"Feature","id":"global_port::1730087581","properties":{"id":"global_port::1730087581","stable_key":"global_port::1730087581","name":"Saganoseki","legal_designation":"local","legal_designation_label":"Local port","manager_type_code":"global","importance":"local_connector","importance_rank":1,"source":"natural_earth_10m_ports","source_ne_id":"1730087581","website":""},"geometry":{"type":"Point","coordinates":[131.869317,33.251389]}},{"type":"Feature","id":"global_port::1730087583","properties":{"id":"global_port::1730087583","stable_key":"global_port::1730087583","name":"Sasebo","legal_designation":"local","legal_designation_label":"Local port","manager_type_code":"global","importance":"local_connector","importance_rank":1,"source":"natural_earth_10m_ports","source_ne_id":"1730087583","website":"www.city.sasebo.nagasaki.jp"},"geometry":{"type":"Point","coordinates":[129.707774,33.156944]}},{"type":"Feature","id":"global_port::1730087585","properties":{"id":"global_port::1730087585","stable_key":"global_port::1730087585","name":"Shimizu","legal_designation":"local","legal_designation_label":"Local port","manager_type_code":"global","importance":"local_connector","importance_rank":1,"source":"natural_earth_10m_ports","source_ne_id":"1730087585","website":"www.portofshimizu.com"},"geometry":{"type":"Point","coordinates":[138.509894,35.014444]}},{"type":"Feature","id":"global_port::1730087587","properties":{"id":"global_port::1730087587","stable_key":"global_port::1730087587","name":"Shimotsu","legal_designation":"local","legal_designation_label":"Local port","manager_type_code":"global","importance":"local_connector","importance_rank":1,"source":"natural_earth_10m_ports","source_ne_id":"1730087587","website":""},"geometry":{"type":"Point","coordinates":[135.133333,34.116389]}},{"type":"Feature","id":"global_port::1730087589","properties":{"id":"global_port::1730087589","stable_key":"global_port::1730087589","name":"Wakayama","legal_designation":"local","legal_designation_label":"Local port","manager_type_code":"global","importance":"local_connector","importance_rank":1,"source":"natural_earth_10m_ports","source_ne_id":"1730087589","website":""},"geometry":{"type":"Point","coordinates":[135.127091,34.223056]}},{"type":"Feature","id":"global_port::1730087591","properties":{"id":"global_port::1730087591","stable_key":"global_port::1730087591","name":"Yokosuka","legal_designation":"local","legal_designation_label":"Local port","manager_type_code":"global","importance":"local_connector","importance_rank":1,"source":"natural_earth_10m_ports","source_ne_id":"1730087591","website":"www.city.yokosuka.kanagawa.jp/minato"},"geometry":{"type":"Point","coordinates":[139.654417,35.304444]}},{"type":"Feature","id":"global_port::1730087593","properties":{"id":"global_port::1730087593","stable_key":"global_port::1730087593","name":"Galle","legal_designation":"local","legal_designation_label":"Local port","manager_type_code":"global","importance":"local_connector","importance_rank":1,"source":"natural_earth_10m_ports","source_ne_id":"1730087593","website":"www.slpa.lk"},"geometry":{"type":"Point","coordinates":[80.224971,6.033333]}},{"type":"Feature","id":"global_port::1730087597","properties":{"id":"global_port::1730087597","stable_key":"global_port::1730087597","name":"Ventspils","legal_designation":"local","legal_designation_label":"Local port","manager_type_code":"global","importance":"local_connector","importance_rank":1,"source":"natural_earth_10m_ports","source_ne_id":"1730087597","website":"www.portofventspils.lv"},"geometry":{"type":"Point","coordinates":[21.537044,57.403056]}},{"type":"Feature","id":"global_port::1730087599","properties":{"id":"global_port::1730087599","stable_key":"global_port::1730087599","name":"Frontera","legal_designation":"local","legal_designation_label":"Local port","manager_type_code":"global","importance":"local_connector","importance_rank":1,"source":"natural_earth_10m_ports","source_ne_id":"1730087599","website":""},"geometry":{"type":"Point","coordinates":[-92.65212,18.530278]}},{"type":"Feature","id":"global_port::1730087601","properties":{"id":"global_port::1730087601","stable_key":"global_port::1730087601","name":"Minatitlan","legal_designation":"local","legal_designation_label":"Local port","manager_type_code":"global","importance":"local_connector","importance_rank":1,"source":"natural_earth_10m_ports","source_ne_id":"1730087601","website":""},"geometry":{"type":"Point","coordinates":[-94.53457,17.975833]}},{"type":"Feature","id":"global_port::1730087603","properties":{"id":"global_port::1730087603","stable_key":"global_port::1730087603","name":"Pajaritos","legal_designation":"local","legal_designation_label":"Local port","manager_type_code":"global","importance":"local_connector","importance_rank":1,"source":"natural_earth_10m_ports","source_ne_id":"1730087603","website":""},"geometry":{"type":"Point","coordinates":[-94.40053,18.1275]}},{"type":"Feature","id":"global_port::1730087605","properties":{"id":"global_port::1730087605","stable_key":"global_port::1730087605","name":"Santa Rosalia","legal_designation":"local","legal_designation_label":"Local port","manager_type_code":"global","importance":"local_connector","importance_rank":1,"source":"natural_earth_10m_ports","source_ne_id":"1730087605","website":"www.bajaport.com"},"geometry":{"type":"Point","coordinates":[-112.258481,27.339167]}},{"type":"Feature","id":"global_port::1730087607","properties":{"id":"global_port::1730087607","stable_key":"global_port::1730087607","name":"Progreso","legal_designation":"local","legal_designation_label":"Local port","manager_type_code":"global","importance":"local_connector","importance_rank":1,"source":"natural_earth_10m_ports","source_ne_id":"1730087607","website":"www.puertosyucatan.com"},"geometry":{"type":"Point","coordinates":[-89.670554,21.313611]}},{"type":"Feature","id":"global_port::1730087609","properties":{"id":"global_port::1730087609","stable_key":"global_port::1730087609","name":"Tuxpan","legal_designation":"local","legal_designation_label":"Local port","manager_type_code":"global","importance":"local_connector","importance_rank":1,"source":"natural_earth_10m_ports","source_ne_id":"1730087609","website":"www.puerto-de-tuxpan.com.mx"},"geometry":{"type":"Point","coordinates":[-97.370554,20.940556]}},{"type":"Feature","id":"global_port::1730087611","properties":{"id":"global_port::1730087611","stable_key":"global_port::1730087611","name":"Kemaman","legal_designation":"local","legal_designation_label":"Local port","manager_type_code":"global","importance":"local_connector","importance_rank":1,"source":"natural_earth_10m_ports","source_ne_id":"1730087611","website":"www.portsworld.com/Ports/kemamanport.htm"},"geometry":{"type":"Point","coordinates":[103.459187,4.249444]}},{"type":"Feature","id":"global_port::1730087615","properties":{"id":"global_port::1730087615","stable_key":"global_port::1730087615","name":"Den Helder","legal_designation":"local","legal_designation_label":"Local port","manager_type_code":"global","importance":"local_connector","importance_rank":1,"source":"natural_earth_10m_ports","source_ne_id":"1730087615","website":"www.havendenhelder.nl"},"geometry":{"type":"Point","coordinates":[4.783687,52.958056]}},{"type":"Feature","id":"global_port::1730087617","properties":{"id":"global_port::1730087617","stable_key":"global_port::1730087617","name":"Dordrecht","legal_designation":"local","legal_designation_label":"Local port","manager_type_code":"global","importance":"local_connector","importance_rank":1,"source":"natural_earth_10m_ports","source_ne_id":"1730087617","website":""},"geometry":{"type":"Point","coordinates":[4.651413,51.805833]}},{"type":"Feature","id":"global_port::1730087619","properties":{"id":"global_port::1730087619","stable_key":"global_port::1730087619","name":"Delfzijl","legal_designation":"local","legal_designation_label":"Local port","manager_type_code":"global","importance":"local_connector","importance_rank":1,"source":"natural_earth_10m_ports","source_ne_id":"1730087619","website":"www.groningen-seaports.com"},"geometry":{"type":"Point","coordinates":[6.955477,53.320556]}},{"type":"Feature","id":"global_port::1730087621","properties":{"id":"global_port::1730087621","stable_key":"global_port::1730087621","name":"Arendal","legal_designation":"local","legal_designation_label":"Local port","manager_type_code":"global","importance":"local_connector","importance_rank":1,"source":"natural_earth_10m_ports","source_ne_id":"1730087621","website":""},"geometry":{"type":"Point","coordinates":[8.75742,58.454167]}},{"type":"Feature","id":"global_port::1730087623","properties":{"id":"global_port::1730087623","stable_key":"global_port::1730087623","name":"Drammen","legal_designation":"local","legal_designation_label":"Local port","manager_type_code":"global","importance":"local_connector","importance_rank":1,"source":"natural_earth_10m_ports","source_ne_id":"1730087623","website":"www.drammenhavn.no"},"geometry":{"type":"Point","coordinates":[10.224971,59.736667]}},{"type":"Feature","id":"global_port::1730087625","properties":{"id":"global_port::1730087625","stable_key":"global_port::1730087625","name":"Halden","legal_designation":"local","legal_designation_label":"Local port","manager_type_code":"global","importance":"local_connector","importance_rank":1,"source":"natural_earth_10m_ports","source_ne_id":"1730087625","website":""},"geometry":{"type":"Point","coordinates":[11.375324,59.118056]}},{"type":"Feature","id":"global_port::1730087627","properties":{"id":"global_port::1730087627","stable_key":"global_port::1730087627","name":"Harstad","legal_designation":"local","legal_designation_label":"Local port","manager_type_code":"global","importance":"local_connector","importance_rank":1,"source":"natural_earth_10m_ports","source_ne_id":"1730087627","website":""},"geometry":{"type":"Point","coordinates":[16.541637,68.789167]}},{"type":"Feature","id":"global_port::1730087629","properties":{"id":"global_port::1730087629","stable_key":"global_port::1730087629","name":"Larvik","legal_designation":"local","legal_designation_label":"Local port","manager_type_code":"global","importance":"local_connector","importance_rank":1,"source":"natural_earth_10m_ports","source_ne_id":"1730087629","website":"www.larvikhavn.vf.no"},"geometry":{"type":"Point","coordinates":[10.025501,59.045278]}},{"type":"Feature","id":"global_port::1730087633","properties":{"id":"global_port::1730087633","stable_key":"global_port::1730087633","name":"Moss","legal_designation":"local","legal_designation_label":"Local port","manager_type_code":"global","importance":"local_connector","importance_rank":1,"source":"natural_earth_10m_ports","source_ne_id":"1730087633","website":"www.moss-havn.no"},"geometry":{"type":"Point","coordinates":[10.652827,59.432222]}},{"type":"Feature","id":"global_port::1730087635","properties":{"id":"global_port::1730087635","stable_key":"global_port::1730087635","name":"Sandefjord","legal_designation":"local","legal_designation_label":"Local port","manager_type_code":"global","importance":"local_connector","importance_rank":1,"source":"natural_earth_10m_ports","source_ne_id":"1730087635","website":""},"geometry":{"type":"Point","coordinates":[10.224971,59.123611]}},{"type":"Feature","id":"global_port::1730087637","properties":{"id":"global_port::1730087637","stable_key":"global_port::1730087637","name":"Tonsberg","legal_designation":"local","legal_designation_label":"Local port","manager_type_code":"global","importance":"local_connector","importance_rank":1,"source":"natural_earth_10m_ports","source_ne_id":"1730087637","website":""},"geometry":{"type":"Point","coordinates":[10.404947,59.265]}},{"type":"Feature","id":"global_port::1730087639","properties":{"id":"global_port::1730087639","stable_key":"global_port::1730087639","name":"Lyttelton","legal_designation":"local","legal_designation_label":"Local port","manager_type_code":"global","importance":"local_connector","importance_rank":1,"source":"natural_earth_10m_ports","source_ne_id":"1730087639","website":"www.lpc.co.nz"},"geometry":{"type":"Point","coordinates":[172.710247,-43.606111]}},{"type":"Feature","id":"global_port::1730087641","properties":{"id":"global_port::1730087641","stable_key":"global_port::1730087641","name":"Qalhat","legal_designation":"local","legal_designation_label":"Local port","manager_type_code":"global","importance":"local_connector","importance_rank":1,"source":"natural_earth_10m_ports","source_ne_id":"1730087641","website":""},"geometry":{"type":"Point","coordinates":[59.420554,22.656667]}},{"type":"Feature","id":"global_port::1730087643","properties":{"id":"global_port::1730087643","stable_key":"global_port::1730087643","name":"Sohar","legal_designation":"local","legal_designation_label":"Local port","manager_type_code":"global","importance":"local_connector","importance_rank":1,"source":"natural_earth_10m_ports","source_ne_id":"1730087643","website":"portofsohar.com"},"geometry":{"type":"Point","coordinates":[56.737927,24.378333]}},{"type":"Feature","id":"global_port::1730087645","properties":{"id":"global_port::1730087645","stable_key":"global_port::1730087645","name":"Balboa","legal_designation":"local","legal_designation_label":"Local port","manager_type_code":"global","importance":"local_connector","importance_rank":1,"source":"natural_earth_10m_ports","source_ne_id":"1730087645","website":"www.ppc.com.pa"},"geometry":{"type":"Point","coordinates":[-79.568787,8.955556]}},{"type":"Feature","id":"global_port::1730087647","properties":{"id":"global_port::1730087647","stable_key":"global_port::1730087647","name":"Cristobal","legal_designation":"local","legal_designation_label":"Local port","manager_type_code":"global","importance":"local_connector","importance_rank":1,"source":"natural_earth_10m_ports","source_ne_id":"1730087647","website":"www.ppc.com.pa"},"geometry":{"type":"Point","coordinates":[-79.90477,9.350278]}},{"type":"Feature","id":"global_port::1730087651","properties":{"id":"global_port::1730087651","stable_key":"global_port::1730087651","name":"Pedregal","legal_designation":"local","legal_designation_label":"Local port","manager_type_code":"global","importance":"local_connector","importance_rank":1,"source":"natural_earth_10m_ports","source_ne_id":"1730087651","website":"www.cocatram.org.ni/puertosca/pto_pedregal_panama.html"},"geometry":{"type":"Point","coordinates":[-82.43457,8.365]}},{"type":"Feature","id":"global_port::1730087653","properties":{"id":"global_port::1730087653","stable_key":"global_port::1730087653","name":"Callao","legal_designation":"local","legal_designation_label":"Local port","manager_type_code":"global","importance":"local_connector","importance_rank":1,"source":"natural_earth_10m_ports","source_ne_id":"1730087653","website":"www.enapu.com.pe"},"geometry":{"type":"Point","coordinates":[-77.141814,-12.045278]}},{"type":"Feature","id":"global_port::1730087655","properties":{"id":"global_port::1730087655","stable_key":"global_port::1730087655","name":"Matarani","legal_designation":"local","legal_designation_label":"Local port","manager_type_code":"global","importance":"local_connector","importance_rank":1,"source":"natural_earth_10m_ports","source_ne_id":"1730087655","website":"www.ultramarnetwork.com/TextosPeru/Marc-024.html"},"geometry":{"type":"Point","coordinates":[-72.10424,-16.997778]}},{"type":"Feature","id":"global_port::1730087657","properties":{"id":"global_port::1730087657","stable_key":"global_port::1730087657","name":"Swinoujscie","legal_designation":"local","legal_designation_label":"Local port","manager_type_code":"global","importance":"local_connector","importance_rank":1,"source":"natural_earth_10m_ports","source_ne_id":"1730087657","website":"www.phs.com.pl"},"geometry":{"type":"Point","coordinates":[14.26861,53.905]}},{"type":"Feature","id":"global_port::1730087659","properties":{"id":"global_port::1730087659","stable_key":"global_port::1730087659","name":"Leixoes","legal_designation":"local","legal_designation_label":"Local port","manager_type_code":"global","importance":"local_connector","importance_rank":1,"source":"natural_earth_10m_ports","source_ne_id":"1730087659","website":"www.apdl.pt"},"geometry":{"type":"Point","coordinates":[-8.692874,41.185]}},{"type":"Feature","id":"global_port::1730087661","properties":{"id":"global_port::1730087661","stable_key":"global_port::1730087661","name":"Setubal","legal_designation":"local","legal_designation_label":"Local port","manager_type_code":"global","importance":"local_connector","importance_rank":1,"source":"natural_earth_10m_ports","source_ne_id":"1730087661","website":"www.portodesetubal.pt"},"geometry":{"type":"Point","coordinates":[-8.821437,38.489722]}},{"type":"Feature","id":"global_port::1730087663","properties":{"id":"global_port::1730087663","stable_key":"global_port::1730087663","name":"Aveiro","legal_designation":"local","legal_designation_label":"Local port","manager_type_code":"global","importance":"local_connector","importance_rank":1,"source":"natural_earth_10m_ports","source_ne_id":"1730087663","website":"www.portodeaveiro.pt"},"geometry":{"type":"Point","coordinates":[-8.71967,40.643611]}},{"type":"Feature","id":"global_port::1730087665","properties":{"id":"global_port::1730087665","stable_key":"global_port::1730087665","name":"Viana do Castelo","legal_designation":"local","legal_designation_label":"Local port","manager_type_code":"global","importance":"local_connector","importance_rank":1,"source":"natural_earth_10m_ports","source_ne_id":"1730087665","website":"www.ipnorte.pt"},"geometry":{"type":"Point","coordinates":[-8.823027,41.686389]}},{"type":"Feature","id":"global_port::1730087669","properties":{"id":"global_port::1730087669","stable_key":"global_port::1730087669","name":"Galati","legal_designation":"local","legal_designation_label":"Local port","manager_type_code":"global","importance":"local_connector","importance_rank":1,"source":"natural_earth_10m_ports","source_ne_id":"1730087669","website":"apdm.galati.ro"},"geometry":{"type":"Point","coordinates":[28.083863,45.441667]}},{"type":"Feature","id":"global_port::1730087671","properties":{"id":"global_port::1730087671","stable_key":"global_port::1730087671","name":"Nakhodka","legal_designation":"local","legal_designation_label":"Local port","manager_type_code":"global","importance":"local_connector","importance_rank":1,"source":"natural_earth_10m_ports","source_ne_id":"1730087671","website":"www.port-livadia.ru"},"geometry":{"type":"Point","coordinates":[132.907597,42.804722]}},{"type":"Feature","id":"global_port::1730087673","properties":{"id":"global_port::1730087673","stable_key":"global_port::1730087673","name":"Kandalaksha","legal_designation":"local","legal_designation_label":"Local port","manager_type_code":"global","importance":"local_connector","importance_rank":1,"source":"natural_earth_10m_ports","source_ne_id":"1730087673","website":""},"geometry":{"type":"Point","coordinates":[32.404947,67.135]}},{"type":"Feature","id":"global_port::1730087675","properties":{"id":"global_port::1730087675","stable_key":"global_port::1730087675","name":"Kholmsk","legal_designation":"local","legal_designation_label":"Local port","manager_type_code":"global","importance":"local_connector","importance_rank":1,"source":"natural_earth_10m_ports","source_ne_id":"1730087675","website":""},"geometry":{"type":"Point","coordinates":[142.040047,47.050556]}},{"type":"Feature","id":"global_port::1730087677","properties":{"id":"global_port::1730087677","stable_key":"global_port::1730087677","name":"Korsakov","legal_designation":"local","legal_designation_label":"Local port","manager_type_code":"global","importance":"local_connector","importance_rank":1,"source":"natural_earth_10m_ports","source_ne_id":"1730087677","website":""},"geometry":{"type":"Point","coordinates":[142.758481,46.626667]}},{"type":"Feature","id":"global_port::1730087679","properties":{"id":"global_port::1730087679","stable_key":"global_port::1730087679","name":"Kronshtadt","legal_designation":"local","legal_designation_label":"Local port","manager_type_code":"global","importance":"local_connector","importance_rank":1,"source":"natural_earth_10m_ports","source_ne_id":"1730087679","website":""},"geometry":{"type":"Point","coordinates":[29.767373,59.986944]}},{"type":"Feature","id":"global_port::1730087681","properties":{"id":"global_port::1730087681","stable_key":"global_port::1730087681","name":"Nakhodka","legal_designation":"local","legal_designation_label":"Local port","manager_type_code":"global","importance":"local_connector","importance_rank":1,"source":"natural_earth_10m_ports","source_ne_id":"1730087681","website":"www.ncsp.ru"},"geometry":{"type":"Point","coordinates":[132.88616,42.8]}},{"type":"Feature","id":"global_port::1730087683","properties":{"id":"global_port::1730087683","stable_key":"global_port::1730087683","name":"Novorossiysk","legal_designation":"local","legal_designation_label":"Local port","manager_type_code":"global","importance":"local_connector","importance_rank":1,"source":"natural_earth_10m_ports","source_ne_id":"1730087683","website":"www.nle.ru"},"geometry":{"type":"Point","coordinates":[37.804417,44.715]}},{"type":"Feature","id":"global_port::1730087687","properties":{"id":"global_port::1730087687","stable_key":"global_port::1730087687","name":"Tuapse","legal_designation":"local","legal_designation_label":"Local port","manager_type_code":"global","importance":"local_connector","importance_rank":1,"source":"natural_earth_10m_ports","source_ne_id":"1730087687","website":"www.tuapseport.ru"},"geometry":{"type":"Point","coordinates":[39.066667,44.091944]}},{"type":"Feature","id":"global_port::1730087689","properties":{"id":"global_port::1730087689","stable_key":"global_port::1730087689","name":"Jubail","legal_designation":"local","legal_designation_label":"Local port","manager_type_code":"global","importance":"local_connector","importance_rank":1,"source":"natural_earth_10m_ports","source_ne_id":"1730087689","website":"www.ports.gov.sa"},"geometry":{"type":"Point","coordinates":[49.670907,27.028611]}},{"type":"Feature","id":"global_port::1730087691","properties":{"id":"global_port::1730087691","stable_key":"global_port::1730087691","name":"Jubail","legal_designation":"local","legal_designation_label":"Local port","manager_type_code":"global","importance":"local_connector","importance_rank":1,"source":"natural_earth_10m_ports","source_ne_id":"1730087691","website":"www.ports.gov.sa"},"geometry":{"type":"Point","coordinates":[49.673027,27.087778]}},{"type":"Feature","id":"global_port::1730087693","properties":{"id":"global_port::1730087693","stable_key":"global_port::1730087693","name":"Ras al Khafji","legal_designation":"local","legal_designation_label":"Local port","manager_type_code":"global","importance":"local_connector","importance_rank":1,"source":"natural_earth_10m_ports","source_ne_id":"1730087693","website":""},"geometry":{"type":"Point","coordinates":[48.522497,28.415]}},{"type":"Feature","id":"global_port::1730087695","properties":{"id":"global_port::1730087695","stable_key":"global_port::1730087695","name":"Falkenberg","legal_designation":"local","legal_designation_label":"Local port","manager_type_code":"global","importance":"local_connector","importance_rank":1,"source":"natural_earth_10m_ports","source_ne_id":"1730087695","website":"www.falkenbergs-terminal.se"},"geometry":{"type":"Point","coordinates":[12.476384,56.889444]}},{"type":"Feature","id":"global_port::1730087697","properties":{"id":"global_port::1730087697","stable_key":"global_port::1730087697","name":"Ahus","legal_designation":"local","legal_designation_label":"Local port","manager_type_code":"global","importance":"local_connector","importance_rank":1,"source":"natural_earth_10m_ports","source_ne_id":"1730087697","website":"www.ahushamn.se"},"geometry":{"type":"Point","coordinates":[14.305477,55.925556]}},{"type":"Feature","id":"global_port::1730087699","properties":{"id":"global_port::1730087699","stable_key":"global_port::1730087699","name":"Harnosand","legal_designation":"local","legal_designation_label":"Local port","manager_type_code":"global","importance":"local_connector","importance_rank":1,"source":"natural_earth_10m_ports","source_ne_id":"1730087699","website":"www.harnosand.se"},"geometry":{"type":"Point","coordinates":[17.93881,62.640833]}},{"type":"Feature","id":"global_port::1730087701","properties":{"id":"global_port::1730087701","stable_key":"global_port::1730087701","name":"Hoganas","legal_designation":"local","legal_designation_label":"Local port","manager_type_code":"global","importance":"local_connector","importance_rank":1,"source":"natural_earth_10m_ports","source_ne_id":"1730087701","website":""},"geometry":{"type":"Point","coordinates":[12.541461,56.198611]}},{"type":"Feature","id":"global_port::1730087705","properties":{"id":"global_port::1730087705","stable_key":"global_port::1730087705","name":"Karlshamn","legal_designation":"local","legal_designation_label":"Local port","manager_type_code":"global","importance":"local_connector","importance_rank":1,"source":"natural_earth_10m_ports","source_ne_id":"1730087705","website":"www.karlshamnshamn.se"},"geometry":{"type":"Point","coordinates":[14.858304,56.1625]}},{"type":"Feature","id":"global_port::1730087707","properties":{"id":"global_port::1730087707","stable_key":"global_port::1730087707","name":"Karlskrona","legal_designation":"local","legal_designation_label":"Local port","manager_type_code":"global","importance":"local_connector","importance_rank":1,"source":"natural_earth_10m_ports","source_ne_id":"1730087707","website":"www.karlskrona.se/hamn"},"geometry":{"type":"Point","coordinates":[15.585984,56.16]}},{"type":"Feature","id":"global_port::1730087709","properties":{"id":"global_port::1730087709","stable_key":"global_port::1730087709","name":"Nynashamn","legal_designation":"local","legal_designation_label":"Local port","manager_type_code":"global","importance":"local_connector","importance_rank":1,"source":"natural_earth_10m_ports","source_ne_id":"1730087709","website":"www.stoports.com"},"geometry":{"type":"Point","coordinates":[17.958127,58.913333]}},{"type":"Feature","id":"global_port::1730087711","properties":{"id":"global_port::1730087711","stable_key":"global_port::1730087711","name":"Oskarshamn","legal_designation":"local","legal_designation_label":"Local port","manager_type_code":"global","importance":"local_connector","importance_rank":1,"source":"natural_earth_10m_ports","source_ne_id":"1730087711","website":"www.port.oskarshamn.se"},"geometry":{"type":"Point","coordinates":[16.47073,57.265]}},{"type":"Feature","id":"global_port::1730087713","properties":{"id":"global_port::1730087713","stable_key":"global_port::1730087713","name":"Oxelosund","legal_designation":"local","legal_designation_label":"Local port","manager_type_code":"global","importance":"local_connector","importance_rank":1,"source":"natural_earth_10m_ports","source_ne_id":"1730087713","website":"www.oxhamn.se"},"geometry":{"type":"Point","coordinates":[17.107951,58.661667]}},{"type":"Feature","id":"global_port::1730087715","properties":{"id":"global_port::1730087715","stable_key":"global_port::1730087715","name":"Pitea","legal_designation":"local","legal_designation_label":"Local port","manager_type_code":"global","importance":"local_connector","importance_rank":1,"source":"natural_earth_10m_ports","source_ne_id":"1730087715","website":"www.bottenvikens-stuveri.se"},"geometry":{"type":"Point","coordinates":[21.470377,65.308889]}},{"type":"Feature","id":"global_port::1730087717","properties":{"id":"global_port::1730087717","stable_key":"global_port::1730087717","name":"Sodertalje","legal_designation":"local","legal_designation_label":"Local port","manager_type_code":"global","importance":"local_connector","importance_rank":1,"source":"natural_earth_10m_ports","source_ne_id":"1730087717","website":"www.soeport.se"},"geometry":{"type":"Point","coordinates":[17.659187,59.169722]}},{"type":"Feature","id":"global_port::1730087719","properties":{"id":"global_port::1730087719","stable_key":"global_port::1730087719","name":"Trelleborg","legal_designation":"local","legal_designation_label":"Local port","manager_type_code":"global","importance":"local_connector","importance_rank":1,"source":"natural_earth_10m_ports","source_ne_id":"1730087719","website":"www.trelleborgshamn.se"},"geometry":{"type":"Point","coordinates":[13.15159,55.368056]}},{"type":"Feature","id":"global_port::1730087723","properties":{"id":"global_port::1730087723","stable_key":"global_port::1730087723","name":"Uddevalla","legal_designation":"local","legal_designation_label":"Local port","manager_type_code":"global","importance":"local_connector","importance_rank":1,"source":"natural_earth_10m_ports","source_ne_id":"1730087723","website":"www.uddevalla-hamn.se"},"geometry":{"type":"Point","coordinates":[11.90477,58.348056]}},{"type":"Feature","id":"global_port::1730087725","properties":{"id":"global_port::1730087725","stable_key":"global_port::1730087725","name":"Ystad","legal_designation":"local","legal_designation_label":"Local port","manager_type_code":"global","importance":"local_connector","importance_rank":1,"source":"natural_earth_10m_ports","source_ne_id":"1730087725","website":"www.ystad.se"},"geometry":{"type":"Point","coordinates":[13.82073,55.421389]}},{"type":"Feature","id":"global_port::1730087727","properties":{"id":"global_port::1730087727","stable_key":"global_port::1730087727","name":"Bangkok","legal_designation":"local","legal_designation_label":"Local port","manager_type_code":"global","importance":"local_connector","importance_rank":1,"source":"natural_earth_10m_ports","source_ne_id":"1730087727","website":"www.bkp.port.co.th"},"geometry":{"type":"Point","coordinates":[100.584923,13.695833]}},{"type":"Feature","id":"global_port::1730087729","properties":{"id":"global_port::1730087729","stable_key":"global_port::1730087729","name":"Laem Chabang","legal_designation":"local","legal_designation_label":"Local port","manager_type_code":"global","importance":"local_connector","importance_rank":1,"source":"natural_earth_10m_ports","source_ne_id":"1730087729","website":"www.port.co.th"},"geometry":{"type":"Point","coordinates":[100.89093,13.073889]}},{"type":"Feature","id":"global_port::1730087731","properties":{"id":"global_port::1730087731","stable_key":"global_port::1730087731","name":"Sriracha","legal_designation":"local","legal_designation_label":"Local port","manager_type_code":"global","importance":"local_connector","importance_rank":1,"source":"natural_earth_10m_ports","source_ne_id":"1730087731","website":"www.srirachaport.com"},"geometry":{"type":"Point","coordinates":[100.91861,13.171389]}},{"type":"Feature","id":"global_port::1730087733","properties":{"id":"global_port::1730087733","stable_key":"global_port::1730087733","name":"Point Lisas","legal_designation":"local","legal_designation_label":"Local port","manager_type_code":"global","importance":"local_connector","importance_rank":1,"source":"natural_earth_10m_ports","source_ne_id":"1730087733","website":"www.plipdeco.com"},"geometry":{"type":"Point","coordinates":[-61.489517,10.388333]}},{"type":"Feature","id":"global_port::1730087735","properties":{"id":"global_port::1730087735","stable_key":"global_port::1730087735","name":"Mersin","legal_designation":"local","legal_designation_label":"Local port","manager_type_code":"global","importance":"local_connector","importance_rank":1,"source":"natural_earth_10m_ports","source_ne_id":"1730087735","website":"www.tcdd.gov.tr"},"geometry":{"type":"Point","coordinates":[34.640577,36.796944]}},{"type":"Feature","id":"global_port::1730087737","properties":{"id":"global_port::1730087737","stable_key":"global_port::1730087737","name":"Berdyansk","legal_designation":"local","legal_designation_label":"Local port","manager_type_code":"global","importance":"local_connector","importance_rank":1,"source":"natural_earth_10m_ports","source_ne_id":"1730087737","website":"www.ukrport.org.ua"},"geometry":{"type":"Point","coordinates":[36.773204,46.751389]}},{"type":"Feature","id":"global_port::1730087741","properties":{"id":"global_port::1730087741","stable_key":"global_port::1730087741","name":"Kerch","legal_designation":"local","legal_designation_label":"Local port","manager_type_code":"global","importance":"local_connector","importance_rank":1,"source":"natural_earth_10m_ports","source_ne_id":"1730087741","website":"www.ukrport.org.ua"},"geometry":{"type":"Point","coordinates":[36.48563,45.355]}},{"type":"Feature","id":"global_port::1730087743","properties":{"id":"global_port::1730087743","stable_key":"global_port::1730087743","name":"Richmond","legal_designation":"local","legal_designation_label":"Local port","manager_type_code":"global","importance":"local_connector","importance_rank":1,"source":"natural_earth_10m_ports","source_ne_id":"1730087743","website":"www.ci.richmond.ca.us/index.asp?NID=102"},"geometry":{"type":"Point","coordinates":[-122.359011,37.913889]}},{"type":"Feature","id":"global_port::1730087745","properties":{"id":"global_port::1730087745","stable_key":"global_port::1730087745","name":"Wilmington","legal_designation":"local","legal_designation_label":"Local port","manager_type_code":"global","importance":"local_connector","importance_rank":1,"source":"natural_earth_10m_ports","source_ne_id":"1730087745","website":"www.portofwilmingtonde.com"},"geometry":{"type":"Point","coordinates":[-75.519847,39.716667]}},{"type":"Feature","id":"global_port::1730087747","properties":{"id":"global_port::1730087747","stable_key":"global_port::1730087747","name":"Quincy","legal_designation":"local","legal_designation_label":"Local port","manager_type_code":"global","importance":"local_connector","importance_rank":1,"source":"natural_earth_10m_ports","source_ne_id":"1730087747","website":"www.forerivershipyard.com"},"geometry":{"type":"Point","coordinates":[-70.968963,42.241389]}},{"type":"Feature","id":"global_port::1730087749","properties":{"id":"global_port::1730087749","stable_key":"global_port::1730087749","name":"Nawiliwili","legal_designation":"local","legal_designation_label":"Local port","manager_type_code":"global","importance":"local_connector","importance_rank":1,"source":"natural_earth_10m_ports","source_ne_id":"1730087749","website":"www.state.hi.us/dot/harbors"},"geometry":{"type":"Point","coordinates":[-159.353003,21.953889]}},{"type":"Feature","id":"global_port::1730087751","properties":{"id":"global_port::1730087751","stable_key":"global_port::1730087751","name":"Monterey","legal_designation":"local","legal_designation_label":"Local port","manager_type_code":"global","importance":"local_connector","importance_rank":1,"source":"natural_earth_10m_ports","source_ne_id":"1730087751","website":"www.monterey.org/harbor"},"geometry":{"type":"Point","coordinates":[-121.888987,36.605556]}},{"type":"Feature","id":"global_port::1730087753","properties":{"id":"global_port::1730087753","stable_key":"global_port::1730087753","name":"Wilmington","legal_designation":"local","legal_designation_label":"Local port","manager_type_code":"global","importance":"local_connector","importance_rank":1,"source":"natural_earth_10m_ports","source_ne_id":"1730087753","website":"www.ncports.com"},"geometry":{"type":"Point","coordinates":[-77.95265,34.191944]}},{"type":"Feature","id":"global_port::1730087755","properties":{"id":"global_port::1730087755","stable_key":"global_port::1730087755","name":"Gloucester City","legal_designation":"local","legal_designation_label":"Local port","manager_type_code":"global","importance":"local_connector","importance_rank":1,"source":"natural_earth_10m_ports","source_ne_id":"1730087755","website":"www.holtoversight.com"},"geometry":{"type":"Point","coordinates":[-75.122674,39.903611]}},{"type":"Feature","id":"global_port::1730087759","properties":{"id":"global_port::1730087759","stable_key":"global_port::1730087759","name":"Bayonne","legal_designation":"local","legal_designation_label":"Local port","manager_type_code":"global","importance":"local_connector","importance_rank":1,"source":"natural_earth_10m_ports","source_ne_id":"1730087759","website":"www.bayonnenj.org"},"geometry":{"type":"Point","coordinates":[-74.102474,40.6625]}},{"type":"Feature","id":"global_port::1730087761","properties":{"id":"global_port::1730087761","stable_key":"global_port::1730087761","name":"Baltimore","legal_designation":"local","legal_designation_label":"Local port","manager_type_code":"global","importance":"local_connector","importance_rank":1,"source":"natural_earth_10m_ports","source_ne_id":"1730087761","website":"www.mpa.state.md.us"},"geometry":{"type":"Point","coordinates":[-76.555654,39.2325]}},{"type":"Feature","id":"global_port::1730087763","properties":{"id":"global_port::1730087763","stable_key":"global_port::1730087763","name":"Jacksonville","legal_designation":"local","legal_designation_label":"Local port","manager_type_code":"global","importance":"local_connector","importance_rank":1,"source":"natural_earth_10m_ports","source_ne_id":"1730087763","website":"www.jaxport.com"},"geometry":{"type":"Point","coordinates":[-81.559187,30.380833]}},{"type":"Feature","id":"global_port::1730087765","properties":{"id":"global_port::1730087765","stable_key":"global_port::1730087765","name":"Newport News","legal_designation":"local","legal_designation_label":"Local port","manager_type_code":"global","importance":"local_connector","importance_rank":1,"source":"natural_earth_10m_ports","source_ne_id":"1730087765","website":"www.vaports.com"},"geometry":{"type":"Point","coordinates":[-76.426207,36.980556]}},{"type":"Feature","id":"global_port::1730087767","properties":{"id":"global_port::1730087767","stable_key":"global_port::1730087767","name":"Port Arthur","legal_designation":"local","legal_designation_label":"Local port","manager_type_code":"global","importance":"local_connector","importance_rank":1,"source":"natural_earth_10m_ports","source_ne_id":"1730087767","website":"www.portofportarthur.com"},"geometry":{"type":"Point","coordinates":[-93.957067,29.843056]}},{"type":"Feature","id":"global_port::1730087769","properties":{"id":"global_port::1730087769","stable_key":"global_port::1730087769","name":"Portsmouth","legal_designation":"local","legal_designation_label":"Local port","manager_type_code":"global","importance":"local_connector","importance_rank":1,"source":"natural_earth_10m_ports","source_ne_id":"1730087769","website":"www.vaports.com"},"geometry":{"type":"Point","coordinates":[-76.28828,36.816667]}},{"type":"Feature","id":"global_port::1730087771","properties":{"id":"global_port::1730087771","stable_key":"global_port::1730087771","name":"Wilmington","legal_designation":"local","legal_designation_label":"Local port","manager_type_code":"global","importance":"local_connector","importance_rank":1,"source":"natural_earth_10m_ports","source_ne_id":"1730087771","website":"www.ncports.com"},"geometry":{"type":"Point","coordinates":[-77.95265,34.191944]}},{"type":"Feature","id":"global_port::1730087773","properties":{"id":"global_port::1730087773","stable_key":"global_port::1730087773","name":"Port Arthur","legal_designation":"local","legal_designation_label":"Local port","manager_type_code":"global","importance":"local_connector","importance_rank":1,"source":"natural_earth_10m_ports","source_ne_id":"1730087773","website":"www.portofportarthur.com"},"geometry":{"type":"Point","coordinates":[-93.957067,29.843056]}},{"type":"Feature","id":"global_port::1730087777","properties":{"id":"global_port::1730087777","stable_key":"global_port::1730087777","name":"Alexandria","legal_designation":"local","legal_designation_label":"Local port","manager_type_code":"global","importance":"local_connector","importance_rank":1,"source":"natural_earth_10m_ports","source_ne_id":"1730087777","website":""},"geometry":{"type":"Point","coordinates":[-77.03722,38.801111]}},{"type":"Feature","id":"global_port::1730087779","properties":{"id":"global_port::1730087779","stable_key":"global_port::1730087779","name":"Newport News","legal_designation":"local","legal_designation_label":"Local port","manager_type_code":"global","importance":"local_connector","importance_rank":1,"source":"natural_earth_10m_ports","source_ne_id":"1730087779","website":"www.vaports.com"},"geometry":{"type":"Point","coordinates":[-76.426207,36.980556]}},{"type":"Feature","id":"global_port::1730087781","properties":{"id":"global_port::1730087781","stable_key":"global_port::1730087781","name":"Brownsville","legal_designation":"local","legal_designation_label":"Local port","manager_type_code":"global","importance":"local_connector","importance_rank":1,"source":"natural_earth_10m_ports","source_ne_id":"1730087781","website":"www.portofbrownsville.org"},"geometry":{"type":"Point","coordinates":[-122.608657,47.651389]}},{"type":"Feature","id":"global_port::1730087783","properties":{"id":"global_port::1730087783","stable_key":"global_port::1730087783","name":"Vancouver","legal_designation":"local","legal_designation_label":"Local port","manager_type_code":"global","importance":"local_connector","importance_rank":1,"source":"natural_earth_10m_ports","source_ne_id":"1730087783","website":"www.portvanusa.com"},"geometry":{"type":"Point","coordinates":[-122.703887,45.634722]}},{"type":"Feature","id":"global_port::1730087785","properties":{"id":"global_port::1730087785","stable_key":"global_port::1730087785","name":"Guanta","legal_designation":"local","legal_designation_label":"Local port","manager_type_code":"global","importance":"local_connector","importance_rank":1,"source":"natural_earth_10m_ports","source_ne_id":"1730087785","website":"www.puertodeguanta.gob.ve"},"geometry":{"type":"Point","coordinates":[-64.5904,10.249167]}},{"type":"Feature","id":"global_port::1730087787","properties":{"id":"global_port::1730087787","stable_key":"global_port::1730087787","name":"Keelung","legal_designation":"local","legal_designation_label":"Local port","manager_type_code":"global","importance":"local_connector","importance_rank":1,"source":"natural_earth_10m_ports","source_ne_id":"1730087787","website":""},"geometry":{"type":"Point","coordinates":[121.725837,25.22076]}},{"type":"Feature","id":"global_port::1730087789","properties":{"id":"global_port::1730087789","stable_key":"global_port::1730087789","name":"Arrecife","legal_designation":"local","legal_designation_label":"Local port","manager_type_code":"global","importance":"local_connector","importance_rank":1,"source":"natural_earth_10m_ports","source_ne_id":"1730087789","website":""},"geometry":{"type":"Point","coordinates":[-13.623954,28.948965]}},{"type":"Feature","id":"global_port::1730087791","properties":{"id":"global_port::1730087791","stable_key":"global_port::1730087791","name":"St Thomas","legal_designation":"local","legal_designation_label":"Local port","manager_type_code":"global","importance":"local_connector","importance_rank":1,"source":"natural_earth_10m_ports","source_ne_id":"1730087791","website":""},"geometry":{"type":"Point","coordinates":[-64.928415,18.332123]}},{"type":"Feature","id":"global_port::1730087795","properties":{"id":"global_port::1730087795","stable_key":"global_port::1730087795","name":"Basseterre","legal_designation":"local","legal_designation_label":"Local port","manager_type_code":"global","importance":"local_connector","importance_rank":1,"source":"natural_earth_10m_ports","source_ne_id":"1730087795","website":""},"geometry":{"type":"Point","coordinates":[-62.750002,17.278827]}},{"type":"Feature","id":"global_port::1730087797","properties":{"id":"global_port::1730087797","stable_key":"global_port::1730087797","name":"New Orleans","legal_designation":"local","legal_designation_label":"Local port","manager_type_code":"global","importance":"local_connector","importance_rank":1,"source":"natural_earth_10m_ports","source_ne_id":"1730087797","website":""},"geometry":{"type":"Point","coordinates":[-90.056371,29.9342]}},{"type":"Feature","id":"global_port::1730087799","properties":{"id":"global_port::1730087799","stable_key":"global_port::1730087799","name":"Freeport","legal_designation":"local","legal_designation_label":"Local port","manager_type_code":"global","importance":"local_connector","importance_rank":1,"source":"natural_earth_10m_ports","source_ne_id":"1730087799","website":""},"geometry":{"type":"Point","coordinates":[-78.727664,26.538411]}},{"type":"Feature","id":"global_port::1730087801","properties":{"id":"global_port::1730087801","stable_key":"global_port::1730087801","name":"Trenton","legal_designation":"local","legal_designation_label":"Local port","manager_type_code":"global","importance":"local_connector","importance_rank":1,"source":"natural_earth_10m_ports","source_ne_id":"1730087801","website":""},"geometry":{"type":"Point","coordinates":[-77.56,44.1]}},{"type":"Feature","id":"global_port::1730087803","properties":{"id":"global_port::1730087803","stable_key":"global_port::1730087803","name":"Goderich","legal_designation":"local","legal_designation_label":"Local port","manager_type_code":"global","importance":"local_connector","importance_rank":1,"source":"natural_earth_10m_ports","source_ne_id":"1730087803","website":""},"geometry":{"type":"Point","coordinates":[-81.73,43.75]}},{"type":"Feature","id":"global_port::1730087805","properties":{"id":"global_port::1730087805","stable_key":"global_port::1730087805","name":"Midland","legal_designation":"local","legal_designation_label":"Local port","manager_type_code":"global","importance":"local_connector","importance_rank":1,"source":"natural_earth_10m_ports","source_ne_id":"1730087805","website":""},"geometry":{"type":"Point","coordinates":[-79.91,44.75]}},{"type":"Feature","id":"global_port::1730087807","properties":{"id":"global_port::1730087807","stable_key":"global_port::1730087807","name":"St Joseph","legal_designation":"local","legal_designation_label":"Local port","manager_type_code":"global","importance":"local_connector","importance_rank":1,"source":"natural_earth_10m_ports","source_ne_id":"1730087807","website":""},"geometry":{"type":"Point","coordinates":[-86.48,42.11]}},{"type":"Feature","id":"global_port::1730087809","properties":{"id":"global_port::1730087809","stable_key":"global_port::1730087809","name":"Racine","legal_designation":"local","legal_designation_label":"Local port","manager_type_code":"global","importance":"local_connector","importance_rank":1,"source":"natural_earth_10m_ports","source_ne_id":"1730087809","website":""},"geometry":{"type":"Point","coordinates":[-87.78,42.73]}},{"type":"Feature","id":"global_port::1730087813","properties":{"id":"global_port::1730087813","stable_key":"global_port::1730087813","name":"Menominee","legal_designation":"local","legal_designation_label":"Local port","manager_type_code":"global","importance":"local_connector","importance_rank":1,"source":"natural_earth_10m_ports","source_ne_id":"1730087813","website":""},"geometry":{"type":"Point","coordinates":[-87.6,45.1]}},{"type":"Feature","id":"global_port::1730087815","properties":{"id":"global_port::1730087815","stable_key":"global_port::1730087815","name":"Escanaba","legal_designation":"local","legal_designation_label":"Local port","manager_type_code":"global","importance":"local_connector","importance_rank":1,"source":"natural_earth_10m_ports","source_ne_id":"1730087815","website":""},"geometry":{"type":"Point","coordinates":[-87.05,45.76]}},{"type":"Feature","id":"global_port::1730087817","properties":{"id":"global_port::1730087817","stable_key":"global_port::1730087817","name":"Sacramento","legal_designation":"local","legal_designation_label":"Local port","manager_type_code":"global","importance":"local_connector","importance_rank":1,"source":"natural_earth_10m_ports","source_ne_id":"1730087817","website":""},"geometry":{"type":"Point","coordinates":[-121.5,38.58]}},{"type":"Feature","id":"global_port::1730087819","properties":{"id":"global_port::1730087819","stable_key":"global_port::1730087819","name":"Great Yarmouth","legal_designation":"local","legal_designation_label":"Local port","manager_type_code":"global","importance":"local_connector","importance_rank":1,"source":"natural_earth_10m_ports","source_ne_id":"1730087819","website":""},"geometry":{"type":"Point","coordinates":[1.73,52.61]}},{"type":"Feature","id":"global_port::1730087821","properties":{"id":"global_port::1730087821","stable_key":"global_port::1730087821","name":"Dundee","legal_designation":"local","legal_designation_label":"Local port","manager_type_code":"global","importance":"local_connector","importance_rank":1,"source":"natural_earth_10m_ports","source_ne_id":"1730087821","website":""},"geometry":{"type":"Point","coordinates":[-2.96,56.46]}},{"type":"Feature","id":"global_port::1730087823","properties":{"id":"global_port::1730087823","stable_key":"global_port::1730087823","name":"Portmahomack Harbor","legal_designation":"local","legal_designation_label":"Local port","manager_type_code":"global","importance":"local_connector","importance_rank":1,"source":"natural_earth_10m_ports","source_ne_id":"1730087823","website":""},"geometry":{"type":"Point","coordinates":[-3.83,57.83]}},{"type":"Feature","id":"global_port::1730087825","properties":{"id":"global_port::1730087825","stable_key":"global_port::1730087825","name":"Wick","legal_designation":"local","legal_designation_label":"Local port","manager_type_code":"global","importance":"local_connector","importance_rank":1,"source":"natural_earth_10m_ports","source_ne_id":"1730087825","website":""},"geometry":{"type":"Point","coordinates":[-3.08,58.43]}},{"type":"Feature","id":"global_port::1730087827","properties":{"id":"global_port::1730087827","stable_key":"global_port::1730087827","name":"Oban","legal_designation":"local","legal_designation_label":"Local port","manager_type_code":"global","importance":"local_connector","importance_rank":1,"source":"natural_earth_10m_ports","source_ne_id":"1730087827","website":""},"geometry":{"type":"Point","coordinates":[-5.46,56.41]}},{"type":"Feature","id":"global_port::1730087831","properties":{"id":"global_port::1730087831","stable_key":"global_port::1730087831","name":"Douglas","legal_designation":"local","legal_designation_label":"Local port","manager_type_code":"global","importance":"local_connector","importance_rank":1,"source":"natural_earth_10m_ports","source_ne_id":"1730087831","website":""},"geometry":{"type":"Point","coordinates":[-4.46,54.15]}},{"type":"Feature","id":"global_port::1730087833","properties":{"id":"global_port::1730087833","stable_key":"global_port::1730087833","name":"Londonderry","legal_designation":"local","legal_designation_label":"Local port","manager_type_code":"global","importance":"local_connector","importance_rank":1,"source":"natural_earth_10m_ports","source_ne_id":"1730087833","website":""},"geometry":{"type":"Point","coordinates":[-7.31,55.0]}},{"type":"Feature","id":"global_port::1730087835","properties":{"id":"global_port::1730087835","stable_key":"global_port::1730087835","name":"Silloth","legal_designation":"local","legal_designation_label":"Local port","manager_type_code":"global","importance":"local_connector","importance_rank":1,"source":"natural_earth_10m_ports","source_ne_id":"1730087835","website":""},"geometry":{"type":"Point","coordinates":[-3.4,54.86]}},{"type":"Feature","id":"global_port::1730087837","properties":{"id":"global_port::1730087837","stable_key":"global_port::1730087837","name":"Ambriz","legal_designation":"important","legal_designation_label":"Important port","manager_type_code":"global","importance":"regional_core","importance_rank":2,"source":"natural_earth_10m_ports","source_ne_id":"1730087837","website":""},"geometry":{"type":"Point","coordinates":[13.093757,-7.833056]}},{"type":"Feature","id":"global_port::1730087839","properties":{"id":"global_port::1730087839","stable_key":"global_port::1730087839","name":"Cabinda","legal_designation":"important","legal_designation_label":"Important port","manager_type_code":"global","importance":"regional_core","importance_rank":2,"source":"natural_earth_10m_ports","source_ne_id":"1730087839","website":""},"geometry":{"type":"Point","coordinates":[12.190224,-5.55]}},{"type":"Feature","id":"global_port::1730087841","properties":{"id":"global_port::1730087841","stable_key":"global_port::1730087841","name":"Soyo","legal_designation":"important","legal_designation_label":"Important port","manager_type_code":"global","importance":"regional_core","importance_rank":2,"source":"natural_earth_10m_ports","source_ne_id":"1730087841","website":"www.otal.com/angola"},"geometry":{"type":"Point","coordinates":[12.320377,-6.121389]}},{"type":"Feature","id":"global_port::1730087843","properties":{"id":"global_port::1730087843","stable_key":"global_port::1730087843","name":"Durres","legal_designation":"important","legal_designation_label":"Important port","manager_type_code":"global","importance":"regional_core","importance_rank":2,"source":"natural_earth_10m_ports","source_ne_id":"1730087843","website":""},"geometry":{"type":"Point","coordinates":[19.453004,41.307778]}},{"type":"Feature","id":"global_port::1730087845","properties":{"id":"global_port::1730087845","stable_key":"global_port::1730087845","name":"Curacao","legal_designation":"important","legal_designation_label":"Important port","manager_type_code":"global","importance":"regional_core","importance_rank":2,"source":"natural_earth_10m_ports","source_ne_id":"1730087845","website":"www.curports.com"},"geometry":{"type":"Point","coordinates":[-68.918257,12.119167]}},{"type":"Feature","id":"global_port::1730087849","properties":{"id":"global_port::1730087849","stable_key":"global_port::1730087849","name":"Al Fujayrah","legal_designation":"important","legal_designation_label":"Important port","manager_type_code":"global","importance":"regional_core","importance_rank":2,"source":"natural_earth_10m_ports","source_ne_id":"1730087849","website":"www.fujairahport.ae"},"geometry":{"type":"Point","coordinates":[56.356537,25.178333]}},{"type":"Feature","id":"global_port::1730087851","properties":{"id":"global_port::1730087851","stable_key":"global_port::1730087851","name":"Caleta Olivia","legal_designation":"important","legal_designation_label":"Important port","manager_type_code":"global","importance":"regional_core","importance_rank":2,"source":"natural_earth_10m_ports","source_ne_id":"1730087851","website":""},"geometry":{"type":"Point","coordinates":[-67.508481,-46.433056]}},{"type":"Feature","id":"global_port::1730087853","properties":{"id":"global_port::1730087853","stable_key":"global_port::1730087853","name":"Puerto Deseado","legal_designation":"important","legal_designation_label":"Important port","manager_type_code":"global","importance":"regional_core","importance_rank":2,"source":"natural_earth_10m_ports","source_ne_id":"1730087853","website":"www.scruz.gov.ar/puertos"},"geometry":{"type":"Point","coordinates":[-65.904064,-47.755556]}},{"type":"Feature","id":"global_port::1730087855","properties":{"id":"global_port::1730087855","stable_key":"global_port::1730087855","name":"Rio Gallegos","legal_designation":"important","legal_designation_label":"Important port","manager_type_code":"global","importance":"regional_core","importance_rank":2,"source":"natural_earth_10m_ports","source_ne_id":"1730087855","website":"www.scruz.gov.ar/puertos"},"geometry":{"type":"Point","coordinates":[-69.218257,-51.611667]}},{"type":"Feature","id":"global_port::1730087857","properties":{"id":"global_port::1730087857","stable_key":"global_port::1730087857","name":"Rio Grande","legal_designation":"important","legal_designation_label":"Important port","manager_type_code":"global","importance":"regional_core","importance_rank":2,"source":"natural_earth_10m_ports","source_ne_id":"1730087857","website":""},"geometry":{"type":"Point","coordinates":[-67.702473,-53.794444]}},{"type":"Feature","id":"global_port::1730087859","properties":{"id":"global_port::1730087859","stable_key":"global_port::1730087859","name":"San Julian","legal_designation":"important","legal_designation_label":"Important port","manager_type_code":"global","importance":"regional_core","importance_rank":2,"source":"natural_earth_10m_ports","source_ne_id":"1730087859","website":"www.scruz.gov.ar/puertos"},"geometry":{"type":"Point","coordinates":[-67.718963,-49.299722]}},{"type":"Feature","id":"global_port::1730087861","properties":{"id":"global_port::1730087861","stable_key":"global_port::1730087861","name":"Coffs Harbour","legal_designation":"important","legal_designation_label":"Important port","manager_type_code":"global","importance":"regional_core","importance_rank":2,"source":"natural_earth_10m_ports","source_ne_id":"1730087861","website":""},"geometry":{"type":"Point","coordinates":[153.14146,-30.3075]}},{"type":"Feature","id":"global_port::1730087863","properties":{"id":"global_port::1730087863","stable_key":"global_port::1730087863","name":"Esperance","legal_designation":"important","legal_designation_label":"Important port","manager_type_code":"global","importance":"regional_core","importance_rank":2,"source":"natural_earth_10m_ports","source_ne_id":"1730087863","website":"www.esperanceport.com.au"},"geometry":{"type":"Point","coordinates":[121.893404,-33.871944]}},{"type":"Feature","id":"global_port::1730087867","properties":{"id":"global_port::1730087867","stable_key":"global_port::1730087867","name":"Port Augusta","legal_designation":"important","legal_designation_label":"Important port","manager_type_code":"global","importance":"regional_core","importance_rank":2,"source":"natural_earth_10m_ports","source_ne_id":"1730087867","website":""},"geometry":{"type":"Point","coordinates":[137.756714,-32.488611]}},{"type":"Feature","id":"global_port::1730087869","properties":{"id":"global_port::1730087869","stable_key":"global_port::1730087869","name":"Bowen","legal_designation":"important","legal_designation_label":"Important port","manager_type_code":"global","importance":"regional_core","importance_rank":2,"source":"natural_earth_10m_ports","source_ne_id":"1730087869","website":""},"geometry":{"type":"Point","coordinates":[148.25053,-20.020833]}},{"type":"Feature","id":"global_port::1730087871","properties":{"id":"global_port::1730087871","stable_key":"global_port::1730087871","name":"Bundaberg","legal_designation":"important","legal_designation_label":"Important port","manager_type_code":"global","importance":"regional_core","importance_rank":2,"source":"natural_earth_10m_ports","source_ne_id":"1730087871","website":"www.portofbundaberg.com.au"},"geometry":{"type":"Point","coordinates":[152.388457,-24.767222]}},{"type":"Feature","id":"global_port::1730087873","properties":{"id":"global_port::1730087873","stable_key":"global_port::1730087873","name":"Burketown","legal_designation":"important","legal_designation_label":"Important port","manager_type_code":"global","importance":"regional_core","importance_rank":2,"source":"natural_earth_10m_ports","source_ne_id":"1730087873","website":"www.cairnsports.com.au"},"geometry":{"type":"Point","coordinates":[139.737927,-17.553611]}},{"type":"Feature","id":"global_port::1730087875","properties":{"id":"global_port::1730087875","stable_key":"global_port::1730087875","name":"Carnarvon","legal_designation":"important","legal_designation_label":"Important port","manager_type_code":"global","importance":"regional_core","importance_rank":2,"source":"natural_earth_10m_ports","source_ne_id":"1730087875","website":""},"geometry":{"type":"Point","coordinates":[113.642874,-24.895]}},{"type":"Feature","id":"global_port::1730087877","properties":{"id":"global_port::1730087877","stable_key":"global_port::1730087877","name":"Cooktown","legal_designation":"important","legal_designation_label":"Important port","manager_type_code":"global","importance":"regional_core","importance_rank":2,"source":"natural_earth_10m_ports","source_ne_id":"1730087877","website":"www.cairnsports.com.au"},"geometry":{"type":"Point","coordinates":[145.243757,-15.459722]}},{"type":"Feature","id":"global_port::1730087879","properties":{"id":"global_port::1730087879","stable_key":"global_port::1730087879","name":"Derby","legal_designation":"important","legal_designation_label":"Important port","manager_type_code":"global","importance":"regional_core","importance_rank":2,"source":"natural_earth_10m_ports","source_ne_id":"1730087879","website":""},"geometry":{"type":"Point","coordinates":[123.605124,-17.292222]}},{"type":"Feature","id":"global_port::1730087881","properties":{"id":"global_port::1730087881","stable_key":"global_port::1730087881","name":"Eden","legal_designation":"important","legal_designation_label":"Important port","manager_type_code":"global","importance":"regional_core","importance_rank":2,"source":"natural_earth_10m_ports","source_ne_id":"1730087881","website":"www.eden.nsw.gov.au"},"geometry":{"type":"Point","coordinates":[149.9053,-37.071944]}},{"type":"Feature","id":"global_port::1730087885","properties":{"id":"global_port::1730087885","stable_key":"global_port::1730087885","name":"George Town","legal_designation":"important","legal_designation_label":"Important port","manager_type_code":"global","importance":"regional_core","importance_rank":2,"source":"natural_earth_10m_ports","source_ne_id":"1730087885","website":""},"geometry":{"type":"Point","coordinates":[146.8202,-41.109722]}},{"type":"Feature","id":"global_port::1730087887","properties":{"id":"global_port::1730087887","stable_key":"global_port::1730087887","name":"Geraldton","legal_designation":"important","legal_designation_label":"Important port","manager_type_code":"global","importance":"regional_core","importance_rank":2,"source":"natural_earth_10m_ports","source_ne_id":"1730087887","website":"www.gpa.wa.gov.au"},"geometry":{"type":"Point","coordinates":[114.600707,-28.772778]}},{"type":"Feature","id":"global_port::1730087889","properties":{"id":"global_port::1730087889","stable_key":"global_port::1730087889","name":"Karumba","legal_designation":"important","legal_designation_label":"Important port","manager_type_code":"global","importance":"regional_core","importance_rank":2,"source":"natural_earth_10m_ports","source_ne_id":"1730087889","website":"www.cairnsports.com.au"},"geometry":{"type":"Point","coordinates":[140.833333,-17.489444]}},{"type":"Feature","id":"global_port::1730087891","properties":{"id":"global_port::1730087891","stable_key":"global_port::1730087891","name":"Kingscote","legal_designation":"important","legal_designation_label":"Important port","manager_type_code":"global","importance":"regional_core","importance_rank":2,"source":"natural_earth_10m_ports","source_ne_id":"1730087891","website":""},"geometry":{"type":"Point","coordinates":[137.639517,-35.655]}},{"type":"Feature","id":"global_port::1730087893","properties":{"id":"global_port::1730087893","stable_key":"global_port::1730087893","name":"Maryborough","legal_designation":"important","legal_designation_label":"Important port","manager_type_code":"global","importance":"regional_core","importance_rank":2,"source":"natural_earth_10m_ports","source_ne_id":"1730087893","website":"www.nqbp.com.au"},"geometry":{"type":"Point","coordinates":[152.906007,-25.295]}},{"type":"Feature","id":"global_port::1730087895","properties":{"id":"global_port::1730087895","stable_key":"global_port::1730087895","name":"Strahan","legal_designation":"important","legal_designation_label":"Important port","manager_type_code":"global","importance":"regional_core","importance_rank":2,"source":"natural_earth_10m_ports","source_ne_id":"1730087895","website":"www.tasports.com.au"},"geometry":{"type":"Point","coordinates":[145.320554,-42.158333]}},{"type":"Feature","id":"global_port::1730087897","properties":{"id":"global_port::1730087897","stable_key":"global_port::1730087897","name":"Mongla","legal_designation":"important","legal_designation_label":"Important port","manager_type_code":"global","importance":"regional_core","importance_rank":2,"source":"natural_earth_10m_ports","source_ne_id":"1730087897","website":"www.monglaport.com.bd"},"geometry":{"type":"Point","coordinates":[89.585984,22.486944]}},{"type":"Feature","id":"global_port::1730087899","properties":{"id":"global_port::1730087899","stable_key":"global_port::1730087899","name":"Aracaju","legal_designation":"important","legal_designation_label":"Important port","manager_type_code":"global","importance":"regional_core","importance_rank":2,"source":"natural_earth_10m_ports","source_ne_id":"1730087899","website":"www.ibritto.com.br"},"geometry":{"type":"Point","coordinates":[-37.039517,-10.925278]}},{"type":"Feature","id":"global_port::1730087903","properties":{"id":"global_port::1730087903","stable_key":"global_port::1730087903","name":"Fortaleza","legal_designation":"important","legal_designation_label":"Important port","manager_type_code":"global","importance":"regional_core","importance_rank":2,"source":"natural_earth_10m_ports","source_ne_id":"1730087903","website":"www.docasdoceara.com.br"},"geometry":{"type":"Point","coordinates":[-38.521437,-3.7175]}},{"type":"Feature","id":"global_port::1730087905","properties":{"id":"global_port::1730087905","stable_key":"global_port::1730087905","name":"Macapa","legal_designation":"important","legal_designation_label":"Important port","manager_type_code":"global","importance":"regional_core","importance_rank":2,"source":"natural_earth_10m_ports","source_ne_id":"1730087905","website":""},"geometry":{"type":"Point","coordinates":[-51.042697,0.032222]}},{"type":"Feature","id":"global_port::1730087907","properties":{"id":"global_port::1730087907","stable_key":"global_port::1730087907","name":"Navegantes","legal_designation":"important","legal_designation_label":"Important port","manager_type_code":"global","importance":"regional_core","importance_rank":2,"source":"natural_earth_10m_ports","source_ne_id":"1730087907","website":"www.portonave.com.br"},"geometry":{"type":"Point","coordinates":[-48.65424,-26.898889]}},{"type":"Feature","id":"global_port::1730087909","properties":{"id":"global_port::1730087909","stable_key":"global_port::1730087909","name":"Pelotas","legal_designation":"important","legal_designation_label":"Important port","manager_type_code":"global","importance":"regional_core","importance_rank":2,"source":"natural_earth_10m_ports","source_ne_id":"1730087909","website":""},"geometry":{"type":"Point","coordinates":[-52.323734,-31.781944]}},{"type":"Feature","id":"global_port::1730087911","properties":{"id":"global_port::1730087911","stable_key":"global_port::1730087911","name":"Campbell River","legal_designation":"important","legal_designation_label":"Important port","manager_type_code":"global","importance":"regional_core","importance_rank":2,"source":"natural_earth_10m_ports","source_ne_id":"1730087911","website":""},"geometry":{"type":"Point","coordinates":[-125.238634,50.031944]}},{"type":"Feature","id":"global_port::1730087913","properties":{"id":"global_port::1730087913","stable_key":"global_port::1730087913","name":"Goose Bay","legal_designation":"important","legal_designation_label":"Important port","manager_type_code":"global","importance":"regional_core","importance_rank":2,"source":"natural_earth_10m_ports","source_ne_id":"1730087913","website":""},"geometry":{"type":"Point","coordinates":[-60.342344,53.384444]}},{"type":"Feature","id":"global_port::1730087915","properties":{"id":"global_port::1730087915","stable_key":"global_port::1730087915","name":"Masset","legal_designation":"important","legal_designation_label":"Important port","manager_type_code":"global","importance":"regional_core","importance_rank":2,"source":"natural_earth_10m_ports","source_ne_id":"1730087915","website":""},"geometry":{"type":"Point","coordinates":[-132.141107,54.006667]}},{"type":"Feature","id":"global_port::1730087917","properties":{"id":"global_port::1730087917","stable_key":"global_port::1730087917","name":"Matane","legal_designation":"important","legal_designation_label":"Important port","manager_type_code":"global","importance":"regional_core","importance_rank":2,"source":"natural_earth_10m_ports","source_ne_id":"1730087917","website":""},"geometry":{"type":"Point","coordinates":[-67.57126,48.841944]}},{"type":"Feature","id":"global_port::1730087921","properties":{"id":"global_port::1730087921","stable_key":"global_port::1730087921","name":"Nanisivik","legal_designation":"important","legal_designation_label":"Important port","manager_type_code":"global","importance":"regional_core","importance_rank":2,"source":"natural_earth_10m_ports","source_ne_id":"1730087921","website":""},"geometry":{"type":"Point","coordinates":[-84.543051,73.068611]}},{"type":"Feature","id":"global_port::1730087923","properties":{"id":"global_port::1730087923","stable_key":"global_port::1730087923","name":"New Richmond","legal_designation":"important","legal_designation_label":"Important port","manager_type_code":"global","importance":"regional_core","importance_rank":2,"source":"natural_earth_10m_ports","source_ne_id":"1730087923","website":""},"geometry":{"type":"Point","coordinates":[-65.834923,48.138611]}},{"type":"Feature","id":"global_port::1730087925","properties":{"id":"global_port::1730087925","stable_key":"global_port::1730087925","name":"Port Hardy","legal_designation":"important","legal_designation_label":"Important port","manager_type_code":"global","importance":"regional_core","importance_rank":2,"source":"natural_earth_10m_ports","source_ne_id":"1730087925","website":""},"geometry":{"type":"Point","coordinates":[-127.483687,50.721111]}},{"type":"Feature","id":"global_port::1730087927","properties":{"id":"global_port::1730087927","stable_key":"global_port::1730087927","name":"Port Hawkesbury","legal_designation":"important","legal_designation_label":"Important port","manager_type_code":"global","importance":"regional_core","importance_rank":2,"source":"natural_earth_10m_ports","source_ne_id":"1730087927","website":"www.straitsuperport.com"},"geometry":{"type":"Point","coordinates":[-61.355654,45.61]}},{"type":"Feature","id":"global_port::1730087929","properties":{"id":"global_port::1730087929","stable_key":"global_port::1730087929","name":"Squamish","legal_designation":"important","legal_designation_label":"Important port","manager_type_code":"global","importance":"regional_core","importance_rank":2,"source":"natural_earth_10m_ports","source_ne_id":"1730087929","website":"www.sqterminals.com"},"geometry":{"type":"Point","coordinates":[-123.166667,49.683056]}},{"type":"Feature","id":"global_port::1730087931","properties":{"id":"global_port::1730087931","stable_key":"global_port::1730087931","name":"Stephenville","legal_designation":"important","legal_designation_label":"Important port","manager_type_code":"global","importance":"regional_core","importance_rank":2,"source":"natural_earth_10m_ports","source_ne_id":"1730087931","website":"www.portharmonauthority.ca"},"geometry":{"type":"Point","coordinates":[-58.540754,48.535278]}},{"type":"Feature","id":"global_port::1730087933","properties":{"id":"global_port::1730087933","stable_key":"global_port::1730087933","name":"Stewart","legal_designation":"important","legal_designation_label":"Important port","manager_type_code":"global","importance":"regional_core","importance_rank":2,"source":"natural_earth_10m_ports","source_ne_id":"1730087933","website":"www.stewart-hyder.com"},"geometry":{"type":"Point","coordinates":[-129.989517,55.928611]}},{"type":"Feature","id":"global_port::1730087935","properties":{"id":"global_port::1730087935","stable_key":"global_port::1730087935","name":"Tahsis","legal_designation":"important","legal_designation_label":"Important port","manager_type_code":"global","importance":"regional_core","importance_rank":2,"source":"natural_earth_10m_ports","source_ne_id":"1730087935","website":""},"geometry":{"type":"Point","coordinates":[-126.654064,49.9175]}},{"type":"Feature","id":"global_port::1730087939","properties":{"id":"global_port::1730087939","stable_key":"global_port::1730087939","name":"Sandspit","legal_designation":"important","legal_designation_label":"Important port","manager_type_code":"global","importance":"regional_core","importance_rank":2,"source":"natural_earth_10m_ports","source_ne_id":"1730087939","website":""},"geometry":{"type":"Point","coordinates":[-131.81967,53.255278]}},{"type":"Feature","id":"global_port::1730087941","properties":{"id":"global_port::1730087941","stable_key":"global_port::1730087941","name":"Tuktoyaktuk","legal_designation":"important","legal_designation_label":"Important port","manager_type_code":"global","importance":"regional_core","importance_rank":2,"source":"natural_earth_10m_ports","source_ne_id":"1730087941","website":""},"geometry":{"type":"Point","coordinates":[-132.985807,69.431389]}},{"type":"Feature","id":"global_port::1730087943","properties":{"id":"global_port::1730087943","stable_key":"global_port::1730087943","name":"Ancud","legal_designation":"important","legal_designation_label":"Important port","manager_type_code":"global","importance":"regional_core","importance_rank":2,"source":"natural_earth_10m_ports","source_ne_id":"1730087943","website":""},"geometry":{"type":"Point","coordinates":[-73.825677,-41.868611]}},{"type":"Feature","id":"global_port::1730087945","properties":{"id":"global_port::1730087945","stable_key":"global_port::1730087945","name":"Castro","legal_designation":"important","legal_designation_label":"Important port","manager_type_code":"global","importance":"regional_core","importance_rank":2,"source":"natural_earth_10m_ports","source_ne_id":"1730087945","website":""},"geometry":{"type":"Point","coordinates":[-73.766843,-42.482778]}},{"type":"Feature","id":"global_port::1730087947","properties":{"id":"global_port::1730087947","stable_key":"global_port::1730087947","name":"Chanaral","legal_designation":"important","legal_designation_label":"Important port","manager_type_code":"global","importance":"regional_core","importance_rank":2,"source":"natural_earth_10m_ports","source_ne_id":"1730087947","website":""},"geometry":{"type":"Point","coordinates":[-70.634393,-26.350556]}},{"type":"Feature","id":"global_port::1730087949","properties":{"id":"global_port::1730087949","stable_key":"global_port::1730087949","name":"Puerto Natales","legal_designation":"important","legal_designation_label":"Important port","manager_type_code":"global","importance":"regional_core","importance_rank":2,"source":"natural_earth_10m_ports","source_ne_id":"1730087949","website":""},"geometry":{"type":"Point","coordinates":[-72.509364,-51.731111]}},{"type":"Feature","id":"global_port::1730087951","properties":{"id":"global_port::1730087951","stable_key":"global_port::1730087951","name":"Taltal","legal_designation":"important","legal_designation_label":"Important port","manager_type_code":"global","importance":"regional_core","importance_rank":2,"source":"natural_earth_10m_ports","source_ne_id":"1730087951","website":""},"geometry":{"type":"Point","coordinates":[-70.48457,-25.397222]}},{"type":"Feature","id":"global_port::1730087953","properties":{"id":"global_port::1730087953","stable_key":"global_port::1730087953","name":"Guangzhou","legal_designation":"important","legal_designation_label":"Important port","manager_type_code":"global","importance":"regional_core","importance_rank":2,"source":"natural_earth_10m_ports","source_ne_id":"1730087953","website":""},"geometry":{"type":"Point","coordinates":[113.671084,22.640278]}},{"type":"Feature","id":"global_port::1730087957","properties":{"id":"global_port::1730087957","stable_key":"global_port::1730087957","name":"Jiangyin","legal_designation":"important","legal_designation_label":"Important port","manager_type_code":"global","importance":"regional_core","importance_rank":2,"source":"natural_earth_10m_ports","source_ne_id":"1730087957","website":""},"geometry":{"type":"Point","coordinates":[120.22126,31.931944]}},{"type":"Feature","id":"global_port::1730087959","properties":{"id":"global_port::1730087959","stable_key":"global_port::1730087959","name":"Lianyungang","legal_designation":"important","legal_designation_label":"Important port","manager_type_code":"global","importance":"regional_core","importance_rank":2,"source":"natural_earth_10m_ports","source_ne_id":"1730087959","website":"www.lygport.com.cn"},"geometry":{"type":"Point","coordinates":[119.408481,34.745278]}},{"type":"Feature","id":"global_port::1730087961","properties":{"id":"global_port::1730087961","stable_key":"global_port::1730087961","name":"Sanya","legal_designation":"important","legal_designation_label":"Important port","manager_type_code":"global","importance":"regional_core","importance_rank":2,"source":"natural_earth_10m_ports","source_ne_id":"1730087961","website":""},"geometry":{"type":"Point","coordinates":[109.50053,18.239722]}},{"type":"Feature","id":"global_port::1730087963","properties":{"id":"global_port::1730087963","stable_key":"global_port::1730087963","name":"Zhanjiang","legal_designation":"important","legal_designation_label":"Important port","manager_type_code":"global","importance":"regional_core","importance_rank":2,"source":"natural_earth_10m_ports","source_ne_id":"1730087963","website":"www.zjport.com"},"geometry":{"type":"Point","coordinates":[110.40636,21.169722]}},{"type":"Feature","id":"global_port::1730087965","properties":{"id":"global_port::1730087965","stable_key":"global_port::1730087965","name":"Zhoushan","legal_designation":"important","legal_designation_label":"Important port","manager_type_code":"global","importance":"regional_core","importance_rank":2,"source":"natural_earth_10m_ports","source_ne_id":"1730087965","website":"www.zsport.com.cn"},"geometry":{"type":"Point","coordinates":[122.10265,30.003333]}},{"type":"Feature","id":"global_port::1730087967","properties":{"id":"global_port::1730087967","stable_key":"global_port::1730087967","name":"San-Pedro","legal_designation":"important","legal_designation_label":"Important port","manager_type_code":"global","importance":"regional_core","importance_rank":2,"source":"natural_earth_10m_ports","source_ne_id":"1730087967","website":""},"geometry":{"type":"Point","coordinates":[-6.61702,4.743056]}},{"type":"Feature","id":"global_port::1730087969","properties":{"id":"global_port::1730087969","stable_key":"global_port::1730087969","name":"Cartagena","legal_designation":"important","legal_designation_label":"Important port","manager_type_code":"global","importance":"regional_core","importance_rank":2,"source":"natural_earth_10m_ports","source_ne_id":"1730087969","website":"www.sprc.com.co"},"geometry":{"type":"Point","coordinates":[-75.525677,10.403333]}},{"type":"Feature","id":"global_port::1730087971","properties":{"id":"global_port::1730087971","stable_key":"global_port::1730087971","name":"Tolu","legal_designation":"important","legal_designation_label":"Important port","manager_type_code":"global","importance":"regional_core","importance_rank":2,"source":"natural_earth_10m_ports","source_ne_id":"1730087971","website":"www.navescolombia.com"},"geometry":{"type":"Point","coordinates":[-75.585277,9.520278]}},{"type":"Feature","id":"global_port::1730087975","properties":{"id":"global_port::1730087975","stable_key":"global_port::1730087975","name":"Tumaco","legal_designation":"important","legal_designation_label":"Important port","manager_type_code":"global","importance":"regional_core","importance_rank":2,"source":"natural_earth_10m_ports","source_ne_id":"1730087975","website":"www.navescolombia.com"},"geometry":{"type":"Point","coordinates":[-78.759541,1.813056]}},{"type":"Feature","id":"global_port::1730087977","properties":{"id":"global_port::1730087977","stable_key":"global_port::1730087977","name":"Turbo","legal_designation":"important","legal_designation_label":"Important port","manager_type_code":"global","importance":"regional_core","importance_rank":2,"source":"natural_earth_10m_ports","source_ne_id":"1730087977","website":"www.navescolombia.com"},"geometry":{"type":"Point","coordinates":[-76.733863,8.087778]}},{"type":"Feature","id":"global_port::1730087979","properties":{"id":"global_port::1730087979","stable_key":"global_port::1730087979","name":"Baracoa","legal_designation":"important","legal_designation_label":"Important port","manager_type_code":"global","importance":"regional_core","importance_rank":2,"source":"natural_earth_10m_ports","source_ne_id":"1730087979","website":""},"geometry":{"type":"Point","coordinates":[-74.502297,20.353056]}},{"type":"Feature","id":"global_port::1730087981","properties":{"id":"global_port::1730087981","stable_key":"global_port::1730087981","name":"Nicaro","legal_designation":"important","legal_designation_label":"Important port","manager_type_code":"global","importance":"regional_core","importance_rank":2,"source":"natural_earth_10m_ports","source_ne_id":"1730087981","website":""},"geometry":{"type":"Point","coordinates":[-75.550883,20.713333]}},{"type":"Feature","id":"global_port::1730087983","properties":{"id":"global_port::1730087983","stable_key":"global_port::1730087983","name":"Nueva Gerona","legal_designation":"important","legal_designation_label":"Important port","manager_type_code":"global","importance":"regional_core","importance_rank":2,"source":"natural_earth_10m_ports","source_ne_id":"1730087983","website":""},"geometry":{"type":"Point","coordinates":[-82.793227,21.903333]}},{"type":"Feature","id":"global_port::1730087985","properties":{"id":"global_port::1730087985","stable_key":"global_port::1730087985","name":"Helgoland","legal_designation":"important","legal_designation_label":"Important port","manager_type_code":"global","importance":"regional_core","importance_rank":2,"source":"natural_earth_10m_ports","source_ne_id":"1730087985","website":"www.helgoland.de"},"geometry":{"type":"Point","coordinates":[7.891284,54.1775]}},{"type":"Feature","id":"global_port::1730087987","properties":{"id":"global_port::1730087987","stable_key":"global_port::1730087987","name":"Travemunde","legal_designation":"important","legal_designation_label":"Important port","manager_type_code":"global","importance":"regional_core","importance_rank":2,"source":"natural_earth_10m_ports","source_ne_id":"1730087987","website":""},"geometry":{"type":"Point","coordinates":[10.868257,53.952222]}},{"type":"Feature","id":"global_port::1730087989","properties":{"id":"global_port::1730087989","stable_key":"global_port::1730087989","name":"Thisted","legal_designation":"important","legal_designation_label":"Important port","manager_type_code":"global","importance":"regional_core","importance_rank":2,"source":"natural_earth_10m_ports","source_ne_id":"1730087989","website":""},"geometry":{"type":"Point","coordinates":[8.692167,56.952778]}},{"type":"Feature","id":"global_port::1730087993","properties":{"id":"global_port::1730087993","stable_key":"global_port::1730087993","name":"Manta","legal_designation":"important","legal_designation_label":"Important port","manager_type_code":"global","importance":"regional_core","importance_rank":2,"source":"natural_earth_10m_ports","source_ne_id":"1730087993","website":"www.apmanta.gov.ec"},"geometry":{"type":"Point","coordinates":[-80.720907,-0.935556]}},{"type":"Feature","id":"global_port::1730087995","properties":{"id":"global_port::1730087995","stable_key":"global_port::1730087995","name":"Esmeraldas","legal_designation":"important","legal_designation_label":"Important port","manager_type_code":"global","importance":"regional_core","importance_rank":2,"source":"natural_earth_10m_ports","source_ne_id":"1730087995","website":"www.puertoesmeraldas.gov.ec"},"geometry":{"type":"Point","coordinates":[-79.642697,0.989444]}},{"type":"Feature","id":"global_port::1730087997","properties":{"id":"global_port::1730087997","stable_key":"global_port::1730087997","name":"Corralejo","legal_designation":"important","legal_designation_label":"Important port","manager_type_code":"global","importance":"regional_core","importance_rank":2,"source":"natural_earth_10m_ports","source_ne_id":"1730087997","website":""},"geometry":{"type":"Point","coordinates":[-13.858834,28.741389]}},{"type":"Feature","id":"global_port::1730087999","properties":{"id":"global_port::1730087999","stable_key":"global_port::1730087999","name":"Ceuta","legal_designation":"important","legal_designation_label":"Important port","manager_type_code":"global","importance":"regional_core","importance_rank":2,"source":"natural_earth_10m_ports","source_ne_id":"1730087999","website":"www.puertodeceuta.com"},"geometry":{"type":"Point","coordinates":[-5.310424,35.890278]}},{"type":"Feature","id":"global_port::1730088001","properties":{"id":"global_port::1730088001","stable_key":"global_port::1730088001","name":"Melilla","legal_designation":"important","legal_designation_label":"Important port","manager_type_code":"global","importance":"regional_core","importance_rank":2,"source":"natural_earth_10m_ports","source_ne_id":"1730088001","website":"www.puertodemelilla.es"},"geometry":{"type":"Point","coordinates":[-2.92285,35.28]}},{"type":"Feature","id":"global_port::1730088003","properties":{"id":"global_port::1730088003","stable_key":"global_port::1730088003","name":"San Sebastian de la Gomera","legal_designation":"important","legal_designation_label":"Important port","manager_type_code":"global","importance":"regional_core","importance_rank":2,"source":"natural_earth_10m_ports","source_ne_id":"1730088003","website":""},"geometry":{"type":"Point","coordinates":[-17.105124,28.088056]}},{"type":"Feature","id":"global_port::1730088005","properties":{"id":"global_port::1730088005","stable_key":"global_port::1730088005","name":"Santa Cruz de La Palma","legal_designation":"important","legal_designation_label":"Important port","manager_type_code":"global","importance":"regional_core","importance_rank":2,"source":"natural_earth_10m_ports","source_ne_id":"1730088005","website":""},"geometry":{"type":"Point","coordinates":[-17.766667,28.675833]}},{"type":"Feature","id":"global_port::1730088007","properties":{"id":"global_port::1730088007","stable_key":"global_port::1730088007","name":"Parnu","legal_designation":"important","legal_designation_label":"Important port","manager_type_code":"global","importance":"regional_core","importance_rank":2,"source":"natural_earth_10m_ports","source_ne_id":"1730088007","website":"www.transcom.ee"},"geometry":{"type":"Point","coordinates":[24.474617,58.381111]}},{"type":"Feature","id":"global_port::1730088011","properties":{"id":"global_port::1730088011","stable_key":"global_port::1730088011","name":"Kuopio","legal_designation":"important","legal_designation_label":"Important port","manager_type_code":"global","importance":"regional_core","importance_rank":2,"source":"natural_earth_10m_ports","source_ne_id":"1730088011","website":""},"geometry":{"type":"Point","coordinates":[27.68987,62.888333]}},{"type":"Feature","id":"global_port::1730088013","properties":{"id":"global_port::1730088013","stable_key":"global_port::1730088013","name":"Joensuu","legal_designation":"important","legal_designation_label":"Important port","manager_type_code":"global","importance":"regional_core","importance_rank":2,"source":"natural_earth_10m_ports","source_ne_id":"1730088013","website":"www.jns.fi"},"geometry":{"type":"Point","coordinates":[29.777091,62.604444]}},{"type":"Feature","id":"global_port::1730088015","properties":{"id":"global_port::1730088015","stable_key":"global_port::1730088015","name":"Varkaus","legal_designation":"important","legal_designation_label":"Important port","manager_type_code":"global","importance":"regional_core","importance_rank":2,"source":"natural_earth_10m_ports","source_ne_id":"1730088015","website":""},"geometry":{"type":"Point","coordinates":[27.874794,62.3125]}},{"type":"Feature","id":"global_port::1730088017","properties":{"id":"global_port::1730088017","stable_key":"global_port::1730088017","name":"Savusavu","legal_designation":"important","legal_designation_label":"Important port","manager_type_code":"global","importance":"regional_core","importance_rank":2,"source":"natural_earth_10m_ports","source_ne_id":"1730088017","website":"www.fijiports.com.fj"},"geometry":{"type":"Point","coordinates":[179.309364,-16.817778]}},{"type":"Feature","id":"global_port::1730088019","properties":{"id":"global_port::1730088019","stable_key":"global_port::1730088019","name":"Cherbourg","legal_designation":"important","legal_designation_label":"Important port","manager_type_code":"global","importance":"regional_core","importance_rank":2,"source":"natural_earth_10m_ports","source_ne_id":"1730088019","website":"www.ville-cherbourg.fr/fr/ville_maritime/port_de_plaisance/"},"geometry":{"type":"Point","coordinates":[-1.620377,49.646389]}},{"type":"Feature","id":"global_port::1730088021","properties":{"id":"global_port::1730088021","stable_key":"global_port::1730088021","name":"Caen","legal_designation":"important","legal_designation_label":"Important port","manager_type_code":"global","importance":"regional_core","importance_rank":2,"source":"natural_earth_10m_ports","source_ne_id":"1730088021","website":"www.caen.port.fr"},"geometry":{"type":"Point","coordinates":[-0.326384,49.190556]}},{"type":"Feature","id":"global_port::1730088023","properties":{"id":"global_port::1730088023","stable_key":"global_port::1730088023","name":"Calvi","legal_designation":"important","legal_designation_label":"Important port","manager_type_code":"global","importance":"regional_core","importance_rank":2,"source":"natural_earth_10m_ports","source_ne_id":"1730088023","website":""},"geometry":{"type":"Point","coordinates":[8.7553,42.565833]}},{"type":"Feature","id":"global_port::1730088025","properties":{"id":"global_port::1730088025","stable_key":"global_port::1730088025","name":"Propriano","legal_designation":"important","legal_designation_label":"Important port","manager_type_code":"global","importance":"regional_core","importance_rank":2,"source":"natural_earth_10m_ports","source_ne_id":"1730088025","website":"www.corse-du-sud.cci.fr"},"geometry":{"type":"Point","coordinates":[8.900353,41.676944]}},{"type":"Feature","id":"global_port::1730088029","properties":{"id":"global_port::1730088029","stable_key":"global_port::1730088029","name":"Quimper","legal_designation":"important","legal_designation_label":"Important port","manager_type_code":"global","importance":"regional_core","importance_rank":2,"source":"natural_earth_10m_ports","source_ne_id":"1730088029","website":""},"geometry":{"type":"Point","coordinates":[-4.108127,47.989444]}},{"type":"Feature","id":"global_port::1730088031","properties":{"id":"global_port::1730088031","stable_key":"global_port::1730088031","name":"Vannes","legal_designation":"important","legal_designation_label":"Important port","manager_type_code":"global","importance":"regional_core","importance_rank":2,"source":"natural_earth_10m_ports","source_ne_id":"1730088031","website":""},"geometry":{"type":"Point","coordinates":[-2.75636,47.643889]}},{"type":"Feature","id":"global_port::1730088033","properties":{"id":"global_port::1730088033","stable_key":"global_port::1730088033","name":"Yap","legal_designation":"important","legal_designation_label":"Important port","manager_type_code":"global","importance":"regional_core","importance_rank":2,"source":"natural_earth_10m_ports","source_ne_id":"1730088033","website":""},"geometry":{"type":"Point","coordinates":[138.119494,9.513333]}},{"type":"Feature","id":"global_port::1730088035","properties":{"id":"global_port::1730088035","stable_key":"global_port::1730088035","name":"Bristol","legal_designation":"important","legal_designation_label":"Important port","manager_type_code":"global","importance":"regional_core","importance_rank":2,"source":"natural_earth_10m_ports","source_ne_id":"1730088035","website":"www.bristolport.co.uk"},"geometry":{"type":"Point","coordinates":[-2.707774,51.498889]}},{"type":"Feature","id":"global_port::1730088037","properties":{"id":"global_port::1730088037","stable_key":"global_port::1730088037","name":"Hull","legal_designation":"important","legal_designation_label":"Important port","manager_type_code":"global","importance":"regional_core","importance_rank":2,"source":"natural_earth_10m_ports","source_ne_id":"1730088037","website":"www.abports.co.uk/custinfo/ports/hull.htm"},"geometry":{"type":"Point","coordinates":[-0.2851,53.743611]}},{"type":"Feature","id":"global_port::1730088039","properties":{"id":"global_port::1730088039","stable_key":"global_port::1730088039","name":"Newcastle upon Tyne","legal_designation":"important","legal_designation_label":"Important port","manager_type_code":"global","importance":"regional_core","importance_rank":2,"source":"natural_earth_10m_ports","source_ne_id":"1730088039","website":""},"geometry":{"type":"Point","coordinates":[-1.590931,54.965]}},{"type":"Feature","id":"global_port::1730088041","properties":{"id":"global_port::1730088041","stable_key":"global_port::1730088041","name":"Tyne","legal_designation":"important","legal_designation_label":"Important port","manager_type_code":"global","importance":"regional_core","importance_rank":2,"source":"natural_earth_10m_ports","source_ne_id":"1730088041","website":"www.portoftyne.com"},"geometry":{"type":"Point","coordinates":[-1.440931,54.994444]}},{"type":"Feature","id":"global_port::1730088043","properties":{"id":"global_port::1730088043","stable_key":"global_port::1730088043","name":"Rochester","legal_designation":"important","legal_designation_label":"Important port","manager_type_code":"global","importance":"regional_core","importance_rank":2,"source":"natural_earth_10m_ports","source_ne_id":"1730088043","website":"www.thamesport.co.uk"},"geometry":{"type":"Point","coordinates":[0.685807,51.434722]}},{"type":"Feature","id":"global_port::1730088047","properties":{"id":"global_port::1730088047","stable_key":"global_port::1730088047","name":"Tema","legal_designation":"important","legal_designation_label":"Important port","manager_type_code":"global","importance":"regional_core","importance_rank":2,"source":"natural_earth_10m_ports","source_ne_id":"1730088047","website":"www.ghanaports.gov.gh"},"geometry":{"type":"Point","coordinates":[0.00742,5.631944]}},{"type":"Feature","id":"global_port::1730088049","properties":{"id":"global_port::1730088049","stable_key":"global_port::1730088049","name":"Alexandroupolis","legal_designation":"important","legal_designation_label":"Important port","manager_type_code":"global","importance":"regional_core","importance_rank":2,"source":"natural_earth_10m_ports","source_ne_id":"1730088049","website":""},"geometry":{"type":"Point","coordinates":[25.889164,40.841389]}},{"type":"Feature","id":"global_port::1730088051","properties":{"id":"global_port::1730088051","stable_key":"global_port::1730088051","name":"Kos","legal_designation":"important","legal_designation_label":"Important port","manager_type_code":"global","importance":"regional_core","importance_rank":2,"source":"natural_earth_10m_ports","source_ne_id":"1730088051","website":""},"geometry":{"type":"Point","coordinates":[27.28987,36.894444]}},{"type":"Feature","id":"global_port::1730088053","properties":{"id":"global_port::1730088053","stable_key":"global_port::1730088053","name":"Paros","legal_designation":"important","legal_designation_label":"Important port","manager_type_code":"global","importance":"regional_core","importance_rank":2,"source":"natural_earth_10m_ports","source_ne_id":"1730088053","website":""},"geometry":{"type":"Point","coordinates":[25.150707,37.087778]}},{"type":"Feature","id":"global_port::1730088055","properties":{"id":"global_port::1730088055","stable_key":"global_port::1730088055","name":"Samos","legal_designation":"important","legal_designation_label":"Important port","manager_type_code":"global","importance":"regional_core","importance_rank":2,"source":"natural_earth_10m_ports","source_ne_id":"1730088055","website":""},"geometry":{"type":"Point","coordinates":[26.966667,37.754444]}},{"type":"Feature","id":"global_port::1730088057","properties":{"id":"global_port::1730088057","stable_key":"global_port::1730088057","name":"Nanortalik","legal_designation":"important","legal_designation_label":"Important port","manager_type_code":"global","importance":"regional_core","importance_rank":2,"source":"natural_earth_10m_ports","source_ne_id":"1730088057","website":"www.ral.gl"},"geometry":{"type":"Point","coordinates":[-45.238104,60.139722]}},{"type":"Feature","id":"global_port::1730088059","properties":{"id":"global_port::1730088059","stable_key":"global_port::1730088059","name":"Qaanaaq","legal_designation":"important","legal_designation_label":"Important port","manager_type_code":"global","importance":"regional_core","importance_rank":2,"source":"natural_earth_10m_ports","source_ne_id":"1730088059","website":""},"geometry":{"type":"Point","coordinates":[-69.2351,77.466944]}},{"type":"Feature","id":"global_port::1730088061","properties":{"id":"global_port::1730088061","stable_key":"global_port::1730088061","name":"New Amsterdam","legal_designation":"important","legal_designation_label":"Important port","manager_type_code":"global","importance":"regional_core","importance_rank":2,"source":"natural_earth_10m_ports","source_ne_id":"1730088061","website":"www.gnsc.com"},"geometry":{"type":"Point","coordinates":[-57.52179,6.237778]}},{"type":"Feature","id":"global_port::1730088065","properties":{"id":"global_port::1730088065","stable_key":"global_port::1730088065","name":"La Ceiba","legal_designation":"important","legal_designation_label":"Important port","manager_type_code":"global","importance":"regional_core","importance_rank":2,"source":"natural_earth_10m_ports","source_ne_id":"1730088065","website":"www.enp.hn"},"geometry":{"type":"Point","coordinates":[-86.75689,15.793889]}},{"type":"Feature","id":"global_port::1730088067","properties":{"id":"global_port::1730088067","stable_key":"global_port::1730088067","name":"Tela","legal_designation":"important","legal_designation_label":"Important port","manager_type_code":"global","importance":"regional_core","importance_rank":2,"source":"natural_earth_10m_ports","source_ne_id":"1730088067","website":"www.enp.hn"},"geometry":{"type":"Point","coordinates":[-87.45583,15.783889]}},{"type":"Feature","id":"global_port::1730088069","properties":{"id":"global_port::1730088069","stable_key":"global_port::1730088069","name":"Mali Losinj","legal_designation":"important","legal_designation_label":"Important port","manager_type_code":"global","importance":"regional_core","importance_rank":2,"source":"natural_earth_10m_ports","source_ne_id":"1730088069","website":""},"geometry":{"type":"Point","coordinates":[14.457597,44.538333]}},{"type":"Feature","id":"global_port::1730088071","properties":{"id":"global_port::1730088071","stable_key":"global_port::1730088071","name":"Jacmel","legal_designation":"important","legal_designation_label":"Important port","manager_type_code":"global","importance":"regional_core","importance_rank":2,"source":"natural_earth_10m_ports","source_ne_id":"1730088071","website":"www.apn.gouv.ht"},"geometry":{"type":"Point","coordinates":[-72.535984,18.231667]}},{"type":"Feature","id":"global_port::1730088073","properties":{"id":"global_port::1730088073","stable_key":"global_port::1730088073","name":"Jeremie","legal_designation":"important","legal_designation_label":"Important port","manager_type_code":"global","importance":"regional_core","importance_rank":2,"source":"natural_earth_10m_ports","source_ne_id":"1730088073","website":"www.apn.gouv.ht"},"geometry":{"type":"Point","coordinates":[-74.107067,18.643611]}},{"type":"Feature","id":"global_port::1730088075","properties":{"id":"global_port::1730088075","stable_key":"global_port::1730088075","name":"Sorong","legal_designation":"important","legal_designation_label":"Important port","manager_type_code":"global","importance":"regional_core","importance_rank":2,"source":"natural_earth_10m_ports","source_ne_id":"1730088075","website":""},"geometry":{"type":"Point","coordinates":[131.020377,-1.3075]}},{"type":"Feature","id":"global_port::1730088077","properties":{"id":"global_port::1730088077","stable_key":"global_port::1730088077","name":"Lhokseumawe","legal_designation":"important","legal_designation_label":"Important port","manager_type_code":"global","importance":"regional_core","importance_rank":2,"source":"natural_earth_10m_ports","source_ne_id":"1730088077","website":"www.inaport1.co.id"},"geometry":{"type":"Point","coordinates":[97.142874,5.166667]}},{"type":"Feature","id":"global_port::1730088079","properties":{"id":"global_port::1730088079","stable_key":"global_port::1730088079","name":"Nunukan","legal_designation":"important","legal_designation_label":"Important port","manager_type_code":"global","importance":"regional_core","importance_rank":2,"source":"natural_earth_10m_ports","source_ne_id":"1730088079","website":""},"geometry":{"type":"Point","coordinates":[117.654947,4.145556]}},{"type":"Feature","id":"global_port::1730088083","properties":{"id":"global_port::1730088083","stable_key":"global_port::1730088083","name":"Panjang","legal_designation":"important","legal_designation_label":"Important port","manager_type_code":"global","importance":"regional_core","importance_rank":2,"source":"natural_earth_10m_ports","source_ne_id":"1730088083","website":"portal.inaport2.co.id"},"geometry":{"type":"Point","coordinates":[105.307067,-5.460278]}},{"type":"Feature","id":"global_port::1730088085","properties":{"id":"global_port::1730088085","stable_key":"global_port::1730088085","name":"Tanjung Priok","legal_designation":"important","legal_designation_label":"Important port","manager_type_code":"global","importance":"regional_core","importance_rank":2,"source":"natural_earth_10m_ports","source_ne_id":"1730088085","website":"www.priokport.co.id"},"geometry":{"type":"Point","coordinates":[106.8904,-6.101389]}},{"type":"Feature","id":"global_port::1730088087","properties":{"id":"global_port::1730088087","stable_key":"global_port::1730088087","name":"Mangalore","legal_designation":"important","legal_designation_label":"Important port","manager_type_code":"global","importance":"regional_core","importance_rank":2,"source":"natural_earth_10m_ports","source_ne_id":"1730088087","website":"www.newmangalore-port.com"},"geometry":{"type":"Point","coordinates":[74.80742,12.926944]}},{"type":"Feature","id":"global_port::1730088089","properties":{"id":"global_port::1730088089","stable_key":"global_port::1730088089","name":"Porbandar","legal_designation":"important","legal_designation_label":"Important port","manager_type_code":"global","importance":"regional_core","importance_rank":2,"source":"natural_earth_10m_ports","source_ne_id":"1730088089","website":"www.gmbports.org"},"geometry":{"type":"Point","coordinates":[69.587397,21.639444]}},{"type":"Feature","id":"global_port::1730088091","properties":{"id":"global_port::1730088091","stable_key":"global_port::1730088091","name":"Ratnagiri","legal_designation":"important","legal_designation_label":"Important port","manager_type_code":"global","importance":"regional_core","importance_rank":2,"source":"natural_earth_10m_ports","source_ne_id":"1730088091","website":""},"geometry":{"type":"Point","coordinates":[73.27179,17.001944]}},{"type":"Feature","id":"global_port::1730088093","properties":{"id":"global_port::1730088093","stable_key":"global_port::1730088093","name":"Bantry","legal_designation":"important","legal_designation_label":"Important port","manager_type_code":"global","importance":"regional_core","importance_rank":2,"source":"natural_earth_10m_ports","source_ne_id":"1730088093","website":"bantrybayport.com"},"geometry":{"type":"Point","coordinates":[-9.456184,51.680556]}},{"type":"Feature","id":"global_port::1730088095","properties":{"id":"global_port::1730088095","stable_key":"global_port::1730088095","name":"Wexford","legal_designation":"important","legal_designation_label":"Important port","manager_type_code":"global","importance":"regional_core","importance_rank":2,"source":"natural_earth_10m_ports","source_ne_id":"1730088095","website":""},"geometry":{"type":"Point","coordinates":[-6.456184,52.341111]}},{"type":"Feature","id":"global_port::1730088097","properties":{"id":"global_port::1730088097","stable_key":"global_port::1730088097","name":"Khorramshahr","legal_designation":"important","legal_designation_label":"Important port","manager_type_code":"global","importance":"regional_core","importance_rank":2,"source":"natural_earth_10m_ports","source_ne_id":"1730088097","website":"www.khport.ir"},"geometry":{"type":"Point","coordinates":[48.185453,30.4325]}},{"type":"Feature","id":"global_port::1730088101","properties":{"id":"global_port::1730088101","stable_key":"global_port::1730088101","name":"Djupivogur","legal_designation":"important","legal_designation_label":"Important port","manager_type_code":"global","importance":"regional_core","importance_rank":2,"source":"natural_earth_10m_ports","source_ne_id":"1730088101","website":"www.djupivogur.is"},"geometry":{"type":"Point","coordinates":[-14.286514,64.660556]}},{"type":"Feature","id":"global_port::1730088103","properties":{"id":"global_port::1730088103","stable_key":"global_port::1730088103","name":"Faskrudsfjordur","legal_designation":"important","legal_designation_label":"Important port","manager_type_code":"global","importance":"regional_core","importance_rank":2,"source":"natural_earth_10m_ports","source_ne_id":"1730088103","website":""},"geometry":{"type":"Point","coordinates":[-14.008834,64.929722]}},{"type":"Feature","id":"global_port::1730088105","properties":{"id":"global_port::1730088105","stable_key":"global_port::1730088105","name":"Raufarhofn","legal_designation":"important","legal_designation_label":"Important port","manager_type_code":"global","importance":"regional_core","importance_rank":2,"source":"natural_earth_10m_ports","source_ne_id":"1730088105","website":"www.raufarhofn.is"},"geometry":{"type":"Point","coordinates":[-15.941461,66.456389]}},{"type":"Feature","id":"global_port::1730088107","properties":{"id":"global_port::1730088107","stable_key":"global_port::1730088107","name":"Pantelleria","legal_designation":"important","legal_designation_label":"Important port","manager_type_code":"global","importance":"regional_core","importance_rank":2,"source":"natural_earth_10m_ports","source_ne_id":"1730088107","website":""},"geometry":{"type":"Point","coordinates":[11.937927,36.833333]}},{"type":"Feature","id":"global_port::1730088109","properties":{"id":"global_port::1730088109","stable_key":"global_port::1730088109","name":"Catania","legal_designation":"important","legal_designation_label":"Important port","manager_type_code":"global","importance":"regional_core","importance_rank":2,"source":"natural_earth_10m_ports","source_ne_id":"1730088109","website":"www.porto.catania.it"},"geometry":{"type":"Point","coordinates":[15.090931,37.495833]}},{"type":"Feature","id":"global_port::1730088111","properties":{"id":"global_port::1730088111","stable_key":"global_port::1730088111","name":"Fiumicino","legal_designation":"important","legal_designation_label":"Important port","manager_type_code":"global","importance":"regional_core","importance_rank":2,"source":"natural_earth_10m_ports","source_ne_id":"1730088111","website":""},"geometry":{"type":"Point","coordinates":[12.235453,41.755833]}},{"type":"Feature","id":"global_port::1730088113","properties":{"id":"global_port::1730088113","stable_key":"global_port::1730088113","name":"Lampedusa","legal_designation":"important","legal_designation_label":"Important port","manager_type_code":"global","importance":"regional_core","importance_rank":2,"source":"natural_earth_10m_ports","source_ne_id":"1730088113","website":""},"geometry":{"type":"Point","coordinates":[12.602474,35.499167]}},{"type":"Feature","id":"global_port::1730088115","properties":{"id":"global_port::1730088115","stable_key":"global_port::1730088115","name":"Manfredonia","legal_designation":"important","legal_designation_label":"Important port","manager_type_code":"global","importance":"regional_core","importance_rank":2,"source":"natural_earth_10m_ports","source_ne_id":"1730088115","website":""},"geometry":{"type":"Point","coordinates":[15.925324,41.624167]}},{"type":"Feature","id":"global_port::1730088119","properties":{"id":"global_port::1730088119","stable_key":"global_port::1730088119","name":"Ocho Rios","legal_designation":"important","legal_designation_label":"Important port","manager_type_code":"global","importance":"regional_core","importance_rank":2,"source":"natural_earth_10m_ports","source_ne_id":"1730088119","website":"www.portjam.com"},"geometry":{"type":"Point","coordinates":[-77.106714,18.410278]}},{"type":"Feature","id":"global_port::1730088121","properties":{"id":"global_port::1730088121","stable_key":"global_port::1730088121","name":"Port Antonio","legal_designation":"important","legal_designation_label":"Important port","manager_type_code":"global","importance":"regional_core","importance_rank":2,"source":"natural_earth_10m_ports","source_ne_id":"1730088121","website":"www.portjam.com"},"geometry":{"type":"Point","coordinates":[-76.451767,18.181111]}},{"type":"Feature","id":"global_port::1730088123","properties":{"id":"global_port::1730088123","stable_key":"global_port::1730088123","name":"Nishinoomote","legal_designation":"important","legal_designation_label":"Important port","manager_type_code":"global","importance":"regional_core","importance_rank":2,"source":"natural_earth_10m_ports","source_ne_id":"1730088123","website":"www.city.nishinoomote.kagoshima.jp"},"geometry":{"type":"Point","coordinates":[130.98563,30.731667]}},{"type":"Feature","id":"global_port::1730088125","properties":{"id":"global_port::1730088125","stable_key":"global_port::1730088125","name":"Akita","legal_designation":"important","legal_designation_label":"Important port","manager_type_code":"global","importance":"regional_core","importance_rank":2,"source":"natural_earth_10m_ports","source_ne_id":"1730088125","website":"www.city.akita.akita.jp/city/in/hb/port"},"geometry":{"type":"Point","coordinates":[140.03987,39.762222]}},{"type":"Feature","id":"global_port::1730088127","properties":{"id":"global_port::1730088127","stable_key":"global_port::1730088127","name":"Hachinohe","legal_designation":"important","legal_designation_label":"Important port","manager_type_code":"global","importance":"regional_core","importance_rank":2,"source":"natural_earth_10m_ports","source_ne_id":"1730088127","website":"www.pref.aomori.lg.jp/kowankuko/english/minato/hachinohe/hachinohe.htm"},"geometry":{"type":"Point","coordinates":[141.523557,40.545833]}},{"type":"Feature","id":"global_port::1730088129","properties":{"id":"global_port::1730088129","stable_key":"global_port::1730088129","name":"Ishigaki","legal_designation":"important","legal_designation_label":"Important port","manager_type_code":"global","importance":"regional_core","importance_rank":2,"source":"natural_earth_10m_ports","source_ne_id":"1730088129","website":""},"geometry":{"type":"Point","coordinates":[124.151237,24.335556]}},{"type":"Feature","id":"global_port::1730088131","properties":{"id":"global_port::1730088131","stable_key":"global_port::1730088131","name":"Matsuyama","legal_designation":"important","legal_designation_label":"Important port","manager_type_code":"global","importance":"regional_core","importance_rank":2,"source":"natural_earth_10m_ports","source_ne_id":"1730088131","website":""},"geometry":{"type":"Point","coordinates":[132.693404,33.855278]}},{"type":"Feature","id":"global_port::1730088133","properties":{"id":"global_port::1730088133","stable_key":"global_port::1730088133","name":"Sakata","legal_designation":"important","legal_designation_label":"Important port","manager_type_code":"global","importance":"regional_core","importance_rank":2,"source":"natural_earth_10m_ports","source_ne_id":"1730088133","website":"www.port-of-sakata.jp"},"geometry":{"type":"Point","coordinates":[139.803534,38.939444]}},{"type":"Feature","id":"global_port::1730088137","properties":{"id":"global_port::1730088137","stable_key":"global_port::1730088137","name":"Takamatsu","legal_designation":"important","legal_designation_label":"Important port","manager_type_code":"global","importance":"regional_core","importance_rank":2,"source":"natural_earth_10m_ports","source_ne_id":"1730088137","website":""},"geometry":{"type":"Point","coordinates":[134.053357,34.355278]}},{"type":"Feature","id":"global_port::1730088139","properties":{"id":"global_port::1730088139","stable_key":"global_port::1730088139","name":"Wakkanai","legal_designation":"important","legal_designation_label":"Important port","manager_type_code":"global","importance":"regional_core","importance_rank":2,"source":"natural_earth_10m_ports","source_ne_id":"1730088139","website":"www.city.wakkanai.hokkaido.jp"},"geometry":{"type":"Point","coordinates":[141.689164,45.410556]}},{"type":"Feature","id":"global_port::1730088141","properties":{"id":"global_port::1730088141","stable_key":"global_port::1730088141","name":"Tottori","legal_designation":"important","legal_designation_label":"Important port","manager_type_code":"global","importance":"regional_core","importance_rank":2,"source":"natural_earth_10m_ports","source_ne_id":"1730088141","website":"www.city.tottori.lg.jp"},"geometry":{"type":"Point","coordinates":[134.187927,35.540278]}},{"type":"Feature","id":"global_port::1730088143","properties":{"id":"global_port::1730088143","stable_key":"global_port::1730088143","name":"Lamu","legal_designation":"important","legal_designation_label":"Important port","manager_type_code":"global","importance":"regional_core","importance_rank":2,"source":"natural_earth_10m_ports","source_ne_id":"1730088143","website":"www.kpa.co.ke"},"geometry":{"type":"Point","coordinates":[40.90159,-2.268056]}},{"type":"Feature","id":"global_port::1730088145","properties":{"id":"global_port::1730088145","stable_key":"global_port::1730088145","name":"Gunsan","legal_designation":"important","legal_designation_label":"Important port","manager_type_code":"global","importance":"regional_core","importance_rank":2,"source":"natural_earth_10m_ports","source_ne_id":"1730088145","website":"gunsan.mltm.go.kr/eng"},"geometry":{"type":"Point","coordinates":[126.588104,35.959722]}},{"type":"Feature","id":"global_port::1730088147","properties":{"id":"global_port::1730088147","stable_key":"global_port::1730088147","name":"Pohang","legal_designation":"important","legal_designation_label":"Important port","manager_type_code":"global","importance":"regional_core","importance_rank":2,"source":"natural_earth_10m_ports","source_ne_id":"1730088147","website":""},"geometry":{"type":"Point","coordinates":[129.402827,36.019722]}},{"type":"Feature","id":"global_port::1730088149","properties":{"id":"global_port::1730088149","stable_key":"global_port::1730088149","name":"Samcheok","legal_designation":"important","legal_designation_label":"Important port","manager_type_code":"global","importance":"regional_core","importance_rank":2,"source":"natural_earth_10m_ports","source_ne_id":"1730088149","website":"donghae.momaf.go.kr"},"geometry":{"type":"Point","coordinates":[129.18828,37.433611]}},{"type":"Feature","id":"global_port::1730088151","properties":{"id":"global_port::1730088151","stable_key":"global_port::1730088151","name":"Sokcho","legal_designation":"important","legal_designation_label":"Important port","manager_type_code":"global","importance":"regional_core","importance_rank":2,"source":"natural_earth_10m_ports","source_ne_id":"1730088151","website":"donghae.momaf.go.kr"},"geometry":{"type":"Point","coordinates":[128.592344,38.206944]}},{"type":"Feature","id":"global_port::1730088155","properties":{"id":"global_port::1730088155","stable_key":"global_port::1730088155","name":"Ulsan","legal_designation":"important","legal_designation_label":"Important port","manager_type_code":"global","importance":"regional_core","importance_rank":2,"source":"natural_earth_10m_ports","source_ne_id":"1730088155","website":"ulsan.mltm.go.kr"},"geometry":{"type":"Point","coordinates":[129.38563,35.487778]}},{"type":"Feature","id":"global_port::1730088157","properties":{"id":"global_port::1730088157","stable_key":"global_port::1730088157","name":"Tripoli","legal_designation":"important","legal_designation_label":"Important port","manager_type_code":"global","importance":"regional_core","importance_rank":2,"source":"natural_earth_10m_ports","source_ne_id":"1730088157","website":"www.tripoliport.com"},"geometry":{"type":"Point","coordinates":[35.81914,34.455278]}},{"type":"Feature","id":"global_port::1730088159","properties":{"id":"global_port::1730088159","stable_key":"global_port::1730088159","name":"Buchanan","legal_designation":"important","legal_designation_label":"Important port","manager_type_code":"global","importance":"regional_core","importance_rank":2,"source":"natural_earth_10m_ports","source_ne_id":"1730088159","website":"www.nationalportauthorityliberia.org"},"geometry":{"type":"Point","coordinates":[-10.05265,5.858056]}},{"type":"Feature","id":"global_port::1730088161","properties":{"id":"global_port::1730088161","stable_key":"global_port::1730088161","name":"Tripoli","legal_designation":"important","legal_designation_label":"Important port","manager_type_code":"global","importance":"regional_core","importance_rank":2,"source":"natural_earth_10m_ports","source_ne_id":"1730088161","website":"www.lpclibya.com"},"geometry":{"type":"Point","coordinates":[13.193581,32.9075]}},{"type":"Feature","id":"global_port::1730088163","properties":{"id":"global_port::1730088163","stable_key":"global_port::1730088163","name":"Agadir","legal_designation":"important","legal_designation_label":"Important port","manager_type_code":"global","importance":"regional_core","importance_rank":2,"source":"natural_earth_10m_ports","source_ne_id":"1730088163","website":"www.marsamaroc.co.ma"},"geometry":{"type":"Point","coordinates":[-9.634923,30.423889]}},{"type":"Feature","id":"global_port::1730088165","properties":{"id":"global_port::1730088165","stable_key":"global_port::1730088165","name":"Al Hoceima","legal_designation":"important","legal_designation_label":"Important port","manager_type_code":"global","importance":"regional_core","importance_rank":2,"source":"natural_earth_10m_ports","source_ne_id":"1730088165","website":"http://www.marsamaroc.co.ma"},"geometry":{"type":"Point","coordinates":[-3.919847,35.247778]}},{"type":"Feature","id":"global_port::1730088167","properties":{"id":"global_port::1730088167","stable_key":"global_port::1730088167","name":"Dakhla","legal_designation":"important","legal_designation_label":"Important port","manager_type_code":"global","importance":"regional_core","importance_rank":2,"source":"natural_earth_10m_ports","source_ne_id":"1730088167","website":"www.marsamaroc.co.ma"},"geometry":{"type":"Point","coordinates":[-15.933863,23.682222]}},{"type":"Feature","id":"global_port::1730088169","properties":{"id":"global_port::1730088169","stable_key":"global_port::1730088169","name":"Antalaha","legal_designation":"important","legal_designation_label":"Important port","manager_type_code":"global","importance":"regional_core","importance_rank":2,"source":"natural_earth_10m_ports","source_ne_id":"1730088169","website":""},"geometry":{"type":"Point","coordinates":[50.276207,-14.9]}},{"type":"Feature","id":"global_port::1730088173","properties":{"id":"global_port::1730088173","stable_key":"global_port::1730088173","name":"Manakara","legal_designation":"important","legal_designation_label":"Important port","manager_type_code":"global","importance":"regional_core","importance_rank":2,"source":"natural_earth_10m_ports","source_ne_id":"1730088173","website":""},"geometry":{"type":"Point","coordinates":[48.018787,-22.1425]}},{"type":"Feature","id":"global_port::1730088175","properties":{"id":"global_port::1730088175","stable_key":"global_port::1730088175","name":"Mananjary","legal_designation":"important","legal_designation_label":"Important port","manager_type_code":"global","importance":"regional_core","importance_rank":2,"source":"natural_earth_10m_ports","source_ne_id":"1730088175","website":""},"geometry":{"type":"Point","coordinates":[48.326207,-21.249167]}},{"type":"Feature","id":"global_port::1730088177","properties":{"id":"global_port::1730088177","stable_key":"global_port::1730088177","name":"Morondava","legal_designation":"important","legal_designation_label":"Important port","manager_type_code":"global","importance":"regional_core","importance_rank":2,"source":"natural_earth_10m_ports","source_ne_id":"1730088177","website":""},"geometry":{"type":"Point","coordinates":[44.271967,-20.288611]}},{"type":"Feature","id":"global_port::1730088179","properties":{"id":"global_port::1730088179","stable_key":"global_port::1730088179","name":"Toamasina","legal_designation":"important","legal_designation_label":"Important port","manager_type_code":"global","importance":"regional_core","importance_rank":2,"source":"natural_earth_10m_ports","source_ne_id":"1730088179","website":""},"geometry":{"type":"Point","coordinates":[49.421967,-18.157222]}},{"type":"Feature","id":"global_port::1730088181","properties":{"id":"global_port::1730088181","stable_key":"global_port::1730088181","name":"Loreto","legal_designation":"important","legal_designation_label":"Important port","manager_type_code":"global","importance":"regional_core","importance_rank":2,"source":"natural_earth_10m_ports","source_ne_id":"1730088181","website":""},"geometry":{"type":"Point","coordinates":[-111.336867,26.014722]}},{"type":"Feature","id":"global_port::1730088183","properties":{"id":"global_port::1730088183","stable_key":"global_port::1730088183","name":"Campeche","legal_designation":"important","legal_designation_label":"Important port","manager_type_code":"global","importance":"regional_core","importance_rank":2,"source":"natural_earth_10m_ports","source_ne_id":"1730088183","website":"www.fis.com/campeche"},"geometry":{"type":"Point","coordinates":[-90.5904,19.8125]}},{"type":"Feature","id":"global_port::1730088185","properties":{"id":"global_port::1730088185","stable_key":"global_port::1730088185","name":"Cozumel","legal_designation":"important","legal_designation_label":"Important port","manager_type_code":"global","importance":"regional_core","importance_rank":2,"source":"natural_earth_10m_ports","source_ne_id":"1730088185","website":"www.apiqroo.com.mx"},"geometry":{"type":"Point","coordinates":[-86.95742,20.495]}},{"type":"Feature","id":"global_port::1730088187","properties":{"id":"global_port::1730088187","stable_key":"global_port::1730088187","name":"La Paz","legal_designation":"important","legal_designation_label":"Important port","manager_type_code":"global","importance":"regional_core","importance_rank":2,"source":"natural_earth_10m_ports","source_ne_id":"1730088187","website":"www.bajaport.com"},"geometry":{"type":"Point","coordinates":[-110.310424,24.169444]}},{"type":"Feature","id":"global_port::1730088191","properties":{"id":"global_port::1730088191","stable_key":"global_port::1730088191","name":"Playa del Carmen","legal_designation":"important","legal_designation_label":"Important port","manager_type_code":"global","importance":"regional_core","importance_rank":2,"source":"natural_earth_10m_ports","source_ne_id":"1730088191","website":"www.apiqroo.com.mx"},"geometry":{"type":"Point","coordinates":[-87.067727,20.624444]}},{"type":"Feature","id":"global_port::1730088193","properties":{"id":"global_port::1730088193","stable_key":"global_port::1730088193","name":"Puerto Penasco","legal_designation":"important","legal_designation_label":"Important port","manager_type_code":"global","importance":"regional_core","importance_rank":2,"source":"natural_earth_10m_ports","source_ne_id":"1730088193","website":""},"geometry":{"type":"Point","coordinates":[-113.542344,31.306111]}},{"type":"Feature","id":"global_port::1730088195","properties":{"id":"global_port::1730088195","stable_key":"global_port::1730088195","name":"Puerto Vallarta","legal_designation":"important","legal_designation_label":"Important port","manager_type_code":"global","importance":"regional_core","importance_rank":2,"source":"natural_earth_10m_ports","source_ne_id":"1730088195","website":"www.apivta.com"},"geometry":{"type":"Point","coordinates":[-105.240931,20.659167]}},{"type":"Feature","id":"global_port::1730088197","properties":{"id":"global_port::1730088197","stable_key":"global_port::1730088197","name":"Coatzacoalcos","legal_designation":"important","legal_designation_label":"Important port","manager_type_code":"global","importance":"regional_core","importance_rank":2,"source":"natural_earth_10m_ports","source_ne_id":"1730088197","website":"www.apicoatza.com"},"geometry":{"type":"Point","coordinates":[-94.418963,18.129722]}},{"type":"Feature","id":"global_port::1730088199","properties":{"id":"global_port::1730088199","stable_key":"global_port::1730088199","name":"Bassein","legal_designation":"important","legal_designation_label":"Important port","manager_type_code":"global","importance":"regional_core","importance_rank":2,"source":"natural_earth_10m_ports","source_ne_id":"1730088199","website":"www.mot.gov.mm/mpa/index.html"},"geometry":{"type":"Point","coordinates":[94.72338,16.779722]}},{"type":"Feature","id":"global_port::1730088201","properties":{"id":"global_port::1730088201","stable_key":"global_port::1730088201","name":"Nacala","legal_designation":"important","legal_designation_label":"Important port","manager_type_code":"global","importance":"regional_core","importance_rank":2,"source":"natural_earth_10m_ports","source_ne_id":"1730088201","website":"www.cfmnet.co.mz"},"geometry":{"type":"Point","coordinates":[40.667197,-14.541389]}},{"type":"Feature","id":"global_port::1730088203","properties":{"id":"global_port::1730088203","stable_key":"global_port::1730088203","name":"Pemba","legal_designation":"important","legal_designation_label":"Important port","manager_type_code":"global","importance":"regional_core","importance_rank":2,"source":"natural_earth_10m_ports","source_ne_id":"1730088203","website":"www.cfmnet.co.mz"},"geometry":{"type":"Point","coordinates":[40.484923,-12.966667]}},{"type":"Feature","id":"global_port::1730088205","properties":{"id":"global_port::1730088205","stable_key":"global_port::1730088205","name":"Quelimane","legal_designation":"important","legal_designation_label":"Important port","manager_type_code":"global","importance":"regional_core","importance_rank":2,"source":"natural_earth_10m_ports","source_ne_id":"1730088205","website":"www.cfmnet.co.mz"},"geometry":{"type":"Point","coordinates":[36.877091,-17.881667]}},{"type":"Feature","id":"global_port::1730088209","properties":{"id":"global_port::1730088209","stable_key":"global_port::1730088209","name":"Port Louis","legal_designation":"important","legal_designation_label":"Important port","manager_type_code":"global","importance":"regional_core","importance_rank":2,"source":"natural_earth_10m_ports","source_ne_id":"1730088209","website":"www.mauport.com"},"geometry":{"type":"Point","coordinates":[57.48987,-20.148056]}},{"type":"Feature","id":"global_port::1730088211","properties":{"id":"global_port::1730088211","stable_key":"global_port::1730088211","name":"Malacca","legal_designation":"important","legal_designation_label":"Important port","manager_type_code":"global","importance":"regional_core","importance_rank":2,"source":"natural_earth_10m_ports","source_ne_id":"1730088211","website":"www.portsworld.com/Ports/mallacaport.htm"},"geometry":{"type":"Point","coordinates":[102.12338,2.248889]}},{"type":"Feature","id":"global_port::1730088213","properties":{"id":"global_port::1730088213","stable_key":"global_port::1730088213","name":"Port Dickson","legal_designation":"important","legal_designation_label":"Important port","manager_type_code":"global","importance":"regional_core","importance_rank":2,"source":"natural_earth_10m_ports","source_ne_id":"1730088213","website":"www.portsworld.com/Ports/portdickson.htm"},"geometry":{"type":"Point","coordinates":[101.788634,2.536111]}},{"type":"Feature","id":"global_port::1730088215","properties":{"id":"global_port::1730088215","stable_key":"global_port::1730088215","name":"Walvis Bay","legal_designation":"important","legal_designation_label":"Important port","manager_type_code":"global","importance":"regional_core","importance_rank":2,"source":"natural_earth_10m_ports","source_ne_id":"1730088215","website":"www.namport.com"},"geometry":{"type":"Point","coordinates":[14.50053,-22.940556]}},{"type":"Feature","id":"global_port::1730088217","properties":{"id":"global_port::1730088217","stable_key":"global_port::1730088217","name":"Calabar","legal_designation":"important","legal_designation_label":"Important port","manager_type_code":"global","importance":"regional_core","importance_rank":2,"source":"natural_earth_10m_ports","source_ne_id":"1730088217","website":"www.nigerianports.org"},"geometry":{"type":"Point","coordinates":[8.316843,4.986389]}},{"type":"Feature","id":"global_port::1730088219","properties":{"id":"global_port::1730088219","stable_key":"global_port::1730088219","name":"Groningen","legal_designation":"important","legal_designation_label":"Important port","manager_type_code":"global","importance":"regional_core","importance_rank":2,"source":"natural_earth_10m_ports","source_ne_id":"1730088219","website":""},"geometry":{"type":"Point","coordinates":[6.586867,53.218333]}},{"type":"Feature","id":"global_port::1730088221","properties":{"id":"global_port::1730088221","stable_key":"global_port::1730088221","name":"Alta","legal_designation":"important","legal_designation_label":"Important port","manager_type_code":"global","importance":"regional_core","importance_rank":2,"source":"natural_earth_10m_ports","source_ne_id":"1730088221","website":"www.altahavn.no"},"geometry":{"type":"Point","coordinates":[23.237044,69.967778]}},{"type":"Feature","id":"global_port::1730088223","properties":{"id":"global_port::1730088223","stable_key":"global_port::1730088223","name":"Andenes","legal_designation":"important","legal_designation_label":"Important port","manager_type_code":"global","importance":"regional_core","importance_rank":2,"source":"natural_earth_10m_ports","source_ne_id":"1730088223","website":""},"geometry":{"type":"Point","coordinates":[16.123734,69.324167]}},{"type":"Feature","id":"global_port::1730088227","properties":{"id":"global_port::1730088227","stable_key":"global_port::1730088227","name":"Bronnoysund","legal_designation":"important","legal_designation_label":"Important port","manager_type_code":"global","importance":"regional_core","importance_rank":2,"source":"natural_earth_10m_ports","source_ne_id":"1730088227","website":"www.bronnoyhavn.com"},"geometry":{"type":"Point","coordinates":[12.201943,65.4725]}},{"type":"Feature","id":"global_port::1730088229","properties":{"id":"global_port::1730088229","stable_key":"global_port::1730088229","name":"Farsund","legal_designation":"important","legal_designation_label":"Important port","manager_type_code":"global","importance":"regional_core","importance_rank":2,"source":"natural_earth_10m_ports","source_ne_id":"1730088229","website":""},"geometry":{"type":"Point","coordinates":[6.78987,58.088611]}},{"type":"Feature","id":"global_port::1730088231","properties":{"id":"global_port::1730088231","stable_key":"global_port::1730088231","name":"Floro","legal_designation":"important","legal_designation_label":"Important port","manager_type_code":"global","importance":"regional_core","importance_rank":2,"source":"natural_earth_10m_ports","source_ne_id":"1730088231","website":""},"geometry":{"type":"Point","coordinates":[5.002827,61.597778]}},{"type":"Feature","id":"global_port::1730088233","properties":{"id":"global_port::1730088233","stable_key":"global_port::1730088233","name":"Kristiansand","legal_designation":"important","legal_designation_label":"Important port","manager_type_code":"global","importance":"regional_core","importance_rank":2,"source":"natural_earth_10m_ports","source_ne_id":"1730088233","website":"www.kristiansandhavn.no"},"geometry":{"type":"Point","coordinates":[7.986337,58.141944]}},{"type":"Feature","id":"global_port::1730088235","properties":{"id":"global_port::1730088235","stable_key":"global_port::1730088235","name":"Namsos","legal_designation":"important","legal_designation_label":"Important port","manager_type_code":"global","importance":"regional_core","importance_rank":2,"source":"natural_earth_10m_ports","source_ne_id":"1730088235","website":"www.namsos.kommune.no"},"geometry":{"type":"Point","coordinates":[11.490047,64.464167]}},{"type":"Feature","id":"global_port::1730088237","properties":{"id":"global_port::1730088237","stable_key":"global_port::1730088237","name":"Rorvik","legal_designation":"important","legal_designation_label":"Important port","manager_type_code":"global","importance":"regional_core","importance_rank":2,"source":"natural_earth_10m_ports","source_ne_id":"1730088237","website":""},"geometry":{"type":"Point","coordinates":[11.226914,64.860556]}},{"type":"Feature","id":"global_port::1730088239","properties":{"id":"global_port::1730088239","stable_key":"global_port::1730088239","name":"Sandnessjoen","legal_designation":"important","legal_designation_label":"Important port","manager_type_code":"global","importance":"regional_core","importance_rank":2,"source":"natural_earth_10m_ports","source_ne_id":"1730088239","website":""},"geometry":{"type":"Point","coordinates":[12.618787,66.021667]}},{"type":"Feature","id":"global_port::1730088241","properties":{"id":"global_port::1730088241","stable_key":"global_port::1730088241","name":"Stokmarknes","legal_designation":"important","legal_designation_label":"Important port","manager_type_code":"global","importance":"regional_core","importance_rank":2,"source":"natural_earth_10m_ports","source_ne_id":"1730088241","website":"www.hadselhavnevesen.no"},"geometry":{"type":"Point","coordinates":[14.909894,68.568333]}},{"type":"Feature","id":"global_port::1730088245","properties":{"id":"global_port::1730088245","stable_key":"global_port::1730088245","name":"Stord","legal_designation":"important","legal_designation_label":"Important port","manager_type_code":"global","importance":"regional_core","importance_rank":2,"source":"natural_earth_10m_ports","source_ne_id":"1730088245","website":""},"geometry":{"type":"Point","coordinates":[5.501413,59.78]}},{"type":"Feature","id":"global_port::1730088247","properties":{"id":"global_port::1730088247","stable_key":"global_port::1730088247","name":"Picton","legal_designation":"important","legal_designation_label":"Important port","manager_type_code":"global","importance":"regional_core","importance_rank":2,"source":"natural_earth_10m_ports","source_ne_id":"1730088247","website":"portmarlborough.co.nz"},"geometry":{"type":"Point","coordinates":[174.004417,-41.285556]}},{"type":"Feature","id":"global_port::1730088249","properties":{"id":"global_port::1730088249","stable_key":"global_port::1730088249","name":"Dunedin","legal_designation":"important","legal_designation_label":"Important port","manager_type_code":"global","importance":"regional_core","importance_rank":2,"source":"natural_earth_10m_ports","source_ne_id":"1730088249","website":""},"geometry":{"type":"Point","coordinates":[170.519317,-45.875833]}},{"type":"Feature","id":"global_port::1730088251","properties":{"id":"global_port::1730088251","stable_key":"global_port::1730088251","name":"Salalah","legal_designation":"important","legal_designation_label":"Important port","manager_type_code":"global","importance":"regional_core","importance_rank":2,"source":"natural_earth_10m_ports","source_ne_id":"1730088251","website":"www.salalahport.com"},"geometry":{"type":"Point","coordinates":[54.00318,16.941667]}},{"type":"Feature","id":"global_port::1730088253","properties":{"id":"global_port::1730088253","stable_key":"global_port::1730088253","name":"Gwadar","legal_designation":"important","legal_designation_label":"Important port","manager_type_code":"global","importance":"regional_core","importance_rank":2,"source":"natural_earth_10m_ports","source_ne_id":"1730088253","website":""},"geometry":{"type":"Point","coordinates":[62.338634,25.112222]}},{"type":"Feature","id":"global_port::1730088255","properties":{"id":"global_port::1730088255","stable_key":"global_port::1730088255","name":"Bocas del Toro","legal_designation":"important","legal_designation_label":"Important port","manager_type_code":"global","importance":"regional_core","importance_rank":2,"source":"natural_earth_10m_ports","source_ne_id":"1730088255","website":"www.cocatram.org.ni/puertosca/pto_bocasdeltoro_panama.html"},"geometry":{"type":"Point","coordinates":[-82.237574,9.34]}},{"type":"Feature","id":"global_port::1730088257","properties":{"id":"global_port::1730088257","stable_key":"global_port::1730088257","name":"La Palma","legal_designation":"important","legal_designation_label":"Important port","manager_type_code":"global","importance":"regional_core","importance_rank":2,"source":"natural_earth_10m_ports","source_ne_id":"1730088257","website":"www.cocatram.org.ni/puertosca/pto_lapalma_panama.html"},"geometry":{"type":"Point","coordinates":[-78.15106,8.413611]}},{"type":"Feature","id":"global_port::1730088259","properties":{"id":"global_port::1730088259","stable_key":"global_port::1730088259","name":"Chimbote","legal_designation":"important","legal_designation_label":"Important port","manager_type_code":"global","importance":"regional_core","importance_rank":2,"source":"natural_earth_10m_ports","source_ne_id":"1730088259","website":"www.enapu.com.pe"},"geometry":{"type":"Point","coordinates":[-78.607774,-9.076667]}},{"type":"Feature","id":"global_port::1730088263","properties":{"id":"global_port::1730088263","stable_key":"global_port::1730088263","name":"Ilo","legal_designation":"important","legal_designation_label":"Important port","manager_type_code":"global","importance":"regional_core","importance_rank":2,"source":"natural_earth_10m_ports","source_ne_id":"1730088263","website":"www.enapu.com.pe"},"geometry":{"type":"Point","coordinates":[-71.343757,-17.646944]}},{"type":"Feature","id":"global_port::1730088265","properties":{"id":"global_port::1730088265","stable_key":"global_port::1730088265","name":"Mollendo","legal_designation":"important","legal_designation_label":"Important port","manager_type_code":"global","importance":"regional_core","importance_rank":2,"source":"natural_earth_10m_ports","source_ne_id":"1730088265","website":""},"geometry":{"type":"Point","coordinates":[-72.010247,-17.031111]}},{"type":"Feature","id":"global_port::1730088267","properties":{"id":"global_port::1730088267","stable_key":"global_port::1730088267","name":"Pisco","legal_designation":"important","legal_designation_label":"Important port","manager_type_code":"global","importance":"regional_core","importance_rank":2,"source":"natural_earth_10m_ports","source_ne_id":"1730088267","website":""},"geometry":{"type":"Point","coordinates":[-76.221967,-13.733056]}},{"type":"Feature","id":"global_port::1730088269","properties":{"id":"global_port::1730088269","stable_key":"global_port::1730088269","name":"Dumaguete","legal_designation":"important","legal_designation_label":"Important port","manager_type_code":"global","importance":"regional_core","importance_rank":2,"source":"natural_earth_10m_ports","source_ne_id":"1730088269","website":"www.ppa.com.ph"},"geometry":{"type":"Point","coordinates":[123.308127,9.311944]}},{"type":"Feature","id":"global_port::1730088271","properties":{"id":"global_port::1730088271","stable_key":"global_port::1730088271","name":"General Santos","legal_designation":"important","legal_designation_label":"Important port","manager_type_code":"global","importance":"regional_core","importance_rank":2,"source":"natural_earth_10m_ports","source_ne_id":"1730088271","website":"www.ppa.com.ph"},"geometry":{"type":"Point","coordinates":[125.15424,6.086111]}},{"type":"Feature","id":"global_port::1730088273","properties":{"id":"global_port::1730088273","stable_key":"global_port::1730088273","name":"Buka","legal_designation":"important","legal_designation_label":"Important port","manager_type_code":"global","importance":"regional_core","importance_rank":2,"source":"natural_earth_10m_ports","source_ne_id":"1730088273","website":"www.pngports.com.pg"},"geometry":{"type":"Point","coordinates":[154.671967,-5.431944]}},{"type":"Feature","id":"global_port::1730088275","properties":{"id":"global_port::1730088275","stable_key":"global_port::1730088275","name":"Daru","legal_designation":"important","legal_designation_label":"Important port","manager_type_code":"global","importance":"regional_core","importance_rank":2,"source":"natural_earth_10m_ports","source_ne_id":"1730088275","website":"www.pngports.com.pg"},"geometry":{"type":"Point","coordinates":[143.206537,-9.068333]}},{"type":"Feature","id":"global_port::1730088277","properties":{"id":"global_port::1730088277","stable_key":"global_port::1730088277","name":"Lae","legal_designation":"important","legal_designation_label":"Important port","manager_type_code":"global","importance":"regional_core","importance_rank":2,"source":"natural_earth_10m_ports","source_ne_id":"1730088277","website":"www.pngports.com.pg"},"geometry":{"type":"Point","coordinates":[146.984747,-6.741111]}},{"type":"Feature","id":"global_port::1730088281","properties":{"id":"global_port::1730088281","stable_key":"global_port::1730088281","name":"Madang","legal_designation":"important","legal_designation_label":"Important port","manager_type_code":"global","importance":"regional_core","importance_rank":2,"source":"natural_earth_10m_ports","source_ne_id":"1730088281","website":"www.pngports.com.pg"},"geometry":{"type":"Point","coordinates":[145.800353,-5.213333]}},{"type":"Feature","id":"global_port::1730088283","properties":{"id":"global_port::1730088283","stable_key":"global_port::1730088283","name":"Gdansk","legal_designation":"important","legal_designation_label":"Important port","manager_type_code":"global","importance":"regional_core","importance_rank":2,"source":"natural_earth_10m_ports","source_ne_id":"1730088283","website":"www.portgdansk.pl"},"geometry":{"type":"Point","coordinates":[18.668787,54.393333]}},{"type":"Feature","id":"global_port::1730088285","properties":{"id":"global_port::1730088285","stable_key":"global_port::1730088285","name":"Gdynia","legal_designation":"important","legal_designation_label":"Important port","manager_type_code":"global","importance":"regional_core","importance_rank":2,"source":"natural_earth_10m_ports","source_ne_id":"1730088285","website":"www.port.gdynia.pl"},"geometry":{"type":"Point","coordinates":[18.538457,54.533333]}},{"type":"Feature","id":"global_port::1730088287","properties":{"id":"global_port::1730088287","stable_key":"global_port::1730088287","name":"Aguadilla","legal_designation":"important","legal_designation_label":"Important port","manager_type_code":"global","importance":"regional_core","importance_rank":2,"source":"natural_earth_10m_ports","source_ne_id":"1730088287","website":""},"geometry":{"type":"Point","coordinates":[-67.157067,18.429444]}},{"type":"Feature","id":"global_port::1730088289","properties":{"id":"global_port::1730088289","stable_key":"global_port::1730088289","name":"Arecibo","legal_designation":"important","legal_designation_label":"Important port","manager_type_code":"global","importance":"regional_core","importance_rank":2,"source":"natural_earth_10m_ports","source_ne_id":"1730088289","website":"www.prpa.gobierno.pr"},"geometry":{"type":"Point","coordinates":[-66.700353,18.481389]}},{"type":"Feature","id":"global_port::1730088291","properties":{"id":"global_port::1730088291","stable_key":"global_port::1730088291","name":"Mayaguez","legal_designation":"important","legal_designation_label":"Important port","manager_type_code":"global","importance":"regional_core","importance_rank":2,"source":"natural_earth_10m_ports","source_ne_id":"1730088291","website":"www.prpa.gobierno.pr"},"geometry":{"type":"Point","coordinates":[-67.15689,18.213889]}},{"type":"Feature","id":"global_port::1730088293","properties":{"id":"global_port::1730088293","stable_key":"global_port::1730088293","name":"Faro","legal_designation":"important","legal_designation_label":"Important port","manager_type_code":"global","importance":"regional_core","importance_rank":2,"source":"natural_earth_10m_ports","source_ne_id":"1730088293","website":""},"geometry":{"type":"Point","coordinates":[-7.926031,37.010556]}},{"type":"Feature","id":"global_port::1730088295","properties":{"id":"global_port::1730088295","stable_key":"global_port::1730088295","name":"Bora-Bora","legal_designation":"important","legal_designation_label":"Important port","manager_type_code":"global","importance":"regional_core","importance_rank":2,"source":"natural_earth_10m_ports","source_ne_id":"1730088295","website":"www.portdepapeete.pf"},"geometry":{"type":"Point","coordinates":[-151.75,-16.516667]}},{"type":"Feature","id":"global_port::1730088299","properties":{"id":"global_port::1730088299","stable_key":"global_port::1730088299","name":"Tulcea","legal_designation":"important","legal_designation_label":"Important port","manager_type_code":"global","importance":"regional_core","importance_rank":2,"source":"natural_earth_10m_ports","source_ne_id":"1730088299","website":"apdm.galati.ro"},"geometry":{"type":"Point","coordinates":[28.816843,45.191111]}},{"type":"Feature","id":"global_port::1730088301","properties":{"id":"global_port::1730088301","stable_key":"global_port::1730088301","name":"Amderma","legal_designation":"important","legal_designation_label":"Important port","manager_type_code":"global","importance":"regional_core","importance_rank":2,"source":"natural_earth_10m_ports","source_ne_id":"1730088301","website":""},"geometry":{"type":"Point","coordinates":[61.559187,69.756111]}},{"type":"Feature","id":"global_port::1730088303","properties":{"id":"global_port::1730088303","stable_key":"global_port::1730088303","name":"Anadyr","legal_designation":"important","legal_designation_label":"Important port","manager_type_code":"global","importance":"regional_core","importance_rank":2,"source":"natural_earth_10m_ports","source_ne_id":"1730088303","website":"morport.chukotnet.ru"},"geometry":{"type":"Point","coordinates":[177.538634,64.744167]}},{"type":"Feature","id":"global_port::1730088305","properties":{"id":"global_port::1730088305","stable_key":"global_port::1730088305","name":"Pevek","legal_designation":"important","legal_designation_label":"Important port","manager_type_code":"global","importance":"regional_core","importance_rank":2,"source":"natural_earth_10m_ports","source_ne_id":"1730088305","website":""},"geometry":{"type":"Point","coordinates":[170.277091,69.701667]}},{"type":"Feature","id":"global_port::1730088307","properties":{"id":"global_port::1730088307","stable_key":"global_port::1730088307","name":"Kaolack","legal_designation":"important","legal_designation_label":"Important port","manager_type_code":"global","importance":"regional_core","importance_rank":2,"source":"natural_earth_10m_ports","source_ne_id":"1730088307","website":"www.portdakar.sn"},"geometry":{"type":"Point","coordinates":[-16.071967,14.129444]}},{"type":"Feature","id":"global_port::1730088309","properties":{"id":"global_port::1730088309","stable_key":"global_port::1730088309","name":"Ziguinchor","legal_designation":"important","legal_designation_label":"Important port","manager_type_code":"global","importance":"regional_core","importance_rank":2,"source":"natural_earth_10m_ports","source_ne_id":"1730088309","website":"www.portdakar.sn"},"geometry":{"type":"Point","coordinates":[-16.26808,12.589722]}},{"type":"Feature","id":"global_port::1730088311","properties":{"id":"global_port::1730088311","stable_key":"global_port::1730088311","name":"Longyearbyen","legal_designation":"important","legal_designation_label":"Important port","manager_type_code":"global","importance":"regional_core","importance_rank":2,"source":"natural_earth_10m_ports","source_ne_id":"1730088311","website":""},"geometry":{"type":"Point","coordinates":[15.623734,78.226111]}},{"type":"Feature","id":"global_port::1730088313","properties":{"id":"global_port::1730088313","stable_key":"global_port::1730088313","name":"Gizo","legal_designation":"important","legal_designation_label":"Important port","manager_type_code":"global","importance":"regional_core","importance_rank":2,"source":"natural_earth_10m_ports","source_ne_id":"1730088313","website":""},"geometry":{"type":"Point","coordinates":[156.83881,-8.101389]}},{"type":"Feature","id":"global_port::1730088317","properties":{"id":"global_port::1730088317","stable_key":"global_port::1730088317","name":"Viru Harbour","legal_designation":"important","legal_designation_label":"Important port","manager_type_code":"global","importance":"regional_core","importance_rank":2,"source":"natural_earth_10m_ports","source_ne_id":"1730088317","website":""},"geometry":{"type":"Point","coordinates":[157.726031,-8.499722]}},{"type":"Feature","id":"global_port::1730088319","properties":{"id":"global_port::1730088319","stable_key":"global_port::1730088319","name":"Kismayu","legal_designation":"important","legal_designation_label":"Important port","manager_type_code":"global","importance":"regional_core","importance_rank":2,"source":"natural_earth_10m_ports","source_ne_id":"1730088319","website":""},"geometry":{"type":"Point","coordinates":[42.541107,-0.374167]}},{"type":"Feature","id":"global_port::1730088321","properties":{"id":"global_port::1730088321","stable_key":"global_port::1730088321","name":"Karlstad","legal_designation":"important","legal_designation_label":"Important port","manager_type_code":"global","importance":"regional_core","importance_rank":2,"source":"natural_earth_10m_ports","source_ne_id":"1730088321","website":"www.vanerhamn.se"},"geometry":{"type":"Point","coordinates":[13.5202,59.375278]}},{"type":"Feature","id":"global_port::1730088323","properties":{"id":"global_port::1730088323","stable_key":"global_port::1730088323","name":"Lidkoping","legal_designation":"important","legal_designation_label":"Important port","manager_type_code":"global","importance":"regional_core","importance_rank":2,"source":"natural_earth_10m_ports","source_ne_id":"1730088323","website":"www.vanerhamn.se"},"geometry":{"type":"Point","coordinates":[13.159364,58.509167]}},{"type":"Feature","id":"global_port::1730088325","properties":{"id":"global_port::1730088325","stable_key":"global_port::1730088325","name":"Skelleftea","legal_designation":"important","legal_designation_label":"Important port","manager_type_code":"global","importance":"regional_core","importance_rank":2,"source":"natural_earth_10m_ports","source_ne_id":"1730088325","website":""},"geometry":{"type":"Point","coordinates":[21.251767,64.678333]}},{"type":"Feature","id":"global_port::1730088327","properties":{"id":"global_port::1730088327","stable_key":"global_port::1730088327","name":"Umea","legal_designation":"important","legal_designation_label":"Important port","manager_type_code":"global","importance":"regional_core","importance_rank":2,"source":"natural_earth_10m_ports","source_ne_id":"1730088327","website":"www.umeahamn.se"},"geometry":{"type":"Point","coordinates":[20.267727,63.816667]}},{"type":"Feature","id":"global_port::1730088329","properties":{"id":"global_port::1730088329","stable_key":"global_port::1730088329","name":"Providenciales","legal_designation":"important","legal_designation_label":"Important port","manager_type_code":"global","importance":"regional_core","importance_rank":2,"source":"natural_earth_10m_ports","source_ne_id":"1730088329","website":"www.turksandcaicosislands.gov.tc"},"geometry":{"type":"Point","coordinates":[-72.256007,21.762778]}},{"type":"Feature","id":"global_port::1730088331","properties":{"id":"global_port::1730088331","stable_key":"global_port::1730088331","name":"Songkhla","legal_designation":"important","legal_designation_label":"Important port","manager_type_code":"global","importance":"regional_core","importance_rank":2,"source":"natural_earth_10m_ports","source_ne_id":"1730088331","website":"www.md.go.th"},"geometry":{"type":"Point","coordinates":[100.56967,7.228611]}},{"type":"Feature","id":"global_port::1730088335","properties":{"id":"global_port::1730088335","stable_key":"global_port::1730088335","name":"Bandirma","legal_designation":"important","legal_designation_label":"Important port","manager_type_code":"global","importance":"regional_core","importance_rank":2,"source":"natural_earth_10m_ports","source_ne_id":"1730088335","website":"www.tcdd.gov.tr"},"geometry":{"type":"Point","coordinates":[27.957244,40.354167]}},{"type":"Feature","id":"global_port::1730088337","properties":{"id":"global_port::1730088337","stable_key":"global_port::1730088337","name":"Samsun","legal_designation":"important","legal_designation_label":"Important port","manager_type_code":"global","importance":"regional_core","importance_rank":2,"source":"natural_earth_10m_ports","source_ne_id":"1730088337","website":"www.tcdd.gov.tr"},"geometry":{"type":"Point","coordinates":[36.3404,41.299722]}},{"type":"Feature","id":"global_port::1730088339","properties":{"id":"global_port::1730088339","stable_key":"global_port::1730088339","name":"Sinop","legal_designation":"important","legal_designation_label":"Important port","manager_type_code":"global","importance":"regional_core","importance_rank":2,"source":"natural_earth_10m_ports","source_ne_id":"1730088339","website":""},"geometry":{"type":"Point","coordinates":[35.142874,42.023333]}},{"type":"Feature","id":"global_port::1730088341","properties":{"id":"global_port::1730088341","stable_key":"global_port::1730088341","name":"Trabzon","legal_designation":"important","legal_designation_label":"Important port","manager_type_code":"global","importance":"regional_core","importance_rank":2,"source":"natural_earth_10m_ports","source_ne_id":"1730088341","website":""},"geometry":{"type":"Point","coordinates":[39.736514,41.005556]}},{"type":"Feature","id":"global_port::1730088343","properties":{"id":"global_port::1730088343","stable_key":"global_port::1730088343","name":"Sevastopol","legal_designation":"important","legal_designation_label":"Important port","manager_type_code":"global","importance":"regional_core","importance_rank":2,"source":"natural_earth_10m_ports","source_ne_id":"1730088343","website":"ukrport.org.ua"},"geometry":{"type":"Point","coordinates":[33.541461,44.618889]}},{"type":"Feature","id":"global_port::1730088345","properties":{"id":"global_port::1730088345","stable_key":"global_port::1730088345","name":"Skagway","legal_designation":"important","legal_designation_label":"Important port","manager_type_code":"global","importance":"regional_core","importance_rank":2,"source":"natural_earth_10m_ports","source_ne_id":"1730088345","website":""},"geometry":{"type":"Point","coordinates":[-135.32232,59.450833]}},{"type":"Feature","id":"global_port::1730088347","properties":{"id":"global_port::1730088347","stable_key":"global_port::1730088347","name":"Valdez","legal_designation":"important","legal_designation_label":"Important port","manager_type_code":"global","importance":"regional_core","importance_rank":2,"source":"natural_earth_10m_ports","source_ne_id":"1730088347","website":"www.ci.valdez.ak.us/port"},"geometry":{"type":"Point","coordinates":[-146.357067,61.103611]}},{"type":"Feature","id":"global_port::1730088349","properties":{"id":"global_port::1730088349","stable_key":"global_port::1730088349","name":"Apalachicola","legal_designation":"important","legal_designation_label":"Important port","manager_type_code":"global","importance":"regional_core","importance_rank":2,"source":"natural_earth_10m_ports","source_ne_id":"1730088349","website":""},"geometry":{"type":"Point","coordinates":[-84.98669,29.7275]}},{"type":"Feature","id":"global_port::1730088353","properties":{"id":"global_port::1730088353","stable_key":"global_port::1730088353","name":"Annapolis","legal_designation":"important","legal_designation_label":"Important port","manager_type_code":"global","importance":"regional_core","importance_rank":2,"source":"natural_earth_10m_ports","source_ne_id":"1730088353","website":"www.portannapolis.com"},"geometry":{"type":"Point","coordinates":[-76.474264,38.965]}},{"type":"Feature","id":"global_port::1730088355","properties":{"id":"global_port::1730088355","stable_key":"global_port::1730088355","name":"Cambridge","legal_designation":"important","legal_designation_label":"Important port","manager_type_code":"global","importance":"regional_core","importance_rank":2,"source":"natural_earth_10m_ports","source_ne_id":"1730088355","website":"www.ci.cambridge.md.us"},"geometry":{"type":"Point","coordinates":[-76.071084,38.574167]}},{"type":"Feature","id":"global_port::1730088357","properties":{"id":"global_port::1730088357","stable_key":"global_port::1730088357","name":"Portland","legal_designation":"important","legal_designation_label":"Important port","manager_type_code":"global","importance":"regional_core","importance_rank":2,"source":"natural_earth_10m_ports","source_ne_id":"1730088357","website":"www.portofportlandor.com"},"geometry":{"type":"Point","coordinates":[-122.783687,45.605833]}},{"type":"Feature","id":"global_port::1730088359","properties":{"id":"global_port::1730088359","stable_key":"global_port::1730088359","name":"Bremerton","legal_designation":"important","legal_designation_label":"Important port","manager_type_code":"global","importance":"regional_core","importance_rank":2,"source":"natural_earth_10m_ports","source_ne_id":"1730088359","website":"www.portofbremerton.org"},"geometry":{"type":"Point","coordinates":[-122.63775,47.5625]}},{"type":"Feature","id":"global_port::1730088361","properties":{"id":"global_port::1730088361","stable_key":"global_port::1730088361","name":"Rockland","legal_designation":"important","legal_designation_label":"Important port","manager_type_code":"global","importance":"regional_core","importance_rank":2,"source":"natural_earth_10m_ports","source_ne_id":"1730088361","website":"www.ci.rockland.me.us"},"geometry":{"type":"Point","coordinates":[-69.10212,44.103056]}},{"type":"Feature","id":"global_port::1730088363","properties":{"id":"global_port::1730088363","stable_key":"global_port::1730088363","name":"Santa Cruz","legal_designation":"important","legal_designation_label":"Important port","manager_type_code":"global","importance":"regional_core","importance_rank":2,"source":"natural_earth_10m_ports","source_ne_id":"1730088363","website":"www.santacruzharbor.org"},"geometry":{"type":"Point","coordinates":[-122.001413,36.966389]}},{"type":"Feature","id":"global_port::1730088365","properties":{"id":"global_port::1730088365","stable_key":"global_port::1730088365","name":"Chesapeake","legal_designation":"important","legal_designation_label":"Important port","manager_type_code":"global","importance":"regional_core","importance_rank":2,"source":"natural_earth_10m_ports","source_ne_id":"1730088365","website":""},"geometry":{"type":"Point","coordinates":[-76.239517,36.7225]}},{"type":"Feature","id":"global_port::1730088367","properties":{"id":"global_port::1730088367","stable_key":"global_port::1730088367","name":"Cumana","legal_designation":"important","legal_designation_label":"Important port","manager_type_code":"global","importance":"regional_core","importance_rank":2,"source":"natural_earth_10m_ports","source_ne_id":"1730088367","website":"www.selinger.com/cumana.htm"},"geometry":{"type":"Point","coordinates":[-64.18775,10.474167]}},{"type":"Feature","id":"global_port::1730088371","properties":{"id":"global_port::1730088371","stable_key":"global_port::1730088371","name":"Hai Phong","legal_designation":"important","legal_designation_label":"Important port","manager_type_code":"global","importance":"regional_core","importance_rank":2,"source":"natural_earth_10m_ports","source_ne_id":"1730088371","website":"www.haiphongport.com.vn"},"geometry":{"type":"Point","coordinates":[106.675147,20.867222]}},{"type":"Feature","id":"global_port::1730088373","properties":{"id":"global_port::1730088373","stable_key":"global_port::1730088373","name":"Corfu","legal_designation":"important","legal_designation_label":"Important port","manager_type_code":"global","importance":"regional_core","importance_rank":2,"source":"natural_earth_10m_ports","source_ne_id":"1730088373","website":""},"geometry":{"type":"Point","coordinates":[19.910572,39.62195]}},{"type":"Feature","id":"global_port::1730088375","properties":{"id":"global_port::1730088375","stable_key":"global_port::1730088375","name":"Alexandria","legal_designation":"important","legal_designation_label":"Important port","manager_type_code":"global","importance":"regional_core","importance_rank":2,"source":"natural_earth_10m_ports","source_ne_id":"1730088375","website":""},"geometry":{"type":"Point","coordinates":[30.167657,31.334923]}},{"type":"Feature","id":"global_port::1730088377","properties":{"id":"global_port::1730088377","stable_key":"global_port::1730088377","name":"Tangier","legal_designation":"important","legal_designation_label":"Important port","manager_type_code":"global","importance":"regional_core","importance_rank":2,"source":"natural_earth_10m_ports","source_ne_id":"1730088377","website":""},"geometry":{"type":"Point","coordinates":[-5.824954,35.796114]}},{"type":"Feature","id":"global_port::1730088379","properties":{"id":"global_port::1730088379","stable_key":"global_port::1730088379","name":"Hamilton","legal_designation":"important","legal_designation_label":"Important port","manager_type_code":"global","importance":"regional_core","importance_rank":2,"source":"natural_earth_10m_ports","source_ne_id":"1730088379","website":""},"geometry":{"type":"Point","coordinates":[-79.85,43.25]}},{"type":"Feature","id":"global_port::1730088381","properties":{"id":"global_port::1730088381","stable_key":"global_port::1730088381","name":"Windsor","legal_designation":"important","legal_designation_label":"Important port","manager_type_code":"global","importance":"regional_core","importance_rank":2,"source":"natural_earth_10m_ports","source_ne_id":"1730088381","website":""},"geometry":{"type":"Point","coordinates":[-83.03,42.31]}},{"type":"Feature","id":"global_port::1730088383","properties":{"id":"global_port::1730088383","stable_key":"global_port::1730088383","name":"Rouge River","legal_designation":"important","legal_designation_label":"Important port","manager_type_code":"global","importance":"regional_core","importance_rank":2,"source":"natural_earth_10m_ports","source_ne_id":"1730088383","website":""},"geometry":{"type":"Point","coordinates":[-83.11,42.28]}},{"type":"Feature","id":"global_port::1730088385","properties":{"id":"global_port::1730088385","stable_key":"global_port::1730088385","name":"Owen Sound","legal_designation":"important","legal_designation_label":"Important port","manager_type_code":"global","importance":"regional_core","importance_rank":2,"source":"natural_earth_10m_ports","source_ne_id":"1730088385","website":""},"geometry":{"type":"Point","coordinates":[-80.93,44.58]}},{"type":"Feature","id":"global_port::1730088389","properties":{"id":"global_port::1730088389","stable_key":"global_port::1730088389","name":"Sault Ste Marie","legal_designation":"important","legal_designation_label":"Important port","manager_type_code":"global","importance":"regional_core","importance_rank":2,"source":"natural_earth_10m_ports","source_ne_id":"1730088389","website":""},"geometry":{"type":"Point","coordinates":[-84.35,46.51]}},{"type":"Feature","id":"global_port::1730088391","properties":{"id":"global_port::1730088391","stable_key":"global_port::1730088391","name":"Saginaw","legal_designation":"important","legal_designation_label":"Important port","manager_type_code":"global","importance":"regional_core","importance_rank":2,"source":"natural_earth_10m_ports","source_ne_id":"1730088391","website":""},"geometry":{"type":"Point","coordinates":[-83.93,43.43]}},{"type":"Feature","id":"global_port::1730088393","properties":{"id":"global_port::1730088393","stable_key":"global_port::1730088393","name":"Cheboygan","legal_designation":"important","legal_designation_label":"Important port","manager_type_code":"global","importance":"regional_core","importance_rank":2,"source":"natural_earth_10m_ports","source_ne_id":"1730088393","website":""},"geometry":{"type":"Point","coordinates":[-84.46,45.65]}},{"type":"Feature","id":"global_port::1730088395","properties":{"id":"global_port::1730088395","stable_key":"global_port::1730088395","name":"Sault Ste Marie","legal_designation":"important","legal_designation_label":"Important port","manager_type_code":"global","importance":"regional_core","importance_rank":2,"source":"natural_earth_10m_ports","source_ne_id":"1730088395","website":""},"geometry":{"type":"Point","coordinates":[-84.35,46.5]}},{"type":"Feature","id":"global_port::1730088397","properties":{"id":"global_port::1730088397","stable_key":"global_port::1730088397","name":"Muskegon","legal_designation":"important","legal_designation_label":"Important port","manager_type_code":"global","importance":"regional_core","importance_rank":2,"source":"natural_earth_10m_ports","source_ne_id":"1730088397","website":""},"geometry":{"type":"Point","coordinates":[-86.26,43.23]}},{"type":"Feature","id":"global_port::1730088399","properties":{"id":"global_port::1730088399","stable_key":"global_port::1730088399","name":"Gary","legal_designation":"important","legal_designation_label":"Important port","manager_type_code":"global","importance":"regional_core","importance_rank":2,"source":"natural_earth_10m_ports","source_ne_id":"1730088399","website":""},"geometry":{"type":"Point","coordinates":[-87.33,41.61]}},{"type":"Feature","id":"global_port::1730088401","properties":{"id":"global_port::1730088401","stable_key":"global_port::1730088401","name":"Waukegan","legal_designation":"important","legal_designation_label":"Important port","manager_type_code":"global","importance":"regional_core","importance_rank":2,"source":"natural_earth_10m_ports","source_ne_id":"1730088401","website":""},"geometry":{"type":"Point","coordinates":[-87.81,42.36]}},{"type":"Feature","id":"global_port::1730088403","properties":{"id":"global_port::1730088403","stable_key":"global_port::1730088403","name":"Houghton","legal_designation":"important","legal_designation_label":"Important port","manager_type_code":"global","importance":"regional_core","importance_rank":2,"source":"natural_earth_10m_ports","source_ne_id":"1730088403","website":""},"geometry":{"type":"Point","coordinates":[-88.56,47.11]}},{"type":"Feature","id":"global_port::1730088407","properties":{"id":"global_port::1730088407","stable_key":"global_port::1730088407","name":"Wrangell","legal_designation":"important","legal_designation_label":"Important port","manager_type_code":"global","importance":"regional_core","importance_rank":2,"source":"natural_earth_10m_ports","source_ne_id":"1730088407","website":""},"geometry":{"type":"Point","coordinates":[-132.38,56.46]}},{"type":"Feature","id":"global_port::1730088409","properties":{"id":"global_port::1730088409","stable_key":"global_port::1730088409","name":"Petersburg","legal_designation":"important","legal_designation_label":"Important port","manager_type_code":"global","importance":"regional_core","importance_rank":2,"source":"natural_earth_10m_ports","source_ne_id":"1730088409","website":""},"geometry":{"type":"Point","coordinates":[-132.95,56.81]}},{"type":"Feature","id":"global_port::1730088411","properties":{"id":"global_port::1730088411","stable_key":"global_port::1730088411","name":"Kemi","legal_designation":"important","legal_designation_label":"Important port","manager_type_code":"global","importance":"regional_core","importance_rank":2,"source":"natural_earth_10m_ports","source_ne_id":"1730088411","website":""},"geometry":{"type":"Point","coordinates":[24.56,65.73]}},{"type":"Feature","id":"global_port::1730088413","properties":{"id":"global_port::1730088413","stable_key":"global_port::1730088413","name":"Vaasa","legal_designation":"important","legal_designation_label":"Important port","manager_type_code":"global","importance":"regional_core","importance_rank":2,"source":"natural_earth_10m_ports","source_ne_id":"1730088413","website":""},"geometry":{"type":"Point","coordinates":[21.58,63.1]}},{"type":"Feature","id":"global_port::1730088415","properties":{"id":"global_port::1730088415","stable_key":"global_port::1730088415","name":"Turku","legal_designation":"important","legal_designation_label":"Important port","manager_type_code":"global","importance":"regional_core","importance_rank":2,"source":"natural_earth_10m_ports","source_ne_id":"1730088415","website":""},"geometry":{"type":"Point","coordinates":[22.23,60.45]}},{"type":"Feature","id":"global_port::1730088417","properties":{"id":"global_port::1730088417","stable_key":"global_port::1730088417","name":"Liepaja","legal_designation":"important","legal_designation_label":"Important port","manager_type_code":"global","importance":"regional_core","importance_rank":2,"source":"natural_earth_10m_ports","source_ne_id":"1730088417","website":""},"geometry":{"type":"Point","coordinates":[21.01,56.51]}},{"type":"Feature","id":"global_port::1730088419","properties":{"id":"global_port::1730088419","stable_key":"global_port::1730088419","name":"Europoort","legal_designation":"important","legal_designation_label":"Important port","manager_type_code":"global","importance":"regional_core","importance_rank":2,"source":"natural_earth_10m_ports","source_ne_id":"1730088419","website":""},"geometry":{"type":"Point","coordinates":[4.11,51.95]}},{"type":"Feature","id":"global_port::1730088421","properties":{"id":"global_port::1730088421","stable_key":"global_port::1730088421","name":"Stornoway Harbor","legal_designation":"important","legal_designation_label":"Important port","manager_type_code":"global","importance":"regional_core","importance_rank":2,"source":"natural_earth_10m_ports","source_ne_id":"1730088421","website":""},"geometry":{"type":"Point","coordinates":[-6.36,58.18]}},{"type":"Feature","id":"global_port::1730088425","properties":{"id":"global_port::1730088425","stable_key":"global_port::1730088425","name":"Lisboa","legal_designation":"important","legal_designation_label":"Important port","manager_type_code":"global","importance":"regional_core","importance_rank":2,"source":"natural_earth_10m_ports","source_ne_id":"1730088425","website":""},"geometry":{"type":"Point","coordinates":[-9.16,38.7]}},{"type":"Feature","id":"global_port::1730088427","properties":{"id":"global_port::1730088427","stable_key":"global_port::1730088427","name":"Bonanza","legal_designation":"important","legal_designation_label":"Important port","manager_type_code":"global","importance":"regional_core","importance_rank":2,"source":"natural_earth_10m_ports","source_ne_id":"1730088427","website":""},"geometry":{"type":"Point","coordinates":[-6.33,36.8]}},{"type":"Feature","id":"global_port::1730088429","properties":{"id":"global_port::1730088429","stable_key":"global_port::1730088429","name":"Ibiza","legal_designation":"important","legal_designation_label":"Important port","manager_type_code":"global","importance":"regional_core","importance_rank":2,"source":"natural_earth_10m_ports","source_ne_id":"1730088429","website":""},"geometry":{"type":"Point","coordinates":[1.45,38.9]}},{"type":"Feature","id":"global_port::1730088431","properties":{"id":"global_port::1730088431","stable_key":"global_port::1730088431","name":"Rostov-Na-Donu","legal_designation":"important","legal_designation_label":"Important port","manager_type_code":"global","importance":"regional_core","importance_rank":2,"source":"natural_earth_10m_ports","source_ne_id":"1730088431","website":""},"geometry":{"type":"Point","coordinates":[39.71,47.16]}},{"type":"Feature","id":"global_port::1730088433","properties":{"id":"global_port::1730088433","stable_key":"global_port::1730088433","name":"Tel Aviv Yafo","legal_designation":"important","legal_designation_label":"Important port","manager_type_code":"global","importance":"regional_core","importance_rank":2,"source":"natural_earth_10m_ports","source_ne_id":"1730088433","website":""},"geometry":{"type":"Point","coordinates":[34.76,32.06]}},{"type":"Feature","id":"global_port::1730088435","properties":{"id":"global_port::1730088435","stable_key":"global_port::1730088435","name":"Tunis","legal_designation":"important","legal_designation_label":"Important port","manager_type_code":"global","importance":"regional_core","importance_rank":2,"source":"natural_earth_10m_ports","source_ne_id":"1730088435","website":""},"geometry":{"type":"Point","coordinates":[10.25,36.8]}},{"type":"Feature","id":"global_port::1730088437","properties":{"id":"global_port::1730088437","stable_key":"global_port::1730088437","name":"Bejaia","legal_designation":"important","legal_designation_label":"Important port","manager_type_code":"global","importance":"regional_core","importance_rank":2,"source":"natural_earth_10m_ports","source_ne_id":"1730088437","website":""},"geometry":{"type":"Point","coordinates":[5.08,36.75]}},{"type":"Feature","id":"global_port::1730088439","properties":{"id":"global_port::1730088439","stable_key":"global_port::1730088439","name":"Alger","legal_designation":"important","legal_designation_label":"Important port","manager_type_code":"global","importance":"regional_core","importance_rank":2,"source":"natural_earth_10m_ports","source_ne_id":"1730088439","website":""},"geometry":{"type":"Point","coordinates":[3.06,36.76]}},{"type":"Feature","id":"global_port::1730088443","properties":{"id":"global_port::1730088443","stable_key":"global_port::1730088443","name":"St Louis","legal_designation":"important","legal_designation_label":"Important port","manager_type_code":"global","importance":"regional_core","importance_rank":2,"source":"natural_earth_10m_ports","source_ne_id":"1730088443","website":""},"geometry":{"type":"Point","coordinates":[-16.51,16.01]}},{"type":"Feature","id":"global_port::1730088445","properties":{"id":"global_port::1730088445","stable_key":"global_port::1730088445","name":"Tin Can Island","legal_designation":"important","legal_designation_label":"Important port","manager_type_code":"global","importance":"regional_core","importance_rank":2,"source":"natural_earth_10m_ports","source_ne_id":"1730088445","website":""},"geometry":{"type":"Point","coordinates":[3.3,6.41]}},{"type":"Feature","id":"global_port::1730088447","properties":{"id":"global_port::1730088447","stable_key":"global_port::1730088447","name":"Mocambique","legal_designation":"important","legal_designation_label":"Important port","manager_type_code":"global","importance":"regional_core","importance_rank":2,"source":"natural_earth_10m_ports","source_ne_id":"1730088447","website":""},"geometry":{"type":"Point","coordinates":[40.73,-15.03]}},{"type":"Feature","id":"global_port::1730088449","properties":{"id":"global_port::1730088449","stable_key":"global_port::1730088449","name":"Assab","legal_designation":"important","legal_designation_label":"Important port","manager_type_code":"global","importance":"regional_core","importance_rank":2,"source":"natural_earth_10m_ports","source_ne_id":"1730088449","website":""},"geometry":{"type":"Point","coordinates":[42.75,13.0]}},{"type":"Feature","id":"global_port::1730088451","properties":{"id":"global_port::1730088451","stable_key":"global_port::1730088451","name":"Massawa","legal_designation":"important","legal_designation_label":"Important port","manager_type_code":"global","importance":"regional_core","importance_rank":2,"source":"natural_earth_10m_ports","source_ne_id":"1730088451","website":""},"geometry":{"type":"Point","coordinates":[39.46,15.61]}},{"type":"Feature","id":"global_port::1730088453","properties":{"id":"global_port::1730088453","stable_key":"global_port::1730088453","name":"Elat","legal_designation":"important","legal_designation_label":"Important port","manager_type_code":"global","importance":"regional_core","importance_rank":2,"source":"natural_earth_10m_ports","source_ne_id":"1730088453","website":""},"geometry":{"type":"Point","coordinates":[34.95,29.55]}},{"type":"Feature","id":"global_port::1730088455","properties":{"id":"global_port::1730088455","stable_key":"global_port::1730088455","name":"Al Kuwayt","legal_designation":"important","legal_designation_label":"Important port","manager_type_code":"global","importance":"regional_core","importance_rank":2,"source":"natural_earth_10m_ports","source_ne_id":"1730088455","website":""},"geometry":{"type":"Point","coordinates":[47.96,29.38]}},{"type":"Feature","id":"global_port::1730088457","properties":{"id":"global_port::1730088457","stable_key":"global_port::1730088457","name":"Bombay","legal_designation":"important","legal_designation_label":"Important port","manager_type_code":"global","importance":"regional_core","importance_rank":2,"source":"natural_earth_10m_ports","source_ne_id":"1730088457","website":""},"geometry":{"type":"Point","coordinates":[72.83,18.83]}},{"type":"Feature","id":"global_port::1730088461","properties":{"id":"global_port::1730088461","stable_key":"global_port::1730088461","name":"Jawaharlal Nehru Port","legal_designation":"important","legal_designation_label":"Important port","manager_type_code":"global","importance":"regional_core","importance_rank":2,"source":"natural_earth_10m_ports","source_ne_id":"1730088461","website":""},"geometry":{"type":"Point","coordinates":[72.93,18.95]}},{"type":"Feature","id":"global_port::1730088463","properties":{"id":"global_port::1730088463","stable_key":"global_port::1730088463","name":"Cochin","legal_designation":"important","legal_designation_label":"Important port","manager_type_code":"global","importance":"regional_core","importance_rank":2,"source":"natural_earth_10m_ports","source_ne_id":"1730088463","website":""},"geometry":{"type":"Point","coordinates":[76.23,9.96]}},{"type":"Feature","id":"global_port::1730088465","properties":{"id":"global_port::1730088465","stable_key":"global_port::1730088465","name":"Madras","legal_designation":"important","legal_designation_label":"Important port","manager_type_code":"global","importance":"regional_core","importance_rank":2,"source":"natural_earth_10m_ports","source_ne_id":"1730088465","website":""},"geometry":{"type":"Point","coordinates":[80.3,13.1]}},{"type":"Feature","id":"global_port::1730088467","properties":{"id":"global_port::1730088467","stable_key":"global_port::1730088467","name":"Calcutta","legal_designation":"important","legal_designation_label":"Important port","manager_type_code":"global","importance":"regional_core","importance_rank":2,"source":"natural_earth_10m_ports","source_ne_id":"1730088467","website":""},"geometry":{"type":"Point","coordinates":[88.31,22.55]}},{"type":"Feature","id":"global_port::1730088469","properties":{"id":"global_port::1730088469","stable_key":"global_port::1730088469","name":"Phuket","legal_designation":"important","legal_designation_label":"Important port","manager_type_code":"global","importance":"regional_core","importance_rank":2,"source":"natural_earth_10m_ports","source_ne_id":"1730088469","website":""},"geometry":{"type":"Point","coordinates":[98.4,7.83]}},{"type":"Feature","id":"global_port::1730088471","properties":{"id":"global_port::1730088471","stable_key":"global_port::1730088471","name":"Pulau Pinang","legal_designation":"important","legal_designation_label":"Important port","manager_type_code":"global","importance":"regional_core","importance_rank":2,"source":"natural_earth_10m_ports","source_ne_id":"1730088471","website":""},"geometry":{"type":"Point","coordinates":[100.35,5.41]}},{"type":"Feature","id":"global_port::1730088473","properties":{"id":"global_port::1730088473","stable_key":"global_port::1730088473","name":"Belawan","legal_designation":"important","legal_designation_label":"Important port","manager_type_code":"global","importance":"regional_core","importance_rank":2,"source":"natural_earth_10m_ports","source_ne_id":"1730088473","website":""},"geometry":{"type":"Point","coordinates":[98.68,3.78]}},{"type":"Feature","id":"global_port::1730088475","properties":{"id":"global_port::1730088475","stable_key":"global_port::1730088475","name":"Semarang","legal_designation":"important","legal_designation_label":"Important port","manager_type_code":"global","importance":"regional_core","importance_rank":2,"source":"natural_earth_10m_ports","source_ne_id":"1730088475","website":""},"geometry":{"type":"Point","coordinates":[110.41,-6.95]}},{"type":"Feature","id":"global_port::1730088479","properties":{"id":"global_port::1730088479","stable_key":"global_port::1730088479","name":"Kupang","legal_designation":"important","legal_designation_label":"Important port","manager_type_code":"global","importance":"regional_core","importance_rank":2,"source":"natural_earth_10m_ports","source_ne_id":"1730088479","website":""},"geometry":{"type":"Point","coordinates":[123.58,-10.16]}},{"type":"Feature","id":"global_port::1730088481","properties":{"id":"global_port::1730088481","stable_key":"global_port::1730088481","name":"Kuching","legal_designation":"important","legal_designation_label":"Important port","manager_type_code":"global","importance":"regional_core","importance_rank":2,"source":"natural_earth_10m_ports","source_ne_id":"1730088481","website":""},"geometry":{"type":"Point","coordinates":[110.35,1.56]}},{"type":"Feature","id":"global_port::1730088483","properties":{"id":"global_port::1730088483","stable_key":"global_port::1730088483","name":"Miri","legal_designation":"important","legal_designation_label":"Important port","manager_type_code":"global","importance":"regional_core","importance_rank":2,"source":"natural_earth_10m_ports","source_ne_id":"1730088483","website":""},"geometry":{"type":"Point","coordinates":[113.96,4.38]}},{"type":"Feature","id":"global_port::1730088485","properties":{"id":"global_port::1730088485","stable_key":"global_port::1730088485","name":"Kota Kinabalu","legal_designation":"important","legal_designation_label":"Important port","manager_type_code":"global","importance":"regional_core","importance_rank":2,"source":"natural_earth_10m_ports","source_ne_id":"1730088485","website":""},"geometry":{"type":"Point","coordinates":[116.06,5.98]}},{"type":"Feature","id":"global_port::1730088487","properties":{"id":"global_port::1730088487","stable_key":"global_port::1730088487","name":"Pelabuhan Sandakan","legal_designation":"important","legal_designation_label":"Important port","manager_type_code":"global","importance":"regional_core","importance_rank":2,"source":"natural_earth_10m_ports","source_ne_id":"1730088487","website":""},"geometry":{"type":"Point","coordinates":[118.11,5.83]}},{"type":"Feature","id":"global_port::1730088489","properties":{"id":"global_port::1730088489","stable_key":"global_port::1730088489","name":"Ujungpandang","legal_designation":"important","legal_designation_label":"Important port","manager_type_code":"global","importance":"regional_core","importance_rank":2,"source":"natural_earth_10m_ports","source_ne_id":"1730088489","website":""},"geometry":{"type":"Point","coordinates":[119.4,-5.13]}},{"type":"Feature","id":"global_port::1730088491","properties":{"id":"global_port::1730088491","stable_key":"global_port::1730088491","name":"Davao","legal_designation":"important","legal_designation_label":"Important port","manager_type_code":"global","importance":"regional_core","importance_rank":2,"source":"natural_earth_10m_ports","source_ne_id":"1730088491","website":""},"geometry":{"type":"Point","coordinates":[125.61,7.06]}},{"type":"Feature","id":"global_port::1730088493","properties":{"id":"global_port::1730088493","stable_key":"global_port::1730088493","name":"Nanjing","legal_designation":"important","legal_designation_label":"Important port","manager_type_code":"global","importance":"regional_core","importance_rank":2,"source":"natural_earth_10m_ports","source_ne_id":"1730088493","website":""},"geometry":{"type":"Point","coordinates":[118.75,32.08]}},{"type":"Feature","id":"global_port::1730088497","properties":{"id":"global_port::1730088497","stable_key":"global_port::1730088497","name":"Hankow","legal_designation":"important","legal_designation_label":"Important port","manager_type_code":"global","importance":"regional_core","importance_rank":2,"source":"natural_earth_10m_ports","source_ne_id":"1730088497","website":""},"geometry":{"type":"Point","coordinates":[114.28,30.58]}},{"type":"Feature","id":"global_port::1730088499","properties":{"id":"global_port::1730088499","stable_key":"global_port::1730088499","name":"Chang Sha","legal_designation":"important","legal_designation_label":"Important port","manager_type_code":"global","importance":"regional_core","importance_rank":2,"source":"natural_earth_10m_ports","source_ne_id":"1730088499","website":""},"geometry":{"type":"Point","coordinates":[112.98,28.2]}},{"type":"Feature","id":"global_port::1730088501","properties":{"id":"global_port::1730088501","stable_key":"global_port::1730088501","name":"Khabarovsk","legal_designation":"important","legal_designation_label":"Important port","manager_type_code":"global","importance":"regional_core","importance_rank":2,"source":"natural_earth_10m_ports","source_ne_id":"1730088501","website":""},"geometry":{"type":"Point","coordinates":[135.16,48.5]}},{"type":"Feature","id":"global_port::1730088503","properties":{"id":"global_port::1730088503","stable_key":"global_port::1730088503","name":"Petropavlovsk","legal_designation":"important","legal_designation_label":"Important port","manager_type_code":"global","importance":"regional_core","importance_rank":2,"source":"natural_earth_10m_ports","source_ne_id":"1730088503","website":""},"geometry":{"type":"Point","coordinates":[158.65,53.05]}},{"type":"Feature","id":"global_port::1730088505","properties":{"id":"global_port::1730088505","stable_key":"global_port::1730088505","name":"Namibe","legal_designation":"important","legal_designation_label":"Important port","manager_type_code":"global","importance":"regional_core","importance_rank":2,"source":"natural_earth_10m_ports","source_ne_id":"1730088505","website":"www.otal.com/angola"},"geometry":{"type":"Point","coordinates":[12.135453,-15.193611]}},{"type":"Feature","id":"global_port::1730088507","properties":{"id":"global_port::1730088507","stable_key":"global_port::1730088507","name":"Bahia Blanca","legal_designation":"important","legal_designation_label":"Important port","manager_type_code":"global","importance":"regional_core","importance_rank":2,"source":"natural_earth_10m_ports","source_ne_id":"1730088507","website":"www.puertobahiablanca.com"},"geometry":{"type":"Point","coordinates":[-62.270907,-38.791389]}},{"type":"Feature","id":"global_port::1730088509","properties":{"id":"global_port::1730088509","stable_key":"global_port::1730088509","name":"La Plata","legal_designation":"important","legal_designation_label":"Important port","manager_type_code":"global","importance":"regional_core","importance_rank":2,"source":"natural_earth_10m_ports","source_ne_id":"1730088509","website":"www.laplataport.com.ar"},"geometry":{"type":"Point","coordinates":[-57.890224,-34.855278]}},{"type":"Feature","id":"global_port::1730088511","properties":{"id":"global_port::1730088511","stable_key":"global_port::1730088511","name":"Ushuaia","legal_designation":"important","legal_designation_label":"Important port","manager_type_code":"global","importance":"regional_core","importance_rank":2,"source":"natural_earth_10m_ports","source_ne_id":"1730088511","website":"www.puertoushuaia.gov.ar"},"geometry":{"type":"Point","coordinates":[-68.300883,-54.809444]}},{"type":"Feature","id":"global_port::1730088515","properties":{"id":"global_port::1730088515","stable_key":"global_port::1730088515","name":"Puerto Madryn","legal_designation":"important","legal_designation_label":"Important port","manager_type_code":"global","importance":"regional_core","importance_rank":2,"source":"natural_earth_10m_ports","source_ne_id":"1730088515","website":"www.appm.com.ar"},"geometry":{"type":"Point","coordinates":[-65.033333,-42.736111]}},{"type":"Feature","id":"global_port::1730088517","properties":{"id":"global_port::1730088517","stable_key":"global_port::1730088517","name":"Pago Pago","legal_designation":"important","legal_designation_label":"Important port","manager_type_code":"global","importance":"regional_core","importance_rank":2,"source":"natural_earth_10m_ports","source_ne_id":"1730088517","website":"americansamoa.gov"},"geometry":{"type":"Point","coordinates":[-170.687927,-14.274167]}},{"type":"Feature","id":"global_port::1730088519","properties":{"id":"global_port::1730088519","stable_key":"global_port::1730088519","name":"Mackay","legal_designation":"important","legal_designation_label":"Important port","manager_type_code":"global","importance":"regional_core","importance_rank":2,"source":"natural_earth_10m_ports","source_ne_id":"1730088519","website":"www.nqbp.com.au"},"geometry":{"type":"Point","coordinates":[149.223734,-21.108333]}},{"type":"Feature","id":"global_port::1730088521","properties":{"id":"global_port::1730088521","stable_key":"global_port::1730088521","name":"Port Lincoln","legal_designation":"important","legal_designation_label":"Important port","manager_type_code":"global","importance":"regional_core","importance_rank":2,"source":"natural_earth_10m_ports","source_ne_id":"1730088521","website":"www.flindersports.com.au"},"geometry":{"type":"Point","coordinates":[135.869494,-34.718333]}},{"type":"Feature","id":"global_port::1730088523","properties":{"id":"global_port::1730088523","stable_key":"global_port::1730088523","name":"Port Pirie","legal_designation":"important","legal_designation_label":"Important port","manager_type_code":"global","importance":"regional_core","importance_rank":2,"source":"natural_earth_10m_ports","source_ne_id":"1730088523","website":"www.flindersports.com.au"},"geometry":{"type":"Point","coordinates":[138.007244,-33.176944]}},{"type":"Feature","id":"global_port::1730088525","properties":{"id":"global_port::1730088525","stable_key":"global_port::1730088525","name":"Albany","legal_designation":"important","legal_designation_label":"Important port","manager_type_code":"global","importance":"regional_core","importance_rank":2,"source":"natural_earth_10m_ports","source_ne_id":"1730088525","website":"www.albanyport.com.au"},"geometry":{"type":"Point","coordinates":[117.88669,-35.031667]}},{"type":"Feature","id":"global_port::1730088527","properties":{"id":"global_port::1730088527","stable_key":"global_port::1730088527","name":"Barrow Island","legal_designation":"important","legal_designation_label":"Important port","manager_type_code":"global","importance":"regional_core","importance_rank":2,"source":"natural_earth_10m_ports","source_ne_id":"1730088527","website":""},"geometry":{"type":"Point","coordinates":[115.470907,-20.725833]}},{"type":"Feature","id":"global_port::1730088529","properties":{"id":"global_port::1730088529","stable_key":"global_port::1730088529","name":"Bunbury","legal_designation":"important","legal_designation_label":"Important port","manager_type_code":"global","importance":"regional_core","importance_rank":2,"source":"natural_earth_10m_ports","source_ne_id":"1730088529","website":"www.byport.com.au"},"geometry":{"type":"Point","coordinates":[115.651237,-33.315278]}},{"type":"Feature","id":"global_port::1730088533","properties":{"id":"global_port::1730088533","stable_key":"global_port::1730088533","name":"Burnie","legal_designation":"important","legal_designation_label":"Important port","manager_type_code":"global","importance":"regional_core","importance_rank":2,"source":"natural_earth_10m_ports","source_ne_id":"1730088533","website":"www.tasports.com.au"},"geometry":{"type":"Point","coordinates":[145.908127,-41.052778]}},{"type":"Feature","id":"global_port::1730088535","properties":{"id":"global_port::1730088535","stable_key":"global_port::1730088535","name":"Geelong","legal_designation":"important","legal_designation_label":"Important port","manager_type_code":"global","importance":"regional_core","importance_rank":2,"source":"natural_earth_10m_ports","source_ne_id":"1730088535","website":"www.geelongport.com.au"},"geometry":{"type":"Point","coordinates":[144.387397,-38.126667]}},{"type":"Feature","id":"global_port::1730088537","properties":{"id":"global_port::1730088537","stable_key":"global_port::1730088537","name":"Gladstone","legal_designation":"important","legal_designation_label":"Important port","manager_type_code":"global","importance":"regional_core","importance_rank":2,"source":"natural_earth_10m_ports","source_ne_id":"1730088537","website":"www.gpcl.com.au"},"geometry":{"type":"Point","coordinates":[151.251767,-23.83]}},{"type":"Feature","id":"global_port::1730088539","properties":{"id":"global_port::1730088539","stable_key":"global_port::1730088539","name":"Newcastle","legal_designation":"important","legal_designation_label":"Important port","manager_type_code":"global","importance":"regional_core","importance_rank":2,"source":"natural_earth_10m_ports","source_ne_id":"1730088539","website":"www.newportcorp.com.au"},"geometry":{"type":"Point","coordinates":[151.76914,-32.9075]}},{"type":"Feature","id":"global_port::1730088541","properties":{"id":"global_port::1730088541","stable_key":"global_port::1730088541","name":"Port Kembla","legal_designation":"important","legal_designation_label":"Important port","manager_type_code":"global","importance":"regional_core","importance_rank":2,"source":"natural_earth_10m_ports","source_ne_id":"1730088541","website":"www.kemblaport.com.au"},"geometry":{"type":"Point","coordinates":[150.893581,-34.4625]}},{"type":"Feature","id":"global_port::1730088543","properties":{"id":"global_port::1730088543","stable_key":"global_port::1730088543","name":"Portland","legal_designation":"important","legal_designation_label":"Important port","manager_type_code":"global","importance":"regional_core","importance_rank":2,"source":"natural_earth_10m_ports","source_ne_id":"1730088543","website":"www.portofportland.com.au"},"geometry":{"type":"Point","coordinates":[141.609364,-38.349167]}},{"type":"Feature","id":"global_port::1730088545","properties":{"id":"global_port::1730088545","stable_key":"global_port::1730088545","name":"Thursday Island","legal_designation":"important","legal_designation_label":"Important port","manager_type_code":"global","importance":"regional_core","importance_rank":2,"source":"natural_earth_10m_ports","source_ne_id":"1730088545","website":"www.cairnsports.com.au"},"geometry":{"type":"Point","coordinates":[142.218964,-10.585556]}},{"type":"Feature","id":"global_port::1730088547","properties":{"id":"global_port::1730088547","stable_key":"global_port::1730088547","name":"Townsville","legal_designation":"important","legal_designation_label":"Important port","manager_type_code":"global","importance":"regional_core","importance_rank":2,"source":"natural_earth_10m_ports","source_ne_id":"1730088547","website":"www.townsville-port.com.au"},"geometry":{"type":"Point","coordinates":[146.824794,-19.250833]}},{"type":"Feature","id":"global_port::1730088551","properties":{"id":"global_port::1730088551","stable_key":"global_port::1730088551","name":"Weipa","legal_designation":"important","legal_designation_label":"Important port","manager_type_code":"global","importance":"regional_core","importance_rank":2,"source":"natural_earth_10m_ports","source_ne_id":"1730088551","website":"www.nqbp.com.au"},"geometry":{"type":"Point","coordinates":[141.866667,-12.67]}},{"type":"Feature","id":"global_port::1730088553","properties":{"id":"global_port::1730088553","stable_key":"global_port::1730088553","name":"Whyalla","legal_designation":"important","legal_designation_label":"Important port","manager_type_code":"global","importance":"regional_core","importance_rank":2,"source":"natural_earth_10m_ports","source_ne_id":"1730088553","website":"www.onesteel.com"},"geometry":{"type":"Point","coordinates":[137.590754,-33.038333]}},{"type":"Feature","id":"global_port::1730088555","properties":{"id":"global_port::1730088555","stable_key":"global_port::1730088555","name":"Wyndham","legal_designation":"important","legal_designation_label":"Important port","manager_type_code":"global","importance":"regional_core","importance_rank":2,"source":"natural_earth_10m_ports","source_ne_id":"1730088555","website":""},"geometry":{"type":"Point","coordinates":[128.100883,-15.451389]}},{"type":"Feature","id":"global_port::1730088557","properties":{"id":"global_port::1730088557","stable_key":"global_port::1730088557","name":"Brussel (Bruxelles)","legal_designation":"important","legal_designation_label":"Important port","manager_type_code":"global","importance":"regional_core","importance_rank":2,"source":"natural_earth_10m_ports","source_ne_id":"1730088557","website":"www.portdebruxelles.irisnet.be"},"geometry":{"type":"Point","coordinates":[4.38616,50.886111]}},{"type":"Feature","id":"global_port::1730088559","properties":{"id":"global_port::1730088559","stable_key":"global_port::1730088559","name":"Gent (Ghent)","legal_designation":"important","legal_designation_label":"Important port","manager_type_code":"global","importance":"regional_core","importance_rank":2,"source":"natural_earth_10m_ports","source_ne_id":"1730088559","website":"www.havengent.be"},"geometry":{"type":"Point","coordinates":[3.767373,51.114444]}},{"type":"Feature","id":"global_port::1730088561","properties":{"id":"global_port::1730088561","stable_key":"global_port::1730088561","name":"Ilheus","legal_designation":"important","legal_designation_label":"Important port","manager_type_code":"global","importance":"regional_core","importance_rank":2,"source":"natural_earth_10m_ports","source_ne_id":"1730088561","website":"www.codeba.com.br"},"geometry":{"type":"Point","coordinates":[-39.025677,-14.780278]}},{"type":"Feature","id":"global_port::1730088563","properties":{"id":"global_port::1730088563","stable_key":"global_port::1730088563","name":"Maceio","legal_designation":"important","legal_designation_label":"Important port","manager_type_code":"global","importance":"regional_core","importance_rank":2,"source":"natural_earth_10m_ports","source_ne_id":"1730088563","website":"www.portodemaceio.com.br"},"geometry":{"type":"Point","coordinates":[-35.72232,-9.678889]}},{"type":"Feature","id":"global_port::1730088565","properties":{"id":"global_port::1730088565","stable_key":"global_port::1730088565","name":"Natal","legal_designation":"important","legal_designation_label":"Important port","manager_type_code":"global","importance":"regional_core","importance_rank":2,"source":"natural_earth_10m_ports","source_ne_id":"1730088565","website":"www.codern.com.br"},"geometry":{"type":"Point","coordinates":[-35.2,-5.783056]}},{"type":"Feature","id":"global_port::1730088569","properties":{"id":"global_port::1730088569","stable_key":"global_port::1730088569","name":"Rio Grande","legal_designation":"important","legal_designation_label":"Important port","manager_type_code":"global","importance":"regional_core","importance_rank":2,"source":"natural_earth_10m_ports","source_ne_id":"1730088569","website":"www.portoriogrande.com.br"},"geometry":{"type":"Point","coordinates":[-52.076207,-32.056111]}},{"type":"Feature","id":"global_port::1730088571","properties":{"id":"global_port::1730088571","stable_key":"global_port::1730088571","name":"Vitoria","legal_designation":"important","legal_designation_label":"Important port","manager_type_code":"global","importance":"regional_core","importance_rank":2,"source":"natural_earth_10m_ports","source_ne_id":"1730088571","website":"www.portodevitoria.com.br"},"geometry":{"type":"Point","coordinates":[-40.3351,-20.323333]}},{"type":"Feature","id":"global_port::1730088573","properties":{"id":"global_port::1730088573","stable_key":"global_port::1730088573","name":"Ocean Falls","legal_designation":"important","legal_designation_label":"Important port","manager_type_code":"global","importance":"regional_core","importance_rank":2,"source":"natural_earth_10m_ports","source_ne_id":"1730088573","website":""},"geometry":{"type":"Point","coordinates":[-127.68881,52.350833]}},{"type":"Feature","id":"global_port::1730088575","properties":{"id":"global_port::1730088575","stable_key":"global_port::1730088575","name":"Argentia","legal_designation":"important","legal_designation_label":"Important port","manager_type_code":"global","importance":"regional_core","importance_rank":2,"source":"natural_earth_10m_ports","source_ne_id":"1730088575","website":"www.argentia.ca/port.html"},"geometry":{"type":"Point","coordinates":[-53.986867,47.293056]}},{"type":"Feature","id":"global_port::1730088577","properties":{"id":"global_port::1730088577","stable_key":"global_port::1730088577","name":"Bathurst","legal_designation":"important","legal_designation_label":"Important port","manager_type_code":"global","importance":"regional_core","importance_rank":2,"source":"natural_earth_10m_ports","source_ne_id":"1730088577","website":""},"geometry":{"type":"Point","coordinates":[-65.65,47.616667]}},{"type":"Feature","id":"global_port::1730088579","properties":{"id":"global_port::1730088579","stable_key":"global_port::1730088579","name":"Gaspe","legal_designation":"important","legal_designation_label":"Important port","manager_type_code":"global","importance":"regional_core","importance_rank":2,"source":"natural_earth_10m_ports","source_ne_id":"1730088579","website":"www.tc.gc.ca/quebec/en/port/gaspe.htm"},"geometry":{"type":"Point","coordinates":[-64.43722,48.824444]}},{"type":"Feature","id":"global_port::1730088581","properties":{"id":"global_port::1730088581","stable_key":"global_port::1730088581","name":"Port Alberni","legal_designation":"important","legal_designation_label":"Important port","manager_type_code":"global","importance":"regional_core","importance_rank":2,"source":"natural_earth_10m_ports","source_ne_id":"1730088581","website":"www.portalberniportauthority.ca"},"geometry":{"type":"Point","coordinates":[-124.819317,49.23]}},{"type":"Feature","id":"global_port::1730088583","properties":{"id":"global_port::1730088583","stable_key":"global_port::1730088583","name":"Powell River","legal_designation":"important","legal_designation_label":"Important port","manager_type_code":"global","importance":"regional_core","importance_rank":2,"source":"natural_earth_10m_ports","source_ne_id":"1730088583","website":"www.powellriver.ca"},"geometry":{"type":"Point","coordinates":[-124.524794,49.835]}},{"type":"Feature","id":"global_port::1730088587","properties":{"id":"global_port::1730088587","stable_key":"global_port::1730088587","name":"Sept-Iles","legal_designation":"important","legal_designation_label":"Important port","manager_type_code":"global","importance":"regional_core","importance_rank":2,"source":"natural_earth_10m_ports","source_ne_id":"1730088587","website":"www.portsi.com"},"geometry":{"type":"Point","coordinates":[-66.383863,50.206389]}},{"type":"Feature","id":"global_port::1730088589","properties":{"id":"global_port::1730088589","stable_key":"global_port::1730088589","name":"Sydney","legal_designation":"important","legal_designation_label":"Important port","manager_type_code":"global","importance":"regional_core","importance_rank":2,"source":"natural_earth_10m_ports","source_ne_id":"1730088589","website":"www.portofsydney.ca"},"geometry":{"type":"Point","coordinates":[-60.203004,46.141944]}},{"type":"Feature","id":"global_port::1730088591","properties":{"id":"global_port::1730088591","stable_key":"global_port::1730088591","name":"Trois-Rivieres (Three Rivers)","legal_designation":"important","legal_designation_label":"Important port","manager_type_code":"global","importance":"regional_core","importance_rank":2,"source":"natural_earth_10m_ports","source_ne_id":"1730088591","website":"www.porttr.com"},"geometry":{"type":"Point","coordinates":[-72.538987,46.335833]}},{"type":"Feature","id":"global_port::1730088593","properties":{"id":"global_port::1730088593","stable_key":"global_port::1730088593","name":"Yarmouth","legal_designation":"important","legal_designation_label":"Important port","manager_type_code":"global","importance":"regional_core","importance_rank":2,"source":"natural_earth_10m_ports","source_ne_id":"1730088593","website":"www.portofyarmouth.com"},"geometry":{"type":"Point","coordinates":[-66.120907,43.835556]}},{"type":"Feature","id":"global_port::1730088595","properties":{"id":"global_port::1730088595","stable_key":"global_port::1730088595","name":"Rimouski","legal_designation":"important","legal_designation_label":"Important port","manager_type_code":"global","importance":"regional_core","importance_rank":2,"source":"natural_earth_10m_ports","source_ne_id":"1730088595","website":""},"geometry":{"type":"Point","coordinates":[-68.508127,48.477778]}},{"type":"Feature","id":"global_port::1730088597","properties":{"id":"global_port::1730088597","stable_key":"global_port::1730088597","name":"Riviere-du-Loup","legal_designation":"important","legal_designation_label":"Important port","manager_type_code":"global","importance":"regional_core","importance_rank":2,"source":"natural_earth_10m_ports","source_ne_id":"1730088597","website":""},"geometry":{"type":"Point","coordinates":[-69.56808,47.846667]}},{"type":"Feature","id":"global_port::1730088599","properties":{"id":"global_port::1730088599","stable_key":"global_port::1730088599","name":"Saint-Anthony","legal_designation":"important","legal_designation_label":"Important port","manager_type_code":"global","importance":"regional_core","importance_rank":2,"source":"natural_earth_10m_ports","source_ne_id":"1730088599","website":""},"geometry":{"type":"Point","coordinates":[-55.577091,51.366667]}},{"type":"Feature","id":"global_port::1730088601","properties":{"id":"global_port::1730088601","stable_key":"global_port::1730088601","name":"Summerside","legal_designation":"important","legal_designation_label":"Important port","manager_type_code":"global","importance":"regional_core","importance_rank":2,"source":"natural_earth_10m_ports","source_ne_id":"1730088601","website":""},"geometry":{"type":"Point","coordinates":[-63.787044,46.388611]}},{"type":"Feature","id":"global_port::1730088605","properties":{"id":"global_port::1730088605","stable_key":"global_port::1730088605","name":"Arica","legal_designation":"important","legal_designation_label":"Important port","manager_type_code":"global","importance":"regional_core","importance_rank":2,"source":"natural_earth_10m_ports","source_ne_id":"1730088605","website":"www.puertoarica.cl"},"geometry":{"type":"Point","coordinates":[-70.321967,-18.473056]}},{"type":"Feature","id":"global_port::1730088607","properties":{"id":"global_port::1730088607","stable_key":"global_port::1730088607","name":"Tocopilla","legal_designation":"important","legal_designation_label":"Important port","manager_type_code":"global","importance":"regional_core","importance_rank":2,"source":"natural_earth_10m_ports","source_ne_id":"1730088607","website":""},"geometry":{"type":"Point","coordinates":[-70.205654,-22.086111]}},{"type":"Feature","id":"global_port::1730088609","properties":{"id":"global_port::1730088609","stable_key":"global_port::1730088609","name":"Beihai","legal_designation":"important","legal_designation_label":"Important port","manager_type_code":"global","importance":"regional_core","importance_rank":2,"source":"natural_earth_10m_ports","source_ne_id":"1730088609","website":""},"geometry":{"type":"Point","coordinates":[109.070554,21.458611]}},{"type":"Feature","id":"global_port::1730088611","properties":{"id":"global_port::1730088611","stable_key":"global_port::1730088611","name":"Jiangmen","legal_designation":"important","legal_designation_label":"Important port","manager_type_code":"global","importance":"regional_core","importance_rank":2,"source":"natural_earth_10m_ports","source_ne_id":"1730088611","website":"www.jmct.com.cn"},"geometry":{"type":"Point","coordinates":[113.001943,22.5025]}},{"type":"Feature","id":"global_port::1730088613","properties":{"id":"global_port::1730088613","stable_key":"global_port::1730088613","name":"Wenzhou","legal_designation":"important","legal_designation_label":"Important port","manager_type_code":"global","importance":"regional_core","importance_rank":2,"source":"natural_earth_10m_ports","source_ne_id":"1730088613","website":"www.wzport.com"},"geometry":{"type":"Point","coordinates":[120.884747,27.998333]}},{"type":"Feature","id":"global_port::1730088615","properties":{"id":"global_port::1730088615","stable_key":"global_port::1730088615","name":"Yantai","legal_designation":"important","legal_designation_label":"Important port","manager_type_code":"global","importance":"regional_core","importance_rank":2,"source":"natural_earth_10m_ports","source_ne_id":"1730088615","website":"www.yantaiport.com.cn"},"geometry":{"type":"Point","coordinates":[121.388987,37.571111]}},{"type":"Feature","id":"global_port::1730088617","properties":{"id":"global_port::1730088617","stable_key":"global_port::1730088617","name":"Zhuhai","legal_designation":"important","legal_designation_label":"Important port","manager_type_code":"global","importance":"regional_core","importance_rank":2,"source":"natural_earth_10m_ports","source_ne_id":"1730088617","website":"www.zhuhai-port.com"},"geometry":{"type":"Point","coordinates":[113.584217,22.239722]}},{"type":"Feature","id":"global_port::1730088619","properties":{"id":"global_port::1730088619","stable_key":"global_port::1730088619","name":"Santa Marta","legal_designation":"important","legal_designation_label":"Important port","manager_type_code":"global","importance":"regional_core","importance_rank":2,"source":"natural_earth_10m_ports","source_ne_id":"1730088619","website":"www.spsm.com.co"},"geometry":{"type":"Point","coordinates":[-74.21702,11.251944]}},{"type":"Feature","id":"global_port::1730088623","properties":{"id":"global_port::1730088623","stable_key":"global_port::1730088623","name":"Buenaventura","legal_designation":"important","legal_designation_label":"Important port","manager_type_code":"global","importance":"regional_core","importance_rank":2,"source":"natural_earth_10m_ports","source_ne_id":"1730088623","website":"www.puertobuenaventura.com"},"geometry":{"type":"Point","coordinates":[-77.053357,3.883056]}},{"type":"Feature","id":"global_port::1730088625","properties":{"id":"global_port::1730088625","stable_key":"global_port::1730088625","name":"Praia","legal_designation":"important","legal_designation_label":"Important port","manager_type_code":"global","importance":"regional_core","importance_rank":2,"source":"natural_earth_10m_ports","source_ne_id":"1730088625","website":"www.enapor.cv"},"geometry":{"type":"Point","coordinates":[-23.50318,14.944722]}},{"type":"Feature","id":"global_port::1730088627","properties":{"id":"global_port::1730088627","stable_key":"global_port::1730088627","name":"Golfito","legal_designation":"important","legal_designation_label":"Important port","manager_type_code":"global","importance":"regional_core","importance_rank":2,"source":"natural_earth_10m_ports","source_ne_id":"1730088627","website":""},"geometry":{"type":"Point","coordinates":[-83.166667,8.637778]}},{"type":"Feature","id":"global_port::1730088629","properties":{"id":"global_port::1730088629","stable_key":"global_port::1730088629","name":"Cienfuegos","legal_designation":"important","legal_designation_label":"Important port","manager_type_code":"global","importance":"regional_core","importance_rank":2,"source":"natural_earth_10m_ports","source_ne_id":"1730088629","website":""},"geometry":{"type":"Point","coordinates":[-80.45371,22.14]}},{"type":"Feature","id":"global_port::1730088631","properties":{"id":"global_port::1730088631","stable_key":"global_port::1730088631","name":"Manzanillo","legal_designation":"important","legal_designation_label":"Important port","manager_type_code":"global","importance":"regional_core","importance_rank":2,"source":"natural_earth_10m_ports","source_ne_id":"1730088631","website":""},"geometry":{"type":"Point","coordinates":[-77.13351,20.3375]}},{"type":"Feature","id":"global_port::1730088633","properties":{"id":"global_port::1730088633","stable_key":"global_port::1730088633","name":"Matanzas","legal_designation":"important","legal_designation_label":"Important port","manager_type_code":"global","importance":"regional_core","importance_rank":2,"source":"natural_earth_10m_ports","source_ne_id":"1730088633","website":""},"geometry":{"type":"Point","coordinates":[-81.537044,23.051389]}},{"type":"Feature","id":"global_port::1730088635","properties":{"id":"global_port::1730088635","stable_key":"global_port::1730088635","name":"Santiago de Cuba","legal_designation":"important","legal_designation_label":"Important port","manager_type_code":"global","importance":"regional_core","importance_rank":2,"source":"natural_earth_10m_ports","source_ne_id":"1730088635","website":""},"geometry":{"type":"Point","coordinates":[-75.856714,20.001667]}},{"type":"Feature","id":"global_port::1730088637","properties":{"id":"global_port::1730088637","stable_key":"global_port::1730088637","name":"Emden","legal_designation":"important","legal_designation_label":"Important port","manager_type_code":"global","importance":"regional_core","importance_rank":2,"source":"natural_earth_10m_ports","source_ne_id":"1730088637","website":"www.seaport-emden.de"},"geometry":{"type":"Point","coordinates":[7.192874,53.346111]}},{"type":"Feature","id":"global_port::1730088641","properties":{"id":"global_port::1730088641","stable_key":"global_port::1730088641","name":"Flensburg","legal_designation":"important","legal_designation_label":"Important port","manager_type_code":"global","importance":"regional_core","importance_rank":2,"source":"natural_earth_10m_ports","source_ne_id":"1730088641","website":"www.flensburg-tourismus.de"},"geometry":{"type":"Point","coordinates":[9.436867,54.803333]}},{"type":"Feature","id":"global_port::1730088643","properties":{"id":"global_port::1730088643","stable_key":"global_port::1730088643","name":"Wilhelmshaven","legal_designation":"important","legal_designation_label":"Important port","manager_type_code":"global","importance":"regional_core","importance_rank":2,"source":"natural_earth_10m_ports","source_ne_id":"1730088643","website":"www.wilhelmshaven-port.de"},"geometry":{"type":"Point","coordinates":[8.122144,53.53]}},{"type":"Feature","id":"global_port::1730088645","properties":{"id":"global_port::1730088645","stable_key":"global_port::1730088645","name":"Esbjerg","legal_designation":"important","legal_designation_label":"Important port","manager_type_code":"global","importance":"regional_core","importance_rank":2,"source":"natural_earth_10m_ports","source_ne_id":"1730088645","website":"www.port-of-esbjerg.dk"},"geometry":{"type":"Point","coordinates":[8.433863,55.465556]}},{"type":"Feature","id":"global_port::1730088647","properties":{"id":"global_port::1730088647","stable_key":"global_port::1730088647","name":"Odense","legal_designation":"important","legal_designation_label":"Important port","manager_type_code":"global","importance":"regional_core","importance_rank":2,"source":"natural_earth_10m_ports","source_ne_id":"1730088647","website":"www.odensehavn.dk"},"geometry":{"type":"Point","coordinates":[10.386867,55.4175]}},{"type":"Feature","id":"global_port::1730088649","properties":{"id":"global_port::1730088649","stable_key":"global_port::1730088649","name":"Sonderborg","legal_designation":"important","legal_designation_label":"Important port","manager_type_code":"global","importance":"regional_core","importance_rank":2,"source":"natural_earth_10m_ports","source_ne_id":"1730088649","website":"www.sonderborg-kommune.dk"},"geometry":{"type":"Point","coordinates":[9.776737,54.906944]}},{"type":"Feature","id":"global_port::1730088651","properties":{"id":"global_port::1730088651","stable_key":"global_port::1730088651","name":"Ronne","legal_designation":"important","legal_designation_label":"Important port","manager_type_code":"global","importance":"regional_core","importance_rank":2,"source":"natural_earth_10m_ports","source_ne_id":"1730088651","website":"www.roennehavn.dk"},"geometry":{"type":"Point","coordinates":[14.68775,55.096111]}},{"type":"Feature","id":"global_port::1730088653","properties":{"id":"global_port::1730088653","stable_key":"global_port::1730088653","name":"Barahona","legal_designation":"important","legal_designation_label":"Important port","manager_type_code":"global","importance":"regional_core","importance_rank":2,"source":"natural_earth_10m_ports","source_ne_id":"1730088653","website":"www.apordom.gov.do"},"geometry":{"type":"Point","coordinates":[-71.086514,18.212222]}},{"type":"Feature","id":"global_port::1730088655","properties":{"id":"global_port::1730088655","stable_key":"global_port::1730088655","name":"Cabo Rojo","legal_designation":"important","legal_designation_label":"Important port","manager_type_code":"global","importance":"regional_core","importance_rank":2,"source":"natural_earth_10m_ports","source_ne_id":"1730088655","website":"www.apordom.gov.do"},"geometry":{"type":"Point","coordinates":[-71.654947,17.925278]}},{"type":"Feature","id":"global_port::1730088659","properties":{"id":"global_port::1730088659","stable_key":"global_port::1730088659","name":"Oran","legal_designation":"important","legal_designation_label":"Important port","manager_type_code":"global","importance":"regional_core","importance_rank":2,"source":"natural_earth_10m_ports","source_ne_id":"1730088659","website":""},"geometry":{"type":"Point","coordinates":[-0.63669,35.7125]}},{"type":"Feature","id":"global_port::1730088661","properties":{"id":"global_port::1730088661","stable_key":"global_port::1730088661","name":"A Coruna","legal_designation":"important","legal_designation_label":"Important port","manager_type_code":"global","importance":"regional_core","importance_rank":2,"source":"natural_earth_10m_ports","source_ne_id":"1730088661","website":"www.puertocoruna.com"},"geometry":{"type":"Point","coordinates":[-8.387927,43.363056]}},{"type":"Feature","id":"global_port::1730088663","properties":{"id":"global_port::1730088663","stable_key":"global_port::1730088663","name":"Almeria","legal_designation":"important","legal_designation_label":"Important port","manager_type_code":"global","importance":"regional_core","importance_rank":2,"source":"natural_earth_10m_ports","source_ne_id":"1730088663","website":"www.apalmeriamotril.com"},"geometry":{"type":"Point","coordinates":[-2.47126,36.832222]}},{"type":"Feature","id":"global_port::1730088665","properties":{"id":"global_port::1730088665","stable_key":"global_port::1730088665","name":"Gijon","legal_designation":"important","legal_designation_label":"Important port","manager_type_code":"global","importance":"regional_core","importance_rank":2,"source":"natural_earth_10m_ports","source_ne_id":"1730088665","website":"www.puertogijon.es"},"geometry":{"type":"Point","coordinates":[-5.688634,43.558611]}},{"type":"Feature","id":"global_port::1730088667","properties":{"id":"global_port::1730088667","stable_key":"global_port::1730088667","name":"San Sebastian","legal_designation":"important","legal_designation_label":"Important port","manager_type_code":"global","importance":"regional_core","importance_rank":2,"source":"natural_earth_10m_ports","source_ne_id":"1730088667","website":""},"geometry":{"type":"Point","coordinates":[-1.986867,43.322778]}},{"type":"Feature","id":"global_port::1730088669","properties":{"id":"global_port::1730088669","stable_key":"global_port::1730088669","name":"Santander","legal_designation":"important","legal_designation_label":"Important port","manager_type_code":"global","importance":"regional_core","importance_rank":2,"source":"natural_earth_10m_ports","source_ne_id":"1730088669","website":"www.puertosantander.es"},"geometry":{"type":"Point","coordinates":[-3.804947,43.442222]}},{"type":"Feature","id":"global_port::1730088671","properties":{"id":"global_port::1730088671","stable_key":"global_port::1730088671","name":"Tarragona","legal_designation":"important","legal_designation_label":"Important port","manager_type_code":"global","importance":"regional_core","importance_rank":2,"source":"natural_earth_10m_ports","source_ne_id":"1730088671","website":"www.porttarragona.es"},"geometry":{"type":"Point","coordinates":[1.2202,41.096111]}},{"type":"Feature","id":"global_port::1730088673","properties":{"id":"global_port::1730088673","stable_key":"global_port::1730088673","name":"Oulu","legal_designation":"important","legal_designation_label":"Important port","manager_type_code":"global","importance":"regional_core","importance_rank":2,"source":"natural_earth_10m_ports","source_ne_id":"1730088673","website":"www.ouluport.com"},"geometry":{"type":"Point","coordinates":[25.454594,65.015833]}},{"type":"Feature","id":"global_port::1730088677","properties":{"id":"global_port::1730088677","stable_key":"global_port::1730088677","name":"Bayonne","legal_designation":"important","legal_designation_label":"Important port","manager_type_code":"global","importance":"regional_core","importance_rank":2,"source":"natural_earth_10m_ports","source_ne_id":"1730088677","website":"www.bayonne.cci.fr"},"geometry":{"type":"Point","coordinates":[-1.493757,43.519722]}},{"type":"Feature","id":"global_port::1730088679","properties":{"id":"global_port::1730088679","stable_key":"global_port::1730088679","name":"Boulogne-sur-Mer","legal_designation":"important","legal_designation_label":"Important port","manager_type_code":"global","importance":"regional_core","importance_rank":2,"source":"natural_earth_10m_ports","source_ne_id":"1730088679","website":"www.portboulogne.com"},"geometry":{"type":"Point","coordinates":[1.575501,50.723611]}},{"type":"Feature","id":"global_port::1730088681","properties":{"id":"global_port::1730088681","stable_key":"global_port::1730088681","name":"Brest","legal_designation":"important","legal_designation_label":"Important port","manager_type_code":"global","importance":"regional_core","importance_rank":2,"source":"natural_earth_10m_ports","source_ne_id":"1730088681","website":"www.brest.port.fr"},"geometry":{"type":"Point","coordinates":[-4.471437,48.380556]}},{"type":"Feature","id":"global_port::1730088683","properties":{"id":"global_port::1730088683","stable_key":"global_port::1730088683","name":"Cannes","legal_designation":"important","legal_designation_label":"Important port","manager_type_code":"global","importance":"regional_core","importance_rank":2,"source":"natural_earth_10m_ports","source_ne_id":"1730088683","website":"www.riviera-ports.com"},"geometry":{"type":"Point","coordinates":[7.009187,43.548056]}},{"type":"Feature","id":"global_port::1730088685","properties":{"id":"global_port::1730088685","stable_key":"global_port::1730088685","name":"Cherbourg","legal_designation":"important","legal_designation_label":"Important port","manager_type_code":"global","importance":"regional_core","importance_rank":2,"source":"natural_earth_10m_ports","source_ne_id":"1730088685","website":"www.port-cherbourg.com"},"geometry":{"type":"Point","coordinates":[-1.61755,49.652222]}},{"type":"Feature","id":"global_port::1730088687","properties":{"id":"global_port::1730088687","stable_key":"global_port::1730088687","name":"Dieppe","legal_designation":"important","legal_designation_label":"Important port","manager_type_code":"global","importance":"regional_core","importance_rank":2,"source":"natural_earth_10m_ports","source_ne_id":"1730088687","website":""},"geometry":{"type":"Point","coordinates":[1.085984,49.926389]}},{"type":"Feature","id":"global_port::1730088689","properties":{"id":"global_port::1730088689","stable_key":"global_port::1730088689","name":"Granville","legal_designation":"important","legal_designation_label":"Important port","manager_type_code":"global","importance":"regional_core","importance_rank":2,"source":"natural_earth_10m_ports","source_ne_id":"1730088689","website":"www.granville.cci.fr"},"geometry":{"type":"Point","coordinates":[-1.60106,48.834722]}},{"type":"Feature","id":"global_port::1730088691","properties":{"id":"global_port::1730088691","stable_key":"global_port::1730088691","name":"La Rochelle","legal_designation":"important","legal_designation_label":"Important port","manager_type_code":"global","importance":"regional_core","importance_rank":2,"source":"natural_earth_10m_ports","source_ne_id":"1730088691","website":"www.larochelle.port.fr"},"geometry":{"type":"Point","coordinates":[-1.157774,46.146667]}},{"type":"Feature","id":"global_port::1730088695","properties":{"id":"global_port::1730088695","stable_key":"global_port::1730088695","name":"Lorient","legal_designation":"important","legal_designation_label":"Important port","manager_type_code":"global","importance":"regional_core","importance_rank":2,"source":"natural_earth_10m_ports","source_ne_id":"1730088695","website":"www.lorient.port.fr"},"geometry":{"type":"Point","coordinates":[-3.35212,47.734167]}},{"type":"Feature","id":"global_port::1730088697","properties":{"id":"global_port::1730088697","stable_key":"global_port::1730088697","name":"Morlaix","legal_designation":"important","legal_designation_label":"Important port","manager_type_code":"global","importance":"regional_core","importance_rank":2,"source":"natural_earth_10m_ports","source_ne_id":"1730088697","website":""},"geometry":{"type":"Point","coordinates":[-3.834923,48.585278]}},{"type":"Feature","id":"global_port::1730088699","properties":{"id":"global_port::1730088699","stable_key":"global_port::1730088699","name":"Rochefort","legal_designation":"important","legal_designation_label":"Important port","manager_type_code":"global","importance":"regional_core","importance_rank":2,"source":"natural_earth_10m_ports","source_ne_id":"1730088699","website":"www.rochefort.port.fr"},"geometry":{"type":"Point","coordinates":[-0.953004,45.949167]}},{"type":"Feature","id":"global_port::1730088701","properties":{"id":"global_port::1730088701","stable_key":"global_port::1730088701","name":"Toulon","legal_designation":"important","legal_designation_label":"Important port","manager_type_code":"global","importance":"regional_core","importance_rank":2,"source":"natural_earth_10m_ports","source_ne_id":"1730088701","website":""},"geometry":{"type":"Point","coordinates":[5.90477,43.110556]}},{"type":"Feature","id":"global_port::1730088703","properties":{"id":"global_port::1730088703","stable_key":"global_port::1730088703","name":"Owendo","legal_designation":"important","legal_designation_label":"Important port","manager_type_code":"global","importance":"regional_core","importance_rank":2,"source":"natural_earth_10m_ports","source_ne_id":"1730088703","website":"www.ports-gabon.com"},"geometry":{"type":"Point","coordinates":[9.500883,0.288333]}},{"type":"Feature","id":"global_port::1730088705","properties":{"id":"global_port::1730088705","stable_key":"global_port::1730088705","name":"Aberdeen","legal_designation":"important","legal_designation_label":"Important port","manager_type_code":"global","importance":"regional_core","importance_rank":2,"source":"natural_earth_10m_ports","source_ne_id":"1730088705","website":"www.aberdeen-harbour.co.uk"},"geometry":{"type":"Point","coordinates":[-2.074617,57.142222]}},{"type":"Feature","id":"global_port::1730088707","properties":{"id":"global_port::1730088707","stable_key":"global_port::1730088707","name":"Liverpool","legal_designation":"important","legal_designation_label":"Important port","manager_type_code":"global","importance":"regional_core","importance_rank":2,"source":"natural_earth_10m_ports","source_ne_id":"1730088707","website":"www.merseydocks.co.uk"},"geometry":{"type":"Point","coordinates":[-3.007244,53.436389]}},{"type":"Feature","id":"global_port::1730088709","properties":{"id":"global_port::1730088709","stable_key":"global_port::1730088709","name":"Plymouth","legal_designation":"important","legal_designation_label":"Important port","manager_type_code":"global","importance":"regional_core","importance_rank":2,"source":"natural_earth_10m_ports","source_ne_id":"1730088709","website":"www.abports.co.uk/custinfo/ports/plym.htm"},"geometry":{"type":"Point","coordinates":[-4.154064,50.364722]}},{"type":"Feature","id":"global_port::1730088713","properties":{"id":"global_port::1730088713","stable_key":"global_port::1730088713","name":"Portsmouth","legal_designation":"important","legal_designation_label":"Important port","manager_type_code":"global","importance":"regional_core","importance_rank":2,"source":"natural_earth_10m_ports","source_ne_id":"1730088713","website":"www.portsmouth-port.co.uk"},"geometry":{"type":"Point","coordinates":[-1.1,50.8075]}},{"type":"Feature","id":"global_port::1730088715","properties":{"id":"global_port::1730088715","stable_key":"global_port::1730088715","name":"Batumi","legal_designation":"important","legal_designation_label":"Important port","manager_type_code":"global","importance":"regional_core","importance_rank":2,"source":"natural_earth_10m_ports","source_ne_id":"1730088715","website":"www.batumiport.com"},"geometry":{"type":"Point","coordinates":[41.65053,41.648889]}},{"type":"Feature","id":"global_port::1730088717","properties":{"id":"global_port::1730088717","stable_key":"global_port::1730088717","name":"Kavala","legal_designation":"important","legal_designation_label":"Important port","manager_type_code":"global","importance":"regional_core","importance_rank":2,"source":"natural_earth_10m_ports","source_ne_id":"1730088717","website":""},"geometry":{"type":"Point","coordinates":[24.401943,40.931389]}},{"type":"Feature","id":"global_port::1730088719","properties":{"id":"global_port::1730088719","stable_key":"global_port::1730088719","name":"Chios","legal_designation":"important","legal_designation_label":"Important port","manager_type_code":"global","importance":"regional_core","importance_rank":2,"source":"natural_earth_10m_ports","source_ne_id":"1730088719","website":"www.chiosport.gr"},"geometry":{"type":"Point","coordinates":[26.13775,38.377222]}},{"type":"Feature","id":"global_port::1730088721","properties":{"id":"global_port::1730088721","stable_key":"global_port::1730088721","name":"Kalamata","legal_designation":"important","legal_designation_label":"Important port","manager_type_code":"global","importance":"regional_core","importance_rank":2,"source":"natural_earth_10m_ports","source_ne_id":"1730088721","website":""},"geometry":{"type":"Point","coordinates":[22.108127,37.022778]}},{"type":"Feature","id":"global_port::1730088723","properties":{"id":"global_port::1730088723","stable_key":"global_port::1730088723","name":"Patras","legal_designation":"important","legal_designation_label":"Important port","manager_type_code":"global","importance":"regional_core","importance_rank":2,"source":"natural_earth_10m_ports","source_ne_id":"1730088723","website":"www.patrasport.gr"},"geometry":{"type":"Point","coordinates":[21.734923,38.254444]}},{"type":"Feature","id":"global_port::1730088725","properties":{"id":"global_port::1730088725","stable_key":"global_port::1730088725","name":"Volos","legal_designation":"important","legal_designation_label":"Important port","manager_type_code":"global","importance":"regional_core","importance_rank":2,"source":"natural_earth_10m_ports","source_ne_id":"1730088725","website":"www.port-volos.gr"},"geometry":{"type":"Point","coordinates":[22.93669,39.352778]}},{"type":"Feature","id":"global_port::1730088727","properties":{"id":"global_port::1730088727","stable_key":"global_port::1730088727","name":"Uummannaq","legal_designation":"important","legal_designation_label":"Important port","manager_type_code":"global","importance":"regional_core","importance_rank":2,"source":"natural_earth_10m_ports","source_ne_id":"1730088727","website":"www.ral.gl"},"geometry":{"type":"Point","coordinates":[-52.11914,70.674722]}},{"type":"Feature","id":"global_port::1730088731","properties":{"id":"global_port::1730088731","stable_key":"global_port::1730088731","name":"Puerto Barrios","legal_designation":"important","legal_designation_label":"Important port","manager_type_code":"global","importance":"regional_core","importance_rank":2,"source":"natural_earth_10m_ports","source_ne_id":"1730088731","website":"www.puertobarriosonline.com"},"geometry":{"type":"Point","coordinates":[-88.604064,15.728333]}},{"type":"Feature","id":"global_port::1730088733","properties":{"id":"global_port::1730088733","stable_key":"global_port::1730088733","name":"Pula","legal_designation":"important","legal_designation_label":"Important port","manager_type_code":"global","importance":"regional_core","importance_rank":2,"source":"natural_earth_10m_ports","source_ne_id":"1730088733","website":"www.luckauprava-pula.hr"},"geometry":{"type":"Point","coordinates":[13.834747,44.871667]}},{"type":"Feature","id":"global_port::1730088735","properties":{"id":"global_port::1730088735","stable_key":"global_port::1730088735","name":"Rijeka","legal_designation":"important","legal_designation_label":"Important port","manager_type_code":"global","importance":"regional_core","importance_rank":2,"source":"natural_earth_10m_ports","source_ne_id":"1730088735","website":"www.portauthority.hr"},"geometry":{"type":"Point","coordinates":[14.42232,45.3275]}},{"type":"Feature","id":"global_port::1730088737","properties":{"id":"global_port::1730088737","stable_key":"global_port::1730088737","name":"Split","legal_designation":"important","legal_designation_label":"Important port","manager_type_code":"global","importance":"regional_core","importance_rank":2,"source":"natural_earth_10m_ports","source_ne_id":"1730088737","website":"www.portsplit.com"},"geometry":{"type":"Point","coordinates":[16.425501,43.515]}},{"type":"Feature","id":"global_port::1730088739","properties":{"id":"global_port::1730088739","stable_key":"global_port::1730088739","name":"Banjarmasin","legal_designation":"important","legal_designation_label":"Important port","manager_type_code":"global","importance":"regional_core","importance_rank":2,"source":"natural_earth_10m_ports","source_ne_id":"1730088739","website":"www.pp3.co.id"},"geometry":{"type":"Point","coordinates":[114.5553,-3.321944]}},{"type":"Feature","id":"global_port::1730088741","properties":{"id":"global_port::1730088741","stable_key":"global_port::1730088741","name":"Tanjung Pandan","legal_designation":"important","legal_designation_label":"Important port","manager_type_code":"global","importance":"regional_core","importance_rank":2,"source":"natural_earth_10m_ports","source_ne_id":"1730088741","website":"portal.inaport2.co.id"},"geometry":{"type":"Point","coordinates":[107.627091,-2.75]}},{"type":"Feature","id":"global_port::1730088743","properties":{"id":"global_port::1730088743","stable_key":"global_port::1730088743","name":"Port Blair","legal_designation":"important","legal_designation_label":"Important port","manager_type_code":"global","importance":"regional_core","importance_rank":2,"source":"natural_earth_10m_ports","source_ne_id":"1730088743","website":""},"geometry":{"type":"Point","coordinates":[92.72391,11.672222]}},{"type":"Feature","id":"global_port::1730088745","properties":{"id":"global_port::1730088745","stable_key":"global_port::1730088745","name":"Kandla","legal_designation":"important","legal_designation_label":"Important port","manager_type_code":"global","importance":"regional_core","importance_rank":2,"source":"natural_earth_10m_ports","source_ne_id":"1730088745","website":"www.kandlaport.com"},"geometry":{"type":"Point","coordinates":[70.22232,23.013611]}},{"type":"Feature","id":"global_port::1730088749","properties":{"id":"global_port::1730088749","stable_key":"global_port::1730088749","name":"Pondicherry","legal_designation":"important","legal_designation_label":"Important port","manager_type_code":"global","importance":"regional_core","importance_rank":2,"source":"natural_earth_10m_ports","source_ne_id":"1730088749","website":"port.pon.nic.in"},"geometry":{"type":"Point","coordinates":[79.82232,11.914167]}},{"type":"Feature","id":"global_port::1730088751","properties":{"id":"global_port::1730088751","stable_key":"global_port::1730088751","name":"Cork","legal_designation":"important","legal_designation_label":"Important port","manager_type_code":"global","importance":"regional_core","importance_rank":2,"source":"natural_earth_10m_ports","source_ne_id":"1730088751","website":"www.portofcork.ie"},"geometry":{"type":"Point","coordinates":[-8.424441,51.901111]}},{"type":"Feature","id":"global_port::1730088753","properties":{"id":"global_port::1730088753","stable_key":"global_port::1730088753","name":"Galway","legal_designation":"important","legal_designation_label":"Important port","manager_type_code":"global","importance":"regional_core","importance_rank":2,"source":"natural_earth_10m_ports","source_ne_id":"1730088753","website":"www.galwayharbour.com"},"geometry":{"type":"Point","coordinates":[-9.043757,53.27]}},{"type":"Feature","id":"global_port::1730088755","properties":{"id":"global_port::1730088755","stable_key":"global_port::1730088755","name":"Bushehr","legal_designation":"important","legal_designation_label":"Important port","manager_type_code":"global","importance":"regional_core","importance_rank":2,"source":"natural_earth_10m_ports","source_ne_id":"1730088755","website":"www.pso.ir"},"geometry":{"type":"Point","coordinates":[50.836867,28.984722]}},{"type":"Feature","id":"global_port::1730088757","properties":{"id":"global_port::1730088757","stable_key":"global_port::1730088757","name":"Ancona","legal_designation":"important","legal_designation_label":"Important port","manager_type_code":"global","importance":"regional_core","importance_rank":2,"source":"natural_earth_10m_ports","source_ne_id":"1730088757","website":"www.autoritaportuale.ancona.it"},"geometry":{"type":"Point","coordinates":[13.492344,43.618333]}},{"type":"Feature","id":"global_port::1730088759","properties":{"id":"global_port::1730088759","stable_key":"global_port::1730088759","name":"Bari","legal_designation":"important","legal_designation_label":"Important port","manager_type_code":"global","importance":"regional_core","importance_rank":2,"source":"natural_earth_10m_ports","source_ne_id":"1730088759","website":"www.porto.bari.it"},"geometry":{"type":"Point","coordinates":[16.8553,41.136944]}},{"type":"Feature","id":"global_port::1730088761","properties":{"id":"global_port::1730088761","stable_key":"global_port::1730088761","name":"Cagliari","legal_designation":"important","legal_designation_label":"Important port","manager_type_code":"global","importance":"regional_core","importance_rank":2,"source":"natural_earth_10m_ports","source_ne_id":"1730088761","website":"www.porto.cagliari.it"},"geometry":{"type":"Point","coordinates":[9.107597,39.204167]}},{"type":"Feature","id":"global_port::1730088763","properties":{"id":"global_port::1730088763","stable_key":"global_port::1730088763","name":"Olbia","legal_designation":"important","legal_designation_label":"Important port","manager_type_code":"global","importance":"regional_core","importance_rank":2,"source":"natural_earth_10m_ports","source_ne_id":"1730088763","website":"www.olbiagolfoaranci.it"},"geometry":{"type":"Point","coordinates":[9.517903,40.922778]}},{"type":"Feature","id":"global_port::1730088767","properties":{"id":"global_port::1730088767","stable_key":"global_port::1730088767","name":"Pescara","legal_designation":"important","legal_designation_label":"Important port","manager_type_code":"global","importance":"regional_core","importance_rank":2,"source":"natural_earth_10m_ports","source_ne_id":"1730088767","website":""},"geometry":{"type":"Point","coordinates":[14.223734,42.467778]}},{"type":"Feature","id":"global_port::1730088769","properties":{"id":"global_port::1730088769","stable_key":"global_port::1730088769","name":"Reggio Calabria","legal_designation":"important","legal_designation_label":"Important port","manager_type_code":"global","importance":"regional_core","importance_rank":2,"source":"natural_earth_10m_ports","source_ne_id":"1730088769","website":""},"geometry":{"type":"Point","coordinates":[15.643757,38.124444]}},{"type":"Feature","id":"global_port::1730088771","properties":{"id":"global_port::1730088771","stable_key":"global_port::1730088771","name":"Trapani","legal_designation":"important","legal_designation_label":"Important port","manager_type_code":"global","importance":"regional_core","importance_rank":2,"source":"natural_earth_10m_ports","source_ne_id":"1730088771","website":""},"geometry":{"type":"Point","coordinates":[12.503887,38.013611]}},{"type":"Feature","id":"global_port::1730088773","properties":{"id":"global_port::1730088773","stable_key":"global_port::1730088773","name":"Aomori","legal_designation":"important","legal_designation_label":"Important port","manager_type_code":"global","importance":"regional_core","importance_rank":2,"source":"natural_earth_10m_ports","source_ne_id":"1730088773","website":"www.pref.aomori.lg.jp/kowankuko/english/minato/aomori/aomori.htm"},"geometry":{"type":"Point","coordinates":[140.742874,40.831389]}},{"type":"Feature","id":"global_port::1730088775","properties":{"id":"global_port::1730088775","stable_key":"global_port::1730088775","name":"Hakodate","legal_designation":"important","legal_designation_label":"Important port","manager_type_code":"global","importance":"regional_core","importance_rank":2,"source":"natural_earth_10m_ports","source_ne_id":"1730088775","website":"www.hakodate-port.jp"},"geometry":{"type":"Point","coordinates":[140.709011,41.787778]}},{"type":"Feature","id":"global_port::1730088777","properties":{"id":"global_port::1730088777","stable_key":"global_port::1730088777","name":"Kagoshima","legal_designation":"important","legal_designation_label":"Important port","manager_type_code":"global","importance":"regional_core","importance_rank":2,"source":"natural_earth_10m_ports","source_ne_id":"1730088777","website":"www.pref.kagoshima.jp/home/kowanka/cruise-net/english/01kagoshima"},"geometry":{"type":"Point","coordinates":[130.568787,31.5925]}},{"type":"Feature","id":"global_port::1730088779","properties":{"id":"global_port::1730088779","stable_key":"global_port::1730088779","name":"Kochi","legal_designation":"important","legal_designation_label":"Important port","manager_type_code":"global","importance":"regional_core","importance_rank":2,"source":"natural_earth_10m_ports","source_ne_id":"1730088779","website":"www.pref.kochi.lg.jp"},"geometry":{"type":"Point","coordinates":[133.557067,33.524167]}},{"type":"Feature","id":"global_port::1730088781","properties":{"id":"global_port::1730088781","stable_key":"global_port::1730088781","name":"Kushiro","legal_designation":"important","legal_designation_label":"Important port","manager_type_code":"global","importance":"regional_core","importance_rank":2,"source":"natural_earth_10m_ports","source_ne_id":"1730088781","website":"www.city.kushiro.hokkaido.jp"},"geometry":{"type":"Point","coordinates":[144.352297,42.988611]}},{"type":"Feature","id":"global_port::1730088785","properties":{"id":"global_port::1730088785","stable_key":"global_port::1730088785","name":"Niihama","legal_designation":"important","legal_designation_label":"Important port","manager_type_code":"global","importance":"regional_core","importance_rank":2,"source":"natural_earth_10m_ports","source_ne_id":"1730088785","website":""},"geometry":{"type":"Point","coordinates":[133.259541,33.970833]}},{"type":"Feature","id":"global_port::1730088787","properties":{"id":"global_port::1730088787","stable_key":"global_port::1730088787","name":"Oita","legal_designation":"important","legal_designation_label":"Important port","manager_type_code":"global","importance":"regional_core","importance_rank":2,"source":"natural_earth_10m_ports","source_ne_id":"1730088787","website":"www.pref.oita.jp/14300/faz/faz1/english/faz_en.html"},"geometry":{"type":"Point","coordinates":[131.676031,33.272222]}},{"type":"Feature","id":"global_port::1730088789","properties":{"id":"global_port::1730088789","stable_key":"global_port::1730088789","name":"Shimonoseki","legal_designation":"important","legal_designation_label":"Important port","manager_type_code":"global","importance":"regional_core","importance_rank":2,"source":"natural_earth_10m_ports","source_ne_id":"1730088789","website":"www.shimonoseki-port.com"},"geometry":{"type":"Point","coordinates":[130.90106,33.934444]}},{"type":"Feature","id":"global_port::1730088791","properties":{"id":"global_port::1730088791","stable_key":"global_port::1730088791","name":"Tomakomai","legal_designation":"important","legal_designation_label":"Important port","manager_type_code":"global","importance":"regional_core","importance_rank":2,"source":"natural_earth_10m_ports","source_ne_id":"1730088791","website":"www.jptmk.com"},"geometry":{"type":"Point","coordinates":[141.653357,42.6375]}},{"type":"Feature","id":"global_port::1730088793","properties":{"id":"global_port::1730088793","stable_key":"global_port::1730088793","name":"Toyama","legal_designation":"important","legal_designation_label":"Important port","manager_type_code":"global","importance":"regional_core","importance_rank":2,"source":"natural_earth_10m_ports","source_ne_id":"1730088793","website":""},"geometry":{"type":"Point","coordinates":[137.222674,36.757222]}},{"type":"Feature","id":"global_port::1730088795","properties":{"id":"global_port::1730088795","stable_key":"global_port::1730088795","name":"Ube","legal_designation":"important","legal_designation_label":"Important port","manager_type_code":"global","importance":"regional_core","importance_rank":2,"source":"natural_earth_10m_ports","source_ne_id":"1730088795","website":""},"geometry":{"type":"Point","coordinates":[131.23775,33.938333]}},{"type":"Feature","id":"global_port::1730088797","properties":{"id":"global_port::1730088797","stable_key":"global_port::1730088797","name":"Malindi","legal_designation":"important","legal_designation_label":"Important port","manager_type_code":"global","importance":"regional_core","importance_rank":2,"source":"natural_earth_10m_ports","source_ne_id":"1730088797","website":"www.kpa.co.ke"},"geometry":{"type":"Point","coordinates":[40.123027,-3.213611]}},{"type":"Feature","id":"global_port::1730088799","properties":{"id":"global_port::1730088799","stable_key":"global_port::1730088799","name":"Trincomalee","legal_designation":"important","legal_designation_label":"Important port","manager_type_code":"global","importance":"regional_core","importance_rank":2,"source":"natural_earth_10m_ports","source_ne_id":"1730088799","website":"www.slpa.lk"},"geometry":{"type":"Point","coordinates":[81.203887,8.558333]}},{"type":"Feature","id":"global_port::1730088803","properties":{"id":"global_port::1730088803","stable_key":"global_port::1730088803","name":"Klaipeda","legal_designation":"important","legal_designation_label":"Important port","manager_type_code":"global","importance":"regional_core","importance_rank":2,"source":"natural_earth_10m_ports","source_ne_id":"1730088803","website":"www.portofklaipeda.lt"},"geometry":{"type":"Point","coordinates":[21.134217,55.687222]}},{"type":"Feature","id":"global_port::1730088805","properties":{"id":"global_port::1730088805","stable_key":"global_port::1730088805","name":"Safi","legal_designation":"important","legal_designation_label":"Important port","manager_type_code":"global","importance":"regional_core","importance_rank":2,"source":"natural_earth_10m_ports","source_ne_id":"1730088805","website":"www.sodep.co.ma"},"geometry":{"type":"Point","coordinates":[-9.242697,32.3075]}},{"type":"Feature","id":"global_port::1730088807","properties":{"id":"global_port::1730088807","stable_key":"global_port::1730088807","name":"Ensenada","legal_designation":"important","legal_designation_label":"Important port","manager_type_code":"global","importance":"regional_core","importance_rank":2,"source":"natural_earth_10m_ports","source_ne_id":"1730088807","website":"www.puertoensenada.com.mx"},"geometry":{"type":"Point","coordinates":[-116.62285,31.850833]}},{"type":"Feature","id":"global_port::1730088809","properties":{"id":"global_port::1730088809","stable_key":"global_port::1730088809","name":"Guaymas","legal_designation":"important","legal_designation_label":"Important port","manager_type_code":"global","importance":"regional_core","importance_rank":2,"source":"natural_earth_10m_ports","source_ne_id":"1730088809","website":"www.puertodeguaymas.com"},"geometry":{"type":"Point","coordinates":[-110.868787,27.919167]}},{"type":"Feature","id":"global_port::1730088811","properties":{"id":"global_port::1730088811","stable_key":"global_port::1730088811","name":"Manzanillo","legal_designation":"important","legal_designation_label":"Important port","manager_type_code":"global","importance":"regional_core","importance_rank":2,"source":"natural_earth_10m_ports","source_ne_id":"1730088811","website":"www.puerto-de-manzanillo.com.mx"},"geometry":{"type":"Point","coordinates":[-104.300883,19.070556]}},{"type":"Feature","id":"global_port::1730088813","properties":{"id":"global_port::1730088813","stable_key":"global_port::1730088813","name":"Salina Cruz","legal_designation":"important","legal_designation_label":"Important port","manager_type_code":"global","importance":"regional_core","importance_rank":2,"source":"natural_earth_10m_ports","source_ne_id":"1730088813","website":"www.apisal.com.mx"},"geometry":{"type":"Point","coordinates":[-95.201943,16.157222]}},{"type":"Feature","id":"global_port::1730088815","properties":{"id":"global_port::1730088815","stable_key":"global_port::1730088815","name":"Saipan","legal_designation":"important","legal_designation_label":"Important port","manager_type_code":"global","importance":"regional_core","importance_rank":2,"source":"natural_earth_10m_ports","source_ne_id":"1730088815","website":"www.cpa.gov.mp"},"geometry":{"type":"Point","coordinates":[145.734923,15.225833]}},{"type":"Feature","id":"global_port::1730088817","properties":{"id":"global_port::1730088817","stable_key":"global_port::1730088817","name":"Nouadhibou","legal_designation":"important","legal_designation_label":"Important port","manager_type_code":"global","importance":"regional_core","importance_rank":2,"source":"natural_earth_10m_ports","source_ne_id":"1730088817","website":""},"geometry":{"type":"Point","coordinates":[-17.041814,20.9075]}},{"type":"Feature","id":"global_port::1730088821","properties":{"id":"global_port::1730088821","stable_key":"global_port::1730088821","name":"Luderitz","legal_designation":"important","legal_designation_label":"Important port","manager_type_code":"global","importance":"regional_core","importance_rank":2,"source":"natural_earth_10m_ports","source_ne_id":"1730088821","website":"www.namport.com"},"geometry":{"type":"Point","coordinates":[15.15371,-26.637778]}},{"type":"Feature","id":"global_port::1730088823","properties":{"id":"global_port::1730088823","stable_key":"global_port::1730088823","name":"Bluefields","legal_designation":"important","legal_designation_label":"Important port","manager_type_code":"global","importance":"regional_core","importance_rank":2,"source":"natural_earth_10m_ports","source_ne_id":"1730088823","website":""},"geometry":{"type":"Point","coordinates":[-83.75689,12.011944]}},{"type":"Feature","id":"global_port::1730088825","properties":{"id":"global_port::1730088825","stable_key":"global_port::1730088825","name":"Alesund","legal_designation":"important","legal_designation_label":"Important port","manager_type_code":"global","importance":"regional_core","importance_rank":2,"source":"natural_earth_10m_ports","source_ne_id":"1730088825","website":"www.alesund.havn.no"},"geometry":{"type":"Point","coordinates":[6.171614,62.4725]}},{"type":"Feature","id":"global_port::1730088827","properties":{"id":"global_port::1730088827","stable_key":"global_port::1730088827","name":"Batsfjord","legal_designation":"important","legal_designation_label":"Important port","manager_type_code":"global","importance":"regional_core","importance_rank":2,"source":"natural_earth_10m_ports","source_ne_id":"1730088827","website":""},"geometry":{"type":"Point","coordinates":[29.717727,70.634167]}},{"type":"Feature","id":"global_port::1730088829","properties":{"id":"global_port::1730088829","stable_key":"global_port::1730088829","name":"Bodo","legal_designation":"important","legal_designation_label":"Important port","manager_type_code":"global","importance":"regional_core","importance_rank":2,"source":"natural_earth_10m_ports","source_ne_id":"1730088829","website":"www.bodohavn.no"},"geometry":{"type":"Point","coordinates":[14.372674,67.288889]}},{"type":"Feature","id":"global_port::1730088831","properties":{"id":"global_port::1730088831","stable_key":"global_port::1730088831","name":"Hammerfest","legal_designation":"important","legal_designation_label":"Important port","manager_type_code":"global","importance":"regional_core","importance_rank":2,"source":"natural_earth_10m_ports","source_ne_id":"1730088831","website":""},"geometry":{"type":"Point","coordinates":[23.671084,70.667222]}},{"type":"Feature","id":"global_port::1730088833","properties":{"id":"global_port::1730088833","stable_key":"global_port::1730088833","name":"Haugesund","legal_designation":"important","legal_designation_label":"Important port","manager_type_code":"global","importance":"regional_core","importance_rank":2,"source":"natural_earth_10m_ports","source_ne_id":"1730088833","website":"www.karmsund-havn.no"},"geometry":{"type":"Point","coordinates":[5.255654,59.412222]}},{"type":"Feature","id":"global_port::1730088835","properties":{"id":"global_port::1730088835","stable_key":"global_port::1730088835","name":"Kirkenes","legal_designation":"important","legal_designation_label":"Important port","manager_type_code":"global","importance":"regional_core","importance_rank":2,"source":"natural_earth_10m_ports","source_ne_id":"1730088835","website":""},"geometry":{"type":"Point","coordinates":[30.055654,69.728333]}},{"type":"Feature","id":"global_port::1730088839","properties":{"id":"global_port::1730088839","stable_key":"global_port::1730088839","name":"Kristiansund","legal_designation":"important","legal_designation_label":"Important port","manager_type_code":"global","importance":"regional_core","importance_rank":2,"source":"natural_earth_10m_ports","source_ne_id":"1730088839","website":"www.knhavn.no"},"geometry":{"type":"Point","coordinates":[7.733333,63.115]}},{"type":"Feature","id":"global_port::1730088841","properties":{"id":"global_port::1730088841","stable_key":"global_port::1730088841","name":"Mo i Rana","legal_designation":"important","legal_designation_label":"Important port","manager_type_code":"global","importance":"regional_core","importance_rank":2,"source":"natural_earth_10m_ports","source_ne_id":"1730088841","website":"www.portofmoirana.no"},"geometry":{"type":"Point","coordinates":[14.123734,66.315]}},{"type":"Feature","id":"global_port::1730088843","properties":{"id":"global_port::1730088843","stable_key":"global_port::1730088843","name":"Molde","legal_designation":"important","legal_designation_label":"Important port","manager_type_code":"global","importance":"regional_core","importance_rank":2,"source":"natural_earth_10m_ports","source_ne_id":"1730088843","website":"www.moldehavn.no"},"geometry":{"type":"Point","coordinates":[7.15742,62.736389]}},{"type":"Feature","id":"global_port::1730088845","properties":{"id":"global_port::1730088845","stable_key":"global_port::1730088845","name":"Mosjoen","legal_designation":"important","legal_designation_label":"Important port","manager_type_code":"global","importance":"regional_core","importance_rank":2,"source":"natural_earth_10m_ports","source_ne_id":"1730088845","website":""},"geometry":{"type":"Point","coordinates":[13.186867,65.851944]}},{"type":"Feature","id":"global_port::1730088847","properties":{"id":"global_port::1730088847","stable_key":"global_port::1730088847","name":"Narvik","legal_designation":"important","legal_designation_label":"Important port","manager_type_code":"global","importance":"regional_core","importance_rank":2,"source":"natural_earth_10m_ports","source_ne_id":"1730088847","website":"www.portofnarvik.com"},"geometry":{"type":"Point","coordinates":[17.41861,68.438611]}},{"type":"Feature","id":"global_port::1730088849","properties":{"id":"global_port::1730088849","stable_key":"global_port::1730088849","name":"Stavanger","legal_designation":"important","legal_designation_label":"Important port","manager_type_code":"global","importance":"regional_core","importance_rank":2,"source":"natural_earth_10m_ports","source_ne_id":"1730088849","website":"www.stavanger-havn.no"},"geometry":{"type":"Point","coordinates":[5.73722,58.978889]}},{"type":"Feature","id":"global_port::1730088851","properties":{"id":"global_port::1730088851","stable_key":"global_port::1730088851","name":"Vadso","legal_designation":"important","legal_designation_label":"Important port","manager_type_code":"global","importance":"regional_core","importance_rank":2,"source":"natural_earth_10m_ports","source_ne_id":"1730088851","website":""},"geometry":{"type":"Point","coordinates":[29.737574,70.071111]}},{"type":"Feature","id":"global_port::1730088853","properties":{"id":"global_port::1730088853","stable_key":"global_port::1730088853","name":"Vardo","legal_designation":"important","legal_designation_label":"Important port","manager_type_code":"global","importance":"regional_core","importance_rank":2,"source":"natural_earth_10m_ports","source_ne_id":"1730088853","website":""},"geometry":{"type":"Point","coordinates":[31.103887,70.373333]}},{"type":"Feature","id":"global_port::1730088857","properties":{"id":"global_port::1730088857","stable_key":"global_port::1730088857","name":"New Plymouth","legal_designation":"important","legal_designation_label":"Important port","manager_type_code":"global","importance":"regional_core","importance_rank":2,"source":"natural_earth_10m_ports","source_ne_id":"1730088857","website":"www.porttaranaki.co.nz"},"geometry":{"type":"Point","coordinates":[174.03775,-39.057222]}},{"type":"Feature","id":"global_port::1730088859","properties":{"id":"global_port::1730088859","stable_key":"global_port::1730088859","name":"Gisborne","legal_designation":"important","legal_designation_label":"Important port","manager_type_code":"global","importance":"regional_core","importance_rank":2,"source":"natural_earth_10m_ports","source_ne_id":"1730088859","website":"www.eastland.co.nz"},"geometry":{"type":"Point","coordinates":[178.022497,-38.6725]}},{"type":"Feature","id":"global_port::1730088861","properties":{"id":"global_port::1730088861","stable_key":"global_port::1730088861","name":"Greymouth","legal_designation":"important","legal_designation_label":"Important port","manager_type_code":"global","importance":"regional_core","importance_rank":2,"source":"natural_earth_10m_ports","source_ne_id":"1730088861","website":"www.greydc.govt.nz"},"geometry":{"type":"Point","coordinates":[171.20053,-42.444722]}},{"type":"Feature","id":"global_port::1730088863","properties":{"id":"global_port::1730088863","stable_key":"global_port::1730088863","name":"Napier","legal_designation":"important","legal_designation_label":"Important port","manager_type_code":"global","importance":"regional_core","importance_rank":2,"source":"natural_earth_10m_ports","source_ne_id":"1730088863","website":"www.portofnapier.co.nz"},"geometry":{"type":"Point","coordinates":[176.91808,-39.475]}},{"type":"Feature","id":"global_port::1730088865","properties":{"id":"global_port::1730088865","stable_key":"global_port::1730088865","name":"Tauranga","legal_designation":"important","legal_designation_label":"Important port","manager_type_code":"global","importance":"regional_core","importance_rank":2,"source":"natural_earth_10m_ports","source_ne_id":"1730088865","website":"www.port-tauranga.co.nz"},"geometry":{"type":"Point","coordinates":[176.174087,-37.659444]}},{"type":"Feature","id":"global_port::1730088867","properties":{"id":"global_port::1730088867","stable_key":"global_port::1730088867","name":"Wanganui","legal_designation":"important","legal_designation_label":"Important port","manager_type_code":"global","importance":"regional_core","importance_rank":2,"source":"natural_earth_10m_ports","source_ne_id":"1730088867","website":""},"geometry":{"type":"Point","coordinates":[174.989517,-39.944167]}},{"type":"Feature","id":"global_port::1730088869","properties":{"id":"global_port::1730088869","stable_key":"global_port::1730088869","name":"Westport","legal_designation":"important","legal_designation_label":"Important port","manager_type_code":"global","importance":"regional_core","importance_rank":2,"source":"natural_earth_10m_ports","source_ne_id":"1730088869","website":"www.westportharbour.co.nz"},"geometry":{"type":"Point","coordinates":[171.591284,-41.750278]}},{"type":"Feature","id":"global_port::1730088871","properties":{"id":"global_port::1730088871","stable_key":"global_port::1730088871","name":"Whangarei","legal_designation":"important","legal_designation_label":"Important port","manager_type_code":"global","importance":"regional_core","importance_rank":2,"source":"natural_earth_10m_ports","source_ne_id":"1730088871","website":"www.nrc.govt.nz"},"geometry":{"type":"Point","coordinates":[174.342697,-35.751111]}},{"type":"Feature","id":"global_port::1730088875","properties":{"id":"global_port::1730088875","stable_key":"global_port::1730088875","name":"Timaru","legal_designation":"important","legal_designation_label":"Important port","manager_type_code":"global","importance":"regional_core","importance_rank":2,"source":"natural_earth_10m_ports","source_ne_id":"1730088875","website":"www.primeport.co.nz"},"geometry":{"type":"Point","coordinates":[171.25424,-44.389167]}},{"type":"Feature","id":"global_port::1730088877","properties":{"id":"global_port::1730088877","stable_key":"global_port::1730088877","name":"Talara","legal_designation":"important","legal_designation_label":"Important port","manager_type_code":"global","importance":"regional_core","importance_rank":2,"source":"natural_earth_10m_ports","source_ne_id":"1730088877","website":"www.ultramarnetwork.com/TextosPeru/Marc-014.html"},"geometry":{"type":"Point","coordinates":[-81.274617,-4.573056]}},{"type":"Feature","id":"global_port::1730088879","properties":{"id":"global_port::1730088879","stable_key":"global_port::1730088879","name":"Masbate","legal_designation":"important","legal_designation_label":"Important port","manager_type_code":"global","importance":"regional_core","importance_rank":2,"source":"natural_earth_10m_ports","source_ne_id":"1730088879","website":"www.ppa.com.ph"},"geometry":{"type":"Point","coordinates":[123.619847,12.368056]}},{"type":"Feature","id":"global_port::1730088881","properties":{"id":"global_port::1730088881","stable_key":"global_port::1730088881","name":"Subic Bay","legal_designation":"important","legal_designation_label":"Important port","manager_type_code":"global","importance":"regional_core","importance_rank":2,"source":"natural_earth_10m_ports","source_ne_id":"1730088881","website":"www.sbma.com"},"geometry":{"type":"Point","coordinates":[120.274794,14.808333]}},{"type":"Feature","id":"global_port::1730088883","properties":{"id":"global_port::1730088883","stable_key":"global_port::1730088883","name":"Alotau","legal_designation":"important","legal_designation_label":"Important port","manager_type_code":"global","importance":"regional_core","importance_rank":2,"source":"natural_earth_10m_ports","source_ne_id":"1730088883","website":"www.pngports.com.pg"},"geometry":{"type":"Point","coordinates":[150.45106,-10.312778]}},{"type":"Feature","id":"global_port::1730088885","properties":{"id":"global_port::1730088885","stable_key":"global_port::1730088885","name":"Kavieng","legal_designation":"important","legal_designation_label":"Important port","manager_type_code":"global","importance":"regional_core","importance_rank":2,"source":"natural_earth_10m_ports","source_ne_id":"1730088885","website":"www.pngports.com.pg"},"geometry":{"type":"Point","coordinates":[150.78669,-2.584722]}},{"type":"Feature","id":"global_port::1730088887","properties":{"id":"global_port::1730088887","stable_key":"global_port::1730088887","name":"Kieta","legal_designation":"important","legal_designation_label":"Important port","manager_type_code":"global","importance":"regional_core","importance_rank":2,"source":"natural_earth_10m_ports","source_ne_id":"1730088887","website":"www.pngports.com.pg"},"geometry":{"type":"Point","coordinates":[155.626914,-6.215278]}},{"type":"Feature","id":"global_port::1730088889","properties":{"id":"global_port::1730088889","stable_key":"global_port::1730088889","name":"Rabaul","legal_designation":"important","legal_designation_label":"Important port","manager_type_code":"global","importance":"regional_core","importance_rank":2,"source":"natural_earth_10m_ports","source_ne_id":"1730088889","website":"www.pngports.com.pg"},"geometry":{"type":"Point","coordinates":[152.1851,-4.241111]}},{"type":"Feature","id":"global_port::1730088893","properties":{"id":"global_port::1730088893","stable_key":"global_port::1730088893","name":"Vanimo","legal_designation":"important","legal_designation_label":"Important port","manager_type_code":"global","importance":"regional_core","importance_rank":2,"source":"natural_earth_10m_ports","source_ne_id":"1730088893","website":"www.pngports.com.pg"},"geometry":{"type":"Point","coordinates":[141.292344,-2.683611]}},{"type":"Feature","id":"global_port::1730088895","properties":{"id":"global_port::1730088895","stable_key":"global_port::1730088895","name":"Ponce","legal_designation":"important","legal_designation_label":"Important port","manager_type_code":"global","importance":"regional_core","importance_rank":2,"source":"natural_earth_10m_ports","source_ne_id":"1730088895","website":"www.puertodelasamericaspr.com"},"geometry":{"type":"Point","coordinates":[-66.610247,17.968056]}},{"type":"Feature","id":"global_port::1730088897","properties":{"id":"global_port::1730088897","stable_key":"global_port::1730088897","name":"Sines","legal_designation":"important","legal_designation_label":"Important port","manager_type_code":"global","importance":"regional_core","importance_rank":2,"source":"natural_earth_10m_ports","source_ne_id":"1730088897","website":"www.portodesines.pt"},"geometry":{"type":"Point","coordinates":[-8.86702,37.942778]}},{"type":"Feature","id":"global_port::1730088899","properties":{"id":"global_port::1730088899","stable_key":"global_port::1730088899","name":"Horta","legal_designation":"important","legal_designation_label":"Important port","manager_type_code":"global","importance":"regional_core","importance_rank":2,"source":"natural_earth_10m_ports","source_ne_id":"1730088899","website":""},"geometry":{"type":"Point","coordinates":[-28.621967,38.53]}},{"type":"Feature","id":"global_port::1730088901","properties":{"id":"global_port::1730088901","stable_key":"global_port::1730088901","name":"Arkhangelsk","legal_designation":"important","legal_designation_label":"Important port","manager_type_code":"global","importance":"regional_core","importance_rank":2,"source":"natural_earth_10m_ports","source_ne_id":"1730088901","website":"www.ascp.ru"},"geometry":{"type":"Point","coordinates":[40.55636,64.5425]}},{"type":"Feature","id":"global_port::1730088903","properties":{"id":"global_port::1730088903","stable_key":"global_port::1730088903","name":"Murmansk","legal_designation":"important","legal_designation_label":"Important port","manager_type_code":"global","importance":"regional_core","importance_rank":2,"source":"natural_earth_10m_ports","source_ne_id":"1730088903","website":""},"geometry":{"type":"Point","coordinates":[33.041461,68.9725]}},{"type":"Feature","id":"global_port::1730088905","properties":{"id":"global_port::1730088905","stable_key":"global_port::1730088905","name":"Tiksi","legal_designation":"important","legal_designation_label":"Important port","manager_type_code":"global","importance":"regional_core","importance_rank":2,"source":"natural_earth_10m_ports","source_ne_id":"1730088905","website":""},"geometry":{"type":"Point","coordinates":[128.87285,71.643056]}},{"type":"Feature","id":"global_port::1730088907","properties":{"id":"global_port::1730088907","stable_key":"global_port::1730088907","name":"Jizan","legal_designation":"important","legal_designation_label":"Important port","manager_type_code":"global","importance":"regional_core","importance_rank":2,"source":"natural_earth_10m_ports","source_ne_id":"1730088907","website":"www.ports.gov.sa"},"geometry":{"type":"Point","coordinates":[42.535277,16.890278]}},{"type":"Feature","id":"global_port::1730088911","properties":{"id":"global_port::1730088911","stable_key":"global_port::1730088911","name":"Berbera","legal_designation":"important","legal_designation_label":"Important port","manager_type_code":"global","importance":"regional_core","importance_rank":2,"source":"natural_earth_10m_ports","source_ne_id":"1730088911","website":""},"geometry":{"type":"Point","coordinates":[45.0,10.440833]}},{"type":"Feature","id":"global_port::1730088913","properties":{"id":"global_port::1730088913","stable_key":"global_port::1730088913","name":"Nieuw Nickerie","legal_designation":"important","legal_designation_label":"Important port","manager_type_code":"global","importance":"regional_core","importance_rank":2,"source":"natural_earth_10m_ports","source_ne_id":"1730088913","website":""},"geometry":{"type":"Point","coordinates":[-57.001767,5.951667]}},{"type":"Feature","id":"global_port::1730088915","properties":{"id":"global_port::1730088915","stable_key":"global_port::1730088915","name":"Malmo","legal_designation":"important","legal_designation_label":"Important port","manager_type_code":"global","importance":"regional_core","importance_rank":2,"source":"natural_earth_10m_ports","source_ne_id":"1730088915","website":"www.cmport.com"},"geometry":{"type":"Point","coordinates":[13.00159,55.625556]}},{"type":"Feature","id":"global_port::1730088917","properties":{"id":"global_port::1730088917","stable_key":"global_port::1730088917","name":"Gavle","legal_designation":"important","legal_designation_label":"Important port","manager_type_code":"global","importance":"regional_core","importance_rank":2,"source":"natural_earth_10m_ports","source_ne_id":"1730088917","website":"www.gavle.se"},"geometry":{"type":"Point","coordinates":[17.192697,60.684444]}},{"type":"Feature","id":"global_port::1730088919","properties":{"id":"global_port::1730088919","stable_key":"global_port::1730088919","name":"Halmstad","legal_designation":"important","legal_designation_label":"Important port","manager_type_code":"global","importance":"regional_core","importance_rank":2,"source":"natural_earth_10m_ports","source_ne_id":"1730088919","website":"www.halmstadharbour.se"},"geometry":{"type":"Point","coordinates":[12.85,56.655]}},{"type":"Feature","id":"global_port::1730088921","properties":{"id":"global_port::1730088921","stable_key":"global_port::1730088921","name":"Helsingborg","legal_designation":"important","legal_designation_label":"Important port","manager_type_code":"global","importance":"regional_core","importance_rank":2,"source":"natural_earth_10m_ports","source_ne_id":"1730088921","website":"www.port.helsingborg.se"},"geometry":{"type":"Point","coordinates":[12.687574,56.033333]}},{"type":"Feature","id":"global_port::1730088923","properties":{"id":"global_port::1730088923","stable_key":"global_port::1730088923","name":"Hudiksvall","legal_designation":"important","legal_designation_label":"Important port","manager_type_code":"global","importance":"regional_core","importance_rank":2,"source":"natural_earth_10m_ports","source_ne_id":"1730088923","website":""},"geometry":{"type":"Point","coordinates":[17.11861,61.721667]}},{"type":"Feature","id":"global_port::1730088925","properties":{"id":"global_port::1730088925","stable_key":"global_port::1730088925","name":"Kalmar","legal_designation":"important","legal_designation_label":"Important port","manager_type_code":"global","importance":"regional_core","importance_rank":2,"source":"natural_earth_10m_ports","source_ne_id":"1730088925","website":"www.kalmar.se/kalmarhamn"},"geometry":{"type":"Point","coordinates":[16.36914,56.659167]}},{"type":"Feature","id":"global_port::1730088929","properties":{"id":"global_port::1730088929","stable_key":"global_port::1730088929","name":"Ornskoldsvik","legal_designation":"important","legal_designation_label":"Important port","manager_type_code":"global","importance":"regional_core","importance_rank":2,"source":"natural_earth_10m_ports","source_ne_id":"1730088929","website":""},"geometry":{"type":"Point","coordinates":[18.725854,63.276111]}},{"type":"Feature","id":"global_port::1730088931","properties":{"id":"global_port::1730088931","stable_key":"global_port::1730088931","name":"Ronneby","legal_designation":"important","legal_designation_label":"Important port","manager_type_code":"global","importance":"regional_core","importance_rank":2,"source":"natural_earth_10m_ports","source_ne_id":"1730088931","website":""},"geometry":{"type":"Point","coordinates":[15.3,56.174722]}},{"type":"Feature","id":"global_port::1730088933","properties":{"id":"global_port::1730088933","stable_key":"global_port::1730088933","name":"Soderhamn","legal_designation":"important","legal_designation_label":"Important port","manager_type_code":"global","importance":"regional_core","importance_rank":2,"source":"natural_earth_10m_ports","source_ne_id":"1730088933","website":"www.sshab.se"},"geometry":{"type":"Point","coordinates":[17.08934,61.308333]}},{"type":"Feature","id":"global_port::1730088935","properties":{"id":"global_port::1730088935","stable_key":"global_port::1730088935","name":"Vastervik","legal_designation":"important","legal_designation_label":"Important port","manager_type_code":"global","importance":"regional_core","importance_rank":2,"source":"natural_earth_10m_ports","source_ne_id":"1730088935","website":"www.osterstroms.com"},"geometry":{"type":"Point","coordinates":[16.651943,57.755833]}},{"type":"Feature","id":"global_port::1730088937","properties":{"id":"global_port::1730088937","stable_key":"global_port::1730088937","name":"Visby","legal_designation":"important","legal_designation_label":"Important port","manager_type_code":"global","importance":"regional_core","importance_rank":2,"source":"natural_earth_10m_ports","source_ne_id":"1730088937","website":"www.visbyport.com"},"geometry":{"type":"Point","coordinates":[18.274617,57.635556]}},{"type":"Feature","id":"global_port::1730088939","properties":{"id":"global_port::1730088939","stable_key":"global_port::1730088939","name":"Tekirdag","legal_designation":"important","legal_designation_label":"Important port","manager_type_code":"global","importance":"regional_core","importance_rank":2,"source":"natural_earth_10m_ports","source_ne_id":"1730088939","website":"www.akport.com.tr"},"geometry":{"type":"Point","coordinates":[27.507951,40.9675]}},{"type":"Feature","id":"global_port::1730088941","properties":{"id":"global_port::1730088941","stable_key":"global_port::1730088941","name":"Tanga","legal_designation":"important","legal_designation_label":"Important port","manager_type_code":"global","importance":"regional_core","importance_rank":2,"source":"natural_earth_10m_ports","source_ne_id":"1730088941","website":"www.tanzaniaports.com"},"geometry":{"type":"Point","coordinates":[39.10318,-5.065556]}},{"type":"Feature","id":"global_port::1730088943","properties":{"id":"global_port::1730088943","stable_key":"global_port::1730088943","name":"Kherson","legal_designation":"important","legal_designation_label":"Important port","manager_type_code":"global","importance":"regional_core","importance_rank":2,"source":"natural_earth_10m_ports","source_ne_id":"1730088943","website":"www.ukrport.org.ua"},"geometry":{"type":"Point","coordinates":[32.60742,46.618611]}},{"type":"Feature","id":"global_port::1730088947","properties":{"id":"global_port::1730088947","stable_key":"global_port::1730088947","name":"Colonia","legal_designation":"important","legal_designation_label":"Important port","manager_type_code":"global","importance":"regional_core","importance_rank":2,"source":"natural_earth_10m_ports","source_ne_id":"1730088947","website":"www.anp.com.uy"},"geometry":{"type":"Point","coordinates":[-57.842167,-34.471667]}},{"type":"Feature","id":"global_port::1730088949","properties":{"id":"global_port::1730088949","stable_key":"global_port::1730088949","name":"Cordova","legal_designation":"important","legal_designation_label":"Important port","manager_type_code":"global","importance":"regional_core","importance_rank":2,"source":"natural_earth_10m_ports","source_ne_id":"1730088949","website":"www.cityofcordova.net"},"geometry":{"type":"Point","coordinates":[-145.75636,60.55]}},{"type":"Feature","id":"global_port::1730088951","properties":{"id":"global_port::1730088951","stable_key":"global_port::1730088951","name":"Ketchikan","legal_designation":"important","legal_designation_label":"Important port","manager_type_code":"global","importance":"regional_core","importance_rank":2,"source":"natural_earth_10m_ports","source_ne_id":"1730088951","website":"www.city.ketchikan.ak.us"},"geometry":{"type":"Point","coordinates":[-131.67126,55.346944]}},{"type":"Feature","id":"global_port::1730088953","properties":{"id":"global_port::1730088953","stable_key":"global_port::1730088953","name":"Bangor","legal_designation":"important","legal_designation_label":"Important port","manager_type_code":"global","importance":"regional_core","importance_rank":2,"source":"natural_earth_10m_ports","source_ne_id":"1730088953","website":"www.bangormaine.gov/cs_inf_harbor.php"},"geometry":{"type":"Point","coordinates":[-68.769847,44.791944]}},{"type":"Feature","id":"global_port::1730088955","properties":{"id":"global_port::1730088955","stable_key":"global_port::1730088955","name":"Stockton","legal_designation":"important","legal_designation_label":"Important port","manager_type_code":"global","importance":"regional_core","importance_rank":2,"source":"natural_earth_10m_ports","source_ne_id":"1730088955","website":"www.portofstockton.com"},"geometry":{"type":"Point","coordinates":[-121.323027,37.950556]}},{"type":"Feature","id":"global_port::1730088957","properties":{"id":"global_port::1730088957","stable_key":"global_port::1730088957","name":"Bridgeport","legal_designation":"important","legal_designation_label":"Important port","manager_type_code":"global","importance":"regional_core","importance_rank":2,"source":"natural_earth_10m_ports","source_ne_id":"1730088957","website":"www.portofbridgeport.com"},"geometry":{"type":"Point","coordinates":[-73.176384,41.1725]}},{"type":"Feature","id":"global_port::1730088959","properties":{"id":"global_port::1730088959","stable_key":"global_port::1730088959","name":"New Haven","legal_designation":"important","legal_designation_label":"Important port","manager_type_code":"global","importance":"regional_core","importance_rank":2,"source":"natural_earth_10m_ports","source_ne_id":"1730088959","website":"www.cityofnewhaven.com/PortAuthority"},"geometry":{"type":"Point","coordinates":[-72.909541,41.286389]}},{"type":"Feature","id":"global_port::1730088961","properties":{"id":"global_port::1730088961","stable_key":"global_port::1730088961","name":"Port Everglades","legal_designation":"important","legal_designation_label":"Important port","manager_type_code":"global","importance":"regional_core","importance_rank":2,"source":"natural_earth_10m_ports","source_ne_id":"1730088961","website":"www.broward.org/port"},"geometry":{"type":"Point","coordinates":[-80.108657,26.084444]}},{"type":"Feature","id":"global_port::1730088965","properties":{"id":"global_port::1730088965","stable_key":"global_port::1730088965","name":"Savannah","legal_designation":"important","legal_designation_label":"Important port","manager_type_code":"global","importance":"regional_core","importance_rank":2,"source":"natural_earth_10m_ports","source_ne_id":"1730088965","website":"www.gaports.com"},"geometry":{"type":"Point","coordinates":[-81.122497,32.110833]}},{"type":"Feature","id":"global_port::1730088967","properties":{"id":"global_port::1730088967","stable_key":"global_port::1730088967","name":"Portland","legal_designation":"important","legal_designation_label":"Important port","manager_type_code":"global","importance":"regional_core","importance_rank":2,"source":"natural_earth_10m_ports","source_ne_id":"1730088967","website":"www.portofportlandmaine.org"},"geometry":{"type":"Point","coordinates":[-70.239517,43.653333]}},{"type":"Feature","id":"global_port::1730088969","properties":{"id":"global_port::1730088969","stable_key":"global_port::1730088969","name":"Gulfport","legal_designation":"important","legal_designation_label":"Important port","manager_type_code":"global","importance":"regional_core","importance_rank":2,"source":"natural_earth_10m_ports","source_ne_id":"1730088969","website":"www.shipmspa.com"},"geometry":{"type":"Point","coordinates":[-89.088457,30.358611]}},{"type":"Feature","id":"global_port::1730088971","properties":{"id":"global_port::1730088971","stable_key":"global_port::1730088971","name":"Portsmouth","legal_designation":"important","legal_designation_label":"Important port","manager_type_code":"global","importance":"regional_core","importance_rank":2,"source":"natural_earth_10m_ports","source_ne_id":"1730088971","website":"www.portofnh.org"},"geometry":{"type":"Point","coordinates":[-70.76861,43.0875]}},{"type":"Feature","id":"global_port::1730088973","properties":{"id":"global_port::1730088973","stable_key":"global_port::1730088973","name":"Newark","legal_designation":"important","legal_designation_label":"Important port","manager_type_code":"global","importance":"regional_core","importance_rank":2,"source":"natural_earth_10m_ports","source_ne_id":"1730088973","website":"www.panynj.gov"},"geometry":{"type":"Point","coordinates":[-74.13722,40.7]}},{"type":"Feature","id":"global_port::1730088975","properties":{"id":"global_port::1730088975","stable_key":"global_port::1730088975","name":"Astoria","legal_designation":"important","legal_designation_label":"Important port","manager_type_code":"global","importance":"regional_core","importance_rank":2,"source":"natural_earth_10m_ports","source_ne_id":"1730088975","website":"www.portofastoria.com"},"geometry":{"type":"Point","coordinates":[-123.826207,46.189444]}},{"type":"Feature","id":"global_port::1730088977","properties":{"id":"global_port::1730088977","stable_key":"global_port::1730088977","name":"Port Everglades","legal_designation":"important","legal_designation_label":"Important port","manager_type_code":"global","importance":"regional_core","importance_rank":2,"source":"natural_earth_10m_ports","source_ne_id":"1730088977","website":"www.broward.org/port"},"geometry":{"type":"Point","coordinates":[-80.108657,26.084444]}},{"type":"Feature","id":"global_port::1730088979","properties":{"id":"global_port::1730088979","stable_key":"global_port::1730088979","name":"Corpus Christi","legal_designation":"important","legal_designation_label":"Important port","manager_type_code":"global","importance":"regional_core","importance_rank":2,"source":"natural_earth_10m_ports","source_ne_id":"1730088979","website":"www.portofcorpuschristi.com"},"geometry":{"type":"Point","coordinates":[-97.404594,27.812778]}},{"type":"Feature","id":"global_port::1730088983","properties":{"id":"global_port::1730088983","stable_key":"global_port::1730088983","name":"Pascagoula","legal_designation":"important","legal_designation_label":"Important port","manager_type_code":"global","importance":"regional_core","importance_rank":2,"source":"natural_earth_10m_ports","source_ne_id":"1730088983","website":"www.portofpascagoula.com"},"geometry":{"type":"Point","coordinates":[-88.53722,30.351389]}},{"type":"Feature","id":"global_port::1730088985","properties":{"id":"global_port::1730088985","stable_key":"global_port::1730088985","name":"Tacoma","legal_designation":"important","legal_designation_label":"Important port","manager_type_code":"global","importance":"regional_core","importance_rank":2,"source":"natural_earth_10m_ports","source_ne_id":"1730088985","website":"www.portoftacoma.com"},"geometry":{"type":"Point","coordinates":[-122.40424,47.267222]}},{"type":"Feature","id":"global_port::1730088987","properties":{"id":"global_port::1730088987","stable_key":"global_port::1730088987","name":"Beaumont","legal_designation":"important","legal_designation_label":"Important port","manager_type_code":"global","importance":"regional_core","importance_rank":2,"source":"natural_earth_10m_ports","source_ne_id":"1730088987","website":"www.portofbeaumont.com"},"geometry":{"type":"Point","coordinates":[-94.084217,30.077778]}},{"type":"Feature","id":"global_port::1730088989","properties":{"id":"global_port::1730088989","stable_key":"global_port::1730088989","name":"Olympia","legal_designation":"important","legal_designation_label":"Important port","manager_type_code":"global","importance":"regional_core","importance_rank":2,"source":"natural_earth_10m_ports","source_ne_id":"1730088989","website":"www.portolympia.com"},"geometry":{"type":"Point","coordinates":[-122.900707,47.053333]}},{"type":"Feature","id":"global_port::1730088991","properties":{"id":"global_port::1730088991","stable_key":"global_port::1730088991","name":"Port Angeles","legal_designation":"important","legal_designation_label":"Important port","manager_type_code":"global","importance":"regional_core","importance_rank":2,"source":"natural_earth_10m_ports","source_ne_id":"1730088991","website":"www.portofpa.com"},"geometry":{"type":"Point","coordinates":[-123.4351,48.130833]}},{"type":"Feature","id":"global_port::1730088993","properties":{"id":"global_port::1730088993","stable_key":"global_port::1730088993","name":"Port Townsend","legal_designation":"important","legal_designation_label":"Important port","manager_type_code":"global","importance":"regional_core","importance_rank":2,"source":"natural_earth_10m_ports","source_ne_id":"1730088993","website":"www.portofpt.com"},"geometry":{"type":"Point","coordinates":[-122.75318,48.114444]}},{"type":"Feature","id":"global_port::1730088995","properties":{"id":"global_port::1730088995","stable_key":"global_port::1730088995","name":"Puerto Cabello","legal_designation":"important","legal_designation_label":"Important port","manager_type_code":"global","importance":"regional_core","importance_rank":2,"source":"natural_earth_10m_ports","source_ne_id":"1730088995","website":"www.ipapc.gov.ve"},"geometry":{"type":"Point","coordinates":[-67.993051,10.477222]}},{"type":"Feature","id":"global_port::1730088997","properties":{"id":"global_port::1730088997","stable_key":"global_port::1730088997","name":"Mukalla","legal_designation":"important","legal_designation_label":"Important port","manager_type_code":"global","importance":"regional_core","importance_rank":2,"source":"natural_earth_10m_ports","source_ne_id":"1730088997","website":"www.portofaden.com"},"geometry":{"type":"Point","coordinates":[49.143757,14.522222]}},{"type":"Feature","id":"global_port::1730089001","properties":{"id":"global_port::1730089001","stable_key":"global_port::1730089001","name":"East London","legal_designation":"important","legal_designation_label":"Important port","manager_type_code":"global","importance":"regional_core","importance_rank":2,"source":"natural_earth_10m_ports","source_ne_id":"1730089001","website":"http://www.transnetnationalportsauthority.net"},"geometry":{"type":"Point","coordinates":[27.90477,-33.025278]}},{"type":"Feature","id":"global_port::1730089003","properties":{"id":"global_port::1730089003","stable_key":"global_port::1730089003","name":"Mossel Bay","legal_designation":"important","legal_designation_label":"Important port","manager_type_code":"global","importance":"regional_core","importance_rank":2,"source":"natural_earth_10m_ports","source_ne_id":"1730089003","website":"www.transnetnationalportsauthority.net"},"geometry":{"type":"Point","coordinates":[21.418257,-34.375278]}},{"type":"Feature","id":"global_port::1730089005","properties":{"id":"global_port::1730089005","stable_key":"global_port::1730089005","name":"Richards Bay","legal_designation":"important","legal_designation_label":"Important port","manager_type_code":"global","importance":"regional_core","importance_rank":2,"source":"natural_earth_10m_ports","source_ne_id":"1730089005","website":"www.transnetnationalportsauthority.net"},"geometry":{"type":"Point","coordinates":[32.056184,-28.804722]}},{"type":"Feature","id":"global_port::1730089007","properties":{"id":"global_port::1730089007","stable_key":"global_port::1730089007","name":"Erie","legal_designation":"important","legal_designation_label":"Important port","manager_type_code":"global","importance":"regional_core","importance_rank":2,"source":"natural_earth_10m_ports","source_ne_id":"1730089007","website":""},"geometry":{"type":"Point","coordinates":[-80.1,42.15]}},{"type":"Feature","id":"global_port::1730089009","properties":{"id":"global_port::1730089009","stable_key":"global_port::1730089009","name":"Bay City","legal_designation":"important","legal_designation_label":"Important port","manager_type_code":"global","importance":"regional_core","importance_rank":2,"source":"natural_earth_10m_ports","source_ne_id":"1730089009","website":""},"geometry":{"type":"Point","coordinates":[-83.86,43.6]}},{"type":"Feature","id":"global_port::1730089011","properties":{"id":"global_port::1730089011","stable_key":"global_port::1730089011","name":"Milwaukee","legal_designation":"important","legal_designation_label":"Important port","manager_type_code":"global","importance":"regional_core","importance_rank":2,"source":"natural_earth_10m_ports","source_ne_id":"1730089011","website":""},"geometry":{"type":"Point","coordinates":[-87.88,43.03]}},{"type":"Feature","id":"global_port::1730089013","properties":{"id":"global_port::1730089013","stable_key":"global_port::1730089013","name":"Coos Bay","legal_designation":"important","legal_designation_label":"Important port","manager_type_code":"global","importance":"regional_core","importance_rank":2,"source":"natural_earth_10m_ports","source_ne_id":"1730089013","website":""},"geometry":{"type":"Point","coordinates":[-124.21,43.36]}},{"type":"Feature","id":"global_port::1730089015","properties":{"id":"global_port::1730089015","stable_key":"global_port::1730089015","name":"Sitka","legal_designation":"important","legal_designation_label":"Important port","manager_type_code":"global","importance":"regional_core","importance_rank":2,"source":"natural_earth_10m_ports","source_ne_id":"1730089015","website":""},"geometry":{"type":"Point","coordinates":[-135.33,57.05]}},{"type":"Feature","id":"global_port::1730089019","properties":{"id":"global_port::1730089019","stable_key":"global_port::1730089019","name":"Kodiak","legal_designation":"important","legal_designation_label":"Important port","manager_type_code":"global","importance":"regional_core","importance_rank":2,"source":"natural_earth_10m_ports","source_ne_id":"1730089019","website":""},"geometry":{"type":"Point","coordinates":[-152.4,57.78]}},{"type":"Feature","id":"global_port::1730089021","properties":{"id":"global_port::1730089021","stable_key":"global_port::1730089021","name":"Lobito","legal_designation":"important","legal_designation_label":"Important port","manager_type_code":"global","importance":"regional_core","importance_rank":2,"source":"natural_earth_10m_ports","source_ne_id":"1730089021","website":""},"geometry":{"type":"Point","coordinates":[13.569317,-12.336944]}},{"type":"Feature","id":"global_port::1730089023","properties":{"id":"global_port::1730089023","stable_key":"global_port::1730089023","name":"Abu Dhabi","legal_designation":"important","legal_designation_label":"Important port","manager_type_code":"global","importance":"regional_core","importance_rank":2,"source":"natural_earth_10m_ports","source_ne_id":"1730089023","website":"www.portzayed.gov.ae"},"geometry":{"type":"Point","coordinates":[54.372674,24.525]}},{"type":"Feature","id":"global_port::1730089025","properties":{"id":"global_port::1730089025","stable_key":"global_port::1730089025","name":"Comodoro Rivadavia","legal_designation":"important","legal_designation_label":"Important port","manager_type_code":"global","importance":"regional_core","importance_rank":2,"source":"natural_earth_10m_ports","source_ne_id":"1730089025","website":""},"geometry":{"type":"Point","coordinates":[-67.459894,-45.855833]}},{"type":"Feature","id":"global_port::1730089027","properties":{"id":"global_port::1730089027","stable_key":"global_port::1730089027","name":"Mar del Plata","legal_designation":"important","legal_designation_label":"Important port","manager_type_code":"global","importance":"regional_core","importance_rank":2,"source":"natural_earth_10m_ports","source_ne_id":"1730089027","website":"www.consejoportuario.com.ar"},"geometry":{"type":"Point","coordinates":[-57.533333,-38.042778]}},{"type":"Feature","id":"global_port::1730089029","properties":{"id":"global_port::1730089029","stable_key":"global_port::1730089029","name":"Cairns","legal_designation":"important","legal_designation_label":"Important port","manager_type_code":"global","importance":"regional_core","importance_rank":2,"source":"natural_earth_10m_ports","source_ne_id":"1730089029","website":"www.cairnsport.com.au"},"geometry":{"type":"Point","coordinates":[145.775501,-16.929722]}},{"type":"Feature","id":"global_port::1730089031","properties":{"id":"global_port::1730089031","stable_key":"global_port::1730089031","name":"Broome","legal_designation":"important","legal_designation_label":"Important port","manager_type_code":"global","importance":"regional_core","importance_rank":2,"source":"natural_earth_10m_ports","source_ne_id":"1730089031","website":"www.broomeport.com"},"geometry":{"type":"Point","coordinates":[122.209187,-18.0025]}},{"type":"Feature","id":"global_port::1730089033","properties":{"id":"global_port::1730089033","stable_key":"global_port::1730089033","name":"Devonport","legal_designation":"important","legal_designation_label":"Important port","manager_type_code":"global","importance":"regional_core","importance_rank":2,"source":"natural_earth_10m_ports","source_ne_id":"1730089033","website":"www.tasports.com.au"},"geometry":{"type":"Point","coordinates":[146.36755,-41.167778]}},{"type":"Feature","id":"global_port::1730089037","properties":{"id":"global_port::1730089037","stable_key":"global_port::1730089037","name":"Hobart","legal_designation":"important","legal_designation_label":"Important port","manager_type_code":"global","importance":"regional_core","importance_rank":2,"source":"natural_earth_10m_ports","source_ne_id":"1730089037","website":"www.tasports.com.au"},"geometry":{"type":"Point","coordinates":[147.335807,-42.880278]}},{"type":"Feature","id":"global_port::1730089039","properties":{"id":"global_port::1730089039","stable_key":"global_port::1730089039","name":"Antwerpen","legal_designation":"important","legal_designation_label":"Important port","manager_type_code":"global","importance":"regional_core","importance_rank":2,"source":"natural_earth_10m_ports","source_ne_id":"1730089039","website":"www.portofantwerp.be"},"geometry":{"type":"Point","coordinates":[4.293757,51.297778]}},{"type":"Feature","id":"global_port::1730089041","properties":{"id":"global_port::1730089041","stable_key":"global_port::1730089041","name":"Varna","legal_designation":"important","legal_designation_label":"Important port","manager_type_code":"global","importance":"regional_core","importance_rank":2,"source":"natural_earth_10m_ports","source_ne_id":"1730089041","website":"www.port-varna.bg"},"geometry":{"type":"Point","coordinates":[27.888634,43.194444]}},{"type":"Feature","id":"global_port::1730089043","properties":{"id":"global_port::1730089043","stable_key":"global_port::1730089043","name":"Belize City","legal_designation":"important","legal_designation_label":"Important port","manager_type_code":"global","importance":"regional_core","importance_rank":2,"source":"natural_earth_10m_ports","source_ne_id":"1730089043","website":""},"geometry":{"type":"Point","coordinates":[-88.201943,17.479722]}},{"type":"Feature","id":"global_port::1730089045","properties":{"id":"global_port::1730089045","stable_key":"global_port::1730089045","name":"Hamilton","legal_designation":"important","legal_designation_label":"Important port","manager_type_code":"global","importance":"regional_core","importance_rank":2,"source":"natural_earth_10m_ports","source_ne_id":"1730089045","website":""},"geometry":{"type":"Point","coordinates":[-64.776384,32.291111]}},{"type":"Feature","id":"global_port::1730089047","properties":{"id":"global_port::1730089047","stable_key":"global_port::1730089047","name":"Belem","legal_designation":"important","legal_designation_label":"Important port","manager_type_code":"global","importance":"regional_core","importance_rank":2,"source":"natural_earth_10m_ports","source_ne_id":"1730089047","website":"www.cdp.com.br"},"geometry":{"type":"Point","coordinates":[-48.484747,-1.451667]}},{"type":"Feature","id":"global_port::1730089049","properties":{"id":"global_port::1730089049","stable_key":"global_port::1730089049","name":"Paranagua","legal_designation":"important","legal_designation_label":"Important port","manager_type_code":"global","importance":"regional_core","importance_rank":2,"source":"natural_earth_10m_ports","source_ne_id":"1730089049","website":"www.portosdoparana.pr.gov.br"},"geometry":{"type":"Point","coordinates":[-48.51914,-25.500833]}},{"type":"Feature","id":"global_port::1730089051","properties":{"id":"global_port::1730089051","stable_key":"global_port::1730089051","name":"Porto Alegre","legal_designation":"important","legal_designation_label":"Important port","manager_type_code":"global","importance":"regional_core","importance_rank":2,"source":"natural_earth_10m_ports","source_ne_id":"1730089051","website":""},"geometry":{"type":"Point","coordinates":[-51.224087,-30.0175]}},{"type":"Feature","id":"global_port::1730089055","properties":{"id":"global_port::1730089055","stable_key":"global_port::1730089055","name":"Recife","legal_designation":"important","legal_designation_label":"Important port","manager_type_code":"global","importance":"regional_core","importance_rank":2,"source":"natural_earth_10m_ports","source_ne_id":"1730089055","website":"www.portodorecife.pe.gov.br"},"geometry":{"type":"Point","coordinates":[-34.868963,-8.053611]}},{"type":"Feature","id":"global_port::1730089057","properties":{"id":"global_port::1730089057","stable_key":"global_port::1730089057","name":"Salvador","legal_designation":"important","legal_designation_label":"Important port","manager_type_code":"global","importance":"regional_core","importance_rank":2,"source":"natural_earth_10m_ports","source_ne_id":"1730089057","website":"www.codeba.com.br"},"geometry":{"type":"Point","coordinates":[-38.50477,-12.958611]}},{"type":"Feature","id":"global_port::1730089059","properties":{"id":"global_port::1730089059","stable_key":"global_port::1730089059","name":"Santos","legal_designation":"important","legal_designation_label":"Important port","manager_type_code":"global","importance":"regional_core","importance_rank":2,"source":"natural_earth_10m_ports","source_ne_id":"1730089059","website":"www.portodesantos.com"},"geometry":{"type":"Point","coordinates":[-46.30053,-23.968889]}},{"type":"Feature","id":"global_port::1730089061","properties":{"id":"global_port::1730089061","stable_key":"global_port::1730089061","name":"Charlottetown","legal_designation":"important","legal_designation_label":"Important port","manager_type_code":"global","importance":"regional_core","importance_rank":2,"source":"natural_earth_10m_ports","source_ne_id":"1730089061","website":""},"geometry":{"type":"Point","coordinates":[-63.118963,46.231667]}},{"type":"Feature","id":"global_port::1730089063","properties":{"id":"global_port::1730089063","stable_key":"global_port::1730089063","name":"Halifax","legal_designation":"important","legal_designation_label":"Important port","manager_type_code":"global","importance":"regional_core","importance_rank":2,"source":"natural_earth_10m_ports","source_ne_id":"1730089063","website":"www.portofhalifax.ca"},"geometry":{"type":"Point","coordinates":[-63.574441,44.656944]}},{"type":"Feature","id":"global_port::1730089065","properties":{"id":"global_port::1730089065","stable_key":"global_port::1730089065","name":"Nanaimo","legal_designation":"important","legal_designation_label":"Important port","manager_type_code":"global","importance":"regional_core","importance_rank":2,"source":"natural_earth_10m_ports","source_ne_id":"1730089065","website":"www.npa.ca"},"geometry":{"type":"Point","coordinates":[-123.926384,49.169444]}},{"type":"Feature","id":"global_port::1730089067","properties":{"id":"global_port::1730089067","stable_key":"global_port::1730089067","name":"Quebec","legal_designation":"important","legal_designation_label":"Important port","manager_type_code":"global","importance":"regional_core","importance_rank":2,"source":"natural_earth_10m_ports","source_ne_id":"1730089067","website":"www.portquebec.ca"},"geometry":{"type":"Point","coordinates":[-71.209011,46.805833]}},{"type":"Feature","id":"global_port::1730089069","properties":{"id":"global_port::1730089069","stable_key":"global_port::1730089069","name":"Victoria","legal_designation":"important","legal_designation_label":"Important port","manager_type_code":"global","importance":"regional_core","importance_rank":2,"source":"natural_earth_10m_ports","source_ne_id":"1730089069","website":"www.victoriaharbour.org"},"geometry":{"type":"Point","coordinates":[-123.406537,48.431111]}},{"type":"Feature","id":"global_port::1730089073","properties":{"id":"global_port::1730089073","stable_key":"global_port::1730089073","name":"Prince Rupert","legal_designation":"important","legal_designation_label":"Important port","manager_type_code":"global","importance":"regional_core","importance_rank":2,"source":"natural_earth_10m_ports","source_ne_id":"1730089073","website":"www.rupertport.com"},"geometry":{"type":"Point","coordinates":[-130.337044,54.309722]}},{"type":"Feature","id":"global_port::1730089075","properties":{"id":"global_port::1730089075","stable_key":"global_port::1730089075","name":"Saint-John","legal_designation":"important","legal_designation_label":"Important port","manager_type_code":"global","importance":"regional_core","importance_rank":2,"source":"natural_earth_10m_ports","source_ne_id":"1730089075","website":"www.sjport.com"},"geometry":{"type":"Point","coordinates":[-66.059894,45.267778]}},{"type":"Feature","id":"global_port::1730089077","properties":{"id":"global_port::1730089077","stable_key":"global_port::1730089077","name":"Antofagasta","legal_designation":"important","legal_designation_label":"Important port","manager_type_code":"global","importance":"regional_core","importance_rank":2,"source":"natural_earth_10m_ports","source_ne_id":"1730089077","website":"www.puertoantofagasta.cl"},"geometry":{"type":"Point","coordinates":[-70.40371,-23.650278]}},{"type":"Feature","id":"global_port::1730089079","properties":{"id":"global_port::1730089079","stable_key":"global_port::1730089079","name":"Iquique","legal_designation":"important","legal_designation_label":"Important port","manager_type_code":"global","importance":"regional_core","importance_rank":2,"source":"natural_earth_10m_ports","source_ne_id":"1730089079","website":"www.epi.cl"},"geometry":{"type":"Point","coordinates":[-70.151767,-20.202778]}},{"type":"Feature","id":"global_port::1730089081","properties":{"id":"global_port::1730089081","stable_key":"global_port::1730089081","name":"Puerto Montt","legal_designation":"important","legal_designation_label":"Important port","manager_type_code":"global","importance":"regional_core","importance_rank":2,"source":"natural_earth_10m_ports","source_ne_id":"1730089081","website":"www.empormontt.cl"},"geometry":{"type":"Point","coordinates":[-72.954417,-41.483611]}},{"type":"Feature","id":"global_port::1730089083","properties":{"id":"global_port::1730089083","stable_key":"global_port::1730089083","name":"Haikou","legal_designation":"important","legal_designation_label":"Important port","manager_type_code":"global","importance":"regional_core","importance_rank":2,"source":"natural_earth_10m_ports","source_ne_id":"1730089083","website":""},"geometry":{"type":"Point","coordinates":[110.274971,20.027778]}},{"type":"Feature","id":"global_port::1730089085","properties":{"id":"global_port::1730089085","stable_key":"global_port::1730089085","name":"Ningbo","legal_designation":"important","legal_designation_label":"Important port","manager_type_code":"global","importance":"regional_core","importance_rank":2,"source":"natural_earth_10m_ports","source_ne_id":"1730089085","website":"www.nbport.com.cn/wps/portal"},"geometry":{"type":"Point","coordinates":[121.553357,29.866667]}},{"type":"Feature","id":"global_port::1730089087","properties":{"id":"global_port::1730089087","stable_key":"global_port::1730089087","name":"Xiamen","legal_designation":"important","legal_designation_label":"Important port","manager_type_code":"global","importance":"regional_core","importance_rank":2,"source":"natural_earth_10m_ports","source_ne_id":"1730089087","website":"www.portxiamen.com.cn"},"geometry":{"type":"Point","coordinates":[118.020024,24.45]}},{"type":"Feature","id":"global_port::1730089091","properties":{"id":"global_port::1730089091","stable_key":"global_port::1730089091","name":"Abidjan","legal_designation":"important","legal_designation_label":"Important port","manager_type_code":"global","importance":"regional_core","importance_rank":2,"source":"natural_earth_10m_ports","source_ne_id":"1730089091","website":"www.paa-ci.org"},"geometry":{"type":"Point","coordinates":[-3.966667,5.233056]}},{"type":"Feature","id":"global_port::1730089093","properties":{"id":"global_port::1730089093","stable_key":"global_port::1730089093","name":"Douala","legal_designation":"important","legal_designation_label":"Important port","manager_type_code":"global","importance":"regional_core","importance_rank":2,"source":"natural_earth_10m_ports","source_ne_id":"1730089093","website":"www.otal.com/cameroon/index.htm"},"geometry":{"type":"Point","coordinates":[9.68563,4.055]}},{"type":"Feature","id":"global_port::1730089095","properties":{"id":"global_port::1730089095","stable_key":"global_port::1730089095","name":"Pointe Noire","legal_designation":"important","legal_designation_label":"Important port","manager_type_code":"global","importance":"regional_core","importance_rank":2,"source":"natural_earth_10m_ports","source_ne_id":"1730089095","website":""},"geometry":{"type":"Point","coordinates":[11.826914,-4.784444]}},{"type":"Feature","id":"global_port::1730089097","properties":{"id":"global_port::1730089097","stable_key":"global_port::1730089097","name":"Barranquilla","legal_designation":"important","legal_designation_label":"Important port","manager_type_code":"global","importance":"regional_core","importance_rank":2,"source":"natural_earth_10m_ports","source_ne_id":"1730089097","website":"www.spdelnorte.com"},"geometry":{"type":"Point","coordinates":[-74.756184,10.967222]}},{"type":"Feature","id":"global_port::1730089099","properties":{"id":"global_port::1730089099","stable_key":"global_port::1730089099","name":"Moroni","legal_designation":"important","legal_designation_label":"Important port","manager_type_code":"global","importance":"regional_core","importance_rank":2,"source":"natural_earth_10m_ports","source_ne_id":"1730089099","website":""},"geometry":{"type":"Point","coordinates":[43.243227,-11.701389]}},{"type":"Feature","id":"global_port::1730089101","properties":{"id":"global_port::1730089101","stable_key":"global_port::1730089101","name":"Mariel","legal_designation":"important","legal_designation_label":"Important port","manager_type_code":"global","importance":"regional_core","importance_rank":2,"source":"natural_earth_10m_ports","source_ne_id":"1730089101","website":""},"geometry":{"type":"Point","coordinates":[-82.756007,23.006389]}},{"type":"Feature","id":"global_port::1730089103","properties":{"id":"global_port::1730089103","stable_key":"global_port::1730089103","name":"Larnaca","legal_designation":"important","legal_designation_label":"Important port","manager_type_code":"global","importance":"regional_core","importance_rank":2,"source":"natural_earth_10m_ports","source_ne_id":"1730089103","website":"www.cpa.gov.cy"},"geometry":{"type":"Point","coordinates":[33.63934,34.924167]}},{"type":"Feature","id":"global_port::1730089105","properties":{"id":"global_port::1730089105","stable_key":"global_port::1730089105","name":"Limassol","legal_designation":"important","legal_designation_label":"Important port","manager_type_code":"global","importance":"regional_core","importance_rank":2,"source":"natural_earth_10m_ports","source_ne_id":"1730089105","website":"www.cpa.gov.cy"},"geometry":{"type":"Point","coordinates":[33.017727,34.65]}},{"type":"Feature","id":"global_port::1730089109","properties":{"id":"global_port::1730089109","stable_key":"global_port::1730089109","name":"Bremen","legal_designation":"important","legal_designation_label":"Important port","manager_type_code":"global","importance":"regional_core","importance_rank":2,"source":"natural_earth_10m_ports","source_ne_id":"1730089109","website":"www.bremen-ports.de"},"geometry":{"type":"Point","coordinates":[8.75106,53.0975]}},{"type":"Feature","id":"global_port::1730089111","properties":{"id":"global_port::1730089111","stable_key":"global_port::1730089111","name":"Hamburg","legal_designation":"important","legal_designation_label":"Important port","manager_type_code":"global","importance":"regional_core","importance_rank":2,"source":"natural_earth_10m_ports","source_ne_id":"1730089111","website":"www.hafen-hamburg.de"},"geometry":{"type":"Point","coordinates":[9.958481,53.524722]}},{"type":"Feature","id":"global_port::1730089113","properties":{"id":"global_port::1730089113","stable_key":"global_port::1730089113","name":"Djibouti","legal_designation":"important","legal_designation_label":"Important port","manager_type_code":"global","importance":"regional_core","importance_rank":2,"source":"natural_earth_10m_ports","source_ne_id":"1730089113","website":"www.dpworld-djiboutiport.com"},"geometry":{"type":"Point","coordinates":[43.13563,11.601944]}},{"type":"Feature","id":"global_port::1730089115","properties":{"id":"global_port::1730089115","stable_key":"global_port::1730089115","name":"Aalborg","legal_designation":"important","legal_designation_label":"Important port","manager_type_code":"global","importance":"regional_core","importance_rank":2,"source":"natural_earth_10m_ports","source_ne_id":"1730089115","website":"www.aalborghavn.dk"},"geometry":{"type":"Point","coordinates":[10.0053,57.061111]}},{"type":"Feature","id":"global_port::1730089117","properties":{"id":"global_port::1730089117","stable_key":"global_port::1730089117","name":"Fredericia","legal_designation":"important","legal_designation_label":"Important port","manager_type_code":"global","importance":"regional_core","importance_rank":2,"source":"natural_earth_10m_ports","source_ne_id":"1730089117","website":"www.adp-as.com"},"geometry":{"type":"Point","coordinates":[9.740577,55.558056]}},{"type":"Feature","id":"global_port::1730089119","properties":{"id":"global_port::1730089119","stable_key":"global_port::1730089119","name":"Alicante","legal_designation":"important","legal_designation_label":"Important port","manager_type_code":"global","importance":"regional_core","importance_rank":2,"source":"natural_earth_10m_ports","source_ne_id":"1730089119","website":"www.puertoalicante.com"},"geometry":{"type":"Point","coordinates":[-0.48828,38.335278]}},{"type":"Feature","id":"global_port::1730089121","properties":{"id":"global_port::1730089121","stable_key":"global_port::1730089121","name":"Bilbao","legal_designation":"important","legal_designation_label":"Important port","manager_type_code":"global","importance":"regional_core","importance_rank":2,"source":"natural_earth_10m_ports","source_ne_id":"1730089121","website":"www.bilbaoport.es"},"geometry":{"type":"Point","coordinates":[-3.026914,43.3425]}},{"type":"Feature","id":"global_port::1730089123","properties":{"id":"global_port::1730089123","stable_key":"global_port::1730089123","name":"Valencia","legal_designation":"important","legal_designation_label":"Important port","manager_type_code":"global","importance":"regional_core","importance_rank":2,"source":"natural_earth_10m_ports","source_ne_id":"1730089123","website":"www.valenciaport.com"},"geometry":{"type":"Point","coordinates":[-0.318433,39.444167]}},{"type":"Feature","id":"global_port::1730089127","properties":{"id":"global_port::1730089127","stable_key":"global_port::1730089127","name":"Fox Bay","legal_designation":"important","legal_designation_label":"Important port","manager_type_code":"global","importance":"regional_core","importance_rank":2,"source":"natural_earth_10m_ports","source_ne_id":"1730089127","website":""},"geometry":{"type":"Point","coordinates":[-60.07073,-51.955556]}},{"type":"Feature","id":"global_port::1730089129","properties":{"id":"global_port::1730089129","stable_key":"global_port::1730089129","name":"Ajaccio","legal_designation":"important","legal_designation_label":"Important port","manager_type_code":"global","importance":"regional_core","importance_rank":2,"source":"natural_earth_10m_ports","source_ne_id":"1730089129","website":"www.corse-du-sud.cci.fr"},"geometry":{"type":"Point","coordinates":[8.73881,41.92]}},{"type":"Feature","id":"global_port::1730089131","properties":{"id":"global_port::1730089131","stable_key":"global_port::1730089131","name":"Bastia","legal_designation":"important","legal_designation_label":"Important port","manager_type_code":"global","importance":"regional_core","importance_rank":2,"source":"natural_earth_10m_ports","source_ne_id":"1730089131","website":"www.port-de-bastia.net"},"geometry":{"type":"Point","coordinates":[9.451943,42.7]}},{"type":"Feature","id":"global_port::1730089133","properties":{"id":"global_port::1730089133","stable_key":"global_port::1730089133","name":"Bordeaux","legal_designation":"important","legal_designation_label":"Important port","manager_type_code":"global","importance":"regional_core","importance_rank":2,"source":"natural_earth_10m_ports","source_ne_id":"1730089133","website":"www.bordeaux-port.fr"},"geometry":{"type":"Point","coordinates":[-0.55318,44.865278]}},{"type":"Feature","id":"global_port::1730089135","properties":{"id":"global_port::1730089135","stable_key":"global_port::1730089135","name":"Calais","legal_designation":"important","legal_designation_label":"Important port","manager_type_code":"global","importance":"regional_core","importance_rank":2,"source":"natural_earth_10m_ports","source_ne_id":"1730089135","website":"www.calais-port.com"},"geometry":{"type":"Point","coordinates":[1.850177,50.965833]}},{"type":"Feature","id":"global_port::1730089137","properties":{"id":"global_port::1730089137","stable_key":"global_port::1730089137","name":"Dunkerque","legal_designation":"important","legal_designation_label":"Important port","manager_type_code":"global","importance":"regional_core","importance_rank":2,"source":"natural_earth_10m_ports","source_ne_id":"1730089137","website":"www.portdedunkerque.fr"},"geometry":{"type":"Point","coordinates":[2.170907,51.021667]}},{"type":"Feature","id":"global_port::1730089139","properties":{"id":"global_port::1730089139","stable_key":"global_port::1730089139","name":"Honfleur","legal_designation":"important","legal_designation_label":"Important port","manager_type_code":"global","importance":"regional_core","importance_rank":2,"source":"natural_earth_10m_ports","source_ne_id":"1730089139","website":"www.pays-auge.cci.fr/port/index.html"},"geometry":{"type":"Point","coordinates":[0.2351,49.422222]}},{"type":"Feature","id":"global_port::1730089141","properties":{"id":"global_port::1730089141","stable_key":"global_port::1730089141","name":"Libreville","legal_designation":"important","legal_designation_label":"Important port","manager_type_code":"global","importance":"regional_core","importance_rank":2,"source":"natural_earth_10m_ports","source_ne_id":"1730089141","website":"www.ports-gabon.com"},"geometry":{"type":"Point","coordinates":[9.433687,0.400833]}},{"type":"Feature","id":"global_port::1730089145","properties":{"id":"global_port::1730089145","stable_key":"global_port::1730089145","name":"Port Gentil","legal_designation":"important","legal_designation_label":"Important port","manager_type_code":"global","importance":"regional_core","importance_rank":2,"source":"natural_earth_10m_ports","source_ne_id":"1730089145","website":"www.ports-gabon.com"},"geometry":{"type":"Point","coordinates":[8.785277,-0.711944]}},{"type":"Feature","id":"global_port::1730089147","properties":{"id":"global_port::1730089147","stable_key":"global_port::1730089147","name":"Belfast","legal_designation":"important","legal_designation_label":"Important port","manager_type_code":"global","importance":"regional_core","importance_rank":2,"source":"natural_earth_10m_ports","source_ne_id":"1730089147","website":"www.belfast-harbour.co.uk"},"geometry":{"type":"Point","coordinates":[-5.891107,54.620556]}},{"type":"Feature","id":"global_port::1730089149","properties":{"id":"global_port::1730089149","stable_key":"global_port::1730089149","name":"Dover","legal_designation":"important","legal_designation_label":"Important port","manager_type_code":"global","importance":"regional_core","importance_rank":2,"source":"natural_earth_10m_ports","source_ne_id":"1730089149","website":"www.doverport.co.uk"},"geometry":{"type":"Point","coordinates":[1.322144,51.120833]}},{"type":"Feature","id":"global_port::1730089151","properties":{"id":"global_port::1730089151","stable_key":"global_port::1730089151","name":"Inverness","legal_designation":"important","legal_designation_label":"Important port","manager_type_code":"global","importance":"regional_core","importance_rank":2,"source":"natural_earth_10m_ports","source_ne_id":"1730089151","website":"www.invernessharbour.co.uk"},"geometry":{"type":"Point","coordinates":[-4.234747,57.486667]}},{"type":"Feature","id":"global_port::1730089153","properties":{"id":"global_port::1730089153","stable_key":"global_port::1730089153","name":"Takoradi","legal_designation":"important","legal_designation_label":"Important port","manager_type_code":"global","importance":"regional_core","importance_rank":2,"source":"natural_earth_10m_ports","source_ne_id":"1730089153","website":"www.ghanaports.gov.gh"},"geometry":{"type":"Point","coordinates":[-1.738457,4.884167]}},{"type":"Feature","id":"global_port::1730089155","properties":{"id":"global_port::1730089155","stable_key":"global_port::1730089155","name":"Basse-Terre","legal_designation":"important","legal_designation_label":"Important port","manager_type_code":"global","importance":"regional_core","importance_rank":2,"source":"natural_earth_10m_ports","source_ne_id":"1730089155","website":"www.port-guadeloupe.com"},"geometry":{"type":"Point","coordinates":[-61.727091,15.996389]}},{"type":"Feature","id":"global_port::1730089157","properties":{"id":"global_port::1730089157","stable_key":"global_port::1730089157","name":"Pointe-a-Pitre","legal_designation":"important","legal_designation_label":"Important port","manager_type_code":"global","importance":"regional_core","importance_rank":2,"source":"natural_earth_10m_ports","source_ne_id":"1730089157","website":"www.port-guadeloupe.com"},"geometry":{"type":"Point","coordinates":[-61.538457,16.233889]}},{"type":"Feature","id":"global_port::1730089159","properties":{"id":"global_port::1730089159","stable_key":"global_port::1730089159","name":"Banjul","legal_designation":"important","legal_designation_label":"Important port","manager_type_code":"global","importance":"regional_core","importance_rank":2,"source":"natural_earth_10m_ports","source_ne_id":"1730089159","website":"www.gambiaports.com"},"geometry":{"type":"Point","coordinates":[-16.570377,13.444444]}},{"type":"Feature","id":"global_port::1730089163","properties":{"id":"global_port::1730089163","stable_key":"global_port::1730089163","name":"Bata","legal_designation":"important","legal_designation_label":"Important port","manager_type_code":"global","importance":"regional_core","importance_rank":2,"source":"natural_earth_10m_ports","source_ne_id":"1730089163","website":""},"geometry":{"type":"Point","coordinates":[9.738104,1.824167]}},{"type":"Feature","id":"global_port::1730089165","properties":{"id":"global_port::1730089165","stable_key":"global_port::1730089165","name":"Iraklion","legal_designation":"important","legal_designation_label":"Important port","manager_type_code":"global","importance":"regional_core","importance_rank":2,"source":"natural_earth_10m_ports","source_ne_id":"1730089165","website":"www.portheraklion.gr"},"geometry":{"type":"Point","coordinates":[25.141107,35.345556]}},{"type":"Feature","id":"global_port::1730089167","properties":{"id":"global_port::1730089167","stable_key":"global_port::1730089167","name":"Thessaloniki","legal_designation":"important","legal_designation_label":"Important port","manager_type_code":"global","importance":"regional_core","importance_rank":2,"source":"natural_earth_10m_ports","source_ne_id":"1730089167","website":"www.thpa.gr"},"geometry":{"type":"Point","coordinates":[22.917727,40.635]}},{"type":"Feature","id":"global_port::1730089169","properties":{"id":"global_port::1730089169","stable_key":"global_port::1730089169","name":"Cayenne","legal_designation":"important","legal_designation_label":"Important port","manager_type_code":"global","importance":"regional_core","importance_rank":2,"source":"natural_earth_10m_ports","source_ne_id":"1730089169","website":"www.guyane.cci.fr"},"geometry":{"type":"Point","coordinates":[-52.33616,4.935278]}},{"type":"Feature","id":"global_port::1730089171","properties":{"id":"global_port::1730089171","stable_key":"global_port::1730089171","name":"Kourou","legal_designation":"important","legal_designation_label":"Important port","manager_type_code":"global","importance":"regional_core","importance_rank":2,"source":"natural_earth_10m_ports","source_ne_id":"1730089171","website":""},"geometry":{"type":"Point","coordinates":[-52.624264,5.158889]}},{"type":"Feature","id":"global_port::1730089173","properties":{"id":"global_port::1730089173","stable_key":"global_port::1730089173","name":"Georgetown","legal_designation":"important","legal_designation_label":"Important port","manager_type_code":"global","importance":"regional_core","importance_rank":2,"source":"natural_earth_10m_ports","source_ne_id":"1730089173","website":"www.gnsc.com"},"geometry":{"type":"Point","coordinates":[-58.167197,6.819444]}},{"type":"Feature","id":"global_port::1730089175","properties":{"id":"global_port::1730089175","stable_key":"global_port::1730089175","name":"Puerto Cortes","legal_designation":"important","legal_designation_label":"Important port","manager_type_code":"global","importance":"regional_core","importance_rank":2,"source":"natural_earth_10m_ports","source_ne_id":"1730089175","website":"www.enp.hn"},"geometry":{"type":"Point","coordinates":[-87.940224,15.833333]}},{"type":"Feature","id":"global_port::1730089177","properties":{"id":"global_port::1730089177","stable_key":"global_port::1730089177","name":"Zadar","legal_designation":"important","legal_designation_label":"Important port","manager_type_code":"global","importance":"regional_core","importance_rank":2,"source":"natural_earth_10m_ports","source_ne_id":"1730089177","website":"www.port-authority-zadar.hr"},"geometry":{"type":"Point","coordinates":[15.219317,44.1175]}},{"type":"Feature","id":"global_port::1730089181","properties":{"id":"global_port::1730089181","stable_key":"global_port::1730089181","name":"Surabaya","legal_designation":"important","legal_designation_label":"Important port","manager_type_code":"global","importance":"regional_core","importance_rank":2,"source":"natural_earth_10m_ports","source_ne_id":"1730089181","website":""},"geometry":{"type":"Point","coordinates":[113.916667,-7.616667]}},{"type":"Feature","id":"global_port::1730089183","properties":{"id":"global_port::1730089183","stable_key":"global_port::1730089183","name":"Manado","legal_designation":"important","legal_designation_label":"Important port","manager_type_code":"global","importance":"regional_core","importance_rank":2,"source":"natural_earth_10m_ports","source_ne_id":"1730089183","website":""},"geometry":{"type":"Point","coordinates":[124.825854,1.481944]}},{"type":"Feature","id":"global_port::1730089185","properties":{"id":"global_port::1730089185","stable_key":"global_port::1730089185","name":"Senipah","legal_designation":"important","legal_designation_label":"Important port","manager_type_code":"global","importance":"regional_core","importance_rank":2,"source":"natural_earth_10m_ports","source_ne_id":"1730089185","website":"www.pertamina.com"},"geometry":{"type":"Point","coordinates":[117.216667,-1.05]}},{"type":"Feature","id":"global_port::1730089187","properties":{"id":"global_port::1730089187","stable_key":"global_port::1730089187","name":"Bhavnagar","legal_designation":"important","legal_designation_label":"Important port","manager_type_code":"global","importance":"regional_core","importance_rank":2,"source":"natural_earth_10m_ports","source_ne_id":"1730089187","website":"www.gmbports.org"},"geometry":{"type":"Point","coordinates":[72.206007,21.77]}},{"type":"Feature","id":"global_port::1730089189","properties":{"id":"global_port::1730089189","stable_key":"global_port::1730089189","name":"Visakhapatnam","legal_designation":"important","legal_designation_label":"Important port","manager_type_code":"global","importance":"regional_core","importance_rank":2,"source":"natural_earth_10m_ports","source_ne_id":"1730089189","website":"www.vizagport.com"},"geometry":{"type":"Point","coordinates":[83.28722,17.693333]}},{"type":"Feature","id":"global_port::1730089191","properties":{"id":"global_port::1730089191","stable_key":"global_port::1730089191","name":"Limerick","legal_designation":"important","legal_designation_label":"Important port","manager_type_code":"global","importance":"regional_core","importance_rank":2,"source":"natural_earth_10m_ports","source_ne_id":"1730089191","website":"www.sfpc.ie"},"geometry":{"type":"Point","coordinates":[-8.633333,52.662778]}},{"type":"Feature","id":"global_port::1730089193","properties":{"id":"global_port::1730089193","stable_key":"global_port::1730089193","name":"Bandar Abbas","legal_designation":"important","legal_designation_label":"Important port","manager_type_code":"global","importance":"regional_core","importance_rank":2,"source":"natural_earth_10m_ports","source_ne_id":"1730089193","website":""},"geometry":{"type":"Point","coordinates":[56.20424,27.140833]}},{"type":"Feature","id":"global_port::1730089195","properties":{"id":"global_port::1730089195","stable_key":"global_port::1730089195","name":"Reykjavik","legal_designation":"important","legal_designation_label":"Important port","manager_type_code":"global","importance":"regional_core","importance_rank":2,"source":"natural_earth_10m_ports","source_ne_id":"1730089195","website":"www.reykjavik.is"},"geometry":{"type":"Point","coordinates":[-21.837927,64.148333]}},{"type":"Feature","id":"global_port::1730089199","properties":{"id":"global_port::1730089199","stable_key":"global_port::1730089199","name":"Seydisfjordur","legal_designation":"important","legal_designation_label":"Important port","manager_type_code":"global","importance":"regional_core","importance_rank":2,"source":"natural_earth_10m_ports","source_ne_id":"1730089199","website":""},"geometry":{"type":"Point","coordinates":[-14.00424,65.262778]}},{"type":"Feature","id":"global_port::1730089201","properties":{"id":"global_port::1730089201","stable_key":"global_port::1730089201","name":"Trieste","legal_designation":"important","legal_designation_label":"Important port","manager_type_code":"global","importance":"regional_core","importance_rank":2,"source":"natural_earth_10m_ports","source_ne_id":"1730089201","website":"www.porto.trieste.it"},"geometry":{"type":"Point","coordinates":[13.75424,45.645]}},{"type":"Feature","id":"global_port::1730089203","properties":{"id":"global_port::1730089203","stable_key":"global_port::1730089203","name":"Hiroshima","legal_designation":"important","legal_designation_label":"Important port","manager_type_code":"global","importance":"regional_core","importance_rank":2,"source":"natural_earth_10m_ports","source_ne_id":"1730089203","website":"www.pref.hiroshima.lg.jp"},"geometry":{"type":"Point","coordinates":[132.421437,34.365278]}},{"type":"Feature","id":"global_port::1730089205","properties":{"id":"global_port::1730089205","stable_key":"global_port::1730089205","name":"Kobe","legal_designation":"important","legal_designation_label":"Important port","manager_type_code":"global","importance":"regional_core","importance_rank":2,"source":"natural_earth_10m_ports","source_ne_id":"1730089205","website":"www.kptc.or.jp"},"geometry":{"type":"Point","coordinates":[135.238104,34.684167]}},{"type":"Feature","id":"global_port::1730089207","properties":{"id":"global_port::1730089207","stable_key":"global_port::1730089207","name":"Nagasaki","legal_designation":"important","legal_designation_label":"Important port","manager_type_code":"global","importance":"regional_core","importance_rank":2,"source":"natural_earth_10m_ports","source_ne_id":"1730089207","website":"www.doboku.pref.nagasaki.jp/~rinkai/kakukou/nagasaki.htm"},"geometry":{"type":"Point","coordinates":[129.859541,32.740278]}},{"type":"Feature","id":"global_port::1730089209","properties":{"id":"global_port::1730089209","stable_key":"global_port::1730089209","name":"Otaru","legal_designation":"important","legal_designation_label":"Important port","manager_type_code":"global","importance":"regional_core","importance_rank":2,"source":"natural_earth_10m_ports","source_ne_id":"1730089209","website":""},"geometry":{"type":"Point","coordinates":[141.016667,43.196944]}},{"type":"Feature","id":"global_port::1730089211","properties":{"id":"global_port::1730089211","stable_key":"global_port::1730089211","name":"Tokyo","legal_designation":"important","legal_designation_label":"Important port","manager_type_code":"global","importance":"regional_core","importance_rank":2,"source":"natural_earth_10m_ports","source_ne_id":"1730089211","website":"www.kouwan.metro.tokyo.jp"},"geometry":{"type":"Point","coordinates":[139.788457,35.624722]}},{"type":"Feature","id":"global_port::1730089213","properties":{"id":"global_port::1730089213","stable_key":"global_port::1730089213","name":"Monrovia","legal_designation":"important","legal_designation_label":"Important port","manager_type_code":"global","importance":"regional_core","importance_rank":2,"source":"natural_earth_10m_ports","source_ne_id":"1730089213","website":"www.nationalportauthorityliberia.org"},"geometry":{"type":"Point","coordinates":[-10.793757,6.345556]}},{"type":"Feature","id":"global_port::1730089217","properties":{"id":"global_port::1730089217","stable_key":"global_port::1730089217","name":"Colombo","legal_designation":"important","legal_designation_label":"Important port","manager_type_code":"global","importance":"regional_core","importance_rank":2,"source":"natural_earth_10m_ports","source_ne_id":"1730089217","website":"www.slpa.lk"},"geometry":{"type":"Point","coordinates":[79.850177,6.951389]}},{"type":"Feature","id":"global_port::1730089219","properties":{"id":"global_port::1730089219","stable_key":"global_port::1730089219","name":"Casablanca","legal_designation":"important","legal_designation_label":"Important port","manager_type_code":"global","importance":"regional_core","importance_rank":2,"source":"natural_earth_10m_ports","source_ne_id":"1730089219","website":"www.marsamaroc.co.ma"},"geometry":{"type":"Point","coordinates":[-7.600177,33.608889]}},{"type":"Feature","id":"global_port::1730089221","properties":{"id":"global_port::1730089221","stable_key":"global_port::1730089221","name":"Monaco","legal_designation":"important","legal_designation_label":"Important port","manager_type_code":"global","importance":"regional_core","importance_rank":2,"source":"natural_earth_10m_ports","source_ne_id":"1730089221","website":""},"geometry":{"type":"Point","coordinates":[7.420907,43.731944]}},{"type":"Feature","id":"global_port::1730089223","properties":{"id":"global_port::1730089223","stable_key":"global_port::1730089223","name":"Acapulco","legal_designation":"important","legal_designation_label":"Important port","manager_type_code":"global","importance":"regional_core","importance_rank":2,"source":"natural_earth_10m_ports","source_ne_id":"1730089223","website":"www.apiacapulcoport.com"},"geometry":{"type":"Point","coordinates":[-99.902473,16.844444]}},{"type":"Feature","id":"global_port::1730089225","properties":{"id":"global_port::1730089225","stable_key":"global_port::1730089225","name":"Mazatlan","legal_designation":"important","legal_designation_label":"Important port","manager_type_code":"global","importance":"regional_core","importance_rank":2,"source":"natural_earth_10m_ports","source_ne_id":"1730089225","website":"www.apimazatlan.com.mx"},"geometry":{"type":"Point","coordinates":[-106.393404,23.192222]}},{"type":"Feature","id":"global_port::1730089227","properties":{"id":"global_port::1730089227","stable_key":"global_port::1730089227","name":"Tampico","legal_designation":"important","legal_designation_label":"Important port","manager_type_code":"global","importance":"regional_core","importance_rank":2,"source":"natural_earth_10m_ports","source_ne_id":"1730089227","website":"www.puertodetampico.com.mx"},"geometry":{"type":"Point","coordinates":[-97.833687,22.236944]}},{"type":"Feature","id":"global_port::1730089229","properties":{"id":"global_port::1730089229","stable_key":"global_port::1730089229","name":"Beira","legal_designation":"important","legal_designation_label":"Important port","manager_type_code":"global","importance":"regional_core","importance_rank":2,"source":"natural_earth_10m_ports","source_ne_id":"1730089229","website":"www.cfmnet.co.mz"},"geometry":{"type":"Point","coordinates":[34.83351,-19.819167]}},{"type":"Feature","id":"global_port::1730089231","properties":{"id":"global_port::1730089231","stable_key":"global_port::1730089231","name":"Maputo","legal_designation":"important","legal_designation_label":"Important port","manager_type_code":"global","importance":"regional_core","importance_rank":2,"source":"natural_earth_10m_ports","source_ne_id":"1730089231","website":"www.portmaputo.com"},"geometry":{"type":"Point","coordinates":[32.557067,-25.972778]}},{"type":"Feature","id":"global_port::1730089235","properties":{"id":"global_port::1730089235","stable_key":"global_port::1730089235","name":"Nouakchott","legal_designation":"important","legal_designation_label":"Important port","manager_type_code":"global","importance":"regional_core","importance_rank":2,"source":"natural_earth_10m_ports","source_ne_id":"1730089235","website":""},"geometry":{"type":"Point","coordinates":[-16.021437,18.035278]}},{"type":"Feature","id":"global_port::1730089237","properties":{"id":"global_port::1730089237","stable_key":"global_port::1730089237","name":"Plymouth","legal_designation":"important","legal_designation_label":"Important port","manager_type_code":"global","importance":"regional_core","importance_rank":2,"source":"natural_earth_10m_ports","source_ne_id":"1730089237","website":"www.giu.gov.ms"},"geometry":{"type":"Point","coordinates":[-62.219847,16.703333]}},{"type":"Feature","id":"global_port::1730089239","properties":{"id":"global_port::1730089239","stable_key":"global_port::1730089239","name":"Fort-de-France","legal_designation":"important","legal_designation_label":"Important port","manager_type_code":"global","importance":"regional_core","importance_rank":2,"source":"natural_earth_10m_ports","source_ne_id":"1730089239","website":"www.martinique.cci.fr/port.asp"},"geometry":{"type":"Point","coordinates":[-61.05689,14.599167]}},{"type":"Feature","id":"global_port::1730089241","properties":{"id":"global_port::1730089241","stable_key":"global_port::1730089241","name":"Noumea","legal_designation":"important","legal_designation_label":"Important port","manager_type_code":"global","importance":"regional_core","importance_rank":2,"source":"natural_earth_10m_ports","source_ne_id":"1730089241","website":""},"geometry":{"type":"Point","coordinates":[166.425854,-22.259722]}},{"type":"Feature","id":"global_port::1730089243","properties":{"id":"global_port::1730089243","stable_key":"global_port::1730089243","name":"Port Harcourt","legal_designation":"important","legal_designation_label":"Important port","manager_type_code":"global","importance":"regional_core","importance_rank":2,"source":"natural_earth_10m_ports","source_ne_id":"1730089243","website":"www.nigerianports.org"},"geometry":{"type":"Point","coordinates":[7.00318,4.769167]}},{"type":"Feature","id":"global_port::1730089245","properties":{"id":"global_port::1730089245","stable_key":"global_port::1730089245","name":"Corinto","legal_designation":"important","legal_designation_label":"Important port","manager_type_code":"global","importance":"regional_core","importance_rank":2,"source":"natural_earth_10m_ports","source_ne_id":"1730089245","website":"www.epn.com.ni"},"geometry":{"type":"Point","coordinates":[-87.16914,12.481944]}},{"type":"Feature","id":"global_port::1730089247","properties":{"id":"global_port::1730089247","stable_key":"global_port::1730089247","name":"Rotterdam","legal_designation":"important","legal_designation_label":"Important port","manager_type_code":"global","importance":"regional_core","importance_rank":2,"source":"natural_earth_10m_ports","source_ne_id":"1730089247","website":"www.portofrotterdam.com"},"geometry":{"type":"Point","coordinates":[4.292874,51.927222]}},{"type":"Feature","id":"global_port::1730089249","properties":{"id":"global_port::1730089249","stable_key":"global_port::1730089249","name":"Bergen","legal_designation":"important","legal_designation_label":"Important port","manager_type_code":"global","importance":"regional_core","importance_rank":2,"source":"natural_earth_10m_ports","source_ne_id":"1730089249","website":"www.bergenhavn.no"},"geometry":{"type":"Point","coordinates":[5.31967,60.396944]}},{"type":"Feature","id":"global_port::1730089253","properties":{"id":"global_port::1730089253","stable_key":"global_port::1730089253","name":"Tromso","legal_designation":"important","legal_designation_label":"Important port","manager_type_code":"global","importance":"regional_core","importance_rank":2,"source":"natural_earth_10m_ports","source_ne_id":"1730089253","website":"www.tromso.havn.no"},"geometry":{"type":"Point","coordinates":[18.968787,69.655833]}},{"type":"Feature","id":"global_port::1730089255","properties":{"id":"global_port::1730089255","stable_key":"global_port::1730089255","name":"Trondheim","legal_designation":"important","legal_designation_label":"Important port","manager_type_code":"global","importance":"regional_core","importance_rank":2,"source":"natural_earth_10m_ports","source_ne_id":"1730089255","website":"www.trondheim.havn.no"},"geometry":{"type":"Point","coordinates":[10.388987,63.437778]}},{"type":"Feature","id":"global_port::1730089257","properties":{"id":"global_port::1730089257","stable_key":"global_port::1730089257","name":"Nelson","legal_designation":"important","legal_designation_label":"Important port","manager_type_code":"global","importance":"regional_core","importance_rank":2,"source":"natural_earth_10m_ports","source_ne_id":"1730089257","website":"www.portnelson.co.nz"},"geometry":{"type":"Point","coordinates":[173.271967,-41.259722]}},{"type":"Feature","id":"global_port::1730089259","properties":{"id":"global_port::1730089259","stable_key":"global_port::1730089259","name":"Muscat","legal_designation":"important","legal_designation_label":"Important port","manager_type_code":"global","importance":"regional_core","importance_rank":2,"source":"natural_earth_10m_ports","source_ne_id":"1730089259","website":"www.pscoman.com"},"geometry":{"type":"Point","coordinates":[58.409011,23.606667]}},{"type":"Feature","id":"global_port::1730089261","properties":{"id":"global_port::1730089261","stable_key":"global_port::1730089261","name":"Cebu","legal_designation":"important","legal_designation_label":"Important port","manager_type_code":"global","importance":"regional_core","importance_rank":2,"source":"natural_earth_10m_ports","source_ne_id":"1730089261","website":""},"geometry":{"type":"Point","coordinates":[123.922674,10.306389]}},{"type":"Feature","id":"global_port::1730089263","properties":{"id":"global_port::1730089263","stable_key":"global_port::1730089263","name":"Zamboanga","legal_designation":"important","legal_designation_label":"Important port","manager_type_code":"global","importance":"regional_core","importance_rank":2,"source":"natural_earth_10m_ports","source_ne_id":"1730089263","website":"www.ppa.com.ph"},"geometry":{"type":"Point","coordinates":[122.071437,6.902778]}},{"type":"Feature","id":"global_port::1730089265","properties":{"id":"global_port::1730089265","stable_key":"global_port::1730089265","name":"Port Moresby","legal_designation":"important","legal_designation_label":"Important port","manager_type_code":"global","importance":"regional_core","importance_rank":2,"source":"natural_earth_10m_ports","source_ne_id":"1730089265","website":"www.pngports.com.pg"},"geometry":{"type":"Point","coordinates":[147.15106,-9.467222]}},{"type":"Feature","id":"global_port::1730089267","properties":{"id":"global_port::1730089267","stable_key":"global_port::1730089267","name":"Wewak","legal_designation":"important","legal_designation_label":"Important port","manager_type_code":"global","importance":"regional_core","importance_rank":2,"source":"natural_earth_10m_ports","source_ne_id":"1730089267","website":"www.pngports.com.pg"},"geometry":{"type":"Point","coordinates":[143.65053,-3.57]}},{"type":"Feature","id":"global_port::1730089271","properties":{"id":"global_port::1730089271","stable_key":"global_port::1730089271","name":"Porto","legal_designation":"important","legal_designation_label":"Important port","manager_type_code":"global","importance":"regional_core","importance_rank":2,"source":"natural_earth_10m_ports","source_ne_id":"1730089271","website":""},"geometry":{"type":"Point","coordinates":[-8.61861,41.141111]}},{"type":"Feature","id":"global_port::1730089273","properties":{"id":"global_port::1730089273","stable_key":"global_port::1730089273","name":"Ponta Delgada","legal_designation":"important","legal_designation_label":"Important port","manager_type_code":"global","importance":"regional_core","importance_rank":2,"source":"natural_earth_10m_ports","source_ne_id":"1730089273","website":""},"geometry":{"type":"Point","coordinates":[-25.658834,37.736944]}},{"type":"Feature","id":"global_port::1730089275","properties":{"id":"global_port::1730089275","stable_key":"global_port::1730089275","name":"Papeete","legal_designation":"important","legal_designation_label":"Important port","manager_type_code":"global","importance":"regional_core","importance_rank":2,"source":"natural_earth_10m_ports","source_ne_id":"1730089275","website":"www.portdepapeete.pf"},"geometry":{"type":"Point","coordinates":[-149.56967,-17.531111]}},{"type":"Feature","id":"global_port::1730089277","properties":{"id":"global_port::1730089277","stable_key":"global_port::1730089277","name":"Doha","legal_designation":"important","legal_designation_label":"Important port","manager_type_code":"global","importance":"regional_core","importance_rank":2,"source":"natural_earth_10m_ports","source_ne_id":"1730089277","website":""},"geometry":{"type":"Point","coordinates":[51.555654,25.298056]}},{"type":"Feature","id":"global_port::1730089279","properties":{"id":"global_port::1730089279","stable_key":"global_port::1730089279","name":"Kaliningrad","legal_designation":"important","legal_designation_label":"Important port","manager_type_code":"global","importance":"regional_core","importance_rank":2,"source":"natural_earth_10m_ports","source_ne_id":"1730089279","website":"www.transmarine.ru/PORTINFO.HTM"},"geometry":{"type":"Point","coordinates":[20.455477,54.7]}},{"type":"Feature","id":"global_port::1730089281","properties":{"id":"global_port::1730089281","stable_key":"global_port::1730089281","name":"Vladivostok","legal_designation":"important","legal_designation_label":"Important port","manager_type_code":"global","importance":"regional_core","importance_rank":2,"source":"natural_earth_10m_ports","source_ne_id":"1730089281","website":"www.vmtp.ru"},"geometry":{"type":"Point","coordinates":[131.88775,43.094444]}},{"type":"Feature","id":"global_port::1730089283","properties":{"id":"global_port::1730089283","stable_key":"global_port::1730089283","name":"Vyborg","legal_designation":"important","legal_designation_label":"Important port","manager_type_code":"global","importance":"regional_core","importance_rank":2,"source":"natural_earth_10m_ports","source_ne_id":"1730089283","website":""},"geometry":{"type":"Point","coordinates":[28.726384,60.705]}},{"type":"Feature","id":"global_port::1730089285","properties":{"id":"global_port::1730089285","stable_key":"global_port::1730089285","name":"Port Sudan","legal_designation":"important","legal_designation_label":"Important port","manager_type_code":"global","importance":"regional_core","importance_rank":2,"source":"natural_earth_10m_ports","source_ne_id":"1730089285","website":"www.sudanports.gov.sd"},"geometry":{"type":"Point","coordinates":[37.221614,19.615833]}},{"type":"Feature","id":"global_port::1730089289","properties":{"id":"global_port::1730089289","stable_key":"global_port::1730089289","name":"Mogadishu","legal_designation":"important","legal_designation_label":"Important port","manager_type_code":"global","importance":"regional_core","importance_rank":2,"source":"natural_earth_10m_ports","source_ne_id":"1730089289","website":""},"geometry":{"type":"Point","coordinates":[45.340931,2.028889]}},{"type":"Feature","id":"global_port::1730089291","properties":{"id":"global_port::1730089291","stable_key":"global_port::1730089291","name":"Paramaribo","legal_designation":"important","legal_designation_label":"Important port","manager_type_code":"global","importance":"regional_core","importance_rank":2,"source":"natural_earth_10m_ports","source_ne_id":"1730089291","website":""},"geometry":{"type":"Point","coordinates":[-55.138987,5.82]}},{"type":"Feature","id":"global_port::1730089293","properties":{"id":"global_port::1730089293","stable_key":"global_port::1730089293","name":"Goteborg","legal_designation":"important","legal_designation_label":"Important port","manager_type_code":"global","importance":"regional_core","importance_rank":2,"source":"natural_earth_10m_ports","source_ne_id":"1730089293","website":""},"geometry":{"type":"Point","coordinates":[11.870024,57.689167]}},{"type":"Feature","id":"global_port::1730089295","properties":{"id":"global_port::1730089295","stable_key":"global_port::1730089295","name":"Lulea","legal_designation":"important","legal_designation_label":"Important port","manager_type_code":"global","importance":"regional_core","importance_rank":2,"source":"natural_earth_10m_ports","source_ne_id":"1730089295","website":"www.lulea.se/hamnen"},"geometry":{"type":"Point","coordinates":[22.158304,65.578889]}},{"type":"Feature","id":"global_port::1730089297","properties":{"id":"global_port::1730089297","stable_key":"global_port::1730089297","name":"Norrkoping","legal_designation":"important","legal_designation_label":"Important port","manager_type_code":"global","importance":"regional_core","importance_rank":2,"source":"natural_earth_10m_ports","source_ne_id":"1730089297","website":"www.norrkoping-port.se"},"geometry":{"type":"Point","coordinates":[16.225677,58.610278]}},{"type":"Feature","id":"global_port::1730089299","properties":{"id":"global_port::1730089299","stable_key":"global_port::1730089299","name":"Lome","legal_designation":"important","legal_designation_label":"Important port","manager_type_code":"global","importance":"regional_core","importance_rank":2,"source":"natural_earth_10m_ports","source_ne_id":"1730089299","website":"www.togoport.tg"},"geometry":{"type":"Point","coordinates":[1.284923,6.139167]}},{"type":"Feature","id":"global_port::1730089301","properties":{"id":"global_port::1730089301","stable_key":"global_port::1730089301","name":"Izmir","legal_designation":"important","legal_designation_label":"Important port","manager_type_code":"global","importance":"regional_core","importance_rank":2,"source":"natural_earth_10m_ports","source_ne_id":"1730089301","website":"www.tcdd.gov.tr"},"geometry":{"type":"Point","coordinates":[27.153887,38.443889]}},{"type":"Feature","id":"global_port::1730089303","properties":{"id":"global_port::1730089303","stable_key":"global_port::1730089303","name":"Kaohsiung","legal_designation":"important","legal_designation_label":"Important port","manager_type_code":"global","importance":"regional_core","importance_rank":2,"source":"natural_earth_10m_ports","source_ne_id":"1730089303","website":"www.khb.gov.tw"},"geometry":{"type":"Point","coordinates":[120.307067,22.565278]}},{"type":"Feature","id":"global_port::1730089307","properties":{"id":"global_port::1730089307","stable_key":"global_port::1730089307","name":"Taichung","legal_designation":"important","legal_designation_label":"Important port","manager_type_code":"global","importance":"regional_core","importance_rank":2,"source":"natural_earth_10m_ports","source_ne_id":"1730089307","website":"www.tchb.gov.tw"},"geometry":{"type":"Point","coordinates":[120.503887,24.258333]}},{"type":"Feature","id":"global_port::1730089309","properties":{"id":"global_port::1730089309","stable_key":"global_port::1730089309","name":"Odessa","legal_designation":"important","legal_designation_label":"Important port","manager_type_code":"global","importance":"regional_core","importance_rank":2,"source":"natural_earth_10m_ports","source_ne_id":"1730089309","website":"www.port.odessa.ua"},"geometry":{"type":"Point","coordinates":[30.737044,46.501111]}},{"type":"Feature","id":"global_port::1730089311","properties":{"id":"global_port::1730089311","stable_key":"global_port::1730089311","name":"Montevideo","legal_designation":"important","legal_designation_label":"Important port","manager_type_code":"global","importance":"regional_core","importance_rank":2,"source":"natural_earth_10m_ports","source_ne_id":"1730089311","website":"www.anp.com.uy"},"geometry":{"type":"Point","coordinates":[-56.20424,-34.900556]}},{"type":"Feature","id":"global_port::1730089313","properties":{"id":"global_port::1730089313","stable_key":"global_port::1730089313","name":"Juneau","legal_designation":"important","legal_designation_label":"Important port","manager_type_code":"global","importance":"regional_core","importance_rank":2,"source":"natural_earth_10m_ports","source_ne_id":"1730089313","website":"www.juneau.org"},"geometry":{"type":"Point","coordinates":[-134.670024,58.379167]}},{"type":"Feature","id":"global_port::1730089315","properties":{"id":"global_port::1730089315","stable_key":"global_port::1730089315","name":"Nome","legal_designation":"important","legal_designation_label":"Important port","manager_type_code":"global","importance":"regional_core","importance_rank":2,"source":"natural_earth_10m_ports","source_ne_id":"1730089315","website":"www.nomealaska.org/port"},"geometry":{"type":"Point","coordinates":[-165.425147,64.498333]}},{"type":"Feature","id":"global_port::1730089317","properties":{"id":"global_port::1730089317","stable_key":"global_port::1730089317","name":"Hilo","legal_designation":"important","legal_designation_label":"Important port","manager_type_code":"global","importance":"regional_core","importance_rank":2,"source":"natural_earth_10m_ports","source_ne_id":"1730089317","website":"www.state.hi.us/dot/harbors"},"geometry":{"type":"Point","coordinates":[-155.06861,19.733333]}},{"type":"Feature","id":"global_port::1730089319","properties":{"id":"global_port::1730089319","stable_key":"global_port::1730089319","name":"Bellingham","legal_designation":"important","legal_designation_label":"Important port","manager_type_code":"global","importance":"regional_core","importance_rank":2,"source":"natural_earth_10m_ports","source_ne_id":"1730089319","website":"www.portofbellingham.com"},"geometry":{"type":"Point","coordinates":[-122.500353,48.740556]}},{"type":"Feature","id":"global_port::1730089321","properties":{"id":"global_port::1730089321","stable_key":"global_port::1730089321","name":"Houston","legal_designation":"important","legal_designation_label":"Important port","manager_type_code":"global","importance":"regional_core","importance_rank":2,"source":"natural_earth_10m_ports","source_ne_id":"1730089321","website":"www.portofhouston.com"},"geometry":{"type":"Point","coordinates":[-95.20212,29.739167]}},{"type":"Feature","id":"global_port::1730089325","properties":{"id":"global_port::1730089325","stable_key":"global_port::1730089325","name":"Brownsville","legal_designation":"important","legal_designation_label":"Important port","manager_type_code":"global","importance":"regional_core","importance_rank":2,"source":"natural_earth_10m_ports","source_ne_id":"1730089325","website":"www.portofbrownsville.com"},"geometry":{"type":"Point","coordinates":[-97.38457,25.957222]}},{"type":"Feature","id":"global_port::1730089327","properties":{"id":"global_port::1730089327","stable_key":"global_port::1730089327","name":"Longview","legal_designation":"important","legal_designation_label":"Important port","manager_type_code":"global","importance":"regional_core","importance_rank":2,"source":"natural_earth_10m_ports","source_ne_id":"1730089327","website":"www.portoflongview.com"},"geometry":{"type":"Point","coordinates":[-122.96702,46.112778]}},{"type":"Feature","id":"global_port::1730089329","properties":{"id":"global_port::1730089329","stable_key":"global_port::1730089329","name":"Kingstown","legal_designation":"important","legal_designation_label":"Important port","manager_type_code":"global","importance":"regional_core","importance_rank":2,"source":"natural_earth_10m_ports","source_ne_id":"1730089329","website":"www.svgpa.com"},"geometry":{"type":"Point","coordinates":[-61.242874,13.169167]}},{"type":"Feature","id":"global_port::1730089331","properties":{"id":"global_port::1730089331","stable_key":"global_port::1730089331","name":"La Guaira","legal_designation":"important","legal_designation_label":"Important port","manager_type_code":"global","importance":"regional_core","importance_rank":2,"source":"natural_earth_10m_ports","source_ne_id":"1730089331","website":"www.plcsa.gob.ve"},"geometry":{"type":"Point","coordinates":[-66.940224,10.602778]}},{"type":"Feature","id":"global_port::1730089333","properties":{"id":"global_port::1730089333","stable_key":"global_port::1730089333","name":"Maracaibo","legal_designation":"important","legal_designation_label":"Important port","manager_type_code":"global","importance":"regional_core","importance_rank":2,"source":"natural_earth_10m_ports","source_ne_id":"1730089333","website":"www.puertodemaracaibo.com"},"geometry":{"type":"Point","coordinates":[-71.58828,10.683611]}},{"type":"Feature","id":"global_port::1730089335","properties":{"id":"global_port::1730089335","stable_key":"global_port::1730089335","name":"Da Nang","legal_designation":"important","legal_designation_label":"Important port","manager_type_code":"global","importance":"regional_core","importance_rank":2,"source":"natural_earth_10m_ports","source_ne_id":"1730089335","website":"www.danangportvn.com"},"geometry":{"type":"Point","coordinates":[108.223204,16.082222]}},{"type":"Feature","id":"global_port::1730089337","properties":{"id":"global_port::1730089337","stable_key":"global_port::1730089337","name":"Port Vila","legal_designation":"important","legal_designation_label":"Important port","manager_type_code":"global","importance":"regional_core","importance_rank":2,"source":"natural_earth_10m_ports","source_ne_id":"1730089337","website":"www.vanuatugovernment.gov.vu"},"geometry":{"type":"Point","coordinates":[168.30583,-17.747222]}},{"type":"Feature","id":"global_port::1730089339","properties":{"id":"global_port::1730089339","stable_key":"global_port::1730089339","name":"Apia","legal_designation":"important","legal_designation_label":"Important port","manager_type_code":"global","importance":"regional_core","importance_rank":2,"source":"natural_earth_10m_ports","source_ne_id":"1730089339","website":"www.spasamoa.ws"},"geometry":{"type":"Point","coordinates":[-171.75795,-13.828333]}},{"type":"Feature","id":"global_port::1730089343","properties":{"id":"global_port::1730089343","stable_key":"global_port::1730089343","name":"Hodeidah","legal_designation":"important","legal_designation_label":"Important port","manager_type_code":"global","importance":"regional_core","importance_rank":2,"source":"natural_earth_10m_ports","source_ne_id":"1730089343","website":""},"geometry":{"type":"Point","coordinates":[42.935277,14.833611]}},{"type":"Feature","id":"global_port::1730089345","properties":{"id":"global_port::1730089345","stable_key":"global_port::1730089345","name":"Ottawa","legal_designation":"important","legal_designation_label":"Important port","manager_type_code":"global","importance":"regional_core","importance_rank":2,"source":"natural_earth_10m_ports","source_ne_id":"1730089345","website":""},"geometry":{"type":"Point","coordinates":[-75.7,45.43]}},{"type":"Feature","id":"global_port::1730089347","properties":{"id":"global_port::1730089347","stable_key":"global_port::1730089347","name":"Buffalo","legal_designation":"important","legal_designation_label":"Important port","manager_type_code":"global","importance":"regional_core","importance_rank":2,"source":"natural_earth_10m_ports","source_ne_id":"1730089347","website":""},"geometry":{"type":"Point","coordinates":[-78.88,42.88]}},{"type":"Feature","id":"global_port::1730089349","properties":{"id":"global_port::1730089349","stable_key":"global_port::1730089349","name":"Cleveland","legal_designation":"important","legal_designation_label":"Important port","manager_type_code":"global","importance":"regional_core","importance_rank":2,"source":"natural_earth_10m_ports","source_ne_id":"1730089349","website":""},"geometry":{"type":"Point","coordinates":[-81.71,41.5]}},{"type":"Feature","id":"global_port::1730089351","properties":{"id":"global_port::1730089351","stable_key":"global_port::1730089351","name":"Green Bay","legal_designation":"important","legal_designation_label":"Important port","manager_type_code":"global","importance":"regional_core","importance_rank":2,"source":"natural_earth_10m_ports","source_ne_id":"1730089351","website":""},"geometry":{"type":"Point","coordinates":[-88.01,44.51]}},{"type":"Feature","id":"global_port::1730089353","properties":{"id":"global_port::1730089353","stable_key":"global_port::1730089353","name":"Duluth","legal_designation":"important","legal_designation_label":"Important port","manager_type_code":"global","importance":"regional_core","importance_rank":2,"source":"natural_earth_10m_ports","source_ne_id":"1730089353","website":""},"geometry":{"type":"Point","coordinates":[-92.1,46.76]}},{"type":"Feature","id":"global_port::1730089355","properties":{"id":"global_port::1730089355","stable_key":"global_port::1730089355","name":"Eureka","legal_designation":"important","legal_designation_label":"Important port","manager_type_code":"global","importance":"regional_core","importance_rank":2,"source":"natural_earth_10m_ports","source_ne_id":"1730089355","website":""},"geometry":{"type":"Point","coordinates":[-124.18,40.8]}},{"type":"Feature","id":"global_port::1730089357","properties":{"id":"global_port::1730089357","stable_key":"global_port::1730089357","name":"Luanda","legal_designation":"international_hub","legal_designation_label":"Global hub port","manager_type_code":"global","importance":"national_core","importance_rank":3,"source":"natural_earth_10m_ports","source_ne_id":"1730089357","website":"www.otal.com/angola"},"geometry":{"type":"Point","coordinates":[13.250883,-8.783889]}},{"type":"Feature","id":"global_port::1730089361","properties":{"id":"global_port::1730089361","stable_key":"global_port::1730089361","name":"Kralendijk, Bonaire","legal_designation":"international_hub","legal_designation_label":"Global hub port","manager_type_code":"global","importance":"national_core","importance_rank":3,"source":"natural_earth_10m_ports","source_ne_id":"1730089361","website":""},"geometry":{"type":"Point","coordinates":[-68.273557,12.148333]}},{"type":"Feature","id":"global_port::1730089363","properties":{"id":"global_port::1730089363","stable_key":"global_port::1730089363","name":"Philipsburg","legal_designation":"international_hub","legal_designation_label":"Global hub port","manager_type_code":"global","importance":"national_core","importance_rank":3,"source":"natural_earth_10m_ports","source_ne_id":"1730089363","website":""},"geometry":{"type":"Point","coordinates":[-63.043757,18.014444]}},{"type":"Feature","id":"global_port::1730089365","properties":{"id":"global_port::1730089365","stable_key":"global_port::1730089365","name":"Adelaide","legal_designation":"international_hub","legal_designation_label":"Global hub port","manager_type_code":"global","importance":"national_core","importance_rank":3,"source":"natural_earth_10m_ports","source_ne_id":"1730089365","website":"www.flindersports.com.au"},"geometry":{"type":"Point","coordinates":[138.50795,-34.799167]}},{"type":"Feature","id":"global_port::1730089367","properties":{"id":"global_port::1730089367","stable_key":"global_port::1730089367","name":"Brisbane","legal_designation":"international_hub","legal_designation_label":"Global hub port","manager_type_code":"global","importance":"national_core","importance_rank":3,"source":"natural_earth_10m_ports","source_ne_id":"1730089367","website":"www.portbris.com.au"},"geometry":{"type":"Point","coordinates":[153.168433,-27.3825]}},{"type":"Feature","id":"global_port::1730089369","properties":{"id":"global_port::1730089369","stable_key":"global_port::1730089369","name":"Port Hedland","legal_designation":"international_hub","legal_designation_label":"Global hub port","manager_type_code":"global","importance":"national_core","importance_rank":3,"source":"natural_earth_10m_ports","source_ne_id":"1730089369","website":"www.phpa.com.au"},"geometry":{"type":"Point","coordinates":[118.573204,-20.3175]}},{"type":"Feature","id":"global_port::1730089371","properties":{"id":"global_port::1730089371","stable_key":"global_port::1730089371","name":"Chittagong","legal_designation":"international_hub","legal_designation_label":"Global hub port","manager_type_code":"global","importance":"national_core","importance_rank":3,"source":"natural_earth_10m_ports","source_ne_id":"1730089371","website":"www.cpa.gov.bd"},"geometry":{"type":"Point","coordinates":[91.825854,22.268889]}},{"type":"Feature","id":"global_port::1730089373","properties":{"id":"global_port::1730089373","stable_key":"global_port::1730089373","name":"Bridgetown","legal_designation":"international_hub","legal_designation_label":"Global hub port","manager_type_code":"global","importance":"national_core","importance_rank":3,"source":"natural_earth_10m_ports","source_ne_id":"1730089373","website":"www.barbadosport.com"},"geometry":{"type":"Point","coordinates":[-59.624087,13.106944]}},{"type":"Feature","id":"global_port::1730089375","properties":{"id":"global_port::1730089375","stable_key":"global_port::1730089375","name":"Montreal","legal_designation":"international_hub","legal_designation_label":"Global hub port","manager_type_code":"global","importance":"national_core","importance_rank":3,"source":"natural_earth_10m_ports","source_ne_id":"1730089375","website":"www.port-montreal.com"},"geometry":{"type":"Point","coordinates":[-73.524617,45.543611]}},{"type":"Feature","id":"global_port::1730089379","properties":{"id":"global_port::1730089379","stable_key":"global_port::1730089379","name":"Punta Arenas","legal_designation":"international_hub","legal_designation_label":"Global hub port","manager_type_code":"global","importance":"national_core","importance_rank":3,"source":"natural_earth_10m_ports","source_ne_id":"1730089379","website":"www.epa.co.cl"},"geometry":{"type":"Point","coordinates":[-70.90477,-53.168333]}},{"type":"Feature","id":"global_port::1730089381","properties":{"id":"global_port::1730089381","stable_key":"global_port::1730089381","name":"Valdivia","legal_designation":"international_hub","legal_designation_label":"Global hub port","manager_type_code":"global","importance":"national_core","importance_rank":3,"source":"natural_earth_10m_ports","source_ne_id":"1730089381","website":""},"geometry":{"type":"Point","coordinates":[-73.226561,-39.816667]}},{"type":"Feature","id":"global_port::1730089383","properties":{"id":"global_port::1730089383","stable_key":"global_port::1730089383","name":"Dalian","legal_designation":"international_hub","legal_designation_label":"Global hub port","manager_type_code":"global","importance":"national_core","importance_rank":3,"source":"natural_earth_10m_ports","source_ne_id":"1730089383","website":"www.portdalian.com"},"geometry":{"type":"Point","coordinates":[121.650353,38.933611]}},{"type":"Feature","id":"global_port::1730089385","properties":{"id":"global_port::1730089385","stable_key":"global_port::1730089385","name":"Fuzhou","legal_designation":"international_hub","legal_designation_label":"Global hub port","manager_type_code":"global","importance":"national_core","importance_rank":3,"source":"natural_earth_10m_ports","source_ne_id":"1730089385","website":""},"geometry":{"type":"Point","coordinates":[119.30053,26.0475]}},{"type":"Feature","id":"global_port::1730089387","properties":{"id":"global_port::1730089387","stable_key":"global_port::1730089387","name":"Qingdao","legal_designation":"international_hub","legal_designation_label":"Global hub port","manager_type_code":"global","importance":"national_core","importance_rank":3,"source":"natural_earth_10m_ports","source_ne_id":"1730089387","website":"www.qdport.com"},"geometry":{"type":"Point","coordinates":[120.31702,36.095833]}},{"type":"Feature","id":"global_port::1730089389","properties":{"id":"global_port::1730089389","stable_key":"global_port::1730089389","name":"Shanghai","legal_designation":"international_hub","legal_designation_label":"Global hub port","manager_type_code":"global","importance":"national_core","importance_rank":3,"source":"natural_earth_10m_ports","source_ne_id":"1730089389","website":"www.portshanghai.com.cn"},"geometry":{"type":"Point","coordinates":[121.48722,31.221944]}},{"type":"Feature","id":"global_port::1730089391","properties":{"id":"global_port::1730089391","stable_key":"global_port::1730089391","name":"Shantou","legal_designation":"international_hub","legal_designation_label":"Global hub port","manager_type_code":"global","importance":"national_core","importance_rank":3,"source":"natural_earth_10m_ports","source_ne_id":"1730089391","website":""},"geometry":{"type":"Point","coordinates":[116.704064,23.354722]}},{"type":"Feature","id":"global_port::1730089393","properties":{"id":"global_port::1730089393","stable_key":"global_port::1730089393","name":"Puntarenas","legal_designation":"international_hub","legal_designation_label":"Global hub port","manager_type_code":"global","importance":"national_core","importance_rank":3,"source":"natural_earth_10m_ports","source_ne_id":"1730089393","website":""},"geometry":{"type":"Point","coordinates":[-84.80424,9.981667]}},{"type":"Feature","id":"global_port::1730089397","properties":{"id":"global_port::1730089397","stable_key":"global_port::1730089397","name":"Kiel","legal_designation":"international_hub","legal_designation_label":"Global hub port","manager_type_code":"global","importance":"national_core","importance_rank":3,"source":"natural_earth_10m_ports","source_ne_id":"1730089397","website":"www.port-of-kiel.de"},"geometry":{"type":"Point","coordinates":[10.15689,54.330833]}},{"type":"Feature","id":"global_port::1730089399","properties":{"id":"global_port::1730089399","stable_key":"global_port::1730089399","name":"Roseau","legal_designation":"international_hub","legal_designation_label":"Global hub port","manager_type_code":"global","importance":"national_core","importance_rank":3,"source":"natural_earth_10m_ports","source_ne_id":"1730089399","website":""},"geometry":{"type":"Point","coordinates":[-61.385984,15.296389]}},{"type":"Feature","id":"global_port::1730089401","properties":{"id":"global_port::1730089401","stable_key":"global_port::1730089401","name":"Santo Domingo","legal_designation":"international_hub","legal_designation_label":"Global hub port","manager_type_code":"global","importance":"national_core","importance_rank":3,"source":"natural_earth_10m_ports","source_ne_id":"1730089401","website":"www.apordom.gov.do"},"geometry":{"type":"Point","coordinates":[-69.875854,18.475278]}},{"type":"Feature","id":"global_port::1730089403","properties":{"id":"global_port::1730089403","stable_key":"global_port::1730089403","name":"Cartagena","legal_designation":"international_hub","legal_designation_label":"Global hub port","manager_type_code":"global","importance":"national_core","importance_rank":3,"source":"natural_earth_10m_ports","source_ne_id":"1730089403","website":"www.apc.es"},"geometry":{"type":"Point","coordinates":[-0.985984,37.589444]}},{"type":"Feature","id":"global_port::1730089405","properties":{"id":"global_port::1730089405","stable_key":"global_port::1730089405","name":"Vigo","legal_designation":"international_hub","legal_designation_label":"Global hub port","manager_type_code":"global","importance":"national_core","importance_rank":3,"source":"natural_earth_10m_ports","source_ne_id":"1730089405","website":"www.apvigo.com"},"geometry":{"type":"Point","coordinates":[-8.726207,42.2425]}},{"type":"Feature","id":"global_port::1730089407","properties":{"id":"global_port::1730089407","stable_key":"global_port::1730089407","name":"Santa Cruz de Tenerife","legal_designation":"international_hub","legal_designation_label":"Global hub port","manager_type_code":"global","importance":"national_core","importance_rank":3,"source":"natural_earth_10m_ports","source_ne_id":"1730089407","website":"www.puertosdetenerife.org"},"geometry":{"type":"Point","coordinates":[-16.226561,28.474722]}},{"type":"Feature","id":"global_port::1730089409","properties":{"id":"global_port::1730089409","stable_key":"global_port::1730089409","name":"Tallinn","legal_designation":"international_hub","legal_designation_label":"Global hub port","manager_type_code":"global","importance":"national_core","importance_rank":3,"source":"natural_earth_10m_ports","source_ne_id":"1730089409","website":"www.portoftallinn.com"},"geometry":{"type":"Point","coordinates":[24.690754,59.46]}},{"type":"Feature","id":"global_port::1730089411","properties":{"id":"global_port::1730089411","stable_key":"global_port::1730089411","name":"Suva","legal_designation":"international_hub","legal_designation_label":"Global hub port","manager_type_code":"global","importance":"national_core","importance_rank":3,"source":"natural_earth_10m_ports","source_ne_id":"1730089411","website":"www.fijiports.com.fj"},"geometry":{"type":"Point","coordinates":[178.421084,-18.1325]}},{"type":"Feature","id":"global_port::1730089415","properties":{"id":"global_port::1730089415","stable_key":"global_port::1730089415","name":"Saint-Tropez","legal_designation":"international_hub","legal_designation_label":"Global hub port","manager_type_code":"global","importance":"national_core","importance_rank":3,"source":"natural_earth_10m_ports","source_ne_id":"1730089415","website":""},"geometry":{"type":"Point","coordinates":[6.633333,43.270556]}},{"type":"Feature","id":"global_port::1730089417","properties":{"id":"global_port::1730089417","stable_key":"global_port::1730089417","name":"Glasgow","legal_designation":"international_hub","legal_designation_label":"Global hub port","manager_type_code":"global","importance":"national_core","importance_rank":3,"source":"natural_earth_10m_ports","source_ne_id":"1730089417","website":"www.glasgowharbour.com"},"geometry":{"type":"Point","coordinates":[-4.30318,55.863056]}},{"type":"Feature","id":"global_port::1730089419","properties":{"id":"global_port::1730089419","stable_key":"global_port::1730089419","name":"Southampton","legal_designation":"international_hub","legal_designation_label":"Global hub port","manager_type_code":"global","importance":"national_core","importance_rank":3,"source":"natural_earth_10m_ports","source_ne_id":"1730089419","website":"www.abports.co.uk/custinfo/ports/soton.htm"},"geometry":{"type":"Point","coordinates":[-1.424441,50.9025]}},{"type":"Feature","id":"global_port::1730089421","properties":{"id":"global_port::1730089421","stable_key":"global_port::1730089421","name":"Gibraltar","legal_designation":"international_hub","legal_designation_label":"Global hub port","manager_type_code":"global","importance":"national_core","importance_rank":3,"source":"natural_earth_10m_ports","source_ne_id":"1730089421","website":"www.gibraltarport.com"},"geometry":{"type":"Point","coordinates":[-5.357244,36.136944]}},{"type":"Feature","id":"global_port::1730089423","properties":{"id":"global_port::1730089423","stable_key":"global_port::1730089423","name":"Conakry","legal_designation":"international_hub","legal_designation_label":"Global hub port","manager_type_code":"global","importance":"national_core","importance_rank":3,"source":"natural_earth_10m_ports","source_ne_id":"1730089423","website":""},"geometry":{"type":"Point","coordinates":[-13.709894,9.516389]}},{"type":"Feature","id":"global_port::1730089425","properties":{"id":"global_port::1730089425","stable_key":"global_port::1730089425","name":"Bissau","legal_designation":"international_hub","legal_designation_label":"Global hub port","manager_type_code":"global","importance":"national_core","importance_rank":3,"source":"natural_earth_10m_ports","source_ne_id":"1730089425","website":""},"geometry":{"type":"Point","coordinates":[-15.572674,11.858333]}},{"type":"Feature","id":"global_port::1730089427","properties":{"id":"global_port::1730089427","stable_key":"global_port::1730089427","name":"Canea","legal_designation":"international_hub","legal_designation_label":"Global hub port","manager_type_code":"global","importance":"national_core","importance_rank":3,"source":"natural_earth_10m_ports","source_ne_id":"1730089427","website":""},"geometry":{"type":"Point","coordinates":[24.009717,35.518056]}},{"type":"Feature","id":"global_port::1730089429","properties":{"id":"global_port::1730089429","stable_key":"global_port::1730089429","name":"Katakolon","legal_designation":"international_hub","legal_designation_label":"Global hub port","manager_type_code":"global","importance":"national_core","importance_rank":3,"source":"natural_earth_10m_ports","source_ne_id":"1730089429","website":""},"geometry":{"type":"Point","coordinates":[21.31861,37.646389]}},{"type":"Feature","id":"global_port::1730089433","properties":{"id":"global_port::1730089433","stable_key":"global_port::1730089433","name":"San Jose","legal_designation":"international_hub","legal_designation_label":"Global hub port","manager_type_code":"global","importance":"national_core","importance_rank":3,"source":"natural_earth_10m_ports","source_ne_id":"1730089433","website":"www.cocatram.org.ni/puertosca/pto_sanjose_guatemala.html"},"geometry":{"type":"Point","coordinates":[-90.841284,13.915556]}},{"type":"Feature","id":"global_port::1730089435","properties":{"id":"global_port::1730089435","stable_key":"global_port::1730089435","name":"Hong Kong","legal_designation":"international_hub","legal_designation_label":"Global hub port","manager_type_code":"global","importance":"national_core","importance_rank":3,"source":"natural_earth_10m_ports","source_ne_id":"1730089435","website":"www.mardep.gov.hk"},"geometry":{"type":"Point","coordinates":[114.156184,22.321111]}},{"type":"Feature","id":"global_port::1730089437","properties":{"id":"global_port::1730089437","stable_key":"global_port::1730089437","name":"Port-au-Prince","legal_designation":"international_hub","legal_designation_label":"Global hub port","manager_type_code":"global","importance":"national_core","importance_rank":3,"source":"natural_earth_10m_ports","source_ne_id":"1730089437","website":"www.apn.gouv.ht"},"geometry":{"type":"Point","coordinates":[-72.339694,18.565833]}},{"type":"Feature","id":"global_port::1730089439","properties":{"id":"global_port::1730089439","stable_key":"global_port::1730089439","name":"Surabaya","legal_designation":"international_hub","legal_designation_label":"Global hub port","manager_type_code":"global","importance":"national_core","importance_rank":3,"source":"natural_earth_10m_ports","source_ne_id":"1730089439","website":"www.tps.co.id"},"geometry":{"type":"Point","coordinates":[112.723911,-7.206389]}},{"type":"Feature","id":"global_port::1730089441","properties":{"id":"global_port::1730089441","stable_key":"global_port::1730089441","name":"Dublin","legal_designation":"international_hub","legal_designation_label":"Global hub port","manager_type_code":"global","importance":"national_core","importance_rank":3,"source":"natural_earth_10m_ports","source_ne_id":"1730089441","website":"www.dublinport.ie"},"geometry":{"type":"Point","coordinates":[-6.206007,53.344444]}},{"type":"Feature","id":"global_port::1730089443","properties":{"id":"global_port::1730089443","stable_key":"global_port::1730089443","name":"Waterford","legal_designation":"international_hub","legal_designation_label":"Global hub port","manager_type_code":"global","importance":"national_core","importance_rank":3,"source":"natural_earth_10m_ports","source_ne_id":"1730089443","website":"www.portofwaterford.com"},"geometry":{"type":"Point","coordinates":[-7.118787,52.266389]}},{"type":"Feature","id":"global_port::1730089445","properties":{"id":"global_port::1730089445","stable_key":"global_port::1730089445","name":"Haifa","legal_designation":"international_hub","legal_designation_label":"Global hub port","manager_type_code":"global","importance":"national_core","importance_rank":3,"source":"natural_earth_10m_ports","source_ne_id":"1730089445","website":"www.haifaport.org.il"},"geometry":{"type":"Point","coordinates":[35.018257,32.8225]}},{"type":"Feature","id":"global_port::1730089447","properties":{"id":"global_port::1730089447","stable_key":"global_port::1730089447","name":"Livorno","legal_designation":"international_hub","legal_designation_label":"Global hub port","manager_type_code":"global","importance":"national_core","importance_rank":3,"source":"natural_earth_10m_ports","source_ne_id":"1730089447","website":"www.porto.livorno.it"},"geometry":{"type":"Point","coordinates":[10.301943,43.555833]}},{"type":"Feature","id":"global_port::1730089451","properties":{"id":"global_port::1730089451","stable_key":"global_port::1730089451","name":"Ischia","legal_designation":"international_hub","legal_designation_label":"Global hub port","manager_type_code":"global","importance":"national_core","importance_rank":3,"source":"natural_earth_10m_ports","source_ne_id":"1730089451","website":""},"geometry":{"type":"Point","coordinates":[13.938104,40.745278]}},{"type":"Feature","id":"global_port::1730089453","properties":{"id":"global_port::1730089453","stable_key":"global_port::1730089453","name":"Kingston","legal_designation":"international_hub","legal_designation_label":"Global hub port","manager_type_code":"global","importance":"national_core","importance_rank":3,"source":"natural_earth_10m_ports","source_ne_id":"1730089453","website":"www.portjam.com"},"geometry":{"type":"Point","coordinates":[-76.824794,17.981667]}},{"type":"Feature","id":"global_port::1730089455","properties":{"id":"global_port::1730089455","stable_key":"global_port::1730089455","name":"Kitakyushu","legal_designation":"international_hub","legal_designation_label":"Global hub port","manager_type_code":"global","importance":"national_core","importance_rank":3,"source":"natural_earth_10m_ports","source_ne_id":"1730089455","website":"www.kitaqport.or.jp"},"geometry":{"type":"Point","coordinates":[130.85424,33.9225]}},{"type":"Feature","id":"global_port::1730089457","properties":{"id":"global_port::1730089457","stable_key":"global_port::1730089457","name":"Mombasa","legal_designation":"international_hub","legal_designation_label":"Global hub port","manager_type_code":"global","importance":"national_core","importance_rank":3,"source":"natural_earth_10m_ports","source_ne_id":"1730089457","website":"www.kpa.co.ke"},"geometry":{"type":"Point","coordinates":[39.622144,-4.053056]}},{"type":"Feature","id":"global_port::1730089459","properties":{"id":"global_port::1730089459","stable_key":"global_port::1730089459","name":"Phnom Penh","legal_designation":"international_hub","legal_designation_label":"Global hub port","manager_type_code":"global","importance":"national_core","importance_rank":3,"source":"natural_earth_10m_ports","source_ne_id":"1730089459","website":"www.ppap.com.kh"},"geometry":{"type":"Point","coordinates":[104.920907,11.583056]}},{"type":"Feature","id":"global_port::1730089461","properties":{"id":"global_port::1730089461","stable_key":"global_port::1730089461","name":"Beirut","legal_designation":"international_hub","legal_designation_label":"Global hub port","manager_type_code":"global","importance":"national_core","importance_rank":3,"source":"natural_earth_10m_ports","source_ne_id":"1730089461","website":"www.portdebeyrouth.com"},"geometry":{"type":"Point","coordinates":[35.519494,33.905]}},{"type":"Feature","id":"global_port::1730089463","properties":{"id":"global_port::1730089463","stable_key":"global_port::1730089463","name":"Male","legal_designation":"international_hub","legal_designation_label":"Global hub port","manager_type_code":"global","importance":"national_core","importance_rank":3,"source":"natural_earth_10m_ports","source_ne_id":"1730089463","website":"www.maldport.com.mv"},"geometry":{"type":"Point","coordinates":[73.507067,4.175]}},{"type":"Feature","id":"global_port::1730089465","properties":{"id":"global_port::1730089465","stable_key":"global_port::1730089465","name":"Veracruz","legal_designation":"international_hub","legal_designation_label":"Global hub port","manager_type_code":"global","importance":"national_core","importance_rank":3,"source":"natural_earth_10m_ports","source_ne_id":"1730089465","website":"www.puertodeveracruz.com.mx"},"geometry":{"type":"Point","coordinates":[-96.133687,19.208333]}},{"type":"Feature","id":"global_port::1730089469","properties":{"id":"global_port::1730089469","stable_key":"global_port::1730089469","name":"Yangon","legal_designation":"international_hub","legal_designation_label":"Global hub port","manager_type_code":"global","importance":"national_core","importance_rank":3,"source":"natural_earth_10m_ports","source_ne_id":"1730089469","website":"www.mot.gov.mm/mpa/index.html"},"geometry":{"type":"Point","coordinates":[96.168787,16.765833]}},{"type":"Feature","id":"global_port::1730089471","properties":{"id":"global_port::1730089471","stable_key":"global_port::1730089471","name":"Wellington","legal_designation":"international_hub","legal_designation_label":"Global hub port","manager_type_code":"global","importance":"national_core","importance_rank":3,"source":"natural_earth_10m_ports","source_ne_id":"1730089471","website":"www.centreport.co.nz"},"geometry":{"type":"Point","coordinates":[174.78987,-41.2775]}},{"type":"Feature","id":"global_port::1730089473","properties":{"id":"global_port::1730089473","stable_key":"global_port::1730089473","name":"Szczecin","legal_designation":"international_hub","legal_designation_label":"Global hub port","manager_type_code":"global","importance":"national_core","importance_rank":3,"source":"natural_earth_10m_ports","source_ne_id":"1730089473","website":"www.port.szczecin.pl"},"geometry":{"type":"Point","coordinates":[14.585807,53.430556]}},{"type":"Feature","id":"global_port::1730089475","properties":{"id":"global_port::1730089475","stable_key":"global_port::1730089475","name":"Jeddah","legal_designation":"international_hub","legal_designation_label":"Global hub port","manager_type_code":"global","importance":"national_core","importance_rank":3,"source":"natural_earth_10m_ports","source_ne_id":"1730089475","website":"www.ports.gov.sa"},"geometry":{"type":"Point","coordinates":[39.159011,21.458611]}},{"type":"Feature","id":"global_port::1730089477","properties":{"id":"global_port::1730089477","stable_key":"global_port::1730089477","name":"Dakar","legal_designation":"international_hub","legal_designation_label":"Global hub port","manager_type_code":"global","importance":"national_core","importance_rank":3,"source":"natural_earth_10m_ports","source_ne_id":"1730089477","website":"www.portdakar.sn"},"geometry":{"type":"Point","coordinates":[-17.425147,14.682222]}},{"type":"Feature","id":"global_port::1730089479","properties":{"id":"global_port::1730089479","stable_key":"global_port::1730089479","name":"Singapore","legal_designation":"international_hub","legal_designation_label":"Global hub port","manager_type_code":"global","importance":"national_core","importance_rank":3,"source":"natural_earth_10m_ports","source_ne_id":"1730089479","website":"www.mpa.gov.sg"},"geometry":{"type":"Point","coordinates":[103.722144,1.292778]}},{"type":"Feature","id":"global_port::1730089481","properties":{"id":"global_port::1730089481","stable_key":"global_port::1730089481","name":"Freetown","legal_designation":"international_hub","legal_designation_label":"Global hub port","manager_type_code":"global","importance":"national_core","importance_rank":3,"source":"natural_earth_10m_ports","source_ne_id":"1730089481","website":""},"geometry":{"type":"Point","coordinates":[-13.207951,8.494167]}},{"type":"Feature","id":"global_port::1730089483","properties":{"id":"global_port::1730089483","stable_key":"global_port::1730089483","name":"Stockholm","legal_designation":"international_hub","legal_designation_label":"Global hub port","manager_type_code":"global","importance":"national_core","importance_rank":3,"source":"natural_earth_10m_ports","source_ne_id":"1730089483","website":"www.stoports.com"},"geometry":{"type":"Point","coordinates":[18.109364,59.335]}},{"type":"Feature","id":"global_port::1730089487","properties":{"id":"global_port::1730089487","stable_key":"global_port::1730089487","name":"Bangkok","legal_designation":"international_hub","legal_designation_label":"Global hub port","manager_type_code":"global","importance":"national_core","importance_rank":3,"source":"natural_earth_10m_ports","source_ne_id":"1730089487","website":"www.bmt.co.th"},"geometry":{"type":"Point","coordinates":[100.56914,13.606944]}},{"type":"Feature","id":"global_port::1730089489","properties":{"id":"global_port::1730089489","stable_key":"global_port::1730089489","name":"Canakkale","legal_designation":"international_hub","legal_designation_label":"Global hub port","manager_type_code":"global","importance":"national_core","importance_rank":3,"source":"natural_earth_10m_ports","source_ne_id":"1730089489","website":"www.canakkale.gov.tr"},"geometry":{"type":"Point","coordinates":[26.521967,40.264722]}},{"type":"Feature","id":"global_port::1730089491","properties":{"id":"global_port::1730089491","stable_key":"global_port::1730089491","name":"Anchorage","legal_designation":"international_hub","legal_designation_label":"Global hub port","manager_type_code":"global","importance":"national_core","importance_rank":3,"source":"natural_earth_10m_ports","source_ne_id":"1730089491","website":"www.muni.org"},"geometry":{"type":"Point","coordinates":[-149.88775,61.235556]}},{"type":"Feature","id":"global_port::1730089493","properties":{"id":"global_port::1730089493","stable_key":"global_port::1730089493","name":"Long Beach","legal_designation":"international_hub","legal_designation_label":"Global hub port","manager_type_code":"global","importance":"national_core","importance_rank":3,"source":"natural_earth_10m_ports","source_ne_id":"1730089493","website":"www.polb.com"},"geometry":{"type":"Point","coordinates":[-118.200707,33.748889]}},{"type":"Feature","id":"global_port::1730089495","properties":{"id":"global_port::1730089495","stable_key":"global_port::1730089495","name":"Oakland","legal_designation":"international_hub","legal_designation_label":"Global hub port","manager_type_code":"global","importance":"national_core","importance_rank":3,"source":"natural_earth_10m_ports","source_ne_id":"1730089495","website":"www.portofoakland.com"},"geometry":{"type":"Point","coordinates":[-122.301237,37.799444]}},{"type":"Feature","id":"global_port::1730089497","properties":{"id":"global_port::1730089497","stable_key":"global_port::1730089497","name":"Jacksonville","legal_designation":"international_hub","legal_designation_label":"Global hub port","manager_type_code":"global","importance":"national_core","importance_rank":3,"source":"natural_earth_10m_ports","source_ne_id":"1730089497","website":"www.jaxport.com"},"geometry":{"type":"Point","coordinates":[-81.559187,30.380833]}},{"type":"Feature","id":"global_port::1730089499","properties":{"id":"global_port::1730089499","stable_key":"global_port::1730089499","name":"Philadelphia","legal_designation":"international_hub","legal_designation_label":"Global hub port","manager_type_code":"global","importance":"national_core","importance_rank":3,"source":"natural_earth_10m_ports","source_ne_id":"1730089499","website":"www.philaport.com"},"geometry":{"type":"Point","coordinates":[-75.13457,39.895278]}},{"type":"Feature","id":"global_port::1730089501","properties":{"id":"global_port::1730089501","stable_key":"global_port::1730089501","name":"Charleston","legal_designation":"international_hub","legal_designation_label":"Global hub port","manager_type_code":"global","importance":"national_core","importance_rank":3,"source":"natural_earth_10m_ports","source_ne_id":"1730089501","website":"www.scspa.com"},"geometry":{"type":"Point","coordinates":[-79.923557,32.822222]}},{"type":"Feature","id":"global_port::1730089505","properties":{"id":"global_port::1730089505","stable_key":"global_port::1730089505","name":"Newport","legal_designation":"international_hub","legal_designation_label":"Global hub port","manager_type_code":"global","importance":"national_core","importance_rank":3,"source":"natural_earth_10m_ports","source_ne_id":"1730089505","website":""},"geometry":{"type":"Point","coordinates":[-71.324441,41.4825]}},{"type":"Feature","id":"global_port::1730089507","properties":{"id":"global_port::1730089507","stable_key":"global_port::1730089507","name":"Ho Chi Minh City","legal_designation":"international_hub","legal_designation_label":"Global hub port","manager_type_code":"global","importance":"national_core","importance_rank":3,"source":"natural_earth_10m_ports","source_ne_id":"1730089507","website":"www.vpa.org.vn/english/members/south/saigonnew.htm"},"geometry":{"type":"Point","coordinates":[106.72179,10.793889]}},{"type":"Feature","id":"global_port::1730089509","properties":{"id":"global_port::1730089509","stable_key":"global_port::1730089509","name":"Aden","legal_designation":"international_hub","legal_designation_label":"Global hub port","manager_type_code":"global","importance":"national_core","importance_rank":3,"source":"natural_earth_10m_ports","source_ne_id":"1730089509","website":"www.portofaden.com"},"geometry":{"type":"Point","coordinates":[44.989694,12.795556]}},{"type":"Feature","id":"global_port::1730089511","properties":{"id":"global_port::1730089511","stable_key":"global_port::1730089511","name":"Durban","legal_designation":"international_hub","legal_designation_label":"Global hub port","manager_type_code":"global","importance":"national_core","importance_rank":3,"source":"natural_earth_10m_ports","source_ne_id":"1730089511","website":"www.transnetnationalportsauthority.net"},"geometry":{"type":"Point","coordinates":[31.02338,-29.881111]}},{"type":"Feature","id":"global_port::1730089513","properties":{"id":"global_port::1730089513","stable_key":"global_port::1730089513","name":"Port Elizabeth","legal_designation":"international_hub","legal_designation_label":"Global hub port","manager_type_code":"global","importance":"national_core","importance_rank":3,"source":"natural_earth_10m_ports","source_ne_id":"1730089513","website":"www.transnetnationalportsauthority.net"},"geometry":{"type":"Point","coordinates":[25.635277,-33.961389]}},{"type":"Feature","id":"global_port::1730089515","properties":{"id":"global_port::1730089515","stable_key":"global_port::1730089515","name":"Port Elizabeth","legal_designation":"international_hub","legal_designation_label":"Global hub port","manager_type_code":"global","importance":"national_core","importance_rank":3,"source":"natural_earth_10m_ports","source_ne_id":"1730089515","website":"www.transnetnationalportsauthority.net"},"geometry":{"type":"Point","coordinates":[25.635277,-33.961389]}},{"type":"Feature","id":"global_port::1730089517","properties":{"id":"global_port::1730089517","stable_key":"global_port::1730089517","name":"Detroit","legal_designation":"international_hub","legal_designation_label":"Global hub port","manager_type_code":"global","importance":"national_core","importance_rank":3,"source":"natural_earth_10m_ports","source_ne_id":"1730089517","website":""},"geometry":{"type":"Point","coordinates":[-83.03,42.33]}},{"type":"Feature","id":"global_port::1730089519","properties":{"id":"global_port::1730089519","stable_key":"global_port::1730089519","name":"Port Of Memphis","legal_designation":"international_hub","legal_designation_label":"Global hub port","manager_type_code":"global","importance":"national_core","importance_rank":3,"source":"natural_earth_10m_ports","source_ne_id":"1730089519","website":""},"geometry":{"type":"Point","coordinates":[-90.16,35.06]}},{"type":"Feature","id":"global_port::1730089523","properties":{"id":"global_port::1730089523","stable_key":"global_port::1730089523","name":"Tri-City Port","legal_designation":"international_hub","legal_designation_label":"Global hub port","manager_type_code":"global","importance":"national_core","importance_rank":3,"source":"natural_earth_10m_ports","source_ne_id":"1730089523","website":""},"geometry":{"type":"Point","coordinates":[-90.2,38.71]}},{"type":"Feature","id":"global_port::1730089525","properties":{"id":"global_port::1730089525","stable_key":"global_port::1730089525","name":"Helsinki","legal_designation":"international_hub","legal_designation_label":"Global hub port","manager_type_code":"global","importance":"national_core","importance_rank":3,"source":"natural_earth_10m_ports","source_ne_id":"1730089525","website":""},"geometry":{"type":"Point","coordinates":[24.96,60.16]}},{"type":"Feature","id":"global_port::1730089527","properties":{"id":"global_port::1730089527","stable_key":"global_port::1730089527","name":"Sankt-Peterburg","legal_designation":"international_hub","legal_designation_label":"Global hub port","manager_type_code":"global","importance":"national_core","importance_rank":3,"source":"natural_earth_10m_ports","source_ne_id":"1730089527","website":""},"geometry":{"type":"Point","coordinates":[30.3,59.93]}},{"type":"Feature","id":"global_port::1730089529","properties":{"id":"global_port::1730089529","stable_key":"global_port::1730089529","name":"Oranjestad","legal_designation":"international_hub","legal_designation_label":"Global hub port","manager_type_code":"global","importance":"national_core","importance_rank":3,"source":"natural_earth_10m_ports","source_ne_id":"1730089529","website":"www.arubaports.com"},"geometry":{"type":"Point","coordinates":[-70.03881,12.52]}},{"type":"Feature","id":"global_port::1730089531","properties":{"id":"global_port::1730089531","stable_key":"global_port::1730089531","name":"Dubai","legal_designation":"international_hub","legal_designation_label":"Global hub port","manager_type_code":"global","importance":"national_core","importance_rank":3,"source":"natural_earth_10m_ports","source_ne_id":"1730089531","website":"www.dpa.ae"},"geometry":{"type":"Point","coordinates":[55.269317,25.267222]}},{"type":"Feature","id":"global_port::1730089533","properties":{"id":"global_port::1730089533","stable_key":"global_port::1730089533","name":"Buenos Aires","legal_designation":"international_hub","legal_designation_label":"Global hub port","manager_type_code":"global","importance":"national_core","importance_rank":3,"source":"natural_earth_10m_ports","source_ne_id":"1730089533","website":"www.puertobuenosaires.gov.ar"},"geometry":{"type":"Point","coordinates":[-58.36967,-34.599167]}},{"type":"Feature","id":"global_port::1730089535","properties":{"id":"global_port::1730089535","stable_key":"global_port::1730089535","name":"Darwin","legal_designation":"international_hub","legal_designation_label":"Global hub port","manager_type_code":"global","importance":"national_core","importance_rank":3,"source":"natural_earth_10m_ports","source_ne_id":"1730089535","website":"www.darwinport.nt.gov.au"},"geometry":{"type":"Point","coordinates":[130.854947,-12.470278]}},{"type":"Feature","id":"global_port::1730089537","properties":{"id":"global_port::1730089537","stable_key":"global_port::1730089537","name":"Melbourne","legal_designation":"international_hub","legal_designation_label":"Global hub port","manager_type_code":"global","importance":"national_core","importance_rank":3,"source":"natural_earth_10m_ports","source_ne_id":"1730089537","website":"www.portofmelbourne.com"},"geometry":{"type":"Point","coordinates":[144.917197,-37.832778]}},{"type":"Feature","id":"global_port::1730089541","properties":{"id":"global_port::1730089541","stable_key":"global_port::1730089541","name":"Perth","legal_designation":"international_hub","legal_designation_label":"Global hub port","manager_type_code":"global","importance":"national_core","importance_rank":3,"source":"natural_earth_10m_ports","source_ne_id":"1730089541","website":""},"geometry":{"type":"Point","coordinates":[115.855477,-31.965278]}},{"type":"Feature","id":"global_port::1730089543","properties":{"id":"global_port::1730089543","stable_key":"global_port::1730089543","name":"Sydney","legal_designation":"international_hub","legal_designation_label":"Global hub port","manager_type_code":"global","importance":"national_core","importance_rank":3,"source":"natural_earth_10m_ports","source_ne_id":"1730089543","website":"www.sydneyports.com.au"},"geometry":{"type":"Point","coordinates":[151.189164,-33.862222]}},{"type":"Feature","id":"global_port::1730089545","properties":{"id":"global_port::1730089545","stable_key":"global_port::1730089545","name":"Cotonou","legal_designation":"international_hub","legal_designation_label":"Global hub port","manager_type_code":"global","importance":"national_core","importance_rank":3,"source":"natural_earth_10m_ports","source_ne_id":"1730089545","website":"www.portdecotonou.com"},"geometry":{"type":"Point","coordinates":[2.42232,6.346667]}},{"type":"Feature","id":"global_port::1730089547","properties":{"id":"global_port::1730089547","stable_key":"global_port::1730089547","name":"Nassau","legal_designation":"international_hub","legal_designation_label":"Global hub port","manager_type_code":"global","importance":"national_core","importance_rank":3,"source":"natural_earth_10m_ports","source_ne_id":"1730089547","website":""},"geometry":{"type":"Point","coordinates":[-77.32126,25.076667]}},{"type":"Feature","id":"global_port::1730089549","properties":{"id":"global_port::1730089549","stable_key":"global_port::1730089549","name":"Rio de Janeiro","legal_designation":"international_hub","legal_designation_label":"Global hub port","manager_type_code":"global","importance":"national_core","importance_rank":3,"source":"natural_earth_10m_ports","source_ne_id":"1730089549","website":"www.portosrio.gov.br"},"geometry":{"type":"Point","coordinates":[-43.191814,-22.883056]}},{"type":"Feature","id":"global_port::1730089551","properties":{"id":"global_port::1730089551","stable_key":"global_port::1730089551","name":"Vancouver","legal_designation":"international_hub","legal_designation_label":"Global hub port","manager_type_code":"global","importance":"national_core","importance_rank":3,"source":"natural_earth_10m_ports","source_ne_id":"1730089551","website":"www.portmetrovancouver.com"},"geometry":{"type":"Point","coordinates":[-123.071437,49.297778]}},{"type":"Feature","id":"global_port::1730089553","properties":{"id":"global_port::1730089553","stable_key":"global_port::1730089553","name":"Liverpool","legal_designation":"international_hub","legal_designation_label":"Global hub port","manager_type_code":"global","importance":"national_core","importance_rank":3,"source":"natural_earth_10m_ports","source_ne_id":"1730089553","website":""},"geometry":{"type":"Point","coordinates":[-64.70371,44.043333]}},{"type":"Feature","id":"global_port::1730089555","properties":{"id":"global_port::1730089555","stable_key":"global_port::1730089555","name":"Valparaiso","legal_designation":"international_hub","legal_designation_label":"Global hub port","manager_type_code":"global","importance":"national_core","importance_rank":3,"source":"natural_earth_10m_ports","source_ne_id":"1730089555","website":"www.portvalparaiso.cl"},"geometry":{"type":"Point","coordinates":[-71.61914,-33.035278]}},{"type":"Feature","id":"global_port::1730089559","properties":{"id":"global_port::1730089559","stable_key":"global_port::1730089559","name":"Guangzhou","legal_designation":"international_hub","legal_designation_label":"Global hub port","manager_type_code":"global","importance":"national_core","importance_rank":3,"source":"natural_earth_10m_ports","source_ne_id":"1730089559","website":"www.gzport.com"},"geometry":{"type":"Point","coordinates":[113.409364,23.094167]}},{"type":"Feature","id":"global_port::1730089561","properties":{"id":"global_port::1730089561","stable_key":"global_port::1730089561","name":"Tianjin","legal_designation":"international_hub","legal_designation_label":"Global hub port","manager_type_code":"global","importance":"national_core","importance_rank":3,"source":"natural_earth_10m_ports","source_ne_id":"1730089561","website":"www.ptacn.com"},"geometry":{"type":"Point","coordinates":[117.456537,39.009444]}},{"type":"Feature","id":"global_port::1730089563","properties":{"id":"global_port::1730089563","stable_key":"global_port::1730089563","name":"Abidjan","legal_designation":"international_hub","legal_designation_label":"Global hub port","manager_type_code":"global","importance":"national_core","importance_rank":3,"source":"natural_earth_10m_ports","source_ne_id":"1730089563","website":"www.paa-ci.org"},"geometry":{"type":"Point","coordinates":[-4.02126,5.283333]}},{"type":"Feature","id":"global_port::1730089565","properties":{"id":"global_port::1730089565","stable_key":"global_port::1730089565","name":"Bremerhaven","legal_designation":"international_hub","legal_designation_label":"Global hub port","manager_type_code":"global","importance":"national_core","importance_rank":3,"source":"natural_earth_10m_ports","source_ne_id":"1730089565","website":"www.bremen-ports.de"},"geometry":{"type":"Point","coordinates":[8.553004,53.563611]}},{"type":"Feature","id":"global_port::1730089567","properties":{"id":"global_port::1730089567","stable_key":"global_port::1730089567","name":"Rostock","legal_designation":"international_hub","legal_designation_label":"Global hub port","manager_type_code":"global","importance":"national_core","importance_rank":3,"source":"natural_earth_10m_ports","source_ne_id":"1730089567","website":"www.rostock-port.de"},"geometry":{"type":"Point","coordinates":[12.117903,54.1525]}},{"type":"Feature","id":"global_port::1730089569","properties":{"id":"global_port::1730089569","stable_key":"global_port::1730089569","name":"Tuborg","legal_designation":"international_hub","legal_designation_label":"Global hub port","manager_type_code":"global","importance":"national_core","importance_rank":3,"source":"natural_earth_10m_ports","source_ne_id":"1730089569","website":""},"geometry":{"type":"Point","coordinates":[12.58404,55.726111]}},{"type":"Feature","id":"global_port::1730089571","properties":{"id":"global_port::1730089571","stable_key":"global_port::1730089571","name":"Guayaquil","legal_designation":"international_hub","legal_designation_label":"Global hub port","manager_type_code":"global","importance":"national_core","importance_rank":3,"source":"natural_earth_10m_ports","source_ne_id":"1730089571","website":"www.puertodeguayaquil.com"},"geometry":{"type":"Point","coordinates":[-79.902473,-2.284167]}},{"type":"Feature","id":"global_port::1730089573","properties":{"id":"global_port::1730089573","stable_key":"global_port::1730089573","name":"Port Said","legal_designation":"international_hub","legal_designation_label":"Global hub port","manager_type_code":"global","importance":"national_core","importance_rank":3,"source":"natural_earth_10m_ports","source_ne_id":"1730089573","website":"www.psdports.org"},"geometry":{"type":"Point","coordinates":[32.306007,31.253333]}},{"type":"Feature","id":"global_port::1730089577","properties":{"id":"global_port::1730089577","stable_key":"global_port::1730089577","name":"Barcelona","legal_designation":"international_hub","legal_designation_label":"Global hub port","manager_type_code":"global","importance":"national_core","importance_rank":3,"source":"natural_earth_10m_ports","source_ne_id":"1730089577","website":"www.apb.es"},"geometry":{"type":"Point","coordinates":[2.168787,41.354722]}},{"type":"Feature","id":"global_port::1730089579","properties":{"id":"global_port::1730089579","stable_key":"global_port::1730089579","name":"Malaga","legal_designation":"international_hub","legal_designation_label":"Global hub port","manager_type_code":"global","importance":"national_core","importance_rank":3,"source":"natural_earth_10m_ports","source_ne_id":"1730089579","website":"www.puertomalaga.com"},"geometry":{"type":"Point","coordinates":[-4.418257,36.709444]}},{"type":"Feature","id":"global_port::1730089581","properties":{"id":"global_port::1730089581","stable_key":"global_port::1730089581","name":"Palma de Mallorca","legal_designation":"international_hub","legal_designation_label":"Global hub port","manager_type_code":"global","importance":"national_core","importance_rank":3,"source":"natural_earth_10m_ports","source_ne_id":"1730089581","website":"www.portdemallorca.com"},"geometry":{"type":"Point","coordinates":[2.625324,39.551111]}},{"type":"Feature","id":"global_port::1730089583","properties":{"id":"global_port::1730089583","stable_key":"global_port::1730089583","name":"Le Havre","legal_designation":"international_hub","legal_designation_label":"Global hub port","manager_type_code":"global","importance":"national_core","importance_rank":3,"source":"natural_earth_10m_ports","source_ne_id":"1730089583","website":"www.havre-port.net"},"geometry":{"type":"Point","coordinates":[0.173734,49.466944]}},{"type":"Feature","id":"global_port::1730089585","properties":{"id":"global_port::1730089585","stable_key":"global_port::1730089585","name":"Marseille","legal_designation":"international_hub","legal_designation_label":"Global hub port","manager_type_code":"global","importance":"national_core","importance_rank":3,"source":"natural_earth_10m_ports","source_ne_id":"1730089585","website":"www.marseille-port.fr"},"geometry":{"type":"Point","coordinates":[5.341284,43.329444]}},{"type":"Feature","id":"global_port::1730089587","properties":{"id":"global_port::1730089587","stable_key":"global_port::1730089587","name":"Nice","legal_designation":"international_hub","legal_designation_label":"Global hub port","manager_type_code":"global","importance":"national_core","importance_rank":3,"source":"natural_earth_10m_ports","source_ne_id":"1730089587","website":"www.riviera-ports.com"},"geometry":{"type":"Point","coordinates":[7.28563,43.693889]}},{"type":"Feature","id":"global_port::1730089589","properties":{"id":"global_port::1730089589","stable_key":"global_port::1730089589","name":"London","legal_designation":"international_hub","legal_designation_label":"Global hub port","manager_type_code":"global","importance":"national_core","importance_rank":3,"source":"natural_earth_10m_ports","source_ne_id":"1730089589","website":"www.pla.co.uk"},"geometry":{"type":"Point","coordinates":[-0.067197,51.502778]}},{"type":"Feature","id":"global_port::1730089591","properties":{"id":"global_port::1730089591","stable_key":"global_port::1730089591","name":"Gythion","legal_designation":"international_hub","legal_designation_label":"Global hub port","manager_type_code":"global","importance":"national_core","importance_rank":3,"source":"natural_earth_10m_ports","source_ne_id":"1730089591","website":""},"geometry":{"type":"Point","coordinates":[22.56755,36.76]}},{"type":"Feature","id":"global_port::1730089595","properties":{"id":"global_port::1730089595","stable_key":"global_port::1730089595","name":"Rhodes","legal_designation":"international_hub","legal_designation_label":"Global hub port","manager_type_code":"global","importance":"national_core","importance_rank":3,"source":"natural_earth_10m_ports","source_ne_id":"1730089595","website":""},"geometry":{"type":"Point","coordinates":[28.23351,36.443611]}},{"type":"Feature","id":"global_port::1730089597","properties":{"id":"global_port::1730089597","stable_key":"global_port::1730089597","name":"Dubrovnik","legal_designation":"international_hub","legal_designation_label":"Global hub port","manager_type_code":"global","importance":"national_core","importance_rank":3,"source":"natural_earth_10m_ports","source_ne_id":"1730089597","website":"www.portdubrovnik.hr"},"geometry":{"type":"Point","coordinates":[18.076384,42.66]}},{"type":"Feature","id":"global_port::1730089599","properties":{"id":"global_port::1730089599","stable_key":"global_port::1730089599","name":"Civitavecchia","legal_designation":"international_hub","legal_designation_label":"Global hub port","manager_type_code":"global","importance":"national_core","importance_rank":3,"source":"natural_earth_10m_ports","source_ne_id":"1730089599","website":"www.portidiroma.it"},"geometry":{"type":"Point","coordinates":[11.775677,42.098889]}},{"type":"Feature","id":"global_port::1730089601","properties":{"id":"global_port::1730089601","stable_key":"global_port::1730089601","name":"Palermo","legal_designation":"international_hub","legal_designation_label":"Global hub port","manager_type_code":"global","importance":"national_core","importance_rank":3,"source":"natural_earth_10m_ports","source_ne_id":"1730089601","website":"www.autport.pa.it"},"geometry":{"type":"Point","coordinates":[13.369847,38.130833]}},{"type":"Feature","id":"global_port::1730089603","properties":{"id":"global_port::1730089603","stable_key":"global_port::1730089603","name":"Savona","legal_designation":"international_hub","legal_designation_label":"Global hub port","manager_type_code":"global","importance":"national_core","importance_rank":3,"source":"natural_earth_10m_ports","source_ne_id":"1730089603","website":"www.porto.sv.it"},"geometry":{"type":"Point","coordinates":[8.489517,44.311667]}},{"type":"Feature","id":"global_port::1730089605","properties":{"id":"global_port::1730089605","stable_key":"global_port::1730089605","name":"Marghera","legal_designation":"international_hub","legal_designation_label":"Global hub port","manager_type_code":"global","importance":"national_core","importance_rank":3,"source":"natural_earth_10m_ports","source_ne_id":"1730089605","website":"www.port.venice.it"},"geometry":{"type":"Point","coordinates":[12.240577,45.453056]}},{"type":"Feature","id":"global_port::1730089607","properties":{"id":"global_port::1730089607","stable_key":"global_port::1730089607","name":"Montego Bay","legal_designation":"international_hub","legal_designation_label":"Global hub port","manager_type_code":"global","importance":"national_core","importance_rank":3,"source":"natural_earth_10m_ports","source_ne_id":"1730089607","website":"www.portjam.com"},"geometry":{"type":"Point","coordinates":[-77.935453,18.4675]}},{"type":"Feature","id":"global_port::1730089609","properties":{"id":"global_port::1730089609","stable_key":"global_port::1730089609","name":"Osaka","legal_designation":"international_hub","legal_designation_label":"Global hub port","manager_type_code":"global","importance":"national_core","importance_rank":3,"source":"natural_earth_10m_ports","source_ne_id":"1730089609","website":"www.optc.or.jp"},"geometry":{"type":"Point","coordinates":[135.433863,34.635833]}},{"type":"Feature","id":"global_port::1730089613","properties":{"id":"global_port::1730089613","stable_key":"global_port::1730089613","name":"Yokohama","legal_designation":"international_hub","legal_designation_label":"Global hub port","manager_type_code":"global","importance":"national_core","importance_rank":3,"source":"natural_earth_10m_ports","source_ne_id":"1730089613","website":"www.city.yokohama.jp/me/port/en/index.html"},"geometry":{"type":"Point","coordinates":[139.667373,35.436389]}},{"type":"Feature","id":"global_port::1730089615","properties":{"id":"global_port::1730089615","stable_key":"global_port::1730089615","name":"Riga","legal_designation":"international_hub","legal_designation_label":"Global hub port","manager_type_code":"global","importance":"national_core","importance_rank":3,"source":"natural_earth_10m_ports","source_ne_id":"1730089615","website":"www.rop.lv"},"geometry":{"type":"Point","coordinates":[24.088104,57.007778]}},{"type":"Feature","id":"global_port::1730089617","properties":{"id":"global_port::1730089617","stable_key":"global_port::1730089617","name":"Cabo San Lucas","legal_designation":"international_hub","legal_designation_label":"Global hub port","manager_type_code":"global","importance":"national_core","importance_rank":3,"source":"natural_earth_10m_ports","source_ne_id":"1730089617","website":""},"geometry":{"type":"Point","coordinates":[-109.900707,22.883889]}},{"type":"Feature","id":"global_port::1730089619","properties":{"id":"global_port::1730089619","stable_key":"global_port::1730089619","name":"Marsaxlokk","legal_designation":"international_hub","legal_designation_label":"Global hub port","manager_type_code":"global","importance":"national_core","importance_rank":3,"source":"natural_earth_10m_ports","source_ne_id":"1730089619","website":"www.maltafreeport.com.mt"},"geometry":{"type":"Point","coordinates":[14.541284,35.826111]}},{"type":"Feature","id":"global_port::1730089621","properties":{"id":"global_port::1730089621","stable_key":"global_port::1730089621","name":"Amsterdam","legal_designation":"international_hub","legal_designation_label":"Global hub port","manager_type_code":"global","importance":"national_core","importance_rank":3,"source":"natural_earth_10m_ports","source_ne_id":"1730089621","website":"www.amsterdamports.nl"},"geometry":{"type":"Point","coordinates":[4.824087,52.413056]}},{"type":"Feature","id":"global_port::1730089623","properties":{"id":"global_port::1730089623","stable_key":"global_port::1730089623","name":"Oslo","legal_designation":"international_hub","legal_designation_label":"Global hub port","manager_type_code":"global","importance":"national_core","importance_rank":3,"source":"natural_earth_10m_ports","source_ne_id":"1730089623","website":"www.ohv.oslo.no"},"geometry":{"type":"Point","coordinates":[10.73457,59.897222]}},{"type":"Feature","id":"global_port::1730089625","properties":{"id":"global_port::1730089625","stable_key":"global_port::1730089625","name":"Auckland","legal_designation":"international_hub","legal_designation_label":"Global hub port","manager_type_code":"global","importance":"national_core","importance_rank":3,"source":"natural_earth_10m_ports","source_ne_id":"1730089625","website":"www.poal.co.nz"},"geometry":{"type":"Point","coordinates":[174.769494,-36.836389]}},{"type":"Feature","id":"global_port::1730089627","properties":{"id":"global_port::1730089627","stable_key":"global_port::1730089627","name":"Karachi","legal_designation":"international_hub","legal_designation_label":"Global hub port","manager_type_code":"global","importance":"national_core","importance_rank":3,"source":"natural_earth_10m_ports","source_ne_id":"1730089627","website":"www.kpt.gov.pk"},"geometry":{"type":"Point","coordinates":[66.973734,24.835]}},{"type":"Feature","id":"global_port::1730089631","properties":{"id":"global_port::1730089631","stable_key":"global_port::1730089631","name":"Colon","legal_designation":"international_hub","legal_designation_label":"Global hub port","manager_type_code":"global","importance":"national_core","importance_rank":3,"source":"natural_earth_10m_ports","source_ne_id":"1730089631","website":"www.cct-pa.com"},"geometry":{"type":"Point","coordinates":[-79.8851,9.373333]}},{"type":"Feature","id":"global_port::1730089633","properties":{"id":"global_port::1730089633","stable_key":"global_port::1730089633","name":"Manila","legal_designation":"international_hub","legal_designation_label":"Global hub port","manager_type_code":"global","importance":"national_core","importance_rank":3,"source":"natural_earth_10m_ports","source_ne_id":"1730089633","website":"www.ppa.com.ph"},"geometry":{"type":"Point","coordinates":[120.943404,14.524167]}},{"type":"Feature","id":"global_port::1730089635","properties":{"id":"global_port::1730089635","stable_key":"global_port::1730089635","name":"San Juan","legal_designation":"international_hub","legal_designation_label":"Global hub port","manager_type_code":"global","importance":"national_core","importance_rank":3,"source":"natural_earth_10m_ports","source_ne_id":"1730089635","website":"www.prpa.gobierno.pr"},"geometry":{"type":"Point","coordinates":[-66.091284,18.436111]}},{"type":"Feature","id":"global_port::1730089637","properties":{"id":"global_port::1730089637","stable_key":"global_port::1730089637","name":"Istanbul","legal_designation":"international_hub","legal_designation_label":"Global hub port","manager_type_code":"global","importance":"national_core","importance_rank":3,"source":"natural_earth_10m_ports","source_ne_id":"1730089637","website":"www.tdi.com.tr"},"geometry":{"type":"Point","coordinates":[28.993404,41.012778]}},{"type":"Feature","id":"global_port::1730089639","properties":{"id":"global_port::1730089639","stable_key":"global_port::1730089639","name":"Taipei","legal_designation":"international_hub","legal_designation_label":"Global hub port","manager_type_code":"global","importance":"national_core","importance_rank":3,"source":"natural_earth_10m_ports","source_ne_id":"1730089639","website":"www.tpport.gov.tw"},"geometry":{"type":"Point","coordinates":[121.374617,25.151944]}},{"type":"Feature","id":"global_port::1730089641","properties":{"id":"global_port::1730089641","stable_key":"global_port::1730089641","name":"Dar es Salaam","legal_designation":"international_hub","legal_designation_label":"Global hub port","manager_type_code":"global","importance":"national_core","importance_rank":3,"source":"natural_earth_10m_ports","source_ne_id":"1730089641","website":"www.tanzaniaports.com"},"geometry":{"type":"Point","coordinates":[39.293404,-6.834444]}},{"type":"Feature","id":"global_port::1730089643","properties":{"id":"global_port::1730089643","stable_key":"global_port::1730089643","name":"Mobile","legal_designation":"international_hub","legal_designation_label":"Global hub port","manager_type_code":"global","importance":"national_core","importance_rank":3,"source":"natural_earth_10m_ports","source_ne_id":"1730089643","website":"www.asdd.com"},"geometry":{"type":"Point","coordinates":[-88.03775,30.711389]}},{"type":"Feature","id":"global_port::1730089645","properties":{"id":"global_port::1730089645","stable_key":"global_port::1730089645","name":"Los Angeles","legal_designation":"international_hub","legal_designation_label":"Global hub port","manager_type_code":"global","importance":"national_core","importance_rank":3,"source":"natural_earth_10m_ports","source_ne_id":"1730089645","website":"www.portoflosangeles.org"},"geometry":{"type":"Point","coordinates":[-118.259717,33.731944]}},{"type":"Feature","id":"global_port::1730089649","properties":{"id":"global_port::1730089649","stable_key":"global_port::1730089649","name":"San Diego","legal_designation":"international_hub","legal_designation_label":"Global hub port","manager_type_code":"global","importance":"national_core","importance_rank":3,"source":"natural_earth_10m_ports","source_ne_id":"1730089649","website":"www.portofsandiego.org"},"geometry":{"type":"Point","coordinates":[-117.157244,32.684444]}},{"type":"Feature","id":"global_port::1730089651","properties":{"id":"global_port::1730089651","stable_key":"global_port::1730089651","name":"San Francisco","legal_designation":"international_hub","legal_designation_label":"Global hub port","manager_type_code":"global","importance":"national_core","importance_rank":3,"source":"natural_earth_10m_ports","source_ne_id":"1730089651","website":"www.sfport.com"},"geometry":{"type":"Point","coordinates":[-122.400883,37.788611]}},{"type":"Feature","id":"global_port::1730089653","properties":{"id":"global_port::1730089653","stable_key":"global_port::1730089653","name":"Miami","legal_designation":"international_hub","legal_designation_label":"Global hub port","manager_type_code":"global","importance":"national_core","importance_rank":3,"source":"natural_earth_10m_ports","source_ne_id":"1730089653","website":"www.miamidade.gov/portofmiami"},"geometry":{"type":"Point","coordinates":[-80.16702,25.775]}},{"type":"Feature","id":"global_port::1730089655","properties":{"id":"global_port::1730089655","stable_key":"global_port::1730089655","name":"Tampa","legal_designation":"international_hub","legal_designation_label":"Global hub port","manager_type_code":"global","importance":"national_core","importance_rank":3,"source":"natural_earth_10m_ports","source_ne_id":"1730089655","website":"www.tampaport.com"},"geometry":{"type":"Point","coordinates":[-82.43616,27.93]}},{"type":"Feature","id":"global_port::1730089657","properties":{"id":"global_port::1730089657","stable_key":"global_port::1730089657","name":"Honolulu","legal_designation":"international_hub","legal_designation_label":"Global hub port","manager_type_code":"global","importance":"national_core","importance_rank":3,"source":"natural_earth_10m_ports","source_ne_id":"1730089657","website":"www.state.hi.us/dot/harbors"},"geometry":{"type":"Point","coordinates":[-157.873734,21.309444]}},{"type":"Feature","id":"global_port::1730089659","properties":{"id":"global_port::1730089659","stable_key":"global_port::1730089659","name":"Boston","legal_designation":"international_hub","legal_designation_label":"Global hub port","manager_type_code":"global","importance":"national_core","importance_rank":3,"source":"natural_earth_10m_ports","source_ne_id":"1730089659","website":"www.massport.com/ports"},"geometry":{"type":"Point","coordinates":[-71.035453,42.363611]}},{"type":"Feature","id":"global_port::1730089661","properties":{"id":"global_port::1730089661","stable_key":"global_port::1730089661","name":"Baltimore","legal_designation":"international_hub","legal_designation_label":"Global hub port","manager_type_code":"global","importance":"national_core","importance_rank":3,"source":"natural_earth_10m_ports","source_ne_id":"1730089661","website":"www.mpa.state.md.us"},"geometry":{"type":"Point","coordinates":[-76.555654,39.2325]}},{"type":"Feature","id":"global_port::1730089663","properties":{"id":"global_port::1730089663","stable_key":"global_port::1730089663","name":"New York","legal_designation":"international_hub","legal_designation_label":"Global hub port","manager_type_code":"global","importance":"national_core","importance_rank":3,"source":"natural_earth_10m_ports","source_ne_id":"1730089663","website":"www.panynj.gov"},"geometry":{"type":"Point","coordinates":[-74.024264,40.688333]}},{"type":"Feature","id":"global_port::1730089667","properties":{"id":"global_port::1730089667","stable_key":"global_port::1730089667","name":"Galveston","legal_designation":"international_hub","legal_designation_label":"Global hub port","manager_type_code":"global","importance":"national_core","importance_rank":3,"source":"natural_earth_10m_ports","source_ne_id":"1730089667","website":"www.portofgalveston.com"},"geometry":{"type":"Point","coordinates":[-94.817903,29.304167]}},{"type":"Feature","id":"global_port::1730089669","properties":{"id":"global_port::1730089669","stable_key":"global_port::1730089669","name":"Norfolk","legal_designation":"international_hub","legal_designation_label":"Global hub port","manager_type_code":"global","importance":"national_core","importance_rank":3,"source":"natural_earth_10m_ports","source_ne_id":"1730089669","website":"www.vaports.com"},"geometry":{"type":"Point","coordinates":[-76.292521,36.901944]}},{"type":"Feature","id":"global_port::1730089671","properties":{"id":"global_port::1730089671","stable_key":"global_port::1730089671","name":"Seattle","legal_designation":"international_hub","legal_designation_label":"Global hub port","manager_type_code":"global","importance":"national_core","importance_rank":3,"source":"natural_earth_10m_ports","source_ne_id":"1730089671","website":"www.portseattle.org"},"geometry":{"type":"Point","coordinates":[-122.359717,47.602222]}},{"type":"Feature","id":"global_port::1730089673","properties":{"id":"global_port::1730089673","stable_key":"global_port::1730089673","name":"Cape Town","legal_designation":"international_hub","legal_designation_label":"Global hub port","manager_type_code":"global","importance":"national_core","importance_rank":3,"source":"natural_earth_10m_ports","source_ne_id":"1730089673","website":"www.transnetnationalportsauthority.net"},"geometry":{"type":"Point","coordinates":[18.435277,-33.909167]}},{"type":"Feature","id":"global_port::1730089675","properties":{"id":"global_port::1730089675","stable_key":"global_port::1730089675","name":"Toronto","legal_designation":"international_hub","legal_designation_label":"Global hub port","manager_type_code":"global","importance":"national_core","importance_rank":3,"source":"natural_earth_10m_ports","source_ne_id":"1730089675","website":""},"geometry":{"type":"Point","coordinates":[-79.38,43.61]}},{"type":"Feature","id":"global_port::1730089677","properties":{"id":"global_port::1730089677","stable_key":"global_port::1730089677","name":"Chicago","legal_designation":"international_hub","legal_designation_label":"Global hub port","manager_type_code":"global","importance":"national_core","importance_rank":3,"source":"natural_earth_10m_ports","source_ne_id":"1730089677","website":""},"geometry":{"type":"Point","coordinates":[-87.6,41.88]}}]}
