{"type":"FeatureCollection","features":[{"type":"Feature","properties":{"id":"in-mrds-10073073","name":"Agnigundala Pb - Cu","resource_type":"Producer","normalized_resource_group":"metallic_minerals","commodity_codes":"PB CU ZN CO NI AG","grade":"B"},"geometry":{"type":"Point","coordinates":[79.66701000069499,16.216650000152953]}},{"type":"Feature","properties":{"id":"in-mrds-10107284","name":"Amba Dongar Fluorspar Deposit","resource_type":"Producer","normalized_resource_group":"mineral_occurrence","commodity_codes":"F","grade":"B"},"geometry":{"type":"Point","coordinates":[74.08382999986128,21.999479999564986]}},{"type":"Feature","properties":{"id":"in-mrds-10206660","name":"Beldongri","resource_type":"Producer","normalized_resource_group":"mineral_occurrence","commodity_codes":"MN","grade":"B"},"geometry":{"type":"Point","coordinates":[79.3003600006892,21.34950999983231]}},{"type":"Feature","properties":{"id":"in-mrds-10208573","name":"Bisgod","resource_type":"Producer","normalized_resource_group":"mineral_occurrence","commodity_codes":"MN FE P SIL","grade":"B"},"geometry":{"type":"Point","coordinates":[74.58486999925886,15.050099999552604]}},{"type":"Feature","properties":{"id":"in-mrds-10085028","name":"Chavara Deposit","resource_type":"Past Producer","normalized_resource_group":"metallic_minerals","commodity_codes":"TI_M ZR REE","grade":"B"},"geometry":{"type":"Point","coordinates":[76.50041000020974,9.167350000273077]}},{"type":"Feature","properties":{"id":"in-mrds-10021666","name":"Degana Deposit","resource_type":"Producer","normalized_resource_group":"mineral_occurrence","commodity_codes":"W","grade":"B"},"geometry":{"type":"Point","coordinates":[74.33383999992212,26.932390000459655]}},{"type":"Feature","properties":{"id":"in-mrds-10207244","name":"Gumgaon","resource_type":"Producer","normalized_resource_group":"mineral_occurrence","commodity_codes":"MN","grade":"B"},"geometry":{"type":"Point","coordinates":[78.98367000014412,21.39951000054488]}},{"type":"Feature","properties":{"id":"in-mrds-10084846","name":"Jhamarkotra","resource_type":"Producer","normalized_resource_group":"mineral_occurrence","commodity_codes":"P","grade":"B"},"geometry":{"type":"Point","coordinates":[73.5171900004281,24.582589999795054]}},{"type":"Feature","properties":{"id":"in-mrds-10183096","name":"Jhamarkotra","resource_type":"Producer","normalized_resource_group":"mineral_occurrence","commodity_codes":"P","grade":"B"},"geometry":{"type":"Point","coordinates":[73.83382000069872,24.465960000457475]}},{"type":"Feature","properties":{"id":"in-mrds-10106762","name":"Kaliapani Mine","resource_type":"Producer","normalized_resource_group":"mineral_occurrence","commodity_codes":"CR","grade":"B"},"geometry":{"type":"Point","coordinates":[85.75019000066062,21.049530000168925]}},{"type":"Feature","properties":{"id":"in-mrds-10159301","name":"Keonjhar Mn Deposits","resource_type":"Producer","normalized_resource_group":"mineral_occurrence","commodity_codes":"MN","grade":"B"},"geometry":{"type":"Point","coordinates":[85.41020000043432,22.02943999992484]}},{"type":"Feature","properties":{"id":"in-mrds-10255729","name":"Khetri / Kolihan / Chandmari","resource_type":"Producer","normalized_resource_group":"metallic_minerals","commodity_codes":"CU","grade":"B"},"geometry":{"type":"Point","coordinates":[75.80048000012829,27.998990000355462]}},{"type":"Feature","properties":{"id":"in-mrds-10182560","name":"Lohardaga","resource_type":"Producer","normalized_resource_group":"mineral_occurrence","commodity_codes":"AL","grade":"B"},"geometry":{"type":"Point","coordinates":[81.70030000038007,22.69939000021534]}},{"type":"Feature","properties":{"id":"in-mrds-10183457","name":"Maharashtra-Madya Pradesh Area","resource_type":"Producer","normalized_resource_group":"mineral_occurrence","commodity_codes":"MN P","grade":"B"},"geometry":{"type":"Point","coordinates":[80.0503399997447,21.955059999765776]}},{"type":"Feature","properties":{"id":"in-mrds-10231065","name":"Malanjkhand","resource_type":"Producer","normalized_resource_group":"metallic_minerals","commodity_codes":"CU AU AG MO","grade":"B"},"geometry":{"type":"Point","coordinates":[80.7170299995923,21.499499999563927]}},{"type":"Feature","properties":{"id":"in-mrds-10085027","name":"Manavalakurichi Deposit","resource_type":"Past Producer","normalized_resource_group":"metallic_minerals","commodity_codes":"TI_M ZR REE ABR_G","grade":"B"},"geometry":{"type":"Point","coordinates":[77.33372000045279,8.20076999998989]}},{"type":"Feature","properties":{"id":"in-mrds-10303989","name":"Mansar","resource_type":"Producer","normalized_resource_group":"mineral_occurrence","commodity_codes":"MN","grade":"B"},"geometry":{"type":"Point","coordinates":[79.26036000007592,21.39951000054488]}},{"type":"Feature","properties":{"id":"in-mrds-10159361","name":"Maton","resource_type":"Producer","normalized_resource_group":"mineral_occurrence","commodity_codes":"P","grade":"B"},"geometry":{"type":"Point","coordinates":[73.79721999946835,24.549259999265928]}},{"type":"Feature","properties":{"id":"in-mrds-10304306","name":"Mochia Balariamagra","resource_type":"Producer","normalized_resource_group":"metallic_minerals","commodity_codes":"PB ZN","grade":"B"},"geometry":{"type":"Point","coordinates":[73.78382000015674,24.59925000013672]}},{"type":"Feature","properties":{"id":"in-mrds-10304337","name":"Mosabani-Badia Area","resource_type":"Past Producer","normalized_resource_group":"metallic_minerals","commodity_codes":"CU AU NI AG FE MO","grade":"B"},"geometry":{"type":"Point","coordinates":[86.47206999963792,22.517200000323978]}},{"type":"Feature","properties":{"id":"in-mrds-10073075","name":"Rajpura - Dariba Zn - Pb - Ag - Cu - Cd","resource_type":"Producer","normalized_resource_group":"metallic_minerals","commodity_codes":"PB ZN AG CU CD MO GA AS","grade":"B"},"geometry":{"type":"Point","coordinates":[74.1838399991944,24.749240000161265]}},{"type":"Feature","properties":{"id":"in-mrds-10304017","name":"Rajpura-Dariba","resource_type":"Producer","normalized_resource_group":"metallic_minerals","commodity_codes":"PB ZN","grade":"B"},"geometry":{"type":"Point","coordinates":[74.1672099994809,24.99923000001503]}},{"type":"Feature","properties":{"id":"in-mrds-10256718","name":"Rajpura-Dariba, Udaipur Distict","resource_type":"Producer","normalized_resource_group":"metallic_minerals","commodity_codes":"CU PB ZN SB AS CD AG CO NI","grade":"B"},"geometry":{"type":"Point","coordinates":[76.38656000045059,27.162940000569407]}},{"type":"Feature","properties":{"id":"in-mrds-10206891","name":"Temrimal","resource_type":"Producer","normalized_resource_group":"mineral_occurrence","commodity_codes":"GRF","grade":"B"},"geometry":{"type":"Point","coordinates":[82.73356999991329,20.7662600001938]}},{"type":"Feature","properties":{"id":"in-mrds-10159238","name":"Tirodi","resource_type":"Producer","normalized_resource_group":"mineral_occurrence","commodity_codes":"MN","grade":"B"},"geometry":{"type":"Point","coordinates":[79.75035000013166,21.68277999969173]}},{"type":"Feature","properties":{"id":"in-mrds-10207184","name":"Ukwa","resource_type":"Producer","normalized_resource_group":"mineral_occurrence","commodity_codes":"MN","grade":"B"},"geometry":{"type":"Point","coordinates":[80.4603300003705,21.959460000511648]}},{"type":"Feature","properties":{"id":"in-mrds-10073077","name":"Zawar Group Pb-Zn Mines","resource_type":"Producer","normalized_resource_group":"metallic_minerals","commodity_codes":"ZN PB","grade":"B"},"geometry":{"type":"Point","coordinates":[73.7171899999012,24.365940000463265]}},{"type":"Feature","properties":{"id":"in-mrds-10400130","name":"Aguila","resource_type":"Producer","normalized_resource_group":"metallic_minerals","commodity_codes":"CU MO","grade":"C"},"geometry":{"type":"Point","coordinates":[77.89708000015365,8.560429999657298]}},{"type":"Feature","properties":{"id":"in-mrds-10183502","name":"Amarkantak","resource_type":"Producer","normalized_resource_group":"mineral_occurrence","commodity_codes":"AL","grade":"C"},"geometry":{"type":"Point","coordinates":[81.71700000041379,22.816079999851315]}},{"type":"Feature","properties":{"id":"in-mrds-10073074","name":"Ambamata Pb - Zn","resource_type":"Producer","normalized_resource_group":"metallic_minerals","commodity_codes":"PB ZN CU","grade":"C"},"geometry":{"type":"Point","coordinates":[72.88386999961241,24.33261000040644]}},{"type":"Feature","properties":{"id":"in-mrds-10239826","name":"Bagru Hills","resource_type":"Producer","normalized_resource_group":"mineral_occurrence","commodity_codes":"AL","grade":"C"},"geometry":{"type":"Point","coordinates":[84.60023000005545,23.566009999895698]}},{"type":"Feature","properties":{"id":"in-mrds-10084922","name":"Bailadila No. 11-C Mine","resource_type":"Producer","normalized_resource_group":"mineral_occurrence","commodity_codes":"FE","grade":"C"},"geometry":{"type":"Point","coordinates":[81.21698000029211,18.683080000035876]}},{"type":"Feature","properties":{"id":"in-mrds-10084921","name":"Bailadila No. 14 Mine","resource_type":"Producer","normalized_resource_group":"mineral_occurrence","commodity_codes":"FE","grade":"C"},"geometry":{"type":"Point","coordinates":[81.23363999924453,18.61643000045359]}},{"type":"Feature","properties":{"id":"in-mrds-10084923","name":"Bailadila No. 5 Mine","resource_type":"Producer","normalized_resource_group":"mineral_occurrence","commodity_codes":"FE","grade":"C"},"geometry":{"type":"Point","coordinates":[81.20030999949732,18.683080000035876]}},{"type":"Feature","properties":{"id":"in-mrds-10134036","name":"Balaria","resource_type":"Producer","normalized_resource_group":"metallic_minerals","commodity_codes":"PB ZN FE S_P","grade":"C"},"geometry":{"type":"Point","coordinates":[73.73381999961471,24.36597000021137]}},{"type":"Feature","properties":{"id":"in-mrds-10231471","name":"Barbil","resource_type":"Producer","normalized_resource_group":"mineral_occurrence","commodity_codes":"MN","grade":"C"},"geometry":{"type":"Point","coordinates":[85.35019999996356,22.11613999991036]}},{"type":"Feature","properties":{"id":"in-mrds-10106729","name":"Belkapahar","resource_type":"Producer","normalized_resource_group":"mineral_occurrence","commodity_codes":"WOL CA","grade":"C"},"geometry":{"type":"Point","coordinates":[73.43386000013886,25.765829999551986]}},{"type":"Feature","properties":{"id":"in-mrds-10208578","name":"Bhandarbori Mine","resource_type":"Producer","normalized_resource_group":"mineral_occurrence","commodity_codes":"MN","grade":"C"},"geometry":{"type":"Point","coordinates":[79.4503599996203,21.39951000054488]}},{"type":"Feature","properties":{"id":"in-mrds-10003837","name":"Bharweli","resource_type":"Past Producer","normalized_resource_group":"mineral_occurrence","commodity_codes":"MN","grade":"C"},"geometry":{"type":"Point","coordinates":[80.18366999967763,21.81614000012554]}},{"type":"Feature","properties":{"id":"in-mrds-10024334","name":"Bhimtanagar Mine","resource_type":"Producer","normalized_resource_group":"mineral_occurrence","commodity_codes":"CR","grade":"C"},"geometry":{"type":"Point","coordinates":[85.75019000066062,21.03286000065591]}},{"type":"Feature","properties":{"id":"in-mrds-10084924","name":"Bolani Mine","resource_type":"Producer","normalized_resource_group":"mineral_occurrence","commodity_codes":"FE","grade":"C"},"geometry":{"type":"Point","coordinates":[85.33353000006707,22.08277000050344]}},{"type":"Feature","properties":{"id":"in-mrds-10003841","name":"Cavarem","resource_type":"Producer","normalized_resource_group":"mineral_occurrence","commodity_codes":"MN","grade":"C"},"geometry":{"type":"Point","coordinates":[74.14214999983375,15.12509999926537]}},{"type":"Feature","properties":{"id":"in-mrds-10085029","name":"Chatrapur Deposit","resource_type":"Past Producer","normalized_resource_group":"metallic_minerals","commodity_codes":"TI_I TI_R REE ZR ABR_G","grade":"C"},"geometry":{"type":"Point","coordinates":[84.95021000016479,19.299690000396033]}},{"type":"Feature","properties":{"id":"in-mrds-10084925","name":"Daitari Mine","resource_type":"Producer","normalized_resource_group":"mineral_occurrence","commodity_codes":"FE","grade":"C"},"geometry":{"type":"Point","coordinates":[85.00021999985421,20.49958000016137]}},{"type":"Feature","properties":{"id":"in-mrds-10109576","name":"Dhangaon","resource_type":"Producer","normalized_resource_group":"mineral_occurrence","commodity_codes":"AL PGE_PT","grade":"C"},"geometry":{"type":"Point","coordinates":[80.18366999967763,23.58264999976085]}},{"type":"Feature","properties":{"id":"in-mrds-10206700","name":"Donimalai","resource_type":"Past Producer","normalized_resource_group":"mineral_occurrence","commodity_codes":"AL FE P SIL S","grade":"C"},"geometry":{"type":"Point","coordinates":[76.55041999989916,15.080100000365832]}},{"type":"Feature","properties":{"id":"in-mrds-10084929","name":"Donimalai Mine","resource_type":"Producer","normalized_resource_group":"mineral_occurrence","commodity_codes":"FE","grade":"C"},"geometry":{"type":"Point","coordinates":[76.9170799999507,15.166759999493081]}},{"type":"Feature","properties":{"id":"in-mrds-10303874","name":"Garimenpenta","resource_type":"Past Producer","normalized_resource_group":"metallic_minerals","commodity_codes":"CU","grade":"C"},"geometry":{"type":"Point","coordinates":[79.5003400000708,14.980100000267521]}},{"type":"Feature","properties":{"id":"in-mrds-10134171","name":"Goguldoho Mines: Western and East","resource_type":"Producer","normalized_resource_group":"mineral_occurrence","commodity_codes":"MN","grade":"C"},"geometry":{"type":"Point","coordinates":[79.4303600006611,21.40950999984648]}},{"type":"Feature","properties":{"id":"in-mrds-10084931","name":"Gua Mines","resource_type":"Producer","normalized_resource_group":"mineral_occurrence","commodity_codes":"FE","grade":"C"},"geometry":{"type":"Point","coordinates":[85.38352999971077,22.216100000205376]}},{"type":"Feature","properties":{"id":"in-mrds-10206839","name":"Jamda-Koira Valley","resource_type":"Producer","normalized_resource_group":"mineral_occurrence","commodity_codes":"FE MN P","grade":"C"},"geometry":{"type":"Point","coordinates":[85.2502100007219,21.899459999746217]}},{"type":"Feature","properties":{"id":"in-mrds-10084926","name":"Joda Mine","resource_type":"Producer","normalized_resource_group":"mineral_occurrence","commodity_codes":"FE","grade":"C"},"geometry":{"type":"Point","coordinates":[85.43352999935446,22.016119999784873]}},{"type":"Feature","properties":{"id":"in-mrds-10279574","name":"Joida Mn Deposits: Nagari, Chipol","resource_type":"Producer","normalized_resource_group":"mineral_occurrence","commodity_codes":"FE MN P SIL","grade":"C"},"geometry":{"type":"Point","coordinates":[74.50046999946501,15.21008999999941]}},{"type":"Feature","properties":{"id":"in-mrds-10207330","name":"Junewani Mines Area: Junewani Mi","resource_type":"Producer","normalized_resource_group":"mineral_occurrence","commodity_codes":"MN","grade":"C"},"geometry":{"type":"Point","coordinates":[79.26036000007592,21.479500000155944]}},{"type":"Feature","properties":{"id":"in-mrds-10003852","name":"Kajlidongri","resource_type":"Past Producer","normalized_resource_group":"mineral_occurrence","commodity_codes":"MN","grade":"C"},"geometry":{"type":"Point","coordinates":[74.51716000035131,22.949389999773828]}},{"type":"Feature","properties":{"id":"in-mrds-10183568","name":"Kalyadi","resource_type":"Past Producer","normalized_resource_group":"metallic_minerals","commodity_codes":"CU","grade":"C"},"geometry":{"type":"Point","coordinates":[76.1504300001004,13.230280000119377]}},{"type":"Feature","properties":{"id":"in-mrds-10081078","name":"Khetri","resource_type":"Past Producer","normalized_resource_group":"metallic_minerals","commodity_codes":"CU","grade":"C"},"geometry":{"type":"Point","coordinates":[75.51714999946765,27.682330000611604]}},{"type":"Feature","properties":{"id":"in-mrds-10231314","name":"Khetri Copper Belt","resource_type":"Past Producer","normalized_resource_group":"metallic_minerals","commodity_codes":"CU","grade":"C"},"geometry":{"type":"Point","coordinates":[75.80048000012829,27.998990000355462]}},{"type":"Feature","properties":{"id":"in-mrds-10107440","name":"Kiriburu Mine","resource_type":"Producer","normalized_resource_group":"mineral_occurrence","commodity_codes":"FE","grade":"C"},"geometry":{"type":"Point","coordinates":[85.26688000061837,22.06611000055039]}},{"type":"Feature","properties":{"id":"in-mrds-10183602","name":"Kudremukh","resource_type":"Producer","normalized_resource_group":"mineral_occurrence","commodity_codes":"FE","grade":"C"},"geometry":{"type":"Point","coordinates":[75.16714999926687,13.166979999818658]}},{"type":"Feature","properties":{"id":"in-mrds-10084930","name":"Kudremukh Mine","resource_type":"Producer","normalized_resource_group":"mineral_occurrence","commodity_codes":"FE","grade":"C"},"geometry":{"type":"Point","coordinates":[75.33377999970809,13.250279999623565]}},{"type":"Feature","properties":{"id":"in-mrds-10279388","name":"Kulti-Raniganj","resource_type":"Producer","normalized_resource_group":"mineral_occurrence","commodity_codes":"FE MN P SIL S","grade":"C"},"geometry":{"type":"Point","coordinates":[86.86015999979995,23.749300000053335]}},{"type":"Feature","properties":{"id":"in-mrds-10134189","name":"Lashteal","resource_type":"Past Producer","normalized_resource_group":"metallic_minerals","commodity_codes":"CU","grade":"C"},"geometry":{"type":"Point","coordinates":[74.33054999924578,34.57853000002107]}},{"type":"Feature","properties":{"id":"in-mrds-10003859","name":"Laugur","resource_type":"Past Producer","normalized_resource_group":"mineral_occurrence","commodity_codes":"MN","grade":"C"},"geometry":{"type":"Point","coordinates":[80.3503400003018,21.932789999992035]}},{"type":"Feature","properties":{"id":"in-mrds-10158629","name":"Laugur Mine","resource_type":"Producer","normalized_resource_group":"mineral_occurrence","commodity_codes":"FE MN P SIL","grade":"C"},"geometry":{"type":"Point","coordinates":[80.3503400003018,21.929459999663305]}},{"type":"Feature","properties":{"id":"in-mrds-10279384","name":"Maharashtra/Mahya Pradesh Area","resource_type":"Producer","normalized_resource_group":"mineral_occurrence","commodity_codes":"MN","grade":"C"},"geometry":{"type":"Point","coordinates":[79.00038000022356,21.999469999689396]}},{"type":"Feature","properties":{"id":"in-mrds-10084942","name":"Malanjhkhand Mine","resource_type":"Producer","normalized_resource_group":"metallic_minerals","commodity_codes":"CU","grade":"C"},"geometry":{"type":"Point","coordinates":[80.71699999945507,22.016119999784873]}},{"type":"Feature","properties":{"id":"in-mrds-10069474","name":"Mando - Ki - Pol Fluorspar Deposit","resource_type":"Producer","normalized_resource_group":"mineral_occurrence","commodity_codes":"F","grade":"C"},"geometry":{"type":"Point","coordinates":[73.7171899999012,23.83265000073696]}},{"type":"Feature","properties":{"id":"in-mrds-10279381","name":"Mandri Mine","resource_type":"Producer","normalized_resource_group":"mineral_occurrence","commodity_codes":"MN P","grade":"C"},"geometry":{"type":"Point","coordinates":[79.40035999997659,21.40950999984648]}},{"type":"Feature","properties":{"id":"in-mrds-10183530","name":"Manegaon Mines","resource_type":"Producer","normalized_resource_group":"mineral_occurrence","commodity_codes":"FE MN P SIL","grade":"C"},"geometry":{"type":"Point","coordinates":[80.26034000004485,21.829469999836284]}},{"type":"Feature","properties":{"id":"in-mrds-10256031","name":"Mudda Mines","resource_type":"Past Producer","normalized_resource_group":"mineral_occurrence","commodity_codes":"MN","grade":"C"},"geometry":{"type":"Point","coordinates":[79.41035999990531,21.459499999636037]}},{"type":"Feature","properties":{"id":"in-mrds-10183537","name":"Mussoorie","resource_type":"Producer","normalized_resource_group":"mineral_occurrence","commodity_codes":"P","grade":"C"},"geometry":{"type":"Point","coordinates":[78.13371999924348,30.448790000127197]}},{"type":"Feature","properties":{"id":"in-mrds-10106593","name":"Naveli","resource_type":"Producer","normalized_resource_group":"mineral_occurrence","commodity_codes":"MN","grade":"C"},"geometry":{"type":"Point","coordinates":[74.16715000010474,15.133430000183099]}},{"type":"Feature","properties":{"id":"in-mrds-10003860","name":"Netravli","resource_type":"Producer","normalized_resource_group":"mineral_occurrence","commodity_codes":"MN","grade":"C"},"geometry":{"type":"Point","coordinates":[74.20881000022648,15.088990000257642]}},{"type":"Feature","properties":{"id":"in-mrds-10107441","name":"Noamundi Mine","resource_type":"Producer","normalized_resource_group":"mineral_occurrence","commodity_codes":"FE","grade":"C"},"geometry":{"type":"Point","coordinates":[85.16688000043267,22.132770000294833]}},{"type":"Feature","properties":{"id":"in-mrds-10304094","name":"Orissa - Chatrapur","resource_type":"Producer","normalized_resource_group":"metallic_minerals","commodity_codes":"TI ZR REE","grade":"C"},"geometry":{"type":"Point","coordinates":[84.95021000016479,19.299690000396033]}},{"type":"Feature","properties":{"id":"in-mrds-10084839","name":"Orissa Deposits","resource_type":"Producer","normalized_resource_group":"mineral_occurrence","commodity_codes":"MN","grade":"C"},"geometry":{"type":"Point","coordinates":[85.6668600003714,21.63280999991267]}},{"type":"Feature","properties":{"id":"in-mrds-10084927","name":"Pale Mine","resource_type":"Producer","normalized_resource_group":"mineral_occurrence","commodity_codes":"FE","grade":"C"},"geometry":{"type":"Point","coordinates":[74.06853999998907,15.477840000218517]}},{"type":"Feature","properties":{"id":"in-mrds-10230909","name":"Panchpatmali","resource_type":"Producer","normalized_resource_group":"mineral_occurrence","commodity_codes":"AL","grade":"C"},"geometry":{"type":"Point","coordinates":[82.1669799998105,17.499860000096625]}},{"type":"Feature","properties":{"id":"in-mrds-10400162","name":"Pashpap","resource_type":"Producer","normalized_resource_group":"metallic_minerals","commodity_codes":"CU MO","grade":"C"},"geometry":{"type":"Point","coordinates":[77.96147000004424,8.782609999878328]}},{"type":"Feature","properties":{"id":"in-mrds-10182200","name":"Rakha Mine","resource_type":"Producer","normalized_resource_group":"metallic_minerals","commodity_codes":"CU","grade":"C"},"geometry":{"type":"Point","coordinates":[86.41687000046247,22.5660999995667]}},{"type":"Feature","properties":{"id":"in-mrds-10097587","name":"Rivona","resource_type":"Past Producer","normalized_resource_group":"mineral_occurrence","commodity_codes":"MN","grade":"C"},"geometry":{"type":"Point","coordinates":[74.10881000004079,15.166759999493081]}},{"type":"Feature","properties":{"id":"in-mrds-10159101","name":"Rs","resource_type":"Producer","normalized_resource_group":"mineral_occurrence","commodity_codes":"ABR_G KYN SIL TH TI ZR","grade":"C"},"geometry":{"type":"Point","coordinates":[76.53040999999595,8.950699999861351]}},{"type":"Feature","properties":{"id":"in-mrds-10255721","name":"Salai-Ghoti Belt","resource_type":"Past Producer","normalized_resource_group":"mineral_occurrence","commodity_codes":"MN","grade":"C"},"geometry":{"type":"Point","coordinates":[79.4303600006611,21.509500000465447]}},{"type":"Feature","properties":{"id":"in-mrds-10003866","name":"Salgini","resource_type":"Producer","normalized_resource_group":"mineral_occurrence","commodity_codes":"MN","grade":"C"},"geometry":{"type":"Point","coordinates":[74.25047999949564,15.008439999397574]}},{"type":"Feature","properties":{"id":"in-mrds-10003869","name":"Sanguem","resource_type":"Past Producer","normalized_resource_group":"mineral_occurrence","commodity_codes":"MN","grade":"C"},"geometry":{"type":"Point","coordinates":[74.16715000010474,15.22508999973419]}},{"type":"Feature","properties":{"id":"in-mrds-10084928","name":"Sanquelim Mine","resource_type":"Producer","normalized_resource_group":"mineral_occurrence","commodity_codes":"FE","grade":"C"},"geometry":{"type":"Point","coordinates":[74.01715000027534,15.566730000168029]}},{"type":"Feature","properties":{"id":"in-mrds-10024336","name":"Saruabil Mine","resource_type":"Producer","normalized_resource_group":"mineral_occurrence","commodity_codes":"CR","grade":"C"},"geometry":{"type":"Point","coordinates":[85.80019000030433,21.06620000015207]}},{"type":"Feature","properties":{"id":"in-mrds-10207106","name":"Satak Mine and Satak Extension Mi","resource_type":"Past Producer","normalized_resource_group":"mineral_occurrence","commodity_codes":"FE MN P SIL","grade":"C"},"geometry":{"type":"Point","coordinates":[79.26036000007592,21.34950999983231]}},{"type":"Feature","properties":{"id":"in-mrds-10207092","name":"Shevroy","resource_type":"Producer","normalized_resource_group":"mineral_occurrence","commodity_codes":"AL","grade":"C"},"geometry":{"type":"Point","coordinates":[78.18366999955677,11.76712000008009]}},{"type":"Feature","properties":{"id":"in-mrds-10255753","name":"Shivrajpur Syndicate Concessions","resource_type":"Producer","normalized_resource_group":"mineral_occurrence","commodity_codes":"FE MN P SIL","grade":"C"},"geometry":{"type":"Point","coordinates":[73.65050999941697,22.39943999979607]}},{"type":"Feature","properties":{"id":"in-mrds-10255997","name":"Tagadur","resource_type":"Producer","normalized_resource_group":"mineral_occurrence","commodity_codes":"CR","grade":"C"},"geometry":{"type":"Point","coordinates":[76.42541999944244,13.058589999403429]}},{"type":"Feature","properties":{"id":"in-mrds-10182981","name":"Tambesra,Udaipur and Banswara","resource_type":"Producer","normalized_resource_group":"mineral_occurrence","commodity_codes":"BA FE MN P SIL","grade":"C"},"geometry":{"type":"Point","coordinates":[74.25049999958715,23.49934000022695]}},{"type":"Feature","properties":{"id":"in-mrds-10134136","name":"Tamilnadu","resource_type":"Producer","normalized_resource_group":"mineral_occurrence","commodity_codes":"MG","grade":"C"},"geometry":{"type":"Point","coordinates":[78.15036999994679,11.733719999907876]}},{"type":"Feature","properties":{"id":"in-mrds-10215148","name":"Thakurani Mine: West Thakuranino","resource_type":"Producer","normalized_resource_group":"mineral_occurrence","commodity_codes":"FE P S","grade":"C"},"geometry":{"type":"Point","coordinates":[85.43020000029176,22.099439999909137]}},{"type":"Feature","properties":{"id":"in-mrds-10400172","name":"Toro Mocho","resource_type":"Producer","normalized_resource_group":"metallic_minerals","commodity_codes":"CU MO AG","grade":"C"},"geometry":{"type":"Point","coordinates":[76.13372000002096,11.600440000185058]}},{"type":"Feature","properties":{"id":"in-mrds-10106594","name":"Ukwa","resource_type":"Producer","normalized_resource_group":"mineral_occurrence","commodity_codes":"MN","grade":"C"},"geometry":{"type":"Point","coordinates":[80.46700000033827,21.96613000004076]}},{"type":"Feature","properties":{"id":"in-mrds-10003873","name":"Verlem","resource_type":"Producer","normalized_resource_group":"mineral_occurrence","commodity_codes":"MN","grade":"C"},"geometry":{"type":"Point","coordinates":[74.25047999949564,15.050099999552604]}},{"type":"Feature","properties":{"id":"in-mrds-10003874","name":"Viliena","resource_type":"Producer","normalized_resource_group":"mineral_occurrence","commodity_codes":"MN","grade":"C"},"geometry":{"type":"Point","coordinates":[74.25047999949564,15.166759999493081]}},{"type":"Feature","properties":{"id":"in-mrds-10231010","name":"Yrapur","resource_type":"Producer","normalized_resource_group":"mineral_occurrence","commodity_codes":"CR","grade":"C"},"geometry":{"type":"Point","coordinates":[76.41712000010348,13.116990000454416]}},{"type":"Feature","properties":{"id":"in-mrds-10231066","name":"Adimurtipuram","resource_type":"Past Producer","normalized_resource_group":"metallic_minerals","commodity_codes":"CU","grade":"D"},"geometry":{"type":"Point","coordinates":[79.68033999968642,14.950100000296986]}},{"type":"Feature","properties":{"id":"in-mrds-10231099","name":"Amba Mata","resource_type":"Past Producer","normalized_resource_group":"metallic_minerals","commodity_codes":"CU","grade":"D"},"geometry":{"type":"Point","coordinates":[72.8805400005497,24.329279999642612]}},{"type":"Feature","properties":{"id":"in-mrds-60000575","name":"Andhra Pradesh State","resource_type":"Producer","normalized_resource_group":"mineral_occurrence","commodity_codes":"MN","grade":"D"},"geometry":{"type":"Point","coordinates":[83.4502500002571,18.366480000155544]}},{"type":"Feature","properties":{"id":"in-mrds-10256264","name":"Bababudan Hill-Kalhatti","resource_type":"Producer","normalized_resource_group":"mineral_occurrence","commodity_codes":"AL FE P SIL S","grade":"D"},"geometry":{"type":"Point","coordinates":[75.4504399997445,13.630240000009897]}},{"type":"Feature","properties":{"id":"in-mrds-10206736","name":"Badam Pahar","resource_type":"Producer","normalized_resource_group":"mineral_occurrence","commodity_codes":"FE P SIL S","grade":"D"},"geometry":{"type":"Point","coordinates":[86.16017999948981,21.749469999663713]}},{"type":"Feature","properties":{"id":"in-mrds-10021419","name":"Bagru Hills Mine","resource_type":"Producer","normalized_resource_group":"mineral_occurrence","commodity_codes":"AL","grade":"D"},"geometry":{"type":"Point","coordinates":[85.59235000000315,24.759429999943002]}},{"type":"Feature","properties":{"id":"in-mrds-10279561","name":"Bai Buru-Noamundi Mine","resource_type":"Producer","normalized_resource_group":"mineral_occurrence","commodity_codes":"FE P S","grade":"D"},"geometry":{"type":"Point","coordinates":[85.50020000069125,22.139440000158388]}},{"type":"Feature","properties":{"id":"in-mrds-10230870","name":"Bailadila No. 14","resource_type":"Producer","normalized_resource_group":"mineral_occurrence","commodity_codes":"FE","grade":"D"},"geometry":{"type":"Point","coordinates":[81.24200999980202,18.6080600001546]}},{"type":"Feature","properties":{"id":"in-mrds-10279861","name":"Bailadila No. 5","resource_type":"Producer","normalized_resource_group":"mineral_occurrence","commodity_codes":"FE","grade":"D"},"geometry":{"type":"Point","coordinates":[81.19500999950812,18.695849999640938]}},{"type":"Feature","properties":{"id":"in-mrds-10021434","name":"Balaghat Mine","resource_type":"Producer","normalized_resource_group":"mineral_occurrence","commodity_codes":"MN","grade":"D"},"geometry":{"type":"Point","coordinates":[79.61656000078952,22.882860000059093]}},{"type":"Feature","properties":{"id":"in-mrds-10183644","name":"Balapur Hamesha Mine","resource_type":"Producer","normalized_resource_group":"mineral_occurrence","commodity_codes":"MN","grade":"D"},"geometry":{"type":"Point","coordinates":[76.60042999958861,20.809569999359038]}},{"type":"Feature","properties":{"id":"in-mrds-10021441","name":"Balaria Mine","resource_type":"Producer","normalized_resource_group":"metallic_minerals","commodity_codes":"ZN PB","grade":"D"},"geometry":{"type":"Point","coordinates":[73.84917999999278,26.58475999958582]}},{"type":"Feature","properties":{"id":"in-mrds-10256153","name":"Baljori-Noamundi Mine","resource_type":"Producer","normalized_resource_group":"mineral_occurrence","commodity_codes":"FE P S","grade":"D"},"geometry":{"type":"Point","coordinates":[85.50020000069125,22.199429999873175]}},{"type":"Feature","properties":{"id":"in-mrds-10206912","name":"Banal","resource_type":"Past Producer","normalized_resource_group":"metallic_minerals","commodity_codes":"CU","grade":"D"},"geometry":{"type":"Point","coordinates":[77.4804399996516,30.62878000027648]}},{"type":"Feature","properties":{"id":"in-mrds-10003835","name":"Banjartola","resource_type":"Past Producer","normalized_resource_group":"mineral_occurrence","commodity_codes":"MN","grade":"D"},"geometry":{"type":"Point","coordinates":[80.27534000038713,21.957789999741887]}},{"type":"Feature","properties":{"id":"in-mrds-10279591","name":"Banspani Pahar-Joda East Mine","resource_type":"Producer","normalized_resource_group":"mineral_occurrence","commodity_codes":"FE","grade":"D"},"geometry":{"type":"Point","coordinates":[85.43020000029176,21.999459999813144]}},{"type":"Feature","properties":{"id":"in-mrds-10207121","name":"Bara Parbat-Joda East Mine","resource_type":"Producer","normalized_resource_group":"mineral_occurrence","commodity_codes":"FE","grade":"D"},"geometry":{"type":"Point","coordinates":[85.45020000014925,22.049440000275286]}},{"type":"Feature","properties":{"id":"in-mrds-10231191","name":"Baraganda Copper Deposit","resource_type":"Past Producer","normalized_resource_group":"metallic_minerals","commodity_codes":"CU","grade":"D"},"geometry":{"type":"Point","coordinates":[86.05018999942112,24.079269999513112]}},{"type":"Feature","properties":{"id":"in-mrds-10279946","name":"Barmhan Kalan","resource_type":"Past Producer","normalized_resource_group":"metallic_minerals","commodity_codes":"CU","grade":"D"},"geometry":{"type":"Point","coordinates":[79.01037000010656,23.029370000086086]}},{"type":"Feature","properties":{"id":"in-mrds-10279893","name":"Barsua","resource_type":"Producer","normalized_resource_group":"mineral_occurrence","commodity_codes":"AL FE P SIL S","grade":"D"},"geometry":{"type":"Point","coordinates":[85.15020999963788,21.849459999571533]}},{"type":"Feature","properties":{"id":"in-mrds-10159189","name":"Bellary","resource_type":"Past Producer","normalized_resource_group":"metallic_minerals","commodity_codes":"CU","grade":"D"},"geometry":{"type":"Point","coordinates":[76.91040999998299,15.130089999175155]}},{"type":"Feature","properties":{"id":"in-mrds-10256162","name":"Bensibetta","resource_type":"Past Producer","normalized_resource_group":"metallic_minerals","commodity_codes":"AU","grade":"D"},"geometry":{"type":"Point","coordinates":[77.30039000070556,11.700419999291517]}},{"type":"Feature","properties":{"id":"in-mrds-10184042","name":"Bhairukhi","resource_type":"Past Producer","normalized_resource_group":"metallic_minerals","commodity_codes":"CU","grade":"D"},"geometry":{"type":"Point","coordinates":[86.60016999990184,24.59922000041523]}},{"type":"Feature","properties":{"id":"in-mrds-10159016","name":"Bhayavadar","resource_type":"Past Producer","normalized_resource_group":"metallic_minerals","commodity_codes":"CU","grade":"D"},"geometry":{"type":"Point","coordinates":[70.25059999980289,21.84949999955397]}},{"type":"Feature","properties":{"id":"in-mrds-10021435","name":"Bhutuda Mine","resource_type":"Producer","normalized_resource_group":"mineral_occurrence","commodity_codes":"MN","grade":"D"},"geometry":{"type":"Point","coordinates":[84.50478000002148,20.56598999997406]}},{"type":"Feature","properties":{"id":"in-mrds-10021430","name":"Bicholim-Srirgao Mine","resource_type":"Producer","normalized_resource_group":"mineral_occurrence","commodity_codes":"FE","grade":"D"},"geometry":{"type":"Point","coordinates":[74.08016999928908,15.359130000487115]}},{"type":"Feature","properties":{"id":"in-mrds-10207304","name":"Bolani","resource_type":"Producer","normalized_resource_group":"mineral_occurrence","commodity_codes":"FE P S","grade":"D"},"geometry":{"type":"Point","coordinates":[85.33020000010607,22.099439999909137]}},{"type":"Feature","properties":{"id":"in-mrds-10183588","name":"Bond Buru-Noamundi Mine","resource_type":"Producer","normalized_resource_group":"mineral_occurrence","commodity_codes":"FE P S","grade":"D"},"geometry":{"type":"Point","coordinates":[85.54020000040622,22.179430000364164]}},{"type":"Feature","properties":{"id":"in-mrds-60000529","name":"Boula Mining Area","resource_type":"Producer","normalized_resource_group":"mineral_occurrence","commodity_codes":"CR","grade":"D"},"geometry":{"type":"Point","coordinates":[85.58349999994493,21.58277999987833]}},{"type":"Feature","properties":{"id":"in-mrds-10231121","name":"Bunyar","resource_type":"Past Producer","normalized_resource_group":"metallic_minerals","commodity_codes":"CU","grade":"D"},"geometry":{"type":"Point","coordinates":[74.20056000021788,34.1085599999125]}},{"type":"Feature","properties":{"id":"in-mrds-10206800","name":"Byriah","resource_type":"Past Producer","normalized_resource_group":"metallic_minerals","commodity_codes":"CU","grade":"D"},"geometry":{"type":"Point","coordinates":[81.9003000007515,24.349249999797777]}},{"type":"Feature","properties":{"id":"in-mrds-10182813","name":"Chaibasa Area","resource_type":"Past Producer","normalized_resource_group":"mineral_occurrence","commodity_codes":"MN","grade":"D"},"geometry":{"type":"Point","coordinates":[85.81019000023304,22.549400000353756]}},{"type":"Feature","properties":{"id":"in-mrds-10134075","name":"Chalk Hills Near Salem","resource_type":"Past Producer","normalized_resource_group":"mineral_occurrence","commodity_codes":"CR","grade":"D"},"geometry":{"type":"Point","coordinates":[78.10036999940479,11.700419999291517]}},{"type":"Feature","properties":{"id":"in-mrds-10021420","name":"Chandgad Mine","resource_type":"Producer","normalized_resource_group":"mineral_occurrence","commodity_codes":"AL","grade":"D"},"geometry":{"type":"Point","coordinates":[76.13324000052025,19.450260000125258]}},{"type":"Feature","properties":{"id":"in-mrds-10106685","name":"Chandmari Mine","resource_type":"Producer","normalized_resource_group":"metallic_minerals","commodity_codes":"CU","grade":"D"},"geometry":{"type":"Point","coordinates":[73.84917999999278,26.58475999958582]}},{"type":"Feature","properties":{"id":"in-mrds-10230794","name":"Charakmara","resource_type":"Past Producer","normalized_resource_group":"metallic_minerals","commodity_codes":"CU","grade":"D"},"geometry":{"type":"Point","coordinates":[86.68016999933175,22.27942000009797]}},{"type":"Feature","properties":{"id":"in-mrds-10191145","name":"Charipat Buru-Noamundi Mine","resource_type":"Producer","normalized_resource_group":"mineral_occurrence","commodity_codes":"FE P S","grade":"D"},"geometry":{"type":"Point","coordinates":[85.50020000069125,22.159430000499224]}},{"type":"Feature","properties":{"id":"in-mrds-60000781","name":"Chatrapur","resource_type":"Producer","normalized_resource_group":"mineral_occurrence","commodity_codes":"ZR TI","grade":"D"},"geometry":{"type":"Point","coordinates":[85.03350999941847,19.432980000427648]}},{"type":"Feature","properties":{"id":"in-mrds-60000814","name":"Chatrapur Deposit","resource_type":"Producer","normalized_resource_group":"metallic_minerals","commodity_codes":"REE ZR KYN TI TH","grade":"D"},"geometry":{"type":"Point","coordinates":[84.95021000016479,19.299690000396033]}},{"type":"Feature","properties":{"id":"in-mrds-60000782","name":"Chavara","resource_type":"Producer","normalized_resource_group":"mineral_occurrence","commodity_codes":"ZR","grade":"D"},"geometry":{"type":"Point","coordinates":[76.50041000020974,9.16738000033911]}},{"type":"Feature","properties":{"id":"in-mrds-60000816","name":"Chavara Deposit","resource_type":"Producer","normalized_resource_group":"metallic_minerals","commodity_codes":"ZR TH KYN REE TI","grade":"D"},"geometry":{"type":"Point","coordinates":[76.50041000020974,9.16738000033911]}},{"type":"Feature","properties":{"id":"in-mrds-10207340","name":"Cherka","resource_type":"Past Producer","normalized_resource_group":"metallic_minerals","commodity_codes":"CU","grade":"D"},"geometry":{"type":"Point","coordinates":[81.30031999972877,24.0792800003676]}},{"type":"Feature","properties":{"id":"in-mrds-10134332","name":"Chirudih-Singhbhum Copper Belt","resource_type":"Past Producer","normalized_resource_group":"metallic_minerals","commodity_codes":"CU","grade":"D"},"geometry":{"type":"Point","coordinates":[86.41018000040323,22.559399999651248]}},{"type":"Feature","properties":{"id":"in-mrds-10279535","name":"Chowgule Group","resource_type":"Producer","normalized_resource_group":"mineral_occurrence","commodity_codes":"FE","grade":"D"},"geometry":{"type":"Point","coordinates":[74.05048000002255,15.49176000042513]}},{"type":"Feature","properties":{"id":"in-mrds-10106687","name":"Chowgule Mine","resource_type":"Producer","normalized_resource_group":"mineral_occurrence","commodity_codes":"FE","grade":"D"},"geometry":{"type":"Point","coordinates":[74.08016999928908,15.359130000487115]}},{"type":"Feature","properties":{"id":"in-mrds-10255659","name":"Coal Field","resource_type":"Past Producer","normalized_resource_group":"mineral_occurrence","commodity_codes":"FE P SIL S","grade":"D"},"geometry":{"type":"Point","coordinates":[79.560349999689,18.009819999378507]}},{"type":"Feature","properties":{"id":"in-mrds-10281082","name":"Cuddapah","resource_type":"Past Producer","normalized_resource_group":"metallic_minerals","commodity_codes":"CU PB","grade":"D"},"geometry":{"type":"Point","coordinates":[78.90035999994637,14.760120000349964]}},{"type":"Feature","properties":{"id":"in-mrds-10021431","name":"Cuddegal Mine","resource_type":"Producer","normalized_resource_group":"mineral_occurrence","commodity_codes":"FE","grade":"D"},"geometry":{"type":"Point","coordinates":[74.08016999928908,15.359130000487115]}},{"type":"Feature","properties":{"id":"in-mrds-10231328","name":"Daiteri","resource_type":"Producer","normalized_resource_group":"mineral_occurrence","commodity_codes":"AL CR FE P SIL S","grade":"D"},"geometry":{"type":"Point","coordinates":[86.33018000007502,20.829549999900312]}},{"type":"Feature","properties":{"id":"in-mrds-10021436","name":"Dalapahar Mine","resource_type":"Producer","normalized_resource_group":"mineral_occurrence","commodity_codes":"MN","grade":"D"},"geometry":{"type":"Point","coordinates":[84.50478000002148,20.56598999997406]}},{"type":"Feature","properties":{"id":"in-mrds-60000554","name":"Dandatapa Area","resource_type":"Producer","normalized_resource_group":"mineral_occurrence","commodity_codes":"GRF","grade":"D"},"geometry":{"type":"Point","coordinates":[84.60022000000973,20.799550000155648]}},{"type":"Feature","properties":{"id":"in-mrds-10279993","name":"Devadari","resource_type":"Past Producer","normalized_resource_group":"mineral_occurrence","commodity_codes":"FE","grade":"D"},"geometry":{"type":"Point","coordinates":[76.55041999989916,15.080100000365832]}},{"type":"Feature","properties":{"id":"in-mrds-10279757","name":"Dhalli-Rajhara,","resource_type":"Past Producer","normalized_resource_group":"mineral_occurrence","commodity_codes":"FE P SIL S","grade":"D"},"geometry":{"type":"Point","coordinates":[81.28030999982552,21.19951999996597]}},{"type":"Feature","properties":{"id":"in-mrds-10159182","name":"Dhander Kua","resource_type":"Past Producer","normalized_resource_group":"metallic_minerals","commodity_codes":"CU","grade":"D"},"geometry":{"type":"Point","coordinates":[81.3103199996575,24.049280000027156]}},{"type":"Feature","properties":{"id":"in-mrds-10256346","name":"Dharkhuli","resource_type":"Past Producer","normalized_resource_group":"metallic_minerals","commodity_codes":"CU","grade":"D"},"geometry":{"type":"Point","coordinates":[86.70017000008754,22.299419999576244]}},{"type":"Feature","properties":{"id":"in-mrds-10279544","name":"Dhobani","resource_type":"Past Producer","normalized_resource_group":"metallic_minerals","commodity_codes":"CU","grade":"D"},"geometry":{"type":"Point","coordinates":[86.43017000021497,22.509400000486746]}},{"type":"Feature","properties":{"id":"in-mrds-60000559","name":"East Godavari","resource_type":"Producer","normalized_resource_group":"mineral_occurrence","commodity_codes":"GRF","grade":"D"},"geometry":{"type":"Point","coordinates":[81.85029000016374,17.383170000171408]}},{"type":"Feature","properties":{"id":"in-mrds-10133837","name":"Gagangir","resource_type":"Past Producer","normalized_resource_group":"metallic_minerals","commodity_codes":"CU","grade":"D"},"geometry":{"type":"Point","coordinates":[75.20053000014109,34.27854000015067]}},{"type":"Feature","properties":{"id":"in-mrds-10159917","name":"Gani-Kalava Belt","resource_type":"Past Producer","normalized_resource_group":"metallic_minerals","commodity_codes":"CU","grade":"D"},"geometry":{"type":"Point","coordinates":[78.310380000649,15.660039999845766]}},{"type":"Feature","properties":{"id":"in-mrds-10264350","name":"Geyjadih","resource_type":"Past Producer","normalized_resource_group":"metallic_minerals","commodity_codes":"CU","grade":"D"},"geometry":{"type":"Point","coordinates":[86.03019000046196,24.049270000115282]}},{"type":"Feature","properties":{"id":"in-mrds-10003847","name":"Ghondi","resource_type":"Past Producer","normalized_resource_group":"mineral_occurrence","commodity_codes":"MN","grade":"D"},"geometry":{"type":"Point","coordinates":[80.41699999979625,21.916129999401065]}},{"type":"Feature","properties":{"id":"in-mrds-60000576","name":"Goa State","resource_type":"Producer","normalized_resource_group":"mineral_occurrence","commodity_codes":"MN FE","grade":"D"},"geometry":{"type":"Point","coordinates":[73.91718000022688,15.50005999971904]}},{"type":"Feature","properties":{"id":"in-mrds-10256200","name":"Gohala","resource_type":"Past Producer","normalized_resource_group":"metallic_minerals","commodity_codes":"CU","grade":"D"},"geometry":{"type":"Point","coordinates":[86.50016999971615,22.479399999612145]}},{"type":"Feature","properties":{"id":"in-mrds-10158619","name":"Gorumakisani","resource_type":"Producer","normalized_resource_group":"mineral_occurrence","commodity_codes":"FE P SIL S","grade":"D"},"geometry":{"type":"Point","coordinates":[86.21018000003181,22.049440000275286]}},{"type":"Feature","properties":{"id":"in-mrds-60000714","name":"Govindpal Area","resource_type":"Producer","normalized_resource_group":"metallic_minerals","commodity_codes":"LI","grade":"D"},"geometry":{"type":"Point","coordinates":[81.90028999980744,18.699749999715657]}},{"type":"Feature","properties":{"id":"in-mrds-60000574","name":"Gujarat State","resource_type":"Producer","normalized_resource_group":"mineral_occurrence","commodity_codes":"MN","grade":"D"},"geometry":{"type":"Point","coordinates":[72.50053999966437,22.999400000022558]}},{"type":"Feature","properties":{"id":"in-mrds-10133991","name":"Gummankonda","resource_type":"Past Producer","normalized_resource_group":"metallic_minerals","commodity_codes":"CU","grade":"D"},"geometry":{"type":"Point","coordinates":[78.30037999982194,15.63003999967094]}},{"type":"Feature","properties":{"id":"in-mrds-10304075","name":"Guntur","resource_type":"Past Producer","normalized_resource_group":"metallic_minerals","commodity_codes":"CU","grade":"D"},"geometry":{"type":"Point","coordinates":[79.7503400000859,16.17998999977661]}},{"type":"Feature","properties":{"id":"in-mrds-10021437","name":"Gurda Mine","resource_type":"Past Producer","normalized_resource_group":"mineral_occurrence","commodity_codes":"MN","grade":"D"},"geometry":{"type":"Point","coordinates":[84.50478000002148,20.56598999997406]}},{"type":"Feature","properties":{"id":"in-mrds-10279816","name":"Hadabanatta","resource_type":"Past Producer","normalized_resource_group":"metallic_minerals","commodity_codes":"CU AU","grade":"D"},"geometry":{"type":"Point","coordinates":[77.30039000070556,11.700419999291517]}},{"type":"Feature","properties":{"id":"in-mrds-10279981","name":"Hadanabatta","resource_type":"Past Producer","normalized_resource_group":"metallic_minerals","commodity_codes":"CU AU","grade":"D"},"geometry":{"type":"Point","coordinates":[77.31038999973599,11.950399999712069]}},{"type":"Feature","properties":{"id":"in-mrds-10134080","name":"Hatu Gutu Buru-Noamundi Mine","resource_type":"Producer","normalized_resource_group":"mineral_occurrence","commodity_codes":"FE P S","grade":"D"},"geometry":{"type":"Point","coordinates":[85.52520000006396,22.189429999638275]}},{"type":"Feature","properties":{"id":"in-mrds-10183456","name":"Hiriyur","resource_type":"Producer","normalized_resource_group":"mineral_occurrence","commodity_codes":"FE","grade":"D"},"geometry":{"type":"Point","coordinates":[76.38042000021228,14.210179999403016]}},{"type":"Feature","properties":{"id":"in-mrds-10021423","name":"Huti Mine","resource_type":"Producer","normalized_resource_group":"metallic_minerals","commodity_codes":"AU","grade":"D"},"geometry":{"type":"Point","coordinates":[76.18529999970548,14.687060000000272]}},{"type":"Feature","properties":{"id":"in-mrds-10133941","name":"Indian Copper Complex","resource_type":"Producer","normalized_resource_group":"metallic_minerals","commodity_codes":"CU","grade":"D"},"geometry":{"type":"Point","coordinates":[86.45017000007245,22.529400000053705]}},{"type":"Feature","properties":{"id":"in-mrds-10021425","name":"Ingladhal Mine","resource_type":"Producer","normalized_resource_group":"metallic_minerals","commodity_codes":"CU","grade":"D"},"geometry":{"type":"Point","coordinates":[76.18529999970548,14.687060000000272]}},{"type":"Feature","properties":{"id":"in-mrds-10021440","name":"Jaduguda Mine","resource_type":"Producer","normalized_resource_group":"metallic_minerals","commodity_codes":"U CU MO","grade":"D"},"geometry":{"type":"Point","coordinates":[85.59235000000315,24.759429999943002]}},{"type":"Feature","properties":{"id":"in-mrds-10231163","name":"Jagantola and Ghondi Mines","resource_type":"Past Producer","normalized_resource_group":"mineral_occurrence","commodity_codes":"MN","grade":"D"},"geometry":{"type":"Point","coordinates":[80.26034000004485,21.949459999964528]}},{"type":"Feature","properties":{"id":"in-mrds-10256055","name":"Jalim Sanai","resource_type":"Producer","normalized_resource_group":"mineral_occurrence","commodity_codes":"AL SIL","grade":"D"},"geometry":{"type":"Point","coordinates":[84.70022000019543,23.429319999734183]}},{"type":"Feature","properties":{"id":"in-mrds-10207196","name":"Janapalacheruvu Deposit","resource_type":"Past Producer","normalized_resource_group":"mineral_occurrence","commodity_codes":"MN","grade":"D"},"geometry":{"type":"Point","coordinates":[79.15034999991575,15.460059999273549]}},{"type":"Feature","properties":{"id":"in-mrds-60000697","name":"Jhamar-Kotra","resource_type":"Producer","normalized_resource_group":"mineral_occurrence","commodity_codes":"P","grade":"D"},"geometry":{"type":"Point","coordinates":[73.8505099997884,24.482560000434525]}},{"type":"Feature","properties":{"id":"in-mrds-10184082","name":"Jharia","resource_type":"Past Producer","normalized_resource_group":"metallic_minerals","commodity_codes":"CU","grade":"D"},"geometry":{"type":"Point","coordinates":[86.68016999933175,22.299419999576244]}},{"type":"Feature","properties":{"id":"in-mrds-10304237","name":"Jiling Buru","resource_type":"Past Producer","normalized_resource_group":"mineral_occurrence","commodity_codes":"AL FE P SIL","grade":"D"},"geometry":{"type":"Point","coordinates":[85.40019999960725,22.209430000662664]}},{"type":"Feature","properties":{"id":"in-mrds-10183471","name":"Jilling Pahar","resource_type":"Producer","normalized_resource_group":"mineral_occurrence","commodity_codes":"FE","grade":"D"},"geometry":{"type":"Point","coordinates":[85.43020000029176,21.959450000316004]}},{"type":"Feature","properties":{"id":"in-mrds-10183222","name":"Kalaparbat Mine","resource_type":"Producer","normalized_resource_group":"mineral_occurrence","commodity_codes":"MN","grade":"D"},"geometry":{"type":"Point","coordinates":[85.30019999942152,22.299419999576244]}},{"type":"Feature","properties":{"id":"in-mrds-60000522","name":"Kalarangi Mining Area","resource_type":"Producer","normalized_resource_group":"mineral_occurrence","commodity_codes":"CR","grade":"D"},"geometry":{"type":"Point","coordinates":[85.75019000066062,21.032829999543967]}},{"type":"Feature","properties":{"id":"in-mrds-10207344","name":"Kanas","resource_type":"Past Producer","normalized_resource_group":"metallic_minerals","commodity_codes":"CU","grade":"D"},"geometry":{"type":"Point","coordinates":[86.51017000054321,22.499400000653214]}},{"type":"Feature","properties":{"id":"in-mrds-10159180","name":"Kandadhar Pahar","resource_type":"Past Producer","normalized_resource_group":"mineral_occurrence","commodity_codes":"FE","grade":"D"},"geometry":{"type":"Point","coordinates":[85.10020999999419,21.779469999754063]}},{"type":"Feature","properties":{"id":"in-mrds-10109575","name":"Kappatgode Region","resource_type":"Producer","normalized_resource_group":"metallic_minerals","commodity_codes":"AU AG PGE_PT","grade":"D"},"geometry":{"type":"Point","coordinates":[74.98379000045132,15.433399999281871]}},{"type":"Feature","properties":{"id":"in-mrds-10134014","name":"Karekuruhi","resource_type":"Producer","normalized_resource_group":"mineral_occurrence","commodity_codes":"FE","grade":"D"},"geometry":{"type":"Point","coordinates":[77.5803900005069,12.96030000066504]}},{"type":"Feature","properties":{"id":"in-mrds-60000573","name":"Karnataka State (Mysore State)","resource_type":"Producer","normalized_resource_group":"mineral_occurrence","commodity_codes":"MN","grade":"D"},"geometry":{"type":"Point","coordinates":[75.51714000032023,13.933509999891298]}},{"type":"Feature","properties":{"id":"in-mrds-60000530","name":"Kathpal Deposit","resource_type":"Producer","normalized_resource_group":"mineral_occurrence","commodity_codes":"CR","grade":"D"},"geometry":{"type":"Point","coordinates":[85.71689000015233,21.016229999326313]}},{"type":"Feature","properties":{"id":"in-mrds-10183106","name":"Kemmannugundi","resource_type":"Producer","normalized_resource_group":"mineral_occurrence","commodity_codes":"AL FE P SIL S","grade":"D"},"geometry":{"type":"Point","coordinates":[75.4504399997445,13.630240000009897]}},{"type":"Feature","properties":{"id":"in-mrds-10182455","name":"Kendadih-Singhbhum Copper Belt","resource_type":"Past Producer","normalized_resource_group":"metallic_minerals","commodity_codes":"CU","grade":"D"},"geometry":{"type":"Point","coordinates":[86.41018000040323,22.599389999972658]}},{"type":"Feature","properties":{"id":"in-mrds-60000550","name":"Khamdih","resource_type":"Producer","normalized_resource_group":"mineral_occurrence","commodity_codes":"GRF","grade":"D"},"geometry":{"type":"Point","coordinates":[84.21693999939207,23.96598000015935]}},{"type":"Feature","properties":{"id":"in-mrds-60000560","name":"Khammam","resource_type":"Producer","normalized_resource_group":"mineral_occurrence","commodity_codes":"GRF","grade":"D"},"geometry":{"type":"Point","coordinates":[81.33360000014557,17.383170000171408]}},{"type":"Feature","properties":{"id":"in-mrds-10256223","name":"Kiri Buru","resource_type":"Producer","normalized_resource_group":"mineral_occurrence","commodity_codes":"AL FE P SIL S","grade":"D"},"geometry":{"type":"Point","coordinates":[85.30019999942152,22.07944000003234]}},{"type":"Feature","properties":{"id":"in-mrds-10304411","name":"Kodur, Garbham, and Perapi Mines","resource_type":"Past Producer","normalized_resource_group":"mineral_occurrence","commodity_codes":"FE MN P SIL","grade":"D"},"geometry":{"type":"Point","coordinates":[83.55025000044283,18.274790000125027]}},{"type":"Feature","properties":{"id":"in-mrds-10021426","name":"Kolihan Mine","resource_type":"Producer","normalized_resource_group":"metallic_minerals","commodity_codes":"CU","grade":"D"},"geometry":{"type":"Point","coordinates":[73.84917999999278,26.58475999958582]}},{"type":"Feature","properties":{"id":"in-mrds-10021424","name":"Kolr Mine","resource_type":"Producer","normalized_resource_group":"metallic_minerals","commodity_codes":"AU","grade":"D"},"geometry":{"type":"Point","coordinates":[76.18529999970548,14.687060000000272]}},{"type":"Feature","properties":{"id":"in-mrds-10280013","name":"Kotamati Burunorth-Noamundi Min","resource_type":"Producer","normalized_resource_group":"mineral_occurrence","commodity_codes":"FE P S","grade":"D"},"geometry":{"type":"Point","coordinates":[85.55020000033495,22.149429999887836]}},{"type":"Feature","properties":{"id":"in-mrds-10207214","name":"Kotamati Burusouth-Noamundi Min","resource_type":"Producer","normalized_resource_group":"mineral_occurrence","commodity_codes":"FE P S","grade":"D"},"geometry":{"type":"Point","coordinates":[85.55020000033495,22.149429999887836]}},{"type":"Feature","properties":{"id":"in-mrds-10182626","name":"Kotlur","resource_type":"Past Producer","normalized_resource_group":"metallic_minerals","commodity_codes":"PB","grade":"D"},"geometry":{"type":"Point","coordinates":[78.75035999921865,14.600139999435122]}},{"type":"Feature","properties":{"id":"in-mrds-10021432","name":"Kudnem Mine","resource_type":"Producer","normalized_resource_group":"mineral_occurrence","commodity_codes":"FE","grade":"D"},"geometry":{"type":"Point","coordinates":[74.08016999928908,15.359130000487115]}},{"type":"Feature","properties":{"id":"in-mrds-10182926","name":"Kumaraswami-Kammadherum","resource_type":"Producer","normalized_resource_group":"mineral_occurrence","commodity_codes":"AL FE P SIL S","grade":"D"},"geometry":{"type":"Point","coordinates":[76.50041999935716,15.03320000054586]}},{"type":"Feature","properties":{"id":"in-mrds-10182291","name":"Kunchgarlaconda Mines","resource_type":"Past Producer","normalized_resource_group":"metallic_minerals","commodity_codes":"CU","grade":"D"},"geometry":{"type":"Point","coordinates":[79.36034999931756,14.850109999697791]}},{"type":"Feature","properties":{"id":"in-mrds-10255732","name":"Kurnool","resource_type":"Past Producer","normalized_resource_group":"metallic_minerals","commodity_codes":"CU","grade":"D"},"geometry":{"type":"Point","coordinates":[78.33037000046073,15.660039999845766]}},{"type":"Feature","properties":{"id":"in-mrds-10182528","name":"Kurnool Area: Gani Ghatte, Brahma","resource_type":"Producer","normalized_resource_group":"mineral_occurrence","commodity_codes":"FE P SIL S","grade":"D"},"geometry":{"type":"Point","coordinates":[78.05037999980682,15.830020000376207]}},{"type":"Feature","properties":{"id":"in-mrds-10255709","name":"Kuttinga","resource_type":"Producer","normalized_resource_group":"mineral_occurrence","commodity_codes":"MN","grade":"D"},"geometry":{"type":"Point","coordinates":[83.46695000029082,19.1663999999459]}},{"type":"Feature","properties":{"id":"in-mrds-10255959","name":"Lagirda Buru-Noamundi Mine","resource_type":"Producer","normalized_resource_group":"mineral_occurrence","commodity_codes":"FE P S","grade":"D"},"geometry":{"type":"Point","coordinates":[85.53019999957915,22.129440000006817]}},{"type":"Feature","properties":{"id":"in-mrds-10304289","name":"Laukesra-Singhbhum Copper Belt","resource_type":"Past Producer","normalized_resource_group":"metallic_minerals","commodity_codes":"CU","grade":"D"},"geometry":{"type":"Point","coordinates":[86.45017000007245,22.549400000353756]}},{"type":"Feature","properties":{"id":"in-mrds-10133901","name":"Lohdongri Deposit","resource_type":"Past Producer","normalized_resource_group":"mineral_occurrence","commodity_codes":"FE MN P SIL","grade":"D"},"geometry":{"type":"Point","coordinates":[79.36036000026162,21.32952000006728]}},{"type":"Feature","properties":{"id":"in-mrds-60000571","name":"Madhya Pradesh and Maharashtra States","resource_type":"Producer","normalized_resource_group":"mineral_occurrence","commodity_codes":"MN","grade":"D"},"geometry":{"type":"Point","coordinates":[80.30033999975981,21.832770000280274]}},{"type":"Feature","properties":{"id":"in-mrds-60000561","name":"Madurai","resource_type":"Producer","normalized_resource_group":"mineral_occurrence","commodity_codes":"GRF","grade":"D"},"geometry":{"type":"Point","coordinates":[77.83368000030003,10.06727999947524]}},{"type":"Feature","properties":{"id":"in-mrds-10255772","name":"Malang Toli","resource_type":"Producer","normalized_resource_group":"mineral_occurrence","commodity_codes":"AL FE P SIL S","grade":"D"},"geometry":{"type":"Point","coordinates":[85.28020000046236,21.829460000525344]}},{"type":"Feature","properties":{"id":"in-mrds-60000785","name":"Manavalakurichi","resource_type":"Producer","normalized_resource_group":"mineral_occurrence","commodity_codes":"ZR","grade":"D"},"geometry":{"type":"Point","coordinates":[77.33369000031554,8.20076999998989]}},{"type":"Feature","properties":{"id":"in-mrds-60000817","name":"Manavalakurichi Deposit","resource_type":"Producer","normalized_resource_group":"metallic_minerals","commodity_codes":"ABR_G ZR TI TH REE","grade":"D"},"geometry":{"type":"Point","coordinates":[77.33369000031554,8.20076999998989]}},{"type":"Feature","properties":{"id":"in-mrds-10106684","name":"Manduapat Mine","resource_type":"Producer","normalized_resource_group":"mineral_occurrence","commodity_codes":"AL","grade":"D"},"geometry":{"type":"Point","coordinates":[85.59235000000315,24.759429999943002]}},{"type":"Feature","properties":{"id":"in-mrds-10279620","name":"Matiana","resource_type":"Past Producer","normalized_resource_group":"metallic_minerals","commodity_codes":"CU","grade":"D"},"geometry":{"type":"Point","coordinates":[77.40045000026743,31.208739999919924]}},{"type":"Feature","properties":{"id":"in-mrds-10021439","name":"Maton Mine","resource_type":"Producer","normalized_resource_group":"mineral_occurrence","commodity_codes":"P","grade":"D"},"geometry":{"type":"Point","coordinates":[73.84917999999278,26.58475999958582]}},{"type":"Feature","properties":{"id":"in-mrds-10106690","name":"Mochia Mine","resource_type":"Producer","normalized_resource_group":"metallic_minerals","commodity_codes":"ZN PB","grade":"D"},"geometry":{"type":"Point","coordinates":[73.84917999999278,26.58475999958582]}},{"type":"Feature","properties":{"id":"in-mrds-10021427","name":"Mosaboni Mine","resource_type":"Producer","normalized_resource_group":"metallic_minerals","commodity_codes":"CU","grade":"D"},"geometry":{"type":"Point","coordinates":[85.59235000000315,24.759429999943002]}},{"type":"Feature","properties":{"id":"in-mrds-10134331","name":"Mundadevta","resource_type":"Past Producer","normalized_resource_group":"metallic_minerals","commodity_codes":"CU","grade":"D"},"geometry":{"type":"Point","coordinates":[86.70017000008754,22.299419999576244]}},{"type":"Feature","properties":{"id":"in-mrds-10255914","name":"Nindakara","resource_type":"Past Producer","normalized_resource_group":"mineral_occurrence","commodity_codes":"TI","grade":"D"},"geometry":{"type":"Point","coordinates":[76.56040999978217,8.90070000013123]}},{"type":"Feature","properties":{"id":"in-mrds-10038986","name":"Noa Dihing River","resource_type":"Producer","normalized_resource_group":"metallic_minerals","commodity_codes":"AU PGE_PT PGE_IR PGE_OS","grade":"D"},"geometry":{"type":"Point","coordinates":[95.99992000004492,27.548980000016556]}},{"type":"Feature","properties":{"id":"in-mrds-60000572","name":"Orissa State","resource_type":"Producer","normalized_resource_group":"mineral_occurrence","commodity_codes":"MN","grade":"D"},"geometry":{"type":"Point","coordinates":[85.6668899996103,21.632780000157517]}},{"type":"Feature","properties":{"id":"in-mrds-10255748","name":"Pachri Buru-Noamundi Mine","resource_type":"Producer","normalized_resource_group":"mineral_occurrence","commodity_codes":"FE P S","grade":"D"},"geometry":{"type":"Point","coordinates":[85.53019999957915,22.159430000499224]}},{"type":"Feature","properties":{"id":"in-mrds-10021433","name":"Pailigao Mine","resource_type":"Producer","normalized_resource_group":"mineral_occurrence","commodity_codes":"FE","grade":"D"},"geometry":{"type":"Point","coordinates":[74.08016999928908,15.359130000487115]}},{"type":"Feature","properties":{"id":"in-mrds-10021421","name":"Panchpatali Mine","resource_type":"Producer","normalized_resource_group":"mineral_occurrence","commodity_codes":"AL","grade":"D"},"geometry":{"type":"Point","coordinates":[84.50478000002148,20.56598999997406]}},{"type":"Feature","properties":{"id":"in-mrds-10256379","name":"Pansira Buru","resource_type":"Past Producer","normalized_resource_group":"mineral_occurrence","commodity_codes":"FE P SIL S","grade":"D"},"geometry":{"type":"Point","coordinates":[85.36020000079061,22.309419999241253]}},{"type":"Feature","properties":{"id":"in-mrds-10106686","name":"Pathatgora Mine","resource_type":"Producer","normalized_resource_group":"metallic_minerals","commodity_codes":"CU","grade":"D"},"geometry":{"type":"Point","coordinates":[85.59235000000315,24.759429999943002]}},{"type":"Feature","properties":{"id":"in-mrds-60001087","name":"Puga Valley","resource_type":"Producer","normalized_resource_group":"mineral_occurrence","commodity_codes":"S B NA_H GYP NA_SS SA","grade":"D"},"geometry":{"type":"Point","coordinates":[78.41713000027006,33.91524999966999]}},{"type":"Feature","properties":{"id":"in-mrds-10206711","name":"Pular","resource_type":"Past Producer","normalized_resource_group":"metallic_minerals","commodity_codes":"CU","grade":"D"},"geometry":{"type":"Point","coordinates":[79.50036000016229,20.85955999997783]}},{"type":"Feature","properties":{"id":"in-mrds-10256362","name":"Rajasthan State","resource_type":"Producer","normalized_resource_group":"mineral_occurrence","commodity_codes":"FE","grade":"D"},"geometry":{"type":"Point","coordinates":[75.83046999986877,26.9090599996135]}},{"type":"Feature","properties":{"id":"in-mrds-10230757","name":"Rajdah-Singhbhum Copper Belt","resource_type":"Past Producer","normalized_resource_group":"metallic_minerals","commodity_codes":"CU","grade":"D"},"geometry":{"type":"Point","coordinates":[86.28018000043132,22.679390000050617]}},{"type":"Feature","properties":{"id":"in-mrds-10021428","name":"Rakha Mine","resource_type":"Producer","normalized_resource_group":"metallic_minerals","commodity_codes":"CU","grade":"D"},"geometry":{"type":"Point","coordinates":[85.59235000000315,24.759429999943002]}},{"type":"Feature","properties":{"id":"in-mrds-10133939","name":"Ramandrug","resource_type":"Producer","normalized_resource_group":"mineral_occurrence","commodity_codes":"AL FE P SIL S","grade":"D"},"geometry":{"type":"Point","coordinates":[76.38042000021228,15.260080000210085]}},{"type":"Feature","properties":{"id":"in-mrds-10304126","name":"Ramchandra-Singhbhum Copper Belt","resource_type":"Past Producer","normalized_resource_group":"metallic_minerals","commodity_codes":"CU","grade":"D"},"geometry":{"type":"Point","coordinates":[86.20018000010307,22.709379999733688]}},{"type":"Feature","properties":{"id":"in-mrds-10303747","name":"Rasipur-Namakkal Area","resource_type":"Producer","normalized_resource_group":"mineral_occurrence","commodity_codes":"FE SIL","grade":"D"},"geometry":{"type":"Point","coordinates":[78.180369999733,11.450450000102565]}},{"type":"Feature","properties":{"id":"in-mrds-10134411","name":"Roam-Singhbhum Copper Belt","resource_type":"Past Producer","normalized_resource_group":"metallic_minerals","commodity_codes":"CU","grade":"D"},"geometry":{"type":"Point","coordinates":[86.4001800004745,22.609390000003152]}},{"type":"Feature","properties":{"id":"in-mrds-10134113","name":"Rungta:S Mine","resource_type":"Past Producer","normalized_resource_group":"mineral_occurrence","commodity_codes":"MN SIL","grade":"D"},"geometry":{"type":"Point","coordinates":[79.4503599996203,21.39951000054488]}},{"type":"Feature","properties":{"id":"in-mrds-10304052","name":"Saho","resource_type":"Past Producer","normalized_resource_group":"metallic_minerals","commodity_codes":"CU","grade":"D"},"geometry":{"type":"Point","coordinates":[76.23048999980477,32.598650000107845]}},{"type":"Feature","properties":{"id":"in-mrds-10106688","name":"Sancordem Mine","resource_type":"Producer","normalized_resource_group":"mineral_occurrence","commodity_codes":"FE","grade":"D"},"geometry":{"type":"Point","coordinates":[74.08016999928908,15.359130000487115]}},{"type":"Feature","properties":{"id":"in-mrds-10182655","name":"Sandur Mines","resource_type":"Producer","normalized_resource_group":"mineral_occurrence","commodity_codes":"FE MN P SIL","grade":"D"},"geometry":{"type":"Point","coordinates":[79.60033999935817,14.416859999980364]}},{"type":"Feature","properties":{"id":"in-mrds-60000553","name":"Sargipali Area","resource_type":"Producer","normalized_resource_group":"mineral_occurrence","commodity_codes":"GRF","grade":"D"},"geometry":{"type":"Point","coordinates":[83.08356000006836,20.89954999956701]}},{"type":"Feature","properties":{"id":"in-mrds-10021422","name":"Shevaroy Mine","resource_type":"Producer","normalized_resource_group":"mineral_occurrence","commodity_codes":"AL","grade":"D"},"geometry":{"type":"Point","coordinates":[78.40453999927374,11.005900000579114]}},{"type":"Feature","properties":{"id":"in-mrds-10303707","name":"Shumahal","resource_type":"Past Producer","normalized_resource_group":"metallic_minerals","commodity_codes":"CU","grade":"D"},"geometry":{"type":"Point","coordinates":[75.30052000028107,33.808570000674514]}},{"type":"Feature","properties":{"id":"in-mrds-10231441","name":"Siligrad","resource_type":"Past Producer","normalized_resource_group":"metallic_minerals","commodity_codes":"CU","grade":"D"},"geometry":{"type":"Point","coordinates":[76.1604899994053,32.57864999954471]}},{"type":"Feature","properties":{"id":"in-mrds-10021438","name":"Siljora Mine","resource_type":"Producer","normalized_resource_group":"mineral_occurrence","commodity_codes":"MN","grade":"D"},"geometry":{"type":"Point","coordinates":[84.50478000002148,20.56598999997406]}},{"type":"Feature","properties":{"id":"in-mrds-60000201","name":"Singhbhum-Mayurbhanj District","resource_type":"Producer","normalized_resource_group":"mineral_occurrence","commodity_codes":"TI FE V","grade":"D"},"geometry":{"type":"Point","coordinates":[86.00019999982317,21.999459999813144]}},{"type":"Feature","properties":{"id":"in-mrds-60000551","name":"Sokra","resource_type":"Producer","normalized_resource_group":"mineral_occurrence","commodity_codes":"GRF","grade":"D"},"geometry":{"type":"Point","coordinates":[84.13353999968098,23.96598000015935]}},{"type":"Feature","properties":{"id":"in-mrds-10133804","name":"Sunrgi","resource_type":"Past Producer","normalized_resource_group":"metallic_minerals","commodity_codes":"CU P","grade":"D"},"geometry":{"type":"Point","coordinates":[86.55017000025813,22.609390000003152]}},{"type":"Feature","properties":{"id":"in-mrds-10021429","name":"Surda Mine","resource_type":"Producer","normalized_resource_group":"metallic_minerals","commodity_codes":"CU","grade":"D"},"geometry":{"type":"Point","coordinates":[85.59235000000315,24.759429999943002]}},{"type":"Feature","properties":{"id":"in-mrds-10255886","name":"Surda-Singhbhum Copper Belt","resource_type":"Past Producer","normalized_resource_group":"metallic_minerals","commodity_codes":"CU","grade":"D"},"geometry":{"type":"Point","coordinates":[86.43017000021497,22.549400000353756]}},{"type":"Feature","properties":{"id":"in-mrds-60000552","name":"Tamatia Mines","resource_type":"Producer","normalized_resource_group":"mineral_occurrence","commodity_codes":"GRF","grade":"D"},"geometry":{"type":"Point","coordinates":[74.50048999955649,23.61602999947392]}},{"type":"Feature","properties":{"id":"in-mrds-10106689","name":"Thakurani Mine","resource_type":"Producer","normalized_resource_group":"mineral_occurrence","commodity_codes":"MN","grade":"D"},"geometry":{"type":"Point","coordinates":[84.50478000002148,20.56598999997406]}},{"type":"Feature","properties":{"id":"in-mrds-10207158","name":"Thakurdih","resource_type":"Past Producer","normalized_resource_group":"metallic_minerals","commodity_codes":"CU","grade":"D"},"geometry":{"type":"Point","coordinates":[86.68016999933175,22.299419999576244]}},{"type":"Feature","properties":{"id":"in-mrds-10304026","name":"Timmappangudi","resource_type":"Past Producer","normalized_resource_group":"mineral_occurrence","commodity_codes":"AL FE P SIL S","grade":"D"},"geometry":{"type":"Point","coordinates":[76.55041999989916,15.080100000365832]}},{"type":"Feature","properties":{"id":"in-mrds-60000555","name":"Titlagarh Area","resource_type":"Producer","normalized_resource_group":"mineral_occurrence","commodity_codes":"GRF","grade":"D"},"geometry":{"type":"Point","coordinates":[83.36695000010513,20.199609999961606]}},{"type":"Feature","properties":{"id":"in-mrds-60000556","name":"Tumdibandh-Phulbani Area","resource_type":"Producer","normalized_resource_group":"mineral_occurrence","commodity_codes":"GRF","grade":"D"},"geometry":{"type":"Point","coordinates":[83.63354999969651,19.832939999875727]}},{"type":"Feature","properties":{"id":"in-mrds-60000558","name":"Visakhapatnam","resource_type":"Producer","normalized_resource_group":"mineral_occurrence","commodity_codes":"GRF","grade":"D"},"geometry":{"type":"Point","coordinates":[82.93356000023896,18.01650999931042]}},{"type":"Feature","properties":{"id":"in-mrds-10304114","name":"Wainad-Malabar","resource_type":"Past Producer","normalized_resource_group":"metallic_minerals","commodity_codes":"AU","grade":"D"},"geometry":{"type":"Point","coordinates":[76.38931999960089,11.46655000068711]}},{"type":"Feature","properties":{"id":"in-mrds-10279528","name":"Waregaon Deposit","resource_type":"Past Producer","normalized_resource_group":"mineral_occurrence","commodity_codes":"MN","grade":"D"},"geometry":{"type":"Point","coordinates":[79.41035999990531,21.32952000006728]}},{"type":"Feature","properties":{"id":"in-mrds-10134126","name":"Yerrapilly Mines","resource_type":"Past Producer","normalized_resource_group":"metallic_minerals","commodity_codes":"CU","grade":"D"},"geometry":{"type":"Point","coordinates":[79.60033999935817,14.980100000267521]}},{"type":"Feature","properties":{"id":"in-mrds-10279571","name":"Zone D","resource_type":"Producer","normalized_resource_group":"mineral_occurrence","commodity_codes":"FE","grade":"D"},"geometry":{"type":"Point","coordinates":[75.50045000033226,15.50005999971904]}},{"type":"Feature","properties":{"id":"in-mrds-10304085","name":"Aiwaye Processing Plant","resource_type":"Producer","normalized_resource_group":"metallic_minerals","commodity_codes":"REE TH","grade":"E"},"geometry":{"type":"Point","coordinates":[76.38370999999033,10.100580000803877]}},{"type":"Feature","properties":{"id":"in-mrds-10280068","name":"Almora Magnesite","resource_type":"Producer","normalized_resource_group":"mineral_occurrence","commodity_codes":"MG","grade":"E"},"geometry":{"type":"Point","coordinates":[79.75038000026889,29.81552999995912]}},{"type":"Feature","properties":{"id":"in-mrds-10279770","name":"Angul Talcher","resource_type":"Producer","normalized_resource_group":"mineral_occurrence","commodity_codes":"AL_C","grade":"E"},"geometry":{"type":"Point","coordinates":[85.41689999964093,20.999550000559097]}},{"type":"Feature","properties":{"id":"in-mrds-10400135","name":"Anita de Tibilos","resource_type":"Producer","normalized_resource_group":"mineral_occurrence","commodity_codes":"","grade":"E"},"geometry":{"type":"Point","coordinates":[75.14875000044,14.183490000037674]}},{"type":"Feature","properties":{"id":"in-mrds-10400137","name":"Antamina","resource_type":"Producer","normalized_resource_group":"mineral_occurrence","commodity_codes":"","grade":"E"},"geometry":{"type":"Point","coordinates":[77.1086999997189,9.555640000247411]}},{"type":"Feature","properties":{"id":"in-mrds-10255890","name":"Barbill Mine","resource_type":"Producer","normalized_resource_group":"mineral_occurrence","commodity_codes":"MN AL FE","grade":"E"},"geometry":{"type":"Point","coordinates":[85.35019999996356,22.11613999991036]}},{"type":"Feature","properties":{"id":"in-mrds-10279809","name":"Bhimtanagar Lease No.10a","resource_type":"Past Producer","normalized_resource_group":"mineral_occurrence","commodity_codes":"CR","grade":"E"},"geometry":{"type":"Point","coordinates":[85.75598999934368,21.029230000016334]}},{"type":"Feature","properties":{"id":"in-mrds-10159250","name":"Bhimtanagar Lease No.10b","resource_type":"Past Producer","normalized_resource_group":"mineral_occurrence","commodity_codes":"CR","grade":"E"},"geometry":{"type":"Point","coordinates":[85.75688999986728,21.02952999966519]}},{"type":"Feature","properties":{"id":"in-mrds-10281159","name":"Bhimtanagar Lease No.2","resource_type":"Past Producer","normalized_resource_group":"mineral_occurrence","commodity_codes":"CR","grade":"E"},"geometry":{"type":"Point","coordinates":[85.75518999927752,21.02892999976359]}},{"type":"Feature","properties":{"id":"in-mrds-10256176","name":"Bhimtanagar Lease No.3,Pit 1","resource_type":"Past Producer","normalized_resource_group":"mineral_occurrence","commodity_codes":"CR","grade":"E"},"geometry":{"type":"Point","coordinates":[85.75439000010967,21.028729999539106]}},{"type":"Feature","properties":{"id":"in-mrds-10134218","name":"Bhimtanagar Lease No.3,Pit 2","resource_type":"Past Producer","normalized_resource_group":"mineral_occurrence","commodity_codes":"CR","grade":"E"},"geometry":{"type":"Point","coordinates":[85.75439000010967,21.028729999539106]}},{"type":"Feature","properties":{"id":"in-mrds-10303762","name":"Bolani","resource_type":"Producer","normalized_resource_group":"mineral_occurrence","commodity_codes":"FE","grade":"E"},"geometry":{"type":"Point","coordinates":[85.33020000010607,22.099439999909137]}},{"type":"Feature","properties":{"id":"in-mrds-10134241","name":"Burn Standard","resource_type":"Producer","normalized_resource_group":"mineral_occurrence","commodity_codes":"MG","grade":"E"},"geometry":{"type":"Point","coordinates":[78.10036999940479,11.66712999929108]}},{"type":"Feature","properties":{"id":"in-mrds-10256971","name":"Dalmia","resource_type":"Producer","normalized_resource_group":"mineral_occurrence","commodity_codes":"MG","grade":"E"},"geometry":{"type":"Point","coordinates":[78.11706999943848,11.700419999291517]}},{"type":"Feature","properties":{"id":"in-mrds-10133766","name":"Gurjang Block Pit No.1","resource_type":"Past Producer","normalized_resource_group":"mineral_occurrence","commodity_codes":"CR","grade":"E"},"geometry":{"type":"Point","coordinates":[85.79329000018282,21.06203000042623]}},{"type":"Feature","properties":{"id":"in-mrds-10279930","name":"Gurjang Block Pit No.2","resource_type":"Past Producer","normalized_resource_group":"mineral_occurrence","commodity_codes":"CR","grade":"E"},"geometry":{"type":"Point","coordinates":[85.78848999978584,21.06203000042623]}},{"type":"Feature","properties":{"id":"in-mrds-10255924","name":"Gurjang Block Pit No.3","resource_type":"Past Producer","normalized_resource_group":"mineral_occurrence","commodity_codes":"CR","grade":"E"},"geometry":{"type":"Point","coordinates":[85.78298999978011,21.06203000042623]}},{"type":"Feature","properties":{"id":"in-mrds-10231182","name":"Indian Copper Complex","resource_type":"Producer","normalized_resource_group":"metallic_minerals","commodity_codes":"CU SE AG","grade":"E"},"geometry":{"type":"Point","coordinates":[86.56687000029186,22.599389999972658]}},{"type":"Feature","properties":{"id":"in-mrds-10256180","name":"Indian Copper Complex Refineries","resource_type":"Producer","normalized_resource_group":"metallic_minerals","commodity_codes":"CU","grade":"E"},"geometry":{"type":"Point","coordinates":[86.56687000029186,22.599389999972658]}},{"type":"Feature","properties":{"id":"in-mrds-10230887","name":"Jambur","resource_type":"Producer","normalized_resource_group":"mineral_occurrence","commodity_codes":"CR","grade":"E"},"geometry":{"type":"Point","coordinates":[76.45871999995076,12.983600000096185]}},{"type":"Feature","properties":{"id":"in-mrds-10255837","name":"Jaykaynagar","resource_type":"Producer","normalized_resource_group":"mineral_occurrence","commodity_codes":"AL","grade":"E"},"geometry":{"type":"Point","coordinates":[86.98345999966689,23.665999999792373]}},{"type":"Feature","properties":{"id":"in-mrds-10256237","name":"Kalrangi","resource_type":"Producer","normalized_resource_group":"mineral_occurrence","commodity_codes":"CR","grade":"E"},"geometry":{"type":"Point","coordinates":[85.75708999988382,21.013429999908112]}},{"type":"Feature","properties":{"id":"in-mrds-10304020","name":"Kamarda Mohanty- Nos.2a/2b","resource_type":"Past Producer","normalized_resource_group":"mineral_occurrence","commodity_codes":"CR","grade":"E"},"geometry":{"type":"Point","coordinates":[85.82798999990858,21.055130000732117]}},{"type":"Feature","properties":{"id":"in-mrds-10166387","name":"Kamarda Mohanty-Nos.3/3a","resource_type":"Past Producer","normalized_resource_group":"mineral_occurrence","commodity_codes":"CR","grade":"E"},"geometry":{"type":"Point","coordinates":[85.8265899997928,21.04813000043731]}},{"type":"Feature","properties":{"id":"in-mrds-10158887","name":"Kamardamohanty-Nos.4/4a","resource_type":"Producer","normalized_resource_group":"mineral_occurrence","commodity_codes":"CR","grade":"E"},"geometry":{"type":"Point","coordinates":[85.82939000002438,21.05093000014912]}},{"type":"Feature","properties":{"id":"in-mrds-10183262","name":"Kathpal Facor","resource_type":"Producer","normalized_resource_group":"mineral_occurrence","commodity_codes":"CR","grade":"E"},"geometry":{"type":"Point","coordinates":[85.71549000003655,21.016229999326313]}},{"type":"Feature","properties":{"id":"in-mrds-10118558","name":"Kathpal Omc","resource_type":"Producer","normalized_resource_group":"mineral_occurrence","commodity_codes":"CR","grade":"E"},"geometry":{"type":"Point","coordinates":[85.71689000015233,21.016229999326313]}},{"type":"Feature","properties":{"id":"in-mrds-10279707","name":"Kolar Gold Field","resource_type":"Producer","normalized_resource_group":"metallic_minerals","commodity_codes":"AU","grade":"E"},"geometry":{"type":"Point","coordinates":[78.16706999998051,13.166979999818658]}},{"type":"Feature","properties":{"id":"in-mrds-10256325","name":"Kuttinga","resource_type":"Producer","normalized_resource_group":"mineral_occurrence","commodity_codes":"MN","grade":"E"},"geometry":{"type":"Point","coordinates":[83.46695000029082,19.1663999999459]}},{"type":"Feature","properties":{"id":"in-mrds-10207349","name":"Mandovi Chowgule","resource_type":"Past Producer","normalized_resource_group":"mineral_occurrence","commodity_codes":"FE","grade":"E"},"geometry":{"type":"Point","coordinates":[73.93377999980314,15.516759999941987]}},{"type":"Feature","properties":{"id":"in-mrds-10304087","name":"Nuasahi Chromite Mines","resource_type":"Producer","normalized_resource_group":"mineral_occurrence","commodity_codes":"CR","grade":"E"},"geometry":{"type":"Point","coordinates":[86.3168800003225,21.266210000250474]}},{"type":"Feature","properties":{"id":"in-mrds-10304339","name":"Pale Chowgule","resource_type":"Producer","normalized_resource_group":"mineral_occurrence","commodity_codes":"FE","grade":"E"},"geometry":{"type":"Point","coordinates":[73.93377999980314,15.516759999941987]}},{"type":"Feature","properties":{"id":"in-mrds-10134233","name":"Rayagado","resource_type":"Producer","normalized_resource_group":"mineral_occurrence","commodity_codes":"AL","grade":"E"},"geometry":{"type":"Point","coordinates":[83.48354999986712,19.1663999999459]}},{"type":"Feature","properties":{"id":"in-mrds-10303766","name":"Saruabil 4a/4/2 M.Jain","resource_type":"Producer","normalized_resource_group":"mineral_occurrence","commodity_codes":"CR","grade":"E"},"geometry":{"type":"Point","coordinates":[85.81829000045383,21.060630000070365]}},{"type":"Feature","properties":{"id":"in-mrds-10303735","name":"Saruabil No.5","resource_type":"Past Producer","normalized_resource_group":"mineral_occurrence","commodity_codes":"CR","grade":"E"},"geometry":{"type":"Point","coordinates":[85.81959000011217,21.05033000009302]}},{"type":"Feature","properties":{"id":"in-mrds-10183166","name":"Saruabil No.5a","resource_type":"Past Producer","normalized_resource_group":"mineral_occurrence","commodity_codes":"CR","grade":"E"},"geometry":{"type":"Point","coordinates":[85.82188999985323,21.054230000404015]}},{"type":"Feature","properties":{"id":"in-mrds-10304235","name":"Serrajuddin Nausahi- High Grade","resource_type":"Producer","normalized_resource_group":"mineral_occurrence","commodity_codes":"CR","grade":"E"},"geometry":{"type":"Point","coordinates":[86.33018000007502,21.28670999987057]}},{"type":"Feature","properties":{"id":"in-mrds-10159500","name":"Serrajuddin Nausahi-Low Grade","resource_type":"Past Producer","normalized_resource_group":"mineral_occurrence","commodity_codes":"CR","grade":"E"},"geometry":{"type":"Point","coordinates":[86.33018000007502,21.28670999987057]}},{"type":"Feature","properties":{"id":"in-mrds-10134133","name":"Sukerangi","resource_type":"Producer","normalized_resource_group":"mineral_occurrence","commodity_codes":"CR","grade":"E"},"geometry":{"type":"Point","coordinates":[85.81548999932392,21.046229999686936]}},{"type":"Feature","properties":{"id":"in-mrds-10279832","name":"Tamil Nadu Area Graphite","resource_type":"Producer","normalized_resource_group":"mineral_occurrence","commodity_codes":"GRF","grade":"E"},"geometry":{"type":"Point","coordinates":[78.50036000010185,9.833910000031858]}},{"type":"Feature","properties":{"id":"in-mrds-10279578","name":"Tata","resource_type":"Producer","normalized_resource_group":"mineral_occurrence","commodity_codes":"FE","grade":"E"},"geometry":{"type":"Point","coordinates":[85.50020000069125,22.166130000040543]}},{"type":"Feature","properties":{"id":"in-mrds-10207218","name":"Tiffin","resource_type":"Producer","normalized_resource_group":"mineral_occurrence","commodity_codes":"BA","grade":"E"},"geometry":{"type":"Point","coordinates":[78.73366000008326,14.416859999980364]}},{"type":"Feature","properties":{"id":"in-mrds-10190999","name":"Uizag","resource_type":"Producer","normalized_resource_group":"metallic_minerals","commodity_codes":"ZN","grade":"E"},"geometry":{"type":"Point","coordinates":[83.28355000039402,17.7331399997436]}},{"type":"Feature","properties":{"id":"in-mrds-10206634","name":"Vanadium Operation","resource_type":"Producer","normalized_resource_group":"mineral_occurrence","commodity_codes":"V","grade":"E"},"geometry":{"type":"Point","coordinates":[77.2171400007823,28.61563000017199]}},{"type":"Feature","properties":{"id":"in-mrds-10207185","name":"Kandri Mine","resource_type":"Plant","normalized_resource_group":"mineral_occurrence","commodity_codes":"MN AL FE P SIL","grade":"B"},"geometry":{"type":"Point","coordinates":[79.28035999993341,21.40950999984648]}},{"type":"Feature","properties":{"id":"in-mrds-10279605","name":"(Facility) Belgaum Refinery","resource_type":"Plant","normalized_resource_group":"mineral_occurrence","commodity_codes":"AL","grade":"C"},"geometry":{"type":"Point","coordinates":[74.60047000054904,15.900019999497388]}},{"type":"Feature","properties":{"id":"in-mrds-10133850","name":"(Facility) Damanjodi Refinery","resource_type":"Plant","normalized_resource_group":"mineral_occurrence","commodity_codes":"AL","grade":"C"},"geometry":{"type":"Point","coordinates":[82.83356999920066,21.032840000753765]}},{"type":"Feature","properties":{"id":"in-mrds-10206850","name":"(Facility) Mettur Refinery","resource_type":"Plant","normalized_resource_group":"mineral_occurrence","commodity_codes":"AL","grade":"C"},"geometry":{"type":"Point","coordinates":[77.85037999943543,11.88369999951397]}},{"type":"Feature","properties":{"id":"in-mrds-10230878","name":"(Facility) Muri Refinery","resource_type":"Plant","normalized_resource_group":"mineral_occurrence","commodity_codes":"AL","grade":"C"},"geometry":{"type":"Point","coordinates":[82.56698000055334,23.849289999874035]}},{"type":"Feature","properties":{"id":"in-mrds-10134054","name":"(Facility) Shreeramnagar Smelter","resource_type":"Plant","normalized_resource_group":"mineral_occurrence","commodity_codes":"CR_F","grade":"C"},"geometry":{"type":"Point","coordinates":[83.5002499999008,18.116500000328482]}},{"type":"Feature","properties":{"id":"in-mrds-10069246","name":"(Facility) Sukinda Ni Smelter and Deposits, India","resource_type":"Plant","normalized_resource_group":"metallic_minerals","commodity_codes":"NI CU CO","grade":"C"},"geometry":{"type":"Point","coordinates":[84.83353999918428,20.49958000016137]}},{"type":"Feature","properties":{"id":"in-mrds-10230883","name":"Agnigundala","resource_type":"Plant","normalized_resource_group":"metallic_minerals","commodity_codes":"CU PB AG","grade":"C"},"geometry":{"type":"Point","coordinates":[79.7503400000859,16.17998999977661]}},{"type":"Feature","properties":{"id":"in-mrds-10183024","name":"Alupuram Alwaye","resource_type":"Plant","normalized_resource_group":"mineral_occurrence","commodity_codes":"AL_C","grade":"C"},"geometry":{"type":"Point","coordinates":[76.38370999999033,10.100580000803877]}},{"type":"Feature","properties":{"id":"in-mrds-10255799","name":"Chavara Plant Ti","resource_type":"Plant","normalized_resource_group":"mineral_occurrence","commodity_codes":"TI_P","grade":"C"},"geometry":{"type":"Point","coordinates":[76.56710999988712,9.8838999996932]}},{"type":"Feature","properties":{"id":"in-mrds-10231254","name":"Korba","resource_type":"Plant","normalized_resource_group":"mineral_occurrence","commodity_codes":"AL_C","grade":"C"},"geometry":{"type":"Point","coordinates":[84.76692000077114,22.36612000018331]}},{"type":"Feature","properties":{"id":"in-mrds-10134032","name":"Mettur","resource_type":"Plant","normalized_resource_group":"mineral_occurrence","commodity_codes":"AL_C","grade":"C"},"geometry":{"type":"Point","coordinates":[77.85037999943543,11.88369999951397]}},{"type":"Feature","properties":{"id":"in-mrds-10207222","name":"Renukoot","resource_type":"Plant","normalized_resource_group":"mineral_occurrence","commodity_codes":"AL_C","grade":"C"},"geometry":{"type":"Point","coordinates":[82.56698000055334,24.999210000289942]}},{"type":"Feature","properties":{"id":"in-mrds-10215591","name":"Renukoot","resource_type":"Plant","normalized_resource_group":"mineral_occurrence","commodity_codes":"AL","grade":"C"},"geometry":{"type":"Point","coordinates":[82.56698000055334,24.999210000289942]}},{"type":"Feature","properties":{"id":"in-mrds-10279988","name":"Trivandrum Plant Ti","resource_type":"Plant","normalized_resource_group":"mineral_occurrence","commodity_codes":"TI_P","grade":"C"},"geometry":{"type":"Point","coordinates":[76.93370000051678,8.450749999613548]}},{"type":"Feature","properties":{"id":"in-mrds-10183579","name":"(Facility) Korba Refinery","resource_type":"Plant","normalized_resource_group":"mineral_occurrence","commodity_codes":"AL","grade":"D"},"geometry":{"type":"Point","coordinates":[82.76696999998069,22.36612000018331]}},{"type":"Feature","properties":{"id":"in-mrds-10206942","name":"(Facility) Therubali Smelter","resource_type":"Plant","normalized_resource_group":"mineral_occurrence","commodity_codes":"CR_F","grade":"D"},"geometry":{"type":"Point","coordinates":[83.5002499999008,19.49966999945601]}},{"type":"Feature","properties":{"id":"in-mrds-10191444","name":"Alwaye Phosphoric Acid Plant","resource_type":"Plant","normalized_resource_group":"mineral_occurrence","commodity_codes":"P","grade":"D"},"geometry":{"type":"Point","coordinates":[76.38370999999033,10.100580000803877]}},{"type":"Feature","properties":{"id":"in-mrds-10206903","name":"Ambernath Phosphoric Acid Plant","resource_type":"Plant","normalized_resource_group":"mineral_occurrence","commodity_codes":"P","grade":"D"},"geometry":{"type":"Point","coordinates":[73.16721000031878,19.18301999967553]}},{"type":"Feature","properties":{"id":"in-mrds-10182564","name":"Baroda Phosphoric Acid Plant","resource_type":"Plant","normalized_resource_group":"mineral_occurrence","commodity_codes":"P","grade":"D"},"geometry":{"type":"Point","coordinates":[73.23381999958448,22.31614999959793]}},{"type":"Feature","properties":{"id":"in-mrds-10231287","name":"Belgaum","resource_type":"Plant","normalized_resource_group":"mineral_occurrence","commodity_codes":"AL_C","grade":"D"},"geometry":{"type":"Point","coordinates":[74.60047000054904,15.900019999497388]}},{"type":"Feature","properties":{"id":"in-mrds-10304493","name":"Cochin Phos-Acid Plant","resource_type":"Plant","normalized_resource_group":"mineral_occurrence","commodity_codes":"P","grade":"D"},"geometry":{"type":"Point","coordinates":[76.25042000024037,9.93390000057855]}},{"type":"Feature","properties":{"id":"in-mrds-10304130","name":"Debari Phosphoric Acid Plant","resource_type":"Plant","normalized_resource_group":"mineral_occurrence","commodity_codes":"P","grade":"D"},"geometry":{"type":"Point","coordinates":[73.86721999986783,24.91592999982136]}},{"type":"Feature","properties":{"id":"in-mrds-10183100","name":"Haldia #1 Phosphoric Acid Plant","resource_type":"Plant","normalized_resource_group":"mineral_occurrence","commodity_codes":"P","grade":"D"},"geometry":{"type":"Point","coordinates":[88.03343000013211,22.03274000046217]}},{"type":"Feature","properties":{"id":"in-mrds-10183389","name":"Haldia #2 Phosphoric Acid Plant","resource_type":"Plant","normalized_resource_group":"mineral_occurrence","commodity_codes":"P","grade":"D"},"geometry":{"type":"Point","coordinates":[88.03343000013211,22.03274000046217]}},{"type":"Feature","properties":{"id":"in-mrds-10304343","name":"Hirakud","resource_type":"Plant","normalized_resource_group":"mineral_occurrence","commodity_codes":"AL_C","grade":"D"},"geometry":{"type":"Point","coordinates":[83.91694000063161,21.266210000250474]}},{"type":"Feature","properties":{"id":"in-mrds-10206953","name":"Keralacochin","resource_type":"Plant","normalized_resource_group":"metallic_minerals","commodity_codes":"ZN","grade":"D"},"geometry":{"type":"Point","coordinates":[76.25042000024037,9.93390000057855]}},{"type":"Feature","properties":{"id":"in-mrds-10207338","name":"Khetri Phosphoric Acid Plant","resource_type":"Plant","normalized_resource_group":"mineral_occurrence","commodity_codes":"P","grade":"D"},"geometry":{"type":"Point","coordinates":[75.81717999926371,27.998990000355462]}},{"type":"Feature","properties":{"id":"in-mrds-10207181","name":"Paradeep Phos-Acid Plant","resource_type":"Plant","normalized_resource_group":"mineral_occurrence","commodity_codes":"P","grade":"D"},"geometry":{"type":"Point","coordinates":[85.36689999999724,20.066320000061754]}},{"type":"Feature","properties":{"id":"in-mrds-10134293","name":"Rampura-Agucha","resource_type":"Plant","normalized_resource_group":"metallic_minerals","commodity_codes":"ZN PB CD AG","grade":"D"},"geometry":{"type":"Point","coordinates":[74.83379999976934,26.0824300002308]}},{"type":"Feature","properties":{"id":"in-mrds-10231465","name":"Sargipali","resource_type":"Plant","normalized_resource_group":"metallic_minerals","commodity_codes":"PB CU AG","grade":"D"},"geometry":{"type":"Point","coordinates":[83.91694000063161,23.049360000445244]}},{"type":"Feature","properties":{"id":"in-mrds-10279687","name":"Sindri Phos-Acid Plant","resource_type":"Plant","normalized_resource_group":"mineral_occurrence","commodity_codes":"P","grade":"D"},"geometry":{"type":"Point","coordinates":[86.70017000008754,23.749300000053335]}},{"type":"Feature","properties":{"id":"in-mrds-10159609","name":"Tuticorin Phosphoric Acid Plant","resource_type":"Plant","normalized_resource_group":"mineral_occurrence","commodity_codes":"P","grade":"D"},"geometry":{"type":"Point","coordinates":[78.16706999998051,8.800709999589907]}},{"type":"Feature","properties":{"id":"in-mrds-10239237","name":"(Facility) Bamnipal Smelter","resource_type":"Plant","normalized_resource_group":"mineral_occurrence","commodity_codes":"CR_F","grade":"E"},"geometry":{"type":"Point","coordinates":[85.79739000007274,21.057830000079612]}},{"type":"Feature","properties":{"id":"in-mrds-10256363","name":"(Facility) Bhadravati Smelter","resource_type":"Plant","normalized_resource_group":"mineral_occurrence","commodity_codes":"CR_F","grade":"E"},"geometry":{"type":"Point","coordinates":[75.63374000008221,13.900209999758879]}},{"type":"Feature","properties":{"id":"in-mrds-10231092","name":"(Facility) Choudwar Smelter","resource_type":"Plant","normalized_resource_group":"mineral_occurrence","commodity_codes":"CR_F","grade":"E"},"geometry":{"type":"Point","coordinates":[86.15017999956109,20.866250000152696]}},{"type":"Feature","properties":{"id":"in-mrds-10206945","name":"(Facility) Idc Jaipur Road Smelter","resource_type":"Plant","normalized_resource_group":"mineral_occurrence","commodity_codes":"CR_F","grade":"E"},"geometry":{"type":"Point","coordinates":[86.2668799997805,20.74956000011811]}},{"type":"Feature","properties":{"id":"in-mrds-10182728","name":"(Facility) Indian Copper Complex Smelter","resource_type":"Plant","normalized_resource_group":"metallic_minerals","commodity_codes":"CU NI SE AG S_A","grade":"E"},"geometry":{"type":"Point","coordinates":[86.56687000029186,22.599389999972658]}},{"type":"Feature","properties":{"id":"in-mrds-10231243","name":"(Facility) Khetri Copper Refinery","resource_type":"Plant","normalized_resource_group":"metallic_minerals","commodity_codes":"CU","grade":"E"},"geometry":{"type":"Point","coordinates":[75.81717999926371,27.998990000355462]}},{"type":"Feature","properties":{"id":"in-mrds-10134033","name":"(Facility) Khetri Copper Smelter","resource_type":"Plant","normalized_resource_group":"metallic_minerals","commodity_codes":"CU","grade":"E"},"geometry":{"type":"Point","coordinates":[75.81717999926371,27.998990000355462]}},{"type":"Feature","properties":{"id":"in-mrds-10303960","name":"(Facility) Randia Baudpur Smelter","resource_type":"Plant","normalized_resource_group":"mineral_occurrence","commodity_codes":"CR_F","grade":"E"},"geometry":{"type":"Point","coordinates":[86.60016999990184,21.082829999836473]}},{"type":"Feature","properties":{"id":"in-mrds-10255655","name":"(Facility) Tollygunge Refinery","resource_type":"Plant","normalized_resource_group":"metallic_minerals","commodity_codes":"PGE AU AG","grade":"E"},"geometry":{"type":"Point","coordinates":[88.33341999974516,22.499400000653214]}},{"type":"Feature","properties":{"id":"in-mrds-10231068","name":"(Facility) Tundoo Smelter","resource_type":"Plant","normalized_resource_group":"metallic_minerals","commodity_codes":"PB STN","grade":"E"},"geometry":{"type":"Point","coordinates":[87.16685999956373,24.16596000015833]}},{"type":"Feature","properties":{"id":"in-mrds-10183428","name":"Debari","resource_type":"Plant","normalized_resource_group":"metallic_minerals","commodity_codes":"ZN_R CD AG S_A","grade":"E"},"geometry":{"type":"Point","coordinates":[73.683819999971,24.515960000199097]}},{"type":"Feature","properties":{"id":"in-mrds-10280078","name":"Tundoo","resource_type":"Plant","normalized_resource_group":"metallic_minerals","commodity_codes":"PB AG","grade":"E"},"geometry":{"type":"Point","coordinates":[87.16685999956373,24.16596000015833]}},{"type":"Feature","properties":{"id":"in-mrds-10158763","name":"Ranchi-Purulia","resource_type":"Prospect","normalized_resource_group":"metallic_minerals","commodity_codes":"REE TI ZR KYN","grade":"B"},"geometry":{"type":"Point","coordinates":[86.00019999982317,23.416019999920504]}},{"type":"Feature","properties":{"id":"in-mrds-10073076","name":"Sargipali Pb Prospect","resource_type":"Prospect","normalized_resource_group":"metallic_minerals","commodity_codes":"PB ZN CU AG","grade":"B"},"geometry":{"type":"Point","coordinates":[88.91678000020184,22.049440000275286]}},{"type":"Feature","properties":{"id":"in-mrds-10133911","name":"Attur-Singiliyankombai","resource_type":"Prospect","normalized_resource_group":"mineral_occurrence","commodity_codes":"FE SIL","grade":"C"},"geometry":{"type":"Point","coordinates":[78.60036000028755,11.600430000250894]}},{"type":"Feature","properties":{"id":"in-mrds-10158666","name":"Bankura,Midnapur and Purulia Dist","resource_type":"Prospect","normalized_resource_group":"metallic_minerals","commodity_codes":"CU PB AG W ZN","grade":"C"},"geometry":{"type":"Point","coordinates":[86.78017000041578,22.95936000037324]}},{"type":"Feature","properties":{"id":"in-mrds-10068660","name":"Bauxite - India","resource_type":"Prospect","normalized_resource_group":"mineral_occurrence","commodity_codes":"AL","grade":"C"},"geometry":{"type":"Point","coordinates":[81.76696999992026,22.66606999946224]}},{"type":"Feature","properties":{"id":"in-mrds-10068661","name":"Bauxite - India","resource_type":"Prospect","normalized_resource_group":"mineral_occurrence","commodity_codes":"AL","grade":"C"},"geometry":{"type":"Point","coordinates":[81.76696999992026,22.66606999946224]}},{"type":"Feature","properties":{"id":"in-mrds-10068662","name":"Bauxite - India","resource_type":"Prospect","normalized_resource_group":"mineral_occurrence","commodity_codes":"AL","grade":"C"},"geometry":{"type":"Point","coordinates":[81.76696999992026,22.66606999946224]}},{"type":"Feature","properties":{"id":"in-mrds-10158566","name":"Chintapalee","resource_type":"Prospect","normalized_resource_group":"mineral_occurrence","commodity_codes":"AL","grade":"C"},"geometry":{"type":"Point","coordinates":[82.18358000028509,17.541560000166292]}},{"type":"Feature","properties":{"id":"in-mrds-10133872","name":"Chorbaoli-Muknapur Manganese Ore","resource_type":"Prospect","normalized_resource_group":"mineral_occurrence","commodity_codes":"MN","grade":"C"},"geometry":{"type":"Point","coordinates":[79.31035999971962,21.479500000155944]}},{"type":"Feature","properties":{"id":"in-mrds-10182983","name":"Gandhamardhan","resource_type":"Prospect","normalized_resource_group":"mineral_occurrence","commodity_codes":"AL","grade":"C"},"geometry":{"type":"Point","coordinates":[82.80026999959067,20.832850000346042]}},{"type":"Feature","properties":{"id":"in-mrds-10133798","name":"Imalia-Sleemanabad Copper Belt","resource_type":"Prospect","normalized_resource_group":"metallic_minerals","commodity_codes":"CU PB","grade":"C"},"geometry":{"type":"Point","coordinates":[80.25034000011611,23.59931999954223]}},{"type":"Feature","properties":{"id":"in-mrds-10256386","name":"Jabalpur Area: Bijori, Imalia, Si","resource_type":"Prospect","normalized_resource_group":"mineral_occurrence","commodity_codes":"FE P SIL S","grade":"C"},"geometry":{"type":"Point","coordinates":[80.16033999985915,23.209350000311268]}},{"type":"Feature","properties":{"id":"in-mrds-10159518","name":"Kanavehalli Group Deposits","resource_type":"Prospect","normalized_resource_group":"mineral_occurrence","commodity_codes":"MN","grade":"C"},"geometry":{"type":"Point","coordinates":[76.55041999989916,15.080100000365832]}},{"type":"Feature","properties":{"id":"in-mrds-10303833","name":"Kanjamalai","resource_type":"Prospect","normalized_resource_group":"mineral_occurrence","commodity_codes":"FE","grade":"C"},"geometry":{"type":"Point","coordinates":[78.50036000010185,11.610430000027325]}},{"type":"Feature","properties":{"id":"in-mrds-10215595","name":"Kanjamalai","resource_type":"Prospect","normalized_resource_group":"mineral_occurrence","commodity_codes":"FE P SIL S TI","grade":"C"},"geometry":{"type":"Point","coordinates":[78.2303699993767,11.830410000067092]}},{"type":"Feature","properties":{"id":"in-mrds-10279693","name":"Kondapelle","resource_type":"Prospect","normalized_resource_group":"mineral_occurrence","commodity_codes":"AL","grade":"C"},"geometry":{"type":"Point","coordinates":[80.50032000003972,16.60995000062085]}},{"type":"Feature","properties":{"id":"in-mrds-10206680","name":"Kovaripalli Deposits","resource_type":"Prospect","normalized_resource_group":"metallic_minerals","commodity_codes":"CU","grade":"C"},"geometry":{"type":"Point","coordinates":[79.5003400000708,14.980100000267521]}},{"type":"Feature","properties":{"id":"in-mrds-10231115","name":"Kumaraswami","resource_type":"Prospect","normalized_resource_group":"mineral_occurrence","commodity_codes":"MN","grade":"C"},"geometry":{"type":"Point","coordinates":[76.55041999989916,15.080100000365832]}},{"type":"Feature","properties":{"id":"in-mrds-10255929","name":"Nawalia-Sleemanabad Copper Belt","resource_type":"Prospect","normalized_resource_group":"metallic_minerals","commodity_codes":"CU PB","grade":"C"},"geometry":{"type":"Point","coordinates":[80.48034000027376,23.649310000248565]}},{"type":"Feature","properties":{"id":"in-mrds-10279611","name":"Ramandrug Group Deposits","resource_type":"Prospect","normalized_resource_group":"mineral_occurrence","commodity_codes":"MN","grade":"C"},"geometry":{"type":"Point","coordinates":[76.55041999989916,15.080100000365832]}},{"type":"Feature","properties":{"id":"in-mrds-10134144","name":"Redi","resource_type":"Prospect","normalized_resource_group":"mineral_occurrence","commodity_codes":"AL FE P SIL S","grade":"C"},"geometry":{"type":"Point","coordinates":[73.81048999998194,15.900030000545677]}},{"type":"Feature","properties":{"id":"in-mrds-10231147","name":"Sukinda","resource_type":"Prospect","normalized_resource_group":"metallic_minerals","commodity_codes":"NI CO","grade":"C"},"geometry":{"type":"Point","coordinates":[85.6668899996103,21.499489999918467]}},{"type":"Feature","properties":{"id":"in-mrds-10279513","name":"Tirthamalai","resource_type":"Prospect","normalized_resource_group":"mineral_occurrence","commodity_codes":"FE P SIL TI","grade":"C"},"geometry":{"type":"Point","coordinates":[78.33037000046073,12.630330000046445]}},{"type":"Feature","properties":{"id":"in-mrds-10134057","name":"Zawarmala-Baroi","resource_type":"Prospect","normalized_resource_group":"metallic_minerals","commodity_codes":"PB ZN","grade":"C"},"geometry":{"type":"Point","coordinates":[73.70052000000472,24.349269999267506]}},{"type":"Feature","properties":{"id":"in-mrds-10256235","name":"Agar","resource_type":"Prospect","normalized_resource_group":"metallic_minerals","commodity_codes":"CU","grade":"D"},"geometry":{"type":"Point","coordinates":[76.20045999988133,27.309030000169855]}},{"type":"Feature","properties":{"id":"in-mrds-10134294","name":"Ajiti Buru Barai","resource_type":"Prospect","normalized_resource_group":"mineral_occurrence","commodity_codes":"FE","grade":"D"},"geometry":{"type":"Point","coordinates":[85.33020000010607,22.199429999873175]}},{"type":"Feature","properties":{"id":"in-mrds-10303982","name":"Ajiti Burueast","resource_type":"Prospect","normalized_resource_group":"mineral_occurrence","commodity_codes":"FE","grade":"D"},"geometry":{"type":"Point","coordinates":[85.20020999928158,22.189429999638275]}},{"type":"Feature","properties":{"id":"in-mrds-10305461","name":"Akhai Mahadeo","resource_type":"Prospect","normalized_resource_group":"mineral_occurrence","commodity_codes":"AL FE SIL TI","grade":"D"},"geometry":{"type":"Point","coordinates":[77.5804199997458,24.949209999762903]}},{"type":"Feature","properties":{"id":"in-mrds-10183583","name":"Angari","resource_type":"Prospect","normalized_resource_group":"metallic_minerals","commodity_codes":"CU","grade":"D"},"geometry":{"type":"Point","coordinates":[76.25046000042332,27.349029999867]}},{"type":"Feature","properties":{"id":"in-mrds-10207105","name":"Area South of Godumalai","resource_type":"Prospect","normalized_resource_group":"mineral_occurrence","commodity_codes":"FE","grade":"D"},"geometry":{"type":"Point","coordinates":[78.33037000046073,11.610430000027325]}},{"type":"Feature","properties":{"id":"in-mrds-10206732","name":"Attur-Singilyan-Kombai","resource_type":"Prospect","normalized_resource_group":"mineral_occurrence","commodity_codes":"FE","grade":"D"},"geometry":{"type":"Point","coordinates":[78.60036000028755,11.580429999751981]}},{"type":"Feature","properties":{"id":"in-mrds-10231364","name":"Bababudan Hills","resource_type":"Prospect","normalized_resource_group":"mineral_occurrence","commodity_codes":"AL FE SIL TI","grade":"D"},"geometry":{"type":"Point","coordinates":[74.53047000014956,15.83002999971207]}},{"type":"Feature","properties":{"id":"in-mrds-10183194","name":"Badamgarh","resource_type":"Prospect","normalized_resource_group":"mineral_occurrence","commodity_codes":"FE","grade":"D"},"geometry":{"type":"Point","coordinates":[85.2302099999661,21.799470000347323]}},{"type":"Feature","properties":{"id":"in-mrds-10279742","name":"Badamgarh-Mankarmacha","resource_type":"Prospect","normalized_resource_group":"mineral_occurrence","commodity_codes":"FE","grade":"D"},"geometry":{"type":"Point","coordinates":[85.20020999928158,21.799470000347323]}},{"type":"Feature","properties":{"id":"in-mrds-10279548","name":"Badraeai","resource_type":"Prospect","normalized_resource_group":"mineral_occurrence","commodity_codes":"FE","grade":"D"},"geometry":{"type":"Point","coordinates":[85.40019999960725,22.0594400002018]}},{"type":"Feature","properties":{"id":"in-mrds-10304074","name":"Bairat","resource_type":"Prospect","normalized_resource_group":"metallic_minerals","commodity_codes":"CU","grade":"D"},"geometry":{"type":"Point","coordinates":[76.18047000006959,27.429020000637884]}},{"type":"Feature","properties":{"id":"in-mrds-10207112","name":"Baldeogarh","resource_type":"Prospect","normalized_resource_group":"metallic_minerals","commodity_codes":"CU","grade":"D"},"geometry":{"type":"Point","coordinates":[76.38046000039527,27.1290399997358]}},{"type":"Feature","properties":{"id":"in-mrds-10255783","name":"Balia Pahar","resource_type":"Prospect","normalized_resource_group":"mineral_occurrence","commodity_codes":"FE","grade":"D"},"geometry":{"type":"Point","coordinates":[85.30019999942152,21.779469999754063]}},{"type":"Feature","properties":{"id":"in-mrds-10183025","name":"Balia Pahar-Badamgarh","resource_type":"Prospect","normalized_resource_group":"mineral_occurrence","commodity_codes":"FE","grade":"D"},"geometry":{"type":"Point","coordinates":[85.2502100007219,21.799470000347323]}},{"type":"Feature","properties":{"id":"in-mrds-10280094","name":"Baliathori Parbat","resource_type":"Prospect","normalized_resource_group":"mineral_occurrence","commodity_codes":"FE","grade":"D"},"geometry":{"type":"Point","coordinates":[85.40019999960725,22.009450000224984]}},{"type":"Feature","properties":{"id":"in-mrds-10279820","name":"Bamanipal and Tomka","resource_type":"Prospect","normalized_resource_group":"mineral_occurrence","commodity_codes":"FE","grade":"D"},"geometry":{"type":"Point","coordinates":[86.33018000007502,20.829549999900312]}},{"type":"Feature","properties":{"id":"in-mrds-10280391","name":"Banalata","resource_type":"Prospect","normalized_resource_group":"mineral_occurrence","commodity_codes":"FE","grade":"D"},"geometry":{"type":"Point","coordinates":[85.36020000079061,22.27942000009797]}},{"type":"Feature","properties":{"id":"in-mrds-10304351","name":"Bara Chakri, Duarpuram-Nandup Sec","resource_type":"Prospect","normalized_resource_group":"metallic_minerals","commodity_codes":"CU","grade":"D"},"geometry":{"type":"Point","coordinates":[85.75019000066062,22.74937999968547]}},{"type":"Feature","properties":{"id":"in-mrds-10158779","name":"Barkhera","resource_type":"Prospect","normalized_resource_group":"mineral_occurrence","commodity_codes":"AL FE SIL TI","grade":"D"},"geometry":{"type":"Point","coordinates":[77.5304200001021,25.89914000030168]}},{"type":"Feature","properties":{"id":"in-mrds-10068666","name":"Bauxite - India","resource_type":"Prospect","normalized_resource_group":"mineral_occurrence","commodity_codes":"AL","grade":"D"},"geometry":{"type":"Point","coordinates":[84.38355999978758,23.249339999993463]}},{"type":"Feature","properties":{"id":"in-mrds-10097400","name":"Bauxite - India","resource_type":"Prospect","normalized_resource_group":"mineral_occurrence","commodity_codes":"AL","grade":"D"},"geometry":{"type":"Point","coordinates":[83.21693000018422,22.76604999961799]}},{"type":"Feature","properties":{"id":"in-mrds-10068665","name":"Bauxite - India","resource_type":"Prospect","normalized_resource_group":"mineral_occurrence","commodity_codes":"AL","grade":"D"},"geometry":{"type":"Point","coordinates":[81.0003300001157,23.216020000110866]}},{"type":"Feature","properties":{"id":"in-mrds-10097399","name":"Bauxite - India","resource_type":"Prospect","normalized_resource_group":"mineral_occurrence","commodity_codes":"AL","grade":"D"},"geometry":{"type":"Point","coordinates":[81.76696999992026,22.66606999946224]}},{"type":"Feature","properties":{"id":"in-mrds-10183586","name":"Baya Buru","resource_type":"Prospect","normalized_resource_group":"mineral_occurrence","commodity_codes":"FE","grade":"D"},"geometry":{"type":"Point","coordinates":[85.36020000079061,22.199429999873175]}},{"type":"Feature","properties":{"id":"in-mrds-10231368","name":"Belgaum Deposits;Boknur Navge Rid","resource_type":"Prospect","normalized_resource_group":"mineral_occurrence","commodity_codes":"AL FE SIL TI","grade":"D"},"geometry":{"type":"Point","coordinates":[74.53047000014956,15.83002999971207]}},{"type":"Feature","properties":{"id":"in-mrds-10206713","name":"Belligudda","resource_type":"Prospect","normalized_resource_group":"metallic_minerals","commodity_codes":"CU","grade":"D"},"geometry":{"type":"Point","coordinates":[76.51042000018423,14.31016999946545]}},{"type":"Feature","properties":{"id":"in-mrds-10183350","name":"Bhagoni","resource_type":"Prospect","normalized_resource_group":"metallic_minerals","commodity_codes":"CU","grade":"D"},"geometry":{"type":"Point","coordinates":[76.40046000025272,27.279029999752606]}},{"type":"Feature","properties":{"id":"in-mrds-10133744","name":"Bichikhani","resource_type":"Prospect","normalized_resource_group":"mineral_occurrence","commodity_codes":"FE","grade":"D"},"geometry":{"type":"Point","coordinates":[85.15020999963788,21.87946000041753]}},{"type":"Feature","properties":{"id":"in-mrds-10230879","name":"Bogardui Buru","resource_type":"Prospect","normalized_resource_group":"mineral_occurrence","commodity_codes":"FE","grade":"D"},"geometry":{"type":"Point","coordinates":[85.2802099996098,22.27942000009797]}},{"type":"Feature","properties":{"id":"in-mrds-10280093","name":"Boradha-Kunipas","resource_type":"Prospect","normalized_resource_group":"mineral_occurrence","commodity_codes":"FE","grade":"D"},"geometry":{"type":"Point","coordinates":[85.43020000029176,21.909459999498438]}},{"type":"Feature","properties":{"id":"in-mrds-10134229","name":"Brankhan Hill","resource_type":"Prospect","normalized_resource_group":"mineral_occurrence","commodity_codes":"FE","grade":"D"},"geometry":{"type":"Point","coordinates":[79.65035999999168,24.579239999783372]}},{"type":"Feature","properties":{"id":"in-mrds-10303893","name":"Buda Buru","resource_type":"Prospect","normalized_resource_group":"mineral_occurrence","commodity_codes":"FE P SIL S","grade":"D"},"geometry":{"type":"Point","coordinates":[85.2502100007219,22.299419999576244]}},{"type":"Feature","properties":{"id":"in-mrds-10256092","name":"Bulsar: Ajrai, Pathri","resource_type":"Prospect","normalized_resource_group":"mineral_occurrence","commodity_codes":"AL","grade":"D"},"geometry":{"type":"Point","coordinates":[72.90051999941737,20.61630000042865]}},{"type":"Feature","properties":{"id":"in-mrds-10133903","name":"Chabali","resource_type":"Prospect","normalized_resource_group":"mineral_occurrence","commodity_codes":"FE","grade":"D"},"geometry":{"type":"Point","coordinates":[78.6003700003333,14.500149999967656]}},{"type":"Feature","properties":{"id":"in-mrds-10208398","name":"Chapri-Singhbhum Copper Belt","resource_type":"Prospect","normalized_resource_group":"metallic_minerals","commodity_codes":"CU","grade":"D"},"geometry":{"type":"Point","coordinates":[86.4001800004745,22.609390000003152]}},{"type":"Feature","properties":{"id":"in-mrds-10304168","name":"Chipta","resource_type":"Prospect","normalized_resource_group":"metallic_minerals","commodity_codes":"CU","grade":"D"},"geometry":{"type":"Point","coordinates":[76.36045999963945,27.109040000681823]}},{"type":"Feature","properties":{"id":"in-mrds-10279457","name":"Chirla","resource_type":"Prospect","normalized_resource_group":"mineral_occurrence","commodity_codes":"FE","grade":"D"},"geometry":{"type":"Point","coordinates":[86.00019999982317,24.99919999920495]}},{"type":"Feature","properties":{"id":"in-mrds-10183056","name":"Chitteri Hill","resource_type":"Prospect","normalized_resource_group":"mineral_occurrence","commodity_codes":"FE P SIL","grade":"D"},"geometry":{"type":"Point","coordinates":[78.48037000029012,12.060390000482213]}},{"type":"Feature","properties":{"id":"in-mrds-10206817","name":"Chityal","resource_type":"Prospect","normalized_resource_group":"mineral_occurrence","commodity_codes":"AL FE P SIL S","grade":"D"},"geometry":{"type":"Point","coordinates":[78.08038999963878,18.6597600001729]}},{"type":"Feature","properties":{"id":"in-mrds-10183179","name":"Chrisai-Loiaboga","resource_type":"Prospect","normalized_resource_group":"mineral_occurrence","commodity_codes":"FE","grade":"D"},"geometry":{"type":"Point","coordinates":[85.40019999960725,21.829460000525344]}},{"type":"Feature","properties":{"id":"in-mrds-10183328","name":"Dale Pahar-North of Kurband","resource_type":"Prospect","normalized_resource_group":"mineral_occurrence","commodity_codes":"FE","grade":"D"},"geometry":{"type":"Point","coordinates":[85.39019999967849,21.959450000316004]}},{"type":"Feature","properties":{"id":"in-mrds-10256101","name":"Diring Buru","resource_type":"Prospect","normalized_resource_group":"mineral_occurrence","commodity_codes":"FE","grade":"D"},"geometry":{"type":"Point","coordinates":[85.39019999967849,21.859459999285637]}},{"type":"Feature","properties":{"id":"in-mrds-10231327","name":"Dirisium","resource_type":"Prospect","normalized_resource_group":"mineral_occurrence","commodity_codes":"FE P SIL S","grade":"D"},"geometry":{"type":"Point","coordinates":[85.2802099996098,22.209430000662664]}},{"type":"Feature","properties":{"id":"in-mrds-10304294","name":"Doga","resource_type":"Prospect","normalized_resource_group":"metallic_minerals","commodity_codes":"CU","grade":"D"},"geometry":{"type":"Point","coordinates":[74.75052999975456,33.17860999960356]}},{"type":"Feature","properties":{"id":"in-mrds-10182532","name":"Duarguia Buru","resource_type":"Prospect","normalized_resource_group":"mineral_occurrence","commodity_codes":"FE","grade":"D"},"geometry":{"type":"Point","coordinates":[85.33020000010607,22.179430000364164]}},{"type":"Feature","properties":{"id":"in-mrds-10279507","name":"Duarpuram-Duarpuram-Nandup Sector","resource_type":"Prospect","normalized_resource_group":"metallic_minerals","commodity_codes":"CU","grade":"D"},"geometry":{"type":"Point","coordinates":[85.5602000002637,22.75937999941189]}},{"type":"Feature","properties":{"id":"in-mrds-10182284","name":"Durbar","resource_type":"Prospect","normalized_resource_group":"mineral_occurrence","commodity_codes":"FE","grade":"D"},"geometry":{"type":"Point","coordinates":[85.36020000079061,22.219429999937347]}},{"type":"Feature","properties":{"id":"in-mrds-10208529","name":"Durga Parbat","resource_type":"Prospect","normalized_resource_group":"mineral_occurrence","commodity_codes":"FE","grade":"D"},"geometry":{"type":"Point","coordinates":[85.40019999960725,22.02943999992484]}},{"type":"Feature","properties":{"id":"in-mrds-10230971","name":"East of Mitihurda","resource_type":"Prospect","normalized_resource_group":"mineral_occurrence","commodity_codes":"FE","grade":"D"},"geometry":{"type":"Point","coordinates":[85.36020000079061,21.849459999571533]}},{"type":"Feature","properties":{"id":"in-mrds-10231081","name":"Fault Zone From Veldurti To Ramal","resource_type":"Prospect","normalized_resource_group":"mineral_occurrence","commodity_codes":"FE","grade":"D"},"geometry":{"type":"Point","coordinates":[77.93037999976363,15.560049999810929]}},{"type":"Feature","properties":{"id":"in-mrds-10305704","name":"Gainta","resource_type":"Prospect","normalized_resource_group":"metallic_minerals","commodity_codes":"CU","grade":"D"},"geometry":{"type":"Point","coordinates":[74.96052999915644,33.07862000051116]}},{"type":"Feature","properties":{"id":"in-mrds-10279822","name":"Galudih, Duarpuram-Nandup Sector,","resource_type":"Prospect","normalized_resource_group":"metallic_minerals","commodity_codes":"CU","grade":"D"},"geometry":{"type":"Point","coordinates":[85.73018999990484,22.779380000307697]}},{"type":"Feature","properties":{"id":"in-mrds-10231120","name":"Gap Dadar","resource_type":"Prospect","normalized_resource_group":"mineral_occurrence","commodity_codes":"AL FE SIL TI","grade":"D"},"geometry":{"type":"Point","coordinates":[80.43362999950978,21.882769999637073]}},{"type":"Feature","properties":{"id":"in-mrds-10255852","name":"Ghatol","resource_type":"Prospect","normalized_resource_group":"metallic_minerals","commodity_codes":"CU","grade":"D"},"geometry":{"type":"Point","coordinates":[74.45049999995854,23.749320000283497]}},{"type":"Feature","properties":{"id":"in-mrds-10231252","name":"Godumalai","resource_type":"Prospect","normalized_resource_group":"mineral_occurrence","commodity_codes":"FE SIL","grade":"D"},"geometry":{"type":"Point","coordinates":[78.33037000046073,11.680419999870455]}},{"type":"Feature","properties":{"id":"in-mrds-10230981","name":"Godumalai","resource_type":"Prospect","normalized_resource_group":"mineral_occurrence","commodity_codes":"FE","grade":"D"},"geometry":{"type":"Point","coordinates":[78.33037000046073,11.680419999870455]}},{"type":"Feature","properties":{"id":"in-mrds-10134402","name":"Guali-Godabudini","resource_type":"Prospect","normalized_resource_group":"mineral_occurrence","commodity_codes":"FE","grade":"D"},"geometry":{"type":"Point","coordinates":[85.30019999942152,21.959450000316004]}},{"type":"Feature","properties":{"id":"in-mrds-10207009","name":"Gund","resource_type":"Prospect","normalized_resource_group":"metallic_minerals","commodity_codes":"CU","grade":"D"},"geometry":{"type":"Point","coordinates":[75.10052999995538,34.24854000043218]}},{"type":"Feature","properties":{"id":"in-mrds-10133765","name":"Gunter Area: Venparla, Purimetla,","resource_type":"Prospect","normalized_resource_group":"mineral_occurrence","commodity_codes":"FE","grade":"D"},"geometry":{"type":"Point","coordinates":[80.43032000053857,16.299970000552666]}},{"type":"Feature","properties":{"id":"in-mrds-10158922","name":"Gurda-Gonua","resource_type":"Prospect","normalized_resource_group":"mineral_occurrence","commodity_codes":"FE","grade":"D"},"geometry":{"type":"Point","coordinates":[85.37019999982101,21.909459999498438]}},{"type":"Feature","properties":{"id":"in-mrds-10206901","name":"Gurjara","resource_type":"Prospect","normalized_resource_group":"metallic_minerals","commodity_codes":"CU","grade":"D"},"geometry":{"type":"Point","coordinates":[81.93029999963942,24.359250000086405]}},{"type":"Feature","properties":{"id":"in-mrds-10183083","name":"Harner","resource_type":"Prospect","normalized_resource_group":"metallic_minerals","commodity_codes":"CU","grade":"D"},"geometry":{"type":"Point","coordinates":[76.28045999931125,27.359019999783285]}},{"type":"Feature","properties":{"id":"in-mrds-10304424","name":"Hokolata","resource_type":"Prospect","normalized_resource_group":"mineral_occurrence","commodity_codes":"FE P SIL S","grade":"D"},"geometry":{"type":"Point","coordinates":[85.2502100007219,22.209430000662664]}},{"type":"Feature","properties":{"id":"in-mrds-10182748","name":"Idri Buru","resource_type":"Prospect","normalized_resource_group":"mineral_occurrence","commodity_codes":"FE","grade":"D"},"geometry":{"type":"Point","coordinates":[85.41020000043432,22.259419999810042]}},{"type":"Feature","properties":{"id":"in-mrds-10230921","name":"Jaggyapeta","resource_type":"Prospect","normalized_resource_group":"mineral_occurrence","commodity_codes":"FE P SIL S","grade":"D"},"geometry":{"type":"Point","coordinates":[79.560349999689,18.099810000506935]}},{"type":"Feature","properties":{"id":"in-mrds-10118527","name":"Jalamial Buru","resource_type":"Prospect","normalized_resource_group":"mineral_occurrence","commodity_codes":"FE","grade":"D"},"geometry":{"type":"Point","coordinates":[85.40019999960725,22.199429999873175]}},{"type":"Feature","properties":{"id":"in-mrds-10232595","name":"Jamnagar:Mota Asota,Virpur","resource_type":"Prospect","normalized_resource_group":"mineral_occurrence","commodity_codes":"AL","grade":"D"},"geometry":{"type":"Point","coordinates":[70.46729000016224,22.06618000002482]}},{"type":"Feature","properties":{"id":"in-mrds-10303731","name":"Jarida Buru","resource_type":"Prospect","normalized_resource_group":"mineral_occurrence","commodity_codes":"FE P SIL S","grade":"D"},"geometry":{"type":"Point","coordinates":[85.38019999974978,22.249430000411003]}},{"type":"Feature","properties":{"id":"in-mrds-10230908","name":"Jaridasouth Area","resource_type":"Prospect","normalized_resource_group":"mineral_occurrence","commodity_codes":"FE","grade":"D"},"geometry":{"type":"Point","coordinates":[85.40019999960725,22.229429999786]}},{"type":"Feature","properties":{"id":"in-mrds-10206965","name":"Jhargaon","resource_type":"Prospect","normalized_resource_group":"mineral_occurrence","commodity_codes":"FE","grade":"D"},"geometry":{"type":"Point","coordinates":[85.36020000079061,22.07944000003234]}},{"type":"Feature","properties":{"id":"in-mrds-10256222","name":"Jhubka","resource_type":"Prospect","normalized_resource_group":"mineral_occurrence","commodity_codes":"FE","grade":"D"},"geometry":{"type":"Point","coordinates":[85.21021000010865,21.80945999939013]}},{"type":"Feature","properties":{"id":"in-mrds-10158945","name":"Jiripai Buru Lower","resource_type":"Prospect","normalized_resource_group":"mineral_occurrence","commodity_codes":"FE","grade":"D"},"geometry":{"type":"Point","coordinates":[85.36020000079061,22.159430000499224]}},{"type":"Feature","properties":{"id":"in-mrds-10206657","name":"Jiripai Buru Upper","resource_type":"Prospect","normalized_resource_group":"mineral_occurrence","commodity_codes":"FE","grade":"D"},"geometry":{"type":"Point","coordinates":[85.33020000010607,22.179430000364164]}},{"type":"Feature","properties":{"id":"in-mrds-10255812","name":"Jodhawas","resource_type":"Prospect","normalized_resource_group":"metallic_minerals","commodity_codes":"CU","grade":"D"},"geometry":{"type":"Point","coordinates":[76.30046000006702,27.349029999867]}},{"type":"Feature","properties":{"id":"in-mrds-10158842","name":"Kadamdih","resource_type":"Prospect","normalized_resource_group":"metallic_minerals","commodity_codes":"CU","grade":"D"},"geometry":{"type":"Point","coordinates":[85.83018999919223,22.75937999941189]}},{"type":"Feature","properties":{"id":"in-mrds-10256273","name":"Kaira: Taiabpur, Dhavalpur, Savl","resource_type":"Prospect","normalized_resource_group":"mineral_occurrence","commodity_codes":"AL","grade":"D"},"geometry":{"type":"Point","coordinates":[72.68884000041561,22.749410000481923]}},{"type":"Feature","properties":{"id":"in-mrds-10279859","name":"Kaleh","resource_type":"Prospect","normalized_resource_group":"metallic_minerals","commodity_codes":"CU","grade":"D"},"geometry":{"type":"Point","coordinates":[75.53050999949465,33.09862000016431]}},{"type":"Feature","properties":{"id":"in-mrds-10231357","name":"Kanakadu","resource_type":"Prospect","normalized_resource_group":"metallic_minerals","commodity_codes":"CU","grade":"D"},"geometry":{"type":"Point","coordinates":[78.96035000037138,11.960399999532838]}},{"type":"Feature","properties":{"id":"in-mrds-10206668","name":"Kangan","resource_type":"Prospect","normalized_resource_group":"metallic_minerals","commodity_codes":"CU","grade":"D"},"geometry":{"type":"Point","coordinates":[74.90054000052805,34.25853999959432]}},{"type":"Feature","properties":{"id":"in-mrds-10256354","name":"Kanhwara","resource_type":"Prospect","normalized_resource_group":"mineral_occurrence","commodity_codes":"FE P","grade":"D"},"geometry":{"type":"Point","coordinates":[80.41703999997924,23.666009999712138]}},{"type":"Feature","properties":{"id":"in-mrds-10231260","name":"Kankar","resource_type":"Prospect","normalized_resource_group":"mineral_occurrence","commodity_codes":"FE","grade":"D"},"geometry":{"type":"Point","coordinates":[80.6303300000574,20.699569999674413]}},{"type":"Feature","properties":{"id":"in-mrds-10191584","name":"Kankauli, Vagda East, Kasal North","resource_type":"Prospect","normalized_resource_group":"mineral_occurrence","commodity_codes":"FE","grade":"D"},"geometry":{"type":"Point","coordinates":[73.81048999998194,15.900030000545677]}},{"type":"Feature","properties":{"id":"in-mrds-10207002","name":"Kansa","resource_type":"Prospect","normalized_resource_group":"mineral_occurrence","commodity_codes":"CR FE MN P S","grade":"D"},"geometry":{"type":"Point","coordinates":[86.33018000007502,20.829549999900312]}},{"type":"Feature","properties":{"id":"in-mrds-10207021","name":"Karamsara","resource_type":"Prospect","normalized_resource_group":"metallic_minerals","commodity_codes":"CU","grade":"D"},"geometry":{"type":"Point","coordinates":[80.70032999955858,22.009450000224984]}},{"type":"Feature","properties":{"id":"in-mrds-10231289","name":"Karspani Pahar","resource_type":"Prospect","normalized_resource_group":"mineral_occurrence","commodity_codes":"FE","grade":"D"},"geometry":{"type":"Point","coordinates":[85.20020999928158,21.949449999898498]}},{"type":"Feature","properties":{"id":"in-mrds-10183651","name":"Kassira-Rengerbera","resource_type":"Prospect","normalized_resource_group":"mineral_occurrence","commodity_codes":"FE","grade":"D"},"geometry":{"type":"Point","coordinates":[85.24020999989486,21.899459999746217]}},{"type":"Feature","properties":{"id":"in-mrds-10134359","name":"Kauchar Deposit","resource_type":"Prospect","normalized_resource_group":"mineral_occurrence","commodity_codes":"FE","grade":"D"},"geometry":{"type":"Point","coordinates":[80.98032000021246,20.479589999832772]}},{"type":"Feature","properties":{"id":"in-mrds-10279723","name":"Kela Parbat","resource_type":"Prospect","normalized_resource_group":"mineral_occurrence","commodity_codes":"FE","grade":"D"},"geometry":{"type":"Point","coordinates":[85.41020000043432,22.049440000275286]}},{"type":"Feature","properties":{"id":"in-mrds-10158485","name":"Kelleda-Dastrabad","resource_type":"Prospect","normalized_resource_group":"mineral_occurrence","commodity_codes":"FE P SIL S","grade":"D"},"geometry":{"type":"Point","coordinates":[78.08038999963878,18.6597600001729]}},{"type":"Feature","properties":{"id":"in-mrds-10206979","name":"Kesijoda","resource_type":"Prospect","normalized_resource_group":"mineral_occurrence","commodity_codes":"FE","grade":"D"},"geometry":{"type":"Point","coordinates":[85.36020000079061,21.799470000347323]}},{"type":"Feature","properties":{"id":"in-mrds-10279750","name":"Khabrel","resource_type":"Prospect","normalized_resource_group":"metallic_minerals","commodity_codes":"CU PB","grade":"D"},"geometry":{"type":"Point","coordinates":[75.50051000060672,33.0586199999255]}},{"type":"Feature","properties":{"id":"in-mrds-10230830","name":"Khajardi","resource_type":"Prospect","normalized_resource_group":"mineral_occurrence","commodity_codes":"FE","grade":"D"},"geometry":{"type":"Point","coordinates":[85.2302099999661,21.899459999746217]}},{"type":"Feature","properties":{"id":"in-mrds-10256061","name":"Khankhera","resource_type":"Prospect","normalized_resource_group":"metallic_minerals","commodity_codes":"CU","grade":"D"},"geometry":{"type":"Point","coordinates":[77.15044000020657,26.9090599996135]}},{"type":"Feature","properties":{"id":"in-mrds-10255907","name":"Kolhapur Deposit","resource_type":"Prospect","normalized_resource_group":"mineral_occurrence","commodity_codes":"AL FE SIL TI","grade":"D"},"geometry":{"type":"Point","coordinates":[74.25047999949564,16.709950000379372]}},{"type":"Feature","properties":{"id":"in-mrds-10256215","name":"Kollai Malai","resource_type":"Prospect","normalized_resource_group":"mineral_occurrence","commodity_codes":"FE SIL","grade":"D"},"geometry":{"type":"Point","coordinates":[78.15036999994679,11.650430000004423]}},{"type":"Feature","properties":{"id":"in-mrds-10303908","name":"Kollaimalai","resource_type":"Prospect","normalized_resource_group":"mineral_occurrence","commodity_codes":"FE P S","grade":"D"},"geometry":{"type":"Point","coordinates":[78.58036000043009,11.150480000321664]}},{"type":"Feature","properties":{"id":"in-mrds-10158589","name":"Kondapal","resource_type":"Prospect","normalized_resource_group":"mineral_occurrence","commodity_codes":"FE","grade":"D"},"geometry":{"type":"Point","coordinates":[80.6303300000574,20.699569999674413]}},{"type":"Feature","properties":{"id":"in-mrds-10304059","name":"Kongalhumine","resource_type":"Prospect","normalized_resource_group":"metallic_minerals","commodity_codes":"CU","grade":"D"},"geometry":{"type":"Point","coordinates":[94.54995000063354,24.709210000613155]}},{"type":"Feature","properties":{"id":"in-mrds-10256303","name":"Kotamati Buru Keonjhar Side-Noa","resource_type":"Prospect","normalized_resource_group":"mineral_occurrence","commodity_codes":"FE","grade":"D"},"geometry":{"type":"Point","coordinates":[85.55020000033495,22.149429999887836]}},{"type":"Feature","properties":{"id":"in-mrds-10208255","name":"Kothiyara","resource_type":"Prospect","normalized_resource_group":"metallic_minerals","commodity_codes":"CU","grade":"D"},"geometry":{"type":"Point","coordinates":[75.43051000020724,33.10861999973854]}},{"type":"Feature","properties":{"id":"in-mrds-10183551","name":"Kuatha","resource_type":"Prospect","normalized_resource_group":"metallic_minerals","commodity_codes":"CU","grade":"D"},"geometry":{"type":"Point","coordinates":[94.2599600000509,24.329240000116748]}},{"type":"Feature","properties":{"id":"in-mrds-10182380","name":"Kulan","resource_type":"Prospect","normalized_resource_group":"metallic_minerals","commodity_codes":"CU","grade":"D"},"geometry":{"type":"Point","coordinates":[75.15053000049741,34.25853999959432]}},{"type":"Feature","properties":{"id":"in-mrds-10158786","name":"Kulkund Narayanpur","resource_type":"Prospect","normalized_resource_group":"metallic_minerals","commodity_codes":"CU","grade":"D"},"geometry":{"type":"Point","coordinates":[76.30046000006702,27.509009999930395]}},{"type":"Feature","properties":{"id":"in-mrds-10231456","name":"Kumdabadi and Bandgaon","resource_type":"Prospect","normalized_resource_group":"mineral_occurrence","commodity_codes":"FE","grade":"D"},"geometry":{"type":"Point","coordinates":[86.45017000007245,21.749469999663713]}},{"type":"Feature","properties":{"id":"in-mrds-10279506","name":"Kumritar Pahar","resource_type":"Prospect","normalized_resource_group":"mineral_occurrence","commodity_codes":"FE","grade":"D"},"geometry":{"type":"Point","coordinates":[85.14020999970913,21.759470000108212]}},{"type":"Feature","properties":{"id":"in-mrds-10255831","name":"Kumritar Pahar-Cheliatoka","resource_type":"Prospect","normalized_resource_group":"mineral_occurrence","commodity_codes":"FE","grade":"D"},"geometry":{"type":"Point","coordinates":[85.1302099997804,21.739469999618485]}},{"type":"Feature","properties":{"id":"in-mrds-10133738","name":"Kumtato To Coondapur Coastal Belt","resource_type":"Prospect","normalized_resource_group":"mineral_occurrence","commodity_codes":"AL FE SIL TI","grade":"D"},"geometry":{"type":"Point","coordinates":[74.91046000009084,13.730229999661885]}},{"type":"Feature","properties":{"id":"in-mrds-10304274","name":"Kundrupani-Churr Malda","resource_type":"Prospect","normalized_resource_group":"mineral_occurrence","commodity_codes":"FE","grade":"D"},"geometry":{"type":"Point","coordinates":[85.46020000007798,22.02943999992484]}},{"type":"Feature","properties":{"id":"in-mrds-10279892","name":"Kunigal","resource_type":"Prospect","normalized_resource_group":"mineral_occurrence","commodity_codes":"FE","grade":"D"},"geometry":{"type":"Point","coordinates":[77.5803900005069,12.96030000066504]}},{"type":"Feature","properties":{"id":"in-mrds-10279736","name":"Kunjadih","resource_type":"Prospect","normalized_resource_group":"metallic_minerals","commodity_codes":"CU","grade":"D"},"geometry":{"type":"Point","coordinates":[85.75019000066062,22.729380000421248]}},{"type":"Feature","properties":{"id":"in-mrds-10135261","name":"Kurband-Joruri","resource_type":"Prospect","normalized_resource_group":"mineral_occurrence","commodity_codes":"FE","grade":"D"},"geometry":{"type":"Point","coordinates":[85.41020000043432,21.949449999898498]}},{"type":"Feature","properties":{"id":"in-mrds-10133956","name":"Kurleh and Buknur Hills","resource_type":"Prospect","normalized_resource_group":"mineral_occurrence","commodity_codes":"AL FE SIL TI","grade":"D"},"geometry":{"type":"Point","coordinates":[74.46046999975007,15.800029999951287]}},{"type":"Feature","properties":{"id":"in-mrds-10159662","name":"Kusalpur","resource_type":"Prospect","normalized_resource_group":"mineral_occurrence","commodity_codes":"FE P SIL","grade":"D"},"geometry":{"type":"Point","coordinates":[75.01046000027654,15.460059999273549]}},{"type":"Feature","properties":{"id":"in-mrds-10182598","name":"Landrup Buru","resource_type":"Prospect","normalized_resource_group":"mineral_occurrence","commodity_codes":"FE","grade":"D"},"geometry":{"type":"Point","coordinates":[85.40019999960725,22.249430000411003]}},{"type":"Feature","properties":{"id":"in-mrds-10230946","name":"Langalota","resource_type":"Prospect","normalized_resource_group":"mineral_occurrence","commodity_codes":"FE","grade":"D"},"geometry":{"type":"Point","coordinates":[85.43020000029176,21.959450000316004]}},{"type":"Feature","properties":{"id":"in-mrds-10304329","name":"Maddur-Malavalli","resource_type":"Prospect","normalized_resource_group":"mineral_occurrence","commodity_codes":"FE","grade":"D"},"geometry":{"type":"Point","coordinates":[76.90041000005422,12.530340000025081]}},{"type":"Feature","properties":{"id":"in-mrds-10231363","name":"Maghahata Buru","resource_type":"Prospect","normalized_resource_group":"mineral_occurrence","commodity_codes":"AL FE P SIL","grade":"D"},"geometry":{"type":"Point","coordinates":[85.28020000046236,22.074440000099944]}},{"type":"Feature","properties":{"id":"in-mrds-10206626","name":"Maha Parbat","resource_type":"Prospect","normalized_resource_group":"mineral_occurrence","commodity_codes":"FE","grade":"D"},"geometry":{"type":"Point","coordinates":[85.43020000029176,21.859459999285637]}},{"type":"Feature","properties":{"id":"in-mrds-10158962","name":"Mahuldih-Singhbhum Copper Belt","resource_type":"Prospect","normalized_resource_group":"metallic_minerals","commodity_codes":"CU","grade":"D"},"geometry":{"type":"Point","coordinates":[86.15017999956109,22.729380000421248]}},{"type":"Feature","properties":{"id":"in-mrds-10159309","name":"Majurnacha","resource_type":"Prospect","normalized_resource_group":"mineral_occurrence","commodity_codes":"FE","grade":"D"},"geometry":{"type":"Point","coordinates":[85.2302099999661,21.999459999813144]}},{"type":"Feature","properties":{"id":"in-mrds-10159095","name":"Malki","resource_type":"Prospect","normalized_resource_group":"mineral_occurrence","commodity_codes":"FE","grade":"D"},"geometry":{"type":"Point","coordinates":[74.63046000028953,13.8302200002371]}},{"type":"Feature","properties":{"id":"in-mrds-10206719","name":"Maluthana Malotana","resource_type":"Prospect","normalized_resource_group":"metallic_minerals","commodity_codes":"CU","grade":"D"},"geometry":{"type":"Point","coordinates":[76.26046000035208,27.44902000017445]}},{"type":"Feature","properties":{"id":"in-mrds-10190872","name":"Mamal","resource_type":"Prospect","normalized_resource_group":"metallic_minerals","commodity_codes":"CU","grade":"D"},"geometry":{"type":"Point","coordinates":[75.31052000020978,34.00856000062186]}},{"type":"Feature","properties":{"id":"in-mrds-10231457","name":"Mamandur","resource_type":"Prospect","normalized_resource_group":"metallic_minerals","commodity_codes":"CU PB ZN","grade":"D"},"geometry":{"type":"Point","coordinates":[79.00036000013208,12.000399999853625]}},{"type":"Feature","properties":{"id":"in-mrds-10206931","name":"Mankarmacha Hill","resource_type":"Prospect","normalized_resource_group":"mineral_occurrence","commodity_codes":"FE","grade":"D"},"geometry":{"type":"Point","coordinates":[85.20020999928158,21.779469999754063]}},{"type":"Feature","properties":{"id":"in-mrds-10303976","name":"Marang Ponga","resource_type":"Prospect","normalized_resource_group":"mineral_occurrence","commodity_codes":"FE","grade":"D"},"geometry":{"type":"Point","coordinates":[85.21021000010865,22.259419999810042]}},{"type":"Feature","properties":{"id":"in-mrds-10281473","name":"Mawai-Ka-Poora","resource_type":"Prospect","normalized_resource_group":"metallic_minerals","commodity_codes":"CU","grade":"D"},"geometry":{"type":"Point","coordinates":[77.56041999988831,26.45909000029912]}},{"type":"Feature","properties":{"id":"in-mrds-10304429","name":"Mayurbanj Area: Kaduani, Kumhardh","resource_type":"Prospect","normalized_resource_group":"mineral_occurrence","commodity_codes":"FE SIL S TI V","grade":"D"},"geometry":{"type":"Point","coordinates":[86.43017000021497,21.949449999898498]}},{"type":"Feature","properties":{"id":"in-mrds-10304158","name":"Mundatikra Gossanized Belt","resource_type":"Prospect","normalized_resource_group":"metallic_minerals","commodity_codes":"CU","grade":"D"},"geometry":{"type":"Point","coordinates":[81.31031000051007,19.459680000292884]}},{"type":"Feature","properties":{"id":"in-mrds-10038988","name":"Mysore","resource_type":"Prospect","normalized_resource_group":"metallic_minerals","commodity_codes":"AU PGE_PT PGE_IR PGE_OS PGE_RH PGE_PD","grade":"D"},"geometry":{"type":"Point","coordinates":[76.65041000003913,12.3170299998614]}},{"type":"Feature","properties":{"id":"in-mrds-10206723","name":"Nagasanapalle","resource_type":"Prospect","normalized_resource_group":"metallic_minerals","commodity_codes":"PB","grade":"D"},"geometry":{"type":"Point","coordinates":[78.81705999979437,14.700130000268903]}},{"type":"Feature","properties":{"id":"in-mrds-10231208","name":"Najawan","resource_type":"Prospect","normalized_resource_group":"metallic_minerals","commodity_codes":"CU","grade":"D"},"geometry":{"type":"Point","coordinates":[74.86053999991478,34.25853999959432]}},{"type":"Feature","properties":{"id":"in-mrds-10279780","name":"Nalladeshwar","resource_type":"Prospect","normalized_resource_group":"metallic_minerals","commodity_codes":"CU","grade":"D"},"geometry":{"type":"Point","coordinates":[76.45045999989641,27.24902999978841]}},{"type":"Feature","properties":{"id":"in-mrds-10279769","name":"Nampesha","resource_type":"Prospect","normalized_resource_group":"metallic_minerals","commodity_codes":"CU","grade":"D"},"geometry":{"type":"Point","coordinates":[94.4999499991932,24.709210000613155]}},{"type":"Feature","properties":{"id":"in-mrds-10279805","name":"Nandup-Singhbhum Copper Belt","resource_type":"Prospect","normalized_resource_group":"metallic_minerals","commodity_codes":"CU","grade":"D"},"geometry":{"type":"Point","coordinates":[86.20018000010307,22.729380000421248]}},{"type":"Feature","properties":{"id":"in-mrds-10305291","name":"North of Joribar","resource_type":"Prospect","normalized_resource_group":"mineral_occurrence","commodity_codes":"FE","grade":"D"},"geometry":{"type":"Point","coordinates":[85.40019999960725,21.929449999857788]}},{"type":"Feature","properties":{"id":"in-mrds-10133942","name":"North of Mitihurda","resource_type":"Prospect","normalized_resource_group":"mineral_occurrence","commodity_codes":"FE","grade":"D"},"geometry":{"type":"Point","coordinates":[85.36020000079061,21.80945999939013]}},{"type":"Feature","properties":{"id":"in-mrds-10255967","name":"North of Palsa","resource_type":"Prospect","normalized_resource_group":"mineral_occurrence","commodity_codes":"FE","grade":"D"},"geometry":{"type":"Point","coordinates":[85.40019999960725,21.909459999498438]}},{"type":"Feature","properties":{"id":"in-mrds-10159131","name":"Northwest of Joribar","resource_type":"Prospect","normalized_resource_group":"mineral_occurrence","commodity_codes":"FE","grade":"D"},"geometry":{"type":"Point","coordinates":[85.39019999967849,21.929449999857788]}},{"type":"Feature","properties":{"id":"in-mrds-10183008","name":"Northwest of Satkutnia","resource_type":"Prospect","normalized_resource_group":"mineral_occurrence","commodity_codes":"FE","grade":"D"},"geometry":{"type":"Point","coordinates":[85.38019999974978,21.949449999898498]}},{"type":"Feature","properties":{"id":"in-mrds-10159265","name":"Not Buru","resource_type":"Prospect","normalized_resource_group":"mineral_occurrence","commodity_codes":"FE","grade":"D"},"geometry":{"type":"Point","coordinates":[85.40019999960725,22.179430000364164]}},{"type":"Feature","properties":{"id":"in-mrds-10142071","name":"Nuggihalli","resource_type":"Prospect","normalized_resource_group":"mineral_occurrence","commodity_codes":"AL FE SIL S TI","grade":"D"},"geometry":{"type":"Point","coordinates":[76.90041000005422,12.530340000025081]}},{"type":"Feature","properties":{"id":"in-mrds-10303734","name":"Pachaimalai","resource_type":"Prospect","normalized_resource_group":"mineral_occurrence","commodity_codes":"FE","grade":"D"},"geometry":{"type":"Point","coordinates":[79.03034999987257,11.030490000037242]}},{"type":"Feature","properties":{"id":"in-mrds-10158286","name":"Pachchaimalai","resource_type":"Prospect","normalized_resource_group":"mineral_occurrence","commodity_codes":"FE SIL","grade":"D"},"geometry":{"type":"Point","coordinates":[78.15036999994679,11.650430000004423]}},{"type":"Feature","properties":{"id":"in-mrds-10256300","name":"Pagadalapalle","resource_type":"Prospect","normalized_resource_group":"mineral_occurrence","commodity_codes":"FE","grade":"D"},"geometry":{"type":"Point","coordinates":[78.61037000026204,14.450150000013867]}},{"type":"Feature","properties":{"id":"in-mrds-10159068","name":"Pariakolliyur","resource_type":"Prospect","normalized_resource_group":"metallic_minerals","commodity_codes":"CU","grade":"D"},"geometry":{"type":"Point","coordinates":[79.00036000013208,11.950399999712069]}},{"type":"Feature","properties":{"id":"in-mrds-10207124","name":"Perumamalai","resource_type":"Prospect","normalized_resource_group":"mineral_occurrence","commodity_codes":"FE P S","grade":"D"},"geometry":{"type":"Point","coordinates":[78.2303699993767,11.830410000067092]}},{"type":"Feature","properties":{"id":"in-mrds-10304410","name":"Potni, Subansiri Frontier Divisio","resource_type":"Prospect","normalized_resource_group":"metallic_minerals","commodity_codes":"CU AU","grade":"D"},"geometry":{"type":"Point","coordinates":[93.82997000046592,27.32899999924787]}},{"type":"Feature","properties":{"id":"in-mrds-10230863","name":"Purnameta Hill-Ongole Hill","resource_type":"Prospect","normalized_resource_group":"mineral_occurrence","commodity_codes":"FE P SIL","grade":"D"},"geometry":{"type":"Point","coordinates":[80.43032000053857,16.299970000552666]}},{"type":"Feature","properties":{"id":"in-mrds-10256306","name":"Putuipir","resource_type":"Prospect","normalized_resource_group":"metallic_minerals","commodity_codes":"CU","grade":"D"},"geometry":{"type":"Point","coordinates":[85.75019000066062,22.74937999968547]}},{"type":"Feature","properties":{"id":"in-mrds-10231464","name":"Radhanagri Or Valivda","resource_type":"Prospect","normalized_resource_group":"mineral_occurrence","commodity_codes":"AL FE SIL TI","grade":"D"},"geometry":{"type":"Point","coordinates":[74.05048000002255,16.399979999447545]}},{"type":"Feature","properties":{"id":"in-mrds-10279415","name":"Raikora-Borita","resource_type":"Prospect","normalized_resource_group":"mineral_occurrence","commodity_codes":"FE","grade":"D"},"geometry":{"type":"Point","coordinates":[85.41020000043432,22.074440000099944]}},{"type":"Feature","properties":{"id":"in-mrds-10230999","name":"Raisua Resi-Jhubba Dinakora","resource_type":"Prospect","normalized_resource_group":"mineral_occurrence","commodity_codes":"FE","grade":"D"},"geometry":{"type":"Point","coordinates":[85.16021000046494,21.779469999754063]}},{"type":"Feature","properties":{"id":"in-mrds-10206896","name":"Ranga Parbat","resource_type":"Prospect","normalized_resource_group":"mineral_occurrence","commodity_codes":"FE","grade":"D"},"geometry":{"type":"Point","coordinates":[85.40019999960725,21.899459999746217]}},{"type":"Feature","properties":{"id":"in-mrds-10304252","name":"Rangachang","resource_type":"Prospect","normalized_resource_group":"metallic_minerals","commodity_codes":"CU S","grade":"D"},"geometry":{"type":"Point","coordinates":[92.70999999960122,11.560430000486537]}},{"type":"Feature","properties":{"id":"in-mrds-10133834","name":"Rasipur-Namakkal","resource_type":"Prospect","normalized_resource_group":"mineral_occurrence","commodity_codes":"FE","grade":"D"},"geometry":{"type":"Point","coordinates":[78.2303699993767,11.830410000067092]}},{"type":"Feature","properties":{"id":"in-mrds-10231382","name":"Reagadih, Duarpuram Sector, Singh","resource_type":"Prospect","normalized_resource_group":"metallic_minerals","commodity_codes":"CU","grade":"D"},"geometry":{"type":"Point","coordinates":[85.68020000030688,22.74937999968547]}},{"type":"Feature","properties":{"id":"in-mrds-10279678","name":"Rebampalli","resource_type":"Prospect","normalized_resource_group":"mineral_occurrence","commodity_codes":"FE","grade":"D"},"geometry":{"type":"Point","coordinates":[79.43034999971705,18.129810000474073]}},{"type":"Feature","properties":{"id":"in-mrds-10206812","name":"Rowghat No.1-No.6","resource_type":"Prospect","normalized_resource_group":"mineral_occurrence","commodity_codes":"FE P SIL","grade":"D"},"geometry":{"type":"Point","coordinates":[81.23031000018183,19.709659999616004]}},{"type":"Feature","properties":{"id":"in-mrds-10159162","name":"Samlaibar","resource_type":"Prospect","normalized_resource_group":"mineral_occurrence","commodity_codes":"FE","grade":"D"},"geometry":{"type":"Point","coordinates":[85.17021000039367,21.91945000020835]}},{"type":"Feature","properties":{"id":"in-mrds-10182448","name":"Sanampudi-Toppa Hill","resource_type":"Prospect","normalized_resource_group":"mineral_occurrence","commodity_codes":"FE","grade":"D"},"geometry":{"type":"Point","coordinates":[80.43032000053857,16.299970000552666]}},{"type":"Feature","properties":{"id":"in-mrds-10133737","name":"Sandur Mountains:Donimalai Range","resource_type":"Prospect","normalized_resource_group":"mineral_occurrence","commodity_codes":"FE","grade":"D"},"geometry":{"type":"Point","coordinates":[76.55041999989916,15.080100000365832]}},{"type":"Feature","properties":{"id":"in-mrds-10232336","name":"Saraikela Roatha-Raisua Resi","resource_type":"Prospect","normalized_resource_group":"mineral_occurrence","commodity_codes":"FE","grade":"D"},"geometry":{"type":"Point","coordinates":[85.15020999963788,21.774469999706408]}},{"type":"Feature","properties":{"id":"in-mrds-10183278","name":"Sargur","resource_type":"Prospect","normalized_resource_group":"mineral_occurrence","commodity_codes":"FE","grade":"D"},"geometry":{"type":"Point","coordinates":[76.45041999971346,12.01039000036292]}},{"type":"Feature","properties":{"id":"in-mrds-10134306","name":"Satkutnia Pahar","resource_type":"Prospect","normalized_resource_group":"mineral_occurrence","commodity_codes":"FE","grade":"D"},"geometry":{"type":"Point","coordinates":[85.36020000079061,21.929449999857788]}},{"type":"Feature","properties":{"id":"in-mrds-10183305","name":"Shimoga Area: Sorab, Kodachadri,","resource_type":"Prospect","normalized_resource_group":"mineral_occurrence","commodity_codes":"FE P SIL","grade":"D"},"geometry":{"type":"Point","coordinates":[75.58043999971645,13.910209999988286]}},{"type":"Feature","properties":{"id":"in-mrds-10231338","name":"Sidamat Parbat","resource_type":"Prospect","normalized_resource_group":"mineral_occurrence","commodity_codes":"FE","grade":"D"},"geometry":{"type":"Point","coordinates":[85.35019999996356,22.049440000275286]}},{"type":"Feature","properties":{"id":"in-mrds-10279909","name":"Siddharhalli","resource_type":"Prospect","normalized_resource_group":"mineral_occurrence","commodity_codes":"FE","grade":"D"},"geometry":{"type":"Point","coordinates":[75.58043999971645,13.910209999988286]}},{"type":"Feature","properties":{"id":"in-mrds-10303944","name":"Simla Hill","resource_type":"Prospect","normalized_resource_group":"mineral_occurrence","commodity_codes":"FE SIL TI","grade":"D"},"geometry":{"type":"Point","coordinates":[77.16044999928273,31.098749999924678]}},{"type":"Feature","properties":{"id":"in-mrds-10159004","name":"Sonthalia","resource_type":"Prospect","normalized_resource_group":"metallic_minerals","commodity_codes":"CU PB AG ZN","grade":"D"},"geometry":{"type":"Point","coordinates":[86.38017999971869,24.399239999670193]}},{"type":"Feature","properties":{"id":"in-mrds-10133715","name":"South East of Palsa","resource_type":"Prospect","normalized_resource_group":"mineral_occurrence","commodity_codes":"FE","grade":"D"},"geometry":{"type":"Point","coordinates":[85.40019999960725,21.909459999498438]}},{"type":"Feature","properties":{"id":"in-mrds-10207091","name":"South of Mitihurda","resource_type":"Prospect","normalized_resource_group":"mineral_occurrence","commodity_codes":"FE","grade":"D"},"geometry":{"type":"Point","coordinates":[85.36020000079061,21.80945999939013]}},{"type":"Feature","properties":{"id":"in-mrds-10279831","name":"Southeast of Joribar","resource_type":"Prospect","normalized_resource_group":"mineral_occurrence","commodity_codes":"FE","grade":"D"},"geometry":{"type":"Point","coordinates":[85.40019999960725,21.924449999925407]}},{"type":"Feature","properties":{"id":"in-mrds-10305560","name":"Southeast of Mitihurda","resource_type":"Prospect","normalized_resource_group":"mineral_occurrence","commodity_codes":"FE","grade":"D"},"geometry":{"type":"Point","coordinates":[85.36020000079061,21.80945999939013]}},{"type":"Feature","properties":{"id":"in-mrds-60000557","name":"Srikakulam","resource_type":"Prospect","normalized_resource_group":"mineral_occurrence","commodity_codes":"GRF","grade":"D"},"geometry":{"type":"Point","coordinates":[83.10026000010204,18.33307999993118]}},{"type":"Feature","properties":{"id":"in-mrds-10159183","name":"Sukhwal","resource_type":"Prospect","normalized_resource_group":"metallic_minerals","commodity_codes":"CU","grade":"D"},"geometry":{"type":"Point","coordinates":[75.00053999981542,33.02862000037296]}},{"type":"Feature","properties":{"id":"in-mrds-10256073","name":"Sulaipatokampad","resource_type":"Prospect","normalized_resource_group":"mineral_occurrence","commodity_codes":"FE P SIL","grade":"D"},"geometry":{"type":"Point","coordinates":[86.16017999948981,21.949449999898498]}},{"type":"Feature","properties":{"id":"in-mrds-10182757","name":"Sumsamsumjam","resource_type":"Prospect","normalized_resource_group":"metallic_minerals","commodity_codes":"CU","grade":"D"},"geometry":{"type":"Point","coordinates":[76.41718999952535,33.42358999990384]}},{"type":"Feature","properties":{"id":"in-mrds-10215488","name":"Sunehri-Sleemanabad Copper Belt","resource_type":"Prospect","normalized_resource_group":"metallic_minerals","commodity_codes":"CU","grade":"D"},"geometry":{"type":"Point","coordinates":[80.45033999958922,23.65930999972352]}},{"type":"Feature","properties":{"id":"in-mrds-10280030","name":"Surjat Parbat","resource_type":"Prospect","normalized_resource_group":"mineral_occurrence","commodity_codes":"FE","grade":"D"},"geometry":{"type":"Point","coordinates":[85.41020000043432,22.009450000224984]}},{"type":"Feature","properties":{"id":"in-mrds-10305450","name":"Tainandamalai and Chitteri Hills","resource_type":"Prospect","normalized_resource_group":"mineral_occurrence","commodity_codes":"FE SIL","grade":"D"},"geometry":{"type":"Point","coordinates":[78.15036999994679,11.650430000004423]}},{"type":"Feature","properties":{"id":"in-mrds-10206790","name":"Tatiba Buru Lower","resource_type":"Prospect","normalized_resource_group":"mineral_occurrence","commodity_codes":"FE","grade":"D"},"geometry":{"type":"Point","coordinates":[85.35019999996356,22.149429999887836]}},{"type":"Feature","properties":{"id":"in-mrds-10304083","name":"Tatiba Buru Upper","resource_type":"Prospect","normalized_resource_group":"mineral_occurrence","commodity_codes":"FE","grade":"D"},"geometry":{"type":"Point","coordinates":[85.35019999996356,22.159430000499224]}},{"type":"Feature","properties":{"id":"in-mrds-10158614","name":"Teejanwali","resource_type":"Prospect","normalized_resource_group":"metallic_minerals","commodity_codes":"CU","grade":"D"},"geometry":{"type":"Point","coordinates":[76.10046999974135,28.0289700002405]}},{"type":"Feature","properties":{"id":"in-mrds-10239343","name":"Tegur","resource_type":"Prospect","normalized_resource_group":"mineral_occurrence","commodity_codes":"FE SIL","grade":"D"},"geometry":{"type":"Point","coordinates":[75.01046000027654,15.460059999273549]}},{"type":"Feature","properties":{"id":"in-mrds-10134043","name":"Thanewasna","resource_type":"Prospect","normalized_resource_group":"metallic_minerals","commodity_codes":"CU PB ZN","grade":"D"},"geometry":{"type":"Point","coordinates":[79.73035000027417,19.079719999747308]}},{"type":"Feature","properties":{"id":"in-mrds-10279793","name":"Tinnevelly: Beach Deposits From V","resource_type":"Prospect","normalized_resource_group":"mineral_occurrence","commodity_codes":"ABR_G FE TI ZR","grade":"D"},"geometry":{"type":"Point","coordinates":[78.31036999970495,9.050680000052989]}},{"type":"Feature","properties":{"id":"in-mrds-10280114","name":"Tirthamalai","resource_type":"Prospect","normalized_resource_group":"mineral_occurrence","commodity_codes":"FE SIL","grade":"D"},"geometry":{"type":"Point","coordinates":[78.15036999994679,11.650430000004423]}},{"type":"Feature","properties":{"id":"in-mrds-10206636","name":"Tiruvannamalai","resource_type":"Prospect","normalized_resource_group":"mineral_occurrence","commodity_codes":"FE","grade":"D"},"geometry":{"type":"Point","coordinates":[79.08365000023832,12.23366999970296]}},{"type":"Feature","properties":{"id":"in-mrds-10279908","name":"Toluvantangal","resource_type":"Prospect","normalized_resource_group":"metallic_minerals","commodity_codes":"CU","grade":"D"},"geometry":{"type":"Point","coordinates":[78.96035000037138,11.930399999541809]}},{"type":"Feature","properties":{"id":"in-mrds-10304297","name":"Tresalmare-Ircola","resource_type":"Prospect","normalized_resource_group":"mineral_occurrence","commodity_codes":"FE","grade":"D"},"geometry":{"type":"Point","coordinates":[80.43032000053857,16.299970000552666]}},{"type":"Feature","properties":{"id":"in-mrds-60001628","name":"Tuensang Nickel District","resource_type":"Prospect","normalized_resource_group":"metallic_minerals","commodity_codes":"NI","grade":"D"},"geometry":{"type":"Point","coordinates":[94.74995000010662,26.265779999878795]}},{"type":"Feature","properties":{"id":"in-mrds-10158884","name":"Turamdih- Singhbhum Copper Belt","resource_type":"Prospect","normalized_resource_group":"metallic_minerals","commodity_codes":"CU","grade":"D"},"geometry":{"type":"Point","coordinates":[86.20018000010307,22.709379999733688]}},{"type":"Feature","properties":{"id":"in-mrds-10158847","name":"Ubrani","resource_type":"Prospect","normalized_resource_group":"mineral_occurrence","commodity_codes":"AL CR FE SIL S TI","grade":"D"},"geometry":{"type":"Point","coordinates":[75.58043999971645,13.910209999988286]}},{"type":"Feature","properties":{"id":"in-mrds-10304222","name":"Uli Buru-Bilkundi","resource_type":"Prospect","normalized_resource_group":"mineral_occurrence","commodity_codes":"FE P S","grade":"D"},"geometry":{"type":"Point","coordinates":[85.41020000043432,22.159430000499224]}},{"type":"Feature","properties":{"id":"in-mrds-10134064","name":"Unagarapora Pahar","resource_type":"Prospect","normalized_resource_group":"mineral_occurrence","commodity_codes":"FE","grade":"D"},"geometry":{"type":"Point","coordinates":[85.19020999935283,21.86945999997984]}},{"type":"Feature","properties":{"id":"in-mrds-10183496","name":"Vagda","resource_type":"Prospect","normalized_resource_group":"mineral_occurrence","commodity_codes":"CR","grade":"D"},"geometry":{"type":"Point","coordinates":[73.75049000040951,16.229989999952515]}},{"type":"Feature","properties":{"id":"in-mrds-10134110","name":"Villiyappanpatti-Tatayyangar-Pett","resource_type":"Prospect","normalized_resource_group":"mineral_occurrence","commodity_codes":"FE P SIL TI","grade":"D"},"geometry":{"type":"Point","coordinates":[78.2303699993767,11.13047999995472]}},{"type":"Feature","properties":{"id":"in-mrds-10231413","name":"Wagbud and Kasarsadda Plateau","resource_type":"Prospect","normalized_resource_group":"mineral_occurrence","commodity_codes":"AL FE SIL TI","grade":"D"},"geometry":{"type":"Point","coordinates":[74.2104799997807,15.930019999930986]}},{"type":"Feature","properties":{"id":"in-mrds-10256343","name":"West of Banspani-North of Johohur","resource_type":"Prospect","normalized_resource_group":"mineral_occurrence","commodity_codes":"FE","grade":"D"},"geometry":{"type":"Point","coordinates":[85.40019999960725,21.959450000316004]}},{"type":"Feature","properties":{"id":"in-mrds-10256271","name":"West of Kurband-Northeast of Satk","resource_type":"Prospect","normalized_resource_group":"mineral_occurrence","commodity_codes":"FE","grade":"D"},"geometry":{"type":"Point","coordinates":[85.40019999960725,21.949449999898498]}},{"type":"Feature","properties":{"id":"in-mrds-10206625","name":"Yerbali","resource_type":"Prospect","normalized_resource_group":"mineral_occurrence","commodity_codes":"FE","grade":"D"},"geometry":{"type":"Point","coordinates":[79.13036000010398,18.42977999989519]}},{"type":"Feature","properties":{"id":"in-mrds-10230750","name":"Zangamrajupalle","resource_type":"Prospect","normalized_resource_group":"metallic_minerals","commodity_codes":"PB","grade":"D"},"geometry":{"type":"Point","coordinates":[78.88036000008888,14.760120000349964]}},{"type":"Feature","properties":{"id":"in-mrds-10255727","name":"Ambamata-Deri","resource_type":"Prospect","normalized_resource_group":"metallic_minerals","commodity_codes":"ZN PB CU AU AG","grade":"E"},"geometry":{"type":"Point","coordinates":[72.85053999986519,24.332580000119155]}},{"type":"Feature","properties":{"id":"in-mrds-10158386","name":"Amberpet","resource_type":"Prospect","normalized_resource_group":"mineral_occurrence","commodity_codes":"FE","grade":"E"},"geometry":{"type":"Point","coordinates":[78.08038999963878,18.6597600001729]}},{"type":"Feature","properties":{"id":"in-mrds-10400136","name":"Anita de Tibilos","resource_type":"Prospect","normalized_resource_group":"mineral_occurrence","commodity_codes":"","grade":"E"},"geometry":{"type":"Point","coordinates":[75.14875000044,14.183490000037674]}},{"type":"Feature","properties":{"id":"in-mrds-10255982","name":"Bhimtanagar Lease No.1","resource_type":"Prospect","normalized_resource_group":"mineral_occurrence","commodity_codes":"CR","grade":"E"},"geometry":{"type":"Point","coordinates":[85.77209000022607,21.031730000716983]}},{"type":"Feature","properties":{"id":"in-mrds-10231159","name":"Bhimtanagar Lease No.10c","resource_type":"Prospect","normalized_resource_group":"mineral_occurrence","commodity_codes":"CR","grade":"E"},"geometry":{"type":"Point","coordinates":[85.75768999993343,21.02983000038714]}},{"type":"Feature","properties":{"id":"in-mrds-10183582","name":"Bhimtanagar Lease No.10d","resource_type":"Prospect","normalized_resource_group":"mineral_occurrence","commodity_codes":"CR","grade":"E"},"geometry":{"type":"Point","coordinates":[85.75848999999963,21.030130000505142]}},{"type":"Feature","properties":{"id":"in-mrds-10183590","name":"Bhimtanagar Lease No.12a","resource_type":"Prospect","normalized_resource_group":"mineral_occurrence","commodity_codes":"CR","grade":"E"},"geometry":{"type":"Point","coordinates":[85.7618900002808,21.031230000242797]}},{"type":"Feature","properties":{"id":"in-mrds-10159497","name":"Bhimtanagar Lease No.12b","resource_type":"Prospect","normalized_resource_group":"mineral_occurrence","commodity_codes":"CR","grade":"E"},"geometry":{"type":"Point","coordinates":[85.76938999955362,21.026429999887647]}},{"type":"Feature","properties":{"id":"in-mrds-10303899","name":"Bhimtanagar Lease No.13a","resource_type":"Prospect","normalized_resource_group":"mineral_occurrence","commodity_codes":"CR","grade":"E"},"geometry":{"type":"Point","coordinates":[85.76349000041314,21.028429999956863]}},{"type":"Feature","properties":{"id":"in-mrds-10304334","name":"Bhimtanagar Lease No.13b","resource_type":"Prospect","normalized_resource_group":"mineral_occurrence","commodity_codes":"CR","grade":"E"},"geometry":{"type":"Point","coordinates":[85.76018999969105,21.030630000477743]}},{"type":"Feature","properties":{"id":"in-mrds-10304194","name":"Bhimtanagar Lease No.14a","resource_type":"Prospect","normalized_resource_group":"mineral_occurrence","commodity_codes":"CR","grade":"E"},"geometry":{"type":"Point","coordinates":[85.7609899997572,21.03093000066223]}},{"type":"Feature","properties":{"id":"in-mrds-10134015","name":"Bhimtanagar Lease No.14c","resource_type":"Prospect","normalized_resource_group":"mineral_occurrence","commodity_codes":"CR","grade":"E"},"geometry":{"type":"Point","coordinates":[85.77049000009374,21.02623000050098]}},{"type":"Feature","properties":{"id":"in-mrds-10158976","name":"Bhimtanagar Lease No.16a","resource_type":"Prospect","normalized_resource_group":"mineral_occurrence","commodity_codes":"CR","grade":"E"},"geometry":{"type":"Point","coordinates":[85.76519000010457,21.02782999981928]}},{"type":"Feature","properties":{"id":"in-mrds-10159298","name":"Bhimtanagar Lease No.16b1","resource_type":"Prospect","normalized_resource_group":"mineral_occurrence","commodity_codes":"CR","grade":"E"},"geometry":{"type":"Point","coordinates":[85.76848999992833,21.02673000014151]}},{"type":"Feature","properties":{"id":"in-mrds-10158810","name":"Bhimtanagar Lease No.16b2","resource_type":"Prospect","normalized_resource_group":"mineral_occurrence","commodity_codes":"CR","grade":"E"},"geometry":{"type":"Point","coordinates":[85.77379000081585,21.032330000245338]}},{"type":"Feature","properties":{"id":"in-mrds-10255800","name":"Bhimtanagar Lease No.3a","resource_type":"Prospect","normalized_resource_group":"mineral_occurrence","commodity_codes":"CR","grade":"E"},"geometry":{"type":"Point","coordinates":[85.77129000015992,21.025930000079263]}},{"type":"Feature","properties":{"id":"in-mrds-10304045","name":"Bhimtanagar Lease No.4","resource_type":"Prospect","normalized_resource_group":"mineral_occurrence","commodity_codes":"CR","grade":"E"},"geometry":{"type":"Point","coordinates":[85.77299000074969,21.032029999525438]}},{"type":"Feature","properties":{"id":"in-mrds-10206844","name":"Bhimtanagar Lease No.5a","resource_type":"Prospect","normalized_resource_group":"mineral_occurrence","commodity_codes":"CR","grade":"E"},"geometry":{"type":"Point","coordinates":[85.766889999796,21.02732999967626]}},{"type":"Feature","properties":{"id":"in-mrds-10134251","name":"Bhimtanagar Lease No.5b","resource_type":"Prospect","normalized_resource_group":"mineral_occurrence","commodity_codes":"CR","grade":"E"},"geometry":{"type":"Point","coordinates":[85.77548999960896,21.025629999892306]}},{"type":"Feature","properties":{"id":"in-mrds-10231219","name":"Bhimtanagar Lease No.6a","resource_type":"Prospect","normalized_resource_group":"mineral_occurrence","commodity_codes":"CR","grade":"E"},"geometry":{"type":"Point","coordinates":[85.76439000003842,21.02812999977076]}},{"type":"Feature","properties":{"id":"in-mrds-10303917","name":"Bhimtanagar Lease No.6b","resource_type":"Prospect","normalized_resource_group":"mineral_occurrence","commodity_codes":"CR","grade":"E"},"geometry":{"type":"Point","coordinates":[85.76768999986218,21.027030000630045]}},{"type":"Feature","properties":{"id":"in-mrds-10158620","name":"Bhimtanagar Lease No.7","resource_type":"Prospect","normalized_resource_group":"mineral_occurrence","commodity_codes":"CR","grade":"E"},"geometry":{"type":"Point","coordinates":[85.76269000034695,21.031430000466084]}},{"type":"Feature","properties":{"id":"in-mrds-10255818","name":"Bhimtanagar Lease No.8","resource_type":"Prospect","normalized_resource_group":"mineral_occurrence","commodity_codes":"CR","grade":"E"},"geometry":{"type":"Point","coordinates":[85.7779900002649,21.02482999979594]}},{"type":"Feature","properties":{"id":"in-mrds-10230833","name":"Bhimtanagar Lease No.9a1","resource_type":"Prospect","normalized_resource_group":"mineral_occurrence","commodity_codes":"CR","grade":"E"},"geometry":{"type":"Point","coordinates":[85.77458999998369,21.032629999522772]}},{"type":"Feature","properties":{"id":"in-mrds-10183615","name":"Bhimtanagar Lease No.9a2","resource_type":"Prospect","normalized_resource_group":"mineral_occurrence","commodity_codes":"CR","grade":"E"},"geometry":{"type":"Point","coordinates":[85.7593899996249,21.030329999689318]}},{"type":"Feature","properties":{"id":"in-mrds-10231107","name":"Bhimtanagar Lease No.9b","resource_type":"Prospect","normalized_resource_group":"mineral_occurrence","commodity_codes":"CR","grade":"E"},"geometry":{"type":"Point","coordinates":[85.7770899997413,21.025129999915926]}},{"type":"Feature","properties":{"id":"in-mrds-10255711","name":"Bhimtanagar Lease Nos.11a-11e","resource_type":"Prospect","normalized_resource_group":"mineral_occurrence","commodity_codes":"CR","grade":"E"},"geometry":{"type":"Point","coordinates":[85.77628999967513,21.025329999940038]}},{"type":"Feature","properties":{"id":"in-mrds-10207070","name":"Bhimtanagar Leaseno.14c1","resource_type":"Prospect","normalized_resource_group":"mineral_occurrence","commodity_codes":"CR","grade":"E"},"geometry":{"type":"Point","coordinates":[85.76599000017072,21.027630000634172]}},{"type":"Feature","properties":{"id":"in-mrds-10159014","name":"Omc Beneficiation Plant","resource_type":"Prospect","normalized_resource_group":"mineral_occurrence","commodity_codes":"CR","grade":"E"},"geometry":{"type":"Point","coordinates":[85.78079000049647,21.042630000351828]}},{"type":"Feature","properties":{"id":"in-mrds-10400164","name":"Puy-Puy","resource_type":"Prospect","normalized_resource_group":"mineral_occurrence","commodity_codes":"","grade":"E"},"geometry":{"type":"Point","coordinates":[76.08482000001908,11.480149999825063]}},{"type":"Feature","properties":{"id":"in-mrds-10207334","name":"Saruabil No.4b","resource_type":"Prospect","normalized_resource_group":"mineral_occurrence","commodity_codes":"CR","grade":"E"},"geometry":{"type":"Point","coordinates":[85.82188999985323,21.060330000196373]}},{"type":"Feature","properties":{"id":"in-mrds-10207097","name":"Saruabil No.6","resource_type":"Prospect","normalized_resource_group":"mineral_occurrence","commodity_codes":"CR","grade":"E"},"geometry":{"type":"Point","coordinates":[85.82238999944545,21.058729999595045]}},{"type":"Feature","properties":{"id":"in-mrds-10400171","name":"Tingo","resource_type":"Prospect","normalized_resource_group":"mineral_occurrence","commodity_codes":"","grade":"E"},"geometry":{"type":"Point","coordinates":[75.09355000036628,13.686330000120702]}},{"type":"Feature","properties":{"id":"in-mrds-10183576","name":"Tisco Beneficiation Plant","resource_type":"Prospect","normalized_resource_group":"mineral_occurrence","commodity_codes":"CR","grade":"E"},"geometry":{"type":"Point","coordinates":[85.75439000010967,21.028729999539106]}},{"type":"Feature","properties":{"id":"in-mrds-10003832","name":"Adilabad","resource_type":"Occurrence","normalized_resource_group":"mineral_occurrence","commodity_codes":"MN","grade":"C"},"geometry":{"type":"Point","coordinates":[79.61656000078952,22.882860000059093]}},{"type":"Feature","properties":{"id":"in-mrds-10024811","name":"Agargaon","resource_type":"Occurrence","normalized_resource_group":"mineral_occurrence","commodity_codes":"W","grade":"C"},"geometry":{"type":"Point","coordinates":[79.48369000026581,21.09954000007801]}},{"type":"Feature","properties":{"id":"in-mrds-10400132","name":"Almacen","resource_type":"Occurrence","normalized_resource_group":"metallic_minerals","commodity_codes":"CU MO AG","grade":"C"},"geometry":{"type":"Point","coordinates":[75.91713000011899,13.232179999730555]}},{"type":"Feature","properties":{"id":"in-mrds-10081079","name":"Balapur/Hamesha","resource_type":"Occurrence","normalized_resource_group":"mineral_occurrence","commodity_codes":"MN","grade":"C"},"geometry":{"type":"Point","coordinates":[79.70034999958963,21.549499999952893]}},{"type":"Feature","properties":{"id":"in-mrds-10093357","name":"Bauxite - India","resource_type":"Occurrence","normalized_resource_group":"mineral_occurrence","commodity_codes":"AL","grade":"C"},"geometry":{"type":"Point","coordinates":[81.76696999992026,22.66606999946224]}},{"type":"Feature","properties":{"id":"in-mrds-10003846","name":"Garbham","resource_type":"Occurrence","normalized_resource_group":"mineral_occurrence","commodity_codes":"MN","grade":"C"},"geometry":{"type":"Point","coordinates":[79.58500999930305,16.605409999651833]}},{"type":"Feature","properties":{"id":"in-mrds-10003849","name":"Gulla Hurki","resource_type":"Occurrence","normalized_resource_group":"mineral_occurrence","commodity_codes":"MN","grade":"C"},"geometry":{"type":"Point","coordinates":[79.99201999977221,21.878640000520953]}},{"type":"Feature","properties":{"id":"in-mrds-10038984","name":"Gurma Nadi","resource_type":"Occurrence","normalized_resource_group":"metallic_minerals","commodity_codes":"AU PGE_PT","grade":"C"},"geometry":{"type":"Point","coordinates":[86.50016999971615,22.799379999828744]}},{"type":"Feature","properties":{"id":"in-mrds-10255919","name":"Hirakud Dam","resource_type":"Occurrence","normalized_resource_group":"metallic_minerals","commodity_codes":"CU PB ZN","grade":"C"},"geometry":{"type":"Point","coordinates":[82.86027000006143,21.529489999235857]}},{"type":"Feature","properties":{"id":"in-mrds-10024861","name":"Karnataka","resource_type":"Occurrence","normalized_resource_group":"mineral_occurrence","commodity_codes":"V","grade":"C"},"geometry":{"type":"Point","coordinates":[75.30044999996088,13.300270000361754]}},{"type":"Feature","properties":{"id":"in-mrds-10183049","name":"Manjimali","resource_type":"Occurrence","normalized_resource_group":"mineral_occurrence","commodity_codes":"AL FE SIL TI","grade":"C"},"geometry":{"type":"Point","coordinates":[83.15025999974574,19.449680000743186]}},{"type":"Feature","properties":{"id":"in-mrds-10003861","name":"Nishkal","resource_type":"Occurrence","normalized_resource_group":"mineral_occurrence","commodity_codes":"MN","grade":"C"},"geometry":{"type":"Point","coordinates":[83.21693000018422,19.216369999668213]}},{"type":"Feature","properties":{"id":"in-mrds-10024924","name":"Orissa","resource_type":"Occurrence","normalized_resource_group":"mineral_occurrence","commodity_codes":"V","grade":"C"},"geometry":{"type":"Point","coordinates":[86.38349999963397,21.816129999883]}},{"type":"Feature","properties":{"id":"in-mrds-10094105","name":"Ramrama","resource_type":"Occurrence","normalized_resource_group":"mineral_occurrence","commodity_codes":"MN","grade":"C"},"geometry":{"type":"Point","coordinates":[79.94202000012852,21.85503000064133]}},{"type":"Feature","properties":{"id":"in-mrds-10003868","name":"Sandur","resource_type":"Occurrence","normalized_resource_group":"mineral_occurrence","commodity_codes":"MN","grade":"C"},"geometry":{"type":"Point","coordinates":[76.18529999970548,14.687060000000272]}},{"type":"Feature","properties":{"id":"in-mrds-10094874","name":"Shevaroy Hills","resource_type":"Occurrence","normalized_resource_group":"mineral_occurrence","commodity_codes":"AL","grade":"C"},"geometry":{"type":"Point","coordinates":[78.40453999927374,11.005900000579114]}},{"type":"Feature","properties":{"id":"in-mrds-10003870","name":"Singhbhum","resource_type":"Occurrence","normalized_resource_group":"mineral_occurrence","commodity_codes":"MN","grade":"C"},"geometry":{"type":"Point","coordinates":[87.9935099998848,23.791670000244658]}},{"type":"Feature","properties":{"id":"in-mrds-10090204","name":"Agarware","resource_type":"Occurrence","normalized_resource_group":"mineral_occurrence","commodity_codes":"MN","grade":"D"},"geometry":{"type":"Point","coordinates":[80.20867000084695,21.87447000058613]}},{"type":"Feature","properties":{"id":"in-mrds-10280025","name":"Ajitgarh","resource_type":"Occurrence","normalized_resource_group":"metallic_minerals","commodity_codes":"CU","grade":"D"},"geometry":{"type":"Point","coordinates":[74.18051000013172,25.779159999770922]}},{"type":"Feature","properties":{"id":"in-mrds-10134377","name":"Alampara","resource_type":"Occurrence","normalized_resource_group":"mineral_occurrence","commodity_codes":"FE","grade":"D"},"geometry":{"type":"Point","coordinates":[75.867129999577,11.583740000035212]}},{"type":"Feature","properties":{"id":"in-mrds-10003833","name":"Amatola","resource_type":"Occurrence","normalized_resource_group":"mineral_occurrence","commodity_codes":"MN","grade":"D"},"geometry":{"type":"Point","coordinates":[80.11701000018321,21.766149999934214]}},{"type":"Feature","properties":{"id":"in-mrds-10022470","name":"Bababurdan Hills","resource_type":"Occurrence","normalized_resource_group":"mineral_occurrence","commodity_codes":"AL","grade":"D"},"geometry":{"type":"Point","coordinates":[79.61656000078952,22.882860000059093]}},{"type":"Feature","properties":{"id":"in-mrds-10090205","name":"Baihar","resource_type":"Occurrence","normalized_resource_group":"mineral_occurrence","commodity_codes":"MN","grade":"D"},"geometry":{"type":"Point","coordinates":[80.56699999962566,22.049449999953936]}},{"type":"Feature","properties":{"id":"in-mrds-10003834","name":"Banjari","resource_type":"Occurrence","normalized_resource_group":"mineral_occurrence","commodity_codes":"MN","grade":"D"},"geometry":{"type":"Point","coordinates":[80.31700999965629,21.88280000054557]}},{"type":"Feature","properties":{"id":"in-mrds-10003836","name":"Barbaspur","resource_type":"Occurrence","normalized_resource_group":"mineral_occurrence","commodity_codes":"MN","grade":"D"},"geometry":{"type":"Point","coordinates":[80.10866999976292,21.799470000347323]}},{"type":"Feature","properties":{"id":"in-mrds-10068668","name":"Bauxite - India","resource_type":"Occurrence","normalized_resource_group":"mineral_occurrence","commodity_codes":"AL","grade":"D"},"geometry":{"type":"Point","coordinates":[82.76693999984346,22.566070000152745]}},{"type":"Feature","properties":{"id":"in-mrds-10093355","name":"Bauxite - India","resource_type":"Occurrence","normalized_resource_group":"mineral_occurrence","commodity_codes":"AL","grade":"D"},"geometry":{"type":"Point","coordinates":[71.00058999980244,21.999490000272765]}},{"type":"Feature","properties":{"id":"in-mrds-10093356","name":"Bauxite - India","resource_type":"Occurrence","normalized_resource_group":"mineral_occurrence","commodity_codes":"AL","grade":"D"},"geometry":{"type":"Point","coordinates":[81.16698000064841,21.83280000001844]}},{"type":"Feature","properties":{"id":"in-mrds-10093358","name":"Bauxite - India","resource_type":"Occurrence","normalized_resource_group":"mineral_occurrence","commodity_codes":"AL","grade":"D"},"geometry":{"type":"Point","coordinates":[79.61656000078952,22.882860000059093]}},{"type":"Feature","properties":{"id":"in-mrds-10068664","name":"Bauxite - India","resource_type":"Occurrence","normalized_resource_group":"mineral_occurrence","commodity_codes":"AL","grade":"D"},"geometry":{"type":"Point","coordinates":[80.40033999994552,23.699309999680388]}},{"type":"Feature","properties":{"id":"in-mrds-10068667","name":"Bauxite - India","resource_type":"Occurrence","normalized_resource_group":"mineral_occurrence","commodity_codes":"AL","grade":"D"},"geometry":{"type":"Point","coordinates":[81.13365000000289,24.93254000060696]}},{"type":"Feature","properties":{"id":"in-mrds-10068659","name":"Bauxite - India","resource_type":"Occurrence","normalized_resource_group":"mineral_occurrence","commodity_codes":"AL","grade":"D"},"geometry":{"type":"Point","coordinates":[85.00021999985421,21.999459999813144]}},{"type":"Feature","properties":{"id":"in-mrds-10068658","name":"Bauxite - India","resource_type":"Occurrence","normalized_resource_group":"mineral_occurrence","commodity_codes":"AL","grade":"D"},"geometry":{"type":"Point","coordinates":[85.00021999985421,21.999459999813144]}},{"type":"Feature","properties":{"id":"in-mrds-10068663","name":"Bauxite-India","resource_type":"Occurrence","normalized_resource_group":"mineral_occurrence","commodity_codes":"AL","grade":"D"},"geometry":{"type":"Point","coordinates":[76.50041000020974,11.417119999720214]}},{"type":"Feature","properties":{"id":"in-mrds-10182190","name":"Bauxites of the Saurashtra Penins","resource_type":"Occurrence","normalized_resource_group":"mineral_occurrence","commodity_codes":"AL FE SIL TI","grade":"D"},"geometry":{"type":"Point","coordinates":[69.33062000016218,22.10948000034204]}},{"type":"Feature","properties":{"id":"in-mrds-10304013","name":"Beh","resource_type":"Occurrence","normalized_resource_group":"metallic_minerals","commodity_codes":"CU","grade":"D"},"geometry":{"type":"Point","coordinates":[69.46062000013409,22.259470000130587]}},{"type":"Feature","properties":{"id":"in-mrds-10090206","name":"Behrai","resource_type":"Occurrence","normalized_resource_group":"mineral_occurrence","commodity_codes":"MN","grade":"D"},"geometry":{"type":"Point","coordinates":[80.13367000003394,21.849469999985082]}},{"type":"Feature","properties":{"id":"in-mrds-10003838","name":"Bharweli","resource_type":"Occurrence","normalized_resource_group":"mineral_occurrence","commodity_codes":"MN","grade":"D"},"geometry":{"type":"Point","coordinates":[80.23367000021963,21.83280000001844]}},{"type":"Feature","properties":{"id":"in-mrds-10256218","name":"Bidasar","resource_type":"Occurrence","normalized_resource_group":"metallic_minerals","commodity_codes":"CU","grade":"D"},"geometry":{"type":"Point","coordinates":[72.9105599995291,28.24896999924885]}},{"type":"Feature","properties":{"id":"in-mrds-10024950","name":"Bihar","resource_type":"Occurrence","normalized_resource_group":"mineral_occurrence","commodity_codes":"V","grade":"D"},"geometry":{"type":"Point","coordinates":[85.51687000058773,25.215840000200576]}},{"type":"Feature","properties":{"id":"in-mrds-10090207","name":"Bijora","resource_type":"Occurrence","normalized_resource_group":"mineral_occurrence","commodity_codes":"MN","grade":"D"},"geometry":{"type":"Point","coordinates":[80.38367000004902,21.97445999975569]}},{"type":"Feature","properties":{"id":"in-mrds-10003839","name":"Bijora","resource_type":"Occurrence","normalized_resource_group":"mineral_occurrence","commodity_codes":"MN","grade":"D"},"geometry":{"type":"Point","coordinates":[80.38367000004902,21.97445999975569]}},{"type":"Feature","properties":{"id":"in-mrds-10280048","name":"Bilan Kote Bhalan","resource_type":"Occurrence","normalized_resource_group":"metallic_minerals","commodity_codes":"CU","grade":"D"},"geometry":{"type":"Point","coordinates":[77.26045000036676,31.798700000000284]}},{"type":"Feature","properties":{"id":"in-mrds-10003840","name":"Birsola","resource_type":"Occurrence","normalized_resource_group":"mineral_occurrence","commodity_codes":"MN","grade":"D"},"geometry":{"type":"Point","coordinates":[80.11701000018321,21.87447000058613]}},{"type":"Feature","properties":{"id":"in-mrds-10038985","name":"Brahmini River","resource_type":"Occurrence","normalized_resource_group":"mineral_occurrence","commodity_codes":"PGE_PT","grade":"D"},"geometry":{"type":"Point","coordinates":[85.00021999985421,21.116199999919097]}},{"type":"Feature","properties":{"id":"in-mrds-10255761","name":"Bunyar","resource_type":"Occurrence","normalized_resource_group":"metallic_minerals","commodity_codes":"CU PB","grade":"D"},"geometry":{"type":"Point","coordinates":[74.18056000036043,34.12855999956565]}},{"type":"Feature","properties":{"id":"in-mrds-10183435","name":"Chashani","resource_type":"Occurrence","normalized_resource_group":"metallic_minerals","commodity_codes":"CU","grade":"D"},"geometry":{"type":"Point","coordinates":[77.21045999987048,31.798700000000284]}},{"type":"Feature","properties":{"id":"in-mrds-10090208","name":"Chatera","resource_type":"Occurrence","normalized_resource_group":"mineral_occurrence","commodity_codes":"MN","grade":"D"},"geometry":{"type":"Point","coordinates":[80.13367000003394,21.86614000041985]}},{"type":"Feature","properties":{"id":"in-mrds-10304322","name":"Chicholi","resource_type":"Occurrence","normalized_resource_group":"metallic_minerals","commodity_codes":"CU","grade":"D"},"geometry":{"type":"Point","coordinates":[80.66032999984361,21.059539999786253]}},{"type":"Feature","properties":{"id":"in-mrds-10003842","name":"Chiklajhori","resource_type":"Occurrence","normalized_resource_group":"mineral_occurrence","commodity_codes":"MN","grade":"D"},"geometry":{"type":"Point","coordinates":[80.4003299998998,21.949459999964528]}},{"type":"Feature","properties":{"id":"in-mrds-10303754","name":"Chingleput","resource_type":"Occurrence","normalized_resource_group":"mineral_occurrence","commodity_codes":"FE","grade":"D"},"geometry":{"type":"Point","coordinates":[79.98032999929949,12.700320000576703]}},{"type":"Feature","properties":{"id":"in-mrds-10158402","name":"Corbyns: Cove","resource_type":"Occurrence","normalized_resource_group":"metallic_minerals","commodity_codes":"CU","grade":"D"},"geometry":{"type":"Point","coordinates":[92.75000000021447,11.650420000105449]}},{"type":"Feature","properties":{"id":"in-mrds-10073036","name":"Deri","resource_type":"Occurrence","normalized_resource_group":"metallic_minerals","commodity_codes":"ZN PB","grade":"D"},"geometry":{"type":"Point","coordinates":[72.86720999976164,24.882560000454855]}},{"type":"Feature","properties":{"id":"in-mrds-10090209","name":"Dhapera","resource_type":"Occurrence","normalized_resource_group":"mineral_occurrence","commodity_codes":"MN","grade":"D"},"geometry":{"type":"Point","coordinates":[80.16284000051506,21.8911400000606]}},{"type":"Feature","properties":{"id":"in-mrds-10003843","name":"Dhapewata","resource_type":"Occurrence","normalized_resource_group":"mineral_occurrence","commodity_codes":"MN","grade":"D"},"geometry":{"type":"Point","coordinates":[80.1920100000979,21.8911400000606]}},{"type":"Feature","properties":{"id":"in-mrds-10230928","name":"Dhulabera Bholabera","resource_type":"Occurrence","normalized_resource_group":"metallic_minerals","commodity_codes":"ASB CU","grade":"D"},"geometry":{"type":"Point","coordinates":[86.16017999948981,21.999459999813144]}},{"type":"Feature","properties":{"id":"in-mrds-10003844","name":"Dongargaon","resource_type":"Occurrence","normalized_resource_group":"mineral_occurrence","commodity_codes":"MN","grade":"D"},"geometry":{"type":"Point","coordinates":[80.08366999949193,21.716150000235874]}},{"type":"Feature","properties":{"id":"in-mrds-10231459","name":"Doni","resource_type":"Occurrence","normalized_resource_group":"metallic_minerals","commodity_codes":"CU","grade":"D"},"geometry":{"type":"Point","coordinates":[75.71044000058669,15.300080000195262]}},{"type":"Feature","properties":{"id":"in-mrds-10255703","name":"Donkra","resource_type":"Occurrence","normalized_resource_group":"metallic_minerals","commodity_codes":"CU","grade":"D"},"geometry":{"type":"Point","coordinates":[83.91023999962832,22.609400000257267]}},{"type":"Feature","properties":{"id":"in-mrds-10134335","name":"Dul","resource_type":"Occurrence","normalized_resource_group":"metallic_minerals","commodity_codes":"CU","grade":"D"},"geometry":{"type":"Point","coordinates":[75.76050999965226,33.35860000007876]}},{"type":"Feature","properties":{"id":"in-mrds-10090210","name":"Ekodi","resource_type":"Occurrence","normalized_resource_group":"mineral_occurrence","commodity_codes":"MN","grade":"D"},"geometry":{"type":"Point","coordinates":[80.14201000045419,21.791140000376014]}},{"type":"Feature","properties":{"id":"in-mrds-10003845","name":"Enkatola","resource_type":"Occurrence","normalized_resource_group":"mineral_occurrence","commodity_codes":"MN","grade":"D"},"geometry":{"type":"Point","coordinates":[80.16700999982692,21.366180000413284]}},{"type":"Feature","properties":{"id":"in-mrds-10022484","name":"Gandhamardan","resource_type":"Occurrence","normalized_resource_group":"mineral_occurrence","commodity_codes":"AL","grade":"D"},"geometry":{"type":"Point","coordinates":[84.50478000002148,20.56598999997406]}},{"type":"Feature","properties":{"id":"in-mrds-10022483","name":"Gandhamardan","resource_type":"Occurrence","normalized_resource_group":"mineral_occurrence","commodity_codes":"AL","grade":"D"},"geometry":{"type":"Point","coordinates":[79.61656000078952,22.882860000059093]}},{"type":"Feature","properties":{"id":"in-mrds-10022482","name":"Gandhamardham","resource_type":"Occurrence","normalized_resource_group":"mineral_occurrence","commodity_codes":"AL","grade":"D"},"geometry":{"type":"Point","coordinates":[84.50478000002148,20.56598999997406]}},{"type":"Feature","properties":{"id":"in-mrds-10090211","name":"Gaonajhola","resource_type":"Occurrence","normalized_resource_group":"mineral_occurrence","commodity_codes":"MN","grade":"D"},"geometry":{"type":"Point","coordinates":[80.36701000019829,22.007780000396085]}},{"type":"Feature","properties":{"id":"in-mrds-10090212","name":"Garra","resource_type":"Occurrence","normalized_resource_group":"mineral_occurrence","commodity_codes":"MN","grade":"D"},"geometry":{"type":"Point","coordinates":[80.15034000082872,21.799470000347323]}},{"type":"Feature","properties":{"id":"in-mrds-10207281","name":"Ghatashar","resource_type":"Occurrence","normalized_resource_group":"metallic_minerals","commodity_codes":"CU","grade":"D"},"geometry":{"type":"Point","coordinates":[76.10046999974135,27.90897999954665]}},{"type":"Feature","properties":{"id":"in-mrds-10159245","name":"Ghugra","resource_type":"Occurrence","normalized_resource_group":"metallic_minerals","commodity_codes":"CU","grade":"D"},"geometry":{"type":"Point","coordinates":[74.70049999997367,26.499099999784978]}},{"type":"Feature","properties":{"id":"in-mrds-10003848","name":"Gongalpara","resource_type":"Occurrence","normalized_resource_group":"mineral_occurrence","commodity_codes":"MN","grade":"D"},"geometry":{"type":"Point","coordinates":[80.30033999975981,21.899459999746217]}},{"type":"Feature","properties":{"id":"in-mrds-10231394","name":"Govindpur","resource_type":"Occurrence","normalized_resource_group":"metallic_minerals","commodity_codes":"CU","grade":"D"},"geometry":{"type":"Point","coordinates":[79.610350000231,20.479589999832772]}},{"type":"Feature","properties":{"id":"in-mrds-10207193","name":"Gudhah","resource_type":"Occurrence","normalized_resource_group":"metallic_minerals","commodity_codes":"CU","grade":"D"},"geometry":{"type":"Point","coordinates":[76.26046000035208,27.349029999867]}},{"type":"Feature","properties":{"id":"in-mrds-10304243","name":"Guretha","resource_type":"Occurrence","normalized_resource_group":"metallic_minerals","commodity_codes":"CU","grade":"D"},"geometry":{"type":"Point","coordinates":[78.26039999930015,25.12920000000559]}},{"type":"Feature","properties":{"id":"in-mrds-10183658","name":"Harapanahalli","resource_type":"Occurrence","normalized_resource_group":"metallic_minerals","commodity_codes":"CU","grade":"D"},"geometry":{"type":"Point","coordinates":[76.00043999941843,14.780130000350562]}},{"type":"Feature","properties":{"id":"in-mrds-10003850","name":"Hirapur","resource_type":"Occurrence","normalized_resource_group":"mineral_occurrence","commodity_codes":"MN","grade":"D"},"geometry":{"type":"Point","coordinates":[80.24200999974158,21.849469999985082]}},{"type":"Feature","properties":{"id":"in-mrds-10090213","name":"Hirmutola","resource_type":"Occurrence","normalized_resource_group":"mineral_occurrence","commodity_codes":"MN","grade":"D"},"geometry":{"type":"Point","coordinates":[80.13367000003394,21.982789999798896]}},{"type":"Feature","properties":{"id":"in-mrds-10279588","name":"Holalagondi","resource_type":"Occurrence","normalized_resource_group":"metallic_minerals","commodity_codes":"CU","grade":"D"},"geometry":{"type":"Point","coordinates":[77.05040999988363,15.480060000514536]}},{"type":"Feature","properties":{"id":"in-mrds-10003851","name":"Jaitpuri","resource_type":"Occurrence","normalized_resource_group":"mineral_occurrence","commodity_codes":"MN","grade":"D"},"geometry":{"type":"Point","coordinates":[80.36701000019829,22.016119999784873]}},{"type":"Feature","properties":{"id":"in-mrds-10133990","name":"Jalkavadi","resource_type":"Occurrence","normalized_resource_group":"metallic_minerals","commodity_codes":"CU","grade":"D"},"geometry":{"type":"Point","coordinates":[73.75049000040951,17.39988999956365]}},{"type":"Feature","properties":{"id":"in-mrds-10090214","name":"Jamunjhola","resource_type":"Occurrence","normalized_resource_group":"mineral_occurrence","commodity_codes":"MN","grade":"D"},"geometry":{"type":"Point","coordinates":[80.23784000042977,21.921680000275142]}},{"type":"Feature","properties":{"id":"in-mrds-10022487","name":"Jerralla","resource_type":"Occurrence","normalized_resource_group":"mineral_occurrence","commodity_codes":"AL","grade":"D"},"geometry":{"type":"Point","coordinates":[79.61656000078952,22.882860000059093]}},{"type":"Feature","properties":{"id":"in-mrds-10304012","name":"Jhari","resource_type":"Occurrence","normalized_resource_group":"metallic_minerals","commodity_codes":"CU PB AG","grade":"D"},"geometry":{"type":"Point","coordinates":[77.3004500000817,31.998689999875353]}},{"type":"Feature","properties":{"id":"in-mrds-10003853","name":"Kanatola","resource_type":"Occurrence","normalized_resource_group":"mineral_occurrence","commodity_codes":"MN","grade":"D"},"geometry":{"type":"Point","coordinates":[80.3503400003018,21.87447000058613]}},{"type":"Feature","properties":{"id":"in-mrds-10003854","name":"Katangi","resource_type":"Occurrence","normalized_resource_group":"mineral_occurrence","commodity_codes":"MN","grade":"D"},"geometry":{"type":"Point","coordinates":[79.80034999977536,21.766149999934214]}},{"type":"Feature","properties":{"id":"in-mrds-10090215","name":"Kategaon","resource_type":"Occurrence","normalized_resource_group":"mineral_occurrence","commodity_codes":"MN","grade":"D"},"geometry":{"type":"Point","coordinates":[80.15866999940661,21.991130000401103]}},{"type":"Feature","properties":{"id":"in-mrds-10003855","name":"Kera","resource_type":"Occurrence","normalized_resource_group":"mineral_occurrence","commodity_codes":"MN","grade":"D"},"geometry":{"type":"Point","coordinates":[80.11701000018321,21.749480000384974]}},{"type":"Feature","properties":{"id":"in-mrds-10158817","name":"Kesarpur","resource_type":"Occurrence","normalized_resource_group":"metallic_minerals","commodity_codes":"CU","grade":"D"},"geometry":{"type":"Point","coordinates":[86.68016999933175,22.099439999909137]}},{"type":"Feature","properties":{"id":"in-mrds-10182936","name":"Khajjidoni Kucherdowee","resource_type":"Occurrence","normalized_resource_group":"metallic_minerals","commodity_codes":"CU","grade":"D"},"geometry":{"type":"Point","coordinates":[75.51045000026102,16.15999999970076]}},{"type":"Feature","properties":{"id":"in-mrds-10158744","name":"Khalara Hills","resource_type":"Occurrence","normalized_resource_group":"metallic_minerals","commodity_codes":"CU","grade":"D"},"geometry":{"type":"Point","coordinates":[76.06047000002641,28.058969999393273]}},{"type":"Feature","properties":{"id":"in-mrds-10090216","name":"Khara","resource_type":"Occurrence","normalized_resource_group":"mineral_occurrence","commodity_codes":"MN","grade":"D"},"geometry":{"type":"Point","coordinates":[80.26701000001259,21.96613000004076]}},{"type":"Feature","properties":{"id":"in-mrds-10256782","name":"Khura Surajpura","resource_type":"Occurrence","normalized_resource_group":"metallic_minerals","commodity_codes":"CU","grade":"D"},"geometry":{"type":"Point","coordinates":[79.16038000088,24.709229999951578]}},{"type":"Feature","properties":{"id":"in-mrds-10230824","name":"Kiriap","resource_type":"Occurrence","normalized_resource_group":"metallic_minerals","commodity_codes":"CU","grade":"D"},"geometry":{"type":"Point","coordinates":[74.55050000014424,26.159119999475724]}},{"type":"Feature","properties":{"id":"in-mrds-10003856","name":"Kokma","resource_type":"Occurrence","normalized_resource_group":"mineral_occurrence","commodity_codes":"MN","grade":"D"},"geometry":{"type":"Point","coordinates":[80.26701000001259,21.982789999798896]}},{"type":"Feature","properties":{"id":"in-mrds-10022494","name":"Kolhapur","resource_type":"Occurrence","normalized_resource_group":"mineral_occurrence","commodity_codes":"AL","grade":"D"},"geometry":{"type":"Point","coordinates":[76.13324000052025,19.450260000125258]}},{"type":"Feature","properties":{"id":"in-mrds-10231461","name":"Kolhapur","resource_type":"Occurrence","normalized_resource_group":"metallic_minerals","commodity_codes":"CU","grade":"D"},"geometry":{"type":"Point","coordinates":[74.20047999985194,16.699950000673855]}},{"type":"Feature","properties":{"id":"in-mrds-10022495","name":"Kolhapur Dist","resource_type":"Occurrence","normalized_resource_group":"mineral_occurrence","commodity_codes":"AL","grade":"D"},"geometry":{"type":"Point","coordinates":[76.13324000052025,19.450260000125258]}},{"type":"Feature","properties":{"id":"in-mrds-10003857","name":"Kosmi","resource_type":"Occurrence","normalized_resource_group":"mineral_occurrence","commodity_codes":"MN","grade":"D"},"geometry":{"type":"Point","coordinates":[80.20867000084695,21.799470000347323]}},{"type":"Feature","properties":{"id":"in-mrds-10090217","name":"Kot Pahar","resource_type":"Occurrence","normalized_resource_group":"mineral_occurrence","commodity_codes":"MN","grade":"D"},"geometry":{"type":"Point","coordinates":[80.40865999937598,21.8911400000606]}},{"type":"Feature","properties":{"id":"in-mrds-10003858","name":"Kurthitola","resource_type":"Occurrence","normalized_resource_group":"mineral_occurrence","commodity_codes":"MN","grade":"D"},"geometry":{"type":"Point","coordinates":[80.25034000011611,21.949459999964528]}},{"type":"Feature","properties":{"id":"in-mrds-10207094","name":"Kusumbani","resource_type":"Occurrence","normalized_resource_group":"metallic_minerals","commodity_codes":"CU","grade":"D"},"geometry":{"type":"Point","coordinates":[86.70017000008754,22.0594400002018]}},{"type":"Feature","properties":{"id":"in-mrds-10023343","name":"Lapso Buru Mine","resource_type":"Occurrence","normalized_resource_group":"mineral_occurrence","commodity_codes":"KYN","grade":"D"},"geometry":{"type":"Point","coordinates":[85.41687000040204,22.83270999964203]}},{"type":"Feature","properties":{"id":"in-mrds-10022498","name":"Lohardaga","resource_type":"Occurrence","normalized_resource_group":"mineral_occurrence","commodity_codes":"AL","grade":"D"},"geometry":{"type":"Point","coordinates":[85.59235000000315,24.759429999943002]}},{"type":"Feature","properties":{"id":"in-mrds-60000828","name":"Maharashtra State","resource_type":"Occurrence","normalized_resource_group":"mineral_occurrence","commodity_codes":"V","grade":"D"},"geometry":{"type":"Point","coordinates":[79.68364999955594,21.132829999981226]}},{"type":"Feature","properties":{"id":"in-mrds-10022500","name":"Mahipalgarh","resource_type":"Occurrence","normalized_resource_group":"mineral_occurrence","commodity_codes":"AL","grade":"D"},"geometry":{"type":"Point","coordinates":[76.13324000052025,19.450260000125258]}},{"type":"Feature","properties":{"id":"in-mrds-10090218","name":"Manegaon","resource_type":"Occurrence","normalized_resource_group":"mineral_occurrence","commodity_codes":"MN","grade":"D"},"geometry":{"type":"Point","coordinates":[80.25034000011611,21.849469999985082]}},{"type":"Feature","properties":{"id":"in-mrds-10022509","name":"Milgiri Hills","resource_type":"Occurrence","normalized_resource_group":"mineral_occurrence","commodity_codes":"AL","grade":"D"},"geometry":{"type":"Point","coordinates":[78.40453999927374,11.005900000579114]}},{"type":"Feature","properties":{"id":"in-mrds-10022503","name":"Mira Dongar Plateau","resource_type":"Occurrence","normalized_resource_group":"mineral_occurrence","commodity_codes":"AL","grade":"D"},"geometry":{"type":"Point","coordinates":[76.13324000052025,19.450260000125258]}},{"type":"Feature","properties":{"id":"in-mrds-10134073","name":"Naduvallur","resource_type":"Occurrence","normalized_resource_group":"mineral_occurrence","commodity_codes":"FE","grade":"D"},"geometry":{"type":"Point","coordinates":[75.81712999993329,11.3837599996472]}},{"type":"Feature","properties":{"id":"in-mrds-10159152","name":"Nanminda","resource_type":"Occurrence","normalized_resource_group":"mineral_occurrence","commodity_codes":"FE","grade":"D"},"geometry":{"type":"Point","coordinates":[75.76713000028958,11.400460000522262]}},{"type":"Feature","properties":{"id":"in-mrds-10133919","name":"Odiyandal","resource_type":"Occurrence","normalized_resource_group":"metallic_minerals","commodity_codes":"CU","grade":"D"},"geometry":{"type":"Point","coordinates":[79.03034999987257,11.950399999712069]}},{"type":"Feature","properties":{"id":"in-mrds-10134027","name":"Ongole and Gundlakamma Groups","resource_type":"Occurrence","normalized_resource_group":"mineral_occurrence","commodity_codes":"FE","grade":"D"},"geometry":{"type":"Point","coordinates":[80.0603299996277,15.500049999802624]}},{"type":"Feature","properties":{"id":"in-mrds-10279510","name":"Pakkam","resource_type":"Occurrence","normalized_resource_group":"metallic_minerals","commodity_codes":"CU","grade":"D"},"geometry":{"type":"Point","coordinates":[78.96035000037138,11.950399999712069]}},{"type":"Feature","properties":{"id":"in-mrds-10022521","name":"Palami Hills","resource_type":"Occurrence","normalized_resource_group":"mineral_occurrence","commodity_codes":"AL","grade":"D"},"geometry":{"type":"Point","coordinates":[76.13324000052025,19.450260000125258]}},{"type":"Feature","properties":{"id":"in-mrds-10022522","name":"Palni Hills","resource_type":"Occurrence","normalized_resource_group":"mineral_occurrence","commodity_codes":"AL","grade":"D"},"geometry":{"type":"Point","coordinates":[78.40453999927374,11.005900000579114]}},{"type":"Feature","properties":{"id":"in-mrds-10037828","name":"Patkai Ranges","resource_type":"Occurrence","normalized_resource_group":"metallic_minerals","commodity_codes":"PGE_PT PGE_OS PGE_IR AU","grade":"D"},"geometry":{"type":"Point","coordinates":[95.67519999959927,26.89292000050412]}},{"type":"Feature","properties":{"id":"in-mrds-10003862","name":"Peli","resource_type":"Occurrence","normalized_resource_group":"mineral_occurrence","commodity_codes":"MN","grade":"D"},"geometry":{"type":"Point","coordinates":[80.26701000001259,21.86614000041985]}},{"type":"Feature","properties":{"id":"in-mrds-10090219","name":"Pindkapar","resource_type":"Occurrence","normalized_resource_group":"mineral_occurrence","commodity_codes":"MN","grade":"D"},"geometry":{"type":"Point","coordinates":[80.4336600005453,21.982789999798896]}},{"type":"Feature","properties":{"id":"in-mrds-10003863","name":"Piparia","resource_type":"Occurrence","normalized_resource_group":"mineral_occurrence","commodity_codes":"MN","grade":"D"},"geometry":{"type":"Point","coordinates":[80.16700999982692,21.749480000384974]}},{"type":"Feature","properties":{"id":"in-mrds-10090220","name":"Pipartola","resource_type":"Occurrence","normalized_resource_group":"mineral_occurrence","commodity_codes":"MN","grade":"D"},"geometry":{"type":"Point","coordinates":[80.20867000084695,21.87447000058613]}},{"type":"Feature","properties":{"id":"in-mrds-10003864","name":"Polwatur","resource_type":"Occurrence","normalized_resource_group":"mineral_occurrence","commodity_codes":"MN","grade":"D"},"geometry":{"type":"Point","coordinates":[80.29201000028361,21.999469999689396]}},{"type":"Feature","properties":{"id":"in-mrds-10304196","name":"Pondi-Sleemanabad Copper Belt","resource_type":"Occurrence","normalized_resource_group":"metallic_minerals","commodity_codes":"CU","grade":"D"},"geometry":{"type":"Point","coordinates":[80.41033999987427,23.65930999972352]}},{"type":"Feature","properties":{"id":"in-mrds-10003865","name":"Rajpur","resource_type":"Occurrence","normalized_resource_group":"mineral_occurrence","commodity_codes":"MN","grade":"D"},"geometry":{"type":"Point","coordinates":[80.36701000019829,21.982789999798896]}},{"type":"Feature","properties":{"id":"in-mrds-10022530","name":"Raktidadar","resource_type":"Occurrence","normalized_resource_group":"mineral_occurrence","commodity_codes":"AL","grade":"D"},"geometry":{"type":"Point","coordinates":[79.61656000078952,22.882860000059093]}},{"type":"Feature","properties":{"id":"in-mrds-10022576","name":"Ranchi-Palamau","resource_type":"Occurrence","normalized_resource_group":"mineral_occurrence","commodity_codes":"AL","grade":"D"},"geometry":{"type":"Point","coordinates":[85.59235000000315,24.759429999943002]}},{"type":"Feature","properties":{"id":"in-mrds-10206730","name":"Rangbar","resource_type":"Occurrence","normalized_resource_group":"metallic_minerals","commodity_codes":"CU","grade":"D"},"geometry":{"type":"Point","coordinates":[78.40042000019064,31.84868999997733]}},{"type":"Feature","properties":{"id":"in-mrds-10158636","name":"Ropa","resource_type":"Occurrence","normalized_resource_group":"metallic_minerals","commodity_codes":"CU","grade":"D"},"geometry":{"type":"Point","coordinates":[78.43041999997685,31.798689999908113]}},{"type":"Feature","properties":{"id":"in-mrds-10022534","name":"Sabarkantha Dist.","resource_type":"Occurrence","normalized_resource_group":"mineral_occurrence","commodity_codes":"AL","grade":"D"},"geometry":{"type":"Point","coordinates":[71.55622000007672,22.703290000555484]}},{"type":"Feature","properties":{"id":"in-mrds-10022570","name":"Salem","resource_type":"Occurrence","normalized_resource_group":"mineral_occurrence","commodity_codes":"AL","grade":"D"},"geometry":{"type":"Point","coordinates":[79.61656000078952,22.882860000059093]}},{"type":"Feature","properties":{"id":"in-mrds-10090221","name":"Salpa","resource_type":"Occurrence","normalized_resource_group":"mineral_occurrence","commodity_codes":"MN","grade":"D"},"geometry":{"type":"Point","coordinates":[80.3503400003018,21.999469999689396]}},{"type":"Feature","properties":{"id":"in-mrds-10022535","name":"Sambalpur","resource_type":"Occurrence","normalized_resource_group":"mineral_occurrence","commodity_codes":"AL","grade":"D"},"geometry":{"type":"Point","coordinates":[84.50478000002148,20.56598999997406]}},{"type":"Feature","properties":{"id":"in-mrds-10003867","name":"Samnapur","resource_type":"Occurrence","normalized_resource_group":"mineral_occurrence","commodity_codes":"MN","grade":"D"},"geometry":{"type":"Point","coordinates":[80.483660000189,21.96613000004076]}},{"type":"Feature","properties":{"id":"in-mrds-10090222","name":"Samnapur R.S","resource_type":"Occurrence","normalized_resource_group":"mineral_occurrence","commodity_codes":"MN","grade":"D"},"geometry":{"type":"Point","coordinates":[80.3503400003018,21.86614000041985]}},{"type":"Feature","properties":{"id":"in-mrds-10256115","name":"Sandur","resource_type":"Occurrence","normalized_resource_group":"metallic_minerals","commodity_codes":"CU","grade":"D"},"geometry":{"type":"Point","coordinates":[76.55041999989916,15.080100000365832]}},{"type":"Feature","properties":{"id":"in-mrds-10022572","name":"Satara Dist.","resource_type":"Occurrence","normalized_resource_group":"mineral_occurrence","commodity_codes":"AL","grade":"D"},"geometry":{"type":"Point","coordinates":[76.13324000052025,19.450260000125258]}},{"type":"Feature","properties":{"id":"in-mrds-10094861","name":"Satara Dist.","resource_type":"Occurrence","normalized_resource_group":"mineral_occurrence","commodity_codes":"AL","grade":"D"},"geometry":{"type":"Point","coordinates":[76.13324000052025,19.450260000125258]}},{"type":"Feature","properties":{"id":"in-mrds-10022541","name":"Saurashtra","resource_type":"Occurrence","normalized_resource_group":"mineral_occurrence","commodity_codes":"AL","grade":"D"},"geometry":{"type":"Point","coordinates":[71.55622000007672,22.703290000555484]}},{"type":"Feature","properties":{"id":"in-mrds-10008260","name":"Shaltora Area","resource_type":"Occurrence","normalized_resource_group":"mineral_occurrence","commodity_codes":"FE TI_M V","grade":"D"},"geometry":{"type":"Point","coordinates":[86.91683000030969,23.415989999958107]}},{"type":"Feature","properties":{"id":"in-mrds-10094862","name":"Sheveroy","resource_type":"Occurrence","normalized_resource_group":"mineral_occurrence","commodity_codes":"AL","grade":"D"},"geometry":{"type":"Point","coordinates":[79.61656000078952,22.882860000059093]}},{"type":"Feature","properties":{"id":"in-mrds-10230859","name":"Simurkocha","resource_type":"Occurrence","normalized_resource_group":"metallic_minerals","commodity_codes":"CU","grade":"D"},"geometry":{"type":"Point","coordinates":[83.85024000005588,22.57939999947039]}},{"type":"Feature","properties":{"id":"in-mrds-10003871","name":"Sonawani","resource_type":"Occurrence","normalized_resource_group":"mineral_occurrence","commodity_codes":"MN","grade":"D"},"geometry":{"type":"Point","coordinates":[80.3503400003018,21.86614000041985]}},{"type":"Feature","properties":{"id":"in-mrds-10090223","name":"Sonpuri","resource_type":"Occurrence","normalized_resource_group":"mineral_occurrence","commodity_codes":"MN","grade":"D"},"geometry":{"type":"Point","coordinates":[80.46700000033827,21.949459999964528]}},{"type":"Feature","properties":{"id":"in-mrds-10008263","name":"Summary of Deposits In Mysore","resource_type":"Occurrence","normalized_resource_group":"mineral_occurrence","commodity_codes":"FE TI_M V","grade":"D"},"geometry":{"type":"Point","coordinates":[79.61656000078952,22.882860000059093]}},{"type":"Feature","properties":{"id":"in-mrds-10094863","name":"Surat Dist.","resource_type":"Occurrence","normalized_resource_group":"mineral_occurrence","commodity_codes":"AL","grade":"D"},"geometry":{"type":"Point","coordinates":[71.55622000007672,22.703290000555484]}},{"type":"Feature","properties":{"id":"in-mrds-10118317","name":"Surtur","resource_type":"Occurrence","normalized_resource_group":"metallic_minerals","commodity_codes":"CU","grade":"D"},"geometry":{"type":"Point","coordinates":[75.66044000004466,15.250080000567745]}},{"type":"Feature","properties":{"id":"in-mrds-10090224","name":"Talabori","resource_type":"Occurrence","normalized_resource_group":"mineral_occurrence","commodity_codes":"MN","grade":"D"},"geometry":{"type":"Point","coordinates":[80.31700999965629,21.949459999964528]}},{"type":"Feature","properties":{"id":"in-mrds-10094864","name":"Thana","resource_type":"Occurrence","normalized_resource_group":"mineral_occurrence","commodity_codes":"AL","grade":"D"},"geometry":{"type":"Point","coordinates":[76.13324000052025,19.450260000125258]}},{"type":"Feature","properties":{"id":"in-mrds-10022546","name":"Thana Dist.","resource_type":"Occurrence","normalized_resource_group":"mineral_occurrence","commodity_codes":"AL","grade":"D"},"geometry":{"type":"Point","coordinates":[76.13324000052025,19.450260000125258]}},{"type":"Feature","properties":{"id":"in-mrds-10008262","name":"Tiruvuru Area","resource_type":"Occurrence","normalized_resource_group":"mineral_occurrence","commodity_codes":"FE TI_M V","grade":"D"},"geometry":{"type":"Point","coordinates":[80.00034000010102,16.99991999991798]}},{"type":"Feature","properties":{"id":"in-mrds-10003872","name":"Titwa","resource_type":"Occurrence","normalized_resource_group":"mineral_occurrence","commodity_codes":"MN","grade":"D"},"geometry":{"type":"Point","coordinates":[80.13367000003394,21.99528999994973]}},{"type":"Feature","properties":{"id":"in-mrds-10038983","name":"Tungar Hill","resource_type":"Occurrence","normalized_resource_group":"mineral_occurrence","commodity_codes":"AL PGE_PT","grade":"D"},"geometry":{"type":"Point","coordinates":[72.86718999967017,19.34971000017141]}},{"type":"Feature","properties":{"id":"in-mrds-10022569","name":"Tungar Hills","resource_type":"Occurrence","normalized_resource_group":"mineral_occurrence","commodity_codes":"AL","grade":"D"},"geometry":{"type":"Point","coordinates":[76.13324000052025,19.450260000125258]}},{"type":"Feature","properties":{"id":"in-mrds-10090225","name":"Umardaoni","resource_type":"Occurrence","normalized_resource_group":"mineral_occurrence","commodity_codes":"MN","grade":"D"},"geometry":{"type":"Point","coordinates":[80.23367000021963,21.92724000059942]}},{"type":"Feature","properties":{"id":"in-mrds-10182965","name":"Veppur","resource_type":"Occurrence","normalized_resource_group":"metallic_minerals","commodity_codes":"CU","grade":"D"},"geometry":{"type":"Point","coordinates":[79.05035000062834,11.310460000052526]}},{"type":"Feature","properties":{"id":"in-mrds-10183599","name":"Wararband","resource_type":"Occurrence","normalized_resource_group":"metallic_minerals","commodity_codes":"CU","grade":"D"},"geometry":{"type":"Point","coordinates":[80.83032000038307,21.059539999786253]}},{"type":"Feature","properties":{"id":"in-mrds-10003875","name":"Waraseoni","resource_type":"Occurrence","normalized_resource_group":"mineral_occurrence","commodity_codes":"MN","grade":"D"},"geometry":{"type":"Point","coordinates":[80.0420099993702,21.766149999934214]}},{"type":"Feature","properties":{"id":"in-mrds-10111419","name":"Gandhamasdan","resource_type":"Unknown","normalized_resource_group":"mineral_occurrence","commodity_codes":"AL","grade":"C"},"geometry":{"type":"Point","coordinates":[84.50478000002148,20.56598999997406]}},{"type":"Feature","properties":{"id":"in-mrds-10182148","name":"Gujarat Mineral Development Co.","resource_type":"Unknown","normalized_resource_group":"metallic_minerals","commodity_codes":"CU F PB ZN","grade":"C"},"geometry":{"type":"Point","coordinates":[74.01719999960575,22.31613999976646]}},{"type":"Feature","properties":{"id":"in-mrds-10159307","name":"Kajlidongri Mine","resource_type":"Unknown","normalized_resource_group":"mineral_occurrence","commodity_codes":"FE MN P SIL","grade":"C"},"geometry":{"type":"Point","coordinates":[73.33382000066851,22.49942999961436]}},{"type":"Feature","properties":{"id":"in-mrds-10400157","name":"Los Pinos","resource_type":"Unknown","normalized_resource_group":"metallic_minerals","commodity_codes":"CU","grade":"C"},"geometry":{"type":"Point","coordinates":[76.1398200000763,12.976099999823981]}},{"type":"Feature","properties":{"id":"in-mrds-10400163","name":"Puquio","resource_type":"Unknown","normalized_resource_group":"metallic_minerals","commodity_codes":"CU","grade":"C"},"geometry":{"type":"Point","coordinates":[75.35044999960458,13.929410000406252]}},{"type":"Feature","properties":{"id":"in-mrds-10256120","name":"Sivarajpur Mine","resource_type":"Unknown","normalized_resource_group":"mineral_occurrence","commodity_codes":"MN P SIL","grade":"C"},"geometry":{"type":"Point","coordinates":[73.33382000066851,22.49942999961436]}},{"type":"Feature","properties":{"id":"in-mrds-10281058","name":"Sittampundi","resource_type":"Unknown","normalized_resource_group":"mineral_occurrence","commodity_codes":"CR","grade":"D"},"geometry":{"type":"Point","coordinates":[77.90038000087574,11.250470000256366]}},{"type":"Feature","properties":{"id":"in-mrds-10400145","name":"Chavez N2 Concesion","resource_type":"Unknown","normalized_resource_group":"mineral_occurrence","commodity_codes":"","grade":"E"},"geometry":{"type":"Point","coordinates":[75.41715000018029,14.233480000566317]}},{"type":"Feature","properties":{"id":"in-mrds-10400147","name":"Eliana","resource_type":"Unknown","normalized_resource_group":"mineral_occurrence","commodity_codes":"","grade":"E"},"geometry":{"type":"Point","coordinates":[75.71713999979333,13.76692000003732]}}]}