{"type":"FeatureCollection","features":[{"type":"Feature","properties":{"id":"china-osm-rail-station-1675935526","name":"歙县","station_type":"railway_station","source_region":"anhui","source_osm_id":"1675935526"},"geometry":{"type":"Point","coordinates":[118.406185,29.869103]}},{"type":"Feature","properties":{"id":"china-osm-rail-station-9242148048","name":"歙县北","station_type":"railway_station","source_region":"anhui","source_osm_id":"9242148048"},"geometry":{"type":"Point","coordinates":[118.4051782,29.9243518]}},{"type":"Feature","properties":{"id":"china-osm-rail-station-7272083210","name":"三昆","station_type":"railway_station","source_region":"anhui","source_osm_id":"7272083210"},"geometry":{"type":"Point","coordinates":[118.4735718,29.9355094]}},{"type":"Feature","properties":{"id":"china-osm-rail-station-7272083209","name":"临溪","station_type":"railway_station","source_region":"anhui","source_osm_id":"7272083209"},"geometry":{"type":"Point","coordinates":[118.53055,29.9906978]}},{"type":"Feature","properties":{"id":"china-osm-rail-station-5728132767","name":"三阳","station_type":"railway_station","source_region":"anhui","source_osm_id":"5728132767"},"geometry":{"type":"Point","coordinates":[118.8018823,30.0294857]}},{"type":"Feature","properties":{"id":"china-osm-rail-station-7272083204","name":"绩溪县","station_type":"railway_station","source_region":"anhui","source_osm_id":"7272083204"},"geometry":{"type":"Point","coordinates":[118.5790202,30.0583437]}},{"type":"Feature","properties":{"id":"china-osm-rail-station-9242148049","name":"绩溪北","station_type":"railway_station","source_region":"anhui","source_osm_id":"9242148049"},"geometry":{"type":"Point","coordinates":[118.5666847,30.0737828]}},{"type":"Feature","properties":{"id":"china-osm-rail-station-7272083203","name":"郎家溪","station_type":"railway_station","source_region":"anhui","source_osm_id":"7272083203"},"geometry":{"type":"Point","coordinates":[118.6017895,30.0946963]}},{"type":"Feature","properties":{"id":"china-osm-rail-station-7272083202","name":"际坑口","station_type":"railway_station","source_region":"anhui","source_osm_id":"7272083202"},"geometry":{"type":"Point","coordinates":[118.6311811,30.1421258]}},{"type":"Feature","properties":{"id":"china-osm-rail-station-7272083201","name":"黄土坑","station_type":"railway_station","source_region":"anhui","source_osm_id":"7272083201"},"geometry":{"type":"Point","coordinates":[118.70278,30.236527]}},{"type":"Feature","properties":{"id":"china-osm-rail-station-7042327418","name":"倒湖","station_type":"railway_station","source_region":"anhui","source_osm_id":"7042327418"},"geometry":{"type":"Point","coordinates":[117.4541116,29.6870816]}},{"type":"Feature","properties":{"id":"china-osm-rail-station-7272083221","name":"溶口","station_type":"railway_station","source_region":"anhui","source_osm_id":"7272083221"},"geometry":{"type":"Point","coordinates":[117.5395596,29.734393]}},{"type":"Feature","properties":{"id":"china-osm-rail-station-7272083220","name":"新红光","station_type":"railway_station","source_region":"anhui","source_osm_id":"7272083220"},"geometry":{"type":"Point","coordinates":[117.5868309,29.7834634]}},{"type":"Feature","properties":{"id":"china-osm-rail-station-7272083219","name":"侯潭","station_type":"railway_station","source_region":"anhui","source_osm_id":"7272083219"},"geometry":{"type":"Point","coordinates":[117.6714331,29.809187]}},{"type":"Feature","properties":{"id":"china-osm-rail-station-7272083216","name":"黟县","station_type":"railway_station","source_region":"anhui","source_osm_id":"7272083216"},"geometry":{"type":"Point","coordinates":[117.9776072,29.8333242]}},{"type":"Feature","properties":{"id":"china-osm-rail-station-11237678497","name":"祁门南","station_type":"railway_station","source_region":"anhui","source_osm_id":"11237678497"},"geometry":{"type":"Point","coordinates":[117.6942173,29.834343]}},{"type":"Feature","properties":{"id":"china-osm-rail-station-7272083217","name":"北坑","station_type":"railway_station","source_region":"anhui","source_osm_id":"7272083217"},"geometry":{"type":"Point","coordinates":[117.9022157,29.8427006]}},{"type":"Feature","properties":{"id":"china-osm-rail-station-7272083218","name":"金字牌","station_type":"railway_station","source_region":"anhui","source_osm_id":"7272083218"},"geometry":{"type":"Point","coordinates":[117.8110206,29.8470185]}},{"type":"Feature","properties":{"id":"china-osm-rail-station-1675935522","name":"祁门","station_type":"railway_station","source_region":"anhui","source_osm_id":"1675935522"},"geometry":{"type":"Point","coordinates":[117.7246028,29.848956]}},{"type":"Feature","properties":{"id":"china-osm-rail-station-8509723167","name":"涓桥","station_type":"railway_station","source_region":"anhui","source_osm_id":"8509723167"},"geometry":{"type":"Point","coordinates":[117.3999754,30.5189642]}},{"type":"Feature","properties":{"id":"china-osm-rail-station-778220947","name":"黄山","station_type":"railway_station","source_region":"anhui","source_osm_id":"778220947"},"geometry":{"type":"Point","coordinates":[118.3170111,29.7248544]}},{"type":"Feature","properties":{"id":"china-osm-rail-station-7272083213","name":"金村","station_type":"railway_station","source_region":"anhui","source_osm_id":"7272083213"},"geometry":{"type":"Point","coordinates":[118.2414561,29.7795222]}},{"type":"Feature","properties":{"id":"china-osm-rail-station-7272083212","name":"篁墩","station_type":"railway_station","source_region":"anhui","source_osm_id":"7272083212"},"geometry":{"type":"Point","coordinates":[118.3574027,29.7798225]}},{"type":"Feature","properties":{"id":"china-osm-rail-station-7272083214","name":"休宁","station_type":"railway_station","source_region":"anhui","source_osm_id":"7272083214"},"geometry":{"type":"Point","coordinates":[118.1752539,29.7962126]}},{"type":"Feature","properties":{"id":"china-osm-rail-station-7272083215","name":"岩前","station_type":"railway_station","source_region":"anhui","source_osm_id":"7272083215"},"geometry":{"type":"Point","coordinates":[118.0743518,29.8160559]}},{"type":"Feature","properties":{"id":"china-osm-rail-station-3656291049","name":"黄山北","station_type":"railway_station","source_region":"anhui","source_osm_id":"3656291049"},"geometry":{"type":"Point","coordinates":[118.2673395,29.8183365]}},{"type":"Feature","properties":{"id":"china-osm-rail-station-7272083211","name":"岩寺","station_type":"railway_station","source_region":"anhui","source_osm_id":"7272083211"},"geometry":{"type":"Point","coordinates":[118.3600875,29.8392549]}},{"type":"Feature","properties":{"id":"china-osm-rail-station-10666136336","name":"黟县东","station_type":"railway_station","source_region":"anhui","source_osm_id":"10666136336"},"geometry":{"type":"Point","coordinates":[118.0429002,29.8873331]}},{"type":"Feature","properties":{"id":"china-osm-rail-station-10667605781","name":"黄山西","station_type":"railway_station","source_region":"anhui","source_osm_id":"10667605781"},"geometry":{"type":"Point","coordinates":[118.0846561,30.2797295]}},{"type":"Feature","properties":{"id":"china-osm-rail-station-9524548104","name":"泾县","station_type":"railway_station","source_region":"anhui","source_osm_id":"9524548104"},"geometry":{"type":"Point","coordinates":[118.3834924,30.6607147]}},{"type":"Feature","properties":{"id":"china-osm-rail-station-7272083200","name":"金沙","station_type":"railway_station","source_region":"anhui","source_osm_id":"7272083200"},"geometry":{"type":"Point","coordinates":[118.7402183,30.2731985]}},{"type":"Feature","properties":{"id":"china-osm-rail-station-13048463742","name":"旌德","station_type":"railway_station","source_region":"anhui","source_osm_id":"13048463742"},"geometry":{"type":"Point","coordinates":[118.5240859,30.2946754]}},{"type":"Feature","properties":{"id":"china-osm-rail-station-7272083199","name":"胡乐","station_type":"railway_station","source_region":"anhui","source_osm_id":"7272083199"},"geometry":{"type":"Point","coordinates":[118.7755108,30.3472271]}},{"type":"Feature","properties":{"id":"china-osm-rail-station-7272083198","name":"甲路","station_type":"railway_station","source_region":"anhui","source_osm_id":"7272083198"},"geometry":{"type":"Point","coordinates":[118.8447869,30.4200156]}},{"type":"Feature","properties":{"id":"china-osm-rail-station-7272083197","name":"府祝","station_type":"railway_station","source_region":"anhui","source_osm_id":"7272083197"},"geometry":{"type":"Point","coordinates":[118.9232683,30.4524981]}},{"type":"Feature","properties":{"id":"china-osm-rail-station-7272083196","name":"霞西","station_type":"railway_station","source_region":"anhui","source_osm_id":"7272083196"},"geometry":{"type":"Point","coordinates":[118.9417541,30.518281]}},{"type":"Feature","properties":{"id":"china-osm-rail-station-11222071214","name":"宁国南","station_type":"railway_station","source_region":"anhui","source_osm_id":"11222071214"},"geometry":{"type":"Point","coordinates":[118.9348965,30.6139328]}},{"type":"Feature","properties":{"id":"china-osm-rail-station-11694228215","name":"罗溪村","station_type":"railway_station","source_region":"anhui","source_osm_id":"11694228215"},"geometry":{"type":"Point","coordinates":[118.9605541,30.6813291]}},{"type":"Feature","properties":{"id":"china-osm-rail-station-1954781034","name":"港口镇","station_type":"railway_station","source_region":"anhui","source_osm_id":"1954781034"},"geometry":{"type":"Point","coordinates":[118.9285687,30.7299748]}},{"type":"Feature","properties":{"id":"china-osm-rail-station-1954809123","name":"水东","station_type":"railway_station","source_region":"anhui","source_osm_id":"1954809123"},"geometry":{"type":"Point","coordinates":[118.9335306,30.7784012]}},{"type":"Feature","properties":{"id":"china-osm-rail-station-8509719085","name":"秋浦","station_type":"railway_station","source_region":"anhui","source_osm_id":"8509719085"},"geometry":{"type":"Point","coordinates":[117.4470935,30.5747339]}},{"type":"Feature","properties":{"id":"china-osm-rail-station-10667605849","name":"九华山","station_type":"railway_station","source_region":"anhui","source_osm_id":"10667605849"},"geometry":{"type":"Point","coordinates":[117.8513647,30.5981738]}},{"type":"Feature","properties":{"id":"china-osm-rail-station-9242148039","name":"池州","station_type":"railway_station","source_region":"anhui","source_osm_id":"9242148039"},"geometry":{"type":"Point","coordinates":[117.5170183,30.6218762]}},{"type":"Feature","properties":{"id":"china-osm-rail-station-2987541002","name":"马衙","station_type":"railway_station","source_region":"anhui","source_osm_id":"2987541002"},"geometry":{"type":"Point","coordinates":[117.6543829,30.6542274]}},{"type":"Feature","properties":{"id":"china-osm-rail-station-8509674558","name":"茅坦","station_type":"railway_station","source_region":"anhui","source_osm_id":"8509674558"},"geometry":{"type":"Point","coordinates":[117.7425128,30.6745846]}},{"type":"Feature","properties":{"id":"china-osm-rail-station-12714986004","name":"池州东","station_type":"railway_station","source_region":"anhui","source_osm_id":"12714986004"},"geometry":{"type":"Point","coordinates":[117.5946687,30.7206165]}},{"type":"Feature","properties":{"id":"china-osm-rail-station-8509671056","name":"新河镇","station_type":"railway_station","source_region":"anhui","source_osm_id":"8509671056"},"geometry":{"type":"Point","coordinates":[117.8074085,30.7243489]}},{"type":"Feature","properties":{"id":"china-osm-rail-station-8509639373","name":"缸窑湖","station_type":"railway_station","source_region":"anhui","source_osm_id":"8509639373"},"geometry":{"type":"Point","coordinates":[117.7880021,30.7843847]}},{"type":"Feature","properties":{"id":"china-osm-rail-station-8509650925","name":"铜陵南","station_type":"railway_station","source_region":"anhui","source_osm_id":"8509650925"},"geometry":{"type":"Point","coordinates":[117.8178094,30.8607654]}},{"type":"Feature","properties":{"id":"china-osm-rail-station-9521958023","name":"铜陵","station_type":"railway_station","source_region":"anhui","source_osm_id":"9521958023"},"geometry":{"type":"Point","coordinates":[117.8564514,30.921197]}},{"type":"Feature","properties":{"id":"china-osm-rail-station-9242148033","name":"广德南","station_type":"railway_station","source_region":"anhui","source_osm_id":"9242148033"},"geometry":{"type":"Point","coordinates":[119.4125998,30.856995]}},{"type":"Feature","properties":{"id":"china-osm-rail-station-7272083193","name":"孙家埠","station_type":"railway_station","source_region":"anhui","source_osm_id":"7272083193"},"geometry":{"type":"Point","coordinates":[118.8698816,30.8948414]}},{"type":"Feature","properties":{"id":"china-osm-rail-station-9215831993","name":"广德","station_type":"railway_station","source_region":"anhui","source_osm_id":"9215831993"},"geometry":{"type":"Point","coordinates":[119.4038773,30.9140581]}},{"type":"Feature","properties":{"id":"china-osm-rail-station-8512766985","name":"誓节渡","station_type":"railway_station","source_region":"anhui","source_osm_id":"8512766985"},"geometry":{"type":"Point","coordinates":[119.211229,30.9399637]}},{"type":"Feature","properties":{"id":"china-osm-rail-station-7659427163","name":"郎溪南","station_type":"railway_station","source_region":"anhui","source_osm_id":"7659427163"},"geometry":{"type":"Point","coordinates":[119.1514328,30.9402581]}},{"type":"Feature","properties":{"id":"china-osm-rail-station-8512795829","name":"建国","station_type":"railway_station","source_region":"anhui","source_osm_id":"8512795829"},"geometry":{"type":"Point","coordinates":[118.8783505,30.9477261]}},{"type":"Feature","properties":{"id":"china-osm-rail-station-6240058953","name":"宣城","station_type":"railway_station","source_region":"anhui","source_osm_id":"6240058953"},"geometry":{"type":"Point","coordinates":[118.7693067,30.9496986]}},{"type":"Feature","properties":{"id":"china-osm-rail-station-2483457193","name":"十字铺","station_type":"railway_station","source_region":"anhui","source_osm_id":"2483457193"},"geometry":{"type":"Point","coordinates":[119.127681,30.9502332]}},{"type":"Feature","properties":{"id":"china-osm-rail-station-1768168820","name":"巷口桥","station_type":"railway_station","source_region":"anhui","source_osm_id":"1768168820"},"geometry":{"type":"Point","coordinates":[118.7218354,31.0062819]}},{"type":"Feature","properties":{"id":"china-osm-rail-station-9242148034","name":"湾沚南","station_type":"railway_station","source_region":"anhui","source_osm_id":"9242148034"},"geometry":{"type":"Point","coordinates":[118.5799885,31.0949198]}},{"type":"Feature","properties":{"id":"china-osm-rail-station-9521935585","name":"南陵","station_type":"railway_station","source_region":"anhui","source_osm_id":"9521935585"},"geometry":{"type":"Point","coordinates":[118.2927402,30.8381731]}},{"type":"Feature","properties":{"id":"china-osm-rail-station-8509562691","name":"钟鸣","station_type":"railway_station","source_region":"anhui","source_osm_id":"8509562691"},"geometry":{"type":"Point","coordinates":[118.0491712,30.9863324]}},{"type":"Feature","properties":{"id":"china-osm-rail-station-6239494589","name":"铜陵北","station_type":"railway_station","source_region":"anhui","source_osm_id":"6239494589"},"geometry":{"type":"Point","coordinates":[118.0160809,31.0157065]}},{"type":"Feature","properties":{"id":"china-osm-rail-station-8509189921","name":"上周村","station_type":"railway_station","source_region":"anhui","source_osm_id":"8509189921"},"geometry":{"type":"Point","coordinates":[118.0365659,31.0172435]}},{"type":"Feature","properties":{"id":"china-osm-rail-station-4718362793","name":"枫香墩","station_type":"railway_station","source_region":"anhui","source_osm_id":"4718362793"},"geometry":{"type":"Point","coordinates":[118.1399867,31.0566848]}},{"type":"Feature","properties":{"id":"china-osm-rail-station-9242148044","name":"繁昌西","station_type":"railway_station","source_region":"anhui","source_osm_id":"9242148044"},"geometry":{"type":"Point","coordinates":[118.1530398,31.0733641]}},{"type":"Feature","properties":{"id":"china-osm-rail-station-2987531141","name":"繁昌","station_type":"railway_station","source_region":"anhui","source_osm_id":"2987531141"},"geometry":{"type":"Point","coordinates":[118.2030242,31.106183]}},{"type":"Feature","properties":{"id":"china-osm-rail-station-8509525977","name":"峨桥","station_type":"railway_station","source_region":"anhui","source_osm_id":"8509525977"},"geometry":{"type":"Point","coordinates":[118.2668478,31.1733924]}},{"type":"Feature","properties":{"id":"china-osm-rail-station-3316389462","name":"八里湾","station_type":"railway_station","source_region":"anhui","source_osm_id":"3316389462"},"geometry":{"type":"Point","coordinates":[118.3942117,31.2314255]}},{"type":"Feature","properties":{"id":"china-osm-rail-station-9234794111","name":"白马山","station_type":"railway_station","source_region":"anhui","source_osm_id":"9234794111"},"geometry":{"type":"Point","coordinates":[118.3669624,31.2471604]}},{"type":"Feature","properties":{"id":"china-osm-rail-station-1768168819","name":"三元","station_type":"railway_station","source_region":"anhui","source_osm_id":"1768168819"},"geometry":{"type":"Point","coordinates":[118.6375992,31.0969438]}},{"type":"Feature","properties":{"id":"china-osm-rail-station-7272112515","name":"湾沚","station_type":"railway_station","source_region":"anhui","source_osm_id":"7272112515"},"geometry":{"type":"Point","coordinates":[118.5691363,31.1414831]}},{"type":"Feature","properties":{"id":"china-osm-rail-station-1408752971","name":"陶辛","station_type":"railway_station","source_region":"anhui","source_osm_id":"1408752971"},"geometry":{"type":"Point","coordinates":[118.4728898,31.1725634]}},{"type":"Feature","properties":{"id":"china-osm-rail-station-2987531157","name":"火龙岗","station_type":"railway_station","source_region":"anhui","source_osm_id":"2987531157"},"geometry":{"type":"Point","coordinates":[118.3962454,31.2564846]}},{"type":"Feature","properties":{"id":"china-osm-rail-station-9370052145","name":"梦溪路","station_type":"railway_station","source_region":"anhui","source_osm_id":"9370052145"},"geometry":{"type":"Point","coordinates":[118.4758489,31.3534986]}},{"type":"Feature","properties":{"id":"china-osm-rail-station-9370052143","name":"海晏路","station_type":"railway_station","source_region":"anhui","source_osm_id":"9370052143"},"geometry":{"type":"Point","coordinates":[118.4351453,31.3567968]}},{"type":"Feature","properties":{"id":"china-osm-rail-station-9370052144","name":"徽州路","station_type":"railway_station","source_region":"anhui","source_osm_id":"9370052144"},"geometry":{"type":"Point","coordinates":[118.4543563,31.3580083]}},{"type":"Feature","properties":{"id":"china-osm-rail-station-9370052139","name":"神山公园","station_type":"railway_station","source_region":"anhui","source_osm_id":"9370052139"},"geometry":{"type":"Point","coordinates":[118.4046096,31.3591257]}},{"type":"Feature","properties":{"id":"china-osm-rail-station-9370052142","name":"政务中心","station_type":"railway_station","source_region":"anhui","source_osm_id":"9370052142"},"geometry":{"type":"Point","coordinates":[118.4253406,31.3591704]}},{"type":"Feature","properties":{"id":"china-osm-rail-station-9370052141","name":"云从路","station_type":"railway_station","source_region":"anhui","source_osm_id":"9370052141"},"geometry":{"type":"Point","coordinates":[118.4167151,31.3591895]}},{"type":"Feature","properties":{"id":"china-osm-rail-station-2987471310","name":"狮子山","station_type":"railway_station","source_region":"anhui","source_osm_id":"2987471310"},"geometry":{"type":"Point","coordinates":[117.8835135,30.9373397]}},{"type":"Feature","properties":{"id":"china-osm-rail-station-8509576943","name":"顺安","station_type":"railway_station","source_region":"anhui","source_osm_id":"8509576943"},"geometry":{"type":"Point","coordinates":[117.9476367,30.9462634]}},{"type":"Feature","properties":{"id":"china-osm-rail-station-10120264000","name":"铜陵西","station_type":"railway_station","source_region":"anhui","source_osm_id":"10120264000"},"geometry":{"type":"Point","coordinates":[117.8138691,30.9469546]}},{"type":"Feature","properties":{"id":"china-osm-rail-station-4724795895","name":"龙桥","station_type":"railway_station","source_region":"anhui","source_osm_id":"4724795895"},"geometry":{"type":"Point","coordinates":[117.4379223,31.1367607]}},{"type":"Feature","properties":{"id":"china-osm-rail-station-8509141541","name":"洪巷","station_type":"railway_station","source_region":"anhui","source_osm_id":"8509141541"},"geometry":{"type":"Point","coordinates":[117.6350012,31.1470644]}},{"type":"Feature","properties":{"id":"china-osm-rail-station-8509167177","name":"无为南","station_type":"railway_station","source_region":"anhui","source_osm_id":"8509167177"},"geometry":{"type":"Point","coordinates":[117.9246834,31.1573405]}},{"type":"Feature","properties":{"id":"china-osm-rail-station-8509146381","name":"襄安","station_type":"railway_station","source_region":"anhui","source_osm_id":"8509146381"},"geometry":{"type":"Point","coordinates":[117.7773439,31.2089002]}},{"type":"Feature","properties":{"id":"china-osm-rail-station-7243088379","name":"无为","station_type":"railway_station","source_region":"anhui","source_osm_id":"7243088379"},"geometry":{"type":"Point","coordinates":[117.9639065,31.3063668]}},{"type":"Feature","properties":{"id":"china-osm-rail-station-9229648673","name":"东关","station_type":"railway_station","source_region":"anhui","source_osm_id":"9229648673"},"geometry":{"type":"Point","coordinates":[118.0101424,31.4924413]}},{"type":"Feature","properties":{"id":"china-osm-rail-station-9229648674","name":"双刘","station_type":"railway_station","source_region":"anhui","source_osm_id":"9229648674"},"geometry":{"type":"Point","coordinates":[117.9716527,31.5253018]}},{"type":"Feature","properties":{"id":"china-osm-rail-station-7791053789","name":"芜湖南","station_type":"railway_station","source_region":"anhui","source_osm_id":"7791053789"},"geometry":{"type":"Point","coordinates":[118.3742206,31.2506335]}},{"type":"Feature","properties":{"id":"china-osm-rail-station-9234794110","name":"芜湖南站","station_type":"railway_station","source_region":"anhui","source_osm_id":"9234794110"},"geometry":{"type":"Point","coordinates":[118.373286,31.2526541]}},{"type":"Feature","properties":{"id":"china-osm-rail-station-9234794109","name":"珩琅山路","station_type":"railway_station","source_region":"anhui","source_osm_id":"9234794109"},"geometry":{"type":"Point","coordinates":[118.3836214,31.2670803]}},{"type":"Feature","properties":{"id":"china-osm-rail-station-9234794108","name":"文津东路","station_type":"railway_station","source_region":"anhui","source_osm_id":"9234794108"},"geometry":{"type":"Point","coordinates":[118.3786465,31.2851241]}},{"type":"Feature","properties":{"id":"china-osm-rail-station-9235112973","name":"博览中心","station_type":"railway_station","source_region":"anhui","source_osm_id":"9235112973"},"geometry":{"type":"Point","coordinates":[118.3755126,31.2959855]}},{"type":"Feature","properties":{"id":"china-osm-rail-station-9235112974","name":"红花山路","station_type":"railway_station","source_region":"anhui","source_osm_id":"9235112974"},"geometry":{"type":"Point","coordinates":[118.3744501,31.3035782]}},{"type":"Feature","properties":{"id":"china-osm-rail-station-9235112975","name":"奥体中心","station_type":"railway_station","source_region":"anhui","source_osm_id":"9235112975"},"geometry":{"type":"Point","coordinates":[118.3734866,31.3133379]}},{"type":"Feature","properties":{"id":"china-osm-rail-station-9235112980","name":"环城北路","station_type":"railway_station","source_region":"anhui","source_osm_id":"9235112980"},"geometry":{"type":"Point","coordinates":[118.3752269,31.3268437]}},{"type":"Feature","properties":{"id":"china-osm-rail-station-9235112985","name":"鸠兹广场","station_type":"railway_station","source_region":"anhui","source_osm_id":"9235112985"},"geometry":{"type":"Point","coordinates":[118.3668131,31.3343532]}},{"type":"Feature","properties":{"id":"china-osm-rail-station-9370010905","name":"文化路","station_type":"railway_station","source_region":"anhui","source_osm_id":"9370010905"},"geometry":{"type":"Point","coordinates":[118.3787651,31.3373642]}},{"type":"Feature","properties":{"id":"china-osm-rail-station-8509731685","name":"唐田","station_type":"railway_station","source_region":"anhui","source_osm_id":"8509731685"},"geometry":{"type":"Point","coordinates":[117.1979145,30.343176]}},{"type":"Feature","properties":{"id":"china-osm-rail-station-8509133271","name":"张旗杆","station_type":"railway_station","source_region":"anhui","source_osm_id":"8509133271"},"geometry":{"type":"Point","coordinates":[117.1940705,31.1747918]}},{"type":"Feature","properties":{"id":"china-osm-rail-station-7647440638","name":"庐江西","station_type":"railway_station","source_region":"anhui","source_osm_id":"7647440638"},"geometry":{"type":"Point","coordinates":[117.212452,31.2698065]}},{"type":"Feature","properties":{"id":"china-osm-rail-station-10725048269","name":"八里村","station_type":"railway_station","source_region":"anhui","source_osm_id":"10725048269"},"geometry":{"type":"Point","coordinates":[117.2421079,31.2776581]}},{"type":"Feature","properties":{"id":"china-osm-rail-station-9242148053","name":"庐江","station_type":"railway_station","source_region":"anhui","source_osm_id":"9242148053"},"geometry":{"type":"Point","coordinates":[117.1716034,31.3431182]}},{"type":"Feature","properties":{"id":"china-osm-rail-station-8846905722","name":"金牛","station_type":"railway_station","source_region":"anhui","source_osm_id":"8846905722"},"geometry":{"type":"Point","coordinates":[117.1576383,31.4157555]}},{"type":"Feature","properties":{"id":"china-osm-rail-station-1642883470","name":"舒城","station_type":"railway_station","source_region":"anhui","source_osm_id":"1642883470"},"geometry":{"type":"Point","coordinates":[117.1543985,31.511333]}},{"type":"Feature","properties":{"id":"china-osm-rail-station-9694125150","name":"三河古镇","station_type":"railway_station","source_region":"anhui","source_osm_id":"9694125150"},"geometry":{"type":"Point","coordinates":[117.2291084,31.5242093]}},{"type":"Feature","properties":{"id":"china-osm-rail-station-9655402414","name":"三河工业园","station_type":"railway_station","source_region":"anhui","source_osm_id":"9655402414"},"geometry":{"type":"Point","coordinates":[117.2322858,31.5572194]}},{"type":"Feature","properties":{"id":"china-osm-rail-station-9655402415","name":"严店","station_type":"railway_station","source_region":"anhui","source_osm_id":"9655402415"},"geometry":{"type":"Point","coordinates":[117.2088498,31.617954]}},{"type":"Feature","properties":{"id":"china-osm-rail-station-8509731557","name":"殷汇","station_type":"railway_station","source_region":"anhui","source_osm_id":"8509731557"},"geometry":{"type":"Point","coordinates":[117.2986858,30.4165422]}},{"type":"Feature","properties":{"id":"china-osm-rail-station-12714975489","name":"枞阳","station_type":"railway_station","source_region":"anhui","source_osm_id":"12714975489"},"geometry":{"type":"Point","coordinates":[117.3550289,30.7654529]}},{"type":"Feature","properties":{"id":"china-osm-rail-station-10725048272","name":"庐江大剧院","station_type":"railway_station","source_region":"anhui","source_osm_id":"10725048272"},"geometry":{"type":"Point","coordinates":[117.3130562,31.2525565]}},{"type":"Feature","properties":{"id":"china-osm-rail-station-9694125156","name":"冶父山","station_type":"railway_station","source_region":"anhui","source_osm_id":"9694125156"},"geometry":{"type":"Point","coordinates":[117.3175983,31.3102551]}},{"type":"Feature","properties":{"id":"china-osm-rail-station-8478652637","name":"渡江纪念馆","station_type":"railway_station","source_region":"anhui","source_osm_id":"8478652637"},"geometry":{"type":"Point","coordinates":[117.3245712,31.715086]}},{"type":"Feature","properties":{"id":"china-osm-rail-station-8478652639","name":"沈湾","station_type":"railway_station","source_region":"anhui","source_osm_id":"8478652639"},"geometry":{"type":"Point","coordinates":[117.3139416,31.7151066]}},{"type":"Feature","properties":{"id":"china-osm-rail-station-8478652638","name":"华山路","station_type":"railway_station","source_region":"anhui","source_osm_id":"8478652638"},"geometry":{"type":"Point","coordinates":[117.3055141,31.7151283]}},{"type":"Feature","properties":{"id":"china-osm-rail-station-9489931778","name":"滨湖","station_type":"railway_station","source_region":"anhui","source_osm_id":"9489931778"},"geometry":{"type":"Point","coordinates":[117.3911311,31.716431]}},{"type":"Feature","properties":{"id":"china-osm-rail-station-8478652636","name":"方兴湖","station_type":"railway_station","source_region":"anhui","source_osm_id":"8478652636"},"geometry":{"type":"Point","coordinates":[117.3330188,31.7201512]}},{"type":"Feature","properties":{"id":"china-osm-rail-station-3634890866","name":"金斗公园","station_type":"railway_station","source_region":"anhui","source_osm_id":"3634890866"},"geometry":{"type":"Point","coordinates":[117.297091,31.7248551]}},{"type":"Feature","properties":{"id":"china-osm-rail-station-5058306764","name":"庐江南","station_type":"railway_station","source_region":"anhui","source_osm_id":"5058306764"},"geometry":{"type":"Point","coordinates":[117.2915298,31.1253899]}},{"type":"Feature","properties":{"id":"china-osm-rail-station-10770067697","name":"文化广场","station_type":"railway_station","source_region":"anhui","source_osm_id":"10770067697"},"geometry":{"type":"Point","coordinates":[117.2876734,31.2512247]}},{"type":"Feature","properties":{"id":"china-osm-rail-station-10725048271","name":"庐江县政务中心","station_type":"railway_station","source_region":"anhui","source_osm_id":"10725048271"},"geometry":{"type":"Point","coordinates":[117.2780738,31.2540036]}},{"type":"Feature","properties":{"id":"china-osm-rail-station-10725048270","name":"湖岗路","station_type":"railway_station","source_region":"anhui","source_osm_id":"10725048270"},"geometry":{"type":"Point","coordinates":[117.2546264,31.2706824]}},{"type":"Feature","properties":{"id":"china-osm-rail-station-9694125155","name":"罗埠","station_type":"railway_station","source_region":"anhui","source_osm_id":"9694125155"},"geometry":{"type":"Point","coordinates":[117.2795715,31.3567688]}},{"type":"Feature","properties":{"id":"china-osm-rail-station-9694125153","name":"石头","station_type":"railway_station","source_region":"anhui","source_osm_id":"9694125153"},"geometry":{"type":"Point","coordinates":[117.2730504,31.4228108]}},{"type":"Feature","properties":{"id":"china-osm-rail-station-9694125152","name":"台创园","station_type":"railway_station","source_region":"anhui","source_osm_id":"9694125152"},"geometry":{"type":"Point","coordinates":[117.2696943,31.4717181]}},{"type":"Feature","properties":{"id":"china-osm-rail-station-9864824705","name":"同大工业园","station_type":"railway_station","source_region":"anhui","source_osm_id":"9864824705"},"geometry":{"type":"Point","coordinates":[117.2681201,31.4954515]}},{"type":"Feature","properties":{"id":"china-osm-rail-station-9870356393","name":"拉萨路","station_type":"railway_station","source_region":"anhui","source_osm_id":"9870356393"},"geometry":{"type":"Point","coordinates":[117.2651517,31.6814934]}},{"type":"Feature","properties":{"id":"china-osm-rail-station-2987302557","name":"九联圩","station_type":"railway_station","source_region":"anhui","source_osm_id":"2987302557"},"geometry":{"type":"Point","coordinates":[117.2807372,31.6933471]}},{"type":"Feature","properties":{"id":"china-osm-rail-station-9655404717","name":"馆驿","station_type":"railway_station","source_region":"anhui","source_osm_id":"9655404717"},"geometry":{"type":"Point","coordinates":[117.1532759,31.6808671]}},{"type":"Feature","properties":{"id":"china-osm-rail-station-9870356392","name":"牛角大圩","station_type":"railway_station","source_region":"anhui","source_osm_id":"9870356392"},"geometry":{"type":"Point","coordinates":[117.246955,31.6859686]}},{"type":"Feature","properties":{"id":"china-osm-rail-station-8001180727","name":"省儿童医院新区","station_type":"railway_station","source_region":"anhui","source_osm_id":"8001180727"},"geometry":{"type":"Point","coordinates":[117.1702878,31.6891968]}},{"type":"Feature","properties":{"id":"china-osm-rail-station-8001180726","name":"乐平","station_type":"railway_station","source_region":"anhui","source_osm_id":"8001180726"},"geometry":{"type":"Point","coordinates":[117.170328,31.6964908]}},{"type":"Feature","properties":{"id":"china-osm-rail-station-8001180725","name":"芮祠","station_type":"railway_station","source_region":"anhui","source_osm_id":"8001180725"},"geometry":{"type":"Point","coordinates":[117.1609256,31.7025987]}},{"type":"Feature","properties":{"id":"china-osm-rail-station-10210657433","name":"合肥派河港铁路物流基地","station_type":"railway_station","source_region":"anhui","source_osm_id":"10210657433"},"geometry":{"type":"Point","coordinates":[117.2220784,31.7089162]}},{"type":"Feature","properties":{"id":"china-osm-rail-station-8001180723","name":"四十埠","station_type":"railway_station","source_region":"anhui","source_osm_id":"8001180723"},"geometry":{"type":"Point","coordinates":[117.1518102,31.7112065]}},{"type":"Feature","properties":{"id":"china-osm-rail-station-8001180693","name":"李湾","station_type":"railway_station","source_region":"anhui","source_osm_id":"8001180693"},"geometry":{"type":"Point","coordinates":[117.1507443,31.7204676]}},{"type":"Feature","properties":{"id":"china-osm-rail-station-8001180722","name":"凉亭","station_type":"railway_station","source_region":"anhui","source_osm_id":"8001180722"},"geometry":{"type":"Point","coordinates":[117.1568727,31.7257854]}},{"type":"Feature","properties":{"id":"china-osm-rail-station-8001180721","name":"安医一附院南区","station_type":"railway_station","source_region":"anhui","source_osm_id":"8001180721"},"geometry":{"type":"Point","coordinates":[117.1631947,31.7440064]}},{"type":"Feature","properties":{"id":"china-osm-rail-station-2987302556","name":"丙子铺","station_type":"railway_station","source_region":"anhui","source_osm_id":"2987302556"},"geometry":{"type":"Point","coordinates":[117.2919403,31.6933795]}},{"type":"Feature","properties":{"id":"china-osm-rail-station-3634890855","name":"万年埠","station_type":"railway_station","source_region":"anhui","source_osm_id":"3634890855"},"geometry":{"type":"Point","coordinates":[117.2965006,31.7005586]}},{"type":"Feature","properties":{"id":"china-osm-rail-station-8478652644","name":"贵阳路","station_type":"railway_station","source_region":"anhui","source_osm_id":"8478652644"},"geometry":{"type":"Point","coordinates":[117.258566,31.7012466]}},{"type":"Feature","properties":{"id":"china-osm-rail-station-3634890856","name":"万达城","station_type":"railway_station","source_region":"anhui","source_osm_id":"3634890856"},"geometry":{"type":"Point","coordinates":[117.2965323,31.7077415]}},{"type":"Feature","properties":{"id":"china-osm-rail-station-8478652643","name":"滨湖竹园","station_type":"railway_station","source_region":"anhui","source_osm_id":"8478652643"},"geometry":{"type":"Point","coordinates":[117.2586089,31.7114136]}},{"type":"Feature","properties":{"id":"china-osm-rail-station-8478652640","name":"云谷路","station_type":"railway_station","source_region":"anhui","source_osm_id":"8478652640"},"geometry":{"type":"Point","coordinates":[117.2965428,31.715131]}},{"type":"Feature","properties":{"id":"china-osm-rail-station-8478652641","name":"清水冲","station_type":"railway_station","source_region":"anhui","source_osm_id":"8478652641"},"geometry":{"type":"Point","coordinates":[117.2806685,31.7151421]}},{"type":"Feature","properties":{"id":"china-osm-rail-station-8478652642","name":"云川公园","station_type":"railway_station","source_region":"anhui","source_osm_id":"8478652642"},"geometry":{"type":"Point","coordinates":[117.2699735,31.7151579]}},{"type":"Feature","properties":{"id":"china-osm-rail-station-11164390530","name":"广西路","station_type":"railway_station","source_region":"anhui","source_osm_id":"11164390530"},"geometry":{"type":"Point","coordinates":[117.2858506,31.7426345]}},{"type":"Feature","properties":{"id":"china-osm-rail-station-11164390529","name":"要素大市场","station_type":"railway_station","source_region":"anhui","source_osm_id":"11164390529"},"geometry":{"type":"Point","coordinates":[117.2805106,31.7520769]}},{"type":"Feature","properties":{"id":"china-osm-rail-station-9489931062","name":"儿童生态乐园","station_type":"railway_station","source_region":"anhui","source_osm_id":"9489931062"},"geometry":{"type":"Point","coordinates":[117.382633,31.7322067]}},{"type":"Feature","properties":{"id":"china-osm-rail-station-8478652635","name":"省政务中心东","station_type":"railway_station","source_region":"anhui","source_osm_id":"8478652635"},"geometry":{"type":"Point","coordinates":[117.333051,31.7332704]}},{"type":"Feature","properties":{"id":"china-osm-rail-station-3634890869","name":"塘西河公园","station_type":"railway_station","source_region":"anhui","source_osm_id":"3634890869"},"geometry":{"type":"Point","coordinates":[117.2970614,31.7333322]}},{"type":"Feature","properties":{"id":"china-osm-rail-station-11164390532","name":"徽富路","station_type":"railway_station","source_region":"anhui","source_osm_id":"11164390532"},"geometry":{"type":"Point","coordinates":[117.3187228,31.7427059]}},{"type":"Feature","properties":{"id":"china-osm-rail-station-8478652634","name":"义城","station_type":"railway_station","source_region":"anhui","source_osm_id":"8478652634"},"geometry":{"type":"Point","coordinates":[117.3330925,31.7427199]}},{"type":"Feature","properties":{"id":"china-osm-rail-station-11164390535","name":"天津路","station_type":"railway_station","source_region":"anhui","source_osm_id":"11164390535"},"geometry":{"type":"Point","coordinates":[117.3433235,31.7427719]}},{"type":"Feature","properties":{"id":"china-osm-rail-station-11166738536","name":"紫庐","station_type":"railway_station","source_region":"anhui","source_osm_id":"11166738536"},"geometry":{"type":"Point","coordinates":[117.2971001,31.7427941]}},{"type":"Feature","properties":{"id":"china-osm-rail-station-11164390531","name":"嵩山路","station_type":"railway_station","source_region":"anhui","source_osm_id":"11164390531"},"geometry":{"type":"Point","coordinates":[117.3095102,31.7428612]}},{"type":"Feature","properties":{"id":"china-osm-rail-station-8478652633","name":"扬子江路","station_type":"railway_station","source_region":"anhui","source_osm_id":"8478652633"},"geometry":{"type":"Point","coordinates":[117.3331381,31.754764]}},{"type":"Feature","properties":{"id":"china-osm-rail-station-3634890871","name":"滨湖会展中心","station_type":"railway_station","source_region":"anhui","source_osm_id":"3634890871"},"geometry":{"type":"Point","coordinates":[117.2971205,31.7565705]}},{"type":"Feature","properties":{"id":"china-osm-rail-station-3473112196","name":"幸福坝","station_type":"railway_station","source_region":"anhui","source_osm_id":"3473112196"},"geometry":{"type":"Point","coordinates":[117.1755126,31.7531885]}},{"type":"Feature","properties":{"id":"china-osm-rail-station-3473112197","name":"安大磬苑校区","station_type":"railway_station","source_region":"anhui","source_osm_id":"3473112197"},"geometry":{"type":"Point","coordinates":[117.1866826,31.7612566]}},{"type":"Feature","properties":{"id":"china-osm-rail-station-11164390526","name":"耕耘路","station_type":"railway_station","source_region":"anhui","source_osm_id":"11164390526"},"geometry":{"type":"Point","coordinates":[117.2446615,31.7618224]}},{"type":"Feature","properties":{"id":"china-osm-rail-station-3473112198","name":"工大翡翠湖校区","station_type":"railway_station","source_region":"anhui","source_osm_id":"3473112198"},"geometry":{"type":"Point","coordinates":[117.1996609,31.7673985]}},{"type":"Feature","properties":{"id":"china-osm-rail-station-11164390525","name":"石门路","station_type":"railway_station","source_region":"anhui","source_osm_id":"11164390525"},"geometry":{"type":"Point","coordinates":[117.2446921,31.7728164]}},{"type":"Feature","properties":{"id":"china-osm-rail-station-3473112199","name":"大学城北","station_type":"railway_station","source_region":"anhui","source_osm_id":"3473112199"},"geometry":{"type":"Point","coordinates":[117.2042861,31.7770118]}},{"type":"Feature","properties":{"id":"china-osm-rail-station-11164390524","name":"天都路","station_type":"railway_station","source_region":"anhui","source_osm_id":"11164390524"},"geometry":{"type":"Point","coordinates":[117.2336335,31.7783]}},{"type":"Feature","properties":{"id":"china-osm-rail-station-11164390523","name":"莲花路","station_type":"railway_station","source_region":"anhui","source_osm_id":"11164390523"},"geometry":{"type":"Point","coordinates":[117.2258393,31.7783633]}},{"type":"Feature","properties":{"id":"china-osm-rail-station-11164390522","name":"徽园","station_type":"railway_station","source_region":"anhui","source_osm_id":"11164390522"},"geometry":{"type":"Point","coordinates":[117.2157493,31.7828758]}},{"type":"Feature","properties":{"id":"china-osm-rail-station-9242148054","name":"竹溪","station_type":"railway_station","source_region":"anhui","source_osm_id":"9242148054"},"geometry":{"type":"Point","coordinates":[117.1805942,31.7835534]}},{"type":"Feature","properties":{"id":"china-osm-rail-station-11164390527","name":"清潭路","station_type":"railway_station","source_region":"anhui","source_osm_id":"11164390527"},"geometry":{"type":"Point","coordinates":[117.2542327,31.7553479]}},{"type":"Feature","properties":{"id":"china-osm-rail-station-11164390528","name":"习友路","station_type":"railway_station","source_region":"anhui","source_osm_id":"11164390528"},"geometry":{"type":"Point","coordinates":[117.2647773,31.7580461]}},{"type":"Feature","properties":{"id":"china-osm-rail-station-2987302580","name":"高王","station_type":"railway_station","source_region":"anhui","source_osm_id":"2987302580"},"geometry":{"type":"Point","coordinates":[117.2858507,31.7749324]}},{"type":"Feature","properties":{"id":"china-osm-rail-station-2987302581","name":"骆岗","station_type":"railway_station","source_region":"anhui","source_osm_id":"2987302581"},"geometry":{"type":"Point","coordinates":[117.2860048,31.7850886]}},{"type":"Feature","properties":{"id":"china-osm-rail-station-2987302583","name":"南站南广场","station_type":"railway_station","source_region":"anhui","source_osm_id":"2987302583"},"geometry":{"type":"Point","coordinates":[117.2859514,31.7945458]}},{"type":"Feature","properties":{"id":"china-osm-rail-station-8478652627","name":"盛大","station_type":"railway_station","source_region":"anhui","source_osm_id":"8478652627"},"geometry":{"type":"Point","coordinates":[117.296416,31.7945902]}},{"type":"Feature","properties":{"id":"china-osm-rail-station-7197518162","name":"合肥南","station_type":"railway_station","source_region":"anhui","source_osm_id":"7197518162"},"geometry":{"type":"Point","coordinates":[117.2848751,31.8002988]}},{"type":"Feature","properties":{"id":"china-osm-rail-station-3637176411","name":"淝南","station_type":"railway_station","source_region":"anhui","source_osm_id":"3637176411"},"geometry":{"type":"Point","coordinates":[117.2756057,31.8017155]}},{"type":"Feature","properties":{"id":"china-osm-rail-station-7284562662","name":"合肥南站","station_type":"railway_station","source_region":"anhui","source_osm_id":"7284562662"},"geometry":{"type":"Point","coordinates":[117.2846034,31.8021792]}},{"type":"Feature","properties":{"id":"china-osm-rail-station-3637176248","name":"竹西","station_type":"railway_station","source_region":"anhui","source_osm_id":"3637176248"},"geometry":{"type":"Point","coordinates":[117.2709978,31.8052222]}},{"type":"Feature","properties":{"id":"china-osm-rail-station-8478652632","name":"黄河路","station_type":"railway_station","source_region":"anhui","source_osm_id":"8478652632"},"geometry":{"type":"Point","coordinates":[117.3286052,31.7677027]}},{"type":"Feature","properties":{"id":"china-osm-rail-station-8478652631","name":"花园大道","station_type":"railway_station","source_region":"anhui","source_osm_id":"8478652631"},"geometry":{"type":"Point","coordinates":[117.3285945,31.7753052]}},{"type":"Feature","properties":{"id":"china-osm-rail-station-8478652630","name":"大连路","station_type":"railway_station","source_region":"anhui","source_osm_id":"8478652630"},"geometry":{"type":"Point","coordinates":[117.326611,31.7875513]}},{"type":"Feature","properties":{"id":"china-osm-rail-station-8478652628","name":"包河苑","station_type":"railway_station","source_region":"anhui","source_osm_id":"8478652628"},"geometry":{"type":"Point","coordinates":[117.3117033,31.7957084]}},{"type":"Feature","properties":{"id":"china-osm-rail-station-8478652629","name":"义兴","station_type":"railway_station","source_region":"anhui","source_osm_id":"8478652629"},"geometry":{"type":"Point","coordinates":[117.3191491,31.7965325]}},{"type":"Feature","properties":{"id":"china-osm-rail-station-5523927130","name":"葛大店南","station_type":"railway_station","source_region":"anhui","source_osm_id":"5523927130"},"geometry":{"type":"Point","coordinates":[117.3076854,31.8108518]}},{"type":"Feature","properties":{"id":"china-osm-rail-station-2987302597","name":"葛大店","station_type":"railway_station","source_region":"anhui","source_osm_id":"2987302597"},"geometry":{"type":"Point","coordinates":[117.2980393,31.816469]}},{"type":"Feature","properties":{"id":"china-osm-rail-station-5523927132","name":"工经学院","station_type":"railway_station","source_region":"anhui","source_osm_id":"5523927132"},"geometry":{"type":"Point","coordinates":[117.3202253,31.8169047]}},{"type":"Feature","properties":{"id":"china-osm-rail-station-8570567818","name":"尧渡河路","station_type":"railway_station","source_region":"anhui","source_osm_id":"8570567818"},"geometry":{"type":"Point","coordinates":[117.318623,31.8271612]}},{"type":"Feature","properties":{"id":"china-osm-rail-station-9938215086","name":"钢红","station_type":"railway_station","source_region":"anhui","source_osm_id":"9938215086"},"geometry":{"type":"Point","coordinates":[117.3724327,31.8299052]}},{"type":"Feature","properties":{"id":"china-osm-rail-station-11166738535","name":"繁华大道","station_type":"railway_station","source_region":"anhui","source_osm_id":"11166738535"},"geometry":{"type":"Point","coordinates":[117.2043665,31.7842339]}},{"type":"Feature","properties":{"id":"china-osm-rail-station-11164390521","name":"翡翠公园","station_type":"railway_station","source_region":"anhui","source_osm_id":"11164390521"},"geometry":{"type":"Point","coordinates":[117.1908483,31.7844265]}},{"type":"Feature","properties":{"id":"china-osm-rail-station-3473112200","name":"安医大二附院","station_type":"railway_station","source_region":"anhui","source_osm_id":"3473112200"},"geometry":{"type":"Point","coordinates":[117.2044083,31.7918037]}},{"type":"Feature","properties":{"id":"china-osm-rail-station-3473112202","name":"省博物馆","station_type":"railway_station","source_region":"anhui","source_osm_id":"3473112202"},"geometry":{"type":"Point","coordinates":[117.2098212,31.8029762]}},{"type":"Feature","properties":{"id":"china-osm-rail-station-3637176203","name":"天鹅湖","station_type":"railway_station","source_region":"anhui","source_osm_id":"3637176203"},"geometry":{"type":"Point","coordinates":[117.2221298,31.810273]}},{"type":"Feature","properties":{"id":"china-osm-rail-station-3637176227","name":"姚公庙","station_type":"railway_station","source_region":"anhui","source_osm_id":"3637176227"},"geometry":{"type":"Point","coordinates":[117.2437677,31.8106724]}},{"type":"Feature","properties":{"id":"china-osm-rail-station-3637176412","name":"天鹅湖东","station_type":"railway_station","source_region":"anhui","source_osm_id":"3637176412"},"geometry":{"type":"Point","coordinates":[117.2331209,31.810681]}},{"type":"Feature","properties":{"id":"china-osm-rail-station-7093187766","name":"图书馆","station_type":"railway_station","source_region":"anhui","source_osm_id":"7093187766"},"geometry":{"type":"Point","coordinates":[117.2100116,31.8110688]}},{"type":"Feature","properties":{"id":"china-osm-rail-station-3637175285","name":"柳树塘","station_type":"railway_station","source_region":"anhui","source_osm_id":"3637175285"},"geometry":{"type":"Point","coordinates":[117.1928435,31.8136472]}},{"type":"Feature","properties":{"id":"china-osm-rail-station-3473112204","name":"合肥大剧院","station_type":"railway_station","source_region":"anhui","source_osm_id":"3473112204"},"geometry":{"type":"Point","coordinates":[117.2184959,31.8163005]}},{"type":"Feature","properties":{"id":"china-osm-rail-station-8510278042","name":"建新","station_type":"railway_station","source_region":"anhui","source_osm_id":"8510278042"},"geometry":{"type":"Point","coordinates":[116.9412875,30.1083141]}},{"type":"Feature","properties":{"id":"china-osm-rail-station-2381264575","name":"东至","station_type":"railway_station","source_region":"anhui","source_osm_id":"2381264575"},"geometry":{"type":"Point","coordinates":[117.0230412,30.175007]}},{"type":"Feature","properties":{"id":"china-osm-rail-station-8510217934","name":"张溪","station_type":"railway_station","source_region":"anhui","source_osm_id":"8510217934"},"geometry":{"type":"Point","coordinates":[117.0984016,30.2570041]}},{"type":"Feature","properties":{"id":"china-osm-rail-station-7882515905","name":"安庆","station_type":"railway_station","source_region":"anhui","source_osm_id":"7882515905"},"geometry":{"type":"Point","coordinates":[117.0600515,30.5515037]}},{"type":"Feature","properties":{"id":"china-osm-rail-station-5211777601","name":"安庆北","station_type":"railway_station","source_region":"anhui","source_osm_id":"5211777601"},"geometry":{"type":"Point","coordinates":[117.0033941,30.5669285]}},{"type":"Feature","properties":{"id":"china-osm-rail-station-8407883947","name":"桐城南","station_type":"railway_station","source_region":"anhui","source_osm_id":"8407883947"},"geometry":{"type":"Point","coordinates":[116.9593385,30.8752543]}},{"type":"Feature","properties":{"id":"china-osm-rail-station-4724796104","name":"桐城东","station_type":"railway_station","source_region":"anhui","source_osm_id":"4724796104"},"geometry":{"type":"Point","coordinates":[117.0344029,31.0276658]}},{"type":"Feature","properties":{"id":"china-osm-rail-station-1642883477","name":"桐城","station_type":"railway_station","source_region":"anhui","source_osm_id":"1642883477"},"geometry":{"type":"Point","coordinates":[116.972938,31.052529]}},{"type":"Feature","properties":{"id":"china-osm-rail-station-9242148052","name":"黄荆苯","station_type":"railway_station","source_region":"anhui","source_osm_id":"9242148052"},"geometry":{"type":"Point","coordinates":[117.0413688,31.1457162]}},{"type":"Feature","properties":{"id":"china-osm-rail-station-9229648666","name":"柯坦","station_type":"railway_station","source_region":"anhui","source_osm_id":"9229648666"},"geometry":{"type":"Point","coordinates":[117.1359515,31.2441088]}},{"type":"Feature","properties":{"id":"china-osm-rail-station-9979758367","name":"香隅","station_type":"railway_station","source_region":"anhui","source_osm_id":"9979758367"},"geometry":{"type":"Point","coordinates":[116.8349004,30.0454516]}},{"type":"Feature","properties":{"id":"china-osm-rail-station-8498519355","name":"潜山","station_type":"railway_station","source_region":"anhui","source_osm_id":"8498519355"},"geometry":{"type":"Point","coordinates":[116.6120547,30.5763052]}},{"type":"Feature","properties":{"id":"china-osm-rail-station-5211777602","name":"石镜","station_type":"railway_station","source_region":"anhui","source_osm_id":"5211777602"},"geometry":{"type":"Point","coordinates":[116.863305,30.6307115]}},{"type":"Feature","properties":{"id":"china-osm-rail-station-9242148051","name":"天柱山","station_type":"railway_station","source_region":"anhui","source_osm_id":"9242148051"},"geometry":{"type":"Point","coordinates":[116.5553257,30.6580684]}},{"type":"Feature","properties":{"id":"china-osm-rail-station-5968244721","name":"安庆西","station_type":"railway_station","source_region":"anhui","source_osm_id":"5968244721"},"geometry":{"type":"Point","coordinates":[116.8592916,30.6751256]}},{"type":"Feature","properties":{"id":"china-osm-rail-station-8508781149","name":"瓜形","station_type":"railway_station","source_region":"anhui","source_osm_id":"8508781149"},"geometry":{"type":"Point","coordinates":[116.6842694,30.7010005]}},{"type":"Feature","properties":{"id":"china-osm-rail-station-1642883459","name":"怀宁","station_type":"railway_station","source_region":"anhui","source_osm_id":"1642883459"},"geometry":{"type":"Point","coordinates":[116.8148268,30.7644409]}},{"type":"Feature","properties":{"id":"china-osm-rail-station-8508800519","name":"杨树店","station_type":"railway_station","source_region":"anhui","source_osm_id":"8508800519"},"geometry":{"type":"Point","coordinates":[116.8453691,30.8545969]}},{"type":"Feature","properties":{"id":"china-osm-rail-station-8508786859","name":"范岗","station_type":"railway_station","source_region":"anhui","source_osm_id":"8508786859"},"geometry":{"type":"Point","coordinates":[116.8780076,30.9843898]}},{"type":"Feature","properties":{"id":"china-osm-rail-station-5157242006","name":"六安","station_type":"railway_station","source_region":"anhui","source_osm_id":"5157242006"},"geometry":{"type":"Point","coordinates":[116.4944637,31.7169969]}},{"type":"Feature","properties":{"id":"china-osm-rail-station-8498528070","name":"宿松东","station_type":"railway_station","source_region":"anhui","source_osm_id":"8498528070"},"geometry":{"type":"Point","coordinates":[116.1702976,30.1533371]}},{"type":"Feature","properties":{"id":"china-osm-rail-station-1642883476","name":"宿松","station_type":"railway_station","source_region":"anhui","source_osm_id":"1642883476"},"geometry":{"type":"Point","coordinates":[116.0983896,30.2317842]}},{"type":"Feature","properties":{"id":"china-osm-rail-station-9242148050","name":"凉亭河","station_type":"railway_station","source_region":"anhui","source_osm_id":"9242148050"},"geometry":{"type":"Point","coordinates":[116.1652815,30.3200165]}},{"type":"Feature","properties":{"id":"china-osm-rail-station-8498511451","name":"太湖南","station_type":"railway_station","source_region":"anhui","source_osm_id":"8498511451"},"geometry":{"type":"Point","coordinates":[116.3579323,30.4107789]}},{"type":"Feature","properties":{"id":"china-osm-rail-station-1642992168","name":"太湖","station_type":"railway_station","source_region":"anhui","source_osm_id":"1642992168"},"geometry":{"type":"Point","coordinates":[116.2947768,30.462122]}},{"type":"Feature","properties":{"id":"china-osm-rail-station-8509054227","name":"小池","station_type":"railway_station","source_region":"anhui","source_osm_id":"8509054227"},"geometry":{"type":"Point","coordinates":[116.4115611,30.5205399]}},{"type":"Feature","properties":{"id":"china-osm-rail-station-7199441365","name":"墩义堂","station_type":"railway_station","source_region":"anhui","source_osm_id":"7199441365"},"geometry":{"type":"Point","coordinates":[115.4998013,31.3312924]}},{"type":"Feature","properties":{"id":"china-osm-rail-station-7199441366","name":"天堂寨","station_type":"railway_station","source_region":"anhui","source_osm_id":"7199441366"},"geometry":{"type":"Point","coordinates":[115.7225937,31.4570982]}},{"type":"Feature","properties":{"id":"china-osm-rail-station-11710655089","name":"南溪","station_type":"railway_station","source_region":"anhui","source_osm_id":"11710655089"},"geometry":{"type":"Point","coordinates":[115.5943485,31.5432878]}},{"type":"Feature","properties":{"id":"china-osm-rail-station-4664182640","name":"金寨","station_type":"railway_station","source_region":"anhui","source_osm_id":"4664182640"},"geometry":{"type":"Point","coordinates":[115.9702216,31.6280374]}},{"type":"Feature","properties":{"id":"china-osm-rail-station-11901257634","name":"喵山谷站","station_type":"railway_station","source_region":"anhui","source_osm_id":"11901257634"},"geometry":{"type":"Point","coordinates":[117.1303398,31.2959017]}},{"type":"Feature","properties":{"id":"china-osm-rail-station-11901257629","name":"星火站","station_type":"railway_station","source_region":"anhui","source_osm_id":"11901257629"},"geometry":{"type":"Point","coordinates":[117.0947608,31.3119925]}},{"type":"Feature","properties":{"id":"china-osm-rail-station-11901257633","name":"长冲站","station_type":"railway_station","source_region":"anhui","source_osm_id":"11901257633"},"geometry":{"type":"Point","coordinates":[117.140807,31.3189145]}},{"type":"Feature","properties":{"id":"china-osm-rail-station-11901257630","name":"萌芽站","station_type":"railway_station","source_region":"anhui","source_osm_id":"11901257630"},"geometry":{"type":"Point","coordinates":[117.1032336,31.3195301]}},{"type":"Feature","properties":{"id":"china-osm-rail-station-11901257632","name":"醴飨站","station_type":"railway_station","source_region":"anhui","source_osm_id":"11901257632"},"geometry":{"type":"Point","coordinates":[117.1391292,31.3237987]}},{"type":"Feature","properties":{"id":"china-osm-rail-station-11901257578","name":"两山站","station_type":"railway_station","source_region":"anhui","source_osm_id":"11901257578"},"geometry":{"type":"Point","coordinates":[117.1222576,31.3247815]}},{"type":"Feature","properties":{"id":"china-osm-rail-station-11901257631","name":"勇士站","station_type":"railway_station","source_region":"anhui","source_osm_id":"11901257631"},"geometry":{"type":"Point","coordinates":[117.1086174,31.3255819]}},{"type":"Feature","properties":{"id":"china-osm-rail-station-9987644050","name":"舒城东","station_type":"railway_station","source_region":"anhui","source_osm_id":"9987644050"},"geometry":{"type":"Point","coordinates":[117.042042,31.4869977]}},{"type":"Feature","properties":{"id":"china-osm-rail-station-8508742580","name":"丰乐","station_type":"railway_station","source_region":"anhui","source_osm_id":"8508742580"},"geometry":{"type":"Point","coordinates":[117.1407008,31.6179879]}},{"type":"Feature","properties":{"id":"china-osm-rail-station-8846820770","name":"大官塘","station_type":"railway_station","source_region":"anhui","source_osm_id":"8846820770"},"geometry":{"type":"Point","coordinates":[117.0824202,31.6398193]}},{"type":"Feature","properties":{"id":"china-osm-rail-station-6818020471","name":"大兴机场","station_type":"railway_station","source_region":"beijing","source_osm_id":"6818020471"},"geometry":{"type":"Point","coordinates":[116.4106758,39.5124863]}},{"type":"Feature","properties":{"id":"china-osm-rail-station-6817368517","name":"大兴机场","station_type":"railway_station","source_region":"beijing","source_osm_id":"6817368517"},"geometry":{"type":"Point","coordinates":[116.4105556,39.5133607]}},{"type":"Feature","properties":{"id":"china-osm-rail-station-8445004257","name":"魏善庄","station_type":"railway_station","source_region":"beijing","source_osm_id":"8445004257"},"geometry":{"type":"Point","coordinates":[116.402515,39.6648677]}},{"type":"Feature","properties":{"id":"china-osm-rail-station-6172173705","name":"东高地","station_type":"railway_station","source_region":"beijing","source_osm_id":"6172173705"},"geometry":{"type":"Point","coordinates":[116.4030681,39.8037787]}},{"type":"Feature","properties":{"id":"china-osm-rail-station-4708377149","name":"南苑","station_type":"railway_station","source_region":"beijing","source_osm_id":"4708377149"},"geometry":{"type":"Point","coordinates":[116.3840304,39.8046983]}},{"type":"Feature","properties":{"id":"china-osm-rail-station-6172173704","name":"和义","station_type":"railway_station","source_region":"beijing","source_osm_id":"6172173704"},"geometry":{"type":"Point","coordinates":[116.3958329,39.8135634]}},{"type":"Feature","properties":{"id":"china-osm-rail-station-6817579579","name":"大红门","station_type":"railway_station","source_region":"beijing","source_osm_id":"6817579579"},"geometry":{"type":"Point","coordinates":[116.3728362,39.826921]}},{"type":"Feature","properties":{"id":"china-osm-rail-station-6172173703","name":"大红门南","station_type":"railway_station","source_region":"beijing","source_osm_id":"6172173703"},"geometry":{"type":"Point","coordinates":[116.3948539,39.8355481]}},{"type":"Feature","properties":{"id":"china-osm-rail-station-13288528515","name":"大红门","station_type":"railway_station","source_region":"beijing","source_osm_id":"13288528515"},"geometry":{"type":"Point","coordinates":[116.3944459,39.8429511]}},{"type":"Feature","properties":{"id":"china-osm-rail-station-5430391236","name":"角门东","station_type":"railway_station","source_region":"beijing","source_osm_id":"5430391236"},"geometry":{"type":"Point","coordinates":[116.3788076,39.8438402]}},{"type":"Feature","properties":{"id":"china-osm-rail-station-8419766773","name":"西枣林","station_type":"railway_station","source_region":"beijing","source_osm_id":"8419766773"},"geometry":{"type":"Point","coordinates":[116.3500844,39.649792]}},{"type":"Feature","properties":{"id":"china-osm-rail-station-2351141827","name":"黄村","station_type":"railway_station","source_region":"beijing","source_osm_id":"2351141827"},"geometry":{"type":"Point","coordinates":[116.3248517,39.7193124]}},{"type":"Feature","properties":{"id":"china-osm-rail-station-7860703075","name":"黄村火车站","station_type":"railway_station","source_region":"beijing","source_osm_id":"7860703075"},"geometry":{"type":"Point","coordinates":[116.3266541,39.7215049]}},{"type":"Feature","properties":{"id":"china-osm-rail-station-7860703074","name":"黄村西大街","station_type":"railway_station","source_region":"beijing","source_osm_id":"7860703074"},"geometry":{"type":"Point","coordinates":[116.3265186,39.730422]}},{"type":"Feature","properties":{"id":"china-osm-rail-station-6818020472","name":"大兴新城","station_type":"railway_station","source_region":"beijing","source_osm_id":"6818020472"},"geometry":{"type":"Point","coordinates":[116.3594824,39.7340741]}},{"type":"Feature","properties":{"id":"china-osm-rail-station-7860703073","name":"清源路","station_type":"railway_station","source_region":"beijing","source_osm_id":"7860703073"},"geometry":{"type":"Point","coordinates":[116.3263162,39.7417561]}},{"type":"Feature","properties":{"id":"china-osm-rail-station-5444440441","name":"枣园","station_type":"railway_station","source_region":"beijing","source_osm_id":"5444440441"},"geometry":{"type":"Point","coordinates":[116.3260337,39.7518055]}},{"type":"Feature","properties":{"id":"china-osm-rail-station-5441536634","name":"高米店南","station_type":"railway_station","source_region":"beijing","source_osm_id":"5441536634"},"geometry":{"type":"Point","coordinates":[116.325694,39.7622885]}},{"type":"Feature","properties":{"id":"china-osm-rail-station-7860703072","name":"高米店北","station_type":"railway_station","source_region":"beijing","source_osm_id":"7860703072"},"geometry":{"type":"Point","coordinates":[116.3244805,39.7730301]}},{"type":"Feature","properties":{"id":"china-osm-rail-station-9706596471","name":"新宫","station_type":"railway_station","source_region":"beijing","source_osm_id":"9706596471"},"geometry":{"type":"Point","coordinates":[116.359749,39.8110444]}},{"type":"Feature","properties":{"id":"china-osm-rail-station-5428310397","name":"天宫院","station_type":"railway_station","source_region":"beijing","source_osm_id":"5428310397"},"geometry":{"type":"Point","coordinates":[116.3139055,39.6689886]}},{"type":"Feature","properties":{"id":"china-osm-rail-station-5441516142","name":"生物医药基地","station_type":"railway_station","source_region":"beijing","source_osm_id":"5441516142"},"geometry":{"type":"Point","coordinates":[116.3156802,39.6851077]}},{"type":"Feature","properties":{"id":"china-osm-rail-station-7860703076","name":"义和庄","station_type":"railway_station","source_region":"beijing","source_osm_id":"7860703076"},"geometry":{"type":"Point","coordinates":[116.3130186,39.7111046]}},{"type":"Feature","properties":{"id":"china-osm-rail-station-6817368518","name":"北京大兴","station_type":"railway_station","source_region":"beijing","source_osm_id":"6817368518"},"geometry":{"type":"Point","coordinates":[116.3222953,39.7191662]}},{"type":"Feature","properties":{"id":"china-osm-rail-station-7860703071","name":"西红门","station_type":"railway_station","source_region":"beijing","source_osm_id":"7860703071"},"geometry":{"type":"Point","coordinates":[116.322677,39.7883939]}},{"type":"Feature","properties":{"id":"china-osm-rail-station-8073272027","name":"大葆台","station_type":"railway_station","source_region":"beijing","source_osm_id":"8073272027"},"geometry":{"type":"Point","coordinates":[116.2854666,39.8064524]}},{"type":"Feature","properties":{"id":"china-osm-rail-station-5430450045","name":"郭公庄","station_type":"railway_station","source_region":"beijing","source_osm_id":"5430450045"},"geometry":{"type":"Point","coordinates":[116.2960281,39.8133778]}},{"type":"Feature","properties":{"id":"china-osm-rail-station-7631365912","name":"白盆窑","station_type":"railway_station","source_region":"beijing","source_osm_id":"7631365912"},"geometry":{"type":"Point","coordinates":[116.3067798,39.818274]}},{"type":"Feature","properties":{"id":"china-osm-rail-station-7860304588","name":"丰台科技园","station_type":"railway_station","source_region":"beijing","source_osm_id":"7860304588"},"geometry":{"type":"Point","coordinates":[116.2912488,39.8239138]}},{"type":"Feature","properties":{"id":"china-osm-rail-station-7631365924","name":"花乡东桥","station_type":"railway_station","source_region":"beijing","source_osm_id":"7631365924"},"geometry":{"type":"Point","coordinates":[116.3139452,39.8278468]}},{"type":"Feature","properties":{"id":"china-osm-rail-station-9379477293","name":"新发地","station_type":"railway_station","source_region":"beijing","source_osm_id":"9379477293"},"geometry":{"type":"Point","coordinates":[116.3402526,39.8225567]}},{"type":"Feature","properties":{"id":"china-osm-rail-station-5430444271","name":"公益西桥","station_type":"railway_station","source_region":"beijing","source_osm_id":"5430444271"},"geometry":{"type":"Point","coordinates":[116.3646715,39.8352632]}},{"type":"Feature","properties":{"id":"china-osm-rail-station-7896877679","name":"纪家庙","station_type":"railway_station","source_region":"beijing","source_osm_id":"7896877679"},"geometry":{"type":"Point","coordinates":[116.3273554,39.8431736]}},{"type":"Feature","properties":{"id":"china-osm-rail-station-5430507192","name":"角门西","station_type":"railway_station","source_region":"beijing","source_osm_id":"5430507192"},"geometry":{"type":"Point","coordinates":[116.3647807,39.8444824]}},{"type":"Feature","properties":{"id":"china-osm-rail-station-9122347219","name":"草桥","station_type":"railway_station","source_region":"beijing","source_osm_id":"9122347219"},"geometry":{"type":"Point","coordinates":[116.3454124,39.8445995]}},{"type":"Feature","properties":{"id":"china-osm-rail-station-9385116432","name":"草桥","station_type":"railway_station","source_region":"beijing","source_osm_id":"9385116432"},"geometry":{"type":"Point","coordinates":[116.3428438,39.8460959]}},{"type":"Feature","properties":{"id":"china-osm-rail-station-9385116433","name":"草桥","station_type":"railway_station","source_region":"beijing","source_osm_id":"9385116433"},"geometry":{"type":"Point","coordinates":[116.3424361,39.8461391]}},{"type":"Feature","properties":{"id":"china-osm-rail-station-9365006124","name":"西铁营","station_type":"railway_station","source_region":"beijing","source_osm_id":"9365006124"},"geometry":{"type":"Point","coordinates":[116.3497096,39.859977]}},{"type":"Feature","properties":{"id":"china-osm-rail-station-3367069256","name":"景风门","station_type":"railway_station","source_region":"beijing","source_osm_id":"3367069256"},"geometry":{"type":"Point","coordinates":[116.3600963,39.8614067]}},{"type":"Feature","properties":{"id":"china-osm-rail-station-9385116436","name":"景风门","station_type":"railway_station","source_region":"beijing","source_osm_id":"9385116436"},"geometry":{"type":"Point","coordinates":[116.3580843,39.8626316]}},{"type":"Feature","properties":{"id":"china-osm-rail-station-6496364883","name":"大红门","station_type":"railway_station","source_region":"beijing","source_osm_id":"6496364883"},"geometry":{"type":"Point","coordinates":[116.3927722,39.8440139]}},{"type":"Feature","properties":{"id":"china-osm-rail-station-7896877682","name":"石榴庄","station_type":"railway_station","source_region":"beijing","source_osm_id":"7896877682"},"geometry":{"type":"Point","coordinates":[116.4074126,39.8444927]}},{"type":"Feature","properties":{"id":"china-osm-rail-station-6172173702","name":"海户屯","station_type":"railway_station","source_region":"beijing","source_osm_id":"6172173702"},"geometry":{"type":"Point","coordinates":[116.3940324,39.8506537]}},{"type":"Feature","properties":{"id":"china-osm-rail-station-7861046856","name":"马家堡","station_type":"railway_station","source_region":"beijing","source_osm_id":"7861046856"},"geometry":{"type":"Point","coordinates":[116.365207,39.8516352]}},{"type":"Feature","properties":{"id":"china-osm-rail-station-6172173701","name":"木樨园","station_type":"railway_station","source_region":"beijing","source_osm_id":"6172173701"},"geometry":{"type":"Point","coordinates":[116.3932245,39.858181]}},{"type":"Feature","properties":{"id":"china-osm-rail-station-539260172","name":"北京南","station_type":"railway_station","source_region":"beijing","source_osm_id":"539260172"},"geometry":{"type":"Point","coordinates":[116.3723994,39.8634831]}},{"type":"Feature","properties":{"id":"china-osm-rail-station-5158580594","name":"北京南站","station_type":"railway_station","source_region":"beijing","source_osm_id":"5158580594"},"geometry":{"type":"Point","coordinates":[116.3727527,39.8635548]}},{"type":"Feature","properties":{"id":"china-osm-rail-station-3367857703","name":"景泰","station_type":"railway_station","source_region":"beijing","source_osm_id":"3367857703"},"geometry":{"type":"Point","coordinates":[116.4049409,39.8636494]}},{"type":"Feature","properties":{"id":"china-osm-rail-station-8658952312","name":"北京南站","station_type":"railway_station","source_region":"beijing","source_osm_id":"8658952312"},"geometry":{"type":"Point","coordinates":[116.3733186,39.8641006]}},{"type":"Feature","properties":{"id":"china-osm-rail-station-6172173700","name":"永定门外","station_type":"railway_station","source_region":"beijing","source_osm_id":"6172173700"},"geometry":{"type":"Point","coordinates":[116.3930393,39.8647562]}},{"type":"Feature","properties":{"id":"china-osm-rail-station-3367857706","name":"陶然桥(在建)","station_type":"railway_station","source_region":"beijing","source_osm_id":"3367857706"},"geometry":{"type":"Point","coordinates":[116.3816795,39.8675967]}},{"type":"Feature","properties":{"id":"china-osm-rail-station-7861046855","name":"陶然亭","station_type":"railway_station","source_region":"beijing","source_osm_id":"7861046855"},"geometry":{"type":"Point","coordinates":[116.3682029,39.8774369]}},{"type":"Feature","properties":{"id":"china-osm-rail-station-6488102425","name":"天桥","station_type":"railway_station","source_region":"beijing","source_osm_id":"6488102425"},"geometry":{"type":"Point","coordinates":[116.3925037,39.8806517]}},{"type":"Feature","properties":{"id":"china-osm-rail-station-3369459847","name":"菜市口","station_type":"railway_station","source_region":"beijing","source_osm_id":"3369459847"},"geometry":{"type":"Point","coordinates":[116.3682164,39.887991]}},{"type":"Feature","properties":{"id":"china-osm-rail-station-3369459848","name":"虎坊桥","station_type":"railway_station","source_region":"beijing","source_osm_id":"3369459848"},"geometry":{"type":"Point","coordinates":[116.3774806,39.8883975]}},{"type":"Feature","properties":{"id":"china-osm-rail-station-6172173698","name":"珠市口","station_type":"railway_station","source_region":"beijing","source_osm_id":"6172173698"},"geometry":{"type":"Point","coordinates":[116.3921937,39.8893117]}},{"type":"Feature","properties":{"id":"china-osm-rail-station-3369459839","name":"桥湾","station_type":"railway_station","source_region":"beijing","source_osm_id":"3369459839"},"geometry":{"type":"Point","coordinates":[116.4022485,39.8912849]}},{"type":"Feature","properties":{"id":"china-osm-rail-station-6724644886","name":"前门","station_type":"railway_station","source_region":"beijing","source_osm_id":"6724644886"},"geometry":{"type":"Point","coordinates":[116.3929416,39.8982814]}},{"type":"Feature","properties":{"id":"china-osm-rail-station-5430419547","name":"宣武门","station_type":"railway_station","source_region":"beijing","source_osm_id":"5430419547"},"geometry":{"type":"Point","coordinates":[116.3680141,39.8983866]}},{"type":"Feature","properties":{"id":"china-osm-rail-station-5428312892","name":"和平门","station_type":"railway_station","source_region":"beijing","source_osm_id":"5428312892"},"geometry":{"type":"Point","coordinates":[116.3777751,39.8986925]}},{"type":"Feature","properties":{"id":"china-osm-rail-station-3367044891","name":"西局","station_type":"railway_station","source_region":"beijing","source_osm_id":"3367044891"},"geometry":{"type":"Point","coordinates":[116.2978076,39.8652242]}},{"type":"Feature","properties":{"id":"china-osm-rail-station-3367038996","name":"七里庄","station_type":"railway_station","source_region":"beijing","source_osm_id":"3367038996"},"geometry":{"type":"Point","coordinates":[116.2881665,39.8652402]}},{"type":"Feature","properties":{"id":"china-osm-rail-station-3367069254","name":"东管头","station_type":"railway_station","source_region":"beijing","source_osm_id":"3367069254"},"geometry":{"type":"Point","coordinates":[116.3144367,39.8661164]}},{"type":"Feature","properties":{"id":"china-osm-rail-station-5430454140","name":"六里桥","station_type":"railway_station","source_region":"beijing","source_osm_id":"5430454140"},"geometry":{"type":"Point","coordinates":[116.2968997,39.8786861]}},{"type":"Feature","properties":{"id":"china-osm-rail-station-7860304590","name":"六里桥东","station_type":"railway_station","source_region":"beijing","source_osm_id":"7860304590"},"geometry":{"type":"Point","coordinates":[116.308808,39.8857143]}},{"type":"Feature","properties":{"id":"china-osm-rail-station-6496364884","name":"湾子","station_type":"railway_station","source_region":"beijing","source_osm_id":"6496364884"},"geometry":{"type":"Point","coordinates":[116.3213598,39.8889326]}},{"type":"Feature","properties":{"id":"china-osm-rail-station-5463450278","name":"北京西站","station_type":"railway_station","source_region":"beijing","source_osm_id":"5463450278"},"geometry":{"type":"Point","coordinates":[116.3151056,39.8935411]}},{"type":"Feature","properties":{"id":"china-osm-rail-station-7780210950","name":"北京西","station_type":"railway_station","source_region":"beijing","source_osm_id":"7780210950"},"geometry":{"type":"Point","coordinates":[116.3151027,39.8936695]}},{"type":"Feature","properties":{"id":"china-osm-rail-station-5453394777","name":"莲花桥","station_type":"railway_station","source_region":"beijing","source_osm_id":"5453394777"},"geometry":{"type":"Point","coordinates":[116.3043065,39.8961589]}},{"type":"Feature","properties":{"id":"china-osm-rail-station-5430417411","name":"军事博物馆","station_type":"railway_station","source_region":"beijing","source_osm_id":"5430417411"},"geometry":{"type":"Point","coordinates":[116.3178241,39.9061218]}},{"type":"Feature","properties":{"id":"china-osm-rail-station-3367069257","name":"菜户营","station_type":"railway_station","source_region":"beijing","source_osm_id":"3367069257"},"geometry":{"type":"Point","coordinates":[116.3366819,39.8662594]}},{"type":"Feature","properties":{"id":"china-osm-rail-station-3367069255","name":"丽泽商务区","station_type":"railway_station","source_region":"beijing","source_osm_id":"3367069255"},"geometry":{"type":"Point","coordinates":[116.3256029,39.8662759]}},{"type":"Feature","properties":{"id":"china-osm-rail-station-4564112795","name":"红莲南路","station_type":"railway_station","source_region":"beijing","source_osm_id":"4564112795"},"geometry":{"type":"Point","coordinates":[116.3307982,39.8762703]}},{"type":"Feature","properties":{"id":"china-osm-rail-station-6817425178","name":"广安门","station_type":"railway_station","source_region":"beijing","source_osm_id":"6817425178"},"geometry":{"type":"Point","coordinates":[116.3382518,39.8802452]}},{"type":"Feature","properties":{"id":"china-osm-rail-station-3369459837","name":"广安门内","station_type":"railway_station","source_region":"beijing","source_osm_id":"3369459837"},"geometry":{"type":"Point","coordinates":[116.351727,39.8885681]}},{"type":"Feature","properties":{"id":"china-osm-rail-station-3369459849","name":"达官营","station_type":"railway_station","source_region":"beijing","source_osm_id":"3369459849"},"geometry":{"type":"Point","coordinates":[116.3293717,39.888892]}},{"type":"Feature","properties":{"id":"china-osm-rail-station-6724644888","name":"长椿街","station_type":"railway_station","source_region":"beijing","source_osm_id":"6724644888"},"geometry":{"type":"Point","coordinates":[116.3572147,39.8980394]}},{"type":"Feature","properties":{"id":"china-osm-rail-station-6617849502","name":"南礼士路","station_type":"railway_station","source_region":"beijing","source_osm_id":"6617849502"},"geometry":{"type":"Point","coordinates":[116.3465697,39.9058662]}},{"type":"Feature","properties":{"id":"china-osm-rail-station-5430395013","name":"复兴门","station_type":"railway_station","source_region":"beijing","source_osm_id":"5430395013"},"geometry":{"type":"Point","coordinates":[116.3505107,39.905948]}},{"type":"Feature","properties":{"id":"china-osm-rail-station-6617849501","name":"木樨地","station_type":"railway_station","source_region":"beijing","source_osm_id":"6617849501"},"geometry":{"type":"Point","coordinates":[116.3315051,39.9061161]}},{"type":"Feature","properties":{"id":"china-osm-rail-station-5430540736","name":"西单","station_type":"railway_station","source_region":"beijing","source_osm_id":"5430540736"},"geometry":{"type":"Point","coordinates":[116.3682035,39.9057386]}},{"type":"Feature","properties":{"id":"china-osm-rail-station-6447754030","name":"天安门西","station_type":"railway_station","source_region":"beijing","source_osm_id":"6447754030"},"geometry":{"type":"Point","coordinates":[116.3851622,39.9059702]}},{"type":"Feature","properties":{"id":"china-osm-rail-station-5441520625","name":"天安门东","station_type":"railway_station","source_region":"beijing","source_osm_id":"5441520625"},"geometry":{"type":"Point","coordinates":[116.3949169,39.9063337]}},{"type":"Feature","properties":{"id":"china-osm-rail-station-6617849503","name":"王府井","station_type":"railway_station","source_region":"beijing","source_osm_id":"6617849503"},"geometry":{"type":"Point","coordinates":[116.4052789,39.9069496]}},{"type":"Feature","properties":{"id":"china-osm-rail-station-9379477284","name":"金鱼胡同","station_type":"railway_station","source_region":"beijing","source_osm_id":"9379477284"},"geometry":{"type":"Point","coordinates":[116.4049246,39.9147047]}},{"type":"Feature","properties":{"id":"china-osm-rail-station-5444439979","name":"灵境胡同","station_type":"railway_station","source_region":"beijing","source_osm_id":"5444439979"},"geometry":{"type":"Point","coordinates":[116.3672738,39.9147796]}},{"type":"Feature","properties":{"id":"china-osm-rail-station-7861046854","name":"西四","station_type":"railway_station","source_region":"beijing","source_osm_id":"7861046854"},"geometry":{"type":"Point","coordinates":[116.3668145,39.9225455]}},{"type":"Feature","properties":{"id":"china-osm-rail-station-5305505990","name":"东四","station_type":"railway_station","source_region":"beijing","source_osm_id":"5305505990"},"geometry":{"type":"Point","coordinates":[116.4102477,39.9229744]}},{"type":"Feature","properties":{"id":"china-osm-rail-station-6172173744","name":"中国美术馆","station_type":"railway_station","source_region":"beijing","source_osm_id":"6172173744"},"geometry":{"type":"Point","coordinates":[116.4045447,39.9236287]}},{"type":"Feature","properties":{"id":"china-osm-rail-station-6497767616","name":"南锣鼓巷","station_type":"railway_station","source_region":"beijing","source_osm_id":"6497767616"},"geometry":{"type":"Point","coordinates":[116.3966927,39.9316439]}},{"type":"Feature","properties":{"id":"china-osm-rail-station-4564112811","name":"木樨地","station_type":"railway_station","source_region":"beijing","source_osm_id":"4564112811"},"geometry":{"type":"Point","coordinates":[116.3277725,39.9077017]}},{"type":"Feature","properties":{"id":"china-osm-rail-station-9920410920","name":"太平桥","station_type":"railway_station","source_region":"beijing","source_osm_id":"9920410920"},"geometry":{"type":"Point","coordinates":[116.3571516,39.9087765]}},{"type":"Feature","properties":{"id":"china-osm-rail-station-4564112816","name":"玉渊潭东门","station_type":"railway_station","source_region":"beijing","source_osm_id":"4564112816"},"geometry":{"type":"Point","coordinates":[116.328872,39.9139393]}},{"type":"Feature","properties":{"id":"china-osm-rail-station-6724644887","name":"阜成门","station_type":"railway_station","source_region":"beijing","source_osm_id":"6724644887"},"geometry":{"type":"Point","coordinates":[116.3500666,39.922313]}},{"type":"Feature","properties":{"id":"china-osm-rail-station-4564112817","name":"甘家口","station_type":"railway_station","source_region":"beijing","source_osm_id":"4564112817"},"geometry":{"type":"Point","coordinates":[116.3285052,39.922439]}},{"type":"Feature","properties":{"id":"china-osm-rail-station-7896877678","name":"车公庄西","station_type":"railway_station","source_region":"beijing","source_osm_id":"7896877678"},"geometry":{"type":"Point","coordinates":[116.3379903,39.931061]}},{"type":"Feature","properties":{"id":"china-osm-rail-station-9380308680","name":"二里沟","station_type":"railway_station","source_region":"beijing","source_osm_id":"9380308680"},"geometry":{"type":"Point","coordinates":[116.3275776,39.9310721]}},{"type":"Feature","properties":{"id":"china-osm-rail-station-5430505472","name":"车公庄","station_type":"railway_station","source_region":"beijing","source_osm_id":"5430505472"},"geometry":{"type":"Point","coordinates":[116.3493426,39.9311554]}},{"type":"Feature","properties":{"id":"china-osm-rail-station-9385088769","name":"平安里","station_type":"railway_station","source_region":"beijing","source_osm_id":"9385088769"},"geometry":{"type":"Point","coordinates":[116.3651624,39.9313232]}},{"type":"Feature","properties":{"id":"china-osm-rail-station-9385088768","name":"平安里","station_type":"railway_station","source_region":"beijing","source_osm_id":"9385088768"},"geometry":{"type":"Point","coordinates":[116.3617483,39.9320831]}},{"type":"Feature","properties":{"id":"china-osm-rail-station-11410594720","name":"礼贤","station_type":"railway_station","source_region":"beijing","source_osm_id":"11410594720"},"geometry":{"type":"Point","coordinates":[116.4316117,39.555011]}},{"type":"Feature","properties":{"id":"china-osm-rail-station-6488102424","name":"瀛海","station_type":"railway_station","source_region":"beijing","source_osm_id":"6488102424"},"geometry":{"type":"Point","coordinates":[116.4428265,39.7593594]}},{"type":"Feature","properties":{"id":"china-osm-rail-station-6488102423","name":"德茂","station_type":"railway_station","source_region":"beijing","source_osm_id":"6488102423"},"geometry":{"type":"Point","coordinates":[116.4355574,39.7712874]}},{"type":"Feature","properties":{"id":"china-osm-rail-station-6172173707","name":"五福堂","station_type":"railway_station","source_region":"beijing","source_osm_id":"6172173707"},"geometry":{"type":"Point","coordinates":[116.4174105,39.7837675]}},{"type":"Feature","properties":{"id":"china-osm-rail-station-6172173706","name":"火箭万源","station_type":"railway_station","source_region":"beijing","source_osm_id":"6172173706"},"geometry":{"type":"Point","coordinates":[116.4124409,39.797982]}},{"type":"Feature","properties":{"id":"china-osm-rail-station-8073260825","name":"旧宫","station_type":"railway_station","source_region":"beijing","source_osm_id":"8073260825"},"geometry":{"type":"Point","coordinates":[116.4547308,39.8056107]}},{"type":"Feature","properties":{"id":"china-osm-rail-station-5444690814","name":"小红门","station_type":"railway_station","source_region":"beijing","source_osm_id":"5444690814"},"geometry":{"type":"Point","coordinates":[116.4532399,39.8267264]}},{"type":"Feature","properties":{"id":"china-osm-rail-station-7278207455","name":"肖村","station_type":"railway_station","source_region":"beijing","source_osm_id":"7278207455"},"geometry":{"type":"Point","coordinates":[116.4427211,39.8328015]}},{"type":"Feature","properties":{"id":"china-osm-rail-station-5441491000","name":"宋家庄","station_type":"railway_station","source_region":"beijing","source_osm_id":"5441491000"},"geometry":{"type":"Point","coordinates":[116.4219287,39.8443821]}},{"type":"Feature","properties":{"id":"china-osm-rail-station-5448554757","name":"成寿寺","station_type":"railway_station","source_region":"beijing","source_osm_id":"5448554757"},"geometry":{"type":"Point","coordinates":[116.4418815,39.8445478]}},{"type":"Feature","properties":{"id":"china-osm-rail-station-8455171488","name":"安定","station_type":"railway_station","source_region":"beijing","source_osm_id":"8455171488"},"geometry":{"type":"Point","coordinates":[116.4816523,39.617375]}},{"type":"Feature","properties":{"id":"china-osm-rail-station-5430391237","name":"同济南路","station_type":"railway_station","source_region":"beijing","source_osm_id":"5430391237"},"geometry":{"type":"Point","coordinates":[116.533948,39.7718151]}},{"type":"Feature","properties":{"id":"china-osm-rail-station-8073260828","name":"荣昌东街","station_type":"railway_station","source_region":"beijing","source_osm_id":"8073260828"},"geometry":{"type":"Point","coordinates":[116.515857,39.7816956]}},{"type":"Feature","properties":{"id":"china-osm-rail-station-5444695596","name":"经海路","station_type":"railway_station","source_region":"beijing","source_osm_id":"5444695596"},"geometry":{"type":"Point","coordinates":[116.5564358,39.7825504]}},{"type":"Feature","properties":{"id":"china-osm-rail-station-8073260827","name":"荣京东街","station_type":"railway_station","source_region":"beijing","source_osm_id":"8073260827"},"geometry":{"type":"Point","coordinates":[116.507463,39.7920207]}},{"type":"Feature","properties":{"id":"china-osm-rail-station-8073260826","name":"亦庄桥","station_type":"railway_station","source_region":"beijing","source_osm_id":"8073260826"},"geometry":{"type":"Point","coordinates":[116.4742673,39.801744]}},{"type":"Feature","properties":{"id":"china-osm-rail-station-5444694219","name":"万源街","station_type":"railway_station","source_region":"beijing","source_osm_id":"5444694219"},"geometry":{"type":"Point","coordinates":[116.4995335,39.8017615]}},{"type":"Feature","properties":{"id":"china-osm-rail-station-5444691512","name":"亦庄文化园","station_type":"railway_station","source_region":"beijing","source_osm_id":"5444691512"},"geometry":{"type":"Point","coordinates":[116.4846211,39.8056285]}},{"type":"Feature","properties":{"id":"china-osm-rail-station-9380291880","name":"北神树","station_type":"railway_station","source_region":"beijing","source_osm_id":"9380291880"},"geometry":{"type":"Point","coordinates":[116.547173,39.8175347]}},{"type":"Feature","properties":{"id":"china-osm-rail-station-9265808487","name":"小红门","station_type":"railway_station","source_region":"beijing","source_osm_id":"9265808487"},"geometry":{"type":"Point","coordinates":[116.46608,39.8312154]}},{"type":"Feature","properties":{"id":"china-osm-rail-station-9274358866","name":"永乐","station_type":"railway_station","source_region":"beijing","source_osm_id":"9274358866"},"geometry":{"type":"Point","coordinates":[116.7884874,39.6528815]}},{"type":"Feature","properties":{"id":"china-osm-rail-station-9380291881","name":"嘉会湖","station_type":"railway_station","source_region":"beijing","source_osm_id":"9380291881"},"geometry":{"type":"Point","coordinates":[116.6052556,39.7918725]}},{"type":"Feature","properties":{"id":"china-osm-rail-station-1094071212","name":"次渠南","station_type":"railway_station","source_region":"beijing","source_osm_id":"1094071212"},"geometry":{"type":"Point","coordinates":[116.5753324,39.7937219]}},{"type":"Feature","properties":{"id":"china-osm-rail-station-9385028990","name":"次渠","station_type":"railway_station","source_region":"beijing","source_osm_id":"9385028990"},"geometry":{"type":"Point","coordinates":[116.5859058,39.8025261]}},{"type":"Feature","properties":{"id":"china-osm-rail-station-8073260830","name":"次渠","station_type":"railway_station","source_region":"beijing","source_osm_id":"8073260830"},"geometry":{"type":"Point","coordinates":[116.5856212,39.8025523]}},{"type":"Feature","properties":{"id":"china-osm-rail-station-9385028991","name":"次渠北","station_type":"railway_station","source_region":"beijing","source_osm_id":"9385028991"},"geometry":{"type":"Point","coordinates":[116.5706243,39.8085973]}},{"type":"Feature","properties":{"id":"china-osm-rail-station-8073260829","name":"亦庄火车站","station_type":"railway_station","source_region":"beijing","source_osm_id":"8073260829"},"geometry":{"type":"Point","coordinates":[116.5960819,39.8115669]}},{"type":"Feature","properties":{"id":"china-osm-rail-station-9274358867","name":"亦庄","station_type":"railway_station","source_region":"beijing","source_osm_id":"9274358867"},"geometry":{"type":"Point","coordinates":[116.5962891,39.8117636]}},{"type":"Feature","properties":{"id":"china-osm-rail-station-6930098800","name":"环球度假区","station_type":"railway_station","source_region":"beijing","source_osm_id":"6930098800"},"geometry":{"type":"Point","coordinates":[116.673529,39.8481659]}},{"type":"Feature","properties":{"id":"china-osm-rail-station-6930098785","name":"花庄","station_type":"railway_station","source_region":"beijing","source_osm_id":"6930098785"},"geometry":{"type":"Point","coordinates":[116.6890142,39.8553801]}},{"type":"Feature","properties":{"id":"china-osm-rail-station-9380291879","name":"十八里店","station_type":"railway_station","source_region":"beijing","source_osm_id":"9380291879"},"geometry":{"type":"Point","coordinates":[116.4898314,39.8430584]}},{"type":"Feature","properties":{"id":"china-osm-rail-station-6930098566","name":"黄厂","station_type":"railway_station","source_region":"beijing","source_osm_id":"6930098566"},"geometry":{"type":"Point","coordinates":[116.5475285,39.8479616]}},{"type":"Feature","properties":{"id":"china-osm-rail-station-3369459843","name":"焦化厂","station_type":"railway_station","source_region":"beijing","source_osm_id":"3369459843"},"geometry":{"type":"Point","coordinates":[116.531614,39.8542896]}},{"type":"Feature","properties":{"id":"china-osm-rail-station-9384986215","name":"周家庄","station_type":"railway_station","source_region":"beijing","source_osm_id":"9384986215"},"geometry":{"type":"Point","coordinates":[116.4706068,39.855252]}},{"type":"Feature","properties":{"id":"china-osm-rail-station-6930098568","name":"郎辛庄","station_type":"railway_station","source_region":"beijing","source_osm_id":"6930098568"},"geometry":{"type":"Point","coordinates":[116.5641046,39.8555351]}},{"type":"Feature","properties":{"id":"china-osm-rail-station-3369459834","name":"双合","station_type":"railway_station","source_region":"beijing","source_osm_id":"3369459834"},"geometry":{"type":"Point","coordinates":[116.5223453,39.8581385]}},{"type":"Feature","properties":{"id":"china-osm-rail-station-3369459835","name":"垡头","station_type":"railway_station","source_region":"beijing","source_osm_id":"3369459835"},"geometry":{"type":"Point","coordinates":[116.5057156,39.859574]}},{"type":"Feature","properties":{"id":"china-osm-rail-station-3369459841","name":"欢乐谷景区","station_type":"railway_station","source_region":"beijing","source_osm_id":"3369459841"},"geometry":{"type":"Point","coordinates":[116.4930838,39.8656674]}},{"type":"Feature","properties":{"id":"china-osm-rail-station-3369459832","name":"南楼梓庄","station_type":"railway_station","source_region":"beijing","source_osm_id":"3369459832"},"geometry":{"type":"Point","coordinates":[116.4954124,39.8733935]}},{"type":"Feature","properties":{"id":"china-osm-rail-station-3369001433","name":"北工大西门","station_type":"railway_station","source_region":"beijing","source_osm_id":"3369001433"},"geometry":{"type":"Point","coordinates":[116.4713573,39.8736424]}},{"type":"Feature","properties":{"id":"china-osm-rail-station-5372350033","name":"分钟寺","station_type":"railway_station","source_region":"beijing","source_osm_id":"5372350033"},"geometry":{"type":"Point","coordinates":[116.447588,39.8506149]}},{"type":"Feature","properties":{"id":"china-osm-rail-station-5441507804","name":"刘家窑","station_type":"railway_station","source_region":"beijing","source_osm_id":"5441507804"},"geometry":{"type":"Point","coordinates":[116.4156074,39.8560744]}},{"type":"Feature","properties":{"id":"china-osm-rail-station-9147328748","name":"十里河","station_type":"railway_station","source_region":"beijing","source_osm_id":"9147328748"},"geometry":{"type":"Point","coordinates":[116.4544834,39.8635284]}},{"type":"Feature","properties":{"id":"china-osm-rail-station-3367857705","name":"蒲黄榆","station_type":"railway_station","source_region":"beijing","source_osm_id":"3367857705"},"geometry":{"type":"Point","coordinates":[116.4154612,39.8643287]}},{"type":"Feature","properties":{"id":"china-osm-rail-station-3367977138","name":"方庄","station_type":"railway_station","source_region":"beijing","source_osm_id":"3367977138"},"geometry":{"type":"Point","coordinates":[116.4339348,39.8646354]}},{"type":"Feature","properties":{"id":"china-osm-rail-station-3367977137","name":"十里河","station_type":"railway_station","source_region":"beijing","source_osm_id":"3367977137"},"geometry":{"type":"Point","coordinates":[116.4525595,39.8647129]}},{"type":"Feature","properties":{"id":"china-osm-rail-station-13417518491","name":"潘家园西","station_type":"railway_station","source_region":"beijing","source_osm_id":"13417518491"},"geometry":{"type":"Point","coordinates":[116.4446966,39.873824]}},{"type":"Feature","properties":{"id":"china-osm-rail-station-5372350032","name":"潘家园","station_type":"railway_station","source_region":"beijing","source_osm_id":"5372350032"},"geometry":{"type":"Point","coordinates":[116.4549705,39.8748619]}},{"type":"Feature","properties":{"id":"china-osm-rail-station-7896842490","name":"天坛东门","station_type":"railway_station","source_region":"beijing","source_osm_id":"7896842490"},"geometry":{"type":"Point","coordinates":[116.4145694,39.8822567]}},{"type":"Feature","properties":{"id":"china-osm-rail-station-5430390389","name":"劲松","station_type":"railway_station","source_region":"beijing","source_osm_id":"5430390389"},"geometry":{"type":"Point","coordinates":[116.4551162,39.8830661]}},{"type":"Feature","properties":{"id":"china-osm-rail-station-6930098569","name":"黑庄户","station_type":"railway_station","source_region":"beijing","source_osm_id":"6930098569"},"geometry":{"type":"Point","coordinates":[116.5927827,39.8577135]}},{"type":"Feature","properties":{"id":"china-osm-rail-station-7117305974","name":"高楼金","station_type":"railway_station","source_region":"beijing","source_osm_id":"7117305974"},"geometry":{"type":"Point","coordinates":[116.6795103,39.8618619]}},{"type":"Feature","properties":{"id":"china-osm-rail-station-6930098570","name":"万盛西","station_type":"railway_station","source_region":"beijing","source_osm_id":"6930098570"},"geometry":{"type":"Point","coordinates":[116.6267073,39.8624408]}},{"type":"Feature","properties":{"id":"china-osm-rail-station-6716238810","name":"土桥","station_type":"railway_station","source_region":"beijing","source_osm_id":"6716238810"},"geometry":{"type":"Point","coordinates":[116.6802742,39.8707455]}},{"type":"Feature","properties":{"id":"china-osm-rail-station-8073325260","name":"临河里","station_type":"railway_station","source_region":"beijing","source_osm_id":"8073325260"},"geometry":{"type":"Point","coordinates":[116.6728594,39.8742944]}},{"type":"Feature","properties":{"id":"china-osm-rail-station-13367702388","name":"潞阳","station_type":"railway_station","source_region":"beijing","source_osm_id":"13367702388"},"geometry":{"type":"Point","coordinates":[116.7510869,39.8888289]}},{"type":"Feature","properties":{"id":"china-osm-rail-station-8073325261","name":"九棵树","station_type":"railway_station","source_region":"beijing","source_osm_id":"8073325261"},"geometry":{"type":"Point","coordinates":[116.651623,39.889165]}},{"type":"Feature","properties":{"id":"china-osm-rail-station-8073325262","name":"果园","station_type":"railway_station","source_region":"beijing","source_osm_id":"8073325262"},"geometry":{"type":"Point","coordinates":[116.6407547,39.8922857]}},{"type":"Feature","properties":{"id":"china-osm-rail-station-9875307791","name":"乔庄东","station_type":"railway_station","source_region":"beijing","source_osm_id":"9875307791"},"geometry":{"type":"Point","coordinates":[116.6900837,39.8941094]}},{"type":"Feature","properties":{"id":"china-osm-rail-station-4883415766","name":"中仓","station_type":"railway_station","source_region":"beijing","source_osm_id":"4883415766"},"geometry":{"type":"Point","coordinates":[116.657085,39.8960646]}},{"type":"Feature","properties":{"id":"china-osm-rail-station-7768585413","name":"百子湾","station_type":"railway_station","source_region":"beijing","source_osm_id":"7768585413"},"geometry":{"type":"Point","coordinates":[116.5119303,39.8754449]}},{"type":"Feature","properties":{"id":"china-osm-rail-station-3369001432","name":"平乐园","station_type":"railway_station","source_region":"beijing","source_osm_id":"3369001432"},"geometry":{"type":"Point","coordinates":[116.4713411,39.8838514]}},{"type":"Feature","properties":{"id":"china-osm-rail-station-3369459831","name":"化工","station_type":"railway_station","source_region":"beijing","source_osm_id":"3369459831"},"geometry":{"type":"Point","coordinates":[116.4975172,39.8840067]}},{"type":"Feature","properties":{"id":"china-osm-rail-station-3369459845","name":"百子湾","station_type":"railway_station","source_region":"beijing","source_osm_id":"3369459845"},"geometry":{"type":"Point","coordinates":[116.4902447,39.8913756]}},{"type":"Feature","properties":{"id":"china-osm-rail-station-3369001428","name":"九龙山","station_type":"railway_station","source_region":"beijing","source_osm_id":"3369001428"},"geometry":{"type":"Point","coordinates":[116.4716849,39.8921089]}},{"type":"Feature","properties":{"id":"china-osm-rail-station-3369459836","name":"大郊亭","station_type":"railway_station","source_region":"beijing","source_osm_id":"3369459836"},"geometry":{"type":"Point","coordinates":[116.4813499,39.8921857]}},{"type":"Feature","properties":{"id":"china-osm-rail-station-6712107183","name":"双桥","station_type":"railway_station","source_region":"beijing","source_osm_id":"6712107183"},"geometry":{"type":"Point","coordinates":[116.5641099,39.8993414]}},{"type":"Feature","properties":{"id":"china-osm-rail-station-7907338281","name":"北京东","station_type":"railway_station","source_region":"beijing","source_osm_id":"7907338281"},"geometry":{"type":"Point","coordinates":[116.478656,39.901096]}},{"type":"Feature","properties":{"id":"china-osm-rail-station-3369001431","name":"大望路","station_type":"railway_station","source_region":"beijing","source_osm_id":"3369001431"},"geometry":{"type":"Point","coordinates":[116.4712272,39.9069399]}},{"type":"Feature","properties":{"id":"china-osm-rail-station-5430491074","name":"四惠东","station_type":"railway_station","source_region":"beijing","source_osm_id":"5430491074"},"geometry":{"type":"Point","coordinates":[116.5094811,39.9073037]}},{"type":"Feature","properties":{"id":"china-osm-rail-station-3369459846","name":"磁器口","station_type":"railway_station","source_region":"beijing","source_osm_id":"3369459846"},"geometry":{"type":"Point","coordinates":[116.4126199,39.8917025]}},{"type":"Feature","properties":{"id":"china-osm-rail-station-3369459833","name":"双井","station_type":"railway_station","source_region":"beijing","source_osm_id":"3369459833"},"geometry":{"type":"Point","coordinates":[116.4552314,39.8920933]}},{"type":"Feature","properties":{"id":"china-osm-rail-station-3369459840","name":"广渠门内","station_type":"railway_station","source_region":"beijing","source_osm_id":"3369459840"},"geometry":{"type":"Point","coordinates":[116.4277207,39.8922863]}},{"type":"Feature","properties":{"id":"china-osm-rail-station-3369459838","name":"广渠门外","station_type":"railway_station","source_region":"beijing","source_osm_id":"3369459838"},"geometry":{"type":"Point","coordinates":[116.4430351,39.8923066]}},{"type":"Feature","properties":{"id":"china-osm-rail-station-5430420858","name":"崇文门","station_type":"railway_station","source_region":"beijing","source_osm_id":"5430420858"},"geometry":{"type":"Point","coordinates":[116.4119567,39.8997371]}},{"type":"Feature","properties":{"id":"china-osm-rail-station-269996666","name":"北京","station_type":"railway_station","source_region":"beijing","source_osm_id":"269996666"},"geometry":{"type":"Point","coordinates":[116.4210134,39.9011168]}},{"type":"Feature","properties":{"id":"china-osm-rail-station-4846712797","name":"北京站","station_type":"railway_station","source_region":"beijing","source_osm_id":"4846712797"},"geometry":{"type":"Point","coordinates":[116.4209544,39.9035987]}},{"type":"Feature","properties":{"id":"china-osm-rail-station-5430429324","name":"东单","station_type":"railway_station","source_region":"beijing","source_osm_id":"5430429324"},"geometry":{"type":"Point","coordinates":[116.412626,39.9068579]}},{"type":"Feature","properties":{"id":"china-osm-rail-station-5430522453","name":"国贸","station_type":"railway_station","source_region":"beijing","source_osm_id":"5430522453"},"geometry":{"type":"Point","coordinates":[116.4556474,39.9070164]}},{"type":"Feature","properties":{"id":"china-osm-rail-station-5442185238","name":"永安里","station_type":"railway_station","source_region":"beijing","source_osm_id":"5442185238"},"geometry":{"type":"Point","coordinates":[116.44415,39.9070982]}},{"type":"Feature","properties":{"id":"china-osm-rail-station-5441513452","name":"潞城","station_type":"railway_station","source_region":"beijing","source_osm_id":"5441513452"},"geometry":{"type":"Point","coordinates":[116.7416309,39.9016234]}},{"type":"Feature","properties":{"id":"china-osm-rail-station-5430487507","name":"北运河西","station_type":"railway_station","source_region":"beijing","source_osm_id":"5430487507"},"geometry":{"type":"Point","coordinates":[116.6819734,39.9018256]}},{"type":"Feature","properties":{"id":"china-osm-rail-station-6713165204","name":"北运河东","station_type":"railway_station","source_region":"beijing","source_osm_id":"6713165204"},"geometry":{"type":"Point","coordinates":[116.7018094,39.9021187]}},{"type":"Feature","properties":{"id":"china-osm-rail-station-5441488835","name":"郝家府","station_type":"railway_station","source_region":"beijing","source_osm_id":"5441488835"},"geometry":{"type":"Point","coordinates":[116.7111595,39.9021403]}},{"type":"Feature","properties":{"id":"china-osm-rail-station-5428312459","name":"东夏园","station_type":"railway_station","source_region":"beijing","source_osm_id":"5428312459"},"geometry":{"type":"Point","coordinates":[116.7272447,39.9022116]}},{"type":"Feature","properties":{"id":"china-osm-rail-station-5444674048","name":"通州北苑","station_type":"railway_station","source_region":"beijing","source_osm_id":"5444674048"},"geometry":{"type":"Point","coordinates":[116.6314069,39.9027423]}},{"type":"Feature","properties":{"id":"china-osm-rail-station-844821225","name":"通州西","station_type":"railway_station","source_region":"beijing","source_osm_id":"844821225"},"geometry":{"type":"Point","coordinates":[116.6207504,39.9034825]}},{"type":"Feature","properties":{"id":"china-osm-rail-station-5442190079","name":"八里桥","station_type":"railway_station","source_region":"beijing","source_osm_id":"5442190079"},"geometry":{"type":"Point","coordinates":[116.6127053,39.9050518]}},{"type":"Feature","properties":{"id":"china-osm-rail-station-6124474481","name":"北京通州","station_type":"railway_station","source_region":"beijing","source_osm_id":"6124474481"},"geometry":{"type":"Point","coordinates":[116.7001463,39.9079706]}},{"type":"Feature","properties":{"id":"china-osm-rail-station-5441536712","name":"管庄","station_type":"railway_station","source_region":"beijing","source_osm_id":"5441536712"},"geometry":{"type":"Point","coordinates":[116.5931678,39.9080845]}},{"type":"Feature","properties":{"id":"china-osm-rail-station-5430497283","name":"建国门","station_type":"railway_station","source_region":"beijing","source_osm_id":"5430497283"},"geometry":{"type":"Point","coordinates":[116.4292321,39.9071594]}},{"type":"Feature","properties":{"id":"china-osm-rail-station-13417518490","name":"永安里","station_type":"railway_station","source_region":"beijing","source_osm_id":"13417518490"},"geometry":{"type":"Point","coordinates":[116.444194,39.9083452]}},{"type":"Feature","properties":{"id":"china-osm-rail-station-5305505989","name":"灯市口","station_type":"railway_station","source_region":"beijing","source_osm_id":"5305505989"},"geometry":{"type":"Point","coordinates":[116.4118355,39.9154103]}},{"type":"Feature","properties":{"id":"china-osm-rail-station-5687481931","name":"金台夕照","station_type":"railway_station","source_region":"beijing","source_osm_id":"5687481931"},"geometry":{"type":"Point","coordinates":[116.4555255,39.9159595]}},{"type":"Feature","properties":{"id":"china-osm-rail-station-7896877680","name":"东大桥","station_type":"railway_station","source_region":"beijing","source_osm_id":"7896877680"},"geometry":{"type":"Point","coordinates":[116.4455603,39.921482]}},{"type":"Feature","properties":{"id":"china-osm-rail-station-13417518487","name":"东大桥","station_type":"railway_station","source_region":"beijing","source_osm_id":"13417518487"},"geometry":{"type":"Point","coordinates":[116.4442134,39.9216405]}},{"type":"Feature","properties":{"id":"china-osm-rail-station-5430443221","name":"呼家楼","station_type":"railway_station","source_region":"beijing","source_osm_id":"5430443221"},"geometry":{"type":"Point","coordinates":[116.4554956,39.9220995]}},{"type":"Feature","properties":{"id":"china-osm-rail-station-5430525703","name":"朝阳门","station_type":"railway_station","source_region":"beijing","source_osm_id":"5430525703"},"geometry":{"type":"Point","coordinates":[116.4279504,39.9230647]}},{"type":"Feature","properties":{"id":"china-osm-rail-station-5448561568","name":"团结湖","station_type":"railway_station","source_region":"beijing","source_osm_id":"5448561568"},"geometry":{"type":"Point","coordinates":[116.4556066,39.9322013]}},{"type":"Feature","properties":{"id":"china-osm-rail-station-5444681481","name":"张自忠路","station_type":"railway_station","source_region":"beijing","source_osm_id":"5444681481"},"geometry":{"type":"Point","coordinates":[116.4112952,39.9322844]}},{"type":"Feature","properties":{"id":"china-osm-rail-station-8382763904","name":"琉璃河南","station_type":"railway_station","source_region":"beijing","source_osm_id":"8382763904"},"geometry":{"type":"Point","coordinates":[116.0193372,39.5752377]}},{"type":"Feature","properties":{"id":"china-osm-rail-station-8363785413","name":"琉璃河","station_type":"railway_station","source_region":"beijing","source_osm_id":"8363785413"},"geometry":{"type":"Point","coordinates":[116.0355934,39.596202]}},{"type":"Feature","properties":{"id":"china-osm-rail-station-1984411038","name":"云居寺","station_type":"railway_station","source_region":"beijing","source_osm_id":"1984411038"},"geometry":{"type":"Point","coordinates":[115.7934901,39.6202628]}},{"type":"Feature","properties":{"id":"china-osm-rail-station-1984410997","name":"三合庄","station_type":"railway_station","source_region":"beijing","source_osm_id":"1984410997"},"geometry":{"type":"Point","coordinates":[115.7078918,39.6344352]}},{"type":"Feature","properties":{"id":"china-osm-rail-station-2391264902","name":"石楼","station_type":"railway_station","source_region":"beijing","source_osm_id":"2391264902"},"geometry":{"type":"Point","coordinates":[115.9701624,39.6380092]}},{"type":"Feature","properties":{"id":"china-osm-rail-station-3404875130","name":"十渡","station_type":"railway_station","source_region":"beijing","source_osm_id":"3404875130"},"geometry":{"type":"Point","coordinates":[115.583388,39.6460483]}},{"type":"Feature","properties":{"id":"china-osm-rail-station-1984410970","name":"孤山口","station_type":"railway_station","source_region":"beijing","source_osm_id":"1984410970"},"geometry":{"type":"Point","coordinates":[115.8409688,39.6463081]}},{"type":"Feature","properties":{"id":"china-osm-rail-station-3404875131","name":"平峪","station_type":"railway_station","source_region":"beijing","source_osm_id":"3404875131"},"geometry":{"type":"Point","coordinates":[115.5324681,39.6608133]}},{"type":"Feature","properties":{"id":"china-osm-rail-station-8363785403","name":"窦店","station_type":"railway_station","source_region":"beijing","source_osm_id":"8363785403"},"geometry":{"type":"Point","coordinates":[116.0957453,39.6678807]}},{"type":"Feature","properties":{"id":"china-osm-rail-station-13887517191","name":"周口店","station_type":"railway_station","source_region":"beijing","source_osm_id":"13887517191"},"geometry":{"type":"Point","coordinates":[115.9274702,39.686586]}},{"type":"Feature","properties":{"id":"china-osm-rail-station-7796853448","name":"饶乐府","station_type":"railway_station","source_region":"beijing","source_osm_id":"7796853448"},"geometry":{"type":"Point","coordinates":[116.000048,39.7002557]}},{"type":"Feature","properties":{"id":"china-osm-rail-station-7796839024","name":"马各庄","station_type":"railway_station","source_region":"beijing","source_osm_id":"7796839024"},"geometry":{"type":"Point","coordinates":[116.0105495,39.7037753]}},{"type":"Feature","properties":{"id":"china-osm-rail-station-5402956432","name":"房山城关","station_type":"railway_station","source_region":"beijing","source_osm_id":"5402956432"},"geometry":{"type":"Point","coordinates":[115.9835976,39.7046285]}},{"type":"Feature","properties":{"id":"china-osm-rail-station-2391192221","name":"房山","station_type":"railway_station","source_region":"beijing","source_osm_id":"2391192221"},"geometry":{"type":"Point","coordinates":[115.9862326,39.7066874]}},{"type":"Feature","properties":{"id":"china-osm-rail-station-9153343830","name":"大石河东","station_type":"railway_station","source_region":"beijing","source_osm_id":"9153343830"},"geometry":{"type":"Point","coordinates":[116.0339981,39.7085836]}},{"type":"Feature","properties":{"id":"china-osm-rail-station-9153343831","name":"星城","station_type":"railway_station","source_region":"beijing","source_osm_id":"9153343831"},"geometry":{"type":"Point","coordinates":[116.0551386,39.7122214]}},{"type":"Feature","properties":{"id":"china-osm-rail-station-5402953665","name":"阎村","station_type":"railway_station","source_region":"beijing","source_osm_id":"5402953665"},"geometry":{"type":"Point","coordinates":[116.0739687,39.715288]}},{"type":"Feature","properties":{"id":"china-osm-rail-station-9265808495","name":"阎村","station_type":"railway_station","source_region":"beijing","source_osm_id":"9265808495"},"geometry":{"type":"Point","coordinates":[116.0947931,39.7177344]}},{"type":"Feature","properties":{"id":"china-osm-rail-station-5402957177","name":"燕山","station_type":"railway_station","source_region":"beijing","source_osm_id":"5402957177"},"geometry":{"type":"Point","coordinates":[115.9674631,39.7184583]}},{"type":"Feature","properties":{"id":"china-osm-rail-station-1984410977","name":"良各庄","station_type":"railway_station","source_region":"beijing","source_osm_id":"1984410977"},"geometry":{"type":"Point","coordinates":[115.9319805,39.7196151]}},{"type":"Feature","properties":{"id":"china-osm-rail-station-8073272034","name":"苏庄","station_type":"railway_station","source_region":"beijing","source_osm_id":"8073272034"},"geometry":{"type":"Point","coordinates":[116.1189698,39.7218523]}},{"type":"Feature","properties":{"id":"china-osm-rail-station-9153343832","name":"紫草坞","station_type":"railway_station","source_region":"beijing","source_osm_id":"9153343832"},"geometry":{"type":"Point","coordinates":[116.0804553,39.723022]}},{"type":"Feature","properties":{"id":"china-osm-rail-station-5779155490","name":"阎村东","station_type":"railway_station","source_region":"beijing","source_osm_id":"5779155490"},"geometry":{"type":"Point","coordinates":[116.094557,39.7275574]}},{"type":"Feature","properties":{"id":"china-osm-rail-station-9265808494","name":"北坊","station_type":"railway_station","source_region":"beijing","source_osm_id":"9265808494"},"geometry":{"type":"Point","coordinates":[116.0458696,39.7398107]}},{"type":"Feature","properties":{"id":"china-osm-rail-station-1938418680","name":"燕山","station_type":"railway_station","source_region":"beijing","source_osm_id":"1938418680"},"geometry":{"type":"Point","coordinates":[115.9521142,39.7477611]}},{"type":"Feature","properties":{"id":"china-osm-rail-station-2577030414","name":"南观村","station_type":"railway_station","source_region":"beijing","source_osm_id":"2577030414"},"geometry":{"type":"Point","coordinates":[115.9879111,39.766652]}},{"type":"Feature","properties":{"id":"china-osm-rail-station-9265808493","name":"坨里","station_type":"railway_station","source_region":"beijing","source_osm_id":"9265808493"},"geometry":{"type":"Point","coordinates":[116.026791,39.7687745]}},{"type":"Feature","properties":{"id":"china-osm-rail-station-3412129661","name":"磁家务","station_type":"railway_station","source_region":"beijing","source_osm_id":"3412129661"},"geometry":{"type":"Point","coordinates":[115.9915037,39.7959437]}},{"type":"Feature","properties":{"id":"china-osm-rail-station-9265808492","name":"河南村","station_type":"railway_station","source_region":"beijing","source_osm_id":"9265808492"},"geometry":{"type":"Point","coordinates":[115.9332061,39.8143709]}},{"type":"Feature","properties":{"id":"china-osm-rail-station-7798863096","name":"上万","station_type":"railway_station","source_region":"beijing","source_osm_id":"7798863096"},"geometry":{"type":"Point","coordinates":[116.0389411,39.8212781]}},{"type":"Feature","properties":{"id":"china-osm-rail-station-8073272033","name":"良乡大学城西","station_type":"railway_station","source_region":"beijing","source_osm_id":"8073272033"},"geometry":{"type":"Point","coordinates":[116.1500157,39.7218688]}},{"type":"Feature","properties":{"id":"china-osm-rail-station-5430390454","name":"良乡南关","station_type":"railway_station","source_region":"beijing","source_osm_id":"5430390454"},"geometry":{"type":"Point","coordinates":[116.1342397,39.7218824]}},{"type":"Feature","properties":{"id":"china-osm-rail-station-8073272032","name":"良乡大学城","station_type":"railway_station","source_region":"beijing","source_osm_id":"8073272032"},"geometry":{"type":"Point","coordinates":[116.1702973,39.7219018]}},{"type":"Feature","properties":{"id":"china-osm-rail-station-8073272031","name":"良乡大学城北","station_type":"railway_station","source_region":"beijing","source_osm_id":"8073272031"},"geometry":{"type":"Point","coordinates":[116.1773354,39.728465]}},{"type":"Feature","properties":{"id":"china-osm-rail-station-8313484663","name":"良乡","station_type":"railway_station","source_region":"beijing","source_osm_id":"8313484663"},"geometry":{"type":"Point","coordinates":[116.1506449,39.7398213]}},{"type":"Feature","properties":{"id":"china-osm-rail-station-8073272030","name":"广阳城","station_type":"railway_station","source_region":"beijing","source_osm_id":"8073272030"},"geometry":{"type":"Point","coordinates":[116.1788414,39.7465971]}},{"type":"Feature","properties":{"id":"china-osm-rail-station-8073272029","name":"篱笆房","station_type":"railway_station","source_region":"beijing","source_osm_id":"8073272029"},"geometry":{"type":"Point","coordinates":[116.1833797,39.759377]}},{"type":"Feature","properties":{"id":"china-osm-rail-station-8073272028","name":"长阳","station_type":"railway_station","source_region":"beijing","source_osm_id":"8073272028"},"geometry":{"type":"Point","coordinates":[116.2065044,39.7625141]}},{"type":"Feature","properties":{"id":"china-osm-rail-station-7780210953","name":"长辛店","station_type":"railway_station","source_region":"beijing","source_osm_id":"7780210953"},"geometry":{"type":"Point","coordinates":[116.2004564,39.8272343]}},{"type":"Feature","properties":{"id":"china-osm-rail-station-4708350145","name":"后吕村","station_type":"railway_station","source_region":"beijing","source_osm_id":"4708350145"},"geometry":{"type":"Point","coordinates":[116.1649946,39.8302887]}},{"type":"Feature","properties":{"id":"china-osm-rail-station-3191192383","name":"木竹河","station_type":"railway_station","source_region":"chongqing","source_osm_id":"3191192383"},"geometry":{"type":"Point","coordinates":[106.8653155,28.6392686]}},{"type":"Feature","properties":{"id":"china-osm-rail-station-11945267393","name":"小鱼沱","station_type":"railway_station","source_region":"chongqing","source_osm_id":"11945267393"},"geometry":{"type":"Point","coordinates":[106.6947251,28.6691109]}},{"type":"Feature","properties":{"id":"china-osm-rail-station-3011848396","name":"石门坎","station_type":"railway_station","source_region":"chongqing","source_osm_id":"3011848396"},"geometry":{"type":"Point","coordinates":[106.817588,28.6725064]}},{"type":"Feature","properties":{"id":"china-osm-rail-station-8192996909","name":"岔滩","station_type":"railway_station","source_region":"chongqing","source_osm_id":"8192996909"},"geometry":{"type":"Point","coordinates":[106.763804,28.7182657]}},{"type":"Feature","properties":{"id":"china-osm-rail-station-2327990930","name":"赶水","station_type":"railway_station","source_region":"chongqing","source_osm_id":"2327990930"},"geometry":{"type":"Point","coordinates":[106.7074541,28.7501278]}},{"type":"Feature","properties":{"id":"china-osm-rail-station-8192955731","name":"赶水北","station_type":"railway_station","source_region":"chongqing","source_osm_id":"8192955731"},"geometry":{"type":"Point","coordinates":[106.6982215,28.765437]}},{"type":"Feature","properties":{"id":"china-osm-rail-station-3695359762","name":"赶水东","station_type":"railway_station","source_region":"chongqing","source_osm_id":"3695359762"},"geometry":{"type":"Point","coordinates":[106.7029727,28.7657812]}},{"type":"Feature","properties":{"id":"china-osm-rail-station-8192936370","name":"镇紫街","station_type":"railway_station","source_region":"chongqing","source_osm_id":"8192936370"},"geometry":{"type":"Point","coordinates":[106.6710883,28.790014]}},{"type":"Feature","properties":{"id":"china-osm-rail-station-8192930847","name":"两河口","station_type":"railway_station","source_region":"chongqing","source_osm_id":"8192930847"},"geometry":{"type":"Point","coordinates":[106.7165953,28.8339357]}},{"type":"Feature","properties":{"id":"china-osm-rail-station-12196410345","name":"扶坝","station_type":"railway_station","source_region":"chongqing","source_osm_id":"12196410345"},"geometry":{"type":"Point","coordinates":[106.7687113,28.8466833]}},{"type":"Feature","properties":{"id":"china-osm-rail-station-5549333748","name":"梅江","station_type":"railway_station","source_region":"chongqing","source_osm_id":"5549333748"},"geometry":{"type":"Point","coordinates":[109.0421069,28.294202]}},{"type":"Feature","properties":{"id":"china-osm-rail-station-1681825182","name":"秀山","station_type":"railway_station","source_region":"chongqing","source_osm_id":"1681825182"},"geometry":{"type":"Point","coordinates":[109.0111658,28.4497561]}},{"type":"Feature","properties":{"id":"china-osm-rail-station-1681825098","name":"龙池","station_type":"railway_station","source_region":"chongqing","source_osm_id":"1681825098"},"geometry":{"type":"Point","coordinates":[108.9925468,28.6018735]}},{"type":"Feature","properties":{"id":"china-osm-rail-station-1681825191","name":"酉阳","station_type":"railway_station","source_region":"chongqing","source_osm_id":"1681825191"},"geometry":{"type":"Point","coordinates":[108.9576347,28.8115473]}},{"type":"Feature","properties":{"id":"china-osm-rail-station-5549333750","name":"麻旺","station_type":"railway_station","source_region":"chongqing","source_osm_id":"5549333750"},"geometry":{"type":"Point","coordinates":[108.9464432,28.9075724]}},{"type":"Feature","properties":{"id":"china-osm-rail-station-1681825070","name":"泔溪","station_type":"railway_station","source_region":"chongqing","source_osm_id":"1681825070"},"geometry":{"type":"Point","coordinates":[108.9553024,28.987426]}},{"type":"Feature","properties":{"id":"china-osm-rail-station-2716403721","name":"南川","station_type":"railway_station","source_region":"chongqing","source_osm_id":"2716403721"},"geometry":{"type":"Point","coordinates":[107.1019225,29.1471135]}},{"type":"Feature","properties":{"id":"china-osm-rail-station-4692374234","name":"南川东","station_type":"railway_station","source_region":"chongqing","source_osm_id":"4692374234"},"geometry":{"type":"Point","coordinates":[107.1293596,29.1546797]}},{"type":"Feature","properties":{"id":"china-osm-rail-station-10561477666","name":"南川北","station_type":"railway_station","source_region":"chongqing","source_osm_id":"10561477666"},"geometry":{"type":"Point","coordinates":[107.1145337,29.187095]}},{"type":"Feature","properties":{"id":"china-osm-rail-station-1681825197","name":"鱼泉","station_type":"railway_station","source_region":"chongqing","source_osm_id":"1681825197"},"geometry":{"type":"Point","coordinates":[108.8484397,29.1952038]}},{"type":"Feature","properties":{"id":"china-osm-rail-station-8191141376","name":"东升坝","station_type":"railway_station","source_region":"chongqing","source_osm_id":"8191141376"},"geometry":{"type":"Point","coordinates":[106.6783537,28.8868586]}},{"type":"Feature","properties":{"id":"china-osm-rail-station-8059209390","name":"三江东","station_type":"railway_station","source_region":"chongqing","source_osm_id":"8059209390"},"geometry":{"type":"Point","coordinates":[106.7371801,28.9368103]}},{"type":"Feature","properties":{"id":"china-osm-rail-station-8059209404","name":"谷口河","station_type":"railway_station","source_region":"chongqing","source_osm_id":"8059209404"},"geometry":{"type":"Point","coordinates":[106.8733048,28.9450539]}},{"type":"Feature","properties":{"id":"china-osm-rail-station-8059209405","name":"万盛东","station_type":"railway_station","source_region":"chongqing","source_osm_id":"8059209405"},"geometry":{"type":"Point","coordinates":[106.9325161,28.9457473]}},{"type":"Feature","properties":{"id":"china-osm-rail-station-8062536481","name":"万盛南","station_type":"railway_station","source_region":"chongqing","source_osm_id":"8062536481"},"geometry":{"type":"Point","coordinates":[106.9050931,28.9491232]}},{"type":"Feature","properties":{"id":"china-osm-rail-station-7322084532","name":"三江","station_type":"railway_station","source_region":"chongqing","source_osm_id":"7322084532"},"geometry":{"type":"Point","coordinates":[106.6988776,28.95048]}},{"type":"Feature","properties":{"id":"china-osm-rail-station-8059179211","name":"万盛","station_type":"railway_station","source_region":"chongqing","source_osm_id":"8059179211"},"geometry":{"type":"Point","coordinates":[106.8714217,28.9756655]}},{"type":"Feature","properties":{"id":"china-osm-rail-station-8191107033","name":"转关口","station_type":"railway_station","source_region":"chongqing","source_osm_id":"8191107033"},"geometry":{"type":"Point","coordinates":[106.6902158,28.9956934]}},{"type":"Feature","properties":{"id":"china-osm-rail-station-8059179212","name":"砚石台","station_type":"railway_station","source_region":"chongqing","source_osm_id":"8059179212"},"geometry":{"type":"Point","coordinates":[106.92527,29.0018489]}},{"type":"Feature","properties":{"id":"china-osm-rail-station-2327990932","name":"綦江","station_type":"railway_station","source_region":"chongqing","source_osm_id":"2327990932"},"geometry":{"type":"Point","coordinates":[106.6604057,29.0202678]}},{"type":"Feature","properties":{"id":"china-osm-rail-station-8190990043","name":"綦江北","station_type":"railway_station","source_region":"chongqing","source_osm_id":"8190990043"},"geometry":{"type":"Point","coordinates":[106.5954384,29.0131288]}},{"type":"Feature","properties":{"id":"china-osm-rail-station-10313432165","name":"南彭","station_type":"railway_station","source_region":"chongqing","source_osm_id":"10313432165"},"geometry":{"type":"Point","coordinates":[106.5972368,29.362757]}},{"type":"Feature","properties":{"id":"china-osm-rail-station-10770009028","name":"茶园","station_type":"railway_station","source_region":"chongqing","source_osm_id":"10770009028"},"geometry":{"type":"Point","coordinates":[106.6391684,29.49052]}},{"type":"Feature","properties":{"id":"china-osm-rail-station-1855168785","name":"重庆交通大学","station_type":"railway_station","source_region":"chongqing","source_osm_id":"1855168785"},"geometry":{"type":"Point","coordinates":[106.569108,29.4914339]}},{"type":"Feature","properties":{"id":"china-osm-rail-station-1855168786","name":"六公里","station_type":"railway_station","source_region":"chongqing","source_osm_id":"1855168786"},"geometry":{"type":"Point","coordinates":[106.5696604,29.5005314]}},{"type":"Feature","properties":{"id":"china-osm-rail-station-3345481881","name":"邱家湾","station_type":"railway_station","source_region":"chongqing","source_osm_id":"3345481881"},"geometry":{"type":"Point","coordinates":[106.6457667,29.5006058]}},{"type":"Feature","properties":{"id":"china-osm-rail-station-1855168789","name":"重庆工商大学","station_type":"railway_station","source_region":"chongqing","source_osm_id":"1855168789"},"geometry":{"type":"Point","coordinates":[106.5701576,29.510165]}},{"type":"Feature","properties":{"id":"china-osm-rail-station-1855168788","name":"四公里","station_type":"railway_station","source_region":"chongqing","source_osm_id":"1855168788"},"geometry":{"type":"Point","coordinates":[106.5724774,29.5194689]}},{"type":"Feature","properties":{"id":"china-osm-rail-station-1855168787","name":"南坪","station_type":"railway_station","source_region":"chongqing","source_osm_id":"1855168787"},"geometry":{"type":"Point","coordinates":[106.5659774,29.5290552]}},{"type":"Feature","properties":{"id":"china-osm-rail-station-10770007943","name":"南坪","station_type":"railway_station","source_region":"chongqing","source_osm_id":"10770007943"},"geometry":{"type":"Point","coordinates":[106.5661128,29.5304157]}},{"type":"Feature","properties":{"id":"china-osm-rail-station-3695373142","name":"綦江东","station_type":"railway_station","source_region":"chongqing","source_osm_id":"3695373142"},"geometry":{"type":"Point","coordinates":[106.6587414,29.0262609]}},{"type":"Feature","properties":{"id":"china-osm-rail-station-8059178932","name":"南平镇","station_type":"railway_station","source_region":"chongqing","source_osm_id":"8059178932"},"geometry":{"type":"Point","coordinates":[106.9605464,29.1188134]}},{"type":"Feature","properties":{"id":"china-osm-rail-station-10561477589","name":"巴南","station_type":"railway_station","source_region":"chongqing","source_osm_id":"10561477589"},"geometry":{"type":"Point","coordinates":[106.7518423,29.39627]}},{"type":"Feature","properties":{"id":"china-osm-rail-station-10561477550","name":"重庆东","station_type":"railway_station","source_region":"chongqing","source_osm_id":"10561477550"},"geometry":{"type":"Point","coordinates":[106.669173,29.4871069]}},{"type":"Feature","properties":{"id":"china-osm-rail-station-10770007980","name":"重庆东站","station_type":"railway_station","source_region":"chongqing","source_osm_id":"10770007980"},"geometry":{"type":"Point","coordinates":[106.6674076,29.4878993]}},{"type":"Feature","properties":{"id":"china-osm-rail-station-11368943457","name":"桃花桥","station_type":"railway_station","source_region":"chongqing","source_osm_id":"11368943457"},"geometry":{"type":"Point","coordinates":[106.6582613,29.5064186]}},{"type":"Feature","properties":{"id":"china-osm-rail-station-10058478065","name":"长生桥","station_type":"railway_station","source_region":"chongqing","source_osm_id":"10058478065"},"geometry":{"type":"Point","coordinates":[106.6541732,29.5137521]}},{"type":"Feature","properties":{"id":"china-osm-rail-station-11368943452","name":"百乐园","station_type":"railway_station","source_region":"chongqing","source_osm_id":"11368943452"},"geometry":{"type":"Point","coordinates":[106.6625714,29.5172175]}},{"type":"Feature","properties":{"id":"china-osm-rail-station-10313462554","name":"迎龙","station_type":"railway_station","source_region":"chongqing","source_osm_id":"10313462554"},"geometry":{"type":"Point","coordinates":[106.7227583,29.5211674]}},{"type":"Feature","properties":{"id":"china-osm-rail-station-3345481880","name":"刘家坪","station_type":"railway_station","source_region":"chongqing","source_osm_id":"3345481880"},"geometry":{"type":"Point","coordinates":[106.6519837,29.5276311]}},{"type":"Feature","properties":{"id":"china-osm-rail-station-10561578972","name":"水江西","station_type":"railway_station","source_region":"chongqing","source_osm_id":"10561578972"},"geometry":{"type":"Point","coordinates":[107.2694269,29.2470799]}},{"type":"Feature","properties":{"id":"china-osm-rail-station-8197922559","name":"水江","station_type":"railway_station","source_region":"chongqing","source_osm_id":"8197922559"},"geometry":{"type":"Point","coordinates":[107.2795528,29.2582439]}},{"type":"Feature","properties":{"id":"china-osm-rail-station-10561588367","name":"武隆南","station_type":"railway_station","source_region":"chongqing","source_osm_id":"10561588367"},"geometry":{"type":"Point","coordinates":[107.8132942,29.2993008]}},{"type":"Feature","properties":{"id":"china-osm-rail-station-1681825253","name":"中嘴","station_type":"railway_station","source_region":"chongqing","source_osm_id":"1681825253"},"geometry":{"type":"Point","coordinates":[107.8443502,29.3059655]}},{"type":"Feature","properties":{"id":"china-osm-rail-station-4503846519","name":"武隆","station_type":"railway_station","source_region":"chongqing","source_osm_id":"4503846519"},"geometry":{"type":"Point","coordinates":[107.7682632,29.3299317]}},{"type":"Feature","properties":{"id":"china-osm-rail-station-10561718990","name":"彭水西","station_type":"railway_station","source_region":"chongqing","source_osm_id":"10561718990"},"geometry":{"type":"Point","coordinates":[108.1123299,29.3395771]}},{"type":"Feature","properties":{"id":"china-osm-rail-station-5548164601","name":"冯家坝","station_type":"railway_station","source_region":"chongqing","source_osm_id":"5548164601"},"geometry":{"type":"Point","coordinates":[108.7784082,29.363013]}},{"type":"Feature","properties":{"id":"china-osm-rail-station-5549317613","name":"彭水","station_type":"railway_station","source_region":"chongqing","source_osm_id":"5549317613"},"geometry":{"type":"Point","coordinates":[108.2334316,29.3647802]}},{"type":"Feature","properties":{"id":"china-osm-rail-station-1681825153","name":"土坎","station_type":"railway_station","source_region":"chongqing","source_osm_id":"1681825153"},"geometry":{"type":"Point","coordinates":[107.6767302,29.3831118]}},{"type":"Feature","properties":{"id":"china-osm-rail-station-1681825082","name":"高谷","station_type":"railway_station","source_region":"chongqing","source_osm_id":"1681825082"},"geometry":{"type":"Point","coordinates":[108.0683864,29.3905302]}},{"type":"Feature","properties":{"id":"china-osm-rail-station-1681825030","name":"白马","station_type":"railway_station","source_region":"chongqing","source_osm_id":"1681825030"},"geometry":{"type":"Point","coordinates":[107.5567379,29.407993]}},{"type":"Feature","properties":{"id":"china-osm-rail-station-2662698099","name":"保家楼","station_type":"railway_station","source_region":"chongqing","source_osm_id":"2662698099"},"geometry":{"type":"Point","coordinates":[108.3031941,29.4277319]}},{"type":"Feature","properties":{"id":"china-osm-rail-station-9926053026","name":"新白马","station_type":"railway_station","source_region":"chongqing","source_osm_id":"9926053026"},"geometry":{"type":"Point","coordinates":[107.5325704,29.4291791]}},{"type":"Feature","properties":{"id":"china-osm-rail-station-1681825133","name":"黔江","station_type":"railway_station","source_region":"chongqing","source_osm_id":"1681825133"},"geometry":{"type":"Point","coordinates":[108.7899045,29.4441707]}},{"type":"Feature","properties":{"id":"china-osm-rail-station-8197954877","name":"鸭江","station_type":"railway_station","source_region":"chongqing","source_osm_id":"8197954877"},"geometry":{"type":"Point","coordinates":[107.3954253,29.4533151]}},{"type":"Feature","properties":{"id":"china-osm-rail-station-1681825096","name":"核桃园","station_type":"railway_station","source_region":"chongqing","source_osm_id":"1681825096"},"geometry":{"type":"Point","coordinates":[108.6812421,29.4576761]}},{"type":"Feature","properties":{"id":"china-osm-rail-station-1681825080","name":"干溪沟","station_type":"railway_station","source_region":"chongqing","source_osm_id":"1681825080"},"geometry":{"type":"Point","coordinates":[108.4649813,29.4922576]}},{"type":"Feature","properties":{"id":"china-osm-rail-station-1681825135","name":"石子坝","station_type":"railway_station","source_region":"chongqing","source_osm_id":"1681825135"},"geometry":{"type":"Point","coordinates":[108.5760555,29.4924983]}},{"type":"Feature","properties":{"id":"china-osm-rail-station-4584123482","name":"郁山","station_type":"railway_station","source_region":"chongqing","source_osm_id":"4584123482"},"geometry":{"type":"Point","coordinates":[108.3585221,29.5006159]}},{"type":"Feature","properties":{"id":"china-osm-rail-station-12681122279","name":"黔江北（预留）","station_type":"railway_station","source_region":"chongqing","source_osm_id":"12681122279"},"geometry":{"type":"Point","coordinates":[108.8264609,29.5170125]}},{"type":"Feature","properties":{"id":"china-osm-rail-station-9794429779","name":"鹿栖","station_type":"railway_station","source_region":"chongqing","source_osm_id":"9794429779"},"geometry":{"type":"Point","coordinates":[106.7122421,29.6033379]}},{"type":"Feature","properties":{"id":"china-osm-rail-station-9794385154","name":"唐家沱","station_type":"railway_station","source_region":"chongqing","source_osm_id":"9794385154"},"geometry":{"type":"Point","coordinates":[106.6557311,29.6083188]}},{"type":"Feature","properties":{"id":"china-osm-rail-station-9794429796","name":"果园物流枢纽","station_type":"railway_station","source_region":"chongqing","source_osm_id":"9794429796"},"geometry":{"type":"Point","coordinates":[106.7348716,29.6124152]}},{"type":"Feature","properties":{"id":"china-osm-rail-station-9794408823","name":"铁山坪","station_type":"railway_station","source_region":"chongqing","source_osm_id":"9794408823"},"geometry":{"type":"Point","coordinates":[106.6655681,29.6166075]}},{"type":"Feature","properties":{"id":"china-osm-rail-station-1681825234","name":"鱼嘴","station_type":"railway_station","source_region":"chongqing","source_osm_id":"1681825234"},"geometry":{"type":"Point","coordinates":[106.7318937,29.6187469]}},{"type":"Feature","properties":{"id":"china-osm-rail-station-9794429802","name":"鱼嘴","station_type":"railway_station","source_region":"chongqing","source_osm_id":"9794429802"},"geometry":{"type":"Point","coordinates":[106.7585365,29.6260766]}},{"type":"Feature","properties":{"id":"china-osm-rail-station-9794429814","name":"雁坪","station_type":"railway_station","source_region":"chongqing","source_osm_id":"9794429814"},"geometry":{"type":"Point","coordinates":[106.7719218,29.6297193]}},{"type":"Feature","properties":{"id":"china-osm-rail-station-1681825115","name":"庙坝","station_type":"railway_station","source_region":"chongqing","source_osm_id":"1681825115"},"geometry":{"type":"Point","coordinates":[106.8077707,29.6404508]}},{"type":"Feature","properties":{"id":"china-osm-rail-station-9794462626","name":"石河清","station_type":"railway_station","source_region":"chongqing","source_osm_id":"9794462626"},"geometry":{"type":"Point","coordinates":[106.795799,29.6413874]}},{"type":"Feature","properties":{"id":"china-osm-rail-station-3500381164","name":"双溪","station_type":"railway_station","source_region":"chongqing","source_osm_id":"3500381164"},"geometry":{"type":"Point","coordinates":[106.7382391,29.6522719]}},{"type":"Feature","properties":{"id":"china-osm-rail-station-3500370030","name":"复盛","station_type":"railway_station","source_region":"chongqing","source_osm_id":"3500370030"},"geometry":{"type":"Point","coordinates":[106.7981228,29.6579599]}},{"type":"Feature","properties":{"id":"china-osm-rail-station-9794462636","name":"复盛","station_type":"railway_station","source_region":"chongqing","source_osm_id":"9794462636"},"geometry":{"type":"Point","coordinates":[106.7964124,29.6587824]}},{"type":"Feature","properties":{"id":"china-osm-rail-station-9835918732","name":"三板溪","station_type":"railway_station","source_region":"chongqing","source_osm_id":"9835918732"},"geometry":{"type":"Point","coordinates":[106.7935735,29.6704224]}},{"type":"Feature","properties":{"id":"china-osm-rail-station-9835918739","name":"龙驿大道","station_type":"railway_station","source_region":"chongqing","source_osm_id":"9835918739"},"geometry":{"type":"Point","coordinates":[106.790879,29.6927203]}},{"type":"Feature","properties":{"id":"china-osm-rail-station-9835918746","name":"龙兴","station_type":"railway_station","source_region":"chongqing","source_osm_id":"9835918746"},"geometry":{"type":"Point","coordinates":[106.7980261,29.7042423]}},{"type":"Feature","properties":{"id":"china-osm-rail-station-11357632967","name":"江北机场","station_type":"railway_station","source_region":"chongqing","source_osm_id":"11357632967"},"geometry":{"type":"Point","coordinates":[106.65074,29.7090718]}},{"type":"Feature","properties":{"id":"china-osm-rail-station-7165568413","name":"江北机场T3航站楼","station_type":"railway_station","source_region":"chongqing","source_osm_id":"7165568413"},"geometry":{"type":"Point","coordinates":[106.6510874,29.7104578]}},{"type":"Feature","properties":{"id":"china-osm-rail-station-9835918752","name":"高石塔","station_type":"railway_station","source_region":"chongqing","source_osm_id":"9835918752"},"geometry":{"type":"Point","coordinates":[106.7989383,29.7138903]}},{"type":"Feature","properties":{"id":"china-osm-rail-station-5549291108","name":"洛碛","station_type":"railway_station","source_region":"chongqing","source_osm_id":"5549291108"},"geometry":{"type":"Point","coordinates":[106.9202596,29.7247689]}},{"type":"Feature","properties":{"id":"china-osm-rail-station-10313458327","name":"龙兴","station_type":"railway_station","source_region":"chongqing","source_osm_id":"10313458327"},"geometry":{"type":"Point","coordinates":[106.8523396,29.7276304]}},{"type":"Feature","properties":{"id":"china-osm-rail-station-9835918759","name":"普福","station_type":"railway_station","source_region":"chongqing","source_osm_id":"9835918759"},"geometry":{"type":"Point","coordinates":[106.7994832,29.7306416]}},{"type":"Feature","properties":{"id":"china-osm-rail-station-9835918778","name":"桐梓林","station_type":"railway_station","source_region":"chongqing","source_osm_id":"9835918778"},"geometry":{"type":"Point","coordinates":[106.8113163,29.7446727]}},{"type":"Feature","properties":{"id":"china-osm-rail-station-1681825156","name":"王家坝","station_type":"railway_station","source_region":"chongqing","source_osm_id":"1681825156"},"geometry":{"type":"Point","coordinates":[107.0258251,29.7478928]}},{"type":"Feature","properties":{"id":"china-osm-rail-station-9835918784","name":"石船","station_type":"railway_station","source_region":"chongqing","source_osm_id":"9835918784"},"geometry":{"type":"Point","coordinates":[106.8297611,29.7623068]}},{"type":"Feature","properties":{"id":"china-osm-rail-station-10313622592","name":"银花","station_type":"railway_station","source_region":"chongqing","source_osm_id":"10313622592"},"geometry":{"type":"Point","coordinates":[106.7233319,29.7704548]}},{"type":"Feature","properties":{"id":"china-osm-rail-station-9835918797","name":"黄岭","station_type":"railway_station","source_region":"chongqing","source_osm_id":"9835918797"},"geometry":{"type":"Point","coordinates":[106.837488,29.7747498]}},{"type":"Feature","properties":{"id":"china-osm-rail-station-4564239491","name":"观月路","station_type":"railway_station","source_region":"chongqing","source_osm_id":"4564239491"},"geometry":{"type":"Point","coordinates":[106.649001,29.7777721]}},{"type":"Feature","properties":{"id":"china-osm-rail-station-9336181481","name":"重钢","station_type":"railway_station","source_region":"chongqing","source_osm_id":"9336181481"},"geometry":{"type":"Point","coordinates":[107.0299727,29.780479]}},{"type":"Feature","properties":{"id":"china-osm-rail-station-4564239495","name":"莲花","station_type":"railway_station","source_region":"chongqing","source_osm_id":"4564239495"},"geometry":{"type":"Point","coordinates":[106.6521451,29.7883139]}},{"type":"Feature","properties":{"id":"china-osm-rail-station-1681825052","name":"长寿","station_type":"railway_station","source_region":"chongqing","source_osm_id":"1681825052"},"geometry":{"type":"Point","coordinates":[106.9621349,29.7920134]}},{"type":"Feature","properties":{"id":"china-osm-rail-station-1586701933","name":"朱杨溪","station_type":"railway_station","source_region":"chongqing","source_osm_id":"1586701933"},"geometry":{"type":"Point","coordinates":[105.94746,29.064628]}},{"type":"Feature","properties":{"id":"china-osm-rail-station-1586701862","name":"白沙","station_type":"railway_station","source_region":"chongqing","source_osm_id":"1586701862"},"geometry":{"type":"Point","coordinates":[106.127832,29.076789]}},{"type":"Feature","properties":{"id":"china-osm-rail-station-1586701907","name":"平等","station_type":"railway_station","source_region":"chongqing","source_osm_id":"1586701907"},"geometry":{"type":"Point","coordinates":[106.022573,29.101719]}},{"type":"Feature","properties":{"id":"china-osm-rail-station-1586701868","name":"茨坝","station_type":"railway_station","source_region":"chongqing","source_osm_id":"1586701868"},"geometry":{"type":"Point","coordinates":[105.930838,29.113014]}},{"type":"Feature","properties":{"id":"china-osm-rail-station-1892923467","name":"金刚沱","station_type":"railway_station","source_region":"chongqing","source_osm_id":"1892923467"},"geometry":{"type":"Point","coordinates":[106.1058966,29.1452961]}},{"type":"Feature","properties":{"id":"china-osm-rail-station-1586701853","name":"柏林","station_type":"railway_station","source_region":"chongqing","source_osm_id":"1586701853"},"geometry":{"type":"Point","coordinates":[105.943906,29.167844]}},{"type":"Feature","properties":{"id":"china-osm-rail-station-1586701922","name":"油溪","station_type":"railway_station","source_region":"chongqing","source_osm_id":"1586701922"},"geometry":{"type":"Point","coordinates":[106.1448714,29.2034758]}},{"type":"Feature","properties":{"id":"china-osm-rail-station-1586701877","name":"古家沱","station_type":"railway_station","source_region":"chongqing","source_osm_id":"1586701877"},"geometry":{"type":"Point","coordinates":[106.2083211,29.2234456]}},{"type":"Feature","properties":{"id":"china-osm-rail-station-7748172763","name":"七龙星","station_type":"railway_station","source_region":"chongqing","source_osm_id":"7748172763"},"geometry":{"type":"Point","coordinates":[106.4317704,29.2326114]}},{"type":"Feature","properties":{"id":"china-osm-rail-station-1586701899","name":"临江场","station_type":"railway_station","source_region":"chongqing","source_osm_id":"1586701899"},"geometry":{"type":"Point","coordinates":[105.946023,29.233513]}},{"type":"Feature","properties":{"id":"china-osm-rail-station-8190885462","name":"夏坝","station_type":"railway_station","source_region":"chongqing","source_osm_id":"8190885462"},"geometry":{"type":"Point","coordinates":[106.5070941,29.0759526]}},{"type":"Feature","properties":{"id":"china-osm-rail-station-10313421895","name":"珞璜东","station_type":"railway_station","source_region":"chongqing","source_osm_id":"10313421895"},"geometry":{"type":"Point","coordinates":[106.4953406,29.2717691]}},{"type":"Feature","properties":{"id":"china-osm-rail-station-10175559496","name":"金竹","station_type":"railway_station","source_region":"chongqing","source_osm_id":"10175559496"},"geometry":{"type":"Point","coordinates":[106.5201035,29.3783981]}},{"type":"Feature","properties":{"id":"china-osm-rail-station-2166943972","name":"鱼洞","station_type":"railway_station","source_region":"chongqing","source_osm_id":"2166943972"},"geometry":{"type":"Point","coordinates":[106.5020208,29.3787855]}},{"type":"Feature","properties":{"id":"china-osm-rail-station-9351362647","name":"大江","station_type":"railway_station","source_region":"chongqing","source_osm_id":"9351362647"},"geometry":{"type":"Point","coordinates":[106.4972471,29.3869367]}},{"type":"Feature","properties":{"id":"china-osm-rail-station-10828329833","name":"白居寺","station_type":"railway_station","source_region":"chongqing","source_osm_id":"10828329833"},"geometry":{"type":"Point","coordinates":[106.4887348,29.4193425]}},{"type":"Feature","properties":{"id":"china-osm-rail-station-10828329819","name":"茄子溪","station_type":"railway_station","source_region":"chongqing","source_osm_id":"10828329819"},"geometry":{"type":"Point","coordinates":[106.5002537,29.4268431]}},{"type":"Feature","properties":{"id":"china-osm-rail-station-8162951989","name":"茄子溪","station_type":"railway_station","source_region":"chongqing","source_osm_id":"8162951989"},"geometry":{"type":"Point","coordinates":[106.5002046,29.4285245]}},{"type":"Feature","properties":{"id":"china-osm-rail-station-10828329843","name":"巴滨路湿地公园","station_type":"railway_station","source_region":"chongqing","source_osm_id":"10828329843"},"geometry":{"type":"Point","coordinates":[106.5144351,29.4360003]}},{"type":"Feature","properties":{"id":"china-osm-rail-station-10828329858","name":"花溪工业园","station_type":"railway_station","source_region":"chongqing","source_osm_id":"10828329858"},"geometry":{"type":"Point","coordinates":[106.5135041,29.4503994]}},{"type":"Feature","properties":{"id":"china-osm-rail-station-8190821001","name":"民福寺","station_type":"railway_station","source_region":"chongqing","source_osm_id":"8190821001"},"geometry":{"type":"Point","coordinates":[106.4668551,29.1550724]}},{"type":"Feature","properties":{"id":"china-osm-rail-station-3695372229","name":"珞璜南","station_type":"railway_station","source_region":"chongqing","source_osm_id":"3695372229"},"geometry":{"type":"Point","coordinates":[106.4381953,29.3022823]}},{"type":"Feature","properties":{"id":"china-osm-rail-station-8162951988","name":"伏牛溪","station_type":"railway_station","source_region":"chongqing","source_osm_id":"8162951988"},"geometry":{"type":"Point","coordinates":[106.4711289,29.4021689]}},{"type":"Feature","properties":{"id":"china-osm-rail-station-10828329835","name":"跳磴","station_type":"railway_station","source_region":"chongqing","source_osm_id":"10828329835"},"geometry":{"type":"Point","coordinates":[106.4347655,29.4106753]}},{"type":"Feature","properties":{"id":"china-osm-rail-station-3357504992","name":"白居寺","station_type":"railway_station","source_region":"chongqing","source_osm_id":"3357504992"},"geometry":{"type":"Point","coordinates":[106.4880234,29.4174249]}},{"type":"Feature","properties":{"id":"china-osm-rail-station-10828329834","name":"金鳌山","station_type":"railway_station","source_region":"chongqing","source_osm_id":"10828329834"},"geometry":{"type":"Point","coordinates":[106.4550941,29.4175892]}},{"type":"Feature","properties":{"id":"china-osm-rail-station-10729743578","name":"伏牛溪","station_type":"railway_station","source_region":"chongqing","source_osm_id":"10729743578"},"geometry":{"type":"Point","coordinates":[106.4771844,29.4184372]}},{"type":"Feature","properties":{"id":"china-osm-rail-station-9228486101","name":"刘家坝","station_type":"railway_station","source_region":"chongqing","source_osm_id":"9228486101"},"geometry":{"type":"Point","coordinates":[106.4787629,29.430265]}},{"type":"Feature","properties":{"id":"china-osm-rail-station-9466211974","name":"华岩中心","station_type":"railway_station","source_region":"chongqing","source_osm_id":"9466211974"},"geometry":{"type":"Point","coordinates":[106.4364421,29.4317114]}},{"type":"Feature","properties":{"id":"china-osm-rail-station-9228486102","name":"金家湾","station_type":"railway_station","source_region":"chongqing","source_osm_id":"9228486102"},"geometry":{"type":"Point","coordinates":[106.4715355,29.4405209]}},{"type":"Feature","properties":{"id":"china-osm-rail-station-1586701887","name":"江津","station_type":"railway_station","source_region":"chongqing","source_osm_id":"1586701887"},"geometry":{"type":"Point","coordinates":[106.2370294,29.2651855]}},{"type":"Feature","properties":{"id":"china-osm-rail-station-9334658559","name":"小南垭","station_type":"railway_station","source_region":"chongqing","source_osm_id":"9334658559"},"geometry":{"type":"Point","coordinates":[106.4335154,29.2668781]}},{"type":"Feature","properties":{"id":"china-osm-rail-station-1586701879","name":"黄磏","station_type":"railway_station","source_region":"chongqing","source_osm_id":"1586701879"},"geometry":{"type":"Point","coordinates":[106.2967759,29.2687843]}},{"type":"Feature","properties":{"id":"china-osm-rail-station-10246926876","name":"永川南","station_type":"railway_station","source_region":"chongqing","source_osm_id":"10246926876"},"geometry":{"type":"Point","coordinates":[105.9603632,29.2785978]}},{"type":"Feature","properties":{"id":"china-osm-rail-station-1587088564","name":"铜罐驿","station_type":"railway_station","source_region":"chongqing","source_osm_id":"1587088564"},"geometry":{"type":"Point","coordinates":[106.3835736,29.2985241]}},{"type":"Feature","properties":{"id":"china-osm-rail-station-8190124488","name":"栏杆滩","station_type":"railway_station","source_region":"chongqing","source_osm_id":"8190124488"},"geometry":{"type":"Point","coordinates":[105.9252778,29.2986321]}},{"type":"Feature","properties":{"id":"china-osm-rail-station-9929893745","name":"圣泉寺","station_type":"railway_station","source_region":"chongqing","source_osm_id":"9929893745"},"geometry":{"type":"Point","coordinates":[106.2558852,29.3104231]}},{"type":"Feature","properties":{"id":"china-osm-rail-station-3191147592","name":"珞璜","station_type":"railway_station","source_region":"chongqing","source_osm_id":"3191147592"},"geometry":{"type":"Point","coordinates":[106.4308943,29.333699]}},{"type":"Feature","properties":{"id":"china-osm-rail-station-8189955806","name":"安富镇","station_type":"railway_station","source_region":"chongqing","source_osm_id":"8189955806"},"geometry":{"type":"Point","coordinates":[105.4469435,29.3430408]}},{"type":"Feature","properties":{"id":"china-osm-rail-station-1586701917","name":"永川","station_type":"railway_station","source_region":"chongqing","source_osm_id":"1586701917"},"geometry":{"type":"Point","coordinates":[105.8972628,29.3440986]}},{"type":"Feature","properties":{"id":"china-osm-rail-station-9929893746","name":"江津高铁","station_type":"railway_station","source_region":"chongqing","source_osm_id":"9929893746"},"geometry":{"type":"Point","coordinates":[106.2530759,29.3455172]}},{"type":"Feature","properties":{"id":"china-osm-rail-station-8997696983","name":"江津北","station_type":"railway_station","source_region":"chongqing","source_osm_id":"8997696983"},"geometry":{"type":"Point","coordinates":[106.2550457,29.3475628]}},{"type":"Feature","properties":{"id":"china-osm-rail-station-1587088565","name":"小南海","station_type":"railway_station","source_region":"chongqing","source_osm_id":"1587088565"},"geometry":{"type":"Point","coordinates":[106.4312485,29.3596829]}},{"type":"Feature","properties":{"id":"china-osm-rail-station-8190000127","name":"广顺场","station_type":"railway_station","source_region":"chongqing","source_osm_id":"8190000127"},"geometry":{"type":"Point","coordinates":[105.5223404,29.3713831]}},{"type":"Feature","properties":{"id":"china-osm-rail-station-3500459007","name":"永川东","station_type":"railway_station","source_region":"chongqing","source_osm_id":"3500459007"},"geometry":{"type":"Point","coordinates":[105.9460461,29.3743485]}},{"type":"Feature","properties":{"id":"china-osm-rail-station-9929915853","name":"享堂","station_type":"railway_station","source_region":"chongqing","source_osm_id":"9929915853"},"geometry":{"type":"Point","coordinates":[106.2579209,29.3843868]}},{"type":"Feature","properties":{"id":"china-osm-rail-station-8997696992","name":"九龙坡","station_type":"railway_station","source_region":"chongqing","source_osm_id":"8997696992"},"geometry":{"type":"Point","coordinates":[106.3530988,29.3949226]}},{"type":"Feature","properties":{"id":"china-osm-rail-station-10828329838","name":"跳磴南","station_type":"railway_station","source_region":"chongqing","source_osm_id":"10828329838"},"geometry":{"type":"Point","coordinates":[106.4313211,29.3963019]}},{"type":"Feature","properties":{"id":"china-osm-rail-station-3500272572","name":"跳蹬","station_type":"railway_station","source_region":"chongqing","source_osm_id":"3500272572"},"geometry":{"type":"Point","coordinates":[106.4184402,29.3968514]}},{"type":"Feature","properties":{"id":"china-osm-rail-station-1586701913","name":"荣昌","station_type":"railway_station","source_region":"chongqing","source_osm_id":"1586701913"},"geometry":{"type":"Point","coordinates":[105.5775,29.39787]}},{"type":"Feature","properties":{"id":"china-osm-rail-station-8190097111","name":"双石桥","station_type":"railway_station","source_region":"chongqing","source_osm_id":"8190097111"},"geometry":{"type":"Point","coordinates":[105.8337442,29.4008412]}},{"type":"Feature","properties":{"id":"china-osm-rail-station-9929915855","name":"双福","station_type":"railway_station","source_region":"chongqing","source_osm_id":"9929915855"},"geometry":{"type":"Point","coordinates":[106.3084048,29.4013642]}},{"type":"Feature","properties":{"id":"china-osm-rail-station-9929905028","name":"九龙园","station_type":"railway_station","source_region":"chongqing","source_osm_id":"9929905028"},"geometry":{"type":"Point","coordinates":[106.3508837,29.4017705]}},{"type":"Feature","properties":{"id":"china-osm-rail-station-9929861044","name":"石林寺","station_type":"railway_station","source_region":"chongqing","source_osm_id":"9929861044"},"geometry":{"type":"Point","coordinates":[106.4261057,29.4068892]}},{"type":"Feature","properties":{"id":"china-osm-rail-station-9334658570","name":"大足南","station_type":"railway_station","source_region":"chongqing","source_osm_id":"9334658570"},"geometry":{"type":"Point","coordinates":[105.7420242,29.4235956]}},{"type":"Feature","properties":{"id":"china-osm-rail-station-8190017002","name":"峰高铺","station_type":"railway_station","source_region":"chongqing","source_osm_id":"8190017002"},"geometry":{"type":"Point","coordinates":[105.6704552,29.4303692]}},{"type":"Feature","properties":{"id":"china-osm-rail-station-8190026294","name":"大足","station_type":"railway_station","source_region":"chongqing","source_osm_id":"8190026294"},"geometry":{"type":"Point","coordinates":[105.7391686,29.4322188]}},{"type":"Feature","properties":{"id":"china-osm-rail-station-3500459043","name":"荣昌北","station_type":"railway_station","source_region":"chongqing","source_osm_id":"3500459043"},"geometry":{"type":"Point","coordinates":[105.6327848,29.4361741]}},{"type":"Feature","properties":{"id":"china-osm-rail-station-9334658581","name":"长河碥","station_type":"railway_station","source_region":"chongqing","source_osm_id":"9334658581"},"geometry":{"type":"Point","coordinates":[105.7795215,29.4421857]}},{"type":"Feature","properties":{"id":"china-osm-rail-station-3500267612","name":"中梁山","station_type":"railway_station","source_region":"chongqing","source_osm_id":"3500267612"},"geometry":{"type":"Point","coordinates":[106.42264,29.4504215]}},{"type":"Feature","properties":{"id":"china-osm-rail-station-9466211975","name":"金建路","station_type":"railway_station","source_region":"chongqing","source_osm_id":"9466211975"},"geometry":{"type":"Point","coordinates":[106.4380651,29.4451585]}},{"type":"Feature","properties":{"id":"china-osm-rail-station-9228486104","name":"建桥","station_type":"railway_station","source_region":"chongqing","source_osm_id":"9228486104"},"geometry":{"type":"Point","coordinates":[106.4708103,29.4525422]}},{"type":"Feature","properties":{"id":"china-osm-rail-station-9466211976","name":"中梁山","station_type":"railway_station","source_region":"chongqing","source_osm_id":"9466211976"},"geometry":{"type":"Point","coordinates":[106.4421415,29.4619815]}},{"type":"Feature","properties":{"id":"china-osm-rail-station-3357507697","name":"天堂堡","station_type":"railway_station","source_region":"chongqing","source_osm_id":"3357507697"},"geometry":{"type":"Point","coordinates":[106.4682967,29.4693026]}},{"type":"Feature","properties":{"id":"china-osm-rail-station-9351362650","name":"新山村","station_type":"railway_station","source_region":"chongqing","source_osm_id":"9351362650"},"geometry":{"type":"Point","coordinates":[106.4724056,29.4745683]}},{"type":"Feature","properties":{"id":"china-osm-rail-station-9466211973","name":"半山","station_type":"railway_station","source_region":"chongqing","source_osm_id":"9466211973"},"geometry":{"type":"Point","coordinates":[106.4464498,29.4755802]}},{"type":"Feature","properties":{"id":"china-osm-rail-station-9466211972","name":"华成路","station_type":"railway_station","source_region":"chongqing","source_osm_id":"9466211972"},"geometry":{"type":"Point","coordinates":[106.449421,29.4828485]}},{"type":"Feature","properties":{"id":"china-osm-rail-station-9228486094","name":"大渡口","station_type":"railway_station","source_region":"chongqing","source_osm_id":"9228486094"},"geometry":{"type":"Point","coordinates":[106.4743108,29.4844542]}},{"type":"Feature","properties":{"id":"china-osm-rail-station-9228486095","name":"平安","station_type":"railway_station","source_region":"chongqing","source_osm_id":"9228486095"},"geometry":{"type":"Point","coordinates":[106.4810836,29.4914268]}},{"type":"Feature","properties":{"id":"china-osm-rail-station-9466211971","name":"华岩寺","station_type":"railway_station","source_region":"chongqing","source_osm_id":"9466211971"},"geometry":{"type":"Point","coordinates":[106.4409217,29.4967995]}},{"type":"Feature","properties":{"id":"china-osm-rail-station-10828329875","name":"重庆理工大学","station_type":"railway_station","source_region":"chongqing","source_osm_id":"10828329875"},"geometry":{"type":"Point","coordinates":[106.5161825,29.4629194]}},{"type":"Feature","properties":{"id":"china-osm-rail-station-8162951990","name":"大渡口","station_type":"railway_station","source_region":"chongqing","source_osm_id":"8162951990"},"geometry":{"type":"Point","coordinates":[106.4915812,29.4701734]}},{"type":"Feature","properties":{"id":"china-osm-rail-station-9228486107","name":"大堰村","station_type":"railway_station","source_region":"chongqing","source_osm_id":"9228486107"},"geometry":{"type":"Point","coordinates":[106.4953138,29.5023646]}},{"type":"Feature","properties":{"id":"china-osm-rail-station-11193733882","name":"滩子口","station_type":"railway_station","source_region":"chongqing","source_osm_id":"11193733882"},"geometry":{"type":"Point","coordinates":[106.5241632,29.5024235]}},{"type":"Feature","properties":{"id":"china-osm-rail-station-661053425","name":"动物园","station_type":"railway_station","source_region":"chongqing","source_osm_id":"661053425"},"geometry":{"type":"Point","coordinates":[106.5055942,29.5027869]}},{"type":"Feature","properties":{"id":"china-osm-rail-station-9228486099","name":"杨家坪","station_type":"railway_station","source_region":"chongqing","source_osm_id":"9228486099"},"geometry":{"type":"Point","coordinates":[106.5101535,29.5107017]}},{"type":"Feature","properties":{"id":"china-osm-rail-station-11193733883","name":"杨家坪","station_type":"railway_station","source_region":"chongqing","source_osm_id":"11193733883"},"geometry":{"type":"Point","coordinates":[106.5114145,29.5113456]}},{"type":"Feature","properties":{"id":"china-osm-rail-station-11193733892","name":"石坪桥","station_type":"railway_station","source_region":"chongqing","source_osm_id":"11193733892"},"geometry":{"type":"Point","coordinates":[106.5028406,29.5184161]}},{"type":"Feature","properties":{"id":"china-osm-rail-station-661053277","name":"谢家湾","station_type":"railway_station","source_region":"chongqing","source_osm_id":"661053277"},"geometry":{"type":"Point","coordinates":[106.5138038,29.5219302]}},{"type":"Feature","properties":{"id":"china-osm-rail-station-6168960218","name":"谢家湾","station_type":"railway_station","source_region":"chongqing","source_osm_id":"6168960218"},"geometry":{"type":"Point","coordinates":[106.5155426,29.522953]}},{"type":"Feature","properties":{"id":"china-osm-rail-station-8420596953","name":"华龙","station_type":"railway_station","source_region":"chongqing","source_osm_id":"8420596953"},"geometry":{"type":"Point","coordinates":[106.4488752,29.498146]}},{"type":"Feature","properties":{"id":"china-osm-rail-station-9228486097","name":"马王场","station_type":"railway_station","source_region":"chongqing","source_osm_id":"9228486097"},"geometry":{"type":"Point","coordinates":[106.4849308,29.4987618]}},{"type":"Feature","properties":{"id":"china-osm-rail-station-9466211968","name":"重庆西站","station_type":"railway_station","source_region":"chongqing","source_osm_id":"9466211968"},"geometry":{"type":"Point","coordinates":[106.4354993,29.5027212]}},{"type":"Feature","properties":{"id":"china-osm-rail-station-10180068992","name":"二郎","station_type":"railway_station","source_region":"chongqing","source_osm_id":"10180068992"},"geometry":{"type":"Point","coordinates":[106.4582477,29.5077617]}},{"type":"Feature","properties":{"id":"china-osm-rail-station-9466211970","name":"凤西路","station_type":"railway_station","source_region":"chongqing","source_osm_id":"9466211970"},"geometry":{"type":"Point","coordinates":[106.4501474,29.5162784]}},{"type":"Feature","properties":{"id":"china-osm-rail-station-6168960270","name":"彩云湖","station_type":"railway_station","source_region":"chongqing","source_osm_id":"6168960270"},"geometry":{"type":"Point","coordinates":[106.4676636,29.5184649]}},{"type":"Feature","properties":{"id":"china-osm-rail-station-9159693819","name":"上桥","station_type":"railway_station","source_region":"chongqing","source_osm_id":"9159693819"},"geometry":{"type":"Point","coordinates":[106.4384315,29.520322]}},{"type":"Feature","properties":{"id":"china-osm-rail-station-9466211969","name":"巴山","station_type":"railway_station","source_region":"chongqing","source_osm_id":"9466211969"},"geometry":{"type":"Point","coordinates":[106.4656975,29.5232227]}},{"type":"Feature","properties":{"id":"china-osm-rail-station-5185662833","name":"陈家坪","station_type":"railway_station","source_region":"chongqing","source_osm_id":"5185662833"},"geometry":{"type":"Point","coordinates":[106.4853818,29.5264804]}},{"type":"Feature","properties":{"id":"china-osm-rail-station-10180144456","name":"凤鸣山","station_type":"railway_station","source_region":"chongqing","source_osm_id":"10180144456"},"geometry":{"type":"Point","coordinates":[106.4445903,29.5268548]}},{"type":"Feature","properties":{"id":"china-osm-rail-station-9466211977","name":"石新路","station_type":"railway_station","source_region":"chongqing","source_osm_id":"9466211977"},"geometry":{"type":"Point","coordinates":[106.4738327,29.5283777]}},{"type":"Feature","properties":{"id":"china-osm-rail-station-10180144485","name":"重庆图书馆","station_type":"railway_station","source_region":"chongqing","source_osm_id":"10180144485"},"geometry":{"type":"Point","coordinates":[106.4516866,29.5348357]}},{"type":"Feature","properties":{"id":"china-osm-rail-station-5185915314","name":"石桥铺","station_type":"railway_station","source_region":"chongqing","source_osm_id":"5185915314"},"geometry":{"type":"Point","coordinates":[106.4812273,29.5354484]}},{"type":"Feature","properties":{"id":"china-osm-rail-station-9954696072","name":"高庙村","station_type":"railway_station","source_region":"chongqing","source_osm_id":"9954696072"},"geometry":{"type":"Point","coordinates":[106.4657593,29.5387687]}},{"type":"Feature","properties":{"id":"china-osm-rail-station-9436112296","name":"高滩岩","station_type":"railway_station","source_region":"chongqing","source_osm_id":"9436112296"},"geometry":{"type":"Point","coordinates":[106.4454757,29.5414685]}},{"type":"Feature","properties":{"id":"china-osm-rail-station-9159693818","name":"天星桥","station_type":"railway_station","source_region":"chongqing","source_osm_id":"9159693818"},"geometry":{"type":"Point","coordinates":[106.4549415,29.5444004]}},{"type":"Feature","properties":{"id":"china-osm-rail-station-13049544548","name":"马家岩","station_type":"railway_station","source_region":"chongqing","source_osm_id":"13049544548"},"geometry":{"type":"Point","coordinates":[106.464329,29.5476078]}},{"type":"Feature","properties":{"id":"china-osm-rail-station-9436112297","name":"天梨路","station_type":"railway_station","source_region":"chongqing","source_osm_id":"9436112297"},"geometry":{"type":"Point","coordinates":[106.4468489,29.5524044]}},{"type":"Feature","properties":{"id":"china-osm-rail-station-9436112298","name":"土湾","station_type":"railway_station","source_region":"chongqing","source_osm_id":"9436112298"},"geometry":{"type":"Point","coordinates":[106.4765349,29.5537972]}},{"type":"Feature","properties":{"id":"china-osm-rail-station-9641769818","name":"小龙坎","station_type":"railway_station","source_region":"chongqing","source_osm_id":"9641769818"},"geometry":{"type":"Point","coordinates":[106.4663563,29.5553601]}},{"type":"Feature","properties":{"id":"china-osm-rail-station-9334658558","name":"广兴","station_type":"railway_station","source_region":"chongqing","source_osm_id":"9334658558"},"geometry":{"type":"Point","coordinates":[106.5565881,29.052743]}},{"type":"Feature","properties":{"id":"china-osm-rail-station-2166943973","name":"鱼胡路","station_type":"railway_station","source_region":"chongqing","source_osm_id":"2166943973"},"geometry":{"type":"Point","coordinates":[106.535407,29.3806007]}},{"type":"Feature","properties":{"id":"china-osm-rail-station-2166943971","name":"学堂湾","station_type":"railway_station","source_region":"chongqing","source_osm_id":"2166943971"},"geometry":{"type":"Point","coordinates":[106.5393232,29.4009108]}},{"type":"Feature","properties":{"id":"china-osm-rail-station-2166943967","name":"大山村","station_type":"railway_station","source_region":"chongqing","source_osm_id":"2166943967"},"geometry":{"type":"Point","coordinates":[106.5398989,29.4157625]}},{"type":"Feature","properties":{"id":"china-osm-rail-station-2166943966","name":"花溪","station_type":"railway_station","source_region":"chongqing","source_osm_id":"2166943966"},"geometry":{"type":"Point","coordinates":[106.5465906,29.4350825]}},{"type":"Feature","properties":{"id":"china-osm-rail-station-2166943965","name":"岔路口","station_type":"railway_station","source_region":"chongqing","source_osm_id":"2166943965"},"geometry":{"type":"Point","coordinates":[106.5508592,29.4515059]}},{"type":"Feature","properties":{"id":"china-osm-rail-station-2166943969","name":"九公里","station_type":"railway_station","source_region":"chongqing","source_osm_id":"2166943969"},"geometry":{"type":"Point","coordinates":[106.555419,29.4613838]}},{"type":"Feature","properties":{"id":"china-osm-rail-station-2166943970","name":"麒龙","station_type":"railway_station","source_region":"chongqing","source_osm_id":"2166943970"},"geometry":{"type":"Point","coordinates":[106.5589172,29.46972]}},{"type":"Feature","properties":{"id":"china-osm-rail-station-2166943964","name":"八公里","station_type":"railway_station","source_region":"chongqing","source_osm_id":"2166943964"},"geometry":{"type":"Point","coordinates":[106.5621981,29.4810168]}},{"type":"Feature","properties":{"id":"china-osm-rail-station-10829131131","name":"电厂","station_type":"railway_station","source_region":"chongqing","source_osm_id":"10829131131"},"geometry":{"type":"Point","coordinates":[106.5345903,29.4856376]}},{"type":"Feature","properties":{"id":"china-osm-rail-station-11193733878","name":"四川美术学院","station_type":"railway_station","source_region":"chongqing","source_osm_id":"11193733878"},"geometry":{"type":"Point","coordinates":[106.5394076,29.4908673]}},{"type":"Feature","properties":{"id":"china-osm-rail-station-11193733879","name":"黄桷坪","station_type":"railway_station","source_region":"chongqing","source_osm_id":"11193733879"},"geometry":{"type":"Point","coordinates":[106.5337324,29.4986585]}},{"type":"Feature","properties":{"id":"china-osm-rail-station-654832331","name":"重庆南","station_type":"railway_station","source_region":"chongqing","source_osm_id":"654832331"},"geometry":{"type":"Point","coordinates":[106.5358022,29.4988502]}},{"type":"Feature","properties":{"id":"china-osm-rail-station-11193836270","name":"兰花路","station_type":"railway_station","source_region":"chongqing","source_osm_id":"11193836270"},"geometry":{"type":"Point","coordinates":[106.5539716,29.5074151]}},{"type":"Feature","properties":{"id":"china-osm-rail-station-11193836267","name":"南湖","station_type":"railway_station","source_region":"chongqing","source_osm_id":"11193836267"},"geometry":{"type":"Point","coordinates":[106.5526676,29.5181995]}},{"type":"Feature","properties":{"id":"china-osm-rail-station-5175082631","name":"南湖","station_type":"railway_station","source_region":"chongqing","source_osm_id":"5175082631"},"geometry":{"type":"Point","coordinates":[106.55353,29.5195628]}},{"type":"Feature","properties":{"id":"china-osm-rail-station-11193836266","name":"万寿路","station_type":"railway_station","source_region":"chongqing","source_osm_id":"11193836266"},"geometry":{"type":"Point","coordinates":[106.5583914,29.5261087]}},{"type":"Feature","properties":{"id":"china-osm-rail-station-13683742700","name":"工贸","station_type":"railway_station","source_region":"chongqing","source_osm_id":"13683742700"},"geometry":{"type":"Point","coordinates":[106.5596,29.5344849]}},{"type":"Feature","properties":{"id":"china-osm-rail-station-9709069266","name":"铜元局","station_type":"railway_station","source_region":"chongqing","source_osm_id":"9709069266"},"geometry":{"type":"Point","coordinates":[106.5477581,29.5399886]}},{"type":"Feature","properties":{"id":"china-osm-rail-station-10576237993","name":"后堡","station_type":"railway_station","source_region":"chongqing","source_osm_id":"10576237993"},"geometry":{"type":"Point","coordinates":[106.5654885,29.5410589]}},{"type":"Feature","properties":{"id":"china-osm-rail-station-5175083092","name":"奥体中心","station_type":"railway_station","source_region":"chongqing","source_osm_id":"5175083092"},"geometry":{"type":"Point","coordinates":[106.498172,29.5261952]}},{"type":"Feature","properties":{"id":"china-osm-rail-station-11193733895","name":"奥体中心","station_type":"railway_station","source_region":"chongqing","source_osm_id":"11193733895"},"geometry":{"type":"Point","coordinates":[106.497313,29.5283232]}},{"type":"Feature","properties":{"id":"china-osm-rail-station-9351362648","name":"袁家岗","station_type":"railway_station","source_region":"chongqing","source_osm_id":"9351362648"},"geometry":{"type":"Point","coordinates":[106.509948,29.5315808]}},{"type":"Feature","properties":{"id":"china-osm-rail-station-9954696076","name":"歇台子","station_type":"railway_station","source_region":"chongqing","source_osm_id":"9954696076"},"geometry":{"type":"Point","coordinates":[106.4940914,29.5382298]}},{"type":"Feature","properties":{"id":"china-osm-rail-station-11193733901","name":"歇台子","station_type":"railway_station","source_region":"chongqing","source_osm_id":"11193733901"},"geometry":{"type":"Point","coordinates":[106.4954676,29.5395586]}},{"type":"Feature","properties":{"id":"china-osm-rail-station-9954696074","name":"石油路","station_type":"railway_station","source_region":"chongqing","source_osm_id":"9954696074"},"geometry":{"type":"Point","coordinates":[106.5043857,29.5409575]}},{"type":"Feature","properties":{"id":"china-osm-rail-station-11193733910","name":"歇台子","station_type":"railway_station","source_region":"chongqing","source_osm_id":"11193733910"},"geometry":{"type":"Point","coordinates":[106.4950304,29.541461]}},{"type":"Feature","properties":{"id":"china-osm-rail-station-9954696073","name":"大坪","station_type":"railway_station","source_region":"chongqing","source_osm_id":"9954696073"},"geometry":{"type":"Point","coordinates":[106.5153977,29.5433766]}},{"type":"Feature","properties":{"id":"china-osm-rail-station-5324215612","name":"大坪","station_type":"railway_station","source_region":"chongqing","source_osm_id":"5324215612"},"geometry":{"type":"Point","coordinates":[106.5153801,29.5443324]}},{"type":"Feature","properties":{"id":"china-osm-rail-station-9954696071","name":"鹅岭","station_type":"railway_station","source_region":"chongqing","source_osm_id":"9954696071"},"geometry":{"type":"Point","coordinates":[106.5294874,29.5507912]}},{"type":"Feature","properties":{"id":"china-osm-rail-station-530774230","name":"重庆","station_type":"railway_station","source_region":"chongqing","source_osm_id":"530774230"},"geometry":{"type":"Point","coordinates":[106.5415811,29.5515144]}},{"type":"Feature","properties":{"id":"china-osm-rail-station-7165568414","name":"两路口","station_type":"railway_station","source_region":"chongqing","source_osm_id":"7165568414"},"geometry":{"type":"Point","coordinates":[106.5455849,29.5554463]}},{"type":"Feature","properties":{"id":"china-osm-rail-station-9351362643","name":"李子坝","station_type":"railway_station","source_region":"chongqing","source_osm_id":"9351362643"},"geometry":{"type":"Point","coordinates":[106.5339223,29.5556616]}},{"type":"Feature","properties":{"id":"china-osm-rail-station-5619893122","name":"两路口","station_type":"railway_station","source_region":"chongqing","source_osm_id":"5619893122"},"geometry":{"type":"Point","coordinates":[106.5445983,29.5558311]}},{"type":"Feature","properties":{"id":"china-osm-rail-station-7706068679","name":"七星岗","station_type":"railway_station","source_region":"chongqing","source_osm_id":"7706068679"},"geometry":{"type":"Point","coordinates":[106.558332,29.5571383]}},{"type":"Feature","properties":{"id":"china-osm-rail-station-7704474990","name":"牛角沱","station_type":"railway_station","source_region":"chongqing","source_osm_id":"7704474990"},"geometry":{"type":"Point","coordinates":[106.5387799,29.5618805]}},{"type":"Feature","properties":{"id":"china-osm-rail-station-6475285730","name":"牛角沱","station_type":"railway_station","source_region":"chongqing","source_osm_id":"6475285730"},"geometry":{"type":"Point","coordinates":[106.5388502,29.5634801]}},{"type":"Feature","properties":{"id":"china-osm-rail-station-10743557892","name":"大礼堂","station_type":"railway_station","source_region":"chongqing","source_osm_id":"10743557892"},"geometry":{"type":"Point","coordinates":[106.5522592,29.56436]}},{"type":"Feature","properties":{"id":"china-osm-rail-station-661044018","name":"黄花园","station_type":"railway_station","source_region":"chongqing","source_osm_id":"661044018"},"geometry":{"type":"Point","coordinates":[106.5612278,29.5661367]}},{"type":"Feature","properties":{"id":"china-osm-rail-station-661044857","name":"大溪沟","station_type":"railway_station","source_region":"chongqing","source_osm_id":"661044857"},"geometry":{"type":"Point","coordinates":[106.5548163,29.568877]}},{"type":"Feature","properties":{"id":"china-osm-rail-station-12925892984","name":"诏安南","station_type":"railway_station","source_region":"fujian","source_osm_id":"12925892984"},"geometry":{"type":"Point","coordinates":[117.1767155,23.6989888]}},{"type":"Feature","properties":{"id":"china-osm-rail-station-2990496476","name":"诏安","station_type":"railway_station","source_region":"fujian","source_osm_id":"2990496476"},"geometry":{"type":"Point","coordinates":[117.0926958,23.774602]}},{"type":"Feature","properties":{"id":"china-osm-rail-station-9258885992","name":"云霄","station_type":"railway_station","source_region":"fujian","source_osm_id":"9258885992"},"geometry":{"type":"Point","coordinates":[117.3568609,23.893835]}},{"type":"Feature","properties":{"id":"china-osm-rail-station-9980091037","name":"仙师","station_type":"railway_station","source_region":"fujian","source_osm_id":"9980091037"},"geometry":{"type":"Point","coordinates":[116.6351026,24.6909881]}},{"type":"Feature","properties":{"id":"china-osm-rail-station-2095389220","name":"永定","station_type":"railway_station","source_region":"fujian","source_osm_id":"2095389220"},"geometry":{"type":"Point","coordinates":[116.7393246,24.7376834]}},{"type":"Feature","properties":{"id":"china-osm-rail-station-8835788899","name":"富岭","station_type":"railway_station","source_region":"fujian","source_osm_id":"8835788899"},"geometry":{"type":"Point","coordinates":[116.8984827,24.9639125]}},{"type":"Feature","properties":{"id":"china-osm-rail-station-3694575617","name":"马坑","station_type":"railway_station","source_region":"fujian","source_osm_id":"3694575617"},"geometry":{"type":"Point","coordinates":[117.0660321,24.9933213]}},{"type":"Feature","properties":{"id":"china-osm-rail-station-9992008817","name":"武平","station_type":"railway_station","source_region":"fujian","source_osm_id":"9992008817"},"geometry":{"type":"Point","coordinates":[116.2149331,24.9947201]}},{"type":"Feature","properties":{"id":"china-osm-rail-station-9992008818","name":"上杭","station_type":"railway_station","source_region":"fujian","source_osm_id":"9992008818"},"geometry":{"type":"Point","coordinates":[116.391111,25.0760117]}},{"type":"Feature","properties":{"id":"china-osm-rail-station-9258885993","name":"漳浦","station_type":"railway_station","source_region":"fujian","source_osm_id":"9258885993"},"geometry":{"type":"Point","coordinates":[117.5581513,24.0991136]}},{"type":"Feature","properties":{"id":"china-osm-rail-station-5100559665","name":"漳州","station_type":"railway_station","source_region":"fujian","source_osm_id":"5100559665"},"geometry":{"type":"Point","coordinates":[117.7113175,24.4598069]}},{"type":"Feature","properties":{"id":"china-osm-rail-station-3694572008","name":"草坂","station_type":"railway_station","source_region":"fujian","source_osm_id":"3694572008"},"geometry":{"type":"Point","coordinates":[117.5407762,24.5048836]}},{"type":"Feature","properties":{"id":"china-osm-rail-station-2386368110","name":"漳州北","station_type":"railway_station","source_region":"fujian","source_osm_id":"2386368110"},"geometry":{"type":"Point","coordinates":[117.6593536,24.5294753]}},{"type":"Feature","properties":{"id":"china-osm-rail-station-5100559165","name":"漳州东","station_type":"railway_station","source_region":"fujian","source_osm_id":"5100559165"},"geometry":{"type":"Point","coordinates":[117.7400172,24.567645]}},{"type":"Feature","properties":{"id":"china-osm-rail-station-7252318602","name":"南靖","station_type":"railway_station","source_region":"fujian","source_osm_id":"7252318602"},"geometry":{"type":"Point","coordinates":[117.4438772,24.5816829]}},{"type":"Feature","properties":{"id":"china-osm-rail-station-7236126629","name":"长泰","station_type":"railway_station","source_region":"fujian","source_osm_id":"7236126629"},"geometry":{"type":"Point","coordinates":[117.6994702,24.631041]}},{"type":"Feature","properties":{"id":"china-osm-rail-station-7236126630","name":"磹口","station_type":"railway_station","source_region":"fujian","source_osm_id":"7236126630"},"geometry":{"type":"Point","coordinates":[117.6358777,24.6911051]}},{"type":"Feature","properties":{"id":"china-osm-rail-station-7252318603","name":"龙山镇","station_type":"railway_station","source_region":"fujian","source_osm_id":"7252318603"},"geometry":{"type":"Point","coordinates":[117.3577112,24.6946923]}},{"type":"Feature","properties":{"id":"china-osm-rail-station-7236126631","name":"利水","station_type":"railway_station","source_region":"fujian","source_osm_id":"7236126631"},"geometry":{"type":"Point","coordinates":[117.6052952,24.8019871]}},{"type":"Feature","properties":{"id":"china-osm-rail-station-7236126632","name":"溪南坂","station_type":"railway_station","source_region":"fujian","source_osm_id":"7236126632"},"geometry":{"type":"Point","coordinates":[117.5577772,24.9029029]}},{"type":"Feature","properties":{"id":"china-osm-rail-station-11835248960","name":"华安","station_type":"railway_station","source_region":"fujian","source_osm_id":"11835248960"},"geometry":{"type":"Point","coordinates":[117.5336511,24.989577]}},{"type":"Feature","properties":{"id":"china-osm-rail-station-7236099479","name":"绵良","station_type":"railway_station","source_region":"fujian","source_osm_id":"7236099479"},"geometry":{"type":"Point","coordinates":[117.5389749,25.0496121]}},{"type":"Feature","properties":{"id":"china-osm-rail-station-7236099480","name":"西陂","station_type":"railway_station","source_region":"fujian","source_osm_id":"7236099480"},"geometry":{"type":"Point","coordinates":[117.548357,25.1160474]}},{"type":"Feature","properties":{"id":"china-osm-rail-station-7236099482","name":"梅水坑","station_type":"railway_station","source_region":"fujian","source_osm_id":"7236099482"},"geometry":{"type":"Point","coordinates":[117.5255852,25.2400427]}},{"type":"Feature","properties":{"id":"china-osm-rail-station-1529879341","name":"大深","station_type":"railway_station","source_region":"fujian","source_osm_id":"1529879341"},"geometry":{"type":"Point","coordinates":[117.6018938,25.2505776]}},{"type":"Feature","properties":{"id":"china-osm-rail-station-7236099483","name":"易坑","station_type":"railway_station","source_region":"fujian","source_osm_id":"7236099483"},"geometry":{"type":"Point","coordinates":[117.4982187,25.2700867]}},{"type":"Feature","properties":{"id":"china-osm-rail-station-7236099484","name":"芦芝","station_type":"railway_station","source_region":"fujian","source_osm_id":"7236099484"},"geometry":{"type":"Point","coordinates":[117.458176,25.2798442]}},{"type":"Feature","properties":{"id":"china-osm-rail-station-8833921317","name":"格口","station_type":"railway_station","source_region":"fujian","source_osm_id":"8833921317"},"geometry":{"type":"Point","coordinates":[117.654991,25.2824994]}},{"type":"Feature","properties":{"id":"china-osm-rail-station-8833940923","name":"小舟","station_type":"railway_station","source_region":"fujian","source_osm_id":"8833940923"},"geometry":{"type":"Point","coordinates":[117.7076342,25.2912281]}},{"type":"Feature","properties":{"id":"china-osm-rail-station-5359797748","name":"岩内","station_type":"railway_station","source_region":"fujian","source_osm_id":"5359797748"},"geometry":{"type":"Point","coordinates":[118.0648985,24.6462816]}},{"type":"Feature","properties":{"id":"china-osm-rail-station-1529879353","name":"湖头","station_type":"railway_station","source_region":"fujian","source_osm_id":"1529879353"},"geometry":{"type":"Point","coordinates":[118.0243079,25.2444409]}},{"type":"Feature","properties":{"id":"china-osm-rail-station-1529879342","name":"福德","station_type":"railway_station","source_region":"fujian","source_osm_id":"1529879342"},"geometry":{"type":"Point","coordinates":[117.7623844,25.2779737]}},{"type":"Feature","properties":{"id":"china-osm-rail-station-1529879350","name":"感德","station_type":"railway_station","source_region":"fujian","source_osm_id":"1529879350"},"geometry":{"type":"Point","coordinates":[117.8459053,25.3013761]}},{"type":"Feature","properties":{"id":"china-osm-rail-station-13593194988","name":"剑斗","station_type":"railway_station","source_region":"fujian","source_osm_id":"13593194988"},"geometry":{"type":"Point","coordinates":[117.8960416,25.3016135]}},{"type":"Feature","properties":{"id":"china-osm-rail-station-13593175786","name":"长基","station_type":"railway_station","source_region":"fujian","source_osm_id":"13593175786"},"geometry":{"type":"Point","coordinates":[117.9937825,25.3100425]}},{"type":"Feature","properties":{"id":"china-osm-rail-station-8834305077","name":"剑斗（废弃）","station_type":"railway_station","source_region":"fujian","source_osm_id":"8834305077"},"geometry":{"type":"Point","coordinates":[117.9158121,25.3235269]}},{"type":"Feature","properties":{"id":"china-osm-rail-station-8765292889","name":"下洋","station_type":"railway_station","source_region":"fujian","source_osm_id":"8765292889"},"geometry":{"type":"Point","coordinates":[118.0007016,25.4923823]}},{"type":"Feature","properties":{"id":"china-osm-rail-station-7781469273","name":"洋田","station_type":"railway_station","source_region":"fujian","source_osm_id":"7781469273"},"geometry":{"type":"Point","coordinates":[118.0637812,25.5872721]}},{"type":"Feature","properties":{"id":"china-osm-rail-station-7781469274","name":"内山村","station_type":"railway_station","source_region":"fujian","source_osm_id":"7781469274"},"geometry":{"type":"Point","coordinates":[117.9464936,25.6422034]}},{"type":"Feature","properties":{"id":"china-osm-rail-station-7236789288","name":"红炭山","station_type":"railway_station","source_region":"fujian","source_osm_id":"7236789288"},"geometry":{"type":"Point","coordinates":[116.9772345,25.081202]}},{"type":"Feature","properties":{"id":"china-osm-rail-station-638704454","name":"龙岩","station_type":"railway_station","source_region":"fujian","source_osm_id":"638704454"},"geometry":{"type":"Point","coordinates":[117.0005603,25.1000121]}},{"type":"Feature","properties":{"id":"china-osm-rail-station-7236810280","name":"龙岩东","station_type":"railway_station","source_region":"fujian","source_osm_id":"7236810280"},"geometry":{"type":"Point","coordinates":[117.0418596,25.1086985]}},{"type":"Feature","properties":{"id":"china-osm-rail-station-2838826705","name":"小池镇","station_type":"railway_station","source_region":"fujian","source_osm_id":"2838826705"},"geometry":{"type":"Point","coordinates":[116.8754598,25.131862]}},{"type":"Feature","properties":{"id":"china-osm-rail-station-5864609665","name":"铁山洋","station_type":"railway_station","source_region":"fujian","source_osm_id":"5864609665"},"geometry":{"type":"Point","coordinates":[117.0561891,25.1441822]}},{"type":"Feature","properties":{"id":"china-osm-rail-station-5864577432","name":"苹林","station_type":"railway_station","source_region":"fujian","source_osm_id":"5864577432"},"geometry":{"type":"Point","coordinates":[117.0879844,25.1766519]}},{"type":"Feature","properties":{"id":"china-osm-rail-station-7255328921","name":"蛟洋","station_type":"railway_station","source_region":"fujian","source_osm_id":"7255328921"},"geometry":{"type":"Point","coordinates":[116.7330381,25.1852506]}},{"type":"Feature","properties":{"id":"china-osm-rail-station-2927491272","name":"古田会址","station_type":"railway_station","source_region":"fujian","source_osm_id":"2927491272"},"geometry":{"type":"Point","coordinates":[116.7676145,25.187087]}},{"type":"Feature","properties":{"id":"china-osm-rail-station-7237831723","name":"雁石南","station_type":"railway_station","source_region":"fujian","source_osm_id":"7237831723"},"geometry":{"type":"Point","coordinates":[117.1489763,25.2440215]}},{"type":"Feature","properties":{"id":"china-osm-rail-station-5864608172","name":"雁石","station_type":"railway_station","source_region":"fujian","source_osm_id":"5864608172"},"geometry":{"type":"Point","coordinates":[117.1491909,25.2506639]}},{"type":"Feature","properties":{"id":"china-osm-rail-station-2662698093","name":"坂尾","station_type":"railway_station","source_region":"fujian","source_osm_id":"2662698093"},"geometry":{"type":"Point","coordinates":[117.1904969,25.2730434]}},{"type":"Feature","properties":{"id":"china-osm-rail-station-2838826081","name":"苎园","station_type":"railway_station","source_region":"fujian","source_osm_id":"2838826081"},"geometry":{"type":"Point","coordinates":[116.7295673,25.2929188]}},{"type":"Feature","properties":{"id":"china-osm-rail-station-4658270870","name":"苏坂","station_type":"railway_station","source_region":"fujian","source_osm_id":"4658270870"},"geometry":{"type":"Point","coordinates":[117.2747939,25.3148154]}},{"type":"Feature","properties":{"id":"china-osm-rail-station-4665343367","name":"漳平西","station_type":"railway_station","source_region":"fujian","source_osm_id":"4665343367"},"geometry":{"type":"Point","coordinates":[117.3556996,25.3252672]}},{"type":"Feature","properties":{"id":"china-osm-rail-station-5864598409","name":"基太","station_type":"railway_station","source_region":"fujian","source_osm_id":"5864598409"},"geometry":{"type":"Point","coordinates":[117.3463834,25.3382156]}},{"type":"Feature","properties":{"id":"china-osm-rail-station-2838824423","name":"新泉镇","station_type":"railway_station","source_region":"fujian","source_osm_id":"2838824423"},"geometry":{"type":"Point","coordinates":[116.6465042,25.3931995]}},{"type":"Feature","properties":{"id":"china-osm-rail-station-2838818230","name":"冠豸山南","station_type":"railway_station","source_region":"fujian","source_osm_id":"2838818230"},"geometry":{"type":"Point","coordinates":[116.6748378,25.5270977]}},{"type":"Feature","properties":{"id":"china-osm-rail-station-2838820650","name":"中复","station_type":"railway_station","source_region":"fujian","source_osm_id":"2838820650"},"geometry":{"type":"Point","coordinates":[116.5495453,25.5847103]}},{"type":"Feature","properties":{"id":"china-osm-rail-station-7780346101","name":"文亨","station_type":"railway_station","source_region":"fujian","source_osm_id":"7780346101"},"geometry":{"type":"Point","coordinates":[116.7114758,25.6294838]}},{"type":"Feature","properties":{"id":"china-osm-rail-station-2838824240","name":"河田","station_type":"railway_station","source_region":"fujian","source_osm_id":"2838824240"},"geometry":{"type":"Point","coordinates":[116.4350342,25.6691925]}},{"type":"Feature","properties":{"id":"china-osm-rail-station-1583788094","name":"漳平","station_type":"railway_station","source_region":"fujian","source_osm_id":"1583788094"},"geometry":{"type":"Point","coordinates":[117.4146661,25.3085418]}},{"type":"Feature","properties":{"id":"china-osm-rail-station-7236103631","name":"卓宅","station_type":"railway_station","source_region":"fujian","source_osm_id":"7236103631"},"geometry":{"type":"Point","coordinates":[117.3795015,25.3571976]}},{"type":"Feature","properties":{"id":"china-osm-rail-station-7236103632","name":"钱坂","station_type":"railway_station","source_region":"fujian","source_osm_id":"7236103632"},"geometry":{"type":"Point","coordinates":[117.4318635,25.4181794]}},{"type":"Feature","properties":{"id":"china-osm-rail-station-7236103633","name":"城门","station_type":"railway_station","source_region":"fujian","source_osm_id":"7236103633"},"geometry":{"type":"Point","coordinates":[117.4572641,25.4904859]}},{"type":"Feature","properties":{"id":"china-osm-rail-station-1583788086","name":"麦园","station_type":"railway_station","source_region":"fujian","source_osm_id":"1583788086"},"geometry":{"type":"Point","coordinates":[117.4964275,25.5865421]}},{"type":"Feature","properties":{"id":"china-osm-rail-station-7237831724","name":"双洋","station_type":"railway_station","source_region":"fujian","source_osm_id":"7237831724"},"geometry":{"type":"Point","coordinates":[117.3684186,25.6220787]}},{"type":"Feature","properties":{"id":"china-osm-rail-station-7236103634","name":"城口","station_type":"railway_station","source_region":"fujian","source_osm_id":"7236103634"},"geometry":{"type":"Point","coordinates":[117.5008392,25.6746831]}},{"type":"Feature","properties":{"id":"china-osm-rail-station-7781469276","name":"小湖","station_type":"railway_station","source_region":"fujian","source_osm_id":"7781469276"},"geometry":{"type":"Point","coordinates":[117.7577948,25.6838833]}},{"type":"Feature","properties":{"id":"china-osm-rail-station-7781469278","name":"广前","station_type":"railway_station","source_region":"fujian","source_osm_id":"7781469278"},"geometry":{"type":"Point","coordinates":[117.5619292,25.7132536]}},{"type":"Feature","properties":{"id":"china-osm-rail-station-7236072722","name":"柯周坑","station_type":"railway_station","source_region":"fujian","source_osm_id":"7236072722"},"geometry":{"type":"Point","coordinates":[117.5077701,25.7297578]}},{"type":"Feature","properties":{"id":"china-osm-rail-station-7236072723","name":"岭头","station_type":"railway_station","source_region":"fujian","source_osm_id":"7236072723"},"geometry":{"type":"Point","coordinates":[117.4772009,25.7814355]}},{"type":"Feature","properties":{"id":"china-osm-rail-station-7781469279","name":"石门庵","station_type":"railway_station","source_region":"fujian","source_osm_id":"7781469279"},"geometry":{"type":"Point","coordinates":[117.4372923,25.7900865]}},{"type":"Feature","properties":{"id":"china-osm-rail-station-7236072724","name":"打虎坑","station_type":"railway_station","source_region":"fujian","source_osm_id":"7236072724"},"geometry":{"type":"Point","coordinates":[117.4435043,25.8063531]}},{"type":"Feature","properties":{"id":"china-osm-rail-station-7236072725","name":"西洋","station_type":"railway_station","source_region":"fujian","source_osm_id":"7236072725"},"geometry":{"type":"Point","coordinates":[117.423951,25.8220236]}},{"type":"Feature","properties":{"id":"china-osm-rail-station-7781469280","name":"葛州","station_type":"railway_station","source_region":"fujian","source_osm_id":"7781469280"},"geometry":{"type":"Point","coordinates":[117.4064898,25.8623612]}},{"type":"Feature","properties":{"id":"china-osm-rail-station-7236072726","name":"桂口","station_type":"railway_station","source_region":"fujian","source_osm_id":"7236072726"},"geometry":{"type":"Point","coordinates":[117.3804671,25.8939507]}},{"type":"Feature","properties":{"id":"china-osm-rail-station-4665343372","name":"永安南","station_type":"railway_station","source_region":"fujian","source_osm_id":"4665343372"},"geometry":{"type":"Point","coordinates":[117.3851905,25.9414492]}},{"type":"Feature","properties":{"id":"china-osm-rail-station-7236072727","name":"永浆","station_type":"railway_station","source_region":"fujian","source_osm_id":"7236072727"},"geometry":{"type":"Point","coordinates":[117.3879826,25.9430628]}},{"type":"Feature","properties":{"id":"china-osm-rail-station-1583788093","name":"永安","station_type":"railway_station","source_region":"fujian","source_osm_id":"1583788093"},"geometry":{"type":"Point","coordinates":[117.372977,25.977723]}},{"type":"Feature","properties":{"id":"china-osm-rail-station-7236082607","name":"益口","station_type":"railway_station","source_region":"fujian","source_osm_id":"7236082607"},"geometry":{"type":"Point","coordinates":[117.3829991,26.012467]}},{"type":"Feature","properties":{"id":"china-osm-rail-station-7780346102","name":"冠豸山","station_type":"railway_station","source_region":"fujian","source_osm_id":"7780346102"},"geometry":{"type":"Point","coordinates":[116.7174411,25.743351]}},{"type":"Feature","properties":{"id":"china-osm-rail-station-2925675933","name":"长汀南","station_type":"railway_station","source_region":"fujian","source_osm_id":"2925675933"},"geometry":{"type":"Point","coordinates":[116.3527953,25.7692988]}},{"type":"Feature","properties":{"id":"china-osm-rail-station-5746525364","name":"长汀","station_type":"railway_station","source_region":"fujian","source_osm_id":"5746525364"},"geometry":{"type":"Point","coordinates":[116.3393861,25.8318013]}},{"type":"Feature","properties":{"id":"china-osm-rail-station-7780346103","name":"杨源","station_type":"railway_station","source_region":"fujian","source_osm_id":"7780346103"},"geometry":{"type":"Point","coordinates":[116.7946028,25.8467299]}},{"type":"Feature","properties":{"id":"china-osm-rail-station-2838824243","name":"金峰山","station_type":"railway_station","source_region":"fujian","source_osm_id":"2838824243"},"geometry":{"type":"Point","coordinates":[116.1711754,25.8725489]}},{"type":"Feature","properties":{"id":"china-osm-rail-station-7780346104","name":"邓家","station_type":"railway_station","source_region":"fujian","source_osm_id":"7780346104"},"geometry":{"type":"Point","coordinates":[116.8326795,25.9464008]}},{"type":"Feature","properties":{"id":"china-osm-rail-station-8757937722","name":"加福","station_type":"railway_station","source_region":"fujian","source_osm_id":"8757937722"},"geometry":{"type":"Point","coordinates":[117.1803373,25.9906952]}},{"type":"Feature","properties":{"id":"china-osm-rail-station-8757937723","name":"坑边","station_type":"railway_station","source_region":"fujian","source_osm_id":"8757937723"},"geometry":{"type":"Point","coordinates":[117.3348631,26.0291169]}},{"type":"Feature","properties":{"id":"china-osm-rail-station-7780346105","name":"田源","station_type":"railway_station","source_region":"fujian","source_osm_id":"7780346105"},"geometry":{"type":"Point","coordinates":[116.8426895,26.0554672]}},{"type":"Feature","properties":{"id":"china-osm-rail-station-7780346106","name":"严坊","station_type":"railway_station","source_region":"fujian","source_osm_id":"7780346106"},"geometry":{"type":"Point","coordinates":[116.8364346,26.1469246]}},{"type":"Feature","properties":{"id":"china-osm-rail-station-7781469275","name":"大田北","station_type":"railway_station","source_region":"fujian","source_osm_id":"7781469275"},"geometry":{"type":"Point","coordinates":[117.8414933,25.7068642]}},{"type":"Feature","properties":{"id":"china-osm-rail-station-2501318815","name":"三明北","station_type":"railway_station","source_region":"fujian","source_osm_id":"2501318815"},"geometry":{"type":"Point","coordinates":[117.8018037,26.3788958]}},{"type":"Feature","properties":{"id":"china-osm-rail-station-2501306647","name":"万能","station_type":"railway_station","source_region":"fujian","source_osm_id":"2501306647"},"geometry":{"type":"Point","coordinates":[117.8334488,26.4014947]}},{"type":"Feature","properties":{"id":"china-osm-rail-station-7235401598","name":"高砂","station_type":"railway_station","source_region":"fujian","source_osm_id":"7235401598"},"geometry":{"type":"Point","coordinates":[117.9003328,26.4320327]}},{"type":"Feature","properties":{"id":"china-osm-rail-station-7235401599","name":"龙江村","station_type":"railway_station","source_region":"fujian","source_osm_id":"7235401599"},"geometry":{"type":"Point","coordinates":[117.9236305,26.453246]}},{"type":"Feature","properties":{"id":"china-osm-rail-station-7235401600","name":"涌溪","station_type":"railway_station","source_region":"fujian","source_osm_id":"7235401600"},"geometry":{"type":"Point","coordinates":[117.9541326,26.4955961]}},{"type":"Feature","properties":{"id":"china-osm-rail-station-7235401601","name":"青州","station_type":"railway_station","source_region":"fujian","source_osm_id":"7235401601"},"geometry":{"type":"Point","coordinates":[117.980783,26.531521]}},{"type":"Feature","properties":{"id":"china-osm-rail-station-8786471050","name":"绿水","station_type":"railway_station","source_region":"fujian","source_osm_id":"8786471050"},"geometry":{"type":"Point","coordinates":[118.0686577,26.5878611]}},{"type":"Feature","properties":{"id":"china-osm-rail-station-4498461027","name":"外洋","station_type":"railway_station","source_region":"fujian","source_osm_id":"4498461027"},"geometry":{"type":"Point","coordinates":[117.9923446,26.6033504]}},{"type":"Feature","properties":{"id":"china-osm-rail-station-2458093871","name":"来舟","station_type":"railway_station","source_region":"fujian","source_osm_id":"2458093871"},"geometry":{"type":"Point","coordinates":[117.9819009,26.6287622]}},{"type":"Feature","properties":{"id":"china-osm-rail-station-9898804805","name":"曾厝垵站","station_type":"railway_station","source_region":"fujian","source_osm_id":"9898804805"},"geometry":{"type":"Point","coordinates":[118.116168,24.4335673]}},{"type":"Feature","properties":{"id":"china-osm-rail-station-9898804804","name":"上李新村站","station_type":"railway_station","source_region":"fujian","source_osm_id":"9898804804"},"geometry":{"type":"Point","coordinates":[118.117019,24.4402606]}},{"type":"Feature","properties":{"id":"china-osm-rail-station-6120780367","name":"中山公园","station_type":"railway_station","source_region":"fujian","source_osm_id":"6120780367"},"geometry":{"type":"Point","coordinates":[118.085246,24.4585969]}},{"type":"Feature","properties":{"id":"china-osm-rail-station-7089628658","name":"将军祠","station_type":"railway_station","source_region":"fujian","source_osm_id":"7089628658"},"geometry":{"type":"Point","coordinates":[118.0952713,24.4637286]}},{"type":"Feature","properties":{"id":"china-osm-rail-station-7089628657","name":"文灶","station_type":"railway_station","source_region":"fujian","source_osm_id":"7089628657"},"geometry":{"type":"Point","coordinates":[118.0985323,24.4701207]}},{"type":"Feature","properties":{"id":"china-osm-rail-station-928056895","name":"厦门","station_type":"railway_station","source_region":"fujian","source_osm_id":"928056895"},"geometry":{"type":"Point","coordinates":[118.1110988,24.4703348]}},{"type":"Feature","properties":{"id":"china-osm-rail-station-8829523163","name":"厦门火车站","station_type":"railway_station","source_region":"fujian","source_osm_id":"8829523163"},"geometry":{"type":"Point","coordinates":[118.1093426,24.4721259]}},{"type":"Feature","properties":{"id":"china-osm-rail-station-7792920568","name":"浮宫","station_type":"railway_station","source_region":"fujian","source_osm_id":"7792920568"},"geometry":{"type":"Point","coordinates":[117.9465043,24.3383969]}},{"type":"Feature","properties":{"id":"china-osm-rail-station-10753243861","name":"镇海路","station_type":"railway_station","source_region":"fujian","source_osm_id":"10753243861"},"geometry":{"type":"Point","coordinates":[118.0781412,24.4534168]}},{"type":"Feature","properties":{"id":"china-osm-rail-station-7236131504","name":"海沧","station_type":"railway_station","source_region":"fujian","source_osm_id":"7236131504"},"geometry":{"type":"Point","coordinates":[117.9946849,24.4618773]}},{"type":"Feature","properties":{"id":"china-osm-rail-station-7236131503","name":"白礁","station_type":"railway_station","source_region":"fujian","source_osm_id":"7236131503"},"geometry":{"type":"Point","coordinates":[117.9435553,24.4861417]}},{"type":"Feature","properties":{"id":"china-osm-rail-station-3694546892","name":"龙海","station_type":"railway_station","source_region":"fujian","source_osm_id":"3694546892"},"geometry":{"type":"Point","coordinates":[117.8085304,24.5243591]}},{"type":"Feature","properties":{"id":"china-osm-rail-station-2481375096","name":"角美","station_type":"railway_station","source_region":"fujian","source_osm_id":"2481375096"},"geometry":{"type":"Point","coordinates":[117.8754377,24.5295661]}},{"type":"Feature","properties":{"id":"china-osm-rail-station-2502491263","name":"东孚","station_type":"railway_station","source_region":"fujian","source_osm_id":"2502491263"},"geometry":{"type":"Point","coordinates":[117.9233051,24.5463763]}},{"type":"Feature","properties":{"id":"china-osm-rail-station-3694551474","name":"前场","station_type":"railway_station","source_region":"fujian","source_osm_id":"3694551474"},"geometry":{"type":"Point","coordinates":[117.9730668,24.5728722]}},{"type":"Feature","properties":{"id":"china-osm-rail-station-7089628656","name":"湖滨东路","station_type":"railway_station","source_region":"fujian","source_osm_id":"7089628656"},"geometry":{"type":"Point","coordinates":[118.1063815,24.4770536]}},{"type":"Feature","properties":{"id":"china-osm-rail-station-6487452793","name":"莲坂","station_type":"railway_station","source_region":"fujian","source_osm_id":"6487452793"},"geometry":{"type":"Point","coordinates":[118.1127832,24.4786379]}},{"type":"Feature","properties":{"id":"china-osm-rail-station-7089628655","name":"莲花路口","station_type":"railway_station","source_region":"fujian","source_osm_id":"7089628655"},"geometry":{"type":"Point","coordinates":[118.1181727,24.4865934]}},{"type":"Feature","properties":{"id":"china-osm-rail-station-8829523166","name":"人才中心","station_type":"railway_station","source_region":"fujian","source_osm_id":"8829523166"},"geometry":{"type":"Point","coordinates":[118.0984906,24.4915493]}},{"type":"Feature","properties":{"id":"china-osm-rail-station-8601701154","name":"乌石浦","station_type":"railway_station","source_region":"fujian","source_osm_id":"8601701154"},"geometry":{"type":"Point","coordinates":[118.1214887,24.5015217]}},{"type":"Feature","properties":{"id":"china-osm-rail-station-8913400712","name":"塘边","station_type":"railway_station","source_region":"fujian","source_osm_id":"8913400712"},"geometry":{"type":"Point","coordinates":[118.1179642,24.5086922]}},{"type":"Feature","properties":{"id":"china-osm-rail-station-8829441662","name":"湖里公园","station_type":"railway_station","source_region":"fujian","source_osm_id":"8829441662"},"geometry":{"type":"Point","coordinates":[118.1005224,24.5093783]}},{"type":"Feature","properties":{"id":"china-osm-rail-station-8829441663","name":"华荣路","station_type":"railway_station","source_region":"fujian","source_osm_id":"8829441663"},"geometry":{"type":"Point","coordinates":[118.104629,24.5141666]}},{"type":"Feature","properties":{"id":"china-osm-rail-station-8601701155","name":"火炬园","station_type":"railway_station","source_region":"fujian","source_osm_id":"8601701155"},"geometry":{"type":"Point","coordinates":[118.113784,24.514568]}},{"type":"Feature","properties":{"id":"china-osm-rail-station-8829441657","name":"小东山","station_type":"railway_station","source_region":"fujian","source_osm_id":"8829441657"},"geometry":{"type":"Point","coordinates":[118.1210644,24.5168639]}},{"type":"Feature","properties":{"id":"china-osm-rail-station-8829441658","name":"安兜","station_type":"railway_station","source_region":"fujian","source_osm_id":"8829441658"},"geometry":{"type":"Point","coordinates":[118.1335998,24.5205407]}},{"type":"Feature","properties":{"id":"china-osm-rail-station-8829441659","name":"坂尚","station_type":"railway_station","source_region":"fujian","source_osm_id":"8829441659"},"geometry":{"type":"Point","coordinates":[118.1419651,24.5220142]}},{"type":"Feature","properties":{"id":"china-osm-rail-station-8829441660","name":"湖里创新园","station_type":"railway_station","source_region":"fujian","source_osm_id":"8829441660"},"geometry":{"type":"Point","coordinates":[118.1513196,24.5256072]}},{"type":"Feature","properties":{"id":"china-osm-rail-station-8913400713","name":"殿前","station_type":"railway_station","source_region":"fujian","source_osm_id":"8913400713"},"geometry":{"type":"Point","coordinates":[118.111568,24.5284972]}},{"type":"Feature","properties":{"id":"china-osm-rail-station-2502478744","name":"厦门高崎","station_type":"railway_station","source_region":"fujian","source_osm_id":"2502478744"},"geometry":{"type":"Point","coordinates":[118.1097863,24.5399891]}},{"type":"Feature","properties":{"id":"china-osm-rail-station-8913400715","name":"高崎","station_type":"railway_station","source_region":"fujian","source_osm_id":"8913400715"},"geometry":{"type":"Point","coordinates":[118.1117377,24.540615]}},{"type":"Feature","properties":{"id":"china-osm-rail-station-8829387994","name":"国际博览中心","station_type":"railway_station","source_region":"fujian","source_osm_id":"8829387994"},"geometry":{"type":"Point","coordinates":[118.2038614,24.5594259]}},{"type":"Feature","properties":{"id":"china-osm-rail-station-2502480510","name":"杏林","station_type":"railway_station","source_region":"fujian","source_osm_id":"2502480510"},"geometry":{"type":"Point","coordinates":[118.0241172,24.5792849]}},{"type":"Feature","properties":{"id":"china-osm-rail-station-4525562616","name":"集美软件园","station_type":"railway_station","source_region":"fujian","source_osm_id":"4525562616"},"geometry":{"type":"Point","coordinates":[118.0428388,24.6162186]}},{"type":"Feature","properties":{"id":"china-osm-rail-station-8913407523","name":"集美大道","station_type":"railway_station","source_region":"fujian","source_osm_id":"8913407523"},"geometry":{"type":"Point","coordinates":[118.0503018,24.6227621]}},{"type":"Feature","properties":{"id":"china-osm-rail-station-9534212873","name":"后溪","station_type":"railway_station","source_region":"fujian","source_osm_id":"9534212873"},"geometry":{"type":"Point","coordinates":[118.0441073,24.6272276]}},{"type":"Feature","properties":{"id":"china-osm-rail-station-6487454408","name":"天水路","station_type":"railway_station","source_region":"fujian","source_osm_id":"6487454408"},"geometry":{"type":"Point","coordinates":[118.0612081,24.6287136]}},{"type":"Feature","properties":{"id":"china-osm-rail-station-6527623010","name":"厦门北","station_type":"railway_station","source_region":"fujian","source_osm_id":"6527623010"},"geometry":{"type":"Point","coordinates":[118.0686353,24.6397375]}},{"type":"Feature","properties":{"id":"china-osm-rail-station-4525554463","name":"厦门北站","station_type":"railway_station","source_region":"fujian","source_osm_id":"4525554463"},"geometry":{"type":"Point","coordinates":[118.0683222,24.6400179]}},{"type":"Feature","properties":{"id":"china-osm-rail-station-6117524159","name":"泉州南","station_type":"railway_station","source_region":"fujian","source_osm_id":"6117524159"},"geometry":{"type":"Point","coordinates":[118.5801871,24.740034]}},{"type":"Feature","properties":{"id":"china-osm-rail-station-7778190320","name":"晋江","station_type":"railway_station","source_region":"fujian","source_osm_id":"7778190320"},"geometry":{"type":"Point","coordinates":[118.4541454,24.7974067]}},{"type":"Feature","properties":{"id":"china-osm-rail-station-7137144036","name":"泉州东","station_type":"railway_station","source_region":"fujian","source_osm_id":"7137144036"},"geometry":{"type":"Point","coordinates":[118.7658438,24.9247217]}},{"type":"Feature","properties":{"id":"china-osm-rail-station-1879551038","name":"泉州","station_type":"railway_station","source_region":"fujian","source_osm_id":"1879551038"},"geometry":{"type":"Point","coordinates":[118.5632413,24.9759459]}},{"type":"Feature","properties":{"id":"china-osm-rail-station-3378402909","name":"惠安南","station_type":"railway_station","source_region":"fujian","source_osm_id":"3378402909"},"geometry":{"type":"Point","coordinates":[118.7893429,24.9996459]}},{"type":"Feature","properties":{"id":"china-osm-rail-station-8670636176","name":"黄塘","station_type":"railway_station","source_region":"fujian","source_osm_id":"8670636176"},"geometry":{"type":"Point","coordinates":[118.722639,25.000124]}},{"type":"Feature","properties":{"id":"china-osm-rail-station-7781469265","name":"雪峰","station_type":"railway_station","source_region":"fujian","source_osm_id":"7781469265"},"geometry":{"type":"Point","coordinates":[118.4776106,25.0041987]}},{"type":"Feature","properties":{"id":"china-osm-rail-station-8670636156","name":"洪濑","station_type":"railway_station","source_region":"fujian","source_osm_id":"8670636156"},"geometry":{"type":"Point","coordinates":[118.5603762,25.0203086]}},{"type":"Feature","properties":{"id":"china-osm-rail-station-8829387992","name":"东界","station_type":"railway_station","source_region":"fujian","source_osm_id":"8829387992"},"geometry":{"type":"Point","coordinates":[118.2148984,24.5680462]}},{"type":"Feature","properties":{"id":"china-osm-rail-station-8829387993","name":"洪坑","station_type":"railway_station","source_region":"fujian","source_osm_id":"8829387993"},"geometry":{"type":"Point","coordinates":[118.2214839,24.5739607]}},{"type":"Feature","properties":{"id":"china-osm-rail-station-8829387991","name":"林前","station_type":"railway_station","source_region":"fujian","source_osm_id":"8829387991"},"geometry":{"type":"Point","coordinates":[118.2271502,24.5787975]}},{"type":"Feature","properties":{"id":"china-osm-rail-station-8829387990","name":"鼓锣","station_type":"railway_station","source_region":"fujian","source_osm_id":"8829387990"},"geometry":{"type":"Point","coordinates":[118.2395791,24.5813668]}},{"type":"Feature","properties":{"id":"china-osm-rail-station-8829387989","name":"翔安市民公园","station_type":"railway_station","source_region":"fujian","source_osm_id":"8829387989"},"geometry":{"type":"Point","coordinates":[118.2496421,24.5815895]}},{"type":"Feature","properties":{"id":"china-osm-rail-station-8829387987","name":"后村","station_type":"railway_station","source_region":"fujian","source_osm_id":"8829387987"},"geometry":{"type":"Point","coordinates":[118.2671739,24.5827005]}},{"type":"Feature","properties":{"id":"china-osm-rail-station-8829387988","name":"浦边","station_type":"railway_station","source_region":"fujian","source_osm_id":"8829387988"},"geometry":{"type":"Point","coordinates":[118.2573339,24.5830167]}},{"type":"Feature","properties":{"id":"china-osm-rail-station-5175876234","name":"翔安","station_type":"railway_station","source_region":"fujian","source_osm_id":"5175876234"},"geometry":{"type":"Point","coordinates":[118.2641423,24.6893505]}},{"type":"Feature","properties":{"id":"china-osm-rail-station-7781469267","name":"安溪东","station_type":"railway_station","source_region":"fujian","source_osm_id":"7781469267"},"geometry":{"type":"Point","coordinates":[118.2503139,25.0642205]}},{"type":"Feature","properties":{"id":"china-osm-rail-station-7781469266","name":"南安北","station_type":"railway_station","source_region":"fujian","source_osm_id":"7781469266"},"geometry":{"type":"Point","coordinates":[118.3572064,25.0336026]}},{"type":"Feature","properties":{"id":"china-osm-rail-station-3378402906","name":"惠安","station_type":"railway_station","source_region":"fujian","source_osm_id":"3378402906"},"geometry":{"type":"Point","coordinates":[118.7096977,25.0606368]}},{"type":"Feature","properties":{"id":"china-osm-rail-station-8327599040","name":"肖厝","station_type":"railway_station","source_region":"fujian","source_osm_id":"8327599040"},"geometry":{"type":"Point","coordinates":[118.8763654,25.1357285]}},{"type":"Feature","properties":{"id":"china-osm-rail-station-9207275766","name":"度下","station_type":"railway_station","source_region":"fujian","source_osm_id":"9207275766"},"geometry":{"type":"Point","coordinates":[119.0383565,25.1385054]}},{"type":"Feature","properties":{"id":"china-osm-rail-station-11197080724","name":"泉港","station_type":"railway_station","source_region":"fujian","source_osm_id":"11197080724"},"geometry":{"type":"Point","coordinates":[118.8745713,25.1778147]}},{"type":"Feature","properties":{"id":"china-osm-rail-station-8327599283","name":"施厝","station_type":"railway_station","source_region":"fujian","source_osm_id":"8327599283"},"geometry":{"type":"Point","coordinates":[118.9232365,25.179972]}},{"type":"Feature","properties":{"id":"china-osm-rail-station-3747750481","name":"月塘","station_type":"railway_station","source_region":"fujian","source_osm_id":"3747750481"},"geometry":{"type":"Point","coordinates":[119.0730525,25.2299732]}},{"type":"Feature","properties":{"id":"china-osm-rail-station-3365981115","name":"仙游","station_type":"railway_station","source_region":"fujian","source_osm_id":"3365981115"},"geometry":{"type":"Point","coordinates":[118.8666649,25.2535131]}},{"type":"Feature","properties":{"id":"china-osm-rail-station-3747755286","name":"莆田东","station_type":"railway_station","source_region":"fujian","source_osm_id":"3747755286"},"geometry":{"type":"Point","coordinates":[119.0442777,25.3097743]}},{"type":"Feature","properties":{"id":"china-osm-rail-station-1879551033","name":"莆田","station_type":"railway_station","source_region":"fujian","source_osm_id":"1879551033"},"geometry":{"type":"Point","coordinates":[119.0570588,25.3538682]}},{"type":"Feature","properties":{"id":"china-osm-rail-station-7792857871","name":"涵江","station_type":"railway_station","source_region":"fujian","source_osm_id":"7792857871"},"geometry":{"type":"Point","coordinates":[119.1708416,25.4944032]}},{"type":"Feature","properties":{"id":"china-osm-rail-station-2501331412","name":"涵江北","station_type":"railway_station","source_region":"fujian","source_osm_id":"2501331412"},"geometry":{"type":"Point","coordinates":[119.0097225,25.6041363]}},{"type":"Feature","properties":{"id":"china-osm-rail-station-2451353649","name":"永泰","station_type":"railway_station","source_region":"fujian","source_osm_id":"2451353649"},"geometry":{"type":"Point","coordinates":[118.9290637,25.851529]}},{"type":"Feature","properties":{"id":"china-osm-rail-station-2987878254","name":"长庆","station_type":"railway_station","source_region":"fujian","source_osm_id":"2987878254"},"geometry":{"type":"Point","coordinates":[118.5921537,25.9033626]}},{"type":"Feature","properties":{"id":"china-osm-rail-station-2501362971","name":"中仙","station_type":"railway_station","source_region":"fujian","source_osm_id":"2501362971"},"geometry":{"type":"Point","coordinates":[118.3049825,25.9969326]}},{"type":"Feature","properties":{"id":"china-osm-rail-station-7076285148","name":"董屿·福建师大","station_type":"railway_station","source_region":"fujian","source_osm_id":"7076285148"},"geometry":{"type":"Point","coordinates":[119.202569,26.0443445]}},{"type":"Feature","properties":{"id":"china-osm-rail-station-13612183715","name":"蓬鲁","station_type":"railway_station","source_region":"fujian","source_osm_id":"13612183715"},"geometry":{"type":"Point","coordinates":[118.1526254,25.1225611]}},{"type":"Feature","properties":{"id":"china-osm-rail-station-7781469268","name":"后寮","station_type":"railway_station","source_region":"fujian","source_osm_id":"7781469268"},"geometry":{"type":"Point","coordinates":[118.1760907,25.1580359]}},{"type":"Feature","properties":{"id":"china-osm-rail-station-8834770534","name":"金谷","station_type":"railway_station","source_region":"fujian","source_osm_id":"8834770534"},"geometry":{"type":"Point","coordinates":[118.104898,25.1718224]}},{"type":"Feature","properties":{"id":"china-osm-rail-station-13593226189","name":"蓬华","station_type":"railway_station","source_region":"fujian","source_osm_id":"13593226189"},"geometry":{"type":"Point","coordinates":[118.151341,25.2292099]}},{"type":"Feature","properties":{"id":"china-osm-rail-station-7781469270","name":"永春","station_type":"railway_station","source_region":"fujian","source_osm_id":"7781469270"},"geometry":{"type":"Point","coordinates":[118.122548,25.3332364]}},{"type":"Feature","properties":{"id":"china-osm-rail-station-7781469271","name":"马跳","station_type":"railway_station","source_region":"fujian","source_osm_id":"7781469271"},"geometry":{"type":"Point","coordinates":[118.1435758,25.4121858]}},{"type":"Feature","properties":{"id":"china-osm-rail-station-7781469272","name":"德化","station_type":"railway_station","source_region":"fujian","source_osm_id":"7781469272"},"geometry":{"type":"Point","coordinates":[118.1777473,25.5068861]}},{"type":"Feature","properties":{"id":"china-osm-rail-station-2501327340","name":"尤溪","station_type":"railway_station","source_region":"fujian","source_osm_id":"2501327340"},"geometry":{"type":"Point","coordinates":[118.1367573,26.1702184]}},{"type":"Feature","properties":{"id":"china-osm-rail-station-6103626029","name":"延平西","station_type":"railway_station","source_region":"fujian","source_osm_id":"6103626029"},"geometry":{"type":"Point","coordinates":[118.1079842,26.5707218]}},{"type":"Feature","properties":{"id":"china-osm-rail-station-4498465011","name":"西芹","station_type":"railway_station","source_region":"fujian","source_osm_id":"4498465011"},"geometry":{"type":"Point","coordinates":[118.117642,26.5795688]}},{"type":"Feature","properties":{"id":"china-osm-rail-station-5175887684","name":"渔溪","station_type":"railway_station","source_region":"fujian","source_osm_id":"5175887684"},"geometry":{"type":"Point","coordinates":[119.2911896,25.5755628]}},{"type":"Feature","properties":{"id":"china-osm-rail-station-9245320938","name":"福清西","station_type":"railway_station","source_region":"fujian","source_osm_id":"9245320938"},"geometry":{"type":"Point","coordinates":[119.2997579,25.7005482]}},{"type":"Feature","properties":{"id":"china-osm-rail-station-9409891394","name":"螺洲古镇","station_type":"railway_station","source_region":"fujian","source_osm_id":"9409891394"},"geometry":{"type":"Point","coordinates":[119.3466012,25.9891962]}},{"type":"Feature","properties":{"id":"china-osm-rail-station-9409891386","name":"义序","station_type":"railway_station","source_region":"fujian","source_osm_id":"9409891386"},"geometry":{"type":"Point","coordinates":[119.3227062,25.9899172]}},{"type":"Feature","properties":{"id":"china-osm-rail-station-11141118917","name":"螺洲温泉","station_type":"railway_station","source_region":"fujian","source_osm_id":"11141118917"},"geometry":{"type":"Point","coordinates":[119.3445573,25.993371]}},{"type":"Feature","properties":{"id":"china-osm-rail-station-9402502271","name":"盖山竹榄","station_type":"railway_station","source_region":"fujian","source_osm_id":"9402502271"},"geometry":{"type":"Point","coordinates":[119.3157923,25.9968006]}},{"type":"Feature","properties":{"id":"china-osm-rail-station-9402502268","name":"吴山","station_type":"railway_station","source_region":"fujian","source_osm_id":"9402502268"},"geometry":{"type":"Point","coordinates":[119.3061426,26.0003125]}},{"type":"Feature","properties":{"id":"china-osm-rail-station-9402502265","name":"盘屿","station_type":"railway_station","source_region":"fujian","source_osm_id":"9402502265"},"geometry":{"type":"Point","coordinates":[119.2885033,26.0024415]}},{"type":"Feature","properties":{"id":"china-osm-rail-station-9402502260","name":"台屿","station_type":"railway_station","source_region":"fujian","source_osm_id":"9402502260"},"geometry":{"type":"Point","coordinates":[119.2768801,26.0088971]}},{"type":"Feature","properties":{"id":"china-osm-rail-station-9207275763","name":"平潭","station_type":"railway_station","source_region":"fujian","source_osm_id":"9207275763"},"geometry":{"type":"Point","coordinates":[119.777391,25.5496725]}},{"type":"Feature","properties":{"id":"china-osm-rail-station-1878843430","name":"福清","station_type":"railway_station","source_region":"fujian","source_osm_id":"1878843430"},"geometry":{"type":"Point","coordinates":[119.3794399,25.678311]}},{"type":"Feature","properties":{"id":"china-osm-rail-station-4238806429","name":"长乐南","station_type":"railway_station","source_region":"fujian","source_osm_id":"4238806429"},"geometry":{"type":"Point","coordinates":[119.591247,25.757416]}},{"type":"Feature","properties":{"id":"china-osm-rail-station-4238806284","name":"长乐东","station_type":"railway_station","source_region":"fujian","source_osm_id":"4238806284"},"geometry":{"type":"Point","coordinates":[119.5531476,25.8592139]}},{"type":"Feature","properties":{"id":"china-osm-rail-station-9394575975","name":"十八孔闸","station_type":"railway_station","source_region":"fujian","source_osm_id":"9394575975"},"geometry":{"type":"Point","coordinates":[119.5984573,25.8684045]}},{"type":"Feature","properties":{"id":"china-osm-rail-station-9394575974","name":"金滨路","station_type":"railway_station","source_region":"fujian","source_osm_id":"9394575974"},"geometry":{"type":"Point","coordinates":[119.6001244,25.8743953]}},{"type":"Feature","properties":{"id":"china-osm-rail-station-9394575973","name":"沙尾","station_type":"railway_station","source_region":"fujian","source_osm_id":"9394575973"},"geometry":{"type":"Point","coordinates":[119.6028466,25.8821228]}},{"type":"Feature","properties":{"id":"china-osm-rail-station-9394575972","name":"滨海中央商务区","station_type":"railway_station","source_region":"fujian","source_osm_id":"9394575972"},"geometry":{"type":"Point","coordinates":[119.6052438,25.8872642]}},{"type":"Feature","properties":{"id":"china-osm-rail-station-9521852854","name":"大数据","station_type":"railway_station","source_region":"fujian","source_osm_id":"9521852854"},"geometry":{"type":"Point","coordinates":[119.5933296,25.8947864]}},{"type":"Feature","properties":{"id":"china-osm-rail-station-9394575969","name":"万沙·滨海三中","station_type":"railway_station","source_region":"fujian","source_osm_id":"9394575969"},"geometry":{"type":"Point","coordinates":[119.6061969,25.8982756]}},{"type":"Feature","properties":{"id":"china-osm-rail-station-6448648430","name":"万寿","station_type":"railway_station","source_region":"fujian","source_osm_id":"6448648430"},"geometry":{"type":"Point","coordinates":[119.5990359,25.9026647]}},{"type":"Feature","properties":{"id":"china-osm-rail-station-6448648431","name":"壶井","station_type":"railway_station","source_region":"fujian","source_osm_id":"6448648431"},"geometry":{"type":"Point","coordinates":[119.5894145,25.9085821]}},{"type":"Feature","properties":{"id":"china-osm-rail-station-9521852853","name":"滨海西","station_type":"railway_station","source_region":"fujian","source_osm_id":"9521852853"},"geometry":{"type":"Point","coordinates":[119.564812,25.9107251]}},{"type":"Feature","properties":{"id":"china-osm-rail-station-6448648429","name":"下吴","station_type":"railway_station","source_region":"fujian","source_osm_id":"6448648429"},"geometry":{"type":"Point","coordinates":[119.5780874,25.9155265]}},{"type":"Feature","properties":{"id":"china-osm-rail-station-9521852852","name":"莲花山","station_type":"railway_station","source_region":"fujian","source_osm_id":"9521852852"},"geometry":{"type":"Point","coordinates":[119.5525416,25.9173858]}},{"type":"Feature","properties":{"id":"china-osm-rail-station-6448648432","name":"莲花","station_type":"railway_station","source_region":"fujian","source_osm_id":"6448648432"},"geometry":{"type":"Point","coordinates":[119.5659365,25.9227958]}},{"type":"Feature","properties":{"id":"china-osm-rail-station-9521852851","name":"首占","station_type":"railway_station","source_region":"fujian","source_osm_id":"9521852851"},"geometry":{"type":"Point","coordinates":[119.4806387,25.9268629]}},{"type":"Feature","properties":{"id":"china-osm-rail-station-4238807785","name":"长乐","station_type":"railway_station","source_region":"fujian","source_osm_id":"4238807785"},"geometry":{"type":"Point","coordinates":[119.4806639,25.9270606]}},{"type":"Feature","properties":{"id":"china-osm-rail-station-9521852855","name":"机场","station_type":"railway_station","source_region":"fujian","source_osm_id":"9521852855"},"geometry":{"type":"Point","coordinates":[119.6702443,25.9311243]}},{"type":"Feature","properties":{"id":"china-osm-rail-station-9521852850","name":"祥谦","station_type":"railway_station","source_region":"fujian","source_osm_id":"9521852850"},"geometry":{"type":"Point","coordinates":[119.3816102,25.9333336]}},{"type":"Feature","properties":{"id":"china-osm-rail-station-9409868660","name":"沙京","station_type":"railway_station","source_region":"fujian","source_osm_id":"9409868660"},"geometry":{"type":"Point","coordinates":[119.5420231,25.9339633]}},{"type":"Feature","properties":{"id":"china-osm-rail-station-6448648433","name":"鹤上","station_type":"railway_station","source_region":"fujian","source_osm_id":"6448648433"},"geometry":{"type":"Point","coordinates":[119.5351223,25.9422786]}},{"type":"Feature","properties":{"id":"china-osm-rail-station-9064066522","name":"吴航","station_type":"railway_station","source_region":"fujian","source_osm_id":"9064066522"},"geometry":{"type":"Point","coordinates":[119.5247205,25.9539466]}},{"type":"Feature","properties":{"id":"china-osm-rail-station-4345238083","name":"航城","station_type":"railway_station","source_region":"fujian","source_osm_id":"4345238083"},"geometry":{"type":"Point","coordinates":[119.4856465,25.9543656]}},{"type":"Feature","properties":{"id":"china-osm-rail-station-6448648435","name":"营前","station_type":"railway_station","source_region":"fujian","source_osm_id":"6448648435"},"geometry":{"type":"Point","coordinates":[119.469562,25.9596486]}},{"type":"Feature","properties":{"id":"china-osm-rail-station-9409868664","name":"郑和","station_type":"railway_station","source_region":"fujian","source_osm_id":"9409868664"},"geometry":{"type":"Point","coordinates":[119.4979559,25.9612011]}},{"type":"Feature","properties":{"id":"china-osm-rail-station-9409868663","name":"十洋","station_type":"railway_station","source_region":"fujian","source_osm_id":"9409868663"},"geometry":{"type":"Point","coordinates":[119.511081,25.9613208]}},{"type":"Feature","properties":{"id":"china-osm-rail-station-9521852856","name":"文岭","station_type":"railway_station","source_region":"fujian","source_osm_id":"9521852856"},"geometry":{"type":"Point","coordinates":[119.6906685,25.9771254]}},{"type":"Feature","properties":{"id":"china-osm-rail-station-9157637262","name":"胪雷","station_type":"railway_station","source_region":"fujian","source_osm_id":"9157637262"},"geometry":{"type":"Point","coordinates":[119.3750119,25.987308]}},{"type":"Feature","properties":{"id":"china-osm-rail-station-9409891399","name":"龙江","station_type":"railway_station","source_region":"fujian","source_osm_id":"9409891399"},"geometry":{"type":"Point","coordinates":[119.3674205,25.9873751]}},{"type":"Feature","properties":{"id":"china-osm-rail-station-11152381692","name":"前锦站","station_type":"railway_station","source_region":"fujian","source_osm_id":"11152381692"},"geometry":{"type":"Point","coordinates":[119.3577471,25.987386]}},{"type":"Feature","properties":{"id":"china-osm-rail-station-7076314532","name":"福州火车南站","station_type":"railway_station","source_region":"fujian","source_osm_id":"7076314532"},"geometry":{"type":"Point","coordinates":[119.3856516,25.9887429]}},{"type":"Feature","properties":{"id":"china-osm-rail-station-7719582540","name":"福州南","station_type":"railway_station","source_region":"fujian","source_osm_id":"7719582540"},"geometry":{"type":"Point","coordinates":[119.3866957,25.9892567]}},{"type":"Feature","properties":{"id":"china-osm-rail-station-3019467506","name":"马尾","station_type":"railway_station","source_region":"fujian","source_osm_id":"3019467506"},"geometry":{"type":"Point","coordinates":[119.456318,25.9933637]}},{"type":"Feature","properties":{"id":"china-osm-rail-station-9157637267","name":"三角埕","station_type":"railway_station","source_region":"fujian","source_osm_id":"9157637267"},"geometry":{"type":"Point","coordinates":[119.3635661,25.9937681]}},{"type":"Feature","properties":{"id":"china-osm-rail-station-9157637261","name":"安平","station_type":"railway_station","source_region":"fujian","source_osm_id":"9157637261"},"geometry":{"type":"Point","coordinates":[119.3971444,25.9951585]}},{"type":"Feature","properties":{"id":"china-osm-rail-station-9157637268","name":"城门","station_type":"railway_station","source_region":"fujian","source_osm_id":"9157637268"},"geometry":{"type":"Point","coordinates":[119.3552464,25.9991484]}},{"type":"Feature","properties":{"id":"china-osm-rail-station-9521852845","name":"盖山","station_type":"railway_station","source_region":"fujian","source_osm_id":"9521852845"},"geometry":{"type":"Point","coordinates":[119.3241688,26.0120031]}},{"type":"Feature","properties":{"id":"china-osm-rail-station-9157637270","name":"黄山","station_type":"railway_station","source_region":"fujian","source_osm_id":"9157637270"},"geometry":{"type":"Point","coordinates":[119.343713,26.0134248]}},{"type":"Feature","properties":{"id":"china-osm-rail-station-9699560176","name":"东岭","station_type":"railway_station","source_region":"fujian","source_osm_id":"9699560176"},"geometry":{"type":"Point","coordinates":[119.2725526,26.0165148]}},{"type":"Feature","properties":{"id":"china-osm-rail-station-9157637271","name":"葫芦阵","station_type":"railway_station","source_region":"fujian","source_osm_id":"9157637271"},"geometry":{"type":"Point","coordinates":[119.3387761,26.0198693]}},{"type":"Feature","properties":{"id":"china-osm-rail-station-9402502257","name":"霞镜","station_type":"railway_station","source_region":"fujian","source_osm_id":"9402502257"},"geometry":{"type":"Point","coordinates":[119.2717434,26.0280267]}},{"type":"Feature","properties":{"id":"china-osm-rail-station-9402502255","name":"浦上大道","station_type":"railway_station","source_region":"fujian","source_osm_id":"9402502255"},"geometry":{"type":"Point","coordinates":[119.2680161,26.0370679]}},{"type":"Feature","properties":{"id":"china-osm-rail-station-9402502252","name":"凤岗里","station_type":"railway_station","source_region":"fujian","source_osm_id":"9402502252"},"geometry":{"type":"Point","coordinates":[119.2622177,26.0418345]}},{"type":"Feature","properties":{"id":"china-osm-rail-station-11141033418","name":"花海公园","station_type":"railway_station","source_region":"fujian","source_osm_id":"11141033418"},"geometry":{"type":"Point","coordinates":[119.344854,26.0435945]}},{"type":"Feature","properties":{"id":"china-osm-rail-station-7076285144","name":"洪湾","station_type":"railway_station","source_region":"fujian","source_osm_id":"7076285144"},"geometry":{"type":"Point","coordinates":[119.2452218,26.0505198]}},{"type":"Feature","properties":{"id":"china-osm-rail-station-11125049501","name":"鳌峰洲","station_type":"railway_station","source_region":"fujian","source_osm_id":"11125049501"},"geometry":{"type":"Point","coordinates":[119.3398029,26.0575778]}},{"type":"Feature","properties":{"id":"china-osm-rail-station-9157637264","name":"达道","station_type":"railway_station","source_region":"fujian","source_osm_id":"9157637264"},"geometry":{"type":"Point","coordinates":[119.3048539,26.0604836]}},{"type":"Feature","properties":{"id":"china-osm-rail-station-7076285141","name":"祥坂","station_type":"railway_station","source_region":"fujian","source_osm_id":"7076285141"},"geometry":{"type":"Point","coordinates":[119.2813003,26.0638813]}},{"type":"Feature","properties":{"id":"china-osm-rail-station-7076285139","name":"宁化","station_type":"railway_station","source_region":"fujian","source_osm_id":"7076285139"},"geometry":{"type":"Point","coordinates":[119.288838,26.0660534]}},{"type":"Feature","properties":{"id":"china-osm-rail-station-8087840593","name":"枫相院","station_type":"railway_station","source_region":"gansu","source_osm_id":"8087840593"},"geometry":{"type":"Point","coordinates":[105.2773615,32.9540372]}},{"type":"Feature","properties":{"id":"china-osm-rail-station-8087849486","name":"桔柑","station_type":"railway_station","source_region":"gansu","source_osm_id":"8087849486"},"geometry":{"type":"Point","coordinates":[105.1013578,33.2880979]}},{"type":"Feature","properties":{"id":"china-osm-rail-station-9546662163","name":"陇南","station_type":"railway_station","source_region":"gansu","source_osm_id":"9546662163"},"geometry":{"type":"Point","coordinates":[104.9569401,33.377143]}},{"type":"Feature","properties":{"id":"china-osm-rail-station-3500351611","name":"陇南西","station_type":"railway_station","source_region":"gansu","source_osm_id":"3500351611"},"geometry":{"type":"Point","coordinates":[104.8473546,33.4112997]}},{"type":"Feature","properties":{"id":"china-osm-rail-station-11134136751","name":"两水","station_type":"railway_station","source_region":"gansu","source_osm_id":"11134136751"},"geometry":{"type":"Point","coordinates":[104.8125734,33.4396879]}},{"type":"Feature","properties":{"id":"china-osm-rail-station-11134136669","name":"佛崖","station_type":"railway_station","source_region":"gansu","source_osm_id":"11134136669"},"geometry":{"type":"Point","coordinates":[105.2840587,33.4443539]}},{"type":"Feature","properties":{"id":"china-osm-rail-station-11134136691","name":"马街镇","station_type":"railway_station","source_region":"gansu","source_osm_id":"11134136691"},"geometry":{"type":"Point","coordinates":[104.9521864,33.4742713]}},{"type":"Feature","properties":{"id":"china-osm-rail-station-11134133702","name":"康县","station_type":"railway_station","source_region":"gansu","source_osm_id":"11134133702"},"geometry":{"type":"Point","coordinates":[105.368651,33.4765111]}},{"type":"Feature","properties":{"id":"china-osm-rail-station-11134136671","name":"安化镇","station_type":"railway_station","source_region":"gansu","source_osm_id":"11134136671"},"geometry":{"type":"Point","coordinates":[105.076351,33.5068122]}},{"type":"Feature","properties":{"id":"china-osm-rail-station-11134133679","name":"太石","station_type":"railway_station","source_region":"gansu","source_osm_id":"11134133679"},"geometry":{"type":"Point","coordinates":[105.5073257,33.6006861]}},{"type":"Feature","properties":{"id":"china-osm-rail-station-2373216519","name":"虞关","station_type":"railway_station","source_region":"gansu","source_osm_id":"2373216519"},"geometry":{"type":"Point","coordinates":[106.1665905,33.6297012]}},{"type":"Feature","properties":{"id":"china-osm-rail-station-2373216516","name":"徽县","station_type":"railway_station","source_region":"gansu","source_osm_id":"2373216516"},"geometry":{"type":"Point","coordinates":[106.1972147,33.7019302]}},{"type":"Feature","properties":{"id":"china-osm-rail-station-3864640853","name":"聂家湾","station_type":"railway_station","source_region":"gansu","source_osm_id":"3864640853"},"geometry":{"type":"Point","coordinates":[106.2552147,33.736151]}},{"type":"Feature","properties":{"id":"china-osm-rail-station-2373342127","name":"两当","station_type":"railway_station","source_region":"gansu","source_osm_id":"2373342127"},"geometry":{"type":"Point","coordinates":[106.3063995,33.7768227]}},{"type":"Feature","properties":{"id":"china-osm-rail-station-2373342119","name":"宏庆","station_type":"railway_station","source_region":"gansu","source_osm_id":"2373342119"},"geometry":{"type":"Point","coordinates":[106.4232236,33.8444259]}},{"type":"Feature","properties":{"id":"china-osm-rail-station-11121532885","name":"麦积山","station_type":"railway_station","source_region":"gansu","source_osm_id":"11121532885"},"geometry":{"type":"Point","coordinates":[105.9495969,34.4364895]}},{"type":"Feature","properties":{"id":"china-osm-rail-station-4906402909","name":"东岔","station_type":"railway_station","source_region":"gansu","source_osm_id":"4906402909"},"geometry":{"type":"Point","coordinates":[106.5359848,34.443955]}},{"type":"Feature","properties":{"id":"china-osm-rail-station-2954258497","name":"新拓石","station_type":"railway_station","source_region":"gansu","source_osm_id":"2954258497"},"geometry":{"type":"Point","coordinates":[106.5169968,34.5000412]}},{"type":"Feature","properties":{"id":"china-osm-rail-station-3026390648","name":"新建河","station_type":"railway_station","source_region":"gansu","source_osm_id":"3026390648"},"geometry":{"type":"Point","coordinates":[106.3442825,34.5225385]}},{"type":"Feature","properties":{"id":"china-osm-rail-station-3026390659","name":"凤阁岭","station_type":"railway_station","source_region":"gansu","source_osm_id":"3026390659"},"geometry":{"type":"Point","coordinates":[106.4444112,34.5326775]}},{"type":"Feature","properties":{"id":"china-osm-rail-station-8087546224","name":"雅园","station_type":"railway_station","source_region":"gansu","source_osm_id":"8087546224"},"geometry":{"type":"Point","coordinates":[104.5552171,33.6152637]}},{"type":"Feature","properties":{"id":"china-osm-rail-station-11134133667","name":"西峡","station_type":"railway_station","source_region":"gansu","source_osm_id":"11134133667"},"geometry":{"type":"Point","coordinates":[105.6273375,33.6993039]}},{"type":"Feature","properties":{"id":"china-osm-rail-station-11134133625","name":"成县","station_type":"railway_station","source_region":"gansu","source_osm_id":"11134133625"},"geometry":{"type":"Point","coordinates":[105.6910341,33.7295707]}},{"type":"Feature","properties":{"id":"china-osm-rail-station-11134133622","name":"王磨","station_type":"railway_station","source_region":"gansu","source_osm_id":"11134133622"},"geometry":{"type":"Point","coordinates":[105.7209415,33.8068643]}},{"type":"Feature","properties":{"id":"china-osm-rail-station-11121551505","name":"江洛","station_type":"railway_station","source_region":"gansu","source_osm_id":"11121551505"},"geometry":{"type":"Point","coordinates":[105.7899609,33.9424691]}},{"type":"Feature","properties":{"id":"china-osm-rail-station-8087507139","name":"临江铺","station_type":"railway_station","source_region":"gansu","source_osm_id":"8087507139"},"geometry":{"type":"Point","coordinates":[104.5204735,33.9712756]}},{"type":"Feature","properties":{"id":"china-osm-rail-station-11121532897","name":"麻沿","station_type":"railway_station","source_region":"gansu","source_osm_id":"11121532897"},"geometry":{"type":"Point","coordinates":[105.8237745,34.0858957]}},{"type":"Feature","properties":{"id":"china-osm-rail-station-11121532886","name":"李子园","station_type":"railway_station","source_region":"gansu","source_osm_id":"11121532886"},"geometry":{"type":"Point","coordinates":[105.9005985,34.2594246]}},{"type":"Feature","properties":{"id":"china-osm-rail-station-3682237011","name":"天水南","station_type":"railway_station","source_region":"gansu","source_osm_id":"3682237011"},"geometry":{"type":"Point","coordinates":[105.8523245,34.5510165]}},{"type":"Feature","properties":{"id":"china-osm-rail-station-770448206","name":"天水","station_type":"railway_station","source_region":"gansu","source_osm_id":"770448206"},"geometry":{"type":"Point","coordinates":[105.8949248,34.5671032]}},{"type":"Feature","properties":{"id":"china-osm-rail-station-3840288574","name":"杨家河","station_type":"railway_station","source_region":"gansu","source_osm_id":"3840288574"},"geometry":{"type":"Point","coordinates":[105.8281013,34.6225111]}},{"type":"Feature","properties":{"id":"china-osm-rail-station-3840292052","name":"南河川","station_type":"railway_station","source_region":"gansu","source_osm_id":"3840292052"},"geometry":{"type":"Point","coordinates":[105.762542,34.6244608]}},{"type":"Feature","properties":{"id":"china-osm-rail-station-3840292051","name":"三阳川","station_type":"railway_station","source_region":"gansu","source_osm_id":"3840292051"},"geometry":{"type":"Point","coordinates":[105.7055803,34.6657003]}},{"type":"Feature","properties":{"id":"china-osm-rail-station-3650389613","name":"渭南镇","station_type":"railway_station","source_region":"gansu","source_osm_id":"3650389613"},"geometry":{"type":"Point","coordinates":[105.633803,34.6897716]}},{"type":"Feature","properties":{"id":"china-osm-rail-station-3840290624","name":"新阳镇","station_type":"railway_station","source_region":"gansu","source_osm_id":"3840290624"},"geometry":{"type":"Point","coordinates":[105.5304598,34.7023249]}},{"type":"Feature","properties":{"id":"china-osm-rail-station-3182220016","name":"武山","station_type":"railway_station","source_region":"gansu","source_osm_id":"3182220016"},"geometry":{"type":"Point","coordinates":[104.9167218,34.7221876]}},{"type":"Feature","properties":{"id":"china-osm-rail-station-2953808115","name":"洛门","station_type":"railway_station","source_region":"gansu","source_osm_id":"2953808115"},"geometry":{"type":"Point","coordinates":[105.020569,34.7542099]}},{"type":"Feature","properties":{"id":"china-osm-rail-station-1706959743","name":"贺家店","station_type":"railway_station","source_region":"gansu","source_osm_id":"1706959743"},"geometry":{"type":"Point","coordinates":[104.8294556,34.7556033]}},{"type":"Feature","properties":{"id":"china-osm-rail-station-3840301027","name":"磐安镇","station_type":"railway_station","source_region":"gansu","source_osm_id":"3840301027"},"geometry":{"type":"Point","coordinates":[105.1179992,34.7607752]}},{"type":"Feature","properties":{"id":"china-osm-rail-station-2953819421","name":"甘谷","station_type":"railway_station","source_region":"gansu","source_osm_id":"2953819421"},"geometry":{"type":"Point","coordinates":[105.3284065,34.7639221]}},{"type":"Feature","properties":{"id":"china-osm-rail-station-3026390650","name":"元龙","station_type":"railway_station","source_region":"gansu","source_osm_id":"3026390650"},"geometry":{"type":"Point","coordinates":[106.1756072,34.5358719]}},{"type":"Feature","properties":{"id":"china-osm-rail-station-9110874958","name":"潘集寨","station_type":"railway_station","source_region":"gansu","source_osm_id":"9110874958"},"geometry":{"type":"Point","coordinates":[105.9481296,34.5365789]}},{"type":"Feature","properties":{"id":"china-osm-rail-station-2954003072","name":"社棠","station_type":"railway_station","source_region":"gansu","source_osm_id":"2954003072"},"geometry":{"type":"Point","coordinates":[105.9812517,34.5524946]}},{"type":"Feature","properties":{"id":"china-osm-rail-station-3638514163","name":"杨家碾","station_type":"railway_station","source_region":"gansu","source_osm_id":"3638514163"},"geometry":{"type":"Point","coordinates":[105.9494943,34.6442059]}},{"type":"Feature","properties":{"id":"china-osm-rail-station-3652362063","name":"周家村","station_type":"railway_station","source_region":"gansu","source_osm_id":"3652362063"},"geometry":{"type":"Point","coordinates":[106.0224992,34.7026569]}},{"type":"Feature","properties":{"id":"china-osm-rail-station-3652362095","name":"清水县","station_type":"railway_station","source_region":"gansu","source_osm_id":"3652362095"},"geometry":{"type":"Point","coordinates":[106.1024983,34.7522542]}},{"type":"Feature","properties":{"id":"china-osm-rail-station-8100248266","name":"新城乡","station_type":"railway_station","source_region":"gansu","source_osm_id":"8100248266"},"geometry":{"type":"Point","coordinates":[106.1951669,34.8202119]}},{"type":"Feature","properties":{"id":"china-osm-rail-station-8100253873","name":"天河","station_type":"railway_station","source_region":"gansu","source_osm_id":"8100253873"},"geometry":{"type":"Point","coordinates":[106.250486,34.8890531]}},{"type":"Feature","properties":{"id":"china-osm-rail-station-3640220053","name":"张家川","station_type":"railway_station","source_region":"gansu","source_osm_id":"3640220053"},"geometry":{"type":"Point","coordinates":[106.3387494,34.9671947]}},{"type":"Feature","properties":{"id":"china-osm-rail-station-3640192783","name":"麻庵河","station_type":"railway_station","source_region":"gansu","source_osm_id":"3640192783"},"geometry":{"type":"Point","coordinates":[106.4443848,35.0850072]}},{"type":"Feature","properties":{"id":"china-osm-rail-station-13058397777","name":"哈达铺","station_type":"railway_station","source_region":"gansu","source_osm_id":"13058397777"},"geometry":{"type":"Point","coordinates":[104.2318895,34.2220314]}},{"type":"Feature","properties":{"id":"china-osm-rail-station-3500351614","name":"岷县","station_type":"railway_station","source_region":"gansu","source_osm_id":"3500351614"},"geometry":{"type":"Point","coordinates":[104.0675936,34.3934318]}},{"type":"Feature","properties":{"id":"china-osm-rail-station-8087439266","name":"漳县","station_type":"railway_station","source_region":"gansu","source_osm_id":"8087439266"},"geometry":{"type":"Point","coordinates":[104.1556001,34.7181801]}},{"type":"Feature","properties":{"id":"china-osm-rail-station-3945255057","name":"渭源","station_type":"railway_station","source_region":"gansu","source_osm_id":"3945255057"},"geometry":{"type":"Point","coordinates":[104.2256059,35.0972158]}},{"type":"Feature","properties":{"id":"china-osm-rail-station-3470654401","name":"杨家川","station_type":"railway_station","source_region":"gansu","source_osm_id":"3470654401"},"geometry":{"type":"Point","coordinates":[104.2927728,35.3262596]}},{"type":"Feature","properties":{"id":"china-osm-rail-station-3470669844","name":"新窑坡","station_type":"railway_station","source_region":"gansu","source_osm_id":"3470669844"},"geometry":{"type":"Point","coordinates":[104.2921377,35.7033648]}},{"type":"Feature","properties":{"id":"china-osm-rail-station-12981658799","name":"甘草店","station_type":"railway_station","source_region":"gansu","source_osm_id":"12981658799"},"geometry":{"type":"Point","coordinates":[104.2876025,35.7950267]}},{"type":"Feature","properties":{"id":"china-osm-rail-station-12981658800","name":"王家湾","station_type":"railway_station","source_region":"gansu","source_osm_id":"12981658800"},"geometry":{"type":"Point","coordinates":[104.2529299,35.8435018]}},{"type":"Feature","properties":{"id":"china-osm-rail-station-7276282770","name":"榆中","station_type":"railway_station","source_region":"gansu","source_osm_id":"7276282770"},"geometry":{"type":"Point","coordinates":[104.1686135,35.8515222]}},{"type":"Feature","properties":{"id":"china-osm-rail-station-1782660378","name":"许家台","station_type":"railway_station","source_region":"gansu","source_osm_id":"1782660378"},"geometry":{"type":"Point","coordinates":[104.206678,35.907337]}},{"type":"Feature","properties":{"id":"china-osm-rail-station-3840303358","name":"鸳鸯镇","station_type":"railway_station","source_region":"gansu","source_osm_id":"3840303358"},"geometry":{"type":"Point","coordinates":[104.7796678,34.8000083]}},{"type":"Feature","properties":{"id":"china-osm-rail-station-3682215468","name":"秦安","station_type":"railway_station","source_region":"gansu","source_osm_id":"3682215468"},"geometry":{"type":"Point","coordinates":[105.6551787,34.8471947]}},{"type":"Feature","properties":{"id":"china-osm-rail-station-4438875617","name":"陇西","station_type":"railway_station","source_region":"gansu","source_osm_id":"4438875617"},"geometry":{"type":"Point","coordinates":[104.702298,34.953181]}},{"type":"Feature","properties":{"id":"china-osm-rail-station-3840302638","name":"云田乡","station_type":"railway_station","source_region":"gansu","source_osm_id":"3840302638"},"geometry":{"type":"Point","coordinates":[104.7163535,35.1118389]}},{"type":"Feature","properties":{"id":"china-osm-rail-station-3682204873","name":"通渭","station_type":"railway_station","source_region":"gansu","source_osm_id":"3682204873"},"geometry":{"type":"Point","coordinates":[105.2593837,35.196262]}},{"type":"Feature","properties":{"id":"china-osm-rail-station-3840311447","name":"通安驿","station_type":"railway_station","source_region":"gansu","source_osm_id":"3840311447"},"geometry":{"type":"Point","coordinates":[104.6852323,35.2972204]}},{"type":"Feature","properties":{"id":"china-osm-rail-station-7276282772","name":"下小岔","station_type":"railway_station","source_region":"gansu","source_osm_id":"7276282772"},"geometry":{"type":"Point","coordinates":[104.9414599,35.362946]}},{"type":"Feature","properties":{"id":"china-osm-rail-station-3840310450","name":"唐家堡","station_type":"railway_station","source_region":"gansu","source_osm_id":"3840310450"},"geometry":{"type":"Point","coordinates":[104.5998966,35.4717277]}},{"type":"Feature","properties":{"id":"china-osm-rail-station-3840311610","name":"景家店","station_type":"railway_station","source_region":"gansu","source_osm_id":"3840311610"},"geometry":{"type":"Point","coordinates":[104.6588987,35.5229169]}},{"type":"Feature","properties":{"id":"china-osm-rail-station-3840316912","name":"定西","station_type":"railway_station","source_region":"gansu","source_osm_id":"3840316912"},"geometry":{"type":"Point","coordinates":[104.6225925,35.5926863]}},{"type":"Feature","properties":{"id":"china-osm-rail-station-1783909044","name":"神峪河","station_type":"railway_station","source_region":"gansu","source_osm_id":"1783909044"},"geometry":{"type":"Point","coordinates":[106.7923204,35.1294661]}},{"type":"Feature","properties":{"id":"china-osm-rail-station-3640220039","name":"青林","station_type":"railway_station","source_region":"gansu","source_osm_id":"3640220039"},"geometry":{"type":"Point","coordinates":[106.6132593,35.1658489]}},{"type":"Feature","properties":{"id":"china-osm-rail-station-3640219997","name":"华亭","station_type":"railway_station","source_region":"gansu","source_osm_id":"3640219997"},"geometry":{"type":"Point","coordinates":[106.7304263,35.1856501]}},{"type":"Feature","properties":{"id":"china-osm-rail-station-3640219996","name":"安口南","station_type":"railway_station","source_region":"gansu","source_osm_id":"3640219996"},"geometry":{"type":"Point","coordinates":[106.763257,35.2001843]}},{"type":"Feature","properties":{"id":"china-osm-rail-station-13645169083","name":"陈家沟","station_type":"railway_station","source_region":"gansu","source_osm_id":"13645169083"},"geometry":{"type":"Point","coordinates":[106.6390901,35.205081]}},{"type":"Feature","properties":{"id":"china-osm-rail-station-13645214931","name":"砚北站","station_type":"railway_station","source_region":"gansu","source_osm_id":"13645214931"},"geometry":{"type":"Point","coordinates":[106.6744736,35.2196714]}},{"type":"Feature","properties":{"id":"china-osm-rail-station-2369200350","name":"安口窑","station_type":"railway_station","source_region":"gansu","source_osm_id":"2369200350"},"geometry":{"type":"Point","coordinates":[106.8043076,35.2362509]}},{"type":"Feature","properties":{"id":"china-osm-rail-station-3004843849","name":"宁县南","station_type":"railway_station","source_region":"gansu","source_osm_id":"3004843849"},"geometry":{"type":"Point","coordinates":[107.9061044,35.2623728]}},{"type":"Feature","properties":{"id":"china-osm-rail-station-1783909006","name":"崇信","station_type":"railway_station","source_region":"gansu","source_osm_id":"1783909006"},"geometry":{"type":"Point","coordinates":[106.8882747,35.3119559]}},{"type":"Feature","properties":{"id":"china-osm-rail-station-8100864291","name":"长庆桥","station_type":"railway_station","source_region":"gansu","source_osm_id":"8100864291"},"geometry":{"type":"Point","coordinates":[107.7476153,35.3146983]}},{"type":"Feature","properties":{"id":"china-osm-rail-station-3640312753","name":"泾川","station_type":"railway_station","source_region":"gansu","source_osm_id":"3640312753"},"geometry":{"type":"Point","coordinates":[107.3610882,35.348427]}},{"type":"Feature","properties":{"id":"china-osm-rail-station-9738779363","name":"泾明","station_type":"railway_station","source_region":"gansu","source_osm_id":"9738779363"},"geometry":{"type":"Point","coordinates":[107.6470378,35.3647612]}},{"type":"Feature","properties":{"id":"china-osm-rail-station-3640208179","name":"大寨岭","station_type":"railway_station","source_region":"gansu","source_osm_id":"3640208179"},"geometry":{"type":"Point","coordinates":[106.869164,35.3783085]}},{"type":"Feature","properties":{"id":"china-osm-rail-station-3640312752","name":"花所","station_type":"railway_station","source_region":"gansu","source_osm_id":"3640312752"},"geometry":{"type":"Point","coordinates":[107.0695185,35.4150445]}},{"type":"Feature","properties":{"id":"china-osm-rail-station-1783909027","name":"庙庄","station_type":"railway_station","source_region":"gansu","source_osm_id":"1783909027"},"geometry":{"type":"Point","coordinates":[106.8381416,35.434997]}},{"type":"Feature","properties":{"id":"china-osm-rail-station-11490175236","name":"白水","station_type":"railway_station","source_region":"gansu","source_osm_id":"11490175236"},"geometry":{"type":"Point","coordinates":[106.9371307,35.4768003]}},{"type":"Feature","properties":{"id":"china-osm-rail-station-1783909030","name":"平凉南","station_type":"railway_station","source_region":"gansu","source_osm_id":"1783909030"},"geometry":{"type":"Point","coordinates":[106.822831,35.4840232]}},{"type":"Feature","properties":{"id":"china-osm-rail-station-8315153997","name":"宁县","station_type":"railway_station","source_region":"gansu","source_osm_id":"8315153997"},"geometry":{"type":"Point","coordinates":[107.9402554,35.4847941]}},{"type":"Feature","properties":{"id":"china-osm-rail-station-10120263955","name":"平凉","station_type":"railway_station","source_region":"gansu","source_osm_id":"10120263955"},"geometry":{"type":"Point","coordinates":[106.7034084,35.5510393]}},{"type":"Feature","properties":{"id":"china-osm-rail-station-1783909054","name":"新李","station_type":"railway_station","source_region":"gansu","source_osm_id":"1783909054"},"geometry":{"type":"Point","coordinates":[106.5902337,35.6031751]}},{"type":"Feature","properties":{"id":"china-osm-rail-station-7276282771","name":"定西北","station_type":"railway_station","source_region":"gansu","source_osm_id":"7276282771"},"geometry":{"type":"Point","coordinates":[104.5834279,35.6068067]}},{"type":"Feature","properties":{"id":"china-osm-rail-station-3182230198","name":"李家坪","station_type":"railway_station","source_region":"gansu","source_osm_id":"3182230198"},"geometry":{"type":"Point","coordinates":[104.3246435,35.6608163]}},{"type":"Feature","properties":{"id":"china-osm-rail-station-8093069573","name":"梁家坪","station_type":"railway_station","source_region":"gansu","source_osm_id":"8093069573"},"geometry":{"type":"Point","coordinates":[104.4711453,35.7097569]}},{"type":"Feature","properties":{"id":"china-osm-rail-station-840181798","name":"靖远","station_type":"railway_station","source_region":"gansu","source_osm_id":"840181798"},"geometry":{"type":"Point","coordinates":[104.6709789,36.5519656]}},{"type":"Feature","properties":{"id":"china-osm-rail-station-840181301","name":"靖远西","station_type":"railway_station","source_region":"gansu","source_osm_id":"840181301"},"geometry":{"type":"Point","coordinates":[104.64993,36.56057]}},{"type":"Feature","properties":{"id":"china-osm-rail-station-9299765149","name":"鹰咀","station_type":"railway_station","source_region":"gansu","source_osm_id":"9299765149"},"geometry":{"type":"Point","coordinates":[104.3564057,36.6019245]}},{"type":"Feature","properties":{"id":"china-osm-rail-station-9609590094","name":"靖远北","station_type":"railway_station","source_region":"gansu","source_osm_id":"9609590094"},"geometry":{"type":"Point","coordinates":[104.6602311,36.6091692]}},{"type":"Feature","properties":{"id":"china-osm-rail-station-840178569","name":"东湾","station_type":"railway_station","source_region":"gansu","source_osm_id":"840178569"},"geometry":{"type":"Point","coordinates":[104.7425,36.65134]}},{"type":"Feature","properties":{"id":"china-osm-rail-station-1782991881","name":"吴家川","station_type":"railway_station","source_region":"gansu","source_osm_id":"1782991881"},"geometry":{"type":"Point","coordinates":[104.5316523,36.6568847]}},{"type":"Feature","properties":{"id":"china-osm-rail-station-9299765148","name":"白土梁","station_type":"railway_station","source_region":"gansu","source_osm_id":"9299765148"},"geometry":{"type":"Point","coordinates":[104.9738261,36.6673324]}},{"type":"Feature","properties":{"id":"china-osm-rail-station-11115663919","name":"郎木寺","station_type":"railway_station","source_region":"gansu","source_osm_id":"11115663919"},"geometry":{"type":"Point","coordinates":[102.6437137,34.0882568]}},{"type":"Feature","properties":{"id":"china-osm-rail-station-12379039198","name":"则岔","station_type":"railway_station","source_region":"gansu","source_osm_id":"12379039198"},"geometry":{"type":"Point","coordinates":[102.6310167,34.2648686]}},{"type":"Feature","properties":{"id":"china-osm-rail-station-11115663853","name":"碌曲","station_type":"railway_station","source_region":"gansu","source_osm_id":"11115663853"},"geometry":{"type":"Point","coordinates":[102.7566976,34.5241648]}},{"type":"Feature","properties":{"id":"china-osm-rail-station-12379039197","name":"博拉","station_type":"railway_station","source_region":"gansu","source_osm_id":"12379039197"},"geometry":{"type":"Point","coordinates":[102.8563893,34.8155331]}},{"type":"Feature","properties":{"id":"china-osm-rail-station-11115499274","name":"合作","station_type":"railway_station","source_region":"gansu","source_osm_id":"11115499274"},"geometry":{"type":"Point","coordinates":[102.8789953,34.9560103]}},{"type":"Feature","properties":{"id":"china-osm-rail-station-11113693816","name":"唐尕昂","station_type":"railway_station","source_region":"gansu","source_osm_id":"11113693816"},"geometry":{"type":"Point","coordinates":[102.8518629,35.1185631]}},{"type":"Feature","properties":{"id":"china-osm-rail-station-11113561094","name":"夏河","station_type":"railway_station","source_region":"gansu","source_osm_id":"11113561094"},"geometry":{"type":"Point","coordinates":[102.5842788,35.1957986]}},{"type":"Feature","properties":{"id":"china-osm-rail-station-11113402408","name":"甘加","station_type":"railway_station","source_region":"gansu","source_osm_id":"11113402408"},"geometry":{"type":"Point","coordinates":[102.4113712,35.3523463]}},{"type":"Feature","properties":{"id":"china-osm-rail-station-11113905993","name":"双城","station_type":"railway_station","source_region":"gansu","source_osm_id":"11113905993"},"geometry":{"type":"Point","coordinates":[103.0163059,35.4512672]}},{"type":"Feature","properties":{"id":"china-osm-rail-station-4537723162","name":"临夏","station_type":"railway_station","source_region":"gansu","source_osm_id":"4537723162"},"geometry":{"type":"Point","coordinates":[103.2504029,35.5991152]}},{"type":"Feature","properties":{"id":"china-osm-rail-station-1782660376","name":"夏官营","station_type":"railway_station","source_region":"gansu","source_osm_id":"1782660376"},"geometry":{"type":"Point","coordinates":[104.1768843,35.953084]}},{"type":"Feature","properties":{"id":"china-osm-rail-station-665133159","name":"骆驼巷","station_type":"railway_station","source_region":"gansu","source_osm_id":"665133159"},"geometry":{"type":"Point","coordinates":[104.0453602,36.0262997]}},{"type":"Feature","properties":{"id":"china-osm-rail-station-6568513151","name":"兰州东","station_type":"railway_station","source_region":"gansu","source_osm_id":"6568513151"},"geometry":{"type":"Point","coordinates":[103.890225,36.0301175]}},{"type":"Feature","properties":{"id":"china-osm-rail-station-10937090907","name":"红星巷","station_type":"railway_station","source_region":"gansu","source_osm_id":"10937090907"},"geometry":{"type":"Point","coordinates":[103.8576024,36.0346802]}},{"type":"Feature","properties":{"id":"china-osm-rail-station-3945258045","name":"焦家湾","station_type":"railway_station","source_region":"gansu","source_osm_id":"3945258045"},"geometry":{"type":"Point","coordinates":[103.9051784,36.0386607]}},{"type":"Feature","properties":{"id":"china-osm-rail-station-6563942044","name":"拱星墩","station_type":"railway_station","source_region":"gansu","source_osm_id":"6563942044"},"geometry":{"type":"Point","coordinates":[103.8936549,36.0395045]}},{"type":"Feature","properties":{"id":"china-osm-rail-station-10937090908","name":"团结新村","station_type":"railway_station","source_region":"gansu","source_osm_id":"10937090908"},"geometry":{"type":"Point","coordinates":[103.8667966,36.039832]}},{"type":"Feature","properties":{"id":"china-osm-rail-station-4290398448","name":"东岗","station_type":"railway_station","source_region":"gansu","source_osm_id":"4290398448"},"geometry":{"type":"Point","coordinates":[103.9156283,36.0407831]}},{"type":"Feature","properties":{"id":"china-osm-rail-station-6563942021","name":"省气象局","station_type":"railway_station","source_region":"gansu","source_osm_id":"6563942021"},"geometry":{"type":"Point","coordinates":[103.8811156,36.0421288]}},{"type":"Feature","properties":{"id":"china-osm-rail-station-4173957771","name":"五里铺","station_type":"railway_station","source_region":"gansu","source_osm_id":"4173957771"},"geometry":{"type":"Point","coordinates":[103.8690966,36.04699]}},{"type":"Feature","properties":{"id":"china-osm-rail-station-269826006","name":"兰州","station_type":"railway_station","source_region":"gansu","source_osm_id":"269826006"},"geometry":{"type":"Point","coordinates":[103.8485056,36.034178]}},{"type":"Feature","properties":{"id":"china-osm-rail-station-10937090905","name":"兰州火车站","station_type":"railway_station","source_region":"gansu","source_osm_id":"10937090905"},"geometry":{"type":"Point","coordinates":[103.8507557,36.0362598]}},{"type":"Feature","properties":{"id":"china-osm-rail-station-10937066504","name":"邮电大楼","station_type":"railway_station","source_region":"gansu","source_osm_id":"10937066504"},"geometry":{"type":"Point","coordinates":[103.8462456,36.0426254]}},{"type":"Feature","properties":{"id":"china-osm-rail-station-6563941854","name":"东方红广场","station_type":"railway_station","source_region":"gansu","source_osm_id":"6563941854"},"geometry":{"type":"Point","coordinates":[103.8395179,36.0535609]}},{"type":"Feature","properties":{"id":"china-osm-rail-station-10937090997","name":"南关什字","station_type":"railway_station","source_region":"gansu","source_osm_id":"10937090997"},"geometry":{"type":"Point","coordinates":[103.8228398,36.0545838]}},{"type":"Feature","properties":{"id":"china-osm-rail-station-4087862392","name":"南关什字","station_type":"railway_station","source_region":"gansu","source_osm_id":"4087862392"},"geometry":{"type":"Point","coordinates":[103.8228424,36.0546197]}},{"type":"Feature","properties":{"id":"china-osm-rail-station-10937090995","name":"双城门","station_type":"railway_station","source_region":"gansu","source_osm_id":"10937090995"},"geometry":{"type":"Point","coordinates":[103.8163417,36.0550798]}},{"type":"Feature","properties":{"id":"china-osm-rail-station-4087862395","name":"双城门","station_type":"railway_station","source_region":"gansu","source_osm_id":"4087862395"},"geometry":{"type":"Point","coordinates":[103.8163455,36.0551156]}},{"type":"Feature","properties":{"id":"china-osm-rail-station-10937090992","name":"孙家台","station_type":"railway_station","source_region":"gansu","source_osm_id":"10937090992"},"geometry":{"type":"Point","coordinates":[103.8047082,36.0568783]}},{"type":"Feature","properties":{"id":"china-osm-rail-station-4087862396","name":"孙家台","station_type":"railway_station","source_region":"gansu","source_osm_id":"4087862396"},"geometry":{"type":"Point","coordinates":[103.8047196,36.0569131]}},{"type":"Feature","properties":{"id":"china-osm-rail-station-10937090989","name":"上西园","station_type":"railway_station","source_region":"gansu","source_osm_id":"10937090989"},"geometry":{"type":"Point","coordinates":[103.7898787,36.0579876]}},{"type":"Feature","properties":{"id":"china-osm-rail-station-4087862620","name":"上西园","station_type":"railway_station","source_region":"gansu","source_osm_id":"4087862620"},"geometry":{"type":"Point","coordinates":[103.7898843,36.0580233]}},{"type":"Feature","properties":{"id":"china-osm-rail-station-6563941767","name":"省政府","station_type":"railway_station","source_region":"gansu","source_osm_id":"6563941767"},"geometry":{"type":"Point","coordinates":[103.8240409,36.0590262]}},{"type":"Feature","properties":{"id":"china-osm-rail-station-6563941759","name":"西关","station_type":"railway_station","source_region":"gansu","source_osm_id":"6563941759"},"geometry":{"type":"Point","coordinates":[103.8142589,36.0599412]}},{"type":"Feature","properties":{"id":"china-osm-rail-station-10937090978","name":"兰州理工大学","station_type":"railway_station","source_region":"gansu","source_osm_id":"10937090978"},"geometry":{"type":"Point","coordinates":[103.775372,36.0601392]}},{"type":"Feature","properties":{"id":"china-osm-rail-station-4087862391","name":"兰州理工大学","station_type":"railway_station","source_region":"gansu","source_osm_id":"4087862391"},"geometry":{"type":"Point","coordinates":[103.7753797,36.0601746]}},{"type":"Feature","properties":{"id":"china-osm-rail-station-6563941758","name":"文化宫","station_type":"railway_station","source_region":"gansu","source_osm_id":"6563941758"},"geometry":{"type":"Point","coordinates":[103.8030056,36.061368]}},{"type":"Feature","properties":{"id":"china-osm-rail-station-6563941701","name":"小西湖","station_type":"railway_station","source_region":"gansu","source_osm_id":"6563941701"},"geometry":{"type":"Point","coordinates":[103.7922285,36.0642528]}},{"type":"Feature","properties":{"id":"china-osm-rail-station-6563941698","name":"七里河","station_type":"railway_station","source_region":"gansu","source_osm_id":"6563941698"},"geometry":{"type":"Point","coordinates":[103.7788752,36.0667017]}},{"type":"Feature","properties":{"id":"china-osm-rail-station-3481086575","name":"兰州西","station_type":"railway_station","source_region":"gansu","source_osm_id":"3481086575"},"geometry":{"type":"Point","coordinates":[103.7492843,36.0675844]}},{"type":"Feature","properties":{"id":"china-osm-rail-station-6563941678","name":"西站什字","station_type":"railway_station","source_region":"gansu","source_osm_id":"6563941678"},"geometry":{"type":"Point","coordinates":[103.767222,36.0687137]}},{"type":"Feature","properties":{"id":"china-osm-rail-station-9303518350","name":"柳家营","station_type":"railway_station","source_region":"gansu","source_osm_id":"9303518350"},"geometry":{"type":"Point","coordinates":[103.7394011,36.0705197]}},{"type":"Feature","properties":{"id":"china-osm-rail-station-6563941677","name":"兰州西站北广场","station_type":"railway_station","source_region":"gansu","source_osm_id":"6563941677"},"geometry":{"type":"Point","coordinates":[103.749977,36.0705554]}},{"type":"Feature","properties":{"id":"china-osm-rail-station-6563941666","name":"土门墩","station_type":"railway_station","source_region":"gansu","source_osm_id":"6563941666"},"geometry":{"type":"Point","coordinates":[103.740685,36.0733499]}},{"type":"Feature","properties":{"id":"china-osm-rail-station-4087862390","name":"火星街","station_type":"railway_station","source_region":"gansu","source_osm_id":"4087862390"},"geometry":{"type":"Point","coordinates":[103.7515176,36.0779596]}},{"type":"Feature","properties":{"id":"china-osm-rail-station-6563941662","name":"马滩","station_type":"railway_station","source_region":"gansu","source_osm_id":"6563941662"},"geometry":{"type":"Point","coordinates":[103.7247854,36.0831509]}},{"type":"Feature","properties":{"id":"china-osm-rail-station-4087862398","name":"黄河市场","station_type":"railway_station","source_region":"gansu","source_osm_id":"4087862398"},"geometry":{"type":"Point","coordinates":[103.7514187,36.0864019]}},{"type":"Feature","properties":{"id":"china-osm-rail-station-5636152166","name":"陈官营","station_type":"railway_station","source_region":"gansu","source_osm_id":"5636152166"},"geometry":{"type":"Point","coordinates":[103.6580068,36.086945]}},{"type":"Feature","properties":{"id":"china-osm-rail-station-5636152181","name":"陈官营","station_type":"railway_station","source_region":"gansu","source_osm_id":"5636152181"},"geometry":{"type":"Point","coordinates":[103.6600319,36.0873004]}},{"type":"Feature","properties":{"id":"china-osm-rail-station-6563923252","name":"奥体中心","station_type":"railway_station","source_region":"gansu","source_osm_id":"6563923252"},"geometry":{"type":"Point","coordinates":[103.674672,36.0904595]}},{"type":"Feature","properties":{"id":"china-osm-rail-station-6563941624","name":"兰州海关","station_type":"railway_station","source_region":"gansu","source_osm_id":"6563941624"},"geometry":{"type":"Point","coordinates":[103.706994,36.0946963]}},{"type":"Feature","properties":{"id":"china-osm-rail-station-4181709997","name":"福利区","station_type":"railway_station","source_region":"gansu","source_osm_id":"4181709997"},"geometry":{"type":"Point","coordinates":[103.6274913,36.0959354]}},{"type":"Feature","properties":{"id":"china-osm-rail-station-4087862394","name":"十里店","station_type":"railway_station","source_region":"gansu","source_osm_id":"4087862394"},"geometry":{"type":"Point","coordinates":[103.7477683,36.0970201]}},{"type":"Feature","properties":{"id":"china-osm-rail-station-6563941615","name":"兰州城市学院（省科技馆）","station_type":"railway_station","source_region":"gansu","source_osm_id":"6563941615"},"geometry":{"type":"Point","coordinates":[103.6989021,36.0991341]}},{"type":"Feature","properties":{"id":"china-osm-rail-station-4124557516","name":"西固","station_type":"railway_station","source_region":"gansu","source_osm_id":"4124557516"},"geometry":{"type":"Point","coordinates":[103.6036819,36.1039226]}},{"type":"Feature","properties":{"id":"china-osm-rail-station-9100287775","name":"西固城","station_type":"railway_station","source_region":"gansu","source_osm_id":"9100287775"},"geometry":{"type":"Point","coordinates":[103.5956186,36.1081581]}},{"type":"Feature","properties":{"id":"china-osm-rail-station-4087862389","name":"黄家滩","station_type":"railway_station","source_region":"gansu","source_osm_id":"4087862389"},"geometry":{"type":"Point","coordinates":[103.6702605,36.1179901]}},{"type":"Feature","properties":{"id":"china-osm-rail-station-9299765129","name":"石岗","station_type":"railway_station","source_region":"gansu","source_osm_id":"9299765129"},"geometry":{"type":"Point","coordinates":[103.5911393,36.1227925]}},{"type":"Feature","properties":{"id":"china-osm-rail-station-4087862621","name":"下河湾","station_type":"railway_station","source_region":"gansu","source_osm_id":"4087862621"},"geometry":{"type":"Point","coordinates":[103.656254,36.1313488]}},{"type":"Feature","properties":{"id":"china-osm-rail-station-9299765128","name":"颍川堡","station_type":"railway_station","source_region":"gansu","source_osm_id":"9299765128"},"geometry":{"type":"Point","coordinates":[103.6248761,36.1316295]}},{"type":"Feature","properties":{"id":"china-osm-rail-station-6563941940","name":"兰州大学","station_type":"railway_station","source_region":"gansu","source_osm_id":"6563941940"},"geometry":{"type":"Point","coordinates":[103.8544558,36.0504988]}},{"type":"Feature","properties":{"id":"china-osm-rail-station-840181311","name":"桑园子","station_type":"railway_station","source_region":"gansu","source_osm_id":"840181311"},"geometry":{"type":"Point","coordinates":[103.9740962,36.0550728]}},{"type":"Feature","properties":{"id":"china-osm-rail-station-10937066500","name":"张苏滩","station_type":"railway_station","source_region":"gansu","source_osm_id":"10937066500"},"geometry":{"type":"Point","coordinates":[103.8748527,36.05619]}},{"type":"Feature","properties":{"id":"china-osm-rail-station-10937066499","name":"均家滩","station_type":"railway_station","source_region":"gansu","source_osm_id":"10937066499"},"geometry":{"type":"Point","coordinates":[103.878203,36.0605986]}},{"type":"Feature","properties":{"id":"china-osm-rail-station-10937090909","name":"雁白大桥","station_type":"railway_station","source_region":"gansu","source_osm_id":"10937090909"},"geometry":{"type":"Point","coordinates":[103.88221,36.0691473]}},{"type":"Feature","properties":{"id":"china-osm-rail-station-7726261682","name":"青白石","station_type":"railway_station","source_region":"gansu","source_osm_id":"7726261682"},"geometry":{"type":"Point","coordinates":[103.9083186,36.0743634]}},{"type":"Feature","properties":{"id":"china-osm-rail-station-9118892079","name":"水源","station_type":"railway_station","source_region":"gansu","source_osm_id":"9118892079"},"geometry":{"type":"Point","coordinates":[103.8758826,36.1238455]}},{"type":"Feature","properties":{"id":"china-osm-rail-station-9118892080","name":"邵家堂","station_type":"railway_station","source_region":"gansu","source_osm_id":"9118892080"},"geometry":{"type":"Point","coordinates":[103.8644913,36.1860568]}},{"type":"Feature","properties":{"id":"china-osm-rail-station-9118892081","name":"前长川","station_type":"railway_station","source_region":"gansu","source_osm_id":"9118892081"},"geometry":{"type":"Point","coordinates":[103.9112636,36.2410229]}},{"type":"Feature","properties":{"id":"china-osm-rail-station-4128354082","name":"红圈沟","station_type":"railway_station","source_region":"gansu","source_osm_id":"4128354082"},"geometry":{"type":"Point","coordinates":[103.9170306,36.2833668]}},{"type":"Feature","properties":{"id":"china-osm-rail-station-6948470581","name":"刘家峡","station_type":"railway_station","source_region":"gansu","source_osm_id":"6948470581"},"geometry":{"type":"Point","coordinates":[103.3781755,35.9653254]}},{"type":"Feature","properties":{"id":"china-osm-rail-station-3958138723","name":"八盘峡","station_type":"railway_station","source_region":"gansu","source_osm_id":"3958138723"},"geometry":{"type":"Point","coordinates":[103.4127395,36.137515]}},{"type":"Feature","properties":{"id":"china-osm-rail-station-3958199219","name":"陈家湾西","station_type":"railway_station","source_region":"gansu","source_osm_id":"3958199219"},"geometry":{"type":"Point","coordinates":[103.2099647,36.1607491]}},{"type":"Feature","properties":{"id":"china-osm-rail-station-3958182651","name":"张家祠","station_type":"railway_station","source_region":"gansu","source_osm_id":"3958182651"},"geometry":{"type":"Point","coordinates":[103.2798214,36.1613311]}},{"type":"Feature","properties":{"id":"china-osm-rail-station-6860465979","name":"河口南","station_type":"railway_station","source_region":"gansu","source_osm_id":"6860465979"},"geometry":{"type":"Point","coordinates":[103.4538719,36.1636975]}},{"type":"Feature","properties":{"id":"china-osm-rail-station-7315354783","name":"花庄","station_type":"railway_station","source_region":"gansu","source_osm_id":"7315354783"},"geometry":{"type":"Point","coordinates":[103.1659153,36.1903127]}},{"type":"Feature","properties":{"id":"china-osm-rail-station-3840225700","name":"大路","station_type":"railway_station","source_region":"gansu","source_osm_id":"3840225700"},"geometry":{"type":"Point","coordinates":[103.4234864,36.2773094]}},{"type":"Feature","properties":{"id":"china-osm-rail-station-3957968526","name":"水车湾","station_type":"railway_station","source_region":"gansu","source_osm_id":"3957968526"},"geometry":{"type":"Point","coordinates":[102.955208,36.2903063]}},{"type":"Feature","properties":{"id":"china-osm-rail-station-1674414939","name":"海石湾","station_type":"railway_station","source_region":"gansu","source_osm_id":"1674414939"},"geometry":{"type":"Point","coordinates":[102.8631084,36.3410931]}},{"type":"Feature","properties":{"id":"china-osm-rail-station-3958029643","name":"窑街","station_type":"railway_station","source_region":"gansu","source_osm_id":"3958029643"},"geometry":{"type":"Point","coordinates":[102.869161,36.4222061]}},{"type":"Feature","properties":{"id":"china-osm-rail-station-4223371569","name":"坡底下","station_type":"railway_station","source_region":"gansu","source_osm_id":"4223371569"},"geometry":{"type":"Point","coordinates":[103.5128171,36.1373006]}},{"type":"Feature","properties":{"id":"china-osm-rail-station-4087862399","name":"元台子","station_type":"railway_station","source_region":"gansu","source_osm_id":"4087862399"},"geometry":{"type":"Point","coordinates":[103.6405684,36.1376309]}},{"type":"Feature","properties":{"id":"china-osm-rail-station-9299765127","name":"兰州北","station_type":"railway_station","source_region":"gansu","source_osm_id":"9299765127"},"geometry":{"type":"Point","coordinates":[103.6391026,36.1438098]}},{"type":"Feature","properties":{"id":"china-osm-rail-station-9303518364","name":"兰州东川","station_type":"railway_station","source_region":"gansu","source_osm_id":"9303518364"},"geometry":{"type":"Point","coordinates":[103.4859967,36.1593687]}},{"type":"Feature","properties":{"id":"china-osm-rail-station-10285851023","name":"树屏","station_type":"railway_station","source_region":"gansu","source_osm_id":"10285851023"},"geometry":{"type":"Point","coordinates":[103.5919857,36.3716432]}},{"type":"Feature","properties":{"id":"china-osm-rail-station-4088610999","name":"兰州新区","station_type":"railway_station","source_region":"gansu","source_osm_id":"4088610999"},"geometry":{"type":"Point","coordinates":[103.6156605,36.469722]}},{"type":"Feature","properties":{"id":"china-osm-rail-station-8243566657","name":"秦王川","station_type":"railway_station","source_region":"gansu","source_osm_id":"8243566657"},"geometry":{"type":"Point","coordinates":[103.7663711,36.4703701]}},{"type":"Feature","properties":{"id":"china-osm-rail-station-3744898244","name":"中川机场","station_type":"railway_station","source_region":"gansu","source_osm_id":"3744898244"},"geometry":{"type":"Point","coordinates":[103.6138024,36.5044994]}},{"type":"Feature","properties":{"id":"china-osm-rail-station-10826706380","name":"中川机场东","station_type":"railway_station","source_region":"gansu","source_osm_id":"10826706380"},"geometry":{"type":"Point","coordinates":[103.6347719,36.5200918]}},{"type":"Feature","properties":{"id":"china-osm-rail-station-5199656164","name":"高家庄","station_type":"railway_station","source_region":"gansu","source_osm_id":"5199656164"},"geometry":{"type":"Point","coordinates":[103.7296271,36.63045]}},{"type":"Feature","properties":{"id":"china-osm-rail-station-9118892082","name":"皋兰","station_type":"railway_station","source_region":"gansu","source_osm_id":"9118892082"},"geometry":{"type":"Point","coordinates":[103.9408028,36.3371754]}},{"type":"Feature","properties":{"id":"china-osm-rail-station-4128354315","name":"土龙川","station_type":"railway_station","source_region":"gansu","source_osm_id":"4128354315"},"geometry":{"type":"Point","coordinates":[103.9592811,36.4004952]}},{"type":"Feature","properties":{"id":"china-osm-rail-station-9118892083","name":"丰水村","station_type":"railway_station","source_region":"gansu","source_osm_id":"9118892083"},"geometry":{"type":"Point","coordinates":[103.9832675,36.4598266]}},{"type":"Feature","properties":{"id":"china-osm-rail-station-9049173488","name":"白银南","station_type":"railway_station","source_region":"gansu","source_osm_id":"9049173488"},"geometry":{"type":"Point","coordinates":[104.1791761,36.4784564]}},{"type":"Feature","properties":{"id":"china-osm-rail-station-9118892084","name":"朱家窑","station_type":"railway_station","source_region":"gansu","source_osm_id":"9118892084"},"geometry":{"type":"Point","coordinates":[103.9962494,36.49659]}},{"type":"Feature","properties":{"id":"china-osm-rail-station-6223194456","name":"后长川","station_type":"railway_station","source_region":"gansu","source_osm_id":"6223194456"},"geometry":{"type":"Point","coordinates":[104.0741032,36.5010856]}},{"type":"Feature","properties":{"id":"china-osm-rail-station-6223194562","name":"红柳川","station_type":"railway_station","source_region":"gansu","source_osm_id":"6223194562"},"geometry":{"type":"Point","coordinates":[103.9591261,36.5086459]}},{"type":"Feature","properties":{"id":"china-osm-rail-station-4221293655","name":"银光火车站","station_type":"railway_station","source_region":"gansu","source_osm_id":"4221293655"},"geometry":{"type":"Point","coordinates":[104.2087501,36.5315644]}},{"type":"Feature","properties":{"id":"china-osm-rail-station-840181276","name":"白银西","station_type":"railway_station","source_region":"gansu","source_osm_id":"840181276"},"geometry":{"type":"Point","coordinates":[104.0964455,36.5495202]}},{"type":"Feature","properties":{"id":"china-osm-rail-station-9081732727","name":"黑石川","station_type":"railway_station","source_region":"gansu","source_osm_id":"9081732727"},"geometry":{"type":"Point","coordinates":[103.871861,36.5546861]}},{"type":"Feature","properties":{"id":"china-osm-rail-station-11490095547","name":"镇原","station_type":"railway_station","source_region":"gansu","source_osm_id":"11490095547"},"geometry":{"type":"Point","coordinates":[107.3143423,35.6230294]}},{"type":"Feature","properties":{"id":"china-osm-rail-station-11490095515","name":"北石窟","station_type":"railway_station","source_region":"gansu","source_osm_id":"11490095515"},"geometry":{"type":"Point","coordinates":[107.4522639,35.6252396]}},{"type":"Feature","properties":{"id":"china-osm-rail-station-9738697403","name":"安国镇","station_type":"railway_station","source_region":"gansu","source_osm_id":"9738697403"},"geometry":{"type":"Point","coordinates":[106.4765423,35.6507132]}},{"type":"Feature","properties":{"id":"china-osm-rail-station-8315110661","name":"庆阳","station_type":"railway_station","source_region":"gansu","source_osm_id":"8315110661"},"geometry":{"type":"Point","coordinates":[107.6235487,35.695005]}},{"type":"Feature","properties":{"id":"china-osm-rail-station-8914665863","name":"庆城","station_type":"railway_station","source_region":"gansu","source_osm_id":"8914665863"},"geometry":{"type":"Point","coordinates":[107.7849501,36.0772814]}},{"type":"Feature","properties":{"id":"china-osm-rail-station-8914665282","name":"曲子","station_type":"railway_station","source_region":"gansu","source_osm_id":"8914665282"},"geometry":{"type":"Point","coordinates":[107.4892125,36.3196874]}},{"type":"Feature","properties":{"id":"china-osm-rail-station-8315153934","name":"环县","station_type":"railway_station","source_region":"gansu","source_osm_id":"8315153934"},"geometry":{"type":"Point","coordinates":[107.3704469,36.5158879]}},{"type":"Feature","properties":{"id":"china-osm-rail-station-8575227169","name":"洪德","station_type":"railway_station","source_region":"gansu","source_osm_id":"8575227169"},"geometry":{"type":"Point","coordinates":[107.1347988,36.8090592]}},{"type":"Feature","properties":{"id":"china-osm-rail-station-8575228362","name":"甜水堡","station_type":"railway_station","source_region":"gansu","source_osm_id":"8575228362"},"geometry":{"type":"Point","coordinates":[106.8092,37.1361623]}},{"type":"Feature","properties":{"id":"china-osm-rail-station-9299765147","name":"红会","station_type":"railway_station","source_region":"gansu","source_osm_id":"9299765147"},"geometry":{"type":"Point","coordinates":[105.0311047,36.6701228]}},{"type":"Feature","properties":{"id":"china-osm-rail-station-4606908595","name":"近会","station_type":"railway_station","source_region":"gansu","source_osm_id":"4606908595"},"geometry":{"type":"Point","coordinates":[104.9185135,36.7090719]}},{"type":"Feature","properties":{"id":"china-osm-rail-station-840178488","name":"长征","station_type":"railway_station","source_region":"gansu","source_osm_id":"840178488"},"geometry":{"type":"Point","coordinates":[104.8450584,36.7238114]}},{"type":"Feature","properties":{"id":"china-osm-rail-station-7609920784","name":"平川西","station_type":"railway_station","source_region":"gansu","source_osm_id":"7609920784"},"geometry":{"type":"Point","coordinates":[104.7265192,36.7601425]}},{"type":"Feature","properties":{"id":"china-osm-rail-station-9740539443","name":"北滩","station_type":"railway_station","source_region":"gansu","source_osm_id":"9740539443"},"geometry":{"type":"Point","coordinates":[104.8651534,37.0536951]}},{"type":"Feature","properties":{"id":"china-osm-rail-station-2340696431","name":"兴泉堡","station_type":"railway_station","source_region":"gansu","source_osm_id":"2340696431"},"geometry":{"type":"Point","coordinates":[104.0050453,37.1145335]}},{"type":"Feature","properties":{"id":"china-osm-rail-station-2340696426","name":"景泰","station_type":"railway_station","source_region":"gansu","source_osm_id":"2340696426"},"geometry":{"type":"Point","coordinates":[104.052991,37.1937105]}},{"type":"Feature","properties":{"id":"china-osm-rail-station-2340696382","name":"长城","station_type":"railway_station","source_region":"gansu","source_osm_id":"2340696382"},"geometry":{"type":"Point","coordinates":[104.1096238,37.2891608]}},{"type":"Feature","properties":{"id":"china-osm-rail-station-9007045690","name":"白墩子","station_type":"railway_station","source_region":"gansu","source_osm_id":"9007045690"},"geometry":{"type":"Point","coordinates":[104.1406156,37.3591906]}},{"type":"Feature","properties":{"id":"china-osm-rail-station-9118892090","name":"大格达","station_type":"railway_station","source_region":"gansu","source_osm_id":"9118892090"},"geometry":{"type":"Point","coordinates":[104.2261738,37.3849748]}},{"type":"Feature","properties":{"id":"china-osm-rail-station-269831765","name":"龙泉寺","station_type":"railway_station","source_region":"gansu","source_osm_id":"269831765"},"geometry":{"type":"Point","coordinates":[103.3858615,36.4824363]}},{"type":"Feature","properties":{"id":"china-osm-rail-station-3958003260","name":"建设坪","station_type":"railway_station","source_region":"gansu","source_osm_id":"3958003260"},"geometry":{"type":"Point","coordinates":[102.8603031,36.5003355]}},{"type":"Feature","properties":{"id":"china-osm-rail-station-3958029559","name":"永红","station_type":"railway_station","source_region":"gansu","source_osm_id":"3958029559"},"geometry":{"type":"Point","coordinates":[102.8212612,36.581926]}},{"type":"Feature","properties":{"id":"china-osm-rail-station-7315354782","name":"淌沟","station_type":"railway_station","source_region":"gansu","source_osm_id":"7315354782"},"geometry":{"type":"Point","coordinates":[102.8106111,36.5973163]}},{"type":"Feature","properties":{"id":"china-osm-rail-station-3840225695","name":"马家坪","station_type":"railway_station","source_region":"gansu","source_osm_id":"3840225695"},"geometry":{"type":"Point","coordinates":[103.3618484,36.6030295]}},{"type":"Feature","properties":{"id":"china-osm-rail-station-2303800425","name":"永登","station_type":"railway_station","source_region":"gansu","source_osm_id":"2303800425"},"geometry":{"type":"Point","coordinates":[103.2709901,36.7204653]}},{"type":"Feature","properties":{"id":"china-osm-rail-station-9399825561","name":"永登北","station_type":"railway_station","source_region":"gansu","source_osm_id":"9399825561"},"geometry":{"type":"Point","coordinates":[103.2431375,36.7230667]}},{"type":"Feature","properties":{"id":"china-osm-rail-station-3840243154","name":"中堡","station_type":"railway_station","source_region":"gansu","source_osm_id":"3840243154"},"geometry":{"type":"Point","coordinates":[103.2080437,36.817]}},{"type":"Feature","properties":{"id":"china-osm-rail-station-3840243133","name":"富强堡","station_type":"railway_station","source_region":"gansu","source_osm_id":"3840243133"},"geometry":{"type":"Point","coordinates":[103.1435543,36.9244049]}},{"type":"Feature","properties":{"id":"china-osm-rail-station-840181646","name":"天祝","station_type":"railway_station","source_region":"gansu","source_osm_id":"840181646"},"geometry":{"type":"Point","coordinates":[103.1345228,36.9801528]}},{"type":"Feature","properties":{"id":"china-osm-rail-station-7773474954","name":"白银市","station_type":"railway_station","source_region":"gansu","source_osm_id":"7773474954"},"geometry":{"type":"Point","coordinates":[104.1672095,36.558415]}},{"type":"Feature","properties":{"id":"china-osm-rail-station-1943110242","name":"六公里","station_type":"railway_station","source_region":"gansu","source_osm_id":"1943110242"},"geometry":{"type":"Point","coordinates":[104.219833,36.599657]}},{"type":"Feature","properties":{"id":"china-osm-rail-station-9118892085","name":"红砂岘","station_type":"railway_station","source_region":"gansu","source_osm_id":"9118892085"},"geometry":{"type":"Point","coordinates":[104.0613815,36.6081149]}},{"type":"Feature","properties":{"id":"china-osm-rail-station-7894376218","name":"窦家沟","station_type":"railway_station","source_region":"gansu","source_osm_id":"7894376218"},"geometry":{"type":"Point","coordinates":[104.054727,36.6774436]}},{"type":"Feature","properties":{"id":"china-osm-rail-station-9118892086","name":"吴家窑","station_type":"railway_station","source_region":"gansu","source_osm_id":"9118892086"},"geometry":{"type":"Point","coordinates":[104.0891209,36.7415451]}},{"type":"Feature","properties":{"id":"china-osm-rail-station-2340696419","name":"红岘台","station_type":"railway_station","source_region":"gansu","source_osm_id":"2340696419"},"geometry":{"type":"Point","coordinates":[104.0973762,36.8052998]}},{"type":"Feature","properties":{"id":"china-osm-rail-station-9118892087","name":"狼抱水","station_type":"railway_station","source_region":"gansu","source_osm_id":"9118892087"},"geometry":{"type":"Point","coordinates":[104.1307998,36.8773748]}},{"type":"Feature","properties":{"id":"china-osm-rail-station-9118892088","name":"赵家水","station_type":"railway_station","source_region":"gansu","source_osm_id":"9118892088"},"geometry":{"type":"Point","coordinates":[104.0941501,36.9406098]}},{"type":"Feature","properties":{"id":"china-osm-rail-station-9118892089","name":"黄崖","station_type":"railway_station","source_region":"gansu","source_osm_id":"9118892089"},"geometry":{"type":"Point","coordinates":[104.0338916,36.9977801]}},{"type":"Feature","properties":{"id":"china-osm-rail-station-4254305665","name":"喜集水","station_type":"railway_station","source_region":"gansu","source_osm_id":"4254305665"},"geometry":{"type":"Point","coordinates":[103.9826667,37.0559666]}},{"type":"Feature","properties":{"id":"china-osm-rail-station-3681774232","name":"西小川","station_type":"railway_station","source_region":"gansu","source_osm_id":"3681774232"},"geometry":{"type":"Point","coordinates":[103.5569911,36.6318306]}},{"type":"Feature","properties":{"id":"china-osm-rail-station-8440210938","name":"徐闻","station_type":"railway_station","source_region":"guangdong","source_osm_id":"8440210938"},"geometry":{"type":"Point","coordinates":[110.140906,20.3482521]}},{"type":"Feature","properties":{"id":"china-osm-rail-station-8440210939","name":"龙门镇","station_type":"railway_station","source_region":"guangdong","source_osm_id":"8440210939"},"geometry":{"type":"Point","coordinates":[110.0042421,20.7185287]}},{"type":"Feature","properties":{"id":"china-osm-rail-station-1692280663","name":"雷州","station_type":"railway_station","source_region":"guangdong","source_osm_id":"1692280663"},"geometry":{"type":"Point","coordinates":[110.0413846,20.9213797]}},{"type":"Feature","properties":{"id":"china-osm-rail-station-8973993060","name":"东简","station_type":"railway_station","source_region":"guangdong","source_osm_id":"8973993060"},"geometry":{"type":"Point","coordinates":[110.4586975,21.034561]}},{"type":"Feature","properties":{"id":"china-osm-rail-station-8973993061","name":"东海岛","station_type":"railway_station","source_region":"guangdong","source_osm_id":"8973993061"},"geometry":{"type":"Point","coordinates":[110.3444341,21.0697547]}},{"type":"Feature","properties":{"id":"china-osm-rail-station-8440210962","name":"湛江","station_type":"railway_station","source_region":"guangdong","source_osm_id":"8440210962"},"geometry":{"type":"Point","coordinates":[110.3824986,21.18979]}},{"type":"Feature","properties":{"id":"china-osm-rail-station-9673791219","name":"湛江北","station_type":"railway_station","source_region":"guangdong","source_osm_id":"9673791219"},"geometry":{"type":"Point","coordinates":[110.3533215,21.2210582]}},{"type":"Feature","properties":{"id":"china-osm-rail-station-7285032809","name":"湛江西","station_type":"railway_station","source_region":"guangdong","source_osm_id":"7285032809"},"geometry":{"type":"Point","coordinates":[110.2838474,21.2456349]}},{"type":"Feature","properties":{"id":"china-osm-rail-station-11626298791","name":"湛江东","station_type":"railway_station","source_region":"guangdong","source_osm_id":"11626298791"},"geometry":{"type":"Point","coordinates":[110.5146997,21.28555]}},{"type":"Feature","properties":{"id":"china-osm-rail-station-8269111606","name":"塘口","station_type":"railway_station","source_region":"guangdong","source_osm_id":"8269111606"},"geometry":{"type":"Point","coordinates":[110.3018712,21.3284564]}},{"type":"Feature","properties":{"id":"china-osm-rail-station-13374222462","name":"遂溪南","station_type":"railway_station","source_region":"guangdong","source_osm_id":"13374222462"},"geometry":{"type":"Point","coordinates":[110.2371545,21.3334454]}},{"type":"Feature","properties":{"id":"china-osm-rail-station-8269111608","name":"黄略","station_type":"railway_station","source_region":"guangdong","source_osm_id":"8269111608"},"geometry":{"type":"Point","coordinates":[110.3257641,21.3664667]}},{"type":"Feature","properties":{"id":"china-osm-rail-station-1692209475","name":"遂溪","station_type":"railway_station","source_region":"guangdong","source_osm_id":"1692209475"},"geometry":{"type":"Point","coordinates":[110.2624679,21.4008526]}},{"type":"Feature","properties":{"id":"china-osm-rail-station-13588835321","name":"晏镜岭","station_type":"railway_station","source_region":"guangdong","source_osm_id":"13588835321"},"geometry":{"type":"Point","coordinates":[110.9994679,21.4321313]}},{"type":"Feature","properties":{"id":"china-osm-rail-station-13588835322","name":"塘霞俚街","station_type":"railway_station","source_region":"guangdong","source_osm_id":"13588835322"},"geometry":{"type":"Point","coordinates":[111.0049905,21.4371033]}},{"type":"Feature","properties":{"id":"china-osm-rail-station-9192805735","name":"塘缀","station_type":"railway_station","source_region":"guangdong","source_osm_id":"9192805735"},"geometry":{"type":"Point","coordinates":[110.5615461,21.4508169]}},{"type":"Feature","properties":{"id":"china-osm-rail-station-10302396511","name":"博贺","station_type":"railway_station","source_region":"guangdong","source_osm_id":"10302396511"},"geometry":{"type":"Point","coordinates":[111.3079857,21.4697829]}},{"type":"Feature","properties":{"id":"china-osm-rail-station-13685903984","name":"廉江南","station_type":"railway_station","source_region":"guangdong","source_osm_id":"13685903984"},"geometry":{"type":"Point","coordinates":[110.0829058,21.4876244]}},{"type":"Feature","properties":{"id":"china-osm-rail-station-8513056250","name":"吴川","station_type":"railway_station","source_region":"guangdong","source_osm_id":"8513056250"},"geometry":{"type":"Point","coordinates":[110.7652507,21.5119087]}},{"type":"Feature","properties":{"id":"china-osm-rail-station-10302396545","name":"电城","station_type":"railway_station","source_region":"guangdong","source_osm_id":"10302396545"},"geometry":{"type":"Point","coordinates":[111.3113248,21.5405046]}},{"type":"Feature","properties":{"id":"china-osm-rail-station-10302396544","name":"仙桃园","station_type":"railway_station","source_region":"guangdong","source_osm_id":"10302396544"},"geometry":{"type":"Point","coordinates":[111.1968664,21.5764189]}},{"type":"Feature","properties":{"id":"china-osm-rail-station-10316979437","name":"茂名南","station_type":"railway_station","source_region":"guangdong","source_osm_id":"10316979437"},"geometry":{"type":"Point","coordinates":[110.9800266,21.6015204]}},{"type":"Feature","properties":{"id":"china-osm-rail-station-1692209463","name":"廉江","station_type":"railway_station","source_region":"guangdong","source_osm_id":"1692209463"},"geometry":{"type":"Point","coordinates":[110.292717,21.6175577]}},{"type":"Feature","properties":{"id":"china-osm-rail-station-9192069849","name":"米山","station_type":"railway_station","source_region":"guangdong","source_osm_id":"9192069849"},"geometry":{"type":"Point","coordinates":[110.5276912,21.6342128]}},{"type":"Feature","properties":{"id":"china-osm-rail-station-1641859651","name":"茂名","station_type":"railway_station","source_region":"guangdong","source_osm_id":"1641859651"},"geometry":{"type":"Point","coordinates":[110.9241263,21.6453937]}},{"type":"Feature","properties":{"id":"china-osm-rail-station-5078329376","name":"化州","station_type":"railway_station","source_region":"guangdong","source_osm_id":"5078329376"},"geometry":{"type":"Point","coordinates":[110.6474814,21.6557754]}},{"type":"Feature","properties":{"id":"china-osm-rail-station-9192069850","name":"新安圩","station_type":"railway_station","source_region":"guangdong","source_osm_id":"9192069850"},"geometry":{"type":"Point","coordinates":[110.4160818,21.6567202]}},{"type":"Feature","properties":{"id":"china-osm-rail-station-8689278108","name":"山底岭","station_type":"railway_station","source_region":"guangdong","source_osm_id":"8689278108"},"geometry":{"type":"Point","coordinates":[110.7424157,21.6719458]}},{"type":"Feature","properties":{"id":"china-osm-rail-station-9189836469","name":"高田","station_type":"railway_station","source_region":"guangdong","source_osm_id":"9189836469"},"geometry":{"type":"Point","coordinates":[110.3028064,21.6724224]}},{"type":"Feature","properties":{"id":"china-osm-rail-station-8973864195","name":"茂名东","station_type":"railway_station","source_region":"guangdong","source_osm_id":"8973864195"},"geometry":{"type":"Point","coordinates":[111.006117,21.6727605]}},{"type":"Feature","properties":{"id":"china-osm-rail-station-9192069851","name":"龙田面","station_type":"railway_station","source_region":"guangdong","source_osm_id":"9192069851"},"geometry":{"type":"Point","coordinates":[110.3280732,21.6795407]}},{"type":"Feature","properties":{"id":"china-osm-rail-station-1641859659","name":"茂名西","station_type":"railway_station","source_region":"guangdong","source_osm_id":"1641859659"},"geometry":{"type":"Point","coordinates":[110.843789,21.683759]}},{"type":"Feature","properties":{"id":"china-osm-rail-station-8976366466","name":"马踏","station_type":"railway_station","source_region":"guangdong","source_osm_id":"8976366466"},"geometry":{"type":"Point","coordinates":[111.3608215,21.6840348]}},{"type":"Feature","properties":{"id":"china-osm-rail-station-1692209441","name":"河唇","station_type":"railway_station","source_region":"guangdong","source_osm_id":"1692209441"},"geometry":{"type":"Point","coordinates":[110.2974215,21.6987758]}},{"type":"Feature","properties":{"id":"china-osm-rail-station-9192805736","name":"电白","station_type":"railway_station","source_region":"guangdong","source_osm_id":"9192805736"},"geometry":{"type":"Point","coordinates":[111.1388846,21.7067481]}},{"type":"Feature","properties":{"id":"china-osm-rail-station-12218208493","name":"上垌","station_type":"railway_station","source_region":"guangdong","source_osm_id":"12218208493"},"geometry":{"type":"Point","coordinates":[110.8546915,21.7200339]}},{"type":"Feature","properties":{"id":"china-osm-rail-station-12218213929","name":"谭屋","station_type":"railway_station","source_region":"guangdong","source_osm_id":"12218213929"},"geometry":{"type":"Point","coordinates":[110.849154,21.7363446]}},{"type":"Feature","properties":{"id":"china-osm-rail-station-9189836470","name":"飞凤坡","station_type":"railway_station","source_region":"guangdong","source_osm_id":"9189836470"},"geometry":{"type":"Point","coordinates":[110.2509028,21.7402613]}},{"type":"Feature","properties":{"id":"china-osm-rail-station-5043812384","name":"霞洞","station_type":"railway_station","source_region":"guangdong","source_osm_id":"5043812384"},"geometry":{"type":"Point","coordinates":[111.1027285,21.7428613]}},{"type":"Feature","properties":{"id":"china-osm-rail-station-9192805737","name":"阳西","station_type":"railway_station","source_region":"guangdong","source_osm_id":"9192805737"},"geometry":{"type":"Point","coordinates":[111.6387338,21.7988151]}},{"type":"Feature","properties":{"id":"china-osm-rail-station-5130017201","name":"沙琅","station_type":"railway_station","source_region":"guangdong","source_osm_id":"5130017201"},"geometry":{"type":"Point","coordinates":[111.1939162,21.8035799]}},{"type":"Feature","properties":{"id":"china-osm-rail-station-9193526293","name":"那霍","station_type":"railway_station","source_region":"guangdong","source_osm_id":"9193526293"},"geometry":{"type":"Point","coordinates":[111.235612,21.8473587]}},{"type":"Feature","properties":{"id":"china-osm-rail-station-9192805744","name":"阳江","station_type":"railway_station","source_region":"guangdong","source_osm_id":"9192805744"},"geometry":{"type":"Point","coordinates":[111.8772515,21.863512]}},{"type":"Feature","properties":{"id":"china-osm-rail-station-9193526295","name":"热水洞","station_type":"railway_station","source_region":"guangdong","source_osm_id":"9193526295"},"geometry":{"type":"Point","coordinates":[111.3051563,21.8906059]}},{"type":"Feature","properties":{"id":"china-osm-rail-station-5043311371","name":"高州","station_type":"railway_station","source_region":"guangdong","source_osm_id":"5043311371"},"geometry":{"type":"Point","coordinates":[110.8843608,21.8985958]}},{"type":"Feature","properties":{"id":"china-osm-rail-station-11613300847","name":"阳江北","station_type":"railway_station","source_region":"guangdong","source_osm_id":"11613300847"},"geometry":{"type":"Point","coordinates":[111.8336501,21.9213054]}},{"type":"Feature","properties":{"id":"china-osm-rail-station-9192805745","name":"双捷","station_type":"railway_station","source_region":"guangdong","source_osm_id":"9192805745"},"geometry":{"type":"Point","coordinates":[111.7983753,21.9406509]}},{"type":"Feature","properties":{"id":"china-osm-rail-station-9193526294","name":"马文寨","station_type":"railway_station","source_region":"guangdong","source_osm_id":"9193526294"},"geometry":{"type":"Point","coordinates":[111.3791585,21.942752]}},{"type":"Feature","properties":{"id":"china-osm-rail-station-9193526296","name":"八甲","station_type":"railway_station","source_region":"guangdong","source_osm_id":"9193526296"},"geometry":{"type":"Point","coordinates":[111.4280096,21.9567855]}},{"type":"Feature","properties":{"id":"china-osm-rail-station-8868075261","name":"阳东","station_type":"railway_station","source_region":"guangdong","source_osm_id":"8868075261"},"geometry":{"type":"Point","coordinates":[112.1492725,21.9569582]}},{"type":"Feature","properties":{"id":"china-osm-rail-station-9193526297","name":"三甲","station_type":"railway_station","source_region":"guangdong","source_osm_id":"9193526297"},"geometry":{"type":"Point","coordinates":[111.5044525,22.0281087]}},{"type":"Feature","properties":{"id":"china-osm-rail-station-9192805746","name":"岗美","station_type":"railway_station","source_region":"guangdong","source_osm_id":"9192805746"},"geometry":{"type":"Point","coordinates":[111.761669,22.0513342]}},{"type":"Feature","properties":{"id":"china-osm-rail-station-9193526298","name":"潭水","station_type":"railway_station","source_region":"guangdong","source_osm_id":"9193526298"},"geometry":{"type":"Point","coordinates":[111.6057412,22.0550879]}},{"type":"Feature","properties":{"id":"china-osm-rail-station-9192805738","name":"大槐","station_type":"railway_station","source_region":"guangdong","source_osm_id":"9192805738"},"geometry":{"type":"Point","coordinates":[112.2403918,22.0860164]}},{"type":"Feature","properties":{"id":"china-osm-rail-station-9193526299","name":"石菉","station_type":"railway_station","source_region":"guangdong","source_osm_id":"9193526299"},"geometry":{"type":"Point","coordinates":[111.6613165,22.1313103]}},{"type":"Feature","properties":{"id":"china-osm-rail-station-12732987421","name":"潭头","station_type":"railway_station","source_region":"guangdong","source_osm_id":"12732987421"},"geometry":{"type":"Point","coordinates":[110.8675472,22.1444504]}},{"type":"Feature","properties":{"id":"china-osm-rail-station-5485730496","name":"恩平","station_type":"railway_station","source_region":"guangdong","source_osm_id":"5485730496"},"geometry":{"type":"Point","coordinates":[112.3908341,22.1881799]}},{"type":"Feature","properties":{"id":"china-osm-rail-station-9674103621","name":"阳春东","station_type":"railway_station","source_region":"guangdong","source_osm_id":"9674103621"},"geometry":{"type":"Point","coordinates":[111.9049824,22.1891207]}},{"type":"Feature","properties":{"id":"china-osm-rail-station-1640922648","name":"阳春","station_type":"railway_station","source_region":"guangdong","source_osm_id":"1640922648"},"geometry":{"type":"Point","coordinates":[111.75662,22.19251]}},{"type":"Feature","properties":{"id":"china-osm-rail-station-9193526300","name":"黑石岗","station_type":"railway_station","source_region":"guangdong","source_osm_id":"9193526300"},"geometry":{"type":"Point","coordinates":[111.7963868,22.2478329]}},{"type":"Feature","properties":{"id":"china-osm-rail-station-5485730430","name":"台山","station_type":"railway_station","source_region":"guangdong","source_osm_id":"5485730430"},"geometry":{"type":"Point","coordinates":[112.8103423,22.3021203]}},{"type":"Feature","properties":{"id":"china-osm-rail-station-8020545908","name":"开平南","station_type":"railway_station","source_region":"guangdong","source_osm_id":"8020545908"},"geometry":{"type":"Point","coordinates":[112.6706712,22.3219819]}},{"type":"Feature","properties":{"id":"china-osm-rail-station-9193526301","name":"陂面","station_type":"railway_station","source_region":"guangdong","source_osm_id":"9193526301"},"geometry":{"type":"Point","coordinates":[111.8420634,22.3224683]}},{"type":"Feature","properties":{"id":"china-osm-rail-station-5041838931","name":"信宜","station_type":"railway_station","source_region":"guangdong","source_osm_id":"5041838931"},"geometry":{"type":"Point","coordinates":[110.9609272,22.3327248]}},{"type":"Feature","properties":{"id":"china-osm-rail-station-11597434457","name":"中山西","station_type":"railway_station","source_region":"guangdong","source_osm_id":"11597434457"},"geometry":{"type":"Point","coordinates":[113.2449027,22.5126378]}},{"type":"Feature","properties":{"id":"china-osm-rail-station-7710011721","name":"小榄","station_type":"railway_station","source_region":"guangdong","source_osm_id":"7710011721"},"geometry":{"type":"Point","coordinates":[113.2645825,22.6505591]}},{"type":"Feature","properties":{"id":"china-osm-rail-station-9758623232","name":"东凤","station_type":"railway_station","source_region":"guangdong","source_osm_id":"9758623232"},"geometry":{"type":"Point","coordinates":[113.2467926,22.7107018]}},{"type":"Feature","properties":{"id":"china-osm-rail-station-10291443279","name":"东乐路","station_type":"railway_station","source_region":"guangdong","source_osm_id":"10291443279"},"geometry":{"type":"Point","coordinates":[113.2593753,22.8377453]}},{"type":"Feature","properties":{"id":"china-osm-rail-station-10291042777","name":"大良钟楼","station_type":"railway_station","source_region":"guangdong","source_osm_id":"10291042777"},"geometry":{"type":"Point","coordinates":[113.247767,22.8421604]}},{"type":"Feature","properties":{"id":"china-osm-rail-station-10291042778","name":"环市北","station_type":"railway_station","source_region":"guangdong","source_osm_id":"10291042778"},"geometry":{"type":"Point","coordinates":[113.2386341,22.8553571]}},{"type":"Feature","properties":{"id":"china-osm-rail-station-10291443280","name":"顺德人民医院","station_type":"railway_station","source_region":"guangdong","source_osm_id":"10291443280"},"geometry":{"type":"Point","coordinates":[113.2369021,22.8708032]}},{"type":"Feature","properties":{"id":"china-osm-rail-station-10291042779","name":"荔村","station_type":"railway_station","source_region":"guangdong","source_osm_id":"10291042779"},"geometry":{"type":"Point","coordinates":[113.225593,22.8749141]}},{"type":"Feature","properties":{"id":"china-osm-rail-station-10291042780","name":"伦教","station_type":"railway_station","source_region":"guangdong","source_osm_id":"10291042780"},"geometry":{"type":"Point","coordinates":[113.2090004,22.8829333]}},{"type":"Feature","properties":{"id":"china-osm-rail-station-9193526302","name":"潭寮","station_type":"railway_station","source_region":"guangdong","source_osm_id":"9193526302"},"geometry":{"type":"Point","coordinates":[111.8993247,22.3982579]}},{"type":"Feature","properties":{"id":"china-osm-rail-station-2662698266","name":"春湾","station_type":"railway_station","source_region":"guangdong","source_osm_id":"2662698266"},"geometry":{"type":"Point","coordinates":[111.9438153,22.460293]}},{"type":"Feature","properties":{"id":"china-osm-rail-station-12732987422","name":"池洞","station_type":"railway_station","source_region":"guangdong","source_osm_id":"12732987422"},"geometry":{"type":"Point","coordinates":[110.9675969,22.4742449]}},{"type":"Feature","properties":{"id":"china-osm-rail-station-9944113270","name":"南药园","station_type":"railway_station","source_region":"guangdong","source_osm_id":"9944113270"},"geometry":{"type":"Point","coordinates":[112.229402,22.4898013]}},{"type":"Feature","properties":{"id":"china-osm-rail-station-9944071260","name":"梅溪古镇","station_type":"railway_station","source_region":"guangdong","source_osm_id":"9944071260"},"geometry":{"type":"Point","coordinates":[112.2231776,22.491743]}},{"type":"Feature","properties":{"id":"china-osm-rail-station-8440342284","name":"龙坪","station_type":"railway_station","source_region":"guangdong","source_osm_id":"8440342284"},"geometry":{"type":"Point","coordinates":[111.9977912,22.5226376]}},{"type":"Feature","properties":{"id":"china-osm-rail-station-8440342287","name":"天堂","station_type":"railway_station","source_region":"guangdong","source_osm_id":"8440342287"},"geometry":{"type":"Point","coordinates":[112.0172037,22.5557391]}},{"type":"Feature","properties":{"id":"china-osm-rail-station-5711018313","name":"河塱","station_type":"railway_station","source_region":"guangdong","source_osm_id":"5711018313"},"geometry":{"type":"Point","coordinates":[111.8636996,22.5560456]}},{"type":"Feature","properties":{"id":"china-osm-rail-station-5711018802","name":"河邦","station_type":"railway_station","source_region":"guangdong","source_osm_id":"5711018802"},"geometry":{"type":"Point","coordinates":[111.8660358,22.6041189]}},{"type":"Feature","properties":{"id":"china-osm-rail-station-8440342285","name":"湾边","station_type":"railway_station","source_region":"guangdong","source_osm_id":"8440342285"},"geometry":{"type":"Point","coordinates":[112.0887999,22.6286358]}},{"type":"Feature","properties":{"id":"china-osm-rail-station-7114221876","name":"双水镇","station_type":"railway_station","source_region":"guangdong","source_osm_id":"7114221876"},"geometry":{"type":"Point","coordinates":[112.9515121,22.4283501]}},{"type":"Feature","properties":{"id":"china-osm-rail-station-2414867084","name":"江门","station_type":"railway_station","source_region":"guangdong","source_osm_id":"2414867084"},"geometry":{"type":"Point","coordinates":[113.0653353,22.4910006]}},{"type":"Feature","properties":{"id":"china-osm-rail-station-8401400286","name":"新会","station_type":"railway_station","source_region":"guangdong","source_osm_id":"8401400286"},"geometry":{"type":"Point","coordinates":[113.0658864,22.5203259]}},{"type":"Feature","properties":{"id":"china-osm-rail-station-1759460640","name":"礼乐","station_type":"railway_station","source_region":"guangdong","source_osm_id":"1759460640"},"geometry":{"type":"Point","coordinates":[113.0723451,22.5481535]}},{"type":"Feature","properties":{"id":"china-osm-rail-station-7707072349","name":"江门东","station_type":"railway_station","source_region":"guangdong","source_osm_id":"7707072349"},"geometry":{"type":"Point","coordinates":[113.0976874,22.5638778]}},{"type":"Feature","properties":{"id":"china-osm-rail-station-1759460681","name":"江海","station_type":"railway_station","source_region":"guangdong","source_osm_id":"1759460681"},"geometry":{"type":"Point","coordinates":[113.1584361,22.58565]}},{"type":"Feature","properties":{"id":"china-osm-rail-station-1732229867","name":"古镇","station_type":"railway_station","source_region":"guangdong","source_osm_id":"1732229867"},"geometry":{"type":"Point","coordinates":[113.2007426,22.6008861]}},{"type":"Feature","properties":{"id":"china-osm-rail-station-9676218792","name":"均安","station_type":"railway_station","source_region":"guangdong","source_osm_id":"9676218792"},"geometry":{"type":"Point","coordinates":[113.1834397,22.6918439]}},{"type":"Feature","properties":{"id":"china-osm-rail-station-11964159322","name":"棠下","station_type":"railway_station","source_region":"guangdong","source_osm_id":"11964159322"},"geometry":{"type":"Point","coordinates":[113.0447718,22.6991589]}},{"type":"Feature","properties":{"id":"china-osm-rail-station-7138909238","name":"江门北","station_type":"railway_station","source_region":"guangdong","source_osm_id":"7138909238"},"geometry":{"type":"Point","coordinates":[112.9244515,22.762598]}},{"type":"Feature","properties":{"id":"china-osm-rail-station-11581097077","name":"珠海机场","station_type":"railway_station","source_region":"guangdong","source_osm_id":"11581097077"},"geometry":{"type":"Point","coordinates":[113.3724143,22.0151865]}},{"type":"Feature","properties":{"id":"china-osm-rail-station-11581097078","name":"三灶东","station_type":"railway_station","source_region":"guangdong","source_osm_id":"11581097078"},"geometry":{"type":"Point","coordinates":[113.3982977,22.0425666]}},{"type":"Feature","properties":{"id":"china-osm-rail-station-11606949398","name":"珠海鹤洲","station_type":"railway_station","source_region":"guangdong","source_osm_id":"11606949398"},"geometry":{"type":"Point","coordinates":[113.3592888,22.188249]}},{"type":"Feature","properties":{"id":"china-osm-rail-station-8701124990","name":"兴中","station_type":"railway_station","source_region":"guangdong","source_osm_id":"8701124990"},"geometry":{"type":"Point","coordinates":[113.3852413,22.5189491]}},{"type":"Feature","properties":{"id":"china-osm-rail-station-10575114055","name":"兴中","station_type":"railway_station","source_region":"guangdong","source_osm_id":"10575114055"},"geometry":{"type":"Point","coordinates":[113.3851021,22.5189506]}},{"type":"Feature","properties":{"id":"china-osm-rail-station-11050156621","name":"石岐","station_type":"railway_station","source_region":"guangdong","source_osm_id":"11050156621"},"geometry":{"type":"Point","coordinates":[113.3906875,22.5381557]}},{"type":"Feature","properties":{"id":"china-osm-rail-station-10575114123","name":"石岐","station_type":"railway_station","source_region":"guangdong","source_osm_id":"10575114123"},"geometry":{"type":"Point","coordinates":[113.3906207,22.5381738]}},{"type":"Feature","properties":{"id":"china-osm-rail-station-7710011719","name":"中山","station_type":"railway_station","source_region":"guangdong","source_osm_id":"7710011719"},"geometry":{"type":"Point","coordinates":[113.4282401,22.5467069]}},{"type":"Feature","properties":{"id":"china-osm-rail-station-7249634471","name":"中山北","station_type":"railway_station","source_region":"guangdong","source_osm_id":"7249634471"},"geometry":{"type":"Point","coordinates":[113.3770449,22.5608246]}},{"type":"Feature","properties":{"id":"china-osm-rail-station-9653920387","name":"黄圃","station_type":"railway_station","source_region":"guangdong","source_osm_id":"9653920387"},"geometry":{"type":"Point","coordinates":[113.3714415,22.7444183]}},{"type":"Feature","properties":{"id":"china-osm-rail-station-7710011714","name":"前山","station_type":"railway_station","source_region":"guangdong","source_osm_id":"7710011714"},"geometry":{"type":"Point","coordinates":[113.5205738,22.2373748]}},{"type":"Feature","properties":{"id":"china-osm-rail-station-7710011715","name":"明珠","station_type":"railway_station","source_region":"guangdong","source_osm_id":"7710011715"},"geometry":{"type":"Point","coordinates":[113.5103774,22.2713963]}},{"type":"Feature","properties":{"id":"china-osm-rail-station-7710011716","name":"唐家湾","station_type":"railway_station","source_region":"guangdong","source_osm_id":"7710011716"},"geometry":{"type":"Point","coordinates":[113.5463592,22.3659329]}},{"type":"Feature","properties":{"id":"china-osm-rail-station-7710011717","name":"珠海北","station_type":"railway_station","source_region":"guangdong","source_osm_id":"7710011717"},"geometry":{"type":"Point","coordinates":[113.5468823,22.4037481]}},{"type":"Feature","properties":{"id":"china-osm-rail-station-9195330015","name":"翠亨","station_type":"railway_station","source_region":"guangdong","source_osm_id":"9195330015"},"geometry":{"type":"Point","coordinates":[113.5409425,22.4419789]}},{"type":"Feature","properties":{"id":"china-osm-rail-station-7710011718","name":"南朗","station_type":"railway_station","source_region":"guangdong","source_osm_id":"7710011718"},"geometry":{"type":"Point","coordinates":[113.5282463,22.4891049]}},{"type":"Feature","properties":{"id":"china-osm-rail-station-12400103236","name":"万顷沙","station_type":"railway_station","source_region":"guangdong","source_osm_id":"12400103236"},"geometry":{"type":"Point","coordinates":[113.5221044,22.6957538]}},{"type":"Feature","properties":{"id":"china-osm-rail-station-11572997022","name":"南沙","station_type":"railway_station","source_region":"guangdong","source_osm_id":"11572997022"},"geometry":{"type":"Point","coordinates":[113.5529648,22.7003468]}},{"type":"Feature","properties":{"id":"china-osm-rail-station-9110804373","name":"万顷沙","station_type":"railway_station","source_region":"guangdong","source_osm_id":"9110804373"},"geometry":{"type":"Point","coordinates":[113.5519154,22.7014202]}},{"type":"Feature","properties":{"id":"china-osm-rail-station-5595603444","name":"塘坑","station_type":"railway_station","source_region":"guangdong","source_osm_id":"5595603444"},"geometry":{"type":"Point","coordinates":[113.5678248,22.7561232]}},{"type":"Feature","properties":{"id":"china-osm-rail-station-6487873954","name":"金洲","station_type":"railway_station","source_region":"guangdong","source_osm_id":"6487873954"},"geometry":{"type":"Point","coordinates":[113.5336618,22.795143]}},{"type":"Feature","properties":{"id":"china-osm-rail-station-6487873953","name":"蕉门","station_type":"railway_station","source_region":"guangdong","source_osm_id":"6487873953"},"geometry":{"type":"Point","coordinates":[113.5223866,22.8034543]}},{"type":"Feature","properties":{"id":"china-osm-rail-station-6487873952","name":"黄阁","station_type":"railway_station","source_region":"guangdong","source_osm_id":"6487873952"},"geometry":{"type":"Point","coordinates":[113.5135479,22.827558]}},{"type":"Feature","properties":{"id":"china-osm-rail-station-7710011720","name":"东升","station_type":"railway_station","source_region":"guangdong","source_osm_id":"7710011720"},"geometry":{"type":"Point","coordinates":[113.2793078,22.6073119]}},{"type":"Feature","properties":{"id":"china-osm-rail-station-7710011712","name":"南头","station_type":"railway_station","source_region":"guangdong","source_osm_id":"7710011712"},"geometry":{"type":"Point","coordinates":[113.3034906,22.715776]}},{"type":"Feature","properties":{"id":"china-osm-rail-station-1669426966","name":"容桂","station_type":"railway_station","source_region":"guangdong","source_osm_id":"1669426966"},"geometry":{"type":"Point","coordinates":[113.3071457,22.7539701]}},{"type":"Feature","properties":{"id":"china-osm-rail-station-10290250428","name":"顺德学院站","station_type":"railway_station","source_region":"guangdong","source_osm_id":"10290250428"},"geometry":{"type":"Point","coordinates":[113.3128817,22.8216171]}},{"type":"Feature","properties":{"id":"china-osm-rail-station-10291443276","name":"顺德欢乐海岸","station_type":"railway_station","source_region":"guangdong","source_osm_id":"10291443276"},"geometry":{"type":"Point","coordinates":[113.3014917,22.8216718]}},{"type":"Feature","properties":{"id":"china-osm-rail-station-7710011711","name":"顺德学院","station_type":"railway_station","source_region":"guangdong","source_osm_id":"7710011711"},"geometry":{"type":"Point","coordinates":[113.3143817,22.8253841]}},{"type":"Feature","properties":{"id":"china-osm-rail-station-10291443278","name":"顺德一中","station_type":"railway_station","source_region":"guangdong","source_osm_id":"10291443278"},"geometry":{"type":"Point","coordinates":[113.2887391,22.8354955]}},{"type":"Feature","properties":{"id":"china-osm-rail-station-10291443277","name":"驹荣北路","station_type":"railway_station","source_region":"guangdong","source_osm_id":"10291443277"},"geometry":{"type":"Point","coordinates":[113.2724001,22.8377178]}},{"type":"Feature","properties":{"id":"china-osm-rail-station-7710011710","name":"顺德","station_type":"railway_station","source_region":"guangdong","source_osm_id":"7710011710"},"geometry":{"type":"Point","coordinates":[113.2713725,22.8776888]}},{"type":"Feature","properties":{"id":"china-osm-rail-station-9625872462","name":"市广路","station_type":"railway_station","source_region":"guangdong","source_osm_id":"9625872462"},"geometry":{"type":"Point","coordinates":[113.3318043,22.9740302]}},{"type":"Feature","properties":{"id":"china-osm-rail-station-8385846445","name":"南沙北","station_type":"railway_station","source_region":"guangdong","source_osm_id":"8385846445"},"geometry":{"type":"Point","coordinates":[113.4852438,22.8687149]}},{"type":"Feature","properties":{"id":"china-osm-rail-station-6487873950","name":"庆盛","station_type":"railway_station","source_region":"guangdong","source_osm_id":"6487873950"},"geometry":{"type":"Point","coordinates":[113.485115,22.8697367]}},{"type":"Feature","properties":{"id":"china-osm-rail-station-5596100444","name":"东涌","station_type":"railway_station","source_region":"guangdong","source_osm_id":"5596100444"},"geometry":{"type":"Point","coordinates":[113.4735777,22.8883106]}},{"type":"Feature","properties":{"id":"china-osm-rail-station-5596105391","name":"低涌","station_type":"railway_station","source_region":"guangdong","source_osm_id":"5596105391"},"geometry":{"type":"Point","coordinates":[113.4795003,22.9222268]}},{"type":"Feature","properties":{"id":"china-osm-rail-station-9139582307","name":"番禺广场","station_type":"railway_station","source_region":"guangdong","source_osm_id":"9139582307"},"geometry":{"type":"Point","coordinates":[113.3787824,22.9362295]}},{"type":"Feature","properties":{"id":"china-osm-rail-station-6635562080","name":"番禺广场","station_type":"railway_station","source_region":"guangdong","source_osm_id":"6635562080"},"geometry":{"type":"Point","coordinates":[113.3799037,22.9382184]}},{"type":"Feature","properties":{"id":"china-osm-rail-station-12301337485","name":"傍江","station_type":"railway_station","source_region":"guangdong","source_osm_id":"12301337485"},"geometry":{"type":"Point","coordinates":[113.4040122,22.9393769]}},{"type":"Feature","properties":{"id":"china-osm-rail-station-12301337484","name":"石碁南","station_type":"railway_station","source_region":"guangdong","source_osm_id":"12301337484"},"geometry":{"type":"Point","coordinates":[113.4344956,22.9406395]}},{"type":"Feature","properties":{"id":"china-osm-rail-station-5596132264","name":"海傍","station_type":"railway_station","source_region":"guangdong","source_osm_id":"5596132264"},"geometry":{"type":"Point","coordinates":[113.4699478,22.9422362]}},{"type":"Feature","properties":{"id":"china-osm-rail-station-12301337482","name":"海傍","station_type":"railway_station","source_region":"guangdong","source_osm_id":"12301337482"},"geometry":{"type":"Point","coordinates":[113.4714536,22.9435886]}},{"type":"Feature","properties":{"id":"china-osm-rail-station-6487873951","name":"黄阁汽车城","station_type":"railway_station","source_region":"guangdong","source_osm_id":"6487873951"},"geometry":{"type":"Point","coordinates":[113.5044902,22.8385764]}},{"type":"Feature","properties":{"id":"china-osm-rail-station-9195330004","name":"东莞港","station_type":"railway_station","source_region":"guangdong","source_osm_id":"9195330004"},"geometry":{"type":"Point","coordinates":[113.6061726,22.9106447]}},{"type":"Feature","properties":{"id":"china-osm-rail-station-8901184330","name":"麻涌","station_type":"railway_station","source_region":"guangdong","source_osm_id":"8901184330"},"geometry":{"type":"Point","coordinates":[113.5689013,23.0232104]}},{"type":"Feature","properties":{"id":"china-osm-rail-station-9196734315","name":"新沙","station_type":"railway_station","source_region":"guangdong","source_osm_id":"9196734315"},"geometry":{"type":"Point","coordinates":[113.5342222,23.0279334]}},{"type":"Feature","properties":{"id":"china-osm-rail-station-7063140835","name":"望牛墩","station_type":"railway_station","source_region":"guangdong","source_osm_id":"7063140835"},"geometry":{"type":"Point","coordinates":[113.6228718,23.0393379]}},{"type":"Feature","properties":{"id":"china-osm-rail-station-12301337483","name":"海涌路","station_type":"railway_station","source_region":"guangdong","source_osm_id":"12301337483"},"geometry":{"type":"Point","coordinates":[113.4520509,22.9445221]}},{"type":"Feature","properties":{"id":"china-osm-rail-station-5592771680","name":"市桥","station_type":"railway_station","source_region":"guangdong","source_osm_id":"5592771680"},"geometry":{"type":"Point","coordinates":[113.3563076,22.9520015]}},{"type":"Feature","properties":{"id":"china-osm-rail-station-6487873949","name":"石碁","station_type":"railway_station","source_region":"guangdong","source_osm_id":"6487873949"},"geometry":{"type":"Point","coordinates":[113.4598355,22.9598622]}},{"type":"Feature","properties":{"id":"china-osm-rail-station-8901184327","name":"东环","station_type":"railway_station","source_region":"guangdong","source_osm_id":"8901184327"},"geometry":{"type":"Point","coordinates":[113.3604784,22.9768441]}},{"type":"Feature","properties":{"id":"china-osm-rail-station-8901184328","name":"官桥北","station_type":"railway_station","source_region":"guangdong","source_osm_id":"8901184328"},"geometry":{"type":"Point","coordinates":[113.439353,22.9847281]}},{"type":"Feature","properties":{"id":"china-osm-rail-station-8901184329","name":"广州莲花山","station_type":"railway_station","source_region":"guangdong","source_osm_id":"8901184329"},"geometry":{"type":"Point","coordinates":[113.4868479,23.0052819]}},{"type":"Feature","properties":{"id":"china-osm-rail-station-9110804370","name":"南村万博","station_type":"railway_station","source_region":"guangdong","source_osm_id":"9110804370"},"geometry":{"type":"Point","coordinates":[113.3422576,23.0072858]}},{"type":"Feature","properties":{"id":"china-osm-rail-station-9088053352","name":"员岗","station_type":"railway_station","source_region":"guangdong","source_osm_id":"9088053352"},"geometry":{"type":"Point","coordinates":[113.3590971,23.0183825]}},{"type":"Feature","properties":{"id":"china-osm-rail-station-9088053351","name":"板桥","station_type":"railway_station","source_region":"guangdong","source_osm_id":"9088053351"},"geometry":{"type":"Point","coordinates":[113.3825822,23.0193468]}},{"type":"Feature","properties":{"id":"china-osm-rail-station-6487873948","name":"新造","station_type":"railway_station","source_region":"guangdong","source_osm_id":"6487873948"},"geometry":{"type":"Point","coordinates":[113.4100668,23.0309054]}},{"type":"Feature","properties":{"id":"china-osm-rail-station-8954286527","name":"番禺","station_type":"railway_station","source_region":"guangdong","source_osm_id":"8954286527"},"geometry":{"type":"Point","coordinates":[113.2702127,22.9924638]}},{"type":"Feature","properties":{"id":"china-osm-rail-station-8901184364","name":"广州长隆","station_type":"railway_station","source_region":"guangdong","source_osm_id":"8901184364"},"geometry":{"type":"Point","coordinates":[113.3248275,22.9926925]}},{"type":"Feature","properties":{"id":"china-osm-rail-station-12089221276","name":"汉溪长隆","station_type":"railway_station","source_region":"guangdong","source_osm_id":"12089221276"},"geometry":{"type":"Point","coordinates":[113.3244015,22.9961827]}},{"type":"Feature","properties":{"id":"china-osm-rail-station-5444580751","name":"石壁","station_type":"railway_station","source_region":"guangdong","source_osm_id":"5444580751"},"geometry":{"type":"Point","coordinates":[113.2733018,22.9970371]}},{"type":"Feature","properties":{"id":"china-osm-rail-station-12091253926","name":"南村万博","station_type":"railway_station","source_region":"guangdong","source_osm_id":"12091253926"},"geometry":{"type":"Point","coordinates":[113.3390302,23.006537]}},{"type":"Feature","properties":{"id":"china-osm-rail-station-9061404692","name":"会江","station_type":"railway_station","source_region":"guangdong","source_osm_id":"9061404692"},"geometry":{"type":"Point","coordinates":[113.2812204,23.0158319]}},{"type":"Feature","properties":{"id":"china-osm-rail-station-5593735757","name":"大石","station_type":"railway_station","source_region":"guangdong","source_osm_id":"5593735757"},"geometry":{"type":"Point","coordinates":[113.3163407,23.0204802]}},{"type":"Feature","properties":{"id":"china-osm-rail-station-12712336085","name":"大石东","station_type":"railway_station","source_region":"guangdong","source_osm_id":"12712336085"},"geometry":{"type":"Point","coordinates":[113.319092,23.0216158]}},{"type":"Feature","properties":{"id":"china-osm-rail-station-5582119493","name":"南浦","station_type":"railway_station","source_region":"guangdong","source_osm_id":"5582119493"},"geometry":{"type":"Point","coordinates":[113.2881871,23.0361676]}},{"type":"Feature","properties":{"id":"china-osm-rail-station-9110804369","name":"沙溪","station_type":"railway_station","source_region":"guangdong","source_osm_id":"9110804369"},"geometry":{"type":"Point","coordinates":[113.3330404,23.0392856]}},{"type":"Feature","properties":{"id":"china-osm-rail-station-11140221411","name":"新兴南","station_type":"railway_station","source_region":"guangdong","source_osm_id":"11140221411"},"geometry":{"type":"Point","coordinates":[112.2331555,22.6447441]}},{"type":"Feature","properties":{"id":"china-osm-rail-station-8440342288","name":"簕竹","station_type":"railway_station","source_region":"guangdong","source_osm_id":"8440342288"},"geometry":{"type":"Point","coordinates":[112.1039759,22.6926889]}},{"type":"Feature","properties":{"id":"china-osm-rail-station-11607169592","name":"鹤山西","station_type":"railway_station","source_region":"guangdong","source_osm_id":"11607169592"},"geometry":{"type":"Point","coordinates":[112.9011123,22.7327563]}},{"type":"Feature","properties":{"id":"china-osm-rail-station-5652911917","name":"新兴县","station_type":"railway_station","source_region":"guangdong","source_osm_id":"5652911917"},"geometry":{"type":"Point","coordinates":[112.2241218,22.7406517]}},{"type":"Feature","properties":{"id":"china-osm-rail-station-5711018315","name":"苹塘","station_type":"railway_station","source_region":"guangdong","source_osm_id":"5711018315"},"geometry":{"type":"Point","coordinates":[111.7319387,22.746274]}},{"type":"Feature","properties":{"id":"china-osm-rail-station-5711018314","name":"罗定","station_type":"railway_station","source_region":"guangdong","source_osm_id":"5711018314"},"geometry":{"type":"Point","coordinates":[111.6156329,22.781136]}},{"type":"Feature","properties":{"id":"china-osm-rail-station-12644750363","name":"罗定北","station_type":"railway_station","source_region":"guangdong","source_osm_id":"12644750363"},"geometry":{"type":"Point","coordinates":[111.5434857,22.7923663]}},{"type":"Feature","properties":{"id":"china-osm-rail-station-8440342289","name":"车岗","station_type":"railway_station","source_region":"guangdong","source_osm_id":"8440342289"},"geometry":{"type":"Point","coordinates":[112.2294818,22.8006354]}},{"type":"Feature","properties":{"id":"china-osm-rail-station-11610116803","name":"佛肇","station_type":"railway_station","source_region":"guangdong","source_osm_id":"11610116803"},"geometry":{"type":"Point","coordinates":[112.5692198,22.8693979]}},{"type":"Feature","properties":{"id":"china-osm-rail-station-5652914672","name":"腰古","station_type":"railway_station","source_region":"guangdong","source_osm_id":"5652914672"},"geometry":{"type":"Point","coordinates":[112.2916487,22.8901321]}},{"type":"Feature","properties":{"id":"china-osm-rail-station-10291042781","name":"广教","station_type":"railway_station","source_region":"guangdong","source_osm_id":"10291042781"},"geometry":{"type":"Point","coordinates":[113.2074501,22.9117781]}},{"type":"Feature","properties":{"id":"china-osm-rail-station-7710011709","name":"北滘","station_type":"railway_station","source_region":"guangdong","source_osm_id":"7710011709"},"geometry":{"type":"Point","coordinates":[113.2586145,22.9180045]}},{"type":"Feature","properties":{"id":"china-osm-rail-station-9706799353","name":"北滘公园","station_type":"railway_station","source_region":"guangdong","source_osm_id":"9706799353"},"geometry":{"type":"Point","coordinates":[113.2066843,22.9329013]}},{"type":"Feature","properties":{"id":"china-osm-rail-station-9706799352","name":"美的","station_type":"railway_station","source_region":"guangdong","source_osm_id":"9706799352"},"geometry":{"type":"Point","coordinates":[113.2215575,22.9364785]}},{"type":"Feature","properties":{"id":"china-osm-rail-station-9706799351","name":"南涌","station_type":"railway_station","source_region":"guangdong","source_osm_id":"9706799351"},"geometry":{"type":"Point","coordinates":[113.2327155,22.9419037]}},{"type":"Feature","properties":{"id":"china-osm-rail-station-7710011708","name":"碧江","station_type":"railway_station","source_region":"guangdong","source_osm_id":"7710011708"},"geometry":{"type":"Point","coordinates":[113.2571916,22.9524868]}},{"type":"Feature","properties":{"id":"china-osm-rail-station-9706799350","name":"锦龙","station_type":"railway_station","source_region":"guangdong","source_osm_id":"9706799350"},"geometry":{"type":"Point","coordinates":[113.235791,22.9567914]}},{"type":"Feature","properties":{"id":"china-osm-rail-station-9706799349","name":"陈村","station_type":"railway_station","source_region":"guangdong","source_osm_id":"9706799349"},"geometry":{"type":"Point","coordinates":[113.2315806,22.9707566]}},{"type":"Feature","properties":{"id":"china-osm-rail-station-11932116431","name":"陈村","station_type":"railway_station","source_region":"guangdong","source_osm_id":"11932116431"},"geometry":{"type":"Point","coordinates":[113.2333737,22.9721056]}},{"type":"Feature","properties":{"id":"china-osm-rail-station-9706799348","name":"陈村北","station_type":"railway_station","source_region":"guangdong","source_osm_id":"9706799348"},"geometry":{"type":"Point","coordinates":[113.2398796,22.9788197]}},{"type":"Feature","properties":{"id":"china-osm-rail-station-10290250425","name":"岳步","station_type":"railway_station","source_region":"guangdong","source_osm_id":"10290250425"},"geometry":{"type":"Point","coordinates":[113.1395929,22.9456303]}},{"type":"Feature","properties":{"id":"china-osm-rail-station-10290250427","name":"高村","station_type":"railway_station","source_region":"guangdong","source_osm_id":"10290250427"},"geometry":{"type":"Point","coordinates":[113.1889489,22.9474747]}},{"type":"Feature","properties":{"id":"china-osm-rail-station-9706799354","name":"美的大道","station_type":"railway_station","source_region":"guangdong","source_osm_id":"9706799354"},"geometry":{"type":"Point","coordinates":[113.2023646,22.9476007]}},{"type":"Feature","properties":{"id":"china-osm-rail-station-10290250424","name":"潭州会展","station_type":"railway_station","source_region":"guangdong","source_osm_id":"10290250424"},"geometry":{"type":"Point","coordinates":[113.1592602,22.951384]}},{"type":"Feature","properties":{"id":"china-osm-rail-station-10290250426","name":"北滘西站","station_type":"railway_station","source_region":"guangdong","source_osm_id":"10290250426"},"geometry":{"type":"Point","coordinates":[113.1727839,22.9547553]}},{"type":"Feature","properties":{"id":"china-osm-rail-station-11932116429","name":"北滘西","station_type":"railway_station","source_region":"guangdong","source_osm_id":"11932116429"},"geometry":{"type":"Point","coordinates":[113.172897,22.9551455]}},{"type":"Feature","properties":{"id":"china-osm-rail-station-10290250430","name":"大墩","station_type":"railway_station","source_region":"guangdong","source_osm_id":"10290250430"},"geometry":{"type":"Point","coordinates":[113.1238261,22.9564805]}},{"type":"Feature","properties":{"id":"china-osm-rail-station-6491001292","name":"新城东","station_type":"railway_station","source_region":"guangdong","source_osm_id":"6491001292"},"geometry":{"type":"Point","coordinates":[113.1349373,22.9615085]}},{"type":"Feature","properties":{"id":"china-osm-rail-station-11932116428","name":"顺德北","station_type":"railway_station","source_region":"guangdong","source_osm_id":"11932116428"},"geometry":{"type":"Point","coordinates":[113.1235276,22.9651193]}},{"type":"Feature","properties":{"id":"china-osm-rail-station-6491001291","name":"东平","station_type":"railway_station","source_region":"guangdong","source_osm_id":"6491001291"},"geometry":{"type":"Point","coordinates":[113.1236856,22.9677025]}},{"type":"Feature","properties":{"id":"china-osm-rail-station-11607169593","name":"高明","station_type":"railway_station","source_region":"guangdong","source_osm_id":"11607169593"},"geometry":{"type":"Point","coordinates":[112.7942192,22.8930138]}},{"type":"Feature","properties":{"id":"china-osm-rail-station-12644750366","name":"云浮","station_type":"railway_station","source_region":"guangdong","source_osm_id":"12644750366"},"geometry":{"type":"Point","coordinates":[112.1456964,22.9422035]}},{"type":"Feature","properties":{"id":"china-osm-rail-station-8440342290","name":"新桥镇","station_type":"railway_station","source_region":"guangdong","source_osm_id":"8440342290"},"geometry":{"type":"Point","coordinates":[112.4032496,22.9542655]}},{"type":"Feature","properties":{"id":"china-osm-rail-station-9193526292","name":"初城","station_type":"railway_station","source_region":"guangdong","source_osm_id":"9193526292"},"geometry":{"type":"Point","coordinates":[112.131907,22.9554716]}},{"type":"Feature","properties":{"id":"china-osm-rail-station-9193526291","name":"云浮","station_type":"railway_station","source_region":"guangdong","source_osm_id":"9193526291"},"geometry":{"type":"Point","coordinates":[112.0573223,22.9637474]}},{"type":"Feature","properties":{"id":"china-osm-rail-station-9193526290","name":"大降坪","station_type":"railway_station","source_region":"guangdong","source_osm_id":"9193526290"},"geometry":{"type":"Point","coordinates":[112.0287788,22.9717441]}},{"type":"Feature","properties":{"id":"china-osm-rail-station-7463907644","name":"丹灶","station_type":"railway_station","source_region":"guangdong","source_osm_id":"7463907644"},"geometry":{"type":"Point","coordinates":[112.8948904,23.0135699]}},{"type":"Feature","properties":{"id":"china-osm-rail-station-5098263175","name":"云浮东","station_type":"railway_station","source_region":"guangdong","source_osm_id":"5098263175"},"geometry":{"type":"Point","coordinates":[112.1332222,23.0150181]}},{"type":"Feature","properties":{"id":"china-osm-rail-station-8440342291","name":"高要","station_type":"railway_station","source_region":"guangdong","source_osm_id":"8440342291"},"geometry":{"type":"Point","coordinates":[112.4364504,23.0162761]}},{"type":"Feature","properties":{"id":"china-osm-rail-station-12382150910","name":"金利","station_type":"railway_station","source_region":"guangdong","source_osm_id":"12382150910"},"geometry":{"type":"Point","coordinates":[112.7589989,23.0474967]}},{"type":"Feature","properties":{"id":"china-osm-rail-station-5447446564","name":"世纪莲","station_type":"railway_station","source_region":"guangdong","source_osm_id":"5447446564"},"geometry":{"type":"Point","coordinates":[113.1100146,22.9679295]}},{"type":"Feature","properties":{"id":"china-osm-rail-station-9372157610","name":"花卉世界","station_type":"railway_station","source_region":"guangdong","source_osm_id":"9372157610"},"geometry":{"type":"Point","coordinates":[113.1558031,22.9760999]}},{"type":"Feature","properties":{"id":"china-osm-rail-station-9372157608","name":"登洲","station_type":"railway_station","source_region":"guangdong","source_osm_id":"9372157608"},"geometry":{"type":"Point","coordinates":[113.1435904,22.9816063]}},{"type":"Feature","properties":{"id":"china-osm-rail-station-9372157609","name":"仙涌","station_type":"railway_station","source_region":"guangdong","source_osm_id":"9372157609"},"geometry":{"type":"Point","coordinates":[113.1929167,22.985728]}},{"type":"Feature","properties":{"id":"china-osm-rail-station-9371696899","name":"南庄","station_type":"railway_station","source_region":"guangdong","source_osm_id":"9371696899"},"geometry":{"type":"Point","coordinates":[113.0012734,22.9857696]}},{"type":"Feature","properties":{"id":"china-osm-rail-station-6491001290","name":"澜石","station_type":"railway_station","source_region":"guangdong","source_osm_id":"6491001290"},"geometry":{"type":"Point","coordinates":[113.1015033,22.9866445]}},{"type":"Feature","properties":{"id":"china-osm-rail-station-9372157607","name":"湾华","station_type":"railway_station","source_region":"guangdong","source_osm_id":"9372157607"},"geometry":{"type":"Point","coordinates":[113.1260983,22.9946737]}},{"type":"Feature","properties":{"id":"china-osm-rail-station-9372157606","name":"石梁","station_type":"railway_station","source_region":"guangdong","source_osm_id":"9372157606"},"geometry":{"type":"Point","coordinates":[113.1128539,22.9953616]}},{"type":"Feature","properties":{"id":"china-osm-rail-station-5447436320","name":"魁奇路","station_type":"railway_station","source_region":"guangdong","source_osm_id":"5447436320"},"geometry":{"type":"Point","coordinates":[113.103127,22.9962272]}},{"type":"Feature","properties":{"id":"china-osm-rail-station-9371696904","name":"沙岗","station_type":"railway_station","source_region":"guangdong","source_osm_id":"9371696904"},"geometry":{"type":"Point","coordinates":[113.0887028,22.9990723]}},{"type":"Feature","properties":{"id":"china-osm-rail-station-9706799347","name":"大洲","station_type":"railway_station","source_region":"guangdong","source_osm_id":"9706799347"},"geometry":{"type":"Point","coordinates":[113.2520012,22.9865903]}},{"type":"Feature","properties":{"id":"china-osm-rail-station-9372157614","name":"广州南站","station_type":"railway_station","source_region":"guangdong","source_osm_id":"9372157614"},"geometry":{"type":"Point","coordinates":[113.2604785,22.9910905]}},{"type":"Feature","properties":{"id":"china-osm-rail-station-3677030154","name":"广州南","station_type":"railway_station","source_region":"guangdong","source_osm_id":"3677030154"},"geometry":{"type":"Point","coordinates":[113.2640375,22.9914143]}},{"type":"Feature","properties":{"id":"china-osm-rail-station-9625872463","name":"广州南站","station_type":"railway_station","source_region":"guangdong","source_osm_id":"9625872463"},"geometry":{"type":"Point","coordinates":[113.2667703,22.9916366]}},{"type":"Feature","properties":{"id":"china-osm-rail-station-5581818525","name":"广州南站","station_type":"railway_station","source_region":"guangdong","source_osm_id":"5581818525"},"geometry":{"type":"Point","coordinates":[113.2645482,22.991726]}},{"type":"Feature","properties":{"id":"china-osm-rail-station-9372157611","name":"石洲","station_type":"railway_station","source_region":"guangdong","source_osm_id":"9372157611"},"geometry":{"type":"Point","coordinates":[113.2108038,22.9933493]}},{"type":"Feature","properties":{"id":"china-osm-rail-station-9372157612","name":"林岳西","station_type":"railway_station","source_region":"guangdong","source_osm_id":"9372157612"},"geometry":{"type":"Point","coordinates":[113.231773,22.9964566]}},{"type":"Feature","properties":{"id":"china-osm-rail-station-9372157613","name":"林岳东","station_type":"railway_station","source_region":"guangdong","source_osm_id":"9372157613"},"geometry":{"type":"Point","coordinates":[113.2443459,22.9966962]}},{"type":"Feature","properties":{"id":"china-osm-rail-station-9032316983","name":"林岳东","station_type":"railway_station","source_region":"guangdong","source_osm_id":"9032316983"},"geometry":{"type":"Point","coordinates":[113.2420806,22.9968992]}},{"type":"Feature","properties":{"id":"china-osm-rail-station-9032316978","name":"林岳北","station_type":"railway_station","source_region":"guangdong","source_osm_id":"9032316978"},"geometry":{"type":"Point","coordinates":[113.2283366,23.0063072]}},{"type":"Feature","properties":{"id":"china-osm-rail-station-10290250431","name":"亚艺公园","station_type":"railway_station","source_region":"guangdong","source_osm_id":"10290250431"},"geometry":{"type":"Point","coordinates":[113.1243188,23.0045462]}},{"type":"Feature","properties":{"id":"china-osm-rail-station-9371696902","name":"绿岛湖","station_type":"railway_station","source_region":"guangdong","source_osm_id":"9371696902"},"geometry":{"type":"Point","coordinates":[113.0286614,23.004547]}},{"type":"Feature","properties":{"id":"china-osm-rail-station-9371696900","name":"湖涌","station_type":"railway_station","source_region":"guangdong","source_osm_id":"9371696900"},"geometry":{"type":"Point","coordinates":[113.0062226,23.0057011]}},{"type":"Feature","properties":{"id":"china-osm-rail-station-9371696901","name":"石湾","station_type":"railway_station","source_region":"guangdong","source_osm_id":"9371696901"},"geometry":{"type":"Point","coordinates":[113.077596,23.0083241]}},{"type":"Feature","properties":{"id":"china-osm-rail-station-6491001288","name":"季华园","station_type":"railway_station","source_region":"guangdong","source_osm_id":"6491001288"},"geometry":{"type":"Point","coordinates":[113.1030462,23.0096252]}},{"type":"Feature","properties":{"id":"china-osm-rail-station-11932116427","name":"张槎","station_type":"railway_station","source_region":"guangdong","source_osm_id":"11932116427"},"geometry":{"type":"Point","coordinates":[113.062466,23.0119457]}},{"type":"Feature","properties":{"id":"china-osm-rail-station-9372157605","name":"张槎","station_type":"railway_station","source_region":"guangdong","source_osm_id":"9372157605"},"geometry":{"type":"Point","coordinates":[113.0625491,23.0136445]}},{"type":"Feature","properties":{"id":"china-osm-rail-station-9371696903","name":"智慧新城","station_type":"railway_station","source_region":"guangdong","source_osm_id":"9371696903"},"geometry":{"type":"Point","coordinates":[113.0501119,23.0136753]}},{"type":"Feature","properties":{"id":"china-osm-rail-station-10290250432","name":"季华六路","station_type":"railway_station","source_region":"guangdong","source_osm_id":"10290250432"},"geometry":{"type":"Point","coordinates":[113.131399,23.014656]}},{"type":"Feature","properties":{"id":"china-osm-rail-station-10290250433","name":"镇安","station_type":"railway_station","source_region":"guangdong","source_osm_id":"10290250433"},"geometry":{"type":"Point","coordinates":[113.1389172,23.0187365]}},{"type":"Feature","properties":{"id":"china-osm-rail-station-6491001287","name":"同济路","station_type":"railway_station","source_region":"guangdong","source_osm_id":"6491001287"},"geometry":{"type":"Point","coordinates":[113.1030268,23.0216223]}},{"type":"Feature","properties":{"id":"china-osm-rail-station-9016809523","name":"平南","station_type":"railway_station","source_region":"guangdong","source_osm_id":"9016809523"},"geometry":{"type":"Point","coordinates":[113.1963873,23.0232668]}},{"type":"Feature","properties":{"id":"china-osm-rail-station-9016809529","name":"玉器街","station_type":"railway_station","source_region":"guangdong","source_osm_id":"9016809529"},"geometry":{"type":"Point","coordinates":[113.2044024,23.0243852]}},{"type":"Feature","properties":{"id":"china-osm-rail-station-6491001286","name":"祖庙","station_type":"railway_station","source_region":"guangdong","source_osm_id":"6491001286"},"geometry":{"type":"Point","coordinates":[113.1066766,23.0296284]}},{"type":"Feature","properties":{"id":"china-osm-rail-station-6491001285","name":"朝安","station_type":"railway_station","source_region":"guangdong","source_osm_id":"6491001285"},"geometry":{"type":"Point","coordinates":[113.1277392,23.0301623]}},{"type":"Feature","properties":{"id":"china-osm-rail-station-5441714428","name":"普君北路","station_type":"railway_station","source_region":"guangdong","source_osm_id":"5441714428"},"geometry":{"type":"Point","coordinates":[113.1177994,23.030176]}},{"type":"Feature","properties":{"id":"china-osm-rail-station-9016809521","name":"平西","station_type":"railway_station","source_region":"guangdong","source_osm_id":"9016809521"},"geometry":{"type":"Point","coordinates":[113.1905436,23.0307196]}},{"type":"Feature","properties":{"id":"china-osm-rail-station-5447412386","name":"桂城","station_type":"railway_station","source_region":"guangdong","source_osm_id":"5447412386"},"geometry":{"type":"Point","coordinates":[113.1360583,23.0341777]}},{"type":"Feature","properties":{"id":"china-osm-rail-station-9016809517","name":"康怡公园","station_type":"railway_station","source_region":"guangdong","source_osm_id":"9016809517"},"geometry":{"type":"Point","coordinates":[113.1845876,23.0358191]}},{"type":"Feature","properties":{"id":"china-osm-rail-station-9189836466","name":"钢厂","station_type":"railway_station","source_region":"guangxi","source_osm_id":"9189836466"},"geometry":{"type":"Point","coordinates":[108.4501887,21.5645215]}},{"type":"Feature","properties":{"id":"china-osm-rail-station-7706508973","name":"云约","station_type":"railway_station","source_region":"guangxi","source_osm_id":"7706508973"},"geometry":{"type":"Point","coordinates":[108.4614012,21.6094221]}},{"type":"Feature","properties":{"id":"china-osm-rail-station-9189836467","name":"皇城坳","station_type":"railway_station","source_region":"guangxi","source_osm_id":"9189836467"},"geometry":{"type":"Point","coordinates":[108.466076,21.6923591]}},{"type":"Feature","properties":{"id":"china-osm-rail-station-7661758300","name":"钦州港","station_type":"railway_station","source_region":"guangxi","source_osm_id":"7661758300"},"geometry":{"type":"Point","coordinates":[108.6102918,21.7528376]}},{"type":"Feature","properties":{"id":"china-osm-rail-station-9189836465","name":"大榄坪","station_type":"railway_station","source_region":"guangxi","source_osm_id":"9189836465"},"geometry":{"type":"Point","coordinates":[108.6652025,21.7544248]}},{"type":"Feature","properties":{"id":"china-osm-rail-station-7692210521","name":"茅岭","station_type":"railway_station","source_region":"guangxi","source_osm_id":"7692210521"},"geometry":{"type":"Point","coordinates":[108.4475064,21.8499439]}},{"type":"Feature","properties":{"id":"china-osm-rail-station-1999297932","name":"海棠","station_type":"railway_station","source_region":"guangxi","source_osm_id":"1999297932"},"geometry":{"type":"Point","coordinates":[108.655678,21.8925444]}},{"type":"Feature","properties":{"id":"china-osm-rail-station-7692210520","name":"康熙岭","station_type":"railway_station","source_region":"guangxi","source_osm_id":"7692210520"},"geometry":{"type":"Point","coordinates":[108.5222513,21.9300911]}},{"type":"Feature","properties":{"id":"china-osm-rail-station-1999298719","name":"钦州东","station_type":"railway_station","source_region":"guangxi","source_osm_id":"1999298719"},"geometry":{"type":"Point","coordinates":[108.6648763,21.9824408]}},{"type":"Feature","properties":{"id":"china-osm-rail-station-1541942450","name":"北海","station_type":"railway_station","source_region":"guangxi","source_osm_id":"1541942450"},"geometry":{"type":"Point","coordinates":[109.1242504,21.4542999]}},{"type":"Feature","properties":{"id":"china-osm-rail-station-7692389333","name":"北海港","station_type":"railway_station","source_region":"guangxi","source_osm_id":"7692389333"},"geometry":{"type":"Point","coordinates":[109.0729954,21.4581409]}},{"type":"Feature","properties":{"id":"china-osm-rail-station-13374222464","name":"北海北","station_type":"railway_station","source_region":"guangxi","source_osm_id":"13374222464"},"geometry":{"type":"Point","coordinates":[109.2772798,21.5868197]}},{"type":"Feature","properties":{"id":"china-osm-rail-station-9186758520","name":"伞塘","station_type":"railway_station","source_region":"guangxi","source_osm_id":"9186758520"},"geometry":{"type":"Point","coordinates":[109.4688785,21.6152927]}},{"type":"Feature","properties":{"id":"china-osm-rail-station-7692389334","name":"合浦","station_type":"railway_station","source_region":"guangxi","source_osm_id":"7692389334"},"geometry":{"type":"Point","coordinates":[109.1831002,21.6246463]}},{"type":"Feature","properties":{"id":"china-osm-rail-station-9186758521","name":"闸口镇","station_type":"railway_station","source_region":"guangxi","source_osm_id":"9186758521"},"geometry":{"type":"Point","coordinates":[109.4549739,21.7125299]}},{"type":"Feature","properties":{"id":"china-osm-rail-station-8158566835","name":"旺乡岭","station_type":"railway_station","source_region":"guangxi","source_osm_id":"8158566835"},"geometry":{"type":"Point","coordinates":[109.0598951,21.7192629]}},{"type":"Feature","properties":{"id":"china-osm-rail-station-7692389330","name":"大马","station_type":"railway_station","source_region":"guangxi","source_osm_id":"7692389330"},"geometry":{"type":"Point","coordinates":[108.9128394,21.8407338]}},{"type":"Feature","properties":{"id":"china-osm-rail-station-5245259685","name":"那丽","station_type":"railway_station","source_region":"guangxi","source_osm_id":"5245259685"},"geometry":{"type":"Point","coordinates":[108.899231,21.8642594]}},{"type":"Feature","properties":{"id":"china-osm-rail-station-8158566832","name":"沙坪","station_type":"railway_station","source_region":"guangxi","source_osm_id":"8158566832"},"geometry":{"type":"Point","coordinates":[108.9459076,22.5016277]}},{"type":"Feature","properties":{"id":"china-osm-rail-station-5932710969","name":"防城港北","station_type":"railway_station","source_region":"guangxi","source_osm_id":"5932710969"},"geometry":{"type":"Point","coordinates":[108.3734756,21.7164225]}},{"type":"Feature","properties":{"id":"china-osm-rail-station-1535222204","name":"防城","station_type":"railway_station","source_region":"guangxi","source_osm_id":"1535222204"},"geometry":{"type":"Point","coordinates":[108.3660731,21.7689113]}},{"type":"Feature","properties":{"id":"china-osm-rail-station-2661130707","name":"那铺","station_type":"railway_station","source_region":"guangxi","source_osm_id":"2661130707"},"geometry":{"type":"Point","coordinates":[108.3794239,22.4180382]}},{"type":"Feature","properties":{"id":"china-osm-rail-station-1535265373","name":"大元","station_type":"railway_station","source_region":"guangxi","source_osm_id":"1535265373"},"geometry":{"type":"Point","coordinates":[108.349399,22.4856306]}},{"type":"Feature","properties":{"id":"china-osm-rail-station-1535265377","name":"宁村","station_type":"railway_station","source_region":"guangxi","source_osm_id":"1535265377"},"geometry":{"type":"Point","coordinates":[108.3331221,22.5593987]}},{"type":"Feature","properties":{"id":"china-osm-rail-station-5429712253","name":"玉洞","station_type":"railway_station","source_region":"guangxi","source_osm_id":"5429712253"},"geometry":{"type":"Point","coordinates":[108.3741241,22.6935958]}},{"type":"Feature","properties":{"id":"china-osm-rail-station-7820672767","name":"东风路","station_type":"railway_station","source_region":"guangxi","source_osm_id":"7820672767"},"geometry":{"type":"Point","coordinates":[108.3483781,22.7221353]}},{"type":"Feature","properties":{"id":"china-osm-rail-station-7820672779","name":"玉岭路","station_type":"railway_station","source_region":"guangxi","source_osm_id":"7820672779"},"geometry":{"type":"Point","coordinates":[108.356285,22.724155]}},{"type":"Feature","properties":{"id":"china-osm-rail-station-9299742089","name":"玉洞","station_type":"railway_station","source_region":"guangxi","source_osm_id":"9299742089"},"geometry":{"type":"Point","coordinates":[108.3325441,22.7252409]}},{"type":"Feature","properties":{"id":"china-osm-rail-station-1999298720","name":"钦州","station_type":"railway_station","source_region":"guangxi","source_osm_id":"1999298720"},"geometry":{"type":"Point","coordinates":[108.6157075,21.9871096]}},{"type":"Feature","properties":{"id":"china-osm-rail-station-2661130703","name":"马皇","station_type":"railway_station","source_region":"guangxi","source_osm_id":"2661130703"},"geometry":{"type":"Point","coordinates":[108.6482344,22.0508391]}},{"type":"Feature","properties":{"id":"china-osm-rail-station-7681047738","name":"钦州北","station_type":"railway_station","source_region":"guangxi","source_osm_id":"7681047738"},"geometry":{"type":"Point","coordinates":[108.6472914,22.0585493]}},{"type":"Feature","properties":{"id":"china-osm-rail-station-2855588660","name":"大垌","station_type":"railway_station","source_region":"guangxi","source_osm_id":"2855588660"},"geometry":{"type":"Point","coordinates":[108.6352458,22.1198274]}},{"type":"Feature","properties":{"id":"china-osm-rail-station-8158566834","name":"平吉","station_type":"railway_station","source_region":"guangxi","source_osm_id":"8158566834"},"geometry":{"type":"Point","coordinates":[108.7326444,22.1464501]}},{"type":"Feature","properties":{"id":"china-osm-rail-station-7692331707","name":"小董西","station_type":"railway_station","source_region":"guangxi","source_osm_id":"7692331707"},"geometry":{"type":"Point","coordinates":[108.580731,22.2060609]}},{"type":"Feature","properties":{"id":"china-osm-rail-station-2661130711","name":"小董","station_type":"railway_station","source_region":"guangxi","source_osm_id":"2661130711"},"geometry":{"type":"Point","coordinates":[108.6018708,22.2251828]}},{"type":"Feature","properties":{"id":"china-osm-rail-station-2661130699","name":"大拟","station_type":"railway_station","source_region":"guangxi","source_osm_id":"2661130699"},"geometry":{"type":"Point","coordinates":[108.5154141,22.2999343]}},{"type":"Feature","properties":{"id":"china-osm-rail-station-8158566833","name":"陆屋","station_type":"railway_station","source_region":"guangxi","source_osm_id":"8158566833"},"geometry":{"type":"Point","coordinates":[108.8744102,22.3067126]}},{"type":"Feature","properties":{"id":"china-osm-rail-station-2661130698","name":"百浪","station_type":"railway_station","source_region":"guangxi","source_osm_id":"2661130698"},"geometry":{"type":"Point","coordinates":[108.4524633,22.368064]}},{"type":"Feature","properties":{"id":"china-osm-rail-station-7692331706","name":"大塘","station_type":"railway_station","source_region":"guangxi","source_osm_id":"7692331706"},"geometry":{"type":"Point","coordinates":[108.4290913,22.4905917]}},{"type":"Feature","properties":{"id":"china-osm-rail-station-7831128900","name":"五象南","station_type":"railway_station","source_region":"guangxi","source_osm_id":"7831128900"},"geometry":{"type":"Point","coordinates":[108.4259197,22.7154345]}},{"type":"Feature","properties":{"id":"china-osm-rail-station-8151357007","name":"坛泽","station_type":"railway_station","source_region":"guangxi","source_osm_id":"8151357007"},"geometry":{"type":"Point","coordinates":[108.3923751,22.72885]}},{"type":"Feature","properties":{"id":"china-osm-rail-station-6528202623","name":"五象湖","station_type":"railway_station","source_region":"guangxi","source_osm_id":"6528202623"},"geometry":{"type":"Point","coordinates":[108.3800093,22.7415424]}},{"type":"Feature","properties":{"id":"china-osm-rail-station-8147782979","name":"良庆圩","station_type":"railway_station","source_region":"guangxi","source_osm_id":"8147782979"},"geometry":{"type":"Point","coordinates":[108.4137588,22.7555784]}},{"type":"Feature","properties":{"id":"china-osm-rail-station-8147782980","name":"楞塘村","station_type":"railway_station","source_region":"guangxi","source_osm_id":"8147782980"},"geometry":{"type":"Point","coordinates":[108.4247901,22.7569245]}},{"type":"Feature","properties":{"id":"china-osm-rail-station-8147782978","name":"良庆大桥南","station_type":"railway_station","source_region":"guangxi","source_osm_id":"8147782978"},"geometry":{"type":"Point","coordinates":[108.4021168,22.7575462]}},{"type":"Feature","properties":{"id":"china-osm-rail-station-8147782975","name":"清平坡","station_type":"railway_station","source_region":"guangxi","source_osm_id":"8147782975"},"geometry":{"type":"Point","coordinates":[108.4506506,22.7622443]}},{"type":"Feature","properties":{"id":"china-osm-rail-station-8147782977","name":"体育中心东","station_type":"railway_station","source_region":"guangxi","source_osm_id":"8147782977"},"geometry":{"type":"Point","coordinates":[108.3950988,22.7634337]}},{"type":"Feature","properties":{"id":"china-osm-rail-station-8140390441","name":"龙岗","station_type":"railway_station","source_region":"guangxi","source_osm_id":"8140390441"},"geometry":{"type":"Point","coordinates":[108.4617549,22.766118]}},{"type":"Feature","properties":{"id":"china-osm-rail-station-8151357010","name":"那福路","station_type":"railway_station","source_region":"guangxi","source_osm_id":"8151357010"},"geometry":{"type":"Point","coordinates":[108.3693845,22.7276275]}},{"type":"Feature","properties":{"id":"china-osm-rail-station-6528202618","name":"平良立交","station_type":"railway_station","source_region":"guangxi","source_osm_id":"6528202618"},"geometry":{"type":"Point","coordinates":[108.3796805,22.7291402]}},{"type":"Feature","properties":{"id":"china-osm-rail-station-9299742090","name":"金象","station_type":"railway_station","source_region":"guangxi","source_osm_id":"9299742090"},"geometry":{"type":"Point","coordinates":[108.3283175,22.7339322]}},{"type":"Feature","properties":{"id":"china-osm-rail-station-9299742091","name":"石子塘","station_type":"railway_station","source_region":"guangxi","source_osm_id":"9299742091"},"geometry":{"type":"Point","coordinates":[108.3202158,22.7440189]}},{"type":"Feature","properties":{"id":"china-osm-rail-station-6528202625","name":"庆歌路","station_type":"railway_station","source_region":"guangxi","source_osm_id":"6528202625"},"geometry":{"type":"Point","coordinates":[108.3792181,22.7531383]}},{"type":"Feature","properties":{"id":"china-osm-rail-station-9351742422","name":"建设路","station_type":"railway_station","source_region":"guangxi","source_osm_id":"9351742422"},"geometry":{"type":"Point","coordinates":[108.3143561,22.7545603]}},{"type":"Feature","properties":{"id":"china-osm-rail-station-6524816058","name":"广西规划馆","station_type":"railway_station","source_region":"guangxi","source_osm_id":"6524816058"},"geometry":{"type":"Point","coordinates":[108.3737498,22.7598582]}},{"type":"Feature","properties":{"id":"china-osm-rail-station-8147809870","name":"金象大道","station_type":"railway_station","source_region":"guangxi","source_osm_id":"8147809870"},"geometry":{"type":"Point","coordinates":[108.318809,22.7635017]}},{"type":"Feature","properties":{"id":"china-osm-rail-station-8151244743","name":"大沙田","station_type":"railway_station","source_region":"guangxi","source_osm_id":"8151244743"},"geometry":{"type":"Point","coordinates":[108.3128889,22.7635481]}},{"type":"Feature","properties":{"id":"china-osm-rail-station-8147809873","name":"五象岭","station_type":"railway_station","source_region":"guangxi","source_osm_id":"8147809873"},"geometry":{"type":"Point","coordinates":[108.3351607,22.7642833]}},{"type":"Feature","properties":{"id":"china-osm-rail-station-8147782976","name":"体育中心西","station_type":"railway_station","source_region":"guangxi","source_osm_id":"8147782976"},"geometry":{"type":"Point","coordinates":[108.3880228,22.7680747]}},{"type":"Feature","properties":{"id":"china-osm-rail-station-8147788430","name":"飞龙路","station_type":"railway_station","source_region":"guangxi","source_osm_id":"8147788430"},"geometry":{"type":"Point","coordinates":[108.3822802,22.7689962]}},{"type":"Feature","properties":{"id":"china-osm-rail-station-10588761273","name":"青秀路","station_type":"railway_station","source_region":"guangxi","source_osm_id":"10588761273"},"geometry":{"type":"Point","coordinates":[108.388313,22.8038829]}},{"type":"Feature","properties":{"id":"china-osm-rail-station-12145464389","name":"合作路","station_type":"railway_station","source_region":"guangxi","source_osm_id":"12145464389"},"geometry":{"type":"Point","coordinates":[108.394567,22.8077344]}},{"type":"Feature","properties":{"id":"china-osm-rail-station-10588761275","name":"市科技馆","station_type":"railway_station","source_region":"guangxi","source_osm_id":"10588761275"},"geometry":{"type":"Point","coordinates":[108.4050656,22.8091492]}},{"type":"Feature","properties":{"id":"china-osm-rail-station-11330540416","name":"峦城","station_type":"railway_station","source_region":"guangxi","source_osm_id":"11330540416"},"geometry":{"type":"Point","coordinates":[108.864523,22.8095274]}},{"type":"Feature","properties":{"id":"china-osm-rail-station-10588761278","name":"天池山","station_type":"railway_station","source_region":"guangxi","source_osm_id":"10588761278"},"geometry":{"type":"Point","coordinates":[108.4543096,22.8112031]}},{"type":"Feature","properties":{"id":"china-osm-rail-station-10588761277","name":"开泰路","station_type":"railway_station","source_region":"guangxi","source_osm_id":"10588761277"},"geometry":{"type":"Point","coordinates":[108.4409903,22.8117267]}},{"type":"Feature","properties":{"id":"china-osm-rail-station-10588761276","name":"林里桥","station_type":"railway_station","source_region":"guangxi","source_osm_id":"10588761276"},"geometry":{"type":"Point","coordinates":[108.424428,22.8127752]}},{"type":"Feature","properties":{"id":"china-osm-rail-station-7870753999","name":"凤岭","station_type":"railway_station","source_region":"guangxi","source_osm_id":"7870753999"},"geometry":{"type":"Point","coordinates":[108.4062973,22.8155844]}},{"type":"Feature","properties":{"id":"china-osm-rail-station-10588761272","name":"会展中心南","station_type":"railway_station","source_region":"guangxi","source_osm_id":"10588761272"},"geometry":{"type":"Point","coordinates":[108.3743476,22.8047979]}},{"type":"Feature","properties":{"id":"china-osm-rail-station-10588761267","name":"区医院","station_type":"railway_station","source_region":"guangxi","source_osm_id":"10588761267"},"geometry":{"type":"Point","coordinates":[108.3231754,22.8066927]}},{"type":"Feature","properties":{"id":"china-osm-rail-station-10588761270","name":"市三中","station_type":"railway_station","source_region":"guangxi","source_osm_id":"10588761270"},"geometry":{"type":"Point","coordinates":[108.3512607,22.8068661]}},{"type":"Feature","properties":{"id":"china-osm-rail-station-9299742096","name":"南宁剧场","station_type":"railway_station","source_region":"guangxi","source_osm_id":"9299742096"},"geometry":{"type":"Point","coordinates":[108.3095795,22.8069169]}},{"type":"Feature","properties":{"id":"china-osm-rail-station-6524768687","name":"埌西","station_type":"railway_station","source_region":"guangxi","source_osm_id":"6524768687"},"geometry":{"type":"Point","coordinates":[108.3626126,22.8093979]}},{"type":"Feature","properties":{"id":"china-osm-rail-station-10588761271","name":"埌西","station_type":"railway_station","source_region":"guangxi","source_osm_id":"10588761271"},"geometry":{"type":"Point","coordinates":[108.364248,22.8108698]}},{"type":"Feature","properties":{"id":"china-osm-rail-station-6524768709","name":"金湖广场","station_type":"railway_station","source_region":"guangxi","source_osm_id":"6524768709"},"geometry":{"type":"Point","coordinates":[108.3672543,22.8156674]}},{"type":"Feature","properties":{"id":"china-osm-rail-station-4018278917","name":"会展中心","station_type":"railway_station","source_region":"guangxi","source_osm_id":"4018278917"},"geometry":{"type":"Point","coordinates":[108.3793585,22.8156706]}},{"type":"Feature","properties":{"id":"china-osm-rail-station-7870754000","name":"南湖","station_type":"railway_station","source_region":"guangxi","source_osm_id":"7870754000"},"geometry":{"type":"Point","coordinates":[108.358815,22.8156936]}},{"type":"Feature","properties":{"id":"china-osm-rail-station-4018278909","name":"麻村","station_type":"railway_station","source_region":"guangxi","source_osm_id":"4018278909"},"geometry":{"type":"Point","coordinates":[108.3434035,22.8157435]}},{"type":"Feature","properties":{"id":"china-osm-rail-station-4018278925","name":"埌东客运站","station_type":"railway_station","source_region":"guangxi","source_osm_id":"4018278925"},"geometry":{"type":"Point","coordinates":[108.4145652,22.8155939]}},{"type":"Feature","properties":{"id":"china-osm-rail-station-5211401030","name":"东盟商务区","station_type":"railway_station","source_region":"guangxi","source_osm_id":"5211401030"},"geometry":{"type":"Point","coordinates":[108.3948255,22.815615]}},{"type":"Feature","properties":{"id":"china-osm-rail-station-4018278919","name":"万象城","station_type":"railway_station","source_region":"guangxi","source_osm_id":"4018278919"},"geometry":{"type":"Point","coordinates":[108.3874346,22.8156607]}},{"type":"Feature","properties":{"id":"china-osm-rail-station-5211422040","name":"百花岭","station_type":"railway_station","source_region":"guangxi","source_osm_id":"5211422040"},"geometry":{"type":"Point","coordinates":[108.4237155,22.8213037]}},{"type":"Feature","properties":{"id":"china-osm-rail-station-4890692920","name":"邕宁","station_type":"railway_station","source_region":"guangxi","source_osm_id":"4890692920"},"geometry":{"type":"Point","coordinates":[108.5262523,22.8216353]}},{"type":"Feature","properties":{"id":"china-osm-rail-station-11330533630","name":"五合","station_type":"railway_station","source_region":"guangxi","source_osm_id":"11330533630"},"geometry":{"type":"Point","coordinates":[108.5374364,22.8250027]}},{"type":"Feature","properties":{"id":"china-osm-rail-station-5211422050","name":"佛子岭","station_type":"railway_station","source_region":"guangxi","source_osm_id":"5211422050"},"geometry":{"type":"Point","coordinates":[108.4208214,22.8341476]}},{"type":"Feature","properties":{"id":"china-osm-rail-station-7870753998","name":"火车东站","station_type":"railway_station","source_region":"guangxi","source_osm_id":"7870753998"},"geometry":{"type":"Point","coordinates":[108.4099123,22.8421617]}},{"type":"Feature","properties":{"id":"china-osm-rail-station-3677188104","name":"屯里","station_type":"railway_station","source_region":"guangxi","source_osm_id":"3677188104"},"geometry":{"type":"Point","coordinates":[108.4271099,22.843295]}},{"type":"Feature","properties":{"id":"china-osm-rail-station-7691075908","name":"南宁东","station_type":"railway_station","source_region":"guangxi","source_osm_id":"7691075908"},"geometry":{"type":"Point","coordinates":[108.4099277,22.8447744]}},{"type":"Feature","properties":{"id":"china-osm-rail-station-7905547568","name":"东沟岭","station_type":"railway_station","source_region":"guangxi","source_osm_id":"7905547568"},"geometry":{"type":"Point","coordinates":[108.3508104,22.8484771]}},{"type":"Feature","properties":{"id":"china-osm-rail-station-9289245755","name":"虎邱","station_type":"railway_station","source_region":"guangxi","source_osm_id":"9289245755"},"geometry":{"type":"Point","coordinates":[108.3264788,22.8505587]}},{"type":"Feature","properties":{"id":"china-osm-rail-station-9289245750","name":"狮山公园","station_type":"railway_station","source_region":"guangxi","source_osm_id":"9289245750"},"geometry":{"type":"Point","coordinates":[108.3366891,22.8559216]}},{"type":"Feature","properties":{"id":"china-osm-rail-station-6524768696","name":"小鸡村","station_type":"railway_station","source_region":"guangxi","source_osm_id":"6524768696"},"geometry":{"type":"Point","coordinates":[108.3518945,22.8590348]}},{"type":"Feature","properties":{"id":"china-osm-rail-station-9289245756","name":"邕宾立交","station_type":"railway_station","source_region":"guangxi","source_osm_id":"9289245756"},"geometry":{"type":"Point","coordinates":[108.3598459,22.8595592]}},{"type":"Feature","properties":{"id":"china-osm-rail-station-9289245752","name":"降桥","station_type":"railway_station","source_region":"guangxi","source_osm_id":"9289245752"},"geometry":{"type":"Point","coordinates":[108.3698102,22.8653597]}},{"type":"Feature","properties":{"id":"china-osm-rail-station-6524768697","name":"兴桂路","station_type":"railway_station","source_region":"guangxi","source_osm_id":"6524768697"},"geometry":{"type":"Point","coordinates":[108.3526372,22.8675601]}},{"type":"Feature","properties":{"id":"china-osm-rail-station-6524768695","name":"大鸡村","station_type":"railway_station","source_region":"guangxi","source_osm_id":"6524768695"},"geometry":{"type":"Point","coordinates":[108.347375,22.8752753]}},{"type":"Feature","properties":{"id":"china-osm-rail-station-6524768699","name":"邕武路","station_type":"railway_station","source_region":"guangxi","source_osm_id":"6524768699"},"geometry":{"type":"Point","coordinates":[108.3363314,22.8784829]}},{"type":"Feature","properties":{"id":"china-osm-rail-station-6524768703","name":"北湖北路","station_type":"railway_station","source_region":"guangxi","source_osm_id":"6524768703"},"geometry":{"type":"Point","coordinates":[108.3124774,22.8789852]}},{"type":"Feature","properties":{"id":"china-osm-rail-station-6237827899","name":"东兴市","station_type":"railway_station","source_region":"guangxi","source_osm_id":"6237827899"},"geometry":{"type":"Point","coordinates":[108.013031,21.5783869]}},{"type":"Feature","properties":{"id":"china-osm-rail-station-10241499928","name":"吴圩机场","station_type":"railway_station","source_region":"guangxi","source_osm_id":"10241499928"},"geometry":{"type":"Point","coordinates":[108.1832873,22.6026457]}},{"type":"Feature","properties":{"id":"china-osm-rail-station-7692210516","name":"大王滩","station_type":"railway_station","source_region":"guangxi","source_osm_id":"7692210516"},"geometry":{"type":"Point","coordinates":[108.2798291,22.6139677]}},{"type":"Feature","properties":{"id":"china-osm-rail-station-7692210515","name":"吴圩","station_type":"railway_station","source_region":"guangxi","source_osm_id":"7692210515"},"geometry":{"type":"Point","coordinates":[108.2435748,22.6462814]}},{"type":"Feature","properties":{"id":"china-osm-rail-station-1569023846","name":"那罗","station_type":"railway_station","source_region":"guangxi","source_osm_id":"1569023846"},"geometry":{"type":"Point","coordinates":[108.27283,22.7344966]}},{"type":"Feature","properties":{"id":"china-osm-rail-station-8154580339","name":"维罗","station_type":"railway_station","source_region":"guangxi","source_osm_id":"8154580339"},"geometry":{"type":"Point","coordinates":[108.0371439,22.7505125]}},{"type":"Feature","properties":{"id":"china-osm-rail-station-9289282076","name":"国凯大道","station_type":"railway_station","source_region":"guangxi","source_osm_id":"9289282076"},"geometry":{"type":"Point","coordinates":[108.2678157,22.7568407]}},{"type":"Feature","properties":{"id":"china-osm-rail-station-7692210514","name":"沙井","station_type":"railway_station","source_region":"guangxi","source_osm_id":"7692210514"},"geometry":{"type":"Point","coordinates":[108.2506401,22.7581926]}},{"type":"Feature","properties":{"id":"china-osm-rail-station-1569023836","name":"金鸡村","station_type":"railway_station","source_region":"guangxi","source_osm_id":"1569023836"},"geometry":{"type":"Point","coordinates":[108.181557,22.7603838]}},{"type":"Feature","properties":{"id":"china-osm-rail-station-8147809872","name":"通源路","station_type":"railway_station","source_region":"guangxi","source_osm_id":"8147809872"},"geometry":{"type":"Point","coordinates":[108.2964125,22.7613399]}},{"type":"Feature","properties":{"id":"china-osm-rail-station-1577103523","name":"凭祥","station_type":"railway_station","source_region":"guangxi","source_osm_id":"1577103523"},"geometry":{"type":"Point","coordinates":[106.739165,22.082796]}},{"type":"Feature","properties":{"id":"china-osm-rail-station-11278710052","name":"凭祥东","station_type":"railway_station","source_region":"guangxi","source_osm_id":"11278710052"},"geometry":{"type":"Point","coordinates":[106.7893734,22.1063767]}},{"type":"Feature","properties":{"id":"china-osm-rail-station-1577103546","name":"夏石","station_type":"railway_station","source_region":"guangxi","source_osm_id":"1577103546"},"geometry":{"type":"Point","coordinates":[106.90007,22.1214]}},{"type":"Feature","properties":{"id":"china-osm-rail-station-1577103520","name":"宁明","station_type":"railway_station","source_region":"guangxi","source_osm_id":"1577103520"},"geometry":{"type":"Point","coordinates":[107.059844,22.1611823]}},{"type":"Feature","properties":{"id":"china-osm-rail-station-1577103516","name":"龙伯屯","station_type":"railway_station","source_region":"guangxi","source_osm_id":"1577103516"},"geometry":{"type":"Point","coordinates":[107.11194,22.1862]}},{"type":"Feature","properties":{"id":"china-osm-rail-station-1577103545","name":"亭亮","station_type":"railway_station","source_region":"guangxi","source_osm_id":"1577103545"},"geometry":{"type":"Point","coordinates":[107.1843536,22.2195506]}},{"type":"Feature","properties":{"id":"china-osm-rail-station-1577103536","name":"天西","station_type":"railway_station","source_region":"guangxi","source_osm_id":"1577103536"},"geometry":{"type":"Point","coordinates":[107.1755581,22.305313]}},{"type":"Feature","properties":{"id":"china-osm-rail-station-11278671526","name":"宁明东","station_type":"railway_station","source_region":"guangxi","source_osm_id":"11278671526"},"geometry":{"type":"Point","coordinates":[107.2005097,22.3100202]}},{"type":"Feature","properties":{"id":"china-osm-rail-station-11278698812","name":"龙州","station_type":"railway_station","source_region":"guangxi","source_osm_id":"11278698812"},"geometry":{"type":"Point","coordinates":[106.8740455,22.3146162]}},{"type":"Feature","properties":{"id":"china-osm-rail-station-7781698840","name":"崇左南","station_type":"railway_station","source_region":"guangxi","source_osm_id":"7781698840"},"geometry":{"type":"Point","coordinates":[107.3910844,22.3574907]}},{"type":"Feature","properties":{"id":"china-osm-rail-station-8147809869","name":"金阳路","station_type":"railway_station","source_region":"guangxi","source_osm_id":"8147809869"},"geometry":{"type":"Point","coordinates":[108.277563,22.7635204]}},{"type":"Feature","properties":{"id":"china-osm-rail-station-8147809871","name":"那历村","station_type":"railway_station","source_region":"guangxi","source_osm_id":"8147809871"},"geometry":{"type":"Point","coordinates":[108.2549822,22.7636257]}},{"type":"Feature","properties":{"id":"china-osm-rail-station-8147809874","name":"那洪立交","station_type":"railway_station","source_region":"guangxi","source_osm_id":"8147809874"},"geometry":{"type":"Point","coordinates":[108.2669606,22.7636307]}},{"type":"Feature","properties":{"id":"china-osm-rail-station-8147809867","name":"洪运路","station_type":"railway_station","source_region":"guangxi","source_osm_id":"8147809867"},"geometry":{"type":"Point","coordinates":[108.2378383,22.7684455]}},{"type":"Feature","properties":{"id":"china-osm-rail-station-9289282077","name":"金凯路","station_type":"railway_station","source_region":"guangxi","source_osm_id":"9289282077"},"geometry":{"type":"Point","coordinates":[108.2674449,22.7713416]}},{"type":"Feature","properties":{"id":"china-osm-rail-station-8050763450","name":"江西村","station_type":"railway_station","source_region":"guangxi","source_osm_id":"8050763450"},"geometry":{"type":"Point","coordinates":[108.1193908,22.7752071]}},{"type":"Feature","properties":{"id":"china-osm-rail-station-1184786579","name":"南宁南","station_type":"railway_station","source_region":"guangxi","source_osm_id":"1184786579"},"geometry":{"type":"Point","coordinates":[108.2413891,22.7768219]}},{"type":"Feature","properties":{"id":"china-osm-rail-station-9289282078","name":"江南公园","station_type":"railway_station","source_region":"guangxi","source_osm_id":"9289282078"},"geometry":{"type":"Point","coordinates":[108.2676739,22.7837186]}},{"type":"Feature","properties":{"id":"china-osm-rail-station-9299742094","name":"亭洪路","station_type":"railway_station","source_region":"guangxi","source_osm_id":"9299742094"},"geometry":{"type":"Point","coordinates":[108.3073395,22.7916683]}},{"type":"Feature","properties":{"id":"china-osm-rail-station-9289282079","name":"周家坡","station_type":"railway_station","source_region":"guangxi","source_osm_id":"9289282079"},"geometry":{"type":"Point","coordinates":[108.2681557,22.7922556]}},{"type":"Feature","properties":{"id":"china-osm-rail-station-1577103484","name":"崇左","station_type":"railway_station","source_region":"guangxi","source_osm_id":"1577103484"},"geometry":{"type":"Point","coordinates":[107.35408,22.406414]}},{"type":"Feature","properties":{"id":"china-osm-rail-station-1577103508","name":"濑湍","station_type":"railway_station","source_region":"guangxi","source_osm_id":"1577103508"},"geometry":{"type":"Point","coordinates":[107.49762,22.44807]}},{"type":"Feature","properties":{"id":"china-osm-rail-station-10241525403","name":"渠旧南","station_type":"railway_station","source_region":"guangxi","source_osm_id":"10241525403"},"geometry":{"type":"Point","coordinates":[107.5839243,22.4692807]}},{"type":"Feature","properties":{"id":"china-osm-rail-station-1577103532","name":"渠旧","station_type":"railway_station","source_region":"guangxi","source_osm_id":"1577103532"},"geometry":{"type":"Point","coordinates":[107.57855,22.51781]}},{"type":"Feature","properties":{"id":"china-osm-rail-station-1577103533","name":"渠黎","station_type":"railway_station","source_region":"guangxi","source_osm_id":"1577103533"},"geometry":{"type":"Point","coordinates":[107.7884945,22.5571544]}},{"type":"Feature","properties":{"id":"china-osm-rail-station-10241499957","name":"扶绥南","station_type":"railway_station","source_region":"guangxi","source_osm_id":"10241499957"},"geometry":{"type":"Point","coordinates":[107.9044497,22.5787534]}},{"type":"Feature","properties":{"id":"china-osm-rail-station-1577103493","name":"扶绥","station_type":"railway_station","source_region":"guangxi","source_osm_id":"1577103493"},"geometry":{"type":"Point","coordinates":[107.9156274,22.6311437]}},{"type":"Feature","properties":{"id":"china-osm-rail-station-8859796902","name":"那桐","station_type":"railway_station","source_region":"guangxi","source_osm_id":"8859796902"},"geometry":{"type":"Point","coordinates":[107.8495521,22.9909562]}},{"type":"Feature","properties":{"id":"china-osm-rail-station-4039439588","name":"隆安东","station_type":"railway_station","source_region":"guangxi","source_osm_id":"4039439588"},"geometry":{"type":"Point","coordinates":[107.7020126,23.137833]}},{"type":"Feature","properties":{"id":"china-osm-rail-station-4971974524","name":"靖西","station_type":"railway_station","source_region":"guangxi","source_osm_id":"4971974524"},"geometry":{"type":"Point","coordinates":[106.3874285,23.1501786]}},{"type":"Feature","properties":{"id":"china-osm-rail-station-9299742092","name":"江南客运站","station_type":"railway_station","source_region":"guangxi","source_osm_id":"9299742092"},"geometry":{"type":"Point","coordinates":[108.3081364,22.7693062]}},{"type":"Feature","properties":{"id":"china-osm-rail-station-8147788429","name":"总部基地","station_type":"railway_station","source_region":"guangxi","source_osm_id":"8147788429"},"geometry":{"type":"Point","coordinates":[108.3723601,22.7705451]}},{"type":"Feature","properties":{"id":"china-osm-rail-station-8147809868","name":"玉象路","station_type":"railway_station","source_region":"guangxi","source_osm_id":"8147809868"},"geometry":{"type":"Point","coordinates":[108.3588662,22.7711196]}},{"type":"Feature","properties":{"id":"china-osm-rail-station-6524758266","name":"市博物馆","station_type":"railway_station","source_region":"guangxi","source_osm_id":"6524758266"},"geometry":{"type":"Point","coordinates":[108.3720838,22.7777313]}},{"type":"Feature","properties":{"id":"china-osm-rail-station-9299742093","name":"石柱岭","station_type":"railway_station","source_region":"guangxi","source_osm_id":"9299742093"},"geometry":{"type":"Point","coordinates":[108.3074663,22.7842614]}},{"type":"Feature","properties":{"id":"china-osm-rail-station-6524758273","name":"青秀山","station_type":"railway_station","source_region":"guangxi","source_osm_id":"6524758273"},"geometry":{"type":"Point","coordinates":[108.3645032,22.7953456]}},{"type":"Feature","properties":{"id":"china-osm-rail-station-10588761266","name":"福建园","station_type":"railway_station","source_region":"guangxi","source_osm_id":"10588761266"},"geometry":{"type":"Point","coordinates":[108.307813,22.7977041]}},{"type":"Feature","properties":{"id":"china-osm-rail-station-10588761269","name":"医科大","station_type":"railway_station","source_region":"guangxi","source_osm_id":"10588761269"},"geometry":{"type":"Point","coordinates":[108.3384385,22.801185]}},{"type":"Feature","properties":{"id":"china-osm-rail-station-6524758283","name":"青竹立交","station_type":"railway_station","source_region":"guangxi","source_osm_id":"6524758283"},"geometry":{"type":"Point","coordinates":[108.3607972,22.8016296]}},{"type":"Feature","properties":{"id":"china-osm-rail-station-10588761268","name":"唐城路","station_type":"railway_station","source_region":"guangxi","source_osm_id":"10588761268"},"geometry":{"type":"Point","coordinates":[108.3310189,22.8026522]}},{"type":"Feature","properties":{"id":"china-osm-rail-station-8050775700","name":"南化","station_type":"railway_station","source_region":"guangxi","source_osm_id":"8050775700"},"geometry":{"type":"Point","coordinates":[108.2789929,22.7926523]}},{"type":"Feature","properties":{"id":"china-osm-rail-station-10588761265","name":"市一医院","station_type":"railway_station","source_region":"guangxi","source_osm_id":"10588761265"},"geometry":{"type":"Point","coordinates":[108.301157,22.7976275]}},{"type":"Feature","properties":{"id":"china-osm-rail-station-9299742095","name":"福建园","station_type":"railway_station","source_region":"guangxi","source_osm_id":"9299742095"},"geometry":{"type":"Point","coordinates":[108.3071904,22.8007014]}},{"type":"Feature","properties":{"id":"china-osm-rail-station-10588761264","name":"新屋","station_type":"railway_station","source_region":"guangxi","source_osm_id":"10588761264"},"geometry":{"type":"Point","coordinates":[108.2795024,22.8016072]}},{"type":"Feature","properties":{"id":"china-osm-rail-station-10588761262","name":"横岭","station_type":"railway_station","source_region":"guangxi","source_osm_id":"10588761262"},"geometry":{"type":"Point","coordinates":[108.2578976,22.8018894]}},{"type":"Feature","properties":{"id":"china-osm-rail-station-9289282080","name":"五一立交","station_type":"railway_station","source_region":"guangxi","source_osm_id":"9289282080"},"geometry":{"type":"Point","coordinates":[108.2714905,22.8031621]}},{"type":"Feature","properties":{"id":"china-osm-rail-station-10588761263","name":"五一立交","station_type":"railway_station","source_region":"guangxi","source_osm_id":"10588761263"},"geometry":{"type":"Point","coordinates":[108.2713445,22.8034634]}},{"type":"Feature","properties":{"id":"china-osm-rail-station-10588761259","name":"三津","station_type":"railway_station","source_region":"guangxi","source_osm_id":"10588761259"},"geometry":{"type":"Point","coordinates":[108.2184076,22.8058229]}},{"type":"Feature","properties":{"id":"china-osm-rail-station-10588761260","name":"华南城","station_type":"railway_station","source_region":"guangxi","source_osm_id":"10588761260"},"geometry":{"type":"Point","coordinates":[108.2323425,22.8058829]}},{"type":"Feature","properties":{"id":"china-osm-rail-station-10588761261","name":"华南城东","station_type":"railway_station","source_region":"guangxi","source_osm_id":"10588761261"},"geometry":{"type":"Point","coordinates":[108.2403261,22.8058936]}},{"type":"Feature","properties":{"id":"china-osm-rail-station-9289282081","name":"新秀公园","station_type":"railway_station","source_region":"guangxi","source_osm_id":"9289282081"},"geometry":{"type":"Point","coordinates":[108.282516,22.8217512]}},{"type":"Feature","properties":{"id":"china-osm-rail-station-5211363686","name":"石埠","station_type":"railway_station","source_region":"guangxi","source_osm_id":"5211363686"},"geometry":{"type":"Point","coordinates":[108.1732294,22.8288531]}},{"type":"Feature","properties":{"id":"china-osm-rail-station-4018278956","name":"白苍岭","station_type":"railway_station","source_region":"guangxi","source_osm_id":"4018278956"},"geometry":{"type":"Point","coordinates":[108.3033194,22.833865]}},{"type":"Feature","properties":{"id":"china-osm-rail-station-5211380014","name":"广西大学","station_type":"railway_station","source_region":"guangxi","source_osm_id":"5211380014"},"geometry":{"type":"Point","coordinates":[108.2889532,22.8340483]}},{"type":"Feature","properties":{"id":"china-osm-rail-station-5211363683","name":"西乡塘客运站","station_type":"railway_station","source_region":"guangxi","source_osm_id":"5211363683"},"geometry":{"type":"Point","coordinates":[108.2148935,22.8357186]}},{"type":"Feature","properties":{"id":"china-osm-rail-station-5211363679","name":"鹏飞路","station_type":"railway_station","source_region":"guangxi","source_osm_id":"5211363679"},"geometry":{"type":"Point","coordinates":[108.1982055,22.8357489]}},{"type":"Feature","properties":{"id":"china-osm-rail-station-5211363711","name":"南职院","station_type":"railway_station","source_region":"guangxi","source_osm_id":"5211363711"},"geometry":{"type":"Point","coordinates":[108.1882759,22.8357569]}},{"type":"Feature","properties":{"id":"china-osm-rail-station-4018278952","name":"鲁班路","station_type":"railway_station","source_region":"guangxi","source_osm_id":"4018278952"},"geometry":{"type":"Point","coordinates":[108.2792971,22.8368472]}},{"type":"Feature","properties":{"id":"china-osm-rail-station-9289245753","name":"秀灵路","station_type":"railway_station","source_region":"guangxi","source_osm_id":"9289245753"},"geometry":{"type":"Point","coordinates":[108.3017982,22.8400193]}},{"type":"Feature","properties":{"id":"china-osm-rail-station-4018271150","name":"民族大学","station_type":"railway_station","source_region":"guangxi","source_osm_id":"4018271150"},"geometry":{"type":"Point","coordinates":[108.2291447,22.8401687]}},{"type":"Feature","properties":{"id":"china-osm-rail-station-5211380012","name":"民族广场","station_type":"railway_station","source_region":"guangxi","source_osm_id":"5211380012"},"geometry":{"type":"Point","coordinates":[108.3322656,22.8157707]}},{"type":"Feature","properties":{"id":"china-osm-rail-station-7870754001","name":"新民路","station_type":"railway_station","source_region":"guangxi","source_osm_id":"7870754001"},"geometry":{"type":"Point","coordinates":[108.3227961,22.8157962]}},{"type":"Feature","properties":{"id":"china-osm-rail-station-5320425558","name":"朝阳广场","station_type":"railway_station","source_region":"guangxi","source_osm_id":"5320425558"},"geometry":{"type":"Point","coordinates":[108.3169657,22.819575]}},{"type":"Feature","properties":{"id":"china-osm-rail-station-5347046205","name":"火车站","station_type":"railway_station","source_region":"guangxi","source_osm_id":"5347046205"},"geometry":{"type":"Point","coordinates":[108.3123107,22.827647]}},{"type":"Feature","properties":{"id":"china-osm-rail-station-6524768692","name":"滨湖路","station_type":"railway_station","source_region":"guangxi","source_osm_id":"6524768692"},"geometry":{"type":"Point","coordinates":[108.3655626,22.8276881]}},{"type":"Feature","properties":{"id":"china-osm-rail-station-7775776484","name":"南宁","station_type":"railway_station","source_region":"guangxi","source_osm_id":"7775776484"},"geometry":{"type":"Point","coordinates":[108.3108101,22.83016]}},{"type":"Feature","properties":{"id":"china-osm-rail-station-6524768693","name":"东葛路","station_type":"railway_station","source_region":"guangxi","source_osm_id":"6524768693"},"geometry":{"type":"Point","coordinates":[108.3557001,22.8330192]}},{"type":"Feature","properties":{"id":"china-osm-rail-station-6524768694","name":"长堽路","station_type":"railway_station","source_region":"guangxi","source_osm_id":"6524768694"},"geometry":{"type":"Point","coordinates":[108.3530688,22.8389284]}},{"type":"Feature","properties":{"id":"china-osm-rail-station-9295444790","name":"明秀路","station_type":"railway_station","source_region":"guangxi","source_osm_id":"9295444790"},"geometry":{"type":"Point","coordinates":[108.3082737,22.8427898]}},{"type":"Feature","properties":{"id":"china-osm-rail-station-9289245754","name":"北湖南路","station_type":"railway_station","source_region":"guangxi","source_osm_id":"9289245754"},"geometry":{"type":"Point","coordinates":[108.3178809,22.8469091]}},{"type":"Feature","properties":{"id":"china-osm-rail-station-5211363684","name":"动物园","station_type":"railway_station","source_region":"guangxi","source_osm_id":"5211363684"},"geometry":{"type":"Point","coordinates":[108.2639162,22.8405852]}},{"type":"Feature","properties":{"id":"china-osm-rail-station-4018271166","name":"清川","station_type":"railway_station","source_region":"guangxi","source_osm_id":"4018271166"},"geometry":{"type":"Point","coordinates":[108.2490528,22.8430268]}},{"type":"Feature","properties":{"id":"china-osm-rail-station-9295444753","name":"秀厢","station_type":"railway_station","source_region":"guangxi","source_osm_id":"9295444753"},"geometry":{"type":"Point","coordinates":[108.3029264,22.8510084]}},{"type":"Feature","properties":{"id":"china-osm-rail-station-9295444821","name":"三十三中","station_type":"railway_station","source_region":"guangxi","source_osm_id":"9295444821"},"geometry":{"type":"Point","coordinates":[108.2983384,22.8605475]}},{"type":"Feature","properties":{"id":"china-osm-rail-station-9295444822","name":"苏卢","station_type":"railway_station","source_region":"guangxi","source_osm_id":"9295444822"},"geometry":{"type":"Point","coordinates":[108.2955554,22.8718009]}},{"type":"Feature","properties":{"id":"china-osm-rail-station-6524768704","name":"科园大道","station_type":"railway_station","source_region":"guangxi","source_osm_id":"6524768704"},"geometry":{"type":"Point","coordinates":[108.2658318,22.8812133]}},{"type":"Feature","properties":{"id":"china-osm-rail-station-6518594236","name":"创业路","station_type":"railway_station","source_region":"guangxi","source_osm_id":"6518594236"},"geometry":{"type":"Point","coordinates":[108.279882,22.8815514]}},{"type":"Feature","properties":{"id":"china-osm-rail-station-6518594208","name":"安吉客运站","station_type":"railway_station","source_region":"guangxi","source_osm_id":"6518594208"},"geometry":{"type":"Point","coordinates":[108.2937772,22.8824859]}},{"type":"Feature","properties":{"id":"china-osm-rail-station-4039439552","name":"南宁西","station_type":"railway_station","source_region":"guangxi","source_osm_id":"4039439552"},"geometry":{"type":"Point","coordinates":[107.9711032,22.8912035]}},{"type":"Feature","properties":{"id":"china-osm-rail-station-9295444873","name":"西津","station_type":"railway_station","source_region":"guangxi","source_osm_id":"9295444873"},"geometry":{"type":"Point","coordinates":[108.2945343,22.8920977]}},{"type":"Feature","properties":{"id":"china-osm-rail-station-7278842964","name":"隆安","station_type":"railway_station","source_region":"guangxi","source_osm_id":"7278842964"},"geometry":{"type":"Point","coordinates":[107.6786022,23.1772753]}},{"type":"Feature","properties":{"id":"china-osm-rail-station-9186758536","name":"大道","station_type":"railway_station","source_region":"guangxi","source_osm_id":"9186758536"},"geometry":{"type":"Point","coordinates":[106.4119327,23.2773631]}},{"type":"Feature","properties":{"id":"china-osm-rail-station-2666736648","name":"平果","station_type":"railway_station","source_region":"guangxi","source_osm_id":"2666736648"},"geometry":{"type":"Point","coordinates":[107.5612632,23.3187477]}},{"type":"Feature","properties":{"id":"china-osm-rail-station-4971997623","name":"德保","station_type":"railway_station","source_region":"guangxi","source_osm_id":"4971997623"},"geometry":{"type":"Point","coordinates":[106.6245118,23.348113]}},{"type":"Feature","properties":{"id":"china-osm-rail-station-12734140510","name":"那厘","station_type":"railway_station","source_region":"guangxi","source_osm_id":"12734140510"},"geometry":{"type":"Point","coordinates":[107.4982805,23.3677678]}},{"type":"Feature","properties":{"id":"china-osm-rail-station-12923473621","name":"足荣","station_type":"railway_station","source_region":"guangxi","source_osm_id":"12923473621"},"geometry":{"type":"Point","coordinates":[106.7833893,23.424606]}},{"type":"Feature","properties":{"id":"china-osm-rail-station-8865215031","name":"陇凌","station_type":"railway_station","source_region":"guangxi","source_osm_id":"8865215031"},"geometry":{"type":"Point","coordinates":[106.9357211,23.4850699]}},{"type":"Feature","properties":{"id":"china-osm-rail-station-12923473620","name":"作登","station_type":"railway_station","source_region":"guangxi","source_osm_id":"12923473620"},"geometry":{"type":"Point","coordinates":[107.064924,23.5522033]}},{"type":"Feature","properties":{"id":"china-osm-rail-station-4039429998","name":"那何","station_type":"railway_station","source_region":"guangxi","source_osm_id":"4039429998"},"geometry":{"type":"Point","coordinates":[107.291875,23.5566392]}},{"type":"Feature","properties":{"id":"china-osm-rail-station-9186758537","name":"田东","station_type":"railway_station","source_region":"guangxi","source_osm_id":"9186758537"},"geometry":{"type":"Point","coordinates":[107.1252179,23.6304765]}},{"type":"Feature","properties":{"id":"china-osm-rail-station-9186758519","name":"铁山港","station_type":"railway_station","source_region":"guangxi","source_osm_id":"9186758519"},"geometry":{"type":"Point","coordinates":[109.5345819,21.5286993]}},{"type":"Feature","properties":{"id":"china-osm-rail-station-13374222463","name":"白沙镇","station_type":"railway_station","source_region":"guangxi","source_osm_id":"13374222463"},"geometry":{"type":"Point","coordinates":[109.680237,21.6522236]}},{"type":"Feature","properties":{"id":"china-osm-rail-station-9186758522","name":"曲樟","station_type":"railway_station","source_region":"guangxi","source_osm_id":"9186758522"},"geometry":{"type":"Point","coordinates":[109.56002,21.8699423]}},{"type":"Feature","properties":{"id":"china-osm-rail-station-1692209495","name":"文地","station_type":"railway_station","source_region":"guangxi","source_osm_id":"1692209495"},"geometry":{"type":"Point","coordinates":[110.1939935,21.9543741]}},{"type":"Feature","properties":{"id":"china-osm-rail-station-9186758523","name":"沙河东","station_type":"railway_station","source_region":"guangxi","source_osm_id":"9186758523"},"geometry":{"type":"Point","coordinates":[109.7413802,22.0525505]}},{"type":"Feature","properties":{"id":"china-osm-rail-station-9186758524","name":"顿谷","station_type":"railway_station","source_region":"guangxi","source_osm_id":"9186758524"},"geometry":{"type":"Point","coordinates":[109.8334336,22.1151037]}},{"type":"Feature","properties":{"id":"china-osm-rail-station-8856047981","name":"吹塘","station_type":"railway_station","source_region":"guangxi","source_osm_id":"8856047981"},"geometry":{"type":"Point","coordinates":[110.2130579,22.1528671]}},{"type":"Feature","properties":{"id":"china-osm-rail-station-7969766722","name":"博白","station_type":"railway_station","source_region":"guangxi","source_osm_id":"7969766722"},"geometry":{"type":"Point","coordinates":[109.989447,22.2342429]}},{"type":"Feature","properties":{"id":"china-osm-rail-station-1541942454","name":"陆川","station_type":"railway_station","source_region":"guangxi","source_osm_id":"1541942454"},"geometry":{"type":"Point","coordinates":[110.253795,22.31272]}},{"type":"Feature","properties":{"id":"china-osm-rail-station-8855979703","name":"米场","station_type":"railway_station","source_region":"guangxi","source_osm_id":"8855979703"},"geometry":{"type":"Point","coordinates":[110.2519711,22.4050816]}},{"type":"Feature","properties":{"id":"china-osm-rail-station-9186758525","name":"沙田镇","station_type":"railway_station","source_region":"guangxi","source_osm_id":"9186758525"},"geometry":{"type":"Point","coordinates":[110.0789925,22.4205277]}},{"type":"Feature","properties":{"id":"china-osm-rail-station-9189836493","name":"玉林东","station_type":"railway_station","source_region":"guangxi","source_osm_id":"9189836493"},"geometry":{"type":"Point","coordinates":[110.1835155,22.5951425]}},{"type":"Feature","properties":{"id":"china-osm-rail-station-1541942455","name":"玉林","station_type":"railway_station","source_region":"guangxi","source_osm_id":"1541942455"},"geometry":{"type":"Point","coordinates":[110.15236,22.600073]}},{"type":"Feature","properties":{"id":"china-osm-rail-station-8855823377","name":"仁东","station_type":"railway_station","source_region":"guangxi","source_osm_id":"8855823377"},"geometry":{"type":"Point","coordinates":[110.0918543,22.6560836]}},{"type":"Feature","properties":{"id":"china-osm-rail-station-11330665364","name":"兴业南","station_type":"railway_station","source_region":"guangxi","source_osm_id":"11330665364"},"geometry":{"type":"Point","coordinates":[109.8754943,22.7156303]}},{"type":"Feature","properties":{"id":"china-osm-rail-station-11330687699","name":"玉林北","station_type":"railway_station","source_region":"guangxi","source_osm_id":"11330687699"},"geometry":{"type":"Point","coordinates":[110.24472,22.7259273]}},{"type":"Feature","properties":{"id":"china-osm-rail-station-13801688997","name":"玉林北","station_type":"railway_station","source_region":"guangxi","source_osm_id":"13801688997"},"geometry":{"type":"Point","coordinates":[110.2447092,22.7260167]}},{"type":"Feature","properties":{"id":"china-osm-rail-station-11330665365","name":"贵港南（预留）","station_type":"railway_station","source_region":"guangxi","source_osm_id":"11330665365"},"geometry":{"type":"Point","coordinates":[109.6820182,22.740135]}},{"type":"Feature","properties":{"id":"china-osm-rail-station-1692209509","name":"兴业","station_type":"railway_station","source_region":"guangxi","source_osm_id":"1692209509"},"geometry":{"type":"Point","coordinates":[109.9025268,22.7408919]}},{"type":"Feature","properties":{"id":"china-osm-rail-station-8855785248","name":"石鼓塘","station_type":"railway_station","source_region":"guangxi","source_osm_id":"8855785248"},"geometry":{"type":"Point","coordinates":[109.8901728,22.7985748]}},{"type":"Feature","properties":{"id":"china-osm-rail-station-4858245585","name":"北流","station_type":"railway_station","source_region":"guangxi","source_osm_id":"4858245585"},"geometry":{"type":"Point","coordinates":[110.3174114,22.7327674]}},{"type":"Feature","properties":{"id":"china-osm-rail-station-8859352839","name":"北流东","station_type":"railway_station","source_region":"guangxi","source_osm_id":"8859352839"},"geometry":{"type":"Point","coordinates":[110.3950627,22.7761606]}},{"type":"Feature","properties":{"id":"china-osm-rail-station-11645146215","name":"容县南","station_type":"railway_station","source_region":"guangxi","source_osm_id":"11645146215"},"geometry":{"type":"Point","coordinates":[110.5461143,22.8139439]}},{"type":"Feature","properties":{"id":"china-osm-rail-station-8859320874","name":"大坡村","station_type":"railway_station","source_region":"guangxi","source_osm_id":"8859320874"},"geometry":{"type":"Point","coordinates":[110.7122664,22.8516341]}},{"type":"Feature","properties":{"id":"china-osm-rail-station-4858076963","name":"容县","station_type":"railway_station","source_region":"guangxi","source_osm_id":"4858076963"},"geometry":{"type":"Point","coordinates":[110.5271387,22.8621872]}},{"type":"Feature","properties":{"id":"china-osm-rail-station-8859228082","name":"马路圩","station_type":"railway_station","source_region":"guangxi","source_osm_id":"8859228082"},"geometry":{"type":"Point","coordinates":[110.8965085,22.8849492]}},{"type":"Feature","properties":{"id":"china-osm-rail-station-11645146216","name":"岑溪东","station_type":"railway_station","source_region":"guangxi","source_osm_id":"11645146216"},"geometry":{"type":"Point","coordinates":[111.0408928,22.8927021]}},{"type":"Feature","properties":{"id":"china-osm-rail-station-5625820075","name":"岑溪","station_type":"railway_station","source_region":"guangxi","source_osm_id":"5625820075"},"geometry":{"type":"Point","coordinates":[110.9435892,22.9063507]}},{"type":"Feature","properties":{"id":"china-osm-rail-station-8859199265","name":"岑溪北","station_type":"railway_station","source_region":"guangxi","source_osm_id":"8859199265"},"geometry":{"type":"Point","coordinates":[110.9927801,22.9593522]}},{"type":"Feature","properties":{"id":"china-osm-rail-station-8859191861","name":"糯垌","station_type":"railway_station","source_region":"guangxi","source_osm_id":"8859191861"},"geometry":{"type":"Point","coordinates":[111.0367592,23.0479858]}},{"type":"Feature","properties":{"id":"china-osm-rail-station-8859166657","name":"罗同","station_type":"railway_station","source_region":"guangxi","source_osm_id":"8859166657"},"geometry":{"type":"Point","coordinates":[111.0623312,23.1351003]}},{"type":"Feature","properties":{"id":"china-osm-rail-station-8859164011","name":"富埇","station_type":"railway_station","source_region":"guangxi","source_osm_id":"8859164011"},"geometry":{"type":"Point","coordinates":[111.097594,23.2090668]}},{"type":"Feature","properties":{"id":"china-osm-rail-station-8859150439","name":"埌南","station_type":"railway_station","source_region":"guangxi","source_osm_id":"8859150439"},"geometry":{"type":"Point","coordinates":[111.1305844,23.2831957]}},{"type":"Feature","properties":{"id":"china-osm-rail-station-3048731973","name":"藤县","station_type":"railway_station","source_region":"guangxi","source_osm_id":"3048731973"},"geometry":{"type":"Point","coordinates":[110.9822827,23.3367345]}},{"type":"Feature","properties":{"id":"china-osm-rail-station-8859086365","name":"孔良","station_type":"railway_station","source_region":"guangxi","source_osm_id":"8859086365"},"geometry":{"type":"Point","coordinates":[111.1245777,23.3649571]}},{"type":"Feature","properties":{"id":"china-osm-rail-station-3048726327","name":"梧州南","station_type":"railway_station","source_region":"guangxi","source_osm_id":"3048726327"},"geometry":{"type":"Point","coordinates":[111.217319,23.3956042]}},{"type":"Feature","properties":{"id":"china-osm-rail-station-4440864400","name":"平南南","station_type":"railway_station","source_region":"guangxi","source_osm_id":"4440864400"},"geometry":{"type":"Point","coordinates":[110.4273766,23.4201473]}},{"type":"Feature","properties":{"id":"china-osm-rail-station-11875874177","name":"旺屋","station_type":"railway_station","source_region":"guangxi","source_osm_id":"11875874177"},"geometry":{"type":"Point","coordinates":[110.9910723,23.4888865]}},{"type":"Feature","properties":{"id":"china-osm-rail-station-5097780534","name":"梧州","station_type":"railway_station","source_region":"guangxi","source_osm_id":"5097780534"},"geometry":{"type":"Point","coordinates":[111.2348403,23.4896297]}},{"type":"Feature","properties":{"id":"china-osm-rail-station-11875874174","name":"藤县北","station_type":"railway_station","source_region":"guangxi","source_osm_id":"11875874174"},"geometry":{"type":"Point","coordinates":[110.7219799,23.5026511]}},{"type":"Feature","properties":{"id":"china-osm-rail-station-5153873887","name":"桥圩","station_type":"railway_station","source_region":"guangxi","source_osm_id":"5153873887"},"geometry":{"type":"Point","coordinates":[109.7689089,22.95046]}},{"type":"Feature","properties":{"id":"china-osm-rail-station-8852911279","name":"八塘","station_type":"railway_station","source_region":"guangxi","source_osm_id":"8852911279"},"geometry":{"type":"Point","coordinates":[109.6895301,23.0276825]}},{"type":"Feature","properties":{"id":"china-osm-rail-station-5537379125","name":"八渡","station_type":"railway_station","source_region":"guizhou","source_osm_id":"5537379125"},"geometry":{"type":"Point","coordinates":[105.7973896,24.7087686]}},{"type":"Feature","properties":{"id":"china-osm-rail-station-8320746210","name":"文佃","station_type":"railway_station","source_region":"guizhou","source_osm_id":"8320746210"},"geometry":{"type":"Point","coordinates":[105.7350756,24.764765]}},{"type":"Feature","properties":{"id":"china-osm-rail-station-8320718566","name":"板其","station_type":"railway_station","source_region":"guizhou","source_osm_id":"8320718566"},"geometry":{"type":"Point","coordinates":[105.6745671,24.8285564]}},{"type":"Feature","properties":{"id":"china-osm-rail-station-8320759765","name":"尾芽","station_type":"railway_station","source_region":"guizhou","source_osm_id":"8320759765"},"geometry":{"type":"Point","coordinates":[105.601027,24.8521031]}},{"type":"Feature","properties":{"id":"china-osm-rail-station-4349874037","name":"册亨","station_type":"railway_station","source_region":"guizhou","source_osm_id":"4349874037"},"geometry":{"type":"Point","coordinates":[105.5720839,24.9175595]}},{"type":"Feature","properties":{"id":"china-osm-rail-station-8320782846","name":"尾下","station_type":"railway_station","source_region":"guizhou","source_osm_id":"8320782846"},"geometry":{"type":"Point","coordinates":[105.4781201,24.9504669]}},{"type":"Feature","properties":{"id":"china-osm-rail-station-8320768079","name":"沙厂坪","station_type":"railway_station","source_region":"guizhou","source_osm_id":"8320768079"},"geometry":{"type":"Point","coordinates":[105.4358162,24.9873011]}},{"type":"Feature","properties":{"id":"china-osm-rail-station-8320813167","name":"冗贝","station_type":"railway_station","source_region":"guizhou","source_osm_id":"8320813167"},"geometry":{"type":"Point","coordinates":[105.3458949,25.0006779]}},{"type":"Feature","properties":{"id":"china-osm-rail-station-8320810075","name":"白水河","station_type":"railway_station","source_region":"guizhou","source_osm_id":"8320810075"},"geometry":{"type":"Point","coordinates":[105.2889858,25.0141639]}},{"type":"Feature","properties":{"id":"china-osm-rail-station-5112419144","name":"安龙","station_type":"railway_station","source_region":"guizhou","source_osm_id":"5112419144"},"geometry":{"type":"Point","coordinates":[105.2405342,25.0661807]}},{"type":"Feature","properties":{"id":"china-osm-rail-station-2324108331","name":"岔江","station_type":"railway_station","source_region":"guizhou","source_osm_id":"2324108331"},"geometry":{"type":"Point","coordinates":[104.6504453,25.0637322]}},{"type":"Feature","properties":{"id":"china-osm-rail-station-8333191558","name":"革居","station_type":"railway_station","source_region":"guizhou","source_osm_id":"8333191558"},"geometry":{"type":"Point","coordinates":[104.6926401,25.1140987]}},{"type":"Feature","properties":{"id":"china-osm-rail-station-8321133430","name":"品甸","station_type":"railway_station","source_region":"guizhou","source_osm_id":"8321133430"},"geometry":{"type":"Point","coordinates":[104.8086064,25.2735239]}},{"type":"Feature","properties":{"id":"china-osm-rail-station-520978380","name":"威舍","station_type":"railway_station","source_region":"guizhou","source_osm_id":"520978380"},"geometry":{"type":"Point","coordinates":[104.7400475,25.2828249]}},{"type":"Feature","properties":{"id":"china-osm-rail-station-13422452218","name":"新坪田","station_type":"railway_station","source_region":"guizhou","source_osm_id":"13422452218"},"geometry":{"type":"Point","coordinates":[104.6711282,25.3237062]}},{"type":"Feature","properties":{"id":"china-osm-rail-station-13123179966","name":"保田","station_type":"railway_station","source_region":"guizhou","source_osm_id":"13123179966"},"geometry":{"type":"Point","coordinates":[104.7005468,25.3799611]}},{"type":"Feature","properties":{"id":"china-osm-rail-station-6306262843","name":"瓦窑田","station_type":"railway_station","source_region":"guizhou","source_osm_id":"6306262843"},"geometry":{"type":"Point","coordinates":[104.6427047,25.3903966]}},{"type":"Feature","properties":{"id":"china-osm-rail-station-2324108333","name":"小雨谷","station_type":"railway_station","source_region":"guizhou","source_osm_id":"2324108333"},"geometry":{"type":"Point","coordinates":[104.598037,25.4682894]}},{"type":"Feature","properties":{"id":"china-osm-rail-station-8320666176","name":"威箐","station_type":"railway_station","source_region":"guizhou","source_osm_id":"8320666176"},"geometry":{"type":"Point","coordinates":[104.5549806,25.5410511]}},{"type":"Feature","properties":{"id":"china-osm-rail-station-2323529374","name":"鲁番","station_type":"railway_station","source_region":"guizhou","source_osm_id":"2323529374"},"geometry":{"type":"Point","coordinates":[104.5262583,25.6175388]}},{"type":"Feature","properties":{"id":"china-osm-rail-station-10724756176","name":"兴义南","station_type":"railway_station","source_region":"guizhou","source_osm_id":"10724756176"},"geometry":{"type":"Point","coordinates":[104.9543312,25.0836398]}},{"type":"Feature","properties":{"id":"china-osm-rail-station-8320962483","name":"龙广","station_type":"railway_station","source_region":"guizhou","source_osm_id":"8320962483"},"geometry":{"type":"Point","coordinates":[105.1693406,25.1113918]}},{"type":"Feature","properties":{"id":"china-osm-rail-station-4353564606","name":"兴义","station_type":"railway_station","source_region":"guizhou","source_osm_id":"4353564606"},"geometry":{"type":"Point","coordinates":[104.9845617,25.1688331]}},{"type":"Feature","properties":{"id":"china-osm-rail-station-4353474819","name":"清水河东","station_type":"railway_station","source_region":"guizhou","source_osm_id":"4353474819"},"geometry":{"type":"Point","coordinates":[104.942631,25.2315108]}},{"type":"Feature","properties":{"id":"china-osm-rail-station-6317462181","name":"清水河西","station_type":"railway_station","source_region":"guizhou","source_osm_id":"6317462181"},"geometry":{"type":"Point","coordinates":[104.8838246,25.2937309]}},{"type":"Feature","properties":{"id":"china-osm-rail-station-12091626131","name":"石屯","station_type":"railway_station","source_region":"guizhou","source_osm_id":"12091626131"},"geometry":{"type":"Point","coordinates":[105.9829905,25.32719]}},{"type":"Feature","properties":{"id":"china-osm-rail-station-13401589608","name":"江龙","station_type":"railway_station","source_region":"guizhou","source_osm_id":"13401589608"},"geometry":{"type":"Point","coordinates":[105.8501979,25.9611533]}},{"type":"Feature","properties":{"id":"china-osm-rail-station-3328325801","name":"关岭","station_type":"railway_station","source_region":"guizhou","source_osm_id":"3328325801"},"geometry":{"type":"Point","coordinates":[105.5249234,25.9682623]}},{"type":"Feature","properties":{"id":"china-osm-rail-station-12091508851","name":"镇宁","station_type":"railway_station","source_region":"guizhou","source_osm_id":"12091508851"},"geometry":{"type":"Point","coordinates":[105.7273415,26.070437]}},{"type":"Feature","properties":{"id":"china-osm-rail-station-8317322041","name":"幺铺","station_type":"railway_station","source_region":"guizhou","source_osm_id":"8317322041"},"geometry":{"type":"Point","coordinates":[105.8404318,26.1762685]}},{"type":"Feature","properties":{"id":"china-osm-rail-station-12091626122","name":"昂武","station_type":"railway_station","source_region":"guizhou","source_osm_id":"12091626122"},"geometry":{"type":"Point","coordinates":[106.4040383,25.0589188]}},{"type":"Feature","properties":{"id":"china-osm-rail-station-12091626125","name":"纳岸","station_type":"railway_station","source_region":"guizhou","source_osm_id":"12091626125"},"geometry":{"type":"Point","coordinates":[106.2850146,25.123573]}},{"type":"Feature","properties":{"id":"china-osm-rail-station-12091508862","name":"大观","station_type":"railway_station","source_region":"guizhou","source_osm_id":"12091508862"},"geometry":{"type":"Point","coordinates":[106.2130468,25.1450374]}},{"type":"Feature","properties":{"id":"china-osm-rail-station-12091508859","name":"望谟","station_type":"railway_station","source_region":"guizhou","source_osm_id":"12091508859"},"geometry":{"type":"Point","coordinates":[106.1079892,25.1803551]}},{"type":"Feature","properties":{"id":"china-osm-rail-station-12091626128","name":"三槽","station_type":"railway_station","source_region":"guizhou","source_osm_id":"12091626128"},"geometry":{"type":"Point","coordinates":[106.0676889,25.2392476]}},{"type":"Feature","properties":{"id":"china-osm-rail-station-12091626134","name":"边饶","station_type":"railway_station","source_region":"guizhou","source_osm_id":"12091626134"},"geometry":{"type":"Point","coordinates":[106.0439133,25.4846554]}},{"type":"Feature","properties":{"id":"china-osm-rail-station-12091508856","name":"紫云","station_type":"railway_station","source_region":"guizhou","source_osm_id":"12091508856"},"geometry":{"type":"Point","coordinates":[106.010861,25.7880711]}},{"type":"Feature","properties":{"id":"china-osm-rail-station-8317319473","name":"天龙","station_type":"railway_station","source_region":"guizhou","source_osm_id":"8317319473"},"geometry":{"type":"Point","coordinates":[106.1710199,26.3679233]}},{"type":"Feature","properties":{"id":"china-osm-rail-station-3328318453","name":"平坝南","station_type":"railway_station","source_region":"guizhou","source_osm_id":"3328318453"},"geometry":{"type":"Point","coordinates":[106.2534225,26.3872527]}},{"type":"Feature","properties":{"id":"china-osm-rail-station-2341894807","name":"高峰","station_type":"railway_station","source_region":"guizhou","source_osm_id":"2341894807"},"geometry":{"type":"Point","coordinates":[106.34182,26.39011]}},{"type":"Feature","properties":{"id":"china-osm-rail-station-2323529386","name":"平关","station_type":"railway_station","source_region":"guizhou","source_osm_id":"2323529386"},"geometry":{"type":"Point","coordinates":[104.3453806,25.6545523]}},{"type":"Feature","properties":{"id":"china-osm-rail-station-3193144359","name":"上西铺","station_type":"railway_station","source_region":"guizhou","source_osm_id":"3193144359"},"geometry":{"type":"Point","coordinates":[104.46876,25.6728507]}},{"type":"Feature","properties":{"id":"china-osm-rail-station-8320612424","name":"火铺","station_type":"railway_station","source_region":"guizhou","source_osm_id":"8320612424"},"geometry":{"type":"Point","coordinates":[104.4316036,25.6734078]}},{"type":"Feature","properties":{"id":"china-osm-rail-station-2323529366","name":"红果","station_type":"railway_station","source_region":"guizhou","source_osm_id":"2323529366"},"geometry":{"type":"Point","coordinates":[104.461632,25.7176076]}},{"type":"Feature","properties":{"id":"china-osm-rail-station-4663110023","name":"沙沱","station_type":"railway_station","source_region":"guizhou","source_osm_id":"4663110023"},"geometry":{"type":"Point","coordinates":[104.4410402,25.7233787]}},{"type":"Feature","properties":{"id":"china-osm-rail-station-9182286755","name":"花家庄","station_type":"railway_station","source_region":"guizhou","source_osm_id":"9182286755"},"geometry":{"type":"Point","coordinates":[104.4804043,25.7880409]}},{"type":"Feature","properties":{"id":"china-osm-rail-station-3328330805","name":"盘州","station_type":"railway_station","source_region":"guizhou","source_osm_id":"3328330805"},"geometry":{"type":"Point","coordinates":[104.5657163,25.7954096]}},{"type":"Feature","properties":{"id":"china-osm-rail-station-3328330804","name":"普安县","station_type":"railway_station","source_region":"guizhou","source_osm_id":"3328330804"},"geometry":{"type":"Point","coordinates":[104.8674326,25.8058011]}},{"type":"Feature","properties":{"id":"china-osm-rail-station-2323529390","name":"平田","station_type":"railway_station","source_region":"guizhou","source_osm_id":"2323529390"},"geometry":{"type":"Point","coordinates":[104.50385,25.83856]}},{"type":"Feature","properties":{"id":"china-osm-rail-station-2323529378","name":"盘关","station_type":"railway_station","source_region":"guizhou","source_osm_id":"2323529378"},"geometry":{"type":"Point","coordinates":[104.4995286,25.8925639]}},{"type":"Feature","properties":{"id":"china-osm-rail-station-2323529396","name":"月亮田","station_type":"railway_station","source_region":"guizhou","source_osm_id":"2323529396"},"geometry":{"type":"Point","coordinates":[104.4966106,25.9285397]}},{"type":"Feature","properties":{"id":"china-osm-rail-station-5243518970","name":"顺场","station_type":"railway_station","source_region":"guizhou","source_osm_id":"5243518970"},"geometry":{"type":"Point","coordinates":[104.5635036,26.0051088]}},{"type":"Feature","properties":{"id":"china-osm-rail-station-2323529333","name":"柏果","station_type":"railway_station","source_region":"guizhou","source_osm_id":"2323529333"},"geometry":{"type":"Point","coordinates":[104.5040661,26.0088284]}},{"type":"Feature","properties":{"id":"china-osm-rail-station-2323529393","name":"松河","station_type":"railway_station","source_region":"guizhou","source_osm_id":"2323529393"},"geometry":{"type":"Point","coordinates":[104.621223,26.0360405]}},{"type":"Feature","properties":{"id":"china-osm-rail-station-4593965704","name":"雨格","station_type":"railway_station","source_region":"guizhou","source_osm_id":"4593965704"},"geometry":{"type":"Point","coordinates":[104.665321,26.1024006]}},{"type":"Feature","properties":{"id":"china-osm-rail-station-2323960864","name":"三家寨","station_type":"railway_station","source_region":"guizhou","source_osm_id":"2323960864"},"geometry":{"type":"Point","coordinates":[104.7245624,26.1592155]}},{"type":"Feature","properties":{"id":"china-osm-rail-station-8318985892","name":"渡船寨","station_type":"railway_station","source_region":"guizhou","source_osm_id":"8318985892"},"geometry":{"type":"Point","coordinates":[104.7300857,26.1698463]}},{"type":"Feature","properties":{"id":"china-osm-rail-station-3192961424","name":"茅草坪","station_type":"railway_station","source_region":"guizhou","source_osm_id":"3192961424"},"geometry":{"type":"Point","coordinates":[104.7159187,26.214815]}},{"type":"Feature","properties":{"id":"china-osm-rail-station-4663101942","name":"营街","station_type":"railway_station","source_region":"guizhou","source_osm_id":"4663101942"},"geometry":{"type":"Point","coordinates":[104.7345274,26.2640643]}},{"type":"Feature","properties":{"id":"china-osm-rail-station-2323960863","name":"发耳","station_type":"railway_station","source_region":"guizhou","source_osm_id":"2323960863"},"geometry":{"type":"Point","coordinates":[104.8025449,26.3153349]}},{"type":"Feature","properties":{"id":"china-osm-rail-station-1565858570","name":"黄桶","station_type":"railway_station","source_region":"guizhou","source_osm_id":"1565858570"},"geometry":{"type":"Point","coordinates":[105.6855127,26.197415]}},{"type":"Feature","properties":{"id":"china-osm-rail-station-2874016753","name":"安顺西","station_type":"railway_station","source_region":"guizhou","source_osm_id":"2874016753"},"geometry":{"type":"Point","coordinates":[105.8723451,26.2021337]}},{"type":"Feature","properties":{"id":"china-osm-rail-station-7704451133","name":"黄桶北","station_type":"railway_station","source_region":"guizhou","source_osm_id":"7704451133"},"geometry":{"type":"Point","coordinates":[105.6879776,26.208089]}},{"type":"Feature","properties":{"id":"china-osm-rail-station-1565858520","name":"化处","station_type":"railway_station","source_region":"guizhou","source_osm_id":"1565858520"},"geometry":{"type":"Point","coordinates":[105.61643,26.21252]}},{"type":"Feature","properties":{"id":"china-osm-rail-station-2341864262","name":"六枝","station_type":"railway_station","source_region":"guizhou","source_osm_id":"2341864262"},"geometry":{"type":"Point","coordinates":[105.461331,26.2291193]}},{"type":"Feature","properties":{"id":"china-osm-rail-station-7704451132","name":"六枝南","station_type":"railway_station","source_region":"guizhou","source_osm_id":"7704451132"},"geometry":{"type":"Point","coordinates":[105.434879,26.2309482]}},{"type":"Feature","properties":{"id":"china-osm-rail-station-1565858517","name":"安顺","station_type":"railway_station","source_region":"guizhou","source_osm_id":"1565858517"},"geometry":{"type":"Point","coordinates":[105.939606,26.232989]}},{"type":"Feature","properties":{"id":"china-osm-rail-station-8317489400","name":"新窑","station_type":"railway_station","source_region":"guizhou","source_osm_id":"8317489400"},"geometry":{"type":"Point","coordinates":[105.3751726,26.2345975]}},{"type":"Feature","properties":{"id":"china-osm-rail-station-8317373874","name":"那玉","station_type":"railway_station","source_region":"guizhou","source_osm_id":"8317373874"},"geometry":{"type":"Point","coordinates":[105.4267535,26.2509804]}},{"type":"Feature","properties":{"id":"china-osm-rail-station-3191254423","name":"花赖","station_type":"railway_station","source_region":"guizhou","source_osm_id":"3191254423"},"geometry":{"type":"Point","coordinates":[105.2936776,26.2513881]}},{"type":"Feature","properties":{"id":"china-osm-rail-station-8317336145","name":"两所屯","station_type":"railway_station","source_region":"guizhou","source_osm_id":"8317336145"},"geometry":{"type":"Point","coordinates":[106.009641,26.2685787]}},{"type":"Feature","properties":{"id":"china-osm-rail-station-8308145831","name":"普定","station_type":"railway_station","source_region":"guizhou","source_osm_id":"8308145831"},"geometry":{"type":"Point","coordinates":[105.7088103,26.2864606]}},{"type":"Feature","properties":{"id":"china-osm-rail-station-2341864261","name":"关寨","station_type":"railway_station","source_region":"guizhou","source_osm_id":"2341864261"},"geometry":{"type":"Point","coordinates":[105.22061,26.28737]}},{"type":"Feature","properties":{"id":"china-osm-rail-station-7704451131","name":"长箐","station_type":"railway_station","source_region":"guizhou","source_osm_id":"7704451131"},"geometry":{"type":"Point","coordinates":[105.271149,26.3174138]}},{"type":"Feature","properties":{"id":"china-osm-rail-station-2341864260","name":"二道岩","station_type":"railway_station","source_region":"guizhou","source_osm_id":"2341864260"},"geometry":{"type":"Point","coordinates":[105.16088,26.36384]}},{"type":"Feature","properties":{"id":"china-osm-rail-station-9329260384","name":"鸡场坡","station_type":"railway_station","source_region":"guizhou","source_osm_id":"9329260384"},"geometry":{"type":"Point","coordinates":[105.6682795,26.4155382]}},{"type":"Feature","properties":{"id":"china-osm-rail-station-8212315728","name":"冷坝","station_type":"railway_station","source_region":"guizhou","source_osm_id":"8212315728"},"geometry":{"type":"Point","coordinates":[105.1701904,26.4292925]}},{"type":"Feature","properties":{"id":"china-osm-rail-station-2323335368","name":"茨冲","station_type":"railway_station","source_region":"guizhou","source_osm_id":"2323335368"},"geometry":{"type":"Point","coordinates":[105.104559,26.4964878]}},{"type":"Feature","properties":{"id":"china-osm-rail-station-7704451130","name":"六盘水东","station_type":"railway_station","source_region":"guizhou","source_osm_id":"7704451130"},"geometry":{"type":"Point","coordinates":[105.0315768,26.5239928]}},{"type":"Feature","properties":{"id":"china-osm-rail-station-9329260383","name":"打括","station_type":"railway_station","source_region":"guizhou","source_osm_id":"9329260383"},"geometry":{"type":"Point","coordinates":[105.7438615,26.5293301]}},{"type":"Feature","properties":{"id":"china-osm-rail-station-4663095293","name":"都格","station_type":"railway_station","source_region":"guizhou","source_osm_id":"4663095293"},"geometry":{"type":"Point","coordinates":[104.7516722,26.368713]}},{"type":"Feature","properties":{"id":"china-osm-rail-station-2323960862","name":"白鸡坡","station_type":"railway_station","source_region":"guizhou","source_osm_id":"2323960862"},"geometry":{"type":"Point","coordinates":[104.7468982,26.4304417]}},{"type":"Feature","properties":{"id":"china-osm-rail-station-3192432224","name":"玉舍","station_type":"railway_station","source_region":"guizhou","source_osm_id":"3192432224"},"geometry":{"type":"Point","coordinates":[104.8096744,26.4727137]}},{"type":"Feature","properties":{"id":"china-osm-rail-station-12736178006","name":"田家寨","station_type":"railway_station","source_region":"guizhou","source_osm_id":"12736178006"},"geometry":{"type":"Point","coordinates":[104.8369965,26.5357479]}},{"type":"Feature","properties":{"id":"china-osm-rail-station-4663087677","name":"六盘水南","station_type":"railway_station","source_region":"guizhou","source_osm_id":"4663087677"},"geometry":{"type":"Point","coordinates":[104.852019,26.5612908]}},{"type":"Feature","properties":{"id":"china-osm-rail-station-12500627092","name":"水城门","station_type":"railway_station","source_region":"guizhou","source_osm_id":"12500627092"},"geometry":{"type":"Point","coordinates":[104.8748768,26.5758153]}},{"type":"Feature","properties":{"id":"china-osm-rail-station-12500627057","name":"水城古镇西","station_type":"railway_station","source_region":"guizhou","source_osm_id":"12500627057"},"geometry":{"type":"Point","coordinates":[104.8734753,26.5775719]}},{"type":"Feature","properties":{"id":"china-osm-rail-station-12500627085","name":"三线建设博物馆","station_type":"railway_station","source_region":"guizhou","source_osm_id":"12500627085"},"geometry":{"type":"Point","coordinates":[104.8756849,26.5780548]}},{"type":"Feature","properties":{"id":"china-osm-rail-station-7704433025","name":"六盘水","station_type":"railway_station","source_region":"guizhou","source_osm_id":"7704433025"},"geometry":{"type":"Point","coordinates":[104.8503703,26.5944157]}},{"type":"Feature","properties":{"id":"china-osm-rail-station-4663087678","name":"曹家湾","station_type":"railway_station","source_region":"guizhou","source_osm_id":"4663087678"},"geometry":{"type":"Point","coordinates":[104.816764,26.595418]}},{"type":"Feature","properties":{"id":"china-osm-rail-station-2323335369","name":"滥坝","station_type":"railway_station","source_region":"guizhou","source_osm_id":"2323335369"},"geometry":{"type":"Point","coordinates":[105.03128,26.54421]}},{"type":"Feature","properties":{"id":"china-osm-rail-station-1964861301","name":"双水","station_type":"railway_station","source_region":"guizhou","source_osm_id":"1964861301"},"geometry":{"type":"Point","coordinates":[104.9377176,26.5524656]}},{"type":"Feature","properties":{"id":"china-osm-rail-station-1964861303","name":"水城","station_type":"railway_station","source_region":"guizhou","source_osm_id":"1964861303"},"geometry":{"type":"Point","coordinates":[104.8927133,26.5740274]}},{"type":"Feature","properties":{"id":"china-osm-rail-station-12500627098","name":"水城古镇东","station_type":"railway_station","source_region":"guizhou","source_osm_id":"12500627098"},"geometry":{"type":"Point","coordinates":[104.8766771,26.5768976]}},{"type":"Feature","properties":{"id":"china-osm-rail-station-3426979825","name":"织金","station_type":"railway_station","source_region":"guizhou","source_osm_id":"3426979825"},"geometry":{"type":"Point","coordinates":[105.7582012,26.6573518]}},{"type":"Feature","properties":{"id":"china-osm-rail-station-9329260400","name":"新发","station_type":"railway_station","source_region":"guizhou","source_osm_id":"9329260400"},"geometry":{"type":"Point","coordinates":[105.8364862,26.6895238]}},{"type":"Feature","properties":{"id":"china-osm-rail-station-9329260396","name":"纳雍西","station_type":"railway_station","source_region":"guizhou","source_osm_id":"9329260396"},"geometry":{"type":"Point","coordinates":[105.3255898,26.7288232]}},{"type":"Feature","properties":{"id":"china-osm-rail-station-7706681129","name":"织金北","station_type":"railway_station","source_region":"guizhou","source_osm_id":"7706681129"},"geometry":{"type":"Point","coordinates":[105.7896174,26.7302728]}},{"type":"Feature","properties":{"id":"china-osm-rail-station-9329260397","name":"纳雍","station_type":"railway_station","source_region":"guizhou","source_osm_id":"9329260397"},"geometry":{"type":"Point","coordinates":[105.3716156,26.7593723]}},{"type":"Feature","properties":{"id":"china-osm-rail-station-9329260398","name":"大龙场","station_type":"railway_station","source_region":"guizhou","source_osm_id":"9329260398"},"geometry":{"type":"Point","coordinates":[105.5605727,26.7950136]}},{"type":"Feature","properties":{"id":"china-osm-rail-station-7694405554","name":"泗亭","station_type":"railway_station","source_region":"guizhou","source_osm_id":"7694405554"},"geometry":{"type":"Point","coordinates":[107.4736513,25.2249069]}},{"type":"Feature","properties":{"id":"china-osm-rail-station-1612747505","name":"麻尾","station_type":"railway_station","source_region":"guizhou","source_osm_id":"1612747505"},"geometry":{"type":"Point","coordinates":[107.4557396,25.3222229]}},{"type":"Feature","properties":{"id":"china-osm-rail-station-10925544050","name":"荔波","station_type":"railway_station","source_region":"guizhou","source_osm_id":"10925544050"},"geometry":{"type":"Point","coordinates":[107.818764,25.3476252]}},{"type":"Feature","properties":{"id":"china-osm-rail-station-12337023364","name":"朱石寨","station_type":"railway_station","source_region":"guizhou","source_osm_id":"12337023364"},"geometry":{"type":"Point","coordinates":[107.4694301,25.4042407]}},{"type":"Feature","properties":{"id":"china-osm-rail-station-2643970708","name":"星朗","station_type":"railway_station","source_region":"guizhou","source_osm_id":"2643970708"},"geometry":{"type":"Point","coordinates":[107.4917498,25.4747146]}},{"type":"Feature","properties":{"id":"china-osm-rail-station-7694882110","name":"峰洞","station_type":"railway_station","source_region":"guizhou","source_osm_id":"7694882110"},"geometry":{"type":"Point","coordinates":[107.5226125,25.5416938]}},{"type":"Feature","properties":{"id":"china-osm-rail-station-2643970801","name":"打羊","station_type":"railway_station","source_region":"guizhou","source_osm_id":"2643970801"},"geometry":{"type":"Point","coordinates":[107.5504366,25.6210463]}},{"type":"Feature","properties":{"id":"china-osm-rail-station-5684911277","name":"学庄","station_type":"railway_station","source_region":"guizhou","source_osm_id":"5684911277"},"geometry":{"type":"Point","coordinates":[107.563279,25.6984219]}},{"type":"Feature","properties":{"id":"china-osm-rail-station-5702663297","name":"孟孔","station_type":"railway_station","source_region":"guizhou","source_osm_id":"5702663297"},"geometry":{"type":"Point","coordinates":[107.5374425,25.7926262]}},{"type":"Feature","properties":{"id":"china-osm-rail-station-10925473050","name":"独山东","station_type":"railway_station","source_region":"guizhou","source_osm_id":"10925473050"},"geometry":{"type":"Point","coordinates":[107.5738319,25.8627773]}},{"type":"Feature","properties":{"id":"china-osm-rail-station-4796143753","name":"独山","station_type":"railway_station","source_region":"guizhou","source_osm_id":"4796143753"},"geometry":{"type":"Point","coordinates":[107.5435588,25.8674085]}},{"type":"Feature","properties":{"id":"china-osm-rail-station-3676351216","name":"从江","station_type":"railway_station","source_region":"guizhou","source_osm_id":"3676351216"},"geometry":{"type":"Point","coordinates":[109.1102825,25.9121549]}},{"type":"Feature","properties":{"id":"china-osm-rail-station-8307828067","name":"甲猫","station_type":"railway_station","source_region":"guizhou","source_osm_id":"8307828067"},"geometry":{"type":"Point","coordinates":[107.5075086,25.9554294]}},{"type":"Feature","properties":{"id":"china-osm-rail-station-9527375841","name":"榕江","station_type":"railway_station","source_region":"guizhou","source_osm_id":"9527375841"},"geometry":{"type":"Point","coordinates":[108.5514902,25.9917177]}},{"type":"Feature","properties":{"id":"china-osm-rail-station-8307822362","name":"墨冲","station_type":"railway_station","source_region":"guizhou","source_osm_id":"8307822362"},"geometry":{"type":"Point","coordinates":[107.4696628,26.0476761]}},{"type":"Feature","properties":{"id":"china-osm-rail-station-3676339900","name":"三都县","station_type":"railway_station","source_region":"guizhou","source_osm_id":"3676339900"},"geometry":{"type":"Point","coordinates":[107.8130854,26.0811324]}},{"type":"Feature","properties":{"id":"china-osm-rail-station-8307755215","name":"河阳","station_type":"railway_station","source_region":"guizhou","source_osm_id":"8307755215"},"geometry":{"type":"Point","coordinates":[107.4768886,26.1016287]}},{"type":"Feature","properties":{"id":"china-osm-rail-station-3676346504","name":"都匀东","station_type":"railway_station","source_region":"guizhou","source_osm_id":"3676346504"},"geometry":{"type":"Point","coordinates":[107.5812782,26.1704167]}},{"type":"Feature","properties":{"id":"china-osm-rail-station-2643971283","name":"都匀","station_type":"railway_station","source_region":"guizhou","source_osm_id":"2643971283"},"geometry":{"type":"Point","coordinates":[107.511088,26.2354546]}},{"type":"Feature","properties":{"id":"china-osm-rail-station-12723452080","name":"都匀北","station_type":"railway_station","source_region":"guizhou","source_osm_id":"12723452080"},"geometry":{"type":"Point","coordinates":[107.4858642,26.2998762]}},{"type":"Feature","properties":{"id":"china-osm-rail-station-12734050176","name":"胡家寨","station_type":"railway_station","source_region":"guizhou","source_osm_id":"12734050176"},"geometry":{"type":"Point","coordinates":[107.401678,26.290585]}},{"type":"Feature","properties":{"id":"china-osm-rail-station-12734050177","name":"摆梭","station_type":"railway_station","source_region":"guizhou","source_osm_id":"12734050177"},"geometry":{"type":"Point","coordinates":[107.2915946,26.2964045]}},{"type":"Feature","properties":{"id":"china-osm-rail-station-2643971541","name":"贵定南","station_type":"railway_station","source_region":"guizhou","source_osm_id":"2643971541"},"geometry":{"type":"Point","coordinates":[107.1864684,26.3490255]}},{"type":"Feature","properties":{"id":"china-osm-rail-station-3060319619","name":"贵定县","station_type":"railway_station","source_region":"guizhou","source_osm_id":"3060319619"},"geometry":{"type":"Point","coordinates":[107.1864596,26.3544563]}},{"type":"Feature","properties":{"id":"china-osm-rail-station-12734050178","name":"沿山","station_type":"railway_station","source_region":"guizhou","source_osm_id":"12734050178"},"geometry":{"type":"Point","coordinates":[107.111597,26.3896768]}},{"type":"Feature","properties":{"id":"china-osm-rail-station-3544629616","name":"龙里","station_type":"railway_station","source_region":"guizhou","source_osm_id":"3544629616"},"geometry":{"type":"Point","coordinates":[106.9696085,26.4507078]}},{"type":"Feature","properties":{"id":"china-osm-rail-station-8314373248","name":"麻芝铺","station_type":"railway_station","source_region":"guizhou","source_osm_id":"8314373248"},"geometry":{"type":"Point","coordinates":[107.0272124,26.4588993]}},{"type":"Feature","properties":{"id":"china-osm-rail-station-3060545266","name":"大土","station_type":"railway_station","source_region":"guizhou","source_osm_id":"3060545266"},"geometry":{"type":"Point","coordinates":[106.824068,26.4682331]}},{"type":"Feature","properties":{"id":"china-osm-rail-station-3060329171","name":"龙里北","station_type":"railway_station","source_region":"guizhou","source_osm_id":"3060329171"},"geometry":{"type":"Point","coordinates":[106.9632436,26.4717745]}},{"type":"Feature","properties":{"id":"china-osm-rail-station-2643969694","name":"高坪铺","station_type":"railway_station","source_region":"guizhou","source_osm_id":"2643969694"},"geometry":{"type":"Point","coordinates":[107.1410944,26.5117735]}},{"type":"Feature","properties":{"id":"china-osm-rail-station-12723414415","name":"贤昌（预留）","station_type":"railway_station","source_region":"guizhou","source_osm_id":"12723414415"},"geometry":{"type":"Point","coordinates":[107.537176,26.4480395]}},{"type":"Feature","properties":{"id":"china-osm-rail-station-2953809299","name":"凯里南","station_type":"railway_station","source_region":"guizhou","source_osm_id":"2953809299"},"geometry":{"type":"Point","coordinates":[107.8837989,26.517651]}},{"type":"Feature","properties":{"id":"china-osm-rail-station-12723334387","name":"麻江西","station_type":"railway_station","source_region":"guizhou","source_osm_id":"12723334387"},"geometry":{"type":"Point","coordinates":[107.569791,26.5240291]}},{"type":"Feature","properties":{"id":"china-osm-rail-station-8313638248","name":"凯里西","station_type":"railway_station","source_region":"guizhou","source_osm_id":"8313638248"},"geometry":{"type":"Point","coordinates":[107.6654373,26.5487133]}},{"type":"Feature","properties":{"id":"china-osm-rail-station-4571484268","name":"六个鸡","station_type":"railway_station","source_region":"guizhou","source_osm_id":"4571484268"},"geometry":{"type":"Point","coordinates":[107.7846451,26.5716743]}},{"type":"Feature","properties":{"id":"china-osm-rail-station-4460276303","name":"凯里","station_type":"railway_station","source_region":"guizhou","source_osm_id":"4460276303"},"geometry":{"type":"Point","coordinates":[107.9717627,26.6064628]}},{"type":"Feature","properties":{"id":"china-osm-rail-station-8495516700","name":"马场坪","station_type":"railway_station","source_region":"guizhou","source_osm_id":"8495516700"},"geometry":{"type":"Point","coordinates":[107.5945333,26.6161489]}},{"type":"Feature","properties":{"id":"china-osm-rail-station-4933590191","name":"福泉","station_type":"railway_station","source_region":"guizhou","source_osm_id":"4933590191"},"geometry":{"type":"Point","coordinates":[107.5322619,26.6283551]}},{"type":"Feature","properties":{"id":"china-osm-rail-station-8311465916","name":"桐木寨","station_type":"railway_station","source_region":"guizhou","source_osm_id":"8311465916"},"geometry":{"type":"Point","coordinates":[107.9940856,26.6887674]}},{"type":"Feature","properties":{"id":"china-osm-rail-station-8311466865","name":"加劳","station_type":"railway_station","source_region":"guizhou","source_osm_id":"8311466865"},"geometry":{"type":"Point","coordinates":[108.0053807,26.7348064]}},{"type":"Feature","properties":{"id":"china-osm-rail-station-8313828491","name":"半边街","station_type":"railway_station","source_region":"guizhou","source_osm_id":"8313828491"},"geometry":{"type":"Point","coordinates":[107.2900223,26.5812088]}},{"type":"Feature","properties":{"id":"china-osm-rail-station-2156949139","name":"贵定","station_type":"railway_station","source_region":"guizhou","source_osm_id":"2156949139"},"geometry":{"type":"Point","coordinates":[107.2239348,26.5844563]}},{"type":"Feature","properties":{"id":"china-osm-rail-station-4936405300","name":"黄丝","station_type":"railway_station","source_region":"guizhou","source_osm_id":"4936405300"},"geometry":{"type":"Point","coordinates":[107.4076857,26.5895913]}},{"type":"Feature","properties":{"id":"china-osm-rail-station-2874016882","name":"贵定北","station_type":"railway_station","source_region":"guizhou","source_osm_id":"2874016882"},"geometry":{"type":"Point","coordinates":[107.2286611,26.5959393]}},{"type":"Feature","properties":{"id":"china-osm-rail-station-11432158703","name":"洛湾","station_type":"railway_station","source_region":"guizhou","source_osm_id":"11432158703"},"geometry":{"type":"Point","coordinates":[106.8222097,26.6585514]}},{"type":"Feature","properties":{"id":"china-osm-rail-station-5603764275","name":"洛湾三江","station_type":"railway_station","source_region":"guizhou","source_osm_id":"5603764275"},"geometry":{"type":"Point","coordinates":[106.8230806,26.6855789]}},{"type":"Feature","properties":{"id":"china-osm-rail-station-3740824338","name":"相思河","station_type":"railway_station","source_region":"guizhou","source_osm_id":"3740824338"},"geometry":{"type":"Point","coordinates":[106.88062,26.7675606]}},{"type":"Feature","properties":{"id":"china-osm-rail-station-3740824339","name":"百宜","station_type":"railway_station","source_region":"guizhou","source_osm_id":"3740824339"},"geometry":{"type":"Point","coordinates":[106.929348,26.8261814]}},{"type":"Feature","properties":{"id":"china-osm-rail-station-3740824337","name":"南江","station_type":"railway_station","source_region":"guizhou","source_osm_id":"3740824337"},"geometry":{"type":"Point","coordinates":[106.9693101,26.8974601]}},{"type":"Feature","properties":{"id":"china-osm-rail-station-8318662232","name":"平定营","station_type":"railway_station","source_region":"guizhou","source_osm_id":"8318662232"},"geometry":{"type":"Point","coordinates":[107.4304207,27.0011913]}},{"type":"Feature","properties":{"id":"china-osm-rail-station-11432158706","name":"东风（贵黔医院）","station_type":"railway_station","source_region":"guizhou","source_osm_id":"11432158706"},"geometry":{"type":"Point","coordinates":[106.8152025,26.6409165]}},{"type":"Feature","properties":{"id":"china-osm-rail-station-3059393382","name":"贵阳东","station_type":"railway_station","source_region":"guizhou","source_osm_id":"3059393382"},"geometry":{"type":"Point","coordinates":[106.7407259,26.6676326]}},{"type":"Feature","properties":{"id":"china-osm-rail-station-2873986672","name":"都拉营","station_type":"railway_station","source_region":"guizhou","source_osm_id":"2873986672"},"geometry":{"type":"Point","coordinates":[106.7091141,26.694554]}},{"type":"Feature","properties":{"id":"china-osm-rail-station-8310275714","name":"蓬莱村","station_type":"railway_station","source_region":"guizhou","source_osm_id":"8310275714"},"geometry":{"type":"Point","coordinates":[106.7287992,26.7574976]}},{"type":"Feature","properties":{"id":"china-osm-rail-station-8310282887","name":"大关冲","station_type":"railway_station","source_region":"guizhou","source_osm_id":"8310282887"},"geometry":{"type":"Point","coordinates":[106.7271947,26.8098121]}},{"type":"Feature","properties":{"id":"china-osm-rail-station-8211935366","name":"修文县","station_type":"railway_station","source_region":"guizhou","source_osm_id":"8211935366"},"geometry":{"type":"Point","coordinates":[106.7488999,26.854589]}},{"type":"Feature","properties":{"id":"china-osm-rail-station-9334658550","name":"扎佐","station_type":"railway_station","source_region":"guizhou","source_osm_id":"9334658550"},"geometry":{"type":"Point","coordinates":[106.7073873,26.8557601]}},{"type":"Feature","properties":{"id":"china-osm-rail-station-9334658549","name":"高坝","station_type":"railway_station","source_region":"guizhou","source_osm_id":"9334658549"},"geometry":{"type":"Point","coordinates":[106.699552,26.9051937]}},{"type":"Feature","properties":{"id":"china-osm-rail-station-8310254231","name":"新萝村","station_type":"railway_station","source_region":"guizhou","source_osm_id":"8310254231"},"geometry":{"type":"Point","coordinates":[106.7208218,26.9994324]}},{"type":"Feature","properties":{"id":"china-osm-rail-station-8310212465","name":"阳朗","station_type":"railway_station","source_region":"guizhou","source_osm_id":"8310212465"},"geometry":{"type":"Point","coordinates":[106.7432464,27.0418822]}},{"type":"Feature","properties":{"id":"china-osm-rail-station-6273080816","name":"福泉东","station_type":"railway_station","source_region":"guizhou","source_osm_id":"6273080816"},"geometry":{"type":"Point","coordinates":[107.5367117,26.7545874]}},{"type":"Feature","properties":{"id":"china-osm-rail-station-2662698103","name":"宝老山","station_type":"railway_station","source_region":"guizhou","source_osm_id":"2662698103"},"geometry":{"type":"Point","coordinates":[108.0404309,26.8158718]}},{"type":"Feature","properties":{"id":"china-osm-rail-station-5593903605","name":"黄平","station_type":"railway_station","source_region":"guizhou","source_osm_id":"5593903605"},"geometry":{"type":"Point","coordinates":[108.0957228,26.8705566]}},{"type":"Feature","properties":{"id":"china-osm-rail-station-8318649532","name":"牛场","station_type":"railway_station","source_region":"guizhou","source_osm_id":"8318649532"},"geometry":{"type":"Point","coordinates":[107.4650729,26.8731944]}},{"type":"Feature","properties":{"id":"china-osm-rail-station-627664957","name":"施秉","station_type":"railway_station","source_region":"guizhou","source_osm_id":"627664957"},"geometry":{"type":"Point","coordinates":[108.1311576,26.9210701]}},{"type":"Feature","properties":{"id":"china-osm-rail-station-2953809308","name":"三穗","station_type":"railway_station","source_region":"guizhou","source_osm_id":"2953809308"},"geometry":{"type":"Point","coordinates":[108.6472985,26.9683801]}},{"type":"Feature","properties":{"id":"china-osm-rail-station-5733932148","name":"水花","station_type":"railway_station","source_region":"guizhou","source_osm_id":"5733932148"},"geometry":{"type":"Point","coordinates":[108.2771945,26.9965842]}},{"type":"Feature","properties":{"id":"china-osm-rail-station-2825263049","name":"镇远","station_type":"railway_station","source_region":"guizhou","source_osm_id":"2825263049"},"geometry":{"type":"Point","coordinates":[108.4073456,27.0401668]}},{"type":"Feature","properties":{"id":"china-osm-rail-station-8310568596","name":"蕉溪","station_type":"railway_station","source_region":"guizhou","source_osm_id":"8310568596"},"geometry":{"type":"Point","coordinates":[108.5531587,27.079312]}},{"type":"Feature","properties":{"id":"china-osm-rail-station-627665638","name":"青溪","station_type":"railway_station","source_region":"guizhou","source_osm_id":"627665638"},"geometry":{"type":"Point","coordinates":[108.730052,27.1232183]}},{"type":"Feature","properties":{"id":"china-osm-rail-station-3060364298","name":"开阳","station_type":"railway_station","source_region":"guizhou","source_osm_id":"3060364298"},"geometry":{"type":"Point","coordinates":[106.9700697,27.0446857]}},{"type":"Feature","properties":{"id":"china-osm-rail-station-9334658565","name":"双流镇","station_type":"railway_station","source_region":"guizhou","source_osm_id":"9334658565"},"geometry":{"type":"Point","coordinates":[106.8701184,27.0529678]}},{"type":"Feature","properties":{"id":"china-osm-rail-station-9334658561","name":"楠木坪","station_type":"railway_station","source_region":"guizhou","source_osm_id":"9334658561"},"geometry":{"type":"Point","coordinates":[106.8498677,27.1168961]}},{"type":"Feature","properties":{"id":"china-osm-rail-station-9334658564","name":"永温","station_type":"railway_station","source_region":"guizhou","source_osm_id":"9334658564"},"geometry":{"type":"Point","coordinates":[106.9170651,27.1258317]}},{"type":"Feature","properties":{"id":"china-osm-rail-station-9334658562","name":"中心","station_type":"railway_station","source_region":"guizhou","source_osm_id":"9334658562"},"geometry":{"type":"Point","coordinates":[106.860154,27.1383207]}},{"type":"Feature","properties":{"id":"china-osm-rail-station-9334658563","name":"大水沟","station_type":"railway_station","source_region":"guizhou","source_osm_id":"9334658563"},"geometry":{"type":"Point","coordinates":[106.8578929,27.1579514]}},{"type":"Feature","properties":{"id":"china-osm-rail-station-3191203571","name":"天台","station_type":"railway_station","source_region":"guizhou","source_osm_id":"3191203571"},"geometry":{"type":"Point","coordinates":[106.8203617,27.2092162]}},{"type":"Feature","properties":{"id":"china-osm-rail-station-12723576516","name":"天文","station_type":"railway_station","source_region":"guizhou","source_osm_id":"12723576516"},"geometry":{"type":"Point","coordinates":[107.4256156,27.2437174]}},{"type":"Feature","properties":{"id":"china-osm-rail-station-12723634023","name":"大寨坝（预留）","station_type":"railway_station","source_region":"guizhou","source_osm_id":"12723634023"},"geometry":{"type":"Point","coordinates":[107.3453083,27.3209826]}},{"type":"Feature","properties":{"id":"china-osm-rail-station-12725718302","name":"珠藏","station_type":"railway_station","source_region":"guizhou","source_osm_id":"12725718302"},"geometry":{"type":"Point","coordinates":[107.3000488,27.3707344]}},{"type":"Feature","properties":{"id":"china-osm-rail-station-1763164530","name":"息烽","station_type":"railway_station","source_region":"guizhou","source_osm_id":"1763164530"},"geometry":{"type":"Point","coordinates":[106.7437473,27.0804206]}},{"type":"Feature","properties":{"id":"china-osm-rail-station-8310098476","name":"盘脚营","station_type":"railway_station","source_region":"guizhou","source_osm_id":"8310098476"},"geometry":{"type":"Point","coordinates":[106.717571,27.1412514]}},{"type":"Feature","properties":{"id":"china-osm-rail-station-8310107343","name":"小寨坝","station_type":"railway_station","source_region":"guizhou","source_osm_id":"8310107343"},"geometry":{"type":"Point","coordinates":[106.7357169,27.1862333]}},{"type":"Feature","properties":{"id":"china-osm-rail-station-8310060703","name":"养龙司","station_type":"railway_station","source_region":"guizhou","source_osm_id":"8310060703"},"geometry":{"type":"Point","coordinates":[106.7829641,27.2341835]}},{"type":"Feature","properties":{"id":"china-osm-rail-station-8310077340","name":"董家坪","station_type":"railway_station","source_region":"guizhou","source_osm_id":"8310077340"},"geometry":{"type":"Point","coordinates":[106.7877871,27.2799502]}},{"type":"Feature","properties":{"id":"china-osm-rail-station-8308637344","name":"乌江","station_type":"railway_station","source_region":"guizhou","source_osm_id":"8308637344"},"geometry":{"type":"Point","coordinates":[106.789837,27.3320057]}},{"type":"Feature","properties":{"id":"china-osm-rail-station-9334658551","name":"艾田","station_type":"railway_station","source_region":"guizhou","source_osm_id":"9334658551"},"geometry":{"type":"Point","coordinates":[106.7874921,27.3849602]}},{"type":"Feature","properties":{"id":"china-osm-rail-station-12725916924","name":"阁老坝南","station_type":"railway_station","source_region":"guizhou","source_osm_id":"12725916924"},"geometry":{"type":"Point","coordinates":[106.8079251,27.4172849]}},{"type":"Feature","properties":{"id":"china-osm-rail-station-5773711724","name":"阁老坝","station_type":"railway_station","source_region":"guizhou","source_osm_id":"5773711724"},"geometry":{"type":"Point","coordinates":[106.8053558,27.4437909]}},{"type":"Feature","properties":{"id":"china-osm-rail-station-8318414311","name":"瓮安","station_type":"railway_station","source_region":"guizhou","source_osm_id":"8318414311"},"geometry":{"type":"Point","coordinates":[107.4677052,27.1334815]}},{"type":"Feature","properties":{"id":"china-osm-rail-station-5514622812","name":"羊坪","station_type":"railway_station","source_region":"guizhou","source_osm_id":"5514622812"},"geometry":{"type":"Point","coordinates":[108.8209434,27.1758861]}},{"type":"Feature","properties":{"id":"china-osm-rail-station-1579354027","name":"玉屏","station_type":"railway_station","source_region":"guizhou","source_osm_id":"1579354027"},"geometry":{"type":"Point","coordinates":[108.930696,27.243059]}},{"type":"Feature","properties":{"id":"china-osm-rail-station-2953807111","name":"铜仁南","station_type":"railway_station","source_region":"guizhou","source_osm_id":"2953807111"},"geometry":{"type":"Point","coordinates":[108.9713101,27.2824472]}},{"type":"Feature","properties":{"id":"china-osm-rail-station-8310509738","name":"大龙","station_type":"railway_station","source_region":"guizhou","source_osm_id":"8310509738"},"geometry":{"type":"Point","coordinates":[109.0246845,27.2895027]}},{"type":"Feature","properties":{"id":"china-osm-rail-station-7160251670","name":"大宗坪","station_type":"railway_station","source_region":"guizhou","source_osm_id":"7160251670"},"geometry":{"type":"Point","coordinates":[109.0593187,27.3525413]}},{"type":"Feature","properties":{"id":"china-osm-rail-station-5184005947","name":"朱砂古镇","station_type":"railway_station","source_region":"guizhou","source_osm_id":"5184005947"},"geometry":{"type":"Point","coordinates":[109.1333449,27.5198398]}},{"type":"Feature","properties":{"id":"china-osm-rail-station-7245028949","name":"漾头","station_type":"railway_station","source_region":"guizhou","source_osm_id":"7245028949"},"geometry":{"type":"Point","coordinates":[109.4297558,27.7035679]}},{"type":"Feature","properties":{"id":"china-osm-rail-station-7245028950","name":"铜仁东","station_type":"railway_station","source_region":"guizhou","source_osm_id":"7245028950"},"geometry":{"type":"Point","coordinates":[109.2524296,27.7230176]}},{"type":"Feature","properties":{"id":"china-osm-rail-station-1681825151","name":"铜仁","station_type":"railway_station","source_region":"guizhou","source_osm_id":"1681825151"},"geometry":{"type":"Point","coordinates":[109.1997024,27.7433205]}},{"type":"Feature","properties":{"id":"china-osm-rail-station-12714048670","name":"平坝","station_type":"railway_station","source_region":"guizhou","source_osm_id":"12714048670"},"geometry":{"type":"Point","coordinates":[106.2976842,26.3903022]}},{"type":"Feature","properties":{"id":"china-osm-rail-station-2341894814","name":"新平坝","station_type":"railway_station","source_region":"guizhou","source_osm_id":"2341894814"},"geometry":{"type":"Point","coordinates":[106.25823,26.39066]}},{"type":"Feature","properties":{"id":"china-osm-rail-station-7625151870","name":"花溪大学城","station_type":"railway_station","source_region":"guizhou","source_osm_id":"7625151870"},"geometry":{"type":"Point","coordinates":[106.6223698,26.3977398]}},{"type":"Feature","properties":{"id":"china-osm-rail-station-2341894811","name":"马场","station_type":"railway_station","source_region":"guizhou","source_osm_id":"2341894811"},"geometry":{"type":"Point","coordinates":[106.4125499,26.4024551]}},{"type":"Feature","properties":{"id":"china-osm-rail-station-7625151869","name":"党武","station_type":"railway_station","source_region":"guizhou","source_osm_id":"7625151869"},"geometry":{"type":"Point","coordinates":[106.6045816,26.4071551]}},{"type":"Feature","properties":{"id":"china-osm-rail-station-3740822572","name":"天河潭","station_type":"railway_station","source_region":"guizhou","source_osm_id":"3740822572"},"geometry":{"type":"Point","coordinates":[106.5675876,26.42602]}},{"type":"Feature","properties":{"id":"china-osm-rail-station-7625091630","name":"芦官","station_type":"railway_station","source_region":"guizhou","source_osm_id":"7625091630"},"geometry":{"type":"Point","coordinates":[106.489136,26.4275282]}},{"type":"Feature","properties":{"id":"china-osm-rail-station-7625091629","name":"湖潮东","station_type":"railway_station","source_region":"guizhou","source_osm_id":"7625091629"},"geometry":{"type":"Point","coordinates":[106.5098824,26.4356023]}},{"type":"Feature","properties":{"id":"china-osm-rail-station-2341894810","name":"湖潮","station_type":"railway_station","source_region":"guizhou","source_osm_id":"2341894810"},"geometry":{"type":"Point","coordinates":[106.523059,26.443011]}},{"type":"Feature","properties":{"id":"china-osm-rail-station-12466322285","name":"天河潭","station_type":"railway_station","source_region":"guizhou","source_osm_id":"12466322285"},"geometry":{"type":"Point","coordinates":[106.5780619,26.4527954]}},{"type":"Feature","properties":{"id":"china-osm-rail-station-11434807652","name":"桐木岭（省委党校）","station_type":"railway_station","source_region":"guizhou","source_osm_id":"11434807652"},"geometry":{"type":"Point","coordinates":[106.6767636,26.3830482]}},{"type":"Feature","properties":{"id":"china-osm-rail-station-11434807655","name":"浪风关","station_type":"railway_station","source_region":"guizhou","source_osm_id":"11434807655"},"geometry":{"type":"Point","coordinates":[106.6733371,26.3957435]}},{"type":"Feature","properties":{"id":"china-osm-rail-station-3740822592","name":"花溪南","station_type":"railway_station","source_region":"guizhou","source_osm_id":"3740822592"},"geometry":{"type":"Point","coordinates":[106.6771739,26.4015162]}},{"type":"Feature","properties":{"id":"china-osm-rail-station-11434807658","name":"花溪南站","station_type":"railway_station","source_region":"guizhou","source_osm_id":"11434807658"},"geometry":{"type":"Point","coordinates":[106.6724546,26.4056717]}},{"type":"Feature","properties":{"id":"china-osm-rail-station-11434807659","name":"明珠大道","station_type":"railway_station","source_region":"guizhou","source_osm_id":"11434807659"},"geometry":{"type":"Point","coordinates":[106.6739203,26.4121738]}},{"type":"Feature","properties":{"id":"china-osm-rail-station-11434807662","name":"学士路","station_type":"railway_station","source_region":"guizhou","source_osm_id":"11434807662"},"geometry":{"type":"Point","coordinates":[106.6738104,26.4250893]}},{"type":"Feature","properties":{"id":"china-osm-rail-station-11434807665","name":"花溪公园","station_type":"railway_station","source_region":"guizhou","source_osm_id":"11434807665"},"geometry":{"type":"Point","coordinates":[106.6731412,26.4421678]}},{"type":"Feature","properties":{"id":"china-osm-rail-station-11434799799","name":"贵州大学","station_type":"railway_station","source_region":"guizhou","source_osm_id":"11434799799"},"geometry":{"type":"Point","coordinates":[106.6722588,26.4530345]}},{"type":"Feature","properties":{"id":"china-osm-rail-station-11764002371","name":"花溪","station_type":"railway_station","source_region":"guizhou","source_osm_id":"11764002371"},"geometry":{"type":"Point","coordinates":[106.6858848,26.4538326]}},{"type":"Feature","properties":{"id":"china-osm-rail-station-11434799801","name":"孔学堂","station_type":"railway_station","source_region":"guizhou","source_osm_id":"11434799801"},"geometry":{"type":"Point","coordinates":[106.671379,26.4636794]}},{"type":"Feature","properties":{"id":"china-osm-rail-station-3740822485","name":"孟关","station_type":"railway_station","source_region":"guizhou","source_osm_id":"3740822485"},"geometry":{"type":"Point","coordinates":[106.7350459,26.421664]}},{"type":"Feature","properties":{"id":"china-osm-rail-station-3060543643","name":"改貌","station_type":"railway_station","source_region":"guizhou","source_osm_id":"3060543643"},"geometry":{"type":"Point","coordinates":[106.7391021,26.4417575]}},{"type":"Feature","properties":{"id":"china-osm-rail-station-3060545256","name":"长冲沟","station_type":"railway_station","source_region":"guizhou","source_osm_id":"3060545256"},"geometry":{"type":"Point","coordinates":[106.7639653,26.4541748]}},{"type":"Feature","properties":{"id":"china-osm-rail-station-3060589420","name":"谷立","station_type":"railway_station","source_region":"guizhou","source_osm_id":"3060589420"},"geometry":{"type":"Point","coordinates":[106.7605632,26.4783441]}},{"type":"Feature","properties":{"id":"china-osm-rail-station-3740822501","name":"双龙南","station_type":"railway_station","source_region":"guizhou","source_osm_id":"3740822501"},"geometry":{"type":"Point","coordinates":[106.7846509,26.4841956]}},{"type":"Feature","properties":{"id":"china-osm-rail-station-4632174216","name":"小孟工业园","station_type":"railway_station","source_region":"guizhou","source_osm_id":"4632174216"},"geometry":{"type":"Point","coordinates":[106.7059109,26.5011534]}},{"type":"Feature","properties":{"id":"china-osm-rail-station-3060353328","name":"贵阳南","station_type":"railway_station","source_region":"guizhou","source_osm_id":"3060353328"},"geometry":{"type":"Point","coordinates":[106.7256174,26.5023454]}},{"type":"Feature","properties":{"id":"china-osm-rail-station-11434694145","name":"清水江路","station_type":"railway_station","source_region":"guizhou","source_osm_id":"11434694145"},"geometry":{"type":"Point","coordinates":[106.7055519,26.5106707]}},{"type":"Feature","properties":{"id":"china-osm-rail-station-11434694157","name":"长江路","station_type":"railway_station","source_region":"guizhou","source_osm_id":"11434694157"},"geometry":{"type":"Point","coordinates":[106.7072148,26.521349]}},{"type":"Feature","properties":{"id":"china-osm-rail-station-8674499765","name":"中兴路","station_type":"railway_station","source_region":"guizhou","source_osm_id":"8674499765"},"geometry":{"type":"Point","coordinates":[106.7737871,26.5223772]}},{"type":"Feature","properties":{"id":"china-osm-rail-station-12466322283","name":"星月湖","station_type":"railway_station","source_region":"guizhou","source_osm_id":"12466322283"},"geometry":{"type":"Point","coordinates":[106.524305,26.4582602]}},{"type":"Feature","properties":{"id":"china-osm-rail-station-12466322284","name":"大龙井","station_type":"railway_station","source_region":"guizhou","source_osm_id":"12466322284"},"geometry":{"type":"Point","coordinates":[106.5422902,26.4592897]}},{"type":"Feature","properties":{"id":"china-osm-rail-station-12466322282","name":"数谷大道","station_type":"railway_station","source_region":"guizhou","source_osm_id":"12466322282"},"geometry":{"type":"Point","coordinates":[106.5033647,26.4604487]}},{"type":"Feature","properties":{"id":"china-osm-rail-station-12466322281","name":"大科城","station_type":"railway_station","source_region":"guizhou","source_osm_id":"12466322281"},"geometry":{"type":"Point","coordinates":[106.4948746,26.4638253]}},{"type":"Feature","properties":{"id":"china-osm-rail-station-12466322280","name":"贵安站","station_type":"railway_station","source_region":"guizhou","source_osm_id":"12466322280"},"geometry":{"type":"Point","coordinates":[106.4819898,26.4689747]}},{"type":"Feature","properties":{"id":"china-osm-rail-station-7159959458","name":"贵安","station_type":"railway_station","source_region":"guizhou","source_osm_id":"7159959458"},"geometry":{"type":"Point","coordinates":[106.4805919,26.4696054]}},{"type":"Feature","properties":{"id":"china-osm-rail-station-12466322279","name":"皂角坝","station_type":"railway_station","source_region":"guizhou","source_osm_id":"12466322279"},"geometry":{"type":"Point","coordinates":[106.4645169,26.4747717]}},{"type":"Feature","properties":{"id":"china-osm-rail-station-12463069950","name":"石板哨","station_type":"railway_station","source_region":"guizhou","source_osm_id":"12463069950"},"geometry":{"type":"Point","coordinates":[106.6246963,26.482263]}},{"type":"Feature","properties":{"id":"china-osm-rail-station-7625091631","name":"花溪西","station_type":"railway_station","source_region":"guizhou","source_osm_id":"7625091631"},"geometry":{"type":"Point","coordinates":[106.5146077,26.5243864]}},{"type":"Feature","properties":{"id":"china-osm-rail-station-8317988348","name":"清镇","station_type":"railway_station","source_region":"guizhou","source_osm_id":"8317988348"},"geometry":{"type":"Point","coordinates":[106.4917535,26.5303808]}},{"type":"Feature","properties":{"id":"china-osm-rail-station-2341894813","name":"石板哨","station_type":"railway_station","source_region":"guizhou","source_osm_id":"2341894813"},"geometry":{"type":"Point","coordinates":[106.6320931,26.4658112]}},{"type":"Feature","properties":{"id":"china-osm-rail-station-7639541307","name":"三亚","station_type":"railway_station","source_region":"hainan","source_osm_id":"7639541307"},"geometry":{"type":"Point","coordinates":[109.4886823,18.2986924]}},{"type":"Feature","properties":{"id":"china-osm-rail-station-7639835667","name":"亚龙湾","station_type":"railway_station","source_region":"hainan","source_osm_id":"7639835667"},"geometry":{"type":"Point","coordinates":[109.5982924,18.3043516]}},{"type":"Feature","properties":{"id":"china-osm-rail-station-7140606345","name":"天涯海角","station_type":"railway_station","source_region":"hainan","source_osm_id":"7140606345"},"geometry":{"type":"Point","coordinates":[109.334811,18.3077792]}},{"type":"Feature","properties":{"id":"china-osm-rail-station-3926614045","name":"凤凰机场","station_type":"railway_station","source_region":"hainan","source_osm_id":"3926614045"},"geometry":{"type":"Point","coordinates":[109.4048937,18.3104251]}},{"type":"Feature","properties":{"id":"china-osm-rail-station-12747906903","name":"天涯","station_type":"railway_station","source_region":"hainan","source_osm_id":"12747906903"},"geometry":{"type":"Point","coordinates":[109.4430289,18.3123359]}},{"type":"Feature","properties":{"id":"china-osm-rail-station-12747906904","name":"红塘湾","station_type":"railway_station","source_region":"hainan","source_osm_id":"12747906904"},"geometry":{"type":"Point","coordinates":[109.2894425,18.3135364]}},{"type":"Feature","properties":{"id":"china-osm-rail-station-5683003449","name":"南山北","station_type":"railway_station","source_region":"hainan","source_osm_id":"5683003449"},"geometry":{"type":"Point","coordinates":[109.2056271,18.3193119]}},{"type":"Feature","properties":{"id":"china-osm-rail-station-12495157623","name":"崖州湾","station_type":"railway_station","source_region":"hainan","source_osm_id":"12495157623"},"geometry":{"type":"Point","coordinates":[109.1808671,18.3552096]}},{"type":"Feature","properties":{"id":"china-osm-rail-station-12747906901","name":"崖州西","station_type":"railway_station","source_region":"hainan","source_osm_id":"12747906901"},"geometry":{"type":"Point","coordinates":[109.0806654,18.3768947]}},{"type":"Feature","properties":{"id":"china-osm-rail-station-3926611765","name":"崖州","station_type":"railway_station","source_region":"hainan","source_osm_id":"3926611765"},"geometry":{"type":"Point","coordinates":[109.1535157,18.3782225]}},{"type":"Feature","properties":{"id":"china-osm-rail-station-3926612094","name":"乐东","station_type":"railway_station","source_region":"hainan","source_osm_id":"3926612094"},"geometry":{"type":"Point","coordinates":[108.9350242,18.4471603]}},{"type":"Feature","properties":{"id":"china-osm-rail-station-12747885400","name":"利国镇","station_type":"railway_station","source_region":"hainan","source_osm_id":"12747885400"},"geometry":{"type":"Point","coordinates":[108.8851676,18.4990551]}},{"type":"Feature","properties":{"id":"china-osm-rail-station-3926612108","name":"黄流","station_type":"railway_station","source_region":"hainan","source_osm_id":"3926612108"},"geometry":{"type":"Point","coordinates":[108.8273216,18.5304046]}},{"type":"Feature","properties":{"id":"china-osm-rail-station-7638983864","name":"黄流镇","station_type":"railway_station","source_region":"hainan","source_osm_id":"7638983864"},"geometry":{"type":"Point","coordinates":[108.7940454,18.5310645]}},{"type":"Feature","properties":{"id":"china-osm-rail-station-3926611494","name":"尖峰","station_type":"railway_station","source_region":"hainan","source_osm_id":"3926611494"},"geometry":{"type":"Point","coordinates":[108.7490097,18.6231537]}},{"type":"Feature","properties":{"id":"china-osm-rail-station-12747885399","name":"尖峰北","station_type":"railway_station","source_region":"hainan","source_osm_id":"12747885399"},"geometry":{"type":"Point","coordinates":[108.7168058,18.6885643]}},{"type":"Feature","properties":{"id":"china-osm-rail-station-3926574112","name":"金月湾","station_type":"railway_station","source_region":"hainan","source_osm_id":"3926574112"},"geometry":{"type":"Point","coordinates":[108.7118803,18.7804283]}},{"type":"Feature","properties":{"id":"china-osm-rail-station-7638983865","name":"感城","station_type":"railway_station","source_region":"hainan","source_osm_id":"7638983865"},"geometry":{"type":"Point","coordinates":[108.708483,18.8552445]}},{"type":"Feature","properties":{"id":"china-osm-rail-station-7638983866","name":"东方","station_type":"railway_station","source_region":"hainan","source_osm_id":"7638983866"},"geometry":{"type":"Point","coordinates":[108.6877602,19.0901338]}},{"type":"Feature","properties":{"id":"china-osm-rail-station-7639801223","name":"八所","station_type":"railway_station","source_region":"hainan","source_osm_id":"7639801223"},"geometry":{"type":"Point","coordinates":[108.6379194,19.1052602]}},{"type":"Feature","properties":{"id":"china-osm-rail-station-3924117307","name":"陵水","station_type":"railway_station","source_region":"hainan","source_osm_id":"3924117307"},"geometry":{"type":"Point","coordinates":[110.0288117,18.5379736]}},{"type":"Feature","properties":{"id":"china-osm-rail-station-3923323853","name":"神州","station_type":"railway_station","source_region":"hainan","source_osm_id":"3923323853"},"geometry":{"type":"Point","coordinates":[110.3034002,18.7265247]}},{"type":"Feature","properties":{"id":"china-osm-rail-station-3923183425","name":"万宁","station_type":"railway_station","source_region":"hainan","source_osm_id":"3923183425"},"geometry":{"type":"Point","coordinates":[110.3768372,18.8094118]}},{"type":"Feature","properties":{"id":"china-osm-rail-station-3923176483","name":"和乐","station_type":"railway_station","source_region":"hainan","source_osm_id":"3923176483"},"geometry":{"type":"Point","coordinates":[110.4538305,18.9250368]}},{"type":"Feature","properties":{"id":"china-osm-rail-station-7639835668","name":"博鳌","station_type":"railway_station","source_region":"hainan","source_osm_id":"7639835668"},"geometry":{"type":"Point","coordinates":[110.4828528,19.1380226]}},{"type":"Feature","properties":{"id":"china-osm-rail-station-3921776006","name":"琼海","station_type":"railway_station","source_region":"hainan","source_osm_id":"3921776006"},"geometry":{"type":"Point","coordinates":[110.4876438,19.241613]}},{"type":"Feature","properties":{"id":"china-osm-rail-station-7639835672","name":"文昌","station_type":"railway_station","source_region":"hainan","source_osm_id":"7639835672"},"geometry":{"type":"Point","coordinates":[110.7329071,19.6080567]}},{"type":"Feature","properties":{"id":"china-osm-rail-station-7638983874","name":"澄迈","station_type":"railway_station","source_region":"hainan","source_osm_id":"7638983874"},"geometry":{"type":"Point","coordinates":[109.9760869,19.7759821]}},{"type":"Feature","properties":{"id":"china-osm-rail-station-3926567133","name":"福山镇","station_type":"railway_station","source_region":"hainan","source_osm_id":"3926567133"},"geometry":{"type":"Point","coordinates":[109.9143348,19.8783992]}},{"type":"Feature","properties":{"id":"china-osm-rail-station-3926574381","name":"老城镇","station_type":"railway_station","source_region":"hainan","source_osm_id":"3926574381"},"geometry":{"type":"Point","coordinates":[110.1132089,19.9338974]}},{"type":"Feature","properties":{"id":"china-osm-rail-station-7638983867","name":"昌感","station_type":"railway_station","source_region":"hainan","source_osm_id":"7638983867"},"geometry":{"type":"Point","coordinates":[108.7189221,19.1386561]}},{"type":"Feature","properties":{"id":"china-osm-rail-station-7638983868","name":"叉河","station_type":"railway_station","source_region":"hainan","source_osm_id":"7638983868"},"geometry":{"type":"Point","coordinates":[108.9417306,19.2315856]}},{"type":"Feature","properties":{"id":"china-osm-rail-station-7639802001","name":"水尾","station_type":"railway_station","source_region":"hainan","source_osm_id":"7639802001"},"geometry":{"type":"Point","coordinates":[108.9980918,19.2382004]}},{"type":"Feature","properties":{"id":"china-osm-rail-station-7639802000","name":"石碌","station_type":"railway_station","source_region":"hainan","source_osm_id":"7639802000"},"geometry":{"type":"Point","coordinates":[109.0454006,19.2456405]}},{"type":"Feature","properties":{"id":"china-osm-rail-station-7638983869","name":"昌江","station_type":"railway_station","source_region":"hainan","source_osm_id":"7638983869"},"geometry":{"type":"Point","coordinates":[109.047879,19.3158768]}},{"type":"Feature","properties":{"id":"china-osm-rail-station-3926581138","name":"棋子湾","station_type":"railway_station","source_region":"hainan","source_osm_id":"3926581138"},"geometry":{"type":"Point","coordinates":[108.8041307,19.3392265]}},{"type":"Feature","properties":{"id":"china-osm-rail-station-9192805748","name":"海头","station_type":"railway_station","source_region":"hainan","source_osm_id":"9192805748"},"geometry":{"type":"Point","coordinates":[108.9895222,19.4960612]}},{"type":"Feature","properties":{"id":"china-osm-rail-station-7638983870","name":"芙蓉田","station_type":"railway_station","source_region":"hainan","source_osm_id":"7638983870"},"geometry":{"type":"Point","coordinates":[109.1651183,19.3980602]}},{"type":"Feature","properties":{"id":"china-osm-rail-station-7638983871","name":"八一","station_type":"railway_station","source_region":"hainan","source_osm_id":"7638983871"},"geometry":{"type":"Point","coordinates":[109.3298542,19.4482062]}},{"type":"Feature","properties":{"id":"china-osm-rail-station-7638983872","name":"儋州","station_type":"railway_station","source_region":"hainan","source_osm_id":"7638983872"},"geometry":{"type":"Point","coordinates":[109.54725,19.5344583]}},{"type":"Feature","properties":{"id":"china-osm-rail-station-3926580651","name":"白马井","station_type":"railway_station","source_region":"hainan","source_osm_id":"3926580651"},"geometry":{"type":"Point","coordinates":[109.2499509,19.6604299]}},{"type":"Feature","properties":{"id":"china-osm-rail-station-7638983873","name":"临高","station_type":"railway_station","source_region":"hainan","source_osm_id":"7638983873"},"geometry":{"type":"Point","coordinates":[109.7508417,19.6857848]}},{"type":"Feature","properties":{"id":"china-osm-rail-station-3926574090","name":"银滩","station_type":"railway_station","source_region":"hainan","source_osm_id":"3926574090"},"geometry":{"type":"Point","coordinates":[109.4852143,19.7920361]}},{"type":"Feature","properties":{"id":"china-osm-rail-station-3926581871","name":"临高南","station_type":"railway_station","source_region":"hainan","source_osm_id":"3926581871"},"geometry":{"type":"Point","coordinates":[109.7551457,19.8696353]}},{"type":"Feature","properties":{"id":"china-osm-rail-station-7639835673","name":"美兰","station_type":"railway_station","source_region":"hainan","source_osm_id":"7639835673"},"geometry":{"type":"Point","coordinates":[110.4569775,19.944351]}},{"type":"Feature","properties":{"id":"china-osm-rail-station-5381139759","name":"海口南","station_type":"railway_station","source_region":"hainan","source_osm_id":"5381139759"},"geometry":{"type":"Point","coordinates":[110.157997,19.9597254]}},{"type":"Feature","properties":{"id":"china-osm-rail-station-5926619448","name":"海口东","station_type":"railway_station","source_region":"hainan","source_osm_id":"5926619448"},"geometry":{"type":"Point","coordinates":[110.3387166,19.9856837]}},{"type":"Feature","properties":{"id":"china-osm-rail-station-1995670427","name":"长流","station_type":"railway_station","source_region":"hainan","source_osm_id":"1995670427"},"geometry":{"type":"Point","coordinates":[110.2021463,19.9939208]}},{"type":"Feature","properties":{"id":"china-osm-rail-station-4730443125","name":"城西","station_type":"railway_station","source_region":"hainan","source_osm_id":"4730443125"},"geometry":{"type":"Point","coordinates":[110.3276038,19.9980792]}},{"type":"Feature","properties":{"id":"china-osm-rail-station-7639828443","name":"秀英","station_type":"railway_station","source_region":"hainan","source_osm_id":"7639828443"},"geometry":{"type":"Point","coordinates":[110.2716637,19.9982682]}},{"type":"Feature","properties":{"id":"china-osm-rail-station-12747885398","name":"海口","station_type":"railway_station","source_region":"hainan","source_osm_id":"12747885398"},"geometry":{"type":"Point","coordinates":[110.1575334,20.0293869]}},{"type":"Feature","properties":{"id":"china-osm-rail-station-8382763916","name":"讲武城","station_type":"railway_station","source_region":"hebei","source_osm_id":"8382763916"},"geometry":{"type":"Point","coordinates":[114.3416332,36.2782375]}},{"type":"Feature","properties":{"id":"china-osm-rail-station-2329407067","name":"磁县","station_type":"railway_station","source_region":"hebei","source_osm_id":"2329407067"},"geometry":{"type":"Point","coordinates":[114.3660941,36.360112]}},{"type":"Feature","properties":{"id":"china-osm-rail-station-2329134714","name":"彭城","station_type":"railway_station","source_region":"hebei","source_osm_id":"2329134714"},"geometry":{"type":"Point","coordinates":[114.1738793,36.4327711]}},{"type":"Feature","properties":{"id":"china-osm-rail-station-2329134709","name":"临水","station_type":"railway_station","source_region":"hebei","source_osm_id":"2329134709"},"geometry":{"type":"Point","coordinates":[114.2361016,36.4334409]}},{"type":"Feature","properties":{"id":"china-osm-rail-station-2329134715","name":"新坡","station_type":"railway_station","source_region":"hebei","source_osm_id":"2329134715"},"geometry":{"type":"Point","coordinates":[114.297278,36.471132]}},{"type":"Feature","properties":{"id":"china-osm-rail-station-9258877064","name":"七公里","station_type":"railway_station","source_region":"hebei","source_osm_id":"9258877064"},"geometry":{"type":"Point","coordinates":[114.351044,36.4736026]}},{"type":"Feature","properties":{"id":"china-osm-rail-station-2329134712","name":"马头","station_type":"railway_station","source_region":"hebei","source_osm_id":"2329134712"},"geometry":{"type":"Point","coordinates":[114.420779,36.475905]}},{"type":"Feature","properties":{"id":"china-osm-rail-station-9258877062","name":"义井","station_type":"railway_station","source_region":"hebei","source_osm_id":"9258877062"},"geometry":{"type":"Point","coordinates":[114.1461897,36.5016548]}},{"type":"Feature","properties":{"id":"china-osm-rail-station-3706573238","name":"下湾","station_type":"railway_station","source_region":"hebei","source_osm_id":"3706573238"},"geometry":{"type":"Point","coordinates":[113.5552961,36.5296913]}},{"type":"Feature","properties":{"id":"china-osm-rail-station-7213688369","name":"邯郸南","station_type":"railway_station","source_region":"hebei","source_osm_id":"7213688369"},"geometry":{"type":"Point","coordinates":[114.4504434,36.5414714]}},{"type":"Feature","properties":{"id":"china-osm-rail-station-2328405919","name":"和村","station_type":"railway_station","source_region":"hebei","source_osm_id":"2328405919"},"geometry":{"type":"Point","coordinates":[114.123252,36.556552]}},{"type":"Feature","properties":{"id":"china-osm-rail-station-8398757715","name":"南峧","station_type":"railway_station","source_region":"hebei","source_osm_id":"8398757715"},"geometry":{"type":"Point","coordinates":[113.5582582,36.5737298]}},{"type":"Feature","properties":{"id":"china-osm-rail-station-2328405923","name":"涉县","station_type":"railway_station","source_region":"hebei","source_osm_id":"2328405923"},"geometry":{"type":"Point","coordinates":[113.6620793,36.5774509]}},{"type":"Feature","properties":{"id":"china-osm-rail-station-2662698274","name":"磁山","station_type":"railway_station","source_region":"hebei","source_osm_id":"2662698274"},"geometry":{"type":"Point","coordinates":[114.1111016,36.5973527]}},{"type":"Feature","properties":{"id":"china-osm-rail-station-2329019136","name":"邯郸","station_type":"railway_station","source_region":"hebei","source_osm_id":"2329019136"},"geometry":{"type":"Point","coordinates":[114.4696555,36.6012666]}},{"type":"Feature","properties":{"id":"china-osm-rail-station-2328405920","name":"井店","station_type":"railway_station","source_region":"hebei","source_osm_id":"2328405920"},"geometry":{"type":"Point","coordinates":[113.7152223,36.6049589]}},{"type":"Feature","properties":{"id":"china-osm-rail-station-7461167188","name":"徘徊北","station_type":"railway_station","source_region":"hebei","source_osm_id":"7461167188"},"geometry":{"type":"Point","coordinates":[114.0360743,36.6181799]}},{"type":"Feature","properties":{"id":"china-osm-rail-station-3649025734","name":"林村","station_type":"railway_station","source_region":"hebei","source_osm_id":"3649025734"},"geometry":{"type":"Point","coordinates":[114.4072694,36.6201307]}},{"type":"Feature","properties":{"id":"china-osm-rail-station-2328405927","name":"新固镇","station_type":"railway_station","source_region":"hebei","source_osm_id":"2328405927"},"geometry":{"type":"Point","coordinates":[113.9776405,36.6355116]}},{"type":"Feature","properties":{"id":"china-osm-rail-station-8408788479","name":"桃城","station_type":"railway_station","source_region":"hebei","source_osm_id":"8408788479"},"geometry":{"type":"Point","coordinates":[113.5660039,36.6357587]}},{"type":"Feature","properties":{"id":"china-osm-rail-station-2328405922","name":"偏店","station_type":"railway_station","source_region":"hebei","source_osm_id":"2328405922"},"geometry":{"type":"Point","coordinates":[113.74768,36.64614]}},{"type":"Feature","properties":{"id":"china-osm-rail-station-2328405926","name":"午汲","station_type":"railway_station","source_region":"hebei","source_osm_id":"2328405926"},"geometry":{"type":"Point","coordinates":[114.148513,36.6518689]}},{"type":"Feature","properties":{"id":"china-osm-rail-station-2329019140","name":"康城","station_type":"railway_station","source_region":"hebei","source_osm_id":"2329019140"},"geometry":{"type":"Point","coordinates":[114.286066,36.6567688]}},{"type":"Feature","properties":{"id":"china-osm-rail-station-2328405928","name":"悬钟","station_type":"railway_station","source_region":"hebei","source_osm_id":"2328405928"},"geometry":{"type":"Point","coordinates":[113.5712404,36.6600513]}},{"type":"Feature","properties":{"id":"china-osm-rail-station-7461167201","name":"武安","station_type":"railway_station","source_region":"hebei","source_osm_id":"7461167201"},"geometry":{"type":"Point","coordinates":[114.20618,36.676568]}},{"type":"Feature","properties":{"id":"china-osm-rail-station-8382763915","name":"黄粱梦","station_type":"railway_station","source_region":"hebei","source_osm_id":"8382763915"},"geometry":{"type":"Point","coordinates":[114.4772306,36.6884309]}},{"type":"Feature","properties":{"id":"china-osm-rail-station-2328405924","name":"什里店","station_type":"railway_station","source_region":"hebei","source_osm_id":"2328405924"},"geometry":{"type":"Point","coordinates":[113.9366706,36.6902868]}},{"type":"Feature","properties":{"id":"china-osm-rail-station-12881303516","name":"东戌","station_type":"railway_station","source_region":"hebei","source_osm_id":"12881303516"},"geometry":{"type":"Point","coordinates":[113.8142502,36.6948165]}},{"type":"Feature","properties":{"id":"china-osm-rail-station-3649017297","name":"上泉","station_type":"railway_station","source_region":"hebei","source_osm_id":"3649017297"},"geometry":{"type":"Point","coordinates":[114.1131335,36.7014894]}},{"type":"Feature","properties":{"id":"china-osm-rail-station-2328405918","name":"豆庄","station_type":"railway_station","source_region":"hebei","source_osm_id":"2328405918"},"geometry":{"type":"Point","coordinates":[113.8411558,36.7297196]}},{"type":"Feature","properties":{"id":"china-osm-rail-station-7167637462","name":"大名","station_type":"railway_station","source_region":"hebei","source_osm_id":"7167637462"},"geometry":{"type":"Point","coordinates":[115.0956917,36.4959173]}},{"type":"Feature","properties":{"id":"china-osm-rail-station-7134468969","name":"广平","station_type":"railway_station","source_region":"hebei","source_osm_id":"7134468969"},"geometry":{"type":"Point","coordinates":[114.9347698,36.4965814]}},{"type":"Feature","properties":{"id":"china-osm-rail-station-8407532455","name":"馆陶","station_type":"railway_station","source_region":"hebei","source_osm_id":"8407532455"},"geometry":{"type":"Point","coordinates":[115.2728986,36.5104549]}},{"type":"Feature","properties":{"id":"china-osm-rail-station-8407464309","name":"河沙镇","station_type":"railway_station","source_region":"hebei","source_osm_id":"8407464309"},"geometry":{"type":"Point","coordinates":[114.6096699,36.5188597]}},{"type":"Feature","properties":{"id":"china-osm-rail-station-3649043873","name":"肥乡","station_type":"railway_station","source_region":"hebei","source_osm_id":"3649043873"},"geometry":{"type":"Point","coordinates":[114.7849104,36.5382483]}},{"type":"Feature","properties":{"id":"china-osm-rail-station-8397056466","name":"邯郸东","station_type":"railway_station","source_region":"hebei","source_osm_id":"8397056466"},"geometry":{"type":"Point","coordinates":[114.5531572,36.6198074]}},{"type":"Feature","properties":{"id":"china-osm-rail-station-3649043883","name":"肥乡北","station_type":"railway_station","source_region":"hebei","source_osm_id":"3649043883"},"geometry":{"type":"Point","coordinates":[114.8713848,36.6489022]}},{"type":"Feature","properties":{"id":"china-osm-rail-station-3949862902","name":"曹庄镇","station_type":"railway_station","source_region":"hebei","source_osm_id":"3949862902"},"geometry":{"type":"Point","coordinates":[114.8931769,36.7886029]}},{"type":"Feature","properties":{"id":"china-osm-rail-station-3949862921","name":"鸡泽","station_type":"railway_station","source_region":"hebei","source_osm_id":"3949862921"},"geometry":{"type":"Point","coordinates":[114.9348827,36.9377511]}},{"type":"Feature","properties":{"id":"china-osm-rail-station-3649076556","name":"邢台南","station_type":"railway_station","source_region":"hebei","source_osm_id":"3649076556"},"geometry":{"type":"Point","coordinates":[114.6656124,36.9738311]}},{"type":"Feature","properties":{"id":"china-osm-rail-station-7461167199","name":"阳邑","station_type":"railway_station","source_region":"hebei","source_osm_id":"7461167199"},"geometry":{"type":"Point","coordinates":[113.8962936,36.7377879]}},{"type":"Feature","properties":{"id":"china-osm-rail-station-7461160278","name":"南营井","station_type":"railway_station","source_region":"hebei","source_osm_id":"7461160278"},"geometry":{"type":"Point","coordinates":[114.0992296,36.7453623]}},{"type":"Feature","properties":{"id":"china-osm-rail-station-4607602418","name":"临洺关","station_type":"railway_station","source_region":"hebei","source_osm_id":"4607602418"},"geometry":{"type":"Point","coordinates":[114.4782867,36.777074]}},{"type":"Feature","properties":{"id":"china-osm-rail-station-9258877058","name":"西阳苑","station_type":"railway_station","source_region":"hebei","source_osm_id":"9258877058"},"geometry":{"type":"Point","coordinates":[114.2594004,36.8110306]}},{"type":"Feature","properties":{"id":"china-osm-rail-station-3649017238","name":"郭二庄","station_type":"railway_station","source_region":"hebei","source_osm_id":"3649017238"},"geometry":{"type":"Point","coordinates":[114.2004137,36.8117615]}},{"type":"Feature","properties":{"id":"china-osm-rail-station-7464713505","name":"西石门","station_type":"railway_station","source_region":"hebei","source_osm_id":"7464713505"},"geometry":{"type":"Point","coordinates":[114.179028,36.827156]}},{"type":"Feature","properties":{"id":"china-osm-rail-station-9258877059","name":"权村","station_type":"railway_station","source_region":"hebei","source_osm_id":"9258877059"},"geometry":{"type":"Point","coordinates":[114.2952561,36.8458377]}},{"type":"Feature","properties":{"id":"china-osm-rail-station-8015997051","name":"沙河市","station_type":"railway_station","source_region":"hebei","source_osm_id":"8015997051"},"geometry":{"type":"Point","coordinates":[114.491162,36.8607508]}},{"type":"Feature","properties":{"id":"china-osm-rail-station-9258877060","name":"章村","station_type":"railway_station","source_region":"hebei","source_osm_id":"9258877060"},"geometry":{"type":"Point","coordinates":[114.3591248,36.8747271]}},{"type":"Feature","properties":{"id":"china-osm-rail-station-8015997054","name":"小康庄","station_type":"railway_station","source_region":"hebei","source_osm_id":"8015997054"},"geometry":{"type":"Point","coordinates":[114.4908852,37.0098959]}},{"type":"Feature","properties":{"id":"china-osm-rail-station-2329407071","name":"邢台","station_type":"railway_station","source_region":"hebei","source_osm_id":"2329407071"},"geometry":{"type":"Point","coordinates":[114.4861618,37.0692045]}},{"type":"Feature","properties":{"id":"china-osm-rail-station-8407393612","name":"白岸","station_type":"railway_station","source_region":"hebei","source_osm_id":"8407393612"},"geometry":{"type":"Point","coordinates":[113.7924996,37.1154821]}},{"type":"Feature","properties":{"id":"china-osm-rail-station-8407417227","name":"路罗","station_type":"railway_station","source_region":"hebei","source_osm_id":"8407417227"},"geometry":{"type":"Point","coordinates":[113.829917,37.1574628]}},{"type":"Feature","properties":{"id":"china-osm-rail-station-8407290229","name":"白马河","station_type":"railway_station","source_region":"hebei","source_osm_id":"8407290229"},"geometry":{"type":"Point","coordinates":[114.4498437,37.1617163]}},{"type":"Feature","properties":{"id":"china-osm-rail-station-8407297387","name":"东张马","station_type":"railway_station","source_region":"hebei","source_osm_id":"8407297387"},"geometry":{"type":"Point","coordinates":[114.2848579,37.1807765]}},{"type":"Feature","properties":{"id":"china-osm-rail-station-8407291889","name":"西河口","station_type":"railway_station","source_region":"hebei","source_osm_id":"8407291889"},"geometry":{"type":"Point","coordinates":[114.1585024,37.1855475]}},{"type":"Feature","properties":{"id":"china-osm-rail-station-8407343074","name":"将军川","station_type":"railway_station","source_region":"hebei","source_osm_id":"8407343074"},"geometry":{"type":"Point","coordinates":[114.0299005,37.1989511]}},{"type":"Feature","properties":{"id":"china-osm-rail-station-8407294673","name":"皇寺","station_type":"railway_station","source_region":"hebei","source_osm_id":"8407294673"},"geometry":{"type":"Point","coordinates":[114.3687294,37.1995238]}},{"type":"Feature","properties":{"id":"china-osm-rail-station-5570066662","name":"官庄","station_type":"railway_station","source_region":"hebei","source_osm_id":"5570066662"},"geometry":{"type":"Point","coordinates":[114.5009071,37.2005701]}},{"type":"Feature","properties":{"id":"china-osm-rail-station-8407344606","name":"浆水镇","station_type":"railway_station","source_region":"hebei","source_osm_id":"8407344606"},"geometry":{"type":"Point","coordinates":[113.9026572,37.207004]}},{"type":"Feature","properties":{"id":"china-osm-rail-station-5449784703","name":"临西","station_type":"railway_station","source_region":"hebei","source_osm_id":"5449784703"},"geometry":{"type":"Point","coordinates":[115.7080608,36.9277803]}},{"type":"Feature","properties":{"id":"china-osm-rail-station-2351141706","name":"清河城","station_type":"railway_station","source_region":"hebei","source_osm_id":"2351141706"},"geometry":{"type":"Point","coordinates":[115.6809487,37.0634027]}},{"type":"Feature","properties":{"id":"china-osm-rail-station-11296772790","name":"清河西","station_type":"railway_station","source_region":"hebei","source_osm_id":"11296772790"},"geometry":{"type":"Point","coordinates":[115.6040903,37.0714934]}},{"type":"Feature","properties":{"id":"china-osm-rail-station-2351141705","name":"南宫东","station_type":"railway_station","source_region":"hebei","source_osm_id":"2351141705"},"geometry":{"type":"Point","coordinates":[115.6897724,37.1691579]}},{"type":"Feature","properties":{"id":"china-osm-rail-station-2351141701","name":"大营镇","station_type":"railway_station","source_region":"hebei","source_osm_id":"2351141701"},"geometry":{"type":"Point","coordinates":[115.7299012,37.3174736]}},{"type":"Feature","properties":{"id":"china-osm-rail-station-11296772793","name":"枣强南","station_type":"railway_station","source_region":"hebei","source_osm_id":"11296772793"},"geometry":{"type":"Point","coordinates":[115.6653251,37.3247919]}},{"type":"Feature","properties":{"id":"china-osm-rail-station-3949965039","name":"新河东","station_type":"railway_station","source_region":"hebei","source_osm_id":"3949965039"},"geometry":{"type":"Point","coordinates":[115.3116681,37.4948581]}},{"type":"Feature","properties":{"id":"china-osm-rail-station-3949965028","name":"孙家庄","station_type":"railway_station","source_region":"hebei","source_osm_id":"3949965028"},"geometry":{"type":"Point","coordinates":[115.4821528,37.4987692]}},{"type":"Feature","properties":{"id":"china-osm-rail-station-3600114283","name":"枣强","station_type":"railway_station","source_region":"hebei","source_osm_id":"3600114283"},"geometry":{"type":"Point","coordinates":[115.7329939,37.503853]}},{"type":"Feature","properties":{"id":"china-osm-rail-station-3949965025","name":"冀州","station_type":"railway_station","source_region":"hebei","source_osm_id":"3949965025"},"geometry":{"type":"Point","coordinates":[115.571725,37.510498]}},{"type":"Feature","properties":{"id":"china-osm-rail-station-3949977029","name":"平乡","station_type":"railway_station","source_region":"hebei","source_osm_id":"3949977029"},"geometry":{"type":"Point","coordinates":[115.0568377,37.0196451]}},{"type":"Feature","properties":{"id":"china-osm-rail-station-3949977011","name":"广宗","station_type":"railway_station","source_region":"hebei","source_osm_id":"3949977011"},"geometry":{"type":"Point","coordinates":[115.1231414,37.0811699]}},{"type":"Feature","properties":{"id":"china-osm-rail-station-2753117299","name":"邢台东","station_type":"railway_station","source_region":"hebei","source_osm_id":"2753117299"},"geometry":{"type":"Point","coordinates":[114.5859458,37.0914333]}},{"type":"Feature","properties":{"id":"china-osm-rail-station-3949966000","name":"件只","station_type":"railway_station","source_region":"hebei","source_osm_id":"3949966000"},"geometry":{"type":"Point","coordinates":[115.1650623,37.1823489]}},{"type":"Feature","properties":{"id":"china-osm-rail-station-3949965979","name":"巨鹿","station_type":"railway_station","source_region":"hebei","source_osm_id":"3949965979"},"geometry":{"type":"Point","coordinates":[115.197255,37.284391]}},{"type":"Feature","properties":{"id":"china-osm-rail-station-2329407069","name":"内邱","station_type":"railway_station","source_region":"hebei","source_osm_id":"2329407069"},"geometry":{"type":"Point","coordinates":[114.5268804,37.2954583]}},{"type":"Feature","properties":{"id":"china-osm-rail-station-3949965963","name":"南宫","station_type":"railway_station","source_region":"hebei","source_osm_id":"3949965963"},"geometry":{"type":"Point","coordinates":[115.2259446,37.3625602]}},{"type":"Feature","properties":{"id":"china-osm-rail-station-8382763914","name":"隆尧县","station_type":"railway_station","source_region":"hebei","source_osm_id":"8382763914"},"geometry":{"type":"Point","coordinates":[114.5622137,37.3894428]}},{"type":"Feature","properties":{"id":"china-osm-rail-station-5431792962","name":"临城","station_type":"railway_station","source_region":"hebei","source_osm_id":"5431792962"},"geometry":{"type":"Point","coordinates":[114.606092,37.4685251]}},{"type":"Feature","properties":{"id":"china-osm-rail-station-5431792961","name":"鸭鸽营","station_type":"railway_station","source_region":"hebei","source_osm_id":"5431792961"},"geometry":{"type":"Point","coordinates":[114.5983377,37.5434608]}},{"type":"Feature","properties":{"id":"china-osm-rail-station-3949965017","name":"枣强西","station_type":"railway_station","source_region":"hebei","source_osm_id":"3949965017"},"geometry":{"type":"Point","coordinates":[115.6730096,37.5595689]}},{"type":"Feature","properties":{"id":"china-osm-rail-station-3949964991","name":"流常","station_type":"railway_station","source_region":"hebei","source_osm_id":"3949964991"},"geometry":{"type":"Point","coordinates":[115.8025997,37.61408]}},{"type":"Feature","properties":{"id":"china-osm-rail-station-8419766775","name":"大葛村","station_type":"railway_station","source_region":"hebei","source_osm_id":"8419766775"},"geometry":{"type":"Point","coordinates":[115.7598978,37.6747559]}},{"type":"Feature","properties":{"id":"china-osm-rail-station-2329491728","name":"清凉店","station_type":"railway_station","source_region":"hebei","source_osm_id":"2329491728"},"geometry":{"type":"Point","coordinates":[115.8514832,37.6777096]}},{"type":"Feature","properties":{"id":"china-osm-rail-station-11296772796","name":"衡水南","station_type":"railway_station","source_region":"hebei","source_osm_id":"11296772796"},"geometry":{"type":"Point","coordinates":[115.6342662,37.6975923]}},{"type":"Feature","properties":{"id":"china-osm-rail-station-3949950167","name":"衡水东","station_type":"railway_station","source_region":"hebei","source_osm_id":"3949950167"},"geometry":{"type":"Point","coordinates":[115.9389253,37.7169458]}},{"type":"Feature","properties":{"id":"china-osm-rail-station-2329491721","name":"衡水","station_type":"railway_station","source_region":"hebei","source_osm_id":"2329491721"},"geometry":{"type":"Point","coordinates":[115.685057,37.743493]}},{"type":"Feature","properties":{"id":"china-osm-rail-station-2329491718","name":"贡家台","station_type":"railway_station","source_region":"hebei","source_osm_id":"2329491718"},"geometry":{"type":"Point","coordinates":[115.5655461,37.7691194]}},{"type":"Feature","properties":{"id":"china-osm-rail-station-9512632284","name":"衡水北","station_type":"railway_station","source_region":"hebei","source_osm_id":"9512632284"},"geometry":{"type":"Point","coordinates":[115.6692499,37.7719911]}},{"type":"Feature","properties":{"id":"china-osm-rail-station-2329491725","name":"前磨头","station_type":"railway_station","source_region":"hebei","source_osm_id":"2329491725"},"geometry":{"type":"Point","coordinates":[115.4860635,37.79479]}},{"type":"Feature","properties":{"id":"china-osm-rail-station-2329407068","name":"高邑","station_type":"railway_station","source_region":"hebei","source_osm_id":"2329407068"},"geometry":{"type":"Point","coordinates":[114.59169,37.60444]}},{"type":"Feature","properties":{"id":"china-osm-rail-station-2753124016","name":"高邑西","station_type":"railway_station","source_region":"hebei","source_osm_id":"2753124016"},"geometry":{"type":"Point","coordinates":[114.524187,37.6290632]}},{"type":"Feature","properties":{"id":"china-osm-rail-station-2329407072","name":"元氏","station_type":"railway_station","source_region":"hebei","source_osm_id":"2329407072"},"geometry":{"type":"Point","coordinates":[114.538345,37.7589663]}},{"type":"Feature","properties":{"id":"china-osm-rail-station-7341266742","name":"辛集南","station_type":"railway_station","source_region":"hebei","source_osm_id":"7341266742"},"geometry":{"type":"Point","coordinates":[115.204753,37.8820558]}},{"type":"Feature","properties":{"id":"china-osm-rail-station-8382763913","name":"窦妪","station_type":"railway_station","source_region":"hebei","source_osm_id":"8382763913"},"geometry":{"type":"Point","coordinates":[114.5105409,37.8869766]}},{"type":"Feature","properties":{"id":"china-osm-rail-station-2329491735","name":"辛集","station_type":"railway_station","source_region":"hebei","source_osm_id":"2329491735"},"geometry":{"type":"Point","coordinates":[115.2091446,37.9041796]}},{"type":"Feature","properties":{"id":"china-osm-rail-station-4039408531","name":"藁城南","station_type":"railway_station","source_region":"hebei","source_osm_id":"4039408531"},"geometry":{"type":"Point","coordinates":[114.8490091,37.9854357]}},{"type":"Feature","properties":{"id":"china-osm-rail-station-8617328997","name":"乐乡","station_type":"railway_station","source_region":"hebei","source_osm_id":"8617328997"},"geometry":{"type":"Point","coordinates":[114.6533436,38.0076448]}},{"type":"Feature","properties":{"id":"china-osm-rail-station-8617328985","name":"西仰陵","station_type":"railway_station","source_region":"hebei","source_osm_id":"8617328985"},"geometry":{"type":"Point","coordinates":[114.5889411,38.0079688]}},{"type":"Feature","properties":{"id":"china-osm-rail-station-8617328988","name":"中仰陵","station_type":"railway_station","source_region":"hebei","source_osm_id":"8617328988"},"geometry":{"type":"Point","coordinates":[114.6034803,38.0082435]}},{"type":"Feature","properties":{"id":"china-osm-rail-station-8382763912","name":"平南","station_type":"railway_station","source_region":"hebei","source_osm_id":"8382763912"},"geometry":{"type":"Point","coordinates":[114.4984442,37.9408575]}},{"type":"Feature","properties":{"id":"china-osm-rail-station-7845001788","name":"嘉华路","station_type":"railway_station","source_region":"hebei","source_osm_id":"7845001788"},"geometry":{"type":"Point","coordinates":[114.4920304,37.9735766]}},{"type":"Feature","properties":{"id":"china-osm-rail-station-8405376884","name":"石家庄南","station_type":"railway_station","source_region":"hebei","source_osm_id":"8405376884"},"geometry":{"type":"Point","coordinates":[114.4167711,37.9750553]}},{"type":"Feature","properties":{"id":"china-osm-rail-station-7845001787","name":"南位","station_type":"railway_station","source_region":"hebei","source_osm_id":"7845001787"},"geometry":{"type":"Point","coordinates":[114.4903999,37.9818775]}},{"type":"Feature","properties":{"id":"china-osm-rail-station-1668749963","name":"南峪","station_type":"railway_station","source_region":"hebei","source_osm_id":"1668749963"},"geometry":{"type":"Point","coordinates":[113.9293739,37.9876653]}},{"type":"Feature","properties":{"id":"china-osm-rail-station-7845001786","name":"仓丰路留村","station_type":"railway_station","source_region":"hebei","source_osm_id":"7845001786"},"geometry":{"type":"Point","coordinates":[114.4882138,37.9911688]}},{"type":"Feature","properties":{"id":"china-osm-rail-station-1668497958","name":"井南","station_type":"railway_station","source_region":"hebei","source_osm_id":"1668497958"},"geometry":{"type":"Point","coordinates":[114.0105968,37.9918236]}},{"type":"Feature","properties":{"id":"china-osm-rail-station-8405220118","name":"南张村","station_type":"railway_station","source_region":"hebei","source_osm_id":"8405220118"},"geometry":{"type":"Point","coordinates":[114.0651413,37.9960907]}},{"type":"Feature","properties":{"id":"china-osm-rail-station-7845001785","name":"塔谈","station_type":"railway_station","source_region":"hebei","source_osm_id":"7845001785"},"geometry":{"type":"Point","coordinates":[114.4865195,37.9990896]}},{"type":"Feature","properties":{"id":"china-osm-rail-station-7845001789","name":"石家庄站","station_type":"railway_station","source_region":"hebei","source_osm_id":"7845001789"},"geometry":{"type":"Point","coordinates":[114.4806136,38.0093311]}},{"type":"Feature","properties":{"id":"china-osm-rail-station-8617328991","name":"南豆","station_type":"railway_station","source_region":"hebei","source_osm_id":"8617328991"},"geometry":{"type":"Point","coordinates":[114.6152997,38.008406]}},{"type":"Feature","properties":{"id":"china-osm-rail-station-8617328994","name":"太行南大街","station_type":"railway_station","source_region":"hebei","source_osm_id":"8617328994"},"geometry":{"type":"Point","coordinates":[114.6322256,38.0087284]}},{"type":"Feature","properties":{"id":"china-osm-rail-station-8617328967","name":"孙村","station_type":"railway_station","source_region":"hebei","source_osm_id":"8617328967"},"geometry":{"type":"Point","coordinates":[114.5072139,38.0095059]}},{"type":"Feature","properties":{"id":"china-osm-rail-station-8617328968","name":"塔冢","station_type":"railway_station","source_region":"hebei","source_osm_id":"8617328968"},"geometry":{"type":"Point","coordinates":[114.5180849,38.0096952]}},{"type":"Feature","properties":{"id":"china-osm-rail-station-8617328971","name":"东王","station_type":"railway_station","source_region":"hebei","source_osm_id":"8617328971"},"geometry":{"type":"Point","coordinates":[114.5285949,38.0098599]}},{"type":"Feature","properties":{"id":"china-osm-rail-station-8617328976","name":"南王","station_type":"railway_station","source_region":"hebei","source_osm_id":"8617328976"},"geometry":{"type":"Point","coordinates":[114.5408449,38.0101795]}},{"type":"Feature","properties":{"id":"china-osm-rail-station-8617328979","name":"位同","station_type":"railway_station","source_region":"hebei","source_osm_id":"8617328979"},"geometry":{"type":"Point","coordinates":[114.5563547,38.0104394]}},{"type":"Feature","properties":{"id":"china-osm-rail-station-8617328982","name":"东二环南路","station_type":"railway_station","source_region":"hebei","source_osm_id":"8617328982"},"geometry":{"type":"Point","coordinates":[114.572189,38.0108002]}},{"type":"Feature","properties":{"id":"china-osm-rail-station-9259607254","name":"晋州","station_type":"railway_station","source_region":"hebei","source_osm_id":"9259607254"},"geometry":{"type":"Point","coordinates":[115.0263137,38.0201812]}},{"type":"Feature","properties":{"id":"china-osm-rail-station-2329491714","name":"藁城","station_type":"railway_station","source_region":"hebei","source_osm_id":"2329491714"},"geometry":{"type":"Point","coordinates":[114.8268784,38.0269814]}},{"type":"Feature","properties":{"id":"china-osm-rail-station-7735515019","name":"石家庄","station_type":"railway_station","source_region":"hebei","source_osm_id":"7735515019"},"geometry":{"type":"Point","coordinates":[114.4781291,38.0095033]}},{"type":"Feature","properties":{"id":"china-osm-rail-station-8603069003","name":"汇通路","station_type":"railway_station","source_region":"hebei","source_osm_id":"8603069003"},"geometry":{"type":"Point","coordinates":[114.4948769,38.0096089]}},{"type":"Feature","properties":{"id":"china-osm-rail-station-7844981323","name":"元村","station_type":"railway_station","source_region":"hebei","source_osm_id":"7844981323"},"geometry":{"type":"Point","coordinates":[114.4947312,38.0148468]}},{"type":"Feature","properties":{"id":"china-osm-rail-station-4939314600","name":"西三教","station_type":"railway_station","source_region":"hebei","source_osm_id":"4939314600"},"geometry":{"type":"Point","coordinates":[114.4712144,38.0167686]}},{"type":"Feature","properties":{"id":"china-osm-rail-station-7844981324","name":"欧韵公园","station_type":"railway_station","source_region":"hebei","source_osm_id":"7844981324"},"geometry":{"type":"Point","coordinates":[114.504409,38.018212]}},{"type":"Feature","properties":{"id":"china-osm-rail-station-4939314599","name":"槐安桥","station_type":"railway_station","source_region":"hebei","source_osm_id":"4939314599"},"geometry":{"type":"Point","coordinates":[114.4711742,38.0271264]}},{"type":"Feature","properties":{"id":"china-osm-rail-station-7844981325","name":"槐中路","station_type":"railway_station","source_region":"hebei","source_osm_id":"7844981325"},"geometry":{"type":"Point","coordinates":[114.506117,38.0275421]}},{"type":"Feature","properties":{"id":"china-osm-rail-station-1668497959","name":"井陉","station_type":"railway_station","source_region":"hebei","source_osm_id":"1668497959"},"geometry":{"type":"Point","coordinates":[114.1307946,38.0341984]}},{"type":"Feature","properties":{"id":"china-osm-rail-station-7844981326","name":"裕华路","station_type":"railway_station","source_region":"hebei","source_osm_id":"7844981326"},"geometry":{"type":"Point","coordinates":[114.5059032,38.0348381]}},{"type":"Feature","properties":{"id":"china-osm-rail-station-4939314598","name":"东里","station_type":"railway_station","source_region":"hebei","source_osm_id":"4939314598"},"geometry":{"type":"Point","coordinates":[114.4712278,38.0352983]}},{"type":"Feature","properties":{"id":"china-osm-rail-station-4939314408","name":"西王","station_type":"railway_station","source_region":"hebei","source_osm_id":"4939314408"},"geometry":{"type":"Point","coordinates":[114.4011736,38.0394855]}},{"type":"Feature","properties":{"id":"china-osm-rail-station-4939314410","name":"时光街","station_type":"railway_station","source_region":"hebei","source_osm_id":"4939314410"},"geometry":{"type":"Point","coordinates":[114.4179944,38.0401825]}},{"type":"Feature","properties":{"id":"china-osm-rail-station-4939314411","name":"长城桥","station_type":"railway_station","source_region":"hebei","source_osm_id":"4939314411"},"geometry":{"type":"Point","coordinates":[114.4317149,38.0408225]}},{"type":"Feature","properties":{"id":"china-osm-rail-station-9259607261","name":"凤山","station_type":"railway_station","source_region":"hebei","source_osm_id":"9259607261"},"geometry":{"type":"Point","coordinates":[114.0317076,38.0412809]}},{"type":"Feature","properties":{"id":"china-osm-rail-station-4939314412","name":"和平医院","station_type":"railway_station","source_region":"hebei","source_osm_id":"4939314412"},"geometry":{"type":"Point","coordinates":[114.4446191,38.0413567]}},{"type":"Feature","properties":{"id":"china-osm-rail-station-4939314414","name":"烈士陵园","station_type":"railway_station","source_region":"hebei","source_osm_id":"4939314414"},"geometry":{"type":"Point","coordinates":[114.4592343,38.0420815]}},{"type":"Feature","properties":{"id":"china-osm-rail-station-5214534401","name":"新百广场","station_type":"railway_station","source_region":"hebei","source_osm_id":"5214534401"},"geometry":{"type":"Point","coordinates":[114.4711636,38.0425316]}},{"type":"Feature","properties":{"id":"china-osm-rail-station-4939314417","name":"解放广场","station_type":"railway_station","source_region":"hebei","source_osm_id":"4939314417"},"geometry":{"type":"Point","coordinates":[114.4816135,38.0426489]}},{"type":"Feature","properties":{"id":"china-osm-rail-station-7844981327","name":"北国商城","station_type":"railway_station","source_region":"hebei","source_osm_id":"7844981327"},"geometry":{"type":"Point","coordinates":[114.5058058,38.042832]}},{"type":"Feature","properties":{"id":"china-osm-rail-station-1564812911","name":"平安大街","station_type":"railway_station","source_region":"hebei","source_osm_id":"1564812911"},"geometry":{"type":"Point","coordinates":[114.4954915,38.042843]}},{"type":"Feature","properties":{"id":"china-osm-rail-station-4939314550","name":"留村","station_type":"railway_station","source_region":"hebei","source_osm_id":"4939314550"},"geometry":{"type":"Point","coordinates":[114.6022341,38.0369542]}},{"type":"Feature","properties":{"id":"china-osm-rail-station-4939314551","name":"火炬广场","station_type":"railway_station","source_region":"hebei","source_osm_id":"4939314551"},"geometry":{"type":"Point","coordinates":[114.6174409,38.0372573]}},{"type":"Feature","properties":{"id":"china-osm-rail-station-8404726229","name":"良村","station_type":"railway_station","source_region":"hebei","source_osm_id":"8404726229"},"geometry":{"type":"Point","coordinates":[114.6682013,38.0419812]}},{"type":"Feature","properties":{"id":"china-osm-rail-station-4939314525","name":"博物院","station_type":"railway_station","source_region":"hebei","source_osm_id":"4939314525"},"geometry":{"type":"Point","coordinates":[114.5164528,38.0422252]}},{"type":"Feature","properties":{"id":"china-osm-rail-station-4939314526","name":"体育场","station_type":"railway_station","source_region":"hebei","source_osm_id":"4939314526"},"geometry":{"type":"Point","coordinates":[114.5264504,38.0424409]}},{"type":"Feature","properties":{"id":"china-osm-rail-station-4939314527","name":"北宋","station_type":"railway_station","source_region":"hebei","source_osm_id":"4939314527"},"geometry":{"type":"Point","coordinates":[114.5407008,38.0429958]}},{"type":"Feature","properties":{"id":"china-osm-rail-station-4939314528","name":"谈固","station_type":"railway_station","source_region":"hebei","source_osm_id":"4939314528"},"geometry":{"type":"Point","coordinates":[114.5576437,38.0433589]}},{"type":"Feature","properties":{"id":"china-osm-rail-station-4939314529","name":"朝晖桥","station_type":"railway_station","source_region":"hebei","source_osm_id":"4939314529"},"geometry":{"type":"Point","coordinates":[114.5713873,38.0436334]}},{"type":"Feature","properties":{"id":"china-osm-rail-station-4939314530","name":"白佛","station_type":"railway_station","source_region":"hebei","source_osm_id":"4939314530"},"geometry":{"type":"Point","coordinates":[114.58112,38.0437989]}},{"type":"Feature","properties":{"id":"china-osm-rail-station-4939314560","name":"石家庄东站","station_type":"railway_station","source_region":"hebei","source_osm_id":"4939314560"},"geometry":{"type":"Point","coordinates":[114.6233691,38.0493404]}},{"type":"Feature","properties":{"id":"china-osm-rail-station-7845014171","name":"长安公园","station_type":"railway_station","source_region":"hebei","source_osm_id":"7845014171"},"geometry":{"type":"Point","coordinates":[114.5057403,38.0492026]}},{"type":"Feature","properties":{"id":"china-osm-rail-station-7150856962","name":"市二中","station_type":"railway_station","source_region":"hebei","source_osm_id":"7150856962"},"geometry":{"type":"Point","coordinates":[114.4711527,38.0518528]}},{"type":"Feature","properties":{"id":"china-osm-rail-station-8405117646","name":"头泉","station_type":"railway_station","source_region":"hebei","source_osm_id":"8405117646"},"geometry":{"type":"Point","coordinates":[114.2691529,38.052316]}},{"type":"Feature","properties":{"id":"china-osm-rail-station-7845014167","name":"建和桥","station_type":"railway_station","source_region":"hebei","source_osm_id":"7845014167"},"geometry":{"type":"Point","coordinates":[114.5056882,38.0584392]}},{"type":"Feature","properties":{"id":"china-osm-rail-station-8405135450","name":"上安","station_type":"railway_station","source_region":"hebei","source_osm_id":"8405135450"},"geometry":{"type":"Point","coordinates":[114.1979058,38.0605663]}},{"type":"Feature","properties":{"id":"china-osm-rail-station-7150856981","name":"市庄","station_type":"railway_station","source_region":"hebei","source_osm_id":"7150856981"},"geometry":{"type":"Point","coordinates":[114.471252,38.0630251]}},{"type":"Feature","properties":{"id":"china-osm-rail-station-7878280135","name":"岩峰","station_type":"railway_station","source_region":"hebei","source_osm_id":"7878280135"},"geometry":{"type":"Point","coordinates":[114.1511786,38.0656057]}},{"type":"Feature","properties":{"id":"china-osm-rail-station-3628253437","name":"石家庄北","station_type":"railway_station","source_region":"hebei","source_osm_id":"3628253437"},"geometry":{"type":"Point","coordinates":[114.4592385,38.065936]}},{"type":"Feature","properties":{"id":"china-osm-rail-station-7845014168","name":"义堂","station_type":"railway_station","source_region":"hebei","source_osm_id":"7845014168"},"geometry":{"type":"Point","coordinates":[114.5056204,38.072414]}},{"type":"Feature","properties":{"id":"china-osm-rail-station-3628199266","name":"石家庄西","station_type":"railway_station","source_region":"hebei","source_osm_id":"3628199266"},"geometry":{"type":"Point","coordinates":[114.356381,38.0742286]}},{"type":"Feature","properties":{"id":"china-osm-rail-station-2329423073","name":"石家庄东","station_type":"railway_station","source_region":"hebei","source_osm_id":"2329423073"},"geometry":{"type":"Point","coordinates":[114.6213979,38.0496512]}},{"type":"Feature","properties":{"id":"china-osm-rail-station-4939314561","name":"南村","station_type":"railway_station","source_region":"hebei","source_osm_id":"4939314561"},"geometry":{"type":"Point","coordinates":[114.6229869,38.0591501]}},{"type":"Feature","properties":{"id":"china-osm-rail-station-7881208211","name":"石工","station_type":"railway_station","source_region":"hebei","source_osm_id":"7881208211"},"geometry":{"type":"Point","coordinates":[114.512452,38.0671751]}},{"type":"Feature","properties":{"id":"china-osm-rail-station-4939314563","name":"洨河大道","station_type":"railway_station","source_region":"hebei","source_osm_id":"4939314563"},"geometry":{"type":"Point","coordinates":[114.6225978,38.0687844]}},{"type":"Feature","properties":{"id":"china-osm-rail-station-6712073630","name":"西庄","station_type":"railway_station","source_region":"hebei","source_osm_id":"6712073630"},"geometry":{"type":"Point","coordinates":[114.6222333,38.0807085]}},{"type":"Feature","properties":{"id":"china-osm-rail-station-7845014169","name":"庄窠·铁道大学","station_type":"railway_station","source_region":"hebei","source_osm_id":"7845014169"},"geometry":{"type":"Point","coordinates":[114.5115241,38.0841539]}},{"type":"Feature","properties":{"id":"china-osm-rail-station-7845014170","name":"柳辛庄","station_type":"railway_station","source_region":"hebei","source_osm_id":"7845014170"},"geometry":{"type":"Point","coordinates":[114.515265,38.0908103]}},{"type":"Feature","properties":{"id":"china-osm-rail-station-6712073629","name":"东庄","station_type":"railway_station","source_region":"hebei","source_osm_id":"6712073629"},"geometry":{"type":"Point","coordinates":[114.6217685,38.093391]}},{"type":"Feature","properties":{"id":"china-osm-rail-station-6712073628","name":"会展中心","station_type":"railway_station","source_region":"hebei","source_osm_id":"6712073628"},"geometry":{"type":"Point","coordinates":[114.6090483,38.1231196]}},{"type":"Feature","properties":{"id":"china-osm-rail-station-6712073627","name":"商务中心","station_type":"railway_station","source_region":"hebei","source_osm_id":"6712073627"},"geometry":{"type":"Point","coordinates":[114.6149784,38.1324096]}},{"type":"Feature","properties":{"id":"china-osm-rail-station-8402401981","name":"邢家村","station_type":"railway_station","source_region":"hebei","source_osm_id":"8402401981"},"geometry":{"type":"Point","coordinates":[115.6197849,37.7966755]}},{"type":"Feature","properties":{"id":"china-osm-rail-station-8404795513","name":"王家井","station_type":"railway_station","source_region":"hebei","source_osm_id":"8404795513"},"geometry":{"type":"Point","coordinates":[115.3782857,37.8288605]}},{"type":"Feature","properties":{"id":"china-osm-rail-station-11296772800","name":"深州东","station_type":"railway_station","source_region":"hebei","source_osm_id":"11296772800"},"geometry":{"type":"Point","coordinates":[115.671929,38.0048927]}},{"type":"Feature","properties":{"id":"china-osm-rail-station-8419766774","name":"深州","station_type":"railway_station","source_region":"hebei","source_osm_id":"8419766774"},"geometry":{"type":"Point","coordinates":[115.6078348,38.0108684]}},{"type":"Feature","properties":{"id":"china-osm-rail-station-2351141707","name":"饶阳","station_type":"railway_station","source_region":"hebei","source_osm_id":"2351141707"},"geometry":{"type":"Point","coordinates":[115.710858,38.236695]}},{"type":"Feature","properties":{"id":"china-osm-rail-station-2351141710","name":"肃宁","station_type":"railway_station","source_region":"hebei","source_osm_id":"2351141710"},"geometry":{"type":"Point","coordinates":[115.8447707,38.4141592]}},{"type":"Feature","properties":{"id":"china-osm-rail-station-11296772803","name":"肃宁河间","station_type":"railway_station","source_region":"hebei","source_osm_id":"11296772803"},"geometry":{"type":"Point","coordinates":[115.9349299,38.4155089]}},{"type":"Feature","properties":{"id":"china-osm-rail-station-3915760736","name":"博野","station_type":"railway_station","source_region":"hebei","source_osm_id":"3915760736"},"geometry":{"type":"Point","coordinates":[115.4541471,38.440921]}},{"type":"Feature","properties":{"id":"china-osm-rail-station-3915737872","name":"安国","station_type":"railway_station","source_region":"hebei","source_osm_id":"3915737872"},"geometry":{"type":"Point","coordinates":[115.3150013,38.441606]}},{"type":"Feature","properties":{"id":"china-osm-rail-station-3915762569","name":"肃宁北","station_type":"railway_station","source_region":"hebei","source_osm_id":"3915762569"},"geometry":{"type":"Point","coordinates":[115.8265383,38.4423476]}},{"type":"Feature","properties":{"id":"china-osm-rail-station-7150856978","name":"柏林庄","station_type":"railway_station","source_region":"hebei","source_osm_id":"7150856978"},"geometry":{"type":"Point","coordinates":[114.472301,38.074978]}},{"type":"Feature","properties":{"id":"china-osm-rail-station-5429535405","name":"获鹿","station_type":"railway_station","source_region":"hebei","source_osm_id":"5429535405"},"geometry":{"type":"Point","coordinates":[114.3143722,38.0766638]}},{"type":"Feature","properties":{"id":"china-osm-rail-station-7150856967","name":"高柱","station_type":"railway_station","source_region":"hebei","source_osm_id":"7150856967"},"geometry":{"type":"Point","coordinates":[114.4567908,38.0783836]}},{"type":"Feature","properties":{"id":"china-osm-rail-station-7150856963","name":"西三庄","station_type":"railway_station","source_region":"hebei","source_osm_id":"7150856963"},"geometry":{"type":"Point","coordinates":[114.4417175,38.0785118]}},{"type":"Feature","properties":{"id":"china-osm-rail-station-9259607259","name":"新井","station_type":"railway_station","source_region":"hebei","source_osm_id":"9259607259"},"geometry":{"type":"Point","coordinates":[114.0484098,38.0815537]}},{"type":"Feature","properties":{"id":"china-osm-rail-station-8410712138","name":"高庄","station_type":"railway_station","source_region":"hebei","source_osm_id":"8410712138"},"geometry":{"type":"Point","coordinates":[114.3651575,38.0992297]}},{"type":"Feature","properties":{"id":"china-osm-rail-station-3628253440","name":"柳辛庄","station_type":"railway_station","source_region":"hebei","source_osm_id":"3628253440"},"geometry":{"type":"Point","coordinates":[114.5037028,38.1001244]}},{"type":"Feature","properties":{"id":"china-osm-rail-station-3628303092","name":"井陉北","station_type":"railway_station","source_region":"hebei","source_osm_id":"3628303092"},"geometry":{"type":"Point","coordinates":[114.0190582,38.1514408]}},{"type":"Feature","properties":{"id":"china-osm-rail-station-3628286370","name":"南胡庄","station_type":"railway_station","source_region":"hebei","source_osm_id":"3628286370"},"geometry":{"type":"Point","coordinates":[114.3223084,38.1768173]}},{"type":"Feature","properties":{"id":"china-osm-rail-station-3628286371","name":"宜安","station_type":"railway_station","source_region":"hebei","source_osm_id":"3628286371"},"geometry":{"type":"Point","coordinates":[114.2664326,38.1914777]}},{"type":"Feature","properties":{"id":"china-osm-rail-station-6712073625","name":"园博园","station_type":"railway_station","source_region":"hebei","source_osm_id":"6712073625"},"geometry":{"type":"Point","coordinates":[114.6152569,38.1439795]}},{"type":"Feature","properties":{"id":"china-osm-rail-station-6712073623","name":"福泽","station_type":"railway_station","source_region":"hebei","source_osm_id":"6712073623"},"geometry":{"type":"Point","coordinates":[114.61537,38.1535489]}},{"type":"Feature","properties":{"id":"china-osm-rail-station-8308266734","name":"正定","station_type":"railway_station","source_region":"hebei","source_osm_id":"8308266734"},"geometry":{"type":"Point","coordinates":[114.5510825,38.1621065]}},{"type":"Feature","properties":{"id":"china-osm-rail-station-8382763911","name":"新安村","station_type":"railway_station","source_region":"hebei","source_osm_id":"8382763911"},"geometry":{"type":"Point","coordinates":[114.6177515,38.2212822]}},{"type":"Feature","properties":{"id":"china-osm-rail-station-8401357512","name":"正定机场","station_type":"railway_station","source_region":"hebei","source_osm_id":"8401357512"},"geometry":{"type":"Point","coordinates":[114.7033248,38.2513059]}},{"type":"Feature","properties":{"id":"china-osm-rail-station-2329466301","name":"新乐","station_type":"railway_station","source_region":"hebei","source_osm_id":"2329466301"},"geometry":{"type":"Point","coordinates":[114.6862315,38.3421669]}},{"type":"Feature","properties":{"id":"china-osm-rail-station-8382763910","name":"承安铺","station_type":"railway_station","source_region":"hebei","source_osm_id":"8382763910"},"geometry":{"type":"Point","coordinates":[114.7926959,38.4042213]}},{"type":"Feature","properties":{"id":"china-osm-rail-station-3628302019","name":"行唐","station_type":"railway_station","source_region":"hebei","source_osm_id":"3628302019"},"geometry":{"type":"Point","coordinates":[114.5688323,38.4478059]}},{"type":"Feature","properties":{"id":"china-osm-rail-station-3915753122","name":"定州东","station_type":"railway_station","source_region":"hebei","source_osm_id":"3915753122"},"geometry":{"type":"Point","coordinates":[115.1248048,38.4638621]}},{"type":"Feature","properties":{"id":"china-osm-rail-station-8382763909","name":"寨西店","station_type":"railway_station","source_region":"hebei","source_osm_id":"8382763909"},"geometry":{"type":"Point","coordinates":[114.8672774,38.4675618]}},{"type":"Feature","properties":{"id":"china-osm-rail-station-2329491732","name":"王瞳","station_type":"railway_station","source_region":"hebei","source_osm_id":"2329491732"},"geometry":{"type":"Point","coordinates":[116.1572992,37.5394216]}},{"type":"Feature","properties":{"id":"china-osm-rail-station-272527573","name":"龙华","station_type":"railway_station","source_region":"hebei","source_osm_id":"272527573"},"geometry":{"type":"Point","coordinates":[116.0130503,37.6110923]}},{"type":"Feature","properties":{"id":"china-osm-rail-station-5555291485","name":"景州","station_type":"railway_station","source_region":"hebei","source_osm_id":"5555291485"},"geometry":{"type":"Point","coordinates":[116.1327356,37.6452453]}},{"type":"Feature","properties":{"id":"china-osm-rail-station-3949950053","name":"审坡","station_type":"railway_station","source_region":"hebei","source_osm_id":"3949950053"},"geometry":{"type":"Point","coordinates":[116.0476447,37.7732966]}},{"type":"Feature","properties":{"id":"china-osm-rail-station-6273011814","name":"阜城","station_type":"railway_station","source_region":"hebei","source_osm_id":"6273011814"},"geometry":{"type":"Point","coordinates":[116.1841589,37.8432642]}},{"type":"Feature","properties":{"id":"china-osm-rail-station-6101985312","name":"河间","station_type":"railway_station","source_region":"hebei","source_osm_id":"6101985312"},"geometry":{"type":"Point","coordinates":[116.0559238,38.4534858]}},{"type":"Feature","properties":{"id":"china-osm-rail-station-2888280456","name":"任丘","station_type":"railway_station","source_region":"hebei","source_osm_id":"2888280456"},"geometry":{"type":"Point","coordinates":[116.1385352,38.6934313]}},{"type":"Feature","properties":{"id":"china-osm-rail-station-11296772806","name":"任丘西","station_type":"railway_station","source_region":"hebei","source_osm_id":"11296772806"},"geometry":{"type":"Point","coordinates":[116.0212588,38.7029368]}},{"type":"Feature","properties":{"id":"china-osm-rail-station-6819545356","name":"雄安","station_type":"railway_station","source_region":"hebei","source_osm_id":"6819545356"},"geometry":{"type":"Point","coordinates":[116.1541449,39.055576]}},{"type":"Feature","properties":{"id":"china-osm-rail-station-3947949904","name":"白沟","station_type":"railway_station","source_region":"hebei","source_osm_id":"3947949904"},"geometry":{"type":"Point","coordinates":[116.0866639,39.0859629]}},{"type":"Feature","properties":{"id":"china-osm-rail-station-2329491710","name":"八里庄","station_type":"railway_station","source_region":"hebei","source_osm_id":"2329491710"},"geometry":{"type":"Point","coordinates":[116.2464211,37.480203]}},{"type":"Feature","properties":{"id":"china-osm-rail-station-3949950027","name":"阜城东","station_type":"railway_station","source_region":"hebei","source_osm_id":"3949950027"},"geometry":{"type":"Point","coordinates":[116.3088602,37.8870672]}},{"type":"Feature","properties":{"id":"china-osm-rail-station-3915765886","name":"行别营","station_type":"railway_station","source_region":"hebei","source_osm_id":"3915765886"},"geometry":{"type":"Point","coordinates":[116.283301,38.4495389]}},{"type":"Feature","properties":{"id":"china-osm-rail-station-2351141711","name":"文安","station_type":"railway_station","source_region":"hebei","source_osm_id":"2351141711"},"geometry":{"type":"Point","coordinates":[116.328284,38.8834494]}},{"type":"Feature","properties":{"id":"china-osm-rail-station-6819545358","name":"霸州北","station_type":"railway_station","source_region":"hebei","source_osm_id":"6819545358"},"geometry":{"type":"Point","coordinates":[116.3209729,39.1849509]}},{"type":"Feature","properties":{"id":"china-osm-rail-station-2351141702","name":"固安","station_type":"railway_station","source_region":"hebei","source_osm_id":"2351141702"},"geometry":{"type":"Point","coordinates":[116.31758,39.42396]}},{"type":"Feature","properties":{"id":"china-osm-rail-station-8410521685","name":"吴桥","station_type":"railway_station","source_region":"hebei","source_osm_id":"8410521685"},"geometry":{"type":"Point","coordinates":[116.3805865,37.6263105]}},{"type":"Feature","properties":{"id":"china-osm-rail-station-3931584035","name":"霸州西","station_type":"railway_station","source_region":"hebei","source_osm_id":"3931584035"},"geometry":{"type":"Point","coordinates":[116.3441688,39.092365]}},{"type":"Feature","properties":{"id":"china-osm-rail-station-2351141700","name":"霸州","station_type":"railway_station","source_region":"hebei","source_osm_id":"2351141700"},"geometry":{"type":"Point","coordinates":[116.369574,39.1213999]}},{"type":"Feature","properties":{"id":"china-osm-rail-station-6819545357","name":"固安东","station_type":"railway_station","source_region":"hebei","source_osm_id":"6819545357"},"geometry":{"type":"Point","coordinates":[116.3983163,39.3710592]}},{"type":"Feature","properties":{"id":"china-osm-rail-station-4373641710","name":"老松岭","station_type":"railway_station","source_region":"heilongjiang","source_osm_id":"4373641710"},"geometry":{"type":"Point","coordinates":[129.3816502,43.8242334]}},{"type":"Feature","properties":{"id":"china-osm-rail-station-2333212318","name":"鹿道","station_type":"railway_station","source_region":"heilongjiang","source_osm_id":"2333212318"},"geometry":{"type":"Point","coordinates":[129.281712,43.8736747]}},{"type":"Feature","properties":{"id":"china-osm-rail-station-2333212317","name":"斗沟子","station_type":"railway_station","source_region":"heilongjiang","source_osm_id":"2333212317"},"geometry":{"type":"Point","coordinates":[129.2537014,43.9388808]}},{"type":"Feature","properties":{"id":"china-osm-rail-station-1604842619","name":"石头","station_type":"railway_station","source_region":"heilongjiang","source_osm_id":"1604842619"},"geometry":{"type":"Point","coordinates":[129.3295662,44.1753394]}},{"type":"Feature","properties":{"id":"china-osm-rail-station-1604842617","name":"兰岗","station_type":"railway_station","source_region":"heilongjiang","source_osm_id":"1604842617"},"geometry":{"type":"Point","coordinates":[129.4043568,44.2652223]}},{"type":"Feature","properties":{"id":"china-osm-rail-station-4373913761","name":"宁安","station_type":"railway_station","source_region":"heilongjiang","source_osm_id":"4373913761"},"geometry":{"type":"Point","coordinates":[129.4548606,44.3574776]}},{"type":"Feature","properties":{"id":"china-osm-rail-station-1604842622","name":"温春","station_type":"railway_station","source_region":"heilongjiang","source_osm_id":"1604842622"},"geometry":{"type":"Point","coordinates":[129.4945657,44.4332844]}},{"type":"Feature","properties":{"id":"china-osm-rail-station-3734238500","name":"老穆棱","station_type":"railway_station","source_region":"heilongjiang","source_osm_id":"3734238500"},"geometry":{"type":"Point","coordinates":[130.2538277,44.5253556]}},{"type":"Feature","properties":{"id":"china-osm-rail-station-1603990100","name":"敖头","station_type":"railway_station","source_region":"heilongjiang","source_osm_id":"1603990100"},"geometry":{"type":"Point","coordinates":[129.2605353,44.5312691]}},{"type":"Feature","properties":{"id":"china-osm-rail-station-1604842612","name":"海浪","station_type":"railway_station","source_region":"heilongjiang","source_osm_id":"1604842612"},"geometry":{"type":"Point","coordinates":[129.5474892,44.5381392]}},{"type":"Feature","properties":{"id":"china-osm-rail-station-1604842611","name":"东京城","station_type":"railway_station","source_region":"heilongjiang","source_osm_id":"1604842611"},"geometry":{"type":"Point","coordinates":[129.2185065,44.1156997]}},{"type":"Feature","properties":{"id":"china-osm-rail-station-7901607621","name":"长汀镇","station_type":"railway_station","source_region":"heilongjiang","source_osm_id":"7901607621"},"geometry":{"type":"Point","coordinates":[128.9316068,44.4635889]}},{"type":"Feature","properties":{"id":"china-osm-rail-station-1603990245","name":"山市","station_type":"railway_station","source_region":"heilongjiang","source_osm_id":"1603990245"},"geometry":{"type":"Point","coordinates":[129.0938139,44.5769911]}},{"type":"Feature","properties":{"id":"china-osm-rail-station-1603990235","name":"青岭子","station_type":"railway_station","source_region":"heilongjiang","source_osm_id":"1603990235"},"geometry":{"type":"Point","coordinates":[129.060849,44.6373435]}},{"type":"Feature","properties":{"id":"china-osm-rail-station-9160197902","name":"横道河子东","station_type":"railway_station","source_region":"heilongjiang","source_osm_id":"9160197902"},"geometry":{"type":"Point","coordinates":[129.0986895,44.7891833]}},{"type":"Feature","properties":{"id":"china-osm-rail-station-2897002523","name":"亚布力南","station_type":"railway_station","source_region":"heilongjiang","source_osm_id":"2897002523"},"geometry":{"type":"Point","coordinates":[128.4815832,44.7908031]}},{"type":"Feature","properties":{"id":"china-osm-rail-station-2187941092","name":"横道河子","station_type":"railway_station","source_region":"heilongjiang","source_osm_id":"2187941092"},"geometry":{"type":"Point","coordinates":[129.0659087,44.8124107]}},{"type":"Feature","properties":{"id":"china-osm-rail-station-7074398341","name":"亚布力西","station_type":"railway_station","source_region":"heilongjiang","source_osm_id":"7074398341"},"geometry":{"type":"Point","coordinates":[128.5805642,44.9081097]}},{"type":"Feature","properties":{"id":"china-osm-rail-station-1603990147","name":"虎峰","station_type":"railway_station","source_region":"heilongjiang","source_osm_id":"1603990147"},"geometry":{"type":"Point","coordinates":[128.9605672,44.9116747]}},{"type":"Feature","properties":{"id":"china-osm-rail-station-1603990283","name":"亚布力","station_type":"railway_station","source_region":"heilongjiang","source_osm_id":"1603990283"},"geometry":{"type":"Point","coordinates":[128.6088646,44.9265484]}},{"type":"Feature","properties":{"id":"china-osm-rail-station-1603990160","name":"开道","station_type":"railway_station","source_region":"heilongjiang","source_osm_id":"1603990160"},"geometry":{"type":"Point","coordinates":[128.891447,44.9307089]}},{"type":"Feature","properties":{"id":"china-osm-rail-station-9160197903","name":"苇河西","station_type":"railway_station","source_region":"heilongjiang","source_osm_id":"9160197903"},"geometry":{"type":"Point","coordinates":[128.35693,44.9319495]}},{"type":"Feature","properties":{"id":"china-osm-rail-station-6200921471","name":"鱼池","station_type":"railway_station","source_region":"heilongjiang","source_osm_id":"6200921471"},"geometry":{"type":"Point","coordinates":[128.7644861,44.9352309]}},{"type":"Feature","properties":{"id":"china-osm-rail-station-1603990260","name":"苇河","station_type":"railway_station","source_region":"heilongjiang","source_osm_id":"1603990260"},"geometry":{"type":"Point","coordinates":[128.3732097,44.9503589]}},{"type":"Feature","properties":{"id":"china-osm-rail-station-6200921467","name":"万山","station_type":"railway_station","source_region":"heilongjiang","source_osm_id":"6200921467"},"geometry":{"type":"Point","coordinates":[128.2675685,44.9990664]}},{"type":"Feature","properties":{"id":"china-osm-rail-station-1603990297","name":"一面坡","station_type":"railway_station","source_region":"heilongjiang","source_osm_id":"1603990297"},"geometry":{"type":"Point","coordinates":[128.0753067,45.0594057]}},{"type":"Feature","properties":{"id":"china-osm-rail-station-7082028652","name":"一面坡北","station_type":"railway_station","source_region":"heilongjiang","source_osm_id":"7082028652"},"geometry":{"type":"Point","coordinates":[128.0804431,45.0837121]}},{"type":"Feature","properties":{"id":"china-osm-rail-station-4684549549","name":"尚志南","station_type":"railway_station","source_region":"heilongjiang","source_osm_id":"4684549549"},"geometry":{"type":"Point","coordinates":[127.9468262,45.1938285]}},{"type":"Feature","properties":{"id":"china-osm-rail-station-333757159","name":"尚志","station_type":"railway_station","source_region":"heilongjiang","source_osm_id":"333757159"},"geometry":{"type":"Point","coordinates":[127.9555726,45.2063045]}},{"type":"Feature","properties":{"id":"china-osm-rail-station-6200921463","name":"乌吉密","station_type":"railway_station","source_region":"heilongjiang","source_osm_id":"6200921463"},"geometry":{"type":"Point","coordinates":[127.843794,45.2205097]}},{"type":"Feature","properties":{"id":"china-osm-rail-station-2333085947","name":"山河屯","station_type":"railway_station","source_region":"heilongjiang","source_osm_id":"2333085947"},"geometry":{"type":"Point","coordinates":[127.2047272,44.694571]}},{"type":"Feature","properties":{"id":"china-osm-rail-station-2333085939","name":"杜家","station_type":"railway_station","source_region":"heilongjiang","source_osm_id":"2333085939"},"geometry":{"type":"Point","coordinates":[127.1915697,44.8163766]}},{"type":"Feature","properties":{"id":"china-osm-rail-station-2503795727","name":"五常","station_type":"railway_station","source_region":"heilongjiang","source_osm_id":"2503795727"},"geometry":{"type":"Point","coordinates":[127.1364579,44.9197887]}},{"type":"Feature","properties":{"id":"china-osm-rail-station-2333085936","name":"安家","station_type":"railway_station","source_region":"heilongjiang","source_osm_id":"2333085936"},"geometry":{"type":"Point","coordinates":[127.0602514,45.0512826]}},{"type":"Feature","properties":{"id":"china-osm-rail-station-2333085937","name":"背荫河","station_type":"railway_station","source_region":"heilongjiang","source_osm_id":"2333085937"},"geometry":{"type":"Point","coordinates":[126.9916568,45.1678703]}},{"type":"Feature","properties":{"id":"china-osm-rail-station-2333085942","name":"拉林","station_type":"railway_station","source_region":"heilongjiang","source_osm_id":"2333085942"},"geometry":{"type":"Point","coordinates":[126.8899677,45.2279424]}},{"type":"Feature","properties":{"id":"china-osm-rail-station-333760355","name":"小岭","station_type":"railway_station","source_region":"heilongjiang","source_osm_id":"333760355"},"geometry":{"type":"Point","coordinates":[127.3123569,45.3322419]}},{"type":"Feature","properties":{"id":"china-osm-rail-station-2503795707","name":"牛家","station_type":"railway_station","source_region":"heilongjiang","source_osm_id":"2503795707"},"geometry":{"type":"Point","coordinates":[126.7304037,45.3481813]}},{"type":"Feature","properties":{"id":"china-osm-rail-station-1603990313","name":"玉泉","station_type":"railway_station","source_region":"heilongjiang","source_osm_id":"1603990313"},"geometry":{"type":"Point","coordinates":[127.1558697,45.4145978]}},{"type":"Feature","properties":{"id":"china-osm-rail-station-6054225285","name":"亚沟","station_type":"railway_station","source_region":"heilongjiang","source_osm_id":"6054225285"},"geometry":{"type":"Point","coordinates":[127.070039,45.4804553]}},{"type":"Feature","properties":{"id":"china-osm-rail-station-2333085953","name":"周家","station_type":"railway_station","source_region":"heilongjiang","source_osm_id":"2333085953"},"geometry":{"type":"Point","coordinates":[126.6669363,45.4597655]}},{"type":"Feature","properties":{"id":"china-osm-rail-station-2333085945","name":"平房","station_type":"railway_station","source_region":"heilongjiang","source_osm_id":"2333085945"},"geometry":{"type":"Point","coordinates":[126.6695162,45.5834093]}},{"type":"Feature","properties":{"id":"china-osm-rail-station-4632610692","name":"新疆大街","station_type":"railway_station","source_region":"heilongjiang","source_osm_id":"4632610692"},"geometry":{"type":"Point","coordinates":[126.6266745,45.6038172]}},{"type":"Feature","properties":{"id":"china-osm-rail-station-4632610584","name":"渤海路","station_type":"railway_station","source_region":"heilongjiang","source_osm_id":"4632610584"},"geometry":{"type":"Point","coordinates":[126.641867,45.6134208]}},{"type":"Feature","properties":{"id":"china-osm-rail-station-4632610581","name":"镜泊路","station_type":"railway_station","source_region":"heilongjiang","source_osm_id":"4632610581"},"geometry":{"type":"Point","coordinates":[126.6305495,45.6305489]}},{"type":"Feature","properties":{"id":"china-osm-rail-station-8060376207","name":"黎明","station_type":"railway_station","source_region":"heilongjiang","source_osm_id":"8060376207"},"geometry":{"type":"Point","coordinates":[126.6784011,45.6417575]}},{"type":"Feature","properties":{"id":"china-osm-rail-station-4632610574","name":"瓦盆窑","station_type":"railway_station","source_region":"heilongjiang","source_osm_id":"4632610574"},"geometry":{"type":"Point","coordinates":[126.6274213,45.6436291]}},{"type":"Feature","properties":{"id":"china-osm-rail-station-4632610567","name":"同江路","station_type":"railway_station","source_region":"heilongjiang","source_osm_id":"4632610567"},"geometry":{"type":"Point","coordinates":[126.6187878,45.6543645]}},{"type":"Feature","properties":{"id":"china-osm-rail-station-2538010641","name":"哈尔滨南站","station_type":"railway_station","source_region":"heilongjiang","source_osm_id":"2538010641"},"geometry":{"type":"Point","coordinates":[126.6159233,45.6678196]}},{"type":"Feature","properties":{"id":"china-osm-rail-station-7927375383","name":"哈尔滨南","station_type":"railway_station","source_region":"heilongjiang","source_osm_id":"7927375383"},"geometry":{"type":"Point","coordinates":[126.6037783,45.6730264]}},{"type":"Feature","properties":{"id":"china-osm-rail-station-1603990187","name":"帽儿山","station_type":"railway_station","source_region":"heilongjiang","source_osm_id":"1603990187"},"geometry":{"type":"Point","coordinates":[127.5147973,45.275074]}},{"type":"Feature","properties":{"id":"china-osm-rail-station-9160197904","name":"帽儿山西","station_type":"railway_station","source_region":"heilongjiang","source_osm_id":"9160197904"},"geometry":{"type":"Point","coordinates":[127.4711788,45.2777289]}},{"type":"Feature","properties":{"id":"china-osm-rail-station-2337943710","name":"平山","station_type":"railway_station","source_region":"heilongjiang","source_osm_id":"2337943710"},"geometry":{"type":"Point","coordinates":[127.3993078,45.319187]}},{"type":"Feature","properties":{"id":"china-osm-rail-station-5697139255","name":"宾州","station_type":"railway_station","source_region":"heilongjiang","source_osm_id":"5697139255"},"geometry":{"type":"Point","coordinates":[127.4533796,45.7729786]}},{"type":"Feature","properties":{"id":"china-osm-rail-station-5697139253","name":"胜利镇","station_type":"railway_station","source_region":"heilongjiang","source_osm_id":"5697139253"},"geometry":{"type":"Point","coordinates":[127.9873323,45.7866342]}},{"type":"Feature","properties":{"id":"china-osm-rail-station-5697139256","name":"宾安","station_type":"railway_station","source_region":"heilongjiang","source_osm_id":"5697139256"},"geometry":{"type":"Point","coordinates":[127.7406335,45.796307]}},{"type":"Feature","properties":{"id":"china-osm-rail-station-5697139251","name":"日兴屯","station_type":"railway_station","source_region":"heilongjiang","source_osm_id":"5697139251"},"geometry":{"type":"Point","coordinates":[128.2715821,45.8254163]}},{"type":"Feature","properties":{"id":"china-osm-rail-station-5697139252","name":"双龙湖","station_type":"railway_station","source_region":"heilongjiang","source_osm_id":"5697139252"},"geometry":{"type":"Point","coordinates":[128.4903753,45.8277975]}},{"type":"Feature","properties":{"id":"china-osm-rail-station-5697139260","name":"方正","station_type":"railway_station","source_region":"heilongjiang","source_osm_id":"5697139260"},"geometry":{"type":"Point","coordinates":[128.8000953,45.8653967]}},{"type":"Feature","properties":{"id":"china-osm-rail-station-5697139259","name":"得莫利","station_type":"railway_station","source_region":"heilongjiang","source_osm_id":"5697139259"},"geometry":{"type":"Point","coordinates":[129.0259695,45.8752575]}},{"type":"Feature","properties":{"id":"china-osm-rail-station-2662697995","name":"阿城","station_type":"railway_station","source_region":"heilongjiang","source_osm_id":"2662697995"},"geometry":{"type":"Point","coordinates":[126.9885306,45.5505656]}},{"type":"Feature","properties":{"id":"china-osm-rail-station-6314359568","name":"阿城北","station_type":"railway_station","source_region":"heilongjiang","source_osm_id":"6314359568"},"geometry":{"type":"Point","coordinates":[127.0175194,45.5874877]}},{"type":"Feature","properties":{"id":"china-osm-rail-station-9131669869","name":"前霍家屯","station_type":"railway_station","source_region":"heilongjiang","source_osm_id":"9131669869"},"geometry":{"type":"Point","coordinates":[126.8830025,45.6972664]}},{"type":"Feature","properties":{"id":"china-osm-rail-station-2662698235","name":"成高子","station_type":"railway_station","source_region":"heilongjiang","source_osm_id":"2662698235"},"geometry":{"type":"Point","coordinates":[126.8304017,45.6975918]}},{"type":"Feature","properties":{"id":"china-osm-rail-station-2333085952","name":"新香坊","station_type":"railway_station","source_region":"heilongjiang","source_osm_id":"2333085952"},"geometry":{"type":"Point","coordinates":[126.7619428,45.7096965]}},{"type":"Feature","properties":{"id":"china-osm-rail-station-9131669868","name":"后沟屯","station_type":"railway_station","source_region":"heilongjiang","source_osm_id":"9131669868"},"geometry":{"type":"Point","coordinates":[126.974616,45.7173493]}},{"type":"Feature","properties":{"id":"china-osm-rail-station-12762323724","name":"油坊街","station_type":"railway_station","source_region":"heilongjiang","source_osm_id":"12762323724"},"geometry":{"type":"Point","coordinates":[126.6843534,45.7212816]}},{"type":"Feature","properties":{"id":"china-osm-rail-station-8416702455","name":"气象台","station_type":"railway_station","source_region":"heilongjiang","source_osm_id":"8416702455"},"geometry":{"type":"Point","coordinates":[126.7366447,45.7249003]}},{"type":"Feature","properties":{"id":"china-osm-rail-station-8627304262","name":"东北农业大学","station_type":"railway_station","source_region":"heilongjiang","source_osm_id":"8627304262"},"geometry":{"type":"Point","coordinates":[126.7179532,45.7276694]}},{"type":"Feature","properties":{"id":"china-osm-rail-station-12762298489","name":"公滨路","station_type":"railway_station","source_region":"heilongjiang","source_osm_id":"12762298489"},"geometry":{"type":"Point","coordinates":[126.6847693,45.7290283]}},{"type":"Feature","properties":{"id":"china-osm-rail-station-9024058911","name":"南直路","station_type":"railway_station","source_region":"heilongjiang","source_osm_id":"9024058911"},"geometry":{"type":"Point","coordinates":[126.6995116,45.7328648]}},{"type":"Feature","properties":{"id":"china-osm-rail-station-9113148974","name":"珠江路","station_type":"railway_station","source_region":"heilongjiang","source_osm_id":"9113148974"},"geometry":{"type":"Point","coordinates":[126.6868661,45.7350458]}},{"type":"Feature","properties":{"id":"china-osm-rail-station-9131669870","name":"宾西","station_type":"railway_station","source_region":"heilongjiang","source_osm_id":"9131669870"},"geometry":{"type":"Point","coordinates":[127.1607935,45.7370243]}},{"type":"Feature","properties":{"id":"china-osm-rail-station-6314289680","name":"新香坊北","station_type":"railway_station","source_region":"heilongjiang","source_osm_id":"6314289680"},"geometry":{"type":"Point","coordinates":[126.8999599,45.7372197]}},{"type":"Feature","properties":{"id":"china-osm-rail-station-12761897965","name":"湘江路","station_type":"railway_station","source_region":"heilongjiang","source_osm_id":"12761897965"},"geometry":{"type":"Point","coordinates":[126.6884807,45.7405025]}},{"type":"Feature","properties":{"id":"china-osm-rail-station-9131669864","name":"东门","station_type":"railway_station","source_region":"heilongjiang","source_osm_id":"9131669864"},"geometry":{"type":"Point","coordinates":[126.7158875,45.741087]}},{"type":"Feature","properties":{"id":"china-osm-rail-station-12761882124","name":"会展中心","station_type":"railway_station","source_region":"heilongjiang","source_osm_id":"12761882124"},"geometry":{"type":"Point","coordinates":[126.6906217,45.7487723]}},{"type":"Feature","properties":{"id":"china-osm-rail-station-12762647484","name":"海河东路","station_type":"railway_station","source_region":"heilongjiang","source_osm_id":"12762647484"},"geometry":{"type":"Point","coordinates":[126.6886239,45.7574352]}},{"type":"Feature","properties":{"id":"china-osm-rail-station-12762309403","name":"市第二医院","station_type":"railway_station","source_region":"heilongjiang","source_osm_id":"12762309403"},"geometry":{"type":"Point","coordinates":[126.6866009,45.7653603]}},{"type":"Feature","properties":{"id":"china-osm-rail-station-12762275835","name":"大有坊街","station_type":"railway_station","source_region":"heilongjiang","source_osm_id":"12762275835"},"geometry":{"type":"Point","coordinates":[126.6845542,45.7732554]}},{"type":"Feature","properties":{"id":"china-osm-rail-station-12375784935","name":"兆麟公园·市儿童医院","station_type":"railway_station","source_region":"heilongjiang","source_osm_id":"12375784935"},"geometry":{"type":"Point","coordinates":[126.6181463,45.7773695]}},{"type":"Feature","properties":{"id":"china-osm-rail-station-11455195447","name":"北马路","station_type":"railway_station","source_region":"heilongjiang","source_osm_id":"11455195447"},"geometry":{"type":"Point","coordinates":[126.6285043,45.7785931]}},{"type":"Feature","properties":{"id":"china-osm-rail-station-2333085938","name":"滨江","station_type":"railway_station","source_region":"heilongjiang","source_osm_id":"2333085938"},"geometry":{"type":"Point","coordinates":[126.6566468,45.7792087]}},{"type":"Feature","properties":{"id":"china-osm-rail-station-9293218183","name":"太平桥","station_type":"railway_station","source_region":"heilongjiang","source_osm_id":"9293218183"},"geometry":{"type":"Point","coordinates":[126.671505,45.7822797]}},{"type":"Feature","properties":{"id":"china-osm-rail-station-12756561969","name":"中华巴洛克街区","station_type":"railway_station","source_region":"heilongjiang","source_osm_id":"12756561969"},"geometry":{"type":"Point","coordinates":[126.6362998,45.7824935]}},{"type":"Feature","properties":{"id":"china-osm-rail-station-6898644307","name":"太阳岛","station_type":"railway_station","source_region":"heilongjiang","source_osm_id":"6898644307"},"geometry":{"type":"Point","coordinates":[126.5820809,45.78259]}},{"type":"Feature","properties":{"id":"china-osm-rail-station-9238112432","name":"交通学院","station_type":"railway_station","source_region":"heilongjiang","source_osm_id":"9238112432"},"geometry":{"type":"Point","coordinates":[126.6811678,45.7856727]}},{"type":"Feature","properties":{"id":"china-osm-rail-station-12757424170","name":"清真寺","station_type":"railway_station","source_region":"heilongjiang","source_osm_id":"12757424170"},"geometry":{"type":"Point","coordinates":[126.645128,45.7860843]}},{"type":"Feature","properties":{"id":"china-osm-rail-station-12762640278","name":"靖宇公园","station_type":"railway_station","source_region":"heilongjiang","source_osm_id":"12762640278"},"geometry":{"type":"Point","coordinates":[126.6615598,45.7868018]}},{"type":"Feature","properties":{"id":"china-osm-rail-station-8948967845","name":"太平桥","station_type":"railway_station","source_region":"heilongjiang","source_osm_id":"8948967845"},"geometry":{"type":"Point","coordinates":[126.6813483,45.7925769]}},{"type":"Feature","properties":{"id":"china-osm-rail-station-5697139239","name":"宾西东","station_type":"railway_station","source_region":"heilongjiang","source_osm_id":"5697139239"},"geometry":{"type":"Point","coordinates":[127.241174,45.7851977]}},{"type":"Feature","properties":{"id":"china-osm-rail-station-9238112433","name":"桦树街","station_type":"railway_station","source_region":"heilongjiang","source_osm_id":"9238112433"},"geometry":{"type":"Point","coordinates":[126.6918757,45.7860909]}},{"type":"Feature","properties":{"id":"china-osm-rail-station-678564923","name":"哈尔滨东","station_type":"railway_station","source_region":"heilongjiang","source_osm_id":"678564923"},"geometry":{"type":"Point","coordinates":[126.7056057,45.7865776]}},{"type":"Feature","properties":{"id":"china-osm-rail-station-9238112434","name":"哈尔滨东站","station_type":"railway_station","source_region":"heilongjiang","source_osm_id":"9238112434"},"geometry":{"type":"Point","coordinates":[126.7029173,45.787419]}},{"type":"Feature","properties":{"id":"china-osm-rail-station-5697139240","name":"宾西北","station_type":"railway_station","source_region":"heilongjiang","source_osm_id":"5697139240"},"geometry":{"type":"Point","coordinates":[127.1433913,45.790068]}},{"type":"Feature","properties":{"id":"china-osm-rail-station-2344167672","name":"沈家","station_type":"railway_station","source_region":"heilongjiang","source_osm_id":"2344167672"},"geometry":{"type":"Point","coordinates":[126.7640649,46.0956015]}},{"type":"Feature","properties":{"id":"china-osm-rail-station-2379151406","name":"康金井","station_type":"railway_station","source_region":"heilongjiang","source_osm_id":"2379151406"},"geometry":{"type":"Point","coordinates":[126.8113695,46.1944327]}},{"type":"Feature","properties":{"id":"china-osm-rail-station-2344167673","name":"石人城","station_type":"railway_station","source_region":"heilongjiang","source_osm_id":"2344167673"},"geometry":{"type":"Point","coordinates":[126.8906338,46.2978544]}},{"type":"Feature","properties":{"id":"china-osm-rail-station-2662698055","name":"白奎堡","station_type":"railway_station","source_region":"heilongjiang","source_osm_id":"2662698055"},"geometry":{"type":"Point","coordinates":[126.9979096,46.3695464]}},{"type":"Feature","properties":{"id":"china-osm-rail-station-12750131952","name":"兴隆镇西","station_type":"railway_station","source_region":"heilongjiang","source_osm_id":"12750131952"},"geometry":{"type":"Point","coordinates":[126.9380945,46.4068808]}},{"type":"Feature","properties":{"id":"china-osm-rail-station-10836356812","name":"暖泉","station_type":"railway_station","source_region":"heilongjiang","source_osm_id":"10836356812"},"geometry":{"type":"Point","coordinates":[131.0745325,44.0082005]}},{"type":"Feature","properties":{"id":"china-osm-rail-station-9131669907","name":"赏月","station_type":"railway_station","source_region":"heilongjiang","source_osm_id":"9131669907"},"geometry":{"type":"Point","coordinates":[131.0310542,44.0127777]}},{"type":"Feature","properties":{"id":"china-osm-rail-station-9131669908","name":"道河","station_type":"railway_station","source_region":"heilongjiang","source_osm_id":"9131669908"},"geometry":{"type":"Point","coordinates":[130.8287948,44.0401802]}},{"type":"Feature","properties":{"id":"china-osm-rail-station-9131669909","name":"八里坪","station_type":"railway_station","source_region":"heilongjiang","source_osm_id":"9131669909"},"geometry":{"type":"Point","coordinates":[130.800181,44.3491217]}},{"type":"Feature","properties":{"id":"china-osm-rail-station-8948902792","name":"绥芬河","station_type":"railway_station","source_region":"heilongjiang","source_osm_id":"8948902792"},"geometry":{"type":"Point","coordinates":[131.1289809,44.4037529]}},{"type":"Feature","properties":{"id":"china-osm-rail-station-5082241388","name":"绥阳南","station_type":"railway_station","source_region":"heilongjiang","source_osm_id":"5082241388"},"geometry":{"type":"Point","coordinates":[130.8877914,44.4196615]}},{"type":"Feature","properties":{"id":"china-osm-rail-station-5082241584","name":"绥阳","station_type":"railway_station","source_region":"heilongjiang","source_osm_id":"5082241584"},"geometry":{"type":"Point","coordinates":[130.8927572,44.4262775]}},{"type":"Feature","properties":{"id":"china-osm-rail-station-9137873798","name":"细鳞河","station_type":"railway_station","source_region":"heilongjiang","source_osm_id":"9137873798"},"geometry":{"type":"Point","coordinates":[130.7473422,44.490025]}},{"type":"Feature","properties":{"id":"china-osm-rail-station-9131669913","name":"下城子","station_type":"railway_station","source_region":"heilongjiang","source_osm_id":"9131669913"},"geometry":{"type":"Point","coordinates":[130.4395107,44.6690867]}},{"type":"Feature","properties":{"id":"china-osm-rail-station-2662698088","name":"八面通","station_type":"railway_station","source_region":"heilongjiang","source_osm_id":"2662698088"},"geometry":{"type":"Point","coordinates":[130.5349935,44.9247158]}},{"type":"Feature","properties":{"id":"china-osm-rail-station-2897112229","name":"代马沟","station_type":"railway_station","source_region":"heilongjiang","source_osm_id":"2897112229"},"geometry":{"type":"Point","coordinates":[130.0119107,44.5388502]}},{"type":"Feature","properties":{"id":"china-osm-rail-station-8944268243","name":"卡路屯","station_type":"railway_station","source_region":"heilongjiang","source_osm_id":"8944268243"},"geometry":{"type":"Point","coordinates":[129.5585132,44.5510107]}},{"type":"Feature","properties":{"id":"china-osm-rail-station-1603990214","name":"老磨刀石","station_type":"railway_station","source_region":"heilongjiang","source_osm_id":"1603990214"},"geometry":{"type":"Point","coordinates":[129.8612717,44.5604994]}},{"type":"Feature","properties":{"id":"china-osm-rail-station-1603990180","name":"拉古","station_type":"railway_station","source_region":"heilongjiang","source_osm_id":"1603990180"},"geometry":{"type":"Point","coordinates":[129.4902882,44.5635903]}},{"type":"Feature","properties":{"id":"china-osm-rail-station-5397256695","name":"爱河","station_type":"railway_station","source_region":"heilongjiang","source_osm_id":"5397256695"},"geometry":{"type":"Point","coordinates":[129.7102463,44.5640413]}},{"type":"Feature","properties":{"id":"china-osm-rail-station-1603990125","name":"海林","station_type":"railway_station","source_region":"heilongjiang","source_osm_id":"1603990125"},"geometry":{"type":"Point","coordinates":[129.3802215,44.5647772]}},{"type":"Feature","properties":{"id":"china-osm-rail-station-5344605877","name":"磨刀石","station_type":"railway_station","source_region":"heilongjiang","source_osm_id":"5344605877"},"geometry":{"type":"Point","coordinates":[129.8402633,44.5693301]}},{"type":"Feature","properties":{"id":"china-osm-rail-station-1603990218","name":"牡丹江","station_type":"railway_station","source_region":"heilongjiang","source_osm_id":"1603990218"},"geometry":{"type":"Point","coordinates":[129.6051496,44.5890935]}},{"type":"Feature","properties":{"id":"china-osm-rail-station-1603990289","name":"伊林","station_type":"railway_station","source_region":"heilongjiang","source_osm_id":"1603990289"},"geometry":{"type":"Point","coordinates":[130.3463959,44.5984446]}},{"type":"Feature","properties":{"id":"china-osm-rail-station-9160197901","name":"海林北","station_type":"railway_station","source_region":"heilongjiang","source_osm_id":"9160197901"},"geometry":{"type":"Point","coordinates":[129.3660783,44.6090673]}},{"type":"Feature","properties":{"id":"china-osm-rail-station-9131669906","name":"东宁","station_type":"railway_station","source_region":"heilongjiang","source_osm_id":"9131669906"},"geometry":{"type":"Point","coordinates":[131.176334,44.0305697]}},{"type":"Feature","properties":{"id":"china-osm-rail-station-11944888812","name":"荣华","station_type":"railway_station","source_region":"heilongjiang","source_osm_id":"11944888812"},"geometry":{"type":"Point","coordinates":[131.1711974,45.1885966]}},{"type":"Feature","properties":{"id":"china-osm-rail-station-9137873809","name":"东海","station_type":"railway_station","source_region":"heilongjiang","source_osm_id":"9137873809"},"geometry":{"type":"Point","coordinates":[131.3072726,45.2883303]}},{"type":"Feature","properties":{"id":"china-osm-rail-station-9137873808","name":"永安乡","station_type":"railway_station","source_region":"heilongjiang","source_osm_id":"9137873808"},"geometry":{"type":"Point","coordinates":[131.4706579,45.336595]}},{"type":"Feature","properties":{"id":"china-osm-rail-station-9137873807","name":"黑台","station_type":"railway_station","source_region":"heilongjiang","source_osm_id":"9137873807"},"geometry":{"type":"Point","coordinates":[131.6184659,45.4080254]}},{"type":"Feature","properties":{"id":"china-osm-rail-station-2330259270","name":"连珠山","station_type":"railway_station","source_region":"heilongjiang","source_osm_id":"2330259270"},"geometry":{"type":"Point","coordinates":[131.7583712,45.4830161]}},{"type":"Feature","properties":{"id":"china-osm-rail-station-9137873805","name":"密山西","station_type":"railway_station","source_region":"heilongjiang","source_osm_id":"9137873805"},"geometry":{"type":"Point","coordinates":[131.8157034,45.5127908]}},{"type":"Feature","properties":{"id":"china-osm-rail-station-9137873806","name":"密山","station_type":"railway_station","source_region":"heilongjiang","source_osm_id":"9137873806"},"geometry":{"type":"Point","coordinates":[131.8668444,45.5491837]}},{"type":"Feature","properties":{"id":"china-osm-rail-station-7188268787","name":"穆棱","station_type":"railway_station","source_region":"heilongjiang","source_osm_id":"7188268787"},"geometry":{"type":"Point","coordinates":[130.3533362,44.6105686]}},{"type":"Feature","properties":{"id":"china-osm-rail-station-5980498116","name":"八达沟","station_type":"railway_station","source_region":"heilongjiang","source_osm_id":"5980498116"},"geometry":{"type":"Point","coordinates":[129.6475442,44.6434758]}},{"type":"Feature","properties":{"id":"china-osm-rail-station-4111429480","name":"桦林","station_type":"railway_station","source_region":"heilongjiang","source_osm_id":"4111429480"},"geometry":{"type":"Point","coordinates":[129.6683262,44.6756064]}},{"type":"Feature","properties":{"id":"china-osm-rail-station-8944302707","name":"桦林东","station_type":"railway_station","source_region":"heilongjiang","source_osm_id":"8944302707"},"geometry":{"type":"Point","coordinates":[129.7366403,44.6968826]}},{"type":"Feature","properties":{"id":"china-osm-rail-station-1604972708","name":"柴河","station_type":"railway_station","source_region":"heilongjiang","source_osm_id":"1604972708"},"geometry":{"type":"Point","coordinates":[129.680023,44.7653949]}},{"type":"Feature","properties":{"id":"china-osm-rail-station-1604842624","name":"朱家沟","station_type":"railway_station","source_region":"heilongjiang","source_osm_id":"1604842624"},"geometry":{"type":"Point","coordinates":[129.8504737,44.8748959]}},{"type":"Feature","properties":{"id":"china-osm-rail-station-2662698104","name":"宝林","station_type":"railway_station","source_region":"heilongjiang","source_osm_id":"2662698104"},"geometry":{"type":"Point","coordinates":[129.9700867,45.0264776]}},{"type":"Feature","properties":{"id":"china-osm-rail-station-2662698268","name":"楚山","station_type":"railway_station","source_region":"heilongjiang","source_osm_id":"2662698268"},"geometry":{"type":"Point","coordinates":[130.0211398,45.1169494]}},{"type":"Feature","properties":{"id":"china-osm-rail-station-9497085064","name":"向阳","station_type":"railway_station","source_region":"heilongjiang","source_osm_id":"9497085064"},"geometry":{"type":"Point","coordinates":[130.0808024,45.1877526]}},{"type":"Feature","properties":{"id":"china-osm-rail-station-9429765762","name":"林口南","station_type":"railway_station","source_region":"heilongjiang","source_osm_id":"9429765762"},"geometry":{"type":"Point","coordinates":[130.2906232,45.2111952]}},{"type":"Feature","properties":{"id":"china-osm-rail-station-9131669914","name":"梨树镇","station_type":"railway_station","source_region":"heilongjiang","source_osm_id":"9131669914"},"geometry":{"type":"Point","coordinates":[130.6800395,45.0804415]}},{"type":"Feature","properties":{"id":"china-osm-rail-station-11944888810","name":"山南","station_type":"railway_station","source_region":"heilongjiang","source_osm_id":"11944888810"},"geometry":{"type":"Point","coordinates":[130.9036895,45.1929513]}},{"type":"Feature","properties":{"id":"china-osm-rail-station-11944888828","name":"立井","station_type":"railway_station","source_region":"heilongjiang","source_osm_id":"11944888828"},"geometry":{"type":"Point","coordinates":[130.936904,45.2024793]}},{"type":"Feature","properties":{"id":"china-osm-rail-station-9137873814","name":"麻山","station_type":"railway_station","source_region":"heilongjiang","source_osm_id":"9137873814"},"geometry":{"type":"Point","coordinates":[130.5318689,45.203024]}},{"type":"Feature","properties":{"id":"china-osm-rail-station-9137873815","name":"西麻山","station_type":"railway_station","source_region":"heilongjiang","source_osm_id":"9137873815"},"geometry":{"type":"Point","coordinates":[130.472816,45.2113015]}},{"type":"Feature","properties":{"id":"china-osm-rail-station-10839801597","name":"恒山矿新站","station_type":"railway_station","source_region":"heilongjiang","source_osm_id":"10839801597"},"geometry":{"type":"Point","coordinates":[130.9127304,45.2114898]}},{"type":"Feature","properties":{"id":"china-osm-rail-station-13722351866","name":"张新","station_type":"railway_station","source_region":"heilongjiang","source_osm_id":"13722351866"},"geometry":{"type":"Point","coordinates":[131.0333637,45.2135923]}},{"type":"Feature","properties":{"id":"china-osm-rail-station-11944888827","name":"双河","station_type":"railway_station","source_region":"heilongjiang","source_osm_id":"11944888827"},"geometry":{"type":"Point","coordinates":[130.9781005,45.2146569]}},{"type":"Feature","properties":{"id":"china-osm-rail-station-7342429581","name":"恒山","station_type":"railway_station","source_region":"heilongjiang","source_osm_id":"7342429581"},"geometry":{"type":"Point","coordinates":[130.9213203,45.2161077]}},{"type":"Feature","properties":{"id":"china-osm-rail-station-11944888811","name":"中心","station_type":"railway_station","source_region":"heilongjiang","source_osm_id":"11944888811"},"geometry":{"type":"Point","coordinates":[130.9516103,45.2223826]}},{"type":"Feature","properties":{"id":"china-osm-rail-station-9131669911","name":"柳毛","station_type":"railway_station","source_region":"heilongjiang","source_osm_id":"9131669911"},"geometry":{"type":"Point","coordinates":[130.7750404,45.2332196]}},{"type":"Feature","properties":{"id":"china-osm-rail-station-9137873813","name":"青龙","station_type":"railway_station","source_region":"heilongjiang","source_osm_id":"9137873813"},"geometry":{"type":"Point","coordinates":[130.5787651,45.2451761]}},{"type":"Feature","properties":{"id":"china-osm-rail-station-9137873810","name":"鸡东","station_type":"railway_station","source_region":"heilongjiang","source_osm_id":"9137873810"},"geometry":{"type":"Point","coordinates":[131.1443192,45.2506705]}},{"type":"Feature","properties":{"id":"china-osm-rail-station-9137873812","name":"兰岭","station_type":"railway_station","source_region":"heilongjiang","source_osm_id":"9137873812"},"geometry":{"type":"Point","coordinates":[130.6980472,45.2946309]}},{"type":"Feature","properties":{"id":"china-osm-rail-station-9131669916","name":"鸡西","station_type":"railway_station","source_region":"heilongjiang","source_osm_id":"9131669916"},"geometry":{"type":"Point","coordinates":[130.9701783,45.302136]}},{"type":"Feature","properties":{"id":"china-osm-rail-station-9429768333","name":"鸡西西","station_type":"railway_station","source_region":"heilongjiang","source_osm_id":"9429768333"},"geometry":{"type":"Point","coordinates":[130.8147808,45.3088491]}},{"type":"Feature","properties":{"id":"china-osm-rail-station-9137873811","name":"滴道","station_type":"railway_station","source_region":"heilongjiang","source_osm_id":"9137873811"},"geometry":{"type":"Point","coordinates":[130.8256951,45.3437805]}},{"type":"Feature","properties":{"id":"china-osm-rail-station-12076326834","name":"王家（滴道矿）","station_type":"railway_station","source_region":"heilongjiang","source_osm_id":"12076326834"},"geometry":{"type":"Point","coordinates":[130.8141498,45.3437823]}},{"type":"Feature","properties":{"id":"china-osm-rail-station-1604972747","name":"亚河","station_type":"railway_station","source_region":"heilongjiang","source_osm_id":"1604972747"},"geometry":{"type":"Point","coordinates":[130.422929,45.3951063]}},{"type":"Feature","properties":{"id":"china-osm-rail-station-1604972737","name":"青山","station_type":"railway_station","source_region":"heilongjiang","source_osm_id":"1604972737"},"geometry":{"type":"Point","coordinates":[130.5610453,45.4439756]}},{"type":"Feature","properties":{"id":"china-osm-rail-station-2329802056","name":"虎山","station_type":"railway_station","source_region":"heilongjiang","source_osm_id":"2329802056"},"geometry":{"type":"Point","coordinates":[130.6157723,45.5671709]}},{"type":"Feature","properties":{"id":"china-osm-rail-station-2329802054","name":"佛岭","station_type":"railway_station","source_region":"heilongjiang","source_osm_id":"2329802054"},"geometry":{"type":"Point","coordinates":[130.5690737,45.6245203]}},{"type":"Feature","properties":{"id":"china-osm-rail-station-2329802064","name":"通天屯","station_type":"railway_station","source_region":"heilongjiang","source_osm_id":"2329802064"},"geometry":{"type":"Point","coordinates":[130.5385628,45.7101201]}},{"type":"Feature","properties":{"id":"china-osm-rail-station-9532243466","name":"七台河西","station_type":"railway_station","source_region":"heilongjiang","source_osm_id":"9532243466"},"geometry":{"type":"Point","coordinates":[130.7738473,45.7423244]}},{"type":"Feature","properties":{"id":"china-osm-rail-station-13508852372","name":"铁东","station_type":"railway_station","source_region":"heilongjiang","source_osm_id":"13508852372"},"geometry":{"type":"Point","coordinates":[131.1149576,45.7539652]}},{"type":"Feature","properties":{"id":"china-osm-rail-station-2329802050","name":"勃利","station_type":"railway_station","source_region":"heilongjiang","source_osm_id":"2329802050"},"geometry":{"type":"Point","coordinates":[130.5515451,45.7540423]}},{"type":"Feature","properties":{"id":"china-osm-rail-station-5886902318","name":"桃选","station_type":"railway_station","source_region":"heilongjiang","source_osm_id":"5886902318"},"geometry":{"type":"Point","coordinates":[131.0057932,45.7595214]}},{"type":"Feature","properties":{"id":"china-osm-rail-station-13508852350","name":"电厂","station_type":"railway_station","source_region":"heilongjiang","source_osm_id":"13508852350"},"geometry":{"type":"Point","coordinates":[131.0538894,45.763529]}},{"type":"Feature","properties":{"id":"china-osm-rail-station-13508852351","name":"工人村","station_type":"railway_station","source_region":"heilongjiang","source_osm_id":"13508852351"},"geometry":{"type":"Point","coordinates":[131.1047668,45.7672371]}},{"type":"Feature","properties":{"id":"china-osm-rail-station-13508852373","name":"富强","station_type":"railway_station","source_region":"heilongjiang","source_osm_id":"13508852373"},"geometry":{"type":"Point","coordinates":[131.1334767,45.7746958]}},{"type":"Feature","properties":{"id":"china-osm-rail-station-9137873804","name":"裴德","station_type":"railway_station","source_region":"heilongjiang","source_osm_id":"9137873804"},"geometry":{"type":"Point","coordinates":[131.8978021,45.6355332]}},{"type":"Feature","properties":{"id":"china-osm-rail-station-9137873803","name":"兴凯","station_type":"railway_station","source_region":"heilongjiang","source_osm_id":"9137873803"},"geometry":{"type":"Point","coordinates":[132.0671671,45.702086]}},{"type":"Feature","properties":{"id":"china-osm-rail-station-9137873802","name":"杨岗","station_type":"railway_station","source_region":"heilongjiang","source_osm_id":"9137873802"},"geometry":{"type":"Point","coordinates":[132.2801894,45.7143609]}},{"type":"Feature","properties":{"id":"china-osm-rail-station-9137873801","name":"凯北","station_type":"railway_station","source_region":"heilongjiang","source_osm_id":"9137873801"},"geometry":{"type":"Point","coordinates":[132.4142899,45.7201693]}},{"type":"Feature","properties":{"id":"china-osm-rail-station-2186787956","name":"卫星","station_type":"railway_station","source_region":"heilongjiang","source_osm_id":"2186787956"},"geometry":{"type":"Point","coordinates":[132.4858734,45.7203814]}},{"type":"Feature","properties":{"id":"china-osm-rail-station-9137873800","name":"宝东","station_type":"railway_station","source_region":"heilongjiang","source_osm_id":"9137873800"},"geometry":{"type":"Point","coordinates":[132.8002023,45.743905]}},{"type":"Feature","properties":{"id":"china-osm-rail-station-9137873799","name":"虎林","station_type":"railway_station","source_region":"heilongjiang","source_osm_id":"9137873799"},"geometry":{"type":"Point","coordinates":[132.9697777,45.7627141]}},{"type":"Feature","properties":{"id":"china-osm-rail-station-13508852396","name":"中心河","station_type":"railway_station","source_region":"heilongjiang","source_osm_id":"13508852396"},"geometry":{"type":"Point","coordinates":[131.2134871,45.7954897]}},{"type":"Feature","properties":{"id":"china-osm-rail-station-13508900515","name":"分场","station_type":"railway_station","source_region":"heilongjiang","source_osm_id":"13508900515"},"geometry":{"type":"Point","coordinates":[131.2526155,45.821534]}},{"type":"Feature","properties":{"id":"china-osm-rail-station-13508900516","name":"龙湖","station_type":"railway_station","source_region":"heilongjiang","source_osm_id":"13508900516"},"geometry":{"type":"Point","coordinates":[131.2452965,45.8620372]}},{"type":"Feature","properties":{"id":"china-osm-rail-station-9137873816","name":"奎山","station_type":"railway_station","source_region":"heilongjiang","source_osm_id":"9137873816"},"geometry":{"type":"Point","coordinates":[130.4003046,45.2263473]}},{"type":"Feature","properties":{"id":"china-osm-rail-station-1604972749","name":"杨木","station_type":"railway_station","source_region":"heilongjiang","source_osm_id":"1604972749"},"geometry":{"type":"Point","coordinates":[130.3350655,45.2581811]}},{"type":"Feature","properties":{"id":"china-osm-rail-station-1604972727","name":"林口","station_type":"railway_station","source_region":"heilongjiang","source_osm_id":"1604972727"},"geometry":{"type":"Point","coordinates":[130.2619436,45.2908402]}},{"type":"Feature","properties":{"id":"china-osm-rail-station-2936218355","name":"古城镇","station_type":"railway_station","source_region":"heilongjiang","source_osm_id":"2936218355"},"geometry":{"type":"Point","coordinates":[130.28701,45.3525453]}},{"type":"Feature","properties":{"id":"china-osm-rail-station-5581519431","name":"山河","station_type":"railway_station","source_region":"heilongjiang","source_osm_id":"5581519431"},"geometry":{"type":"Point","coordinates":[130.3246445,45.4033265]}},{"type":"Feature","properties":{"id":"china-osm-rail-station-5697139266","name":"高楞","station_type":"railway_station","source_region":"heilongjiang","source_osm_id":"5697139266"},"geometry":{"type":"Point","coordinates":[129.2675285,45.9866673]}},{"type":"Feature","properties":{"id":"china-osm-rail-station-5697139267","name":"达连河","station_type":"railway_station","source_region":"heilongjiang","source_osm_id":"5697139267"},"geometry":{"type":"Point","coordinates":[129.4574082,46.1464732]}},{"type":"Feature","properties":{"id":"china-osm-rail-station-5697139268","name":"依兰","station_type":"railway_station","source_region":"heilongjiang","source_osm_id":"5697139268"},"geometry":{"type":"Point","coordinates":[129.6000269,46.2771813]}},{"type":"Feature","properties":{"id":"china-osm-rail-station-5697139275","name":"宏克力","station_type":"railway_station","source_region":"heilongjiang","source_osm_id":"5697139275"},"geometry":{"type":"Point","coordinates":[129.8516929,46.5153023]}},{"type":"Feature","properties":{"id":"china-osm-rail-station-9137876522","name":"香兰","station_type":"railway_station","source_region":"heilongjiang","source_osm_id":"9137876522"},"geometry":{"type":"Point","coordinates":[129.7500056,46.6505005]}},{"type":"Feature","properties":{"id":"china-osm-rail-station-6687935740","name":"东岗","station_type":"railway_station","source_region":"heilongjiang","source_osm_id":"6687935740"},"geometry":{"type":"Point","coordinates":[130.6221163,45.7810671]}},{"type":"Feature","properties":{"id":"china-osm-rail-station-13508852349","name":"桃山","station_type":"railway_station","source_region":"heilongjiang","source_osm_id":"13508852349"},"geometry":{"type":"Point","coordinates":[130.9658854,45.7825946]}},{"type":"Feature","properties":{"id":"china-osm-rail-station-6687935741","name":"水库","station_type":"railway_station","source_region":"heilongjiang","source_osm_id":"6687935741"},"geometry":{"type":"Point","coordinates":[130.749087,45.7863881]}},{"type":"Feature","properties":{"id":"china-osm-rail-station-5583528221","name":"缸窑沟","station_type":"railway_station","source_region":"heilongjiang","source_osm_id":"5583528221"},"geometry":{"type":"Point","coordinates":[130.8291037,45.7889581]}},{"type":"Feature","properties":{"id":"china-osm-rail-station-13508852338","name":"集配","station_type":"railway_station","source_region":"heilongjiang","source_osm_id":"13508852338"},"geometry":{"type":"Point","coordinates":[130.9198801,45.7952839]}},{"type":"Feature","properties":{"id":"china-osm-rail-station-5581944159","name":"七台河","station_type":"railway_station","source_region":"heilongjiang","source_osm_id":"5581944159"},"geometry":{"type":"Point","coordinates":[130.8952944,45.8096799]}},{"type":"Feature","properties":{"id":"china-osm-rail-station-2329802065","name":"杏树","station_type":"railway_station","source_region":"heilongjiang","source_osm_id":"2329802065"},"geometry":{"type":"Point","coordinates":[130.5559715,45.9205176]}},{"type":"Feature","properties":{"id":"china-osm-rail-station-2184985150","name":"倭肯","station_type":"railway_station","source_region":"heilongjiang","source_osm_id":"2184985150"},"geometry":{"type":"Point","coordinates":[130.5227063,46.0025337]}},{"type":"Feature","properties":{"id":"china-osm-rail-station-9131675318","name":"向阳山","station_type":"railway_station","source_region":"heilongjiang","source_osm_id":"9131675318"},"geometry":{"type":"Point","coordinates":[130.8386761,46.1615233]}},{"type":"Feature","properties":{"id":"china-osm-rail-station-9532243465","name":"桦南东","station_type":"railway_station","source_region":"heilongjiang","source_osm_id":"9532243465"},"geometry":{"type":"Point","coordinates":[130.613552,46.2132057]}},{"type":"Feature","properties":{"id":"china-osm-rail-station-6357489709","name":"兰棱","station_type":"railway_station","source_region":"heilongjiang","source_osm_id":"6357489709"},"geometry":{"type":"Point","coordinates":[126.1831654,45.2194808]}},{"type":"Feature","properties":{"id":"china-osm-rail-station-8424837468","name":"双城堡","station_type":"railway_station","source_region":"heilongjiang","source_osm_id":"8424837468"},"geometry":{"type":"Point","coordinates":[126.2864571,45.3942292]}},{"type":"Feature","properties":{"id":"china-osm-rail-station-8436994998","name":"五家","station_type":"railway_station","source_region":"heilongjiang","source_osm_id":"8436994998"},"geometry":{"type":"Point","coordinates":[126.3871143,45.5423002]}},{"type":"Feature","properties":{"id":"china-osm-rail-station-2348271088","name":"王岗","station_type":"railway_station","source_region":"heilongjiang","source_osm_id":"2348271088"},"geometry":{"type":"Point","coordinates":[126.5393119,45.6692303]}},{"type":"Feature","properties":{"id":"china-osm-rail-station-9131669859","name":"夏家","station_type":"railway_station","source_region":"heilongjiang","source_osm_id":"9131669859"},"geometry":{"type":"Point","coordinates":[126.5532261,45.6873863]}},{"type":"Feature","properties":{"id":"china-osm-rail-station-8946555593","name":"陈家","station_type":"railway_station","source_region":"heilongjiang","source_osm_id":"8946555593"},"geometry":{"type":"Point","coordinates":[126.4333212,45.7098205]}},{"type":"Feature","properties":{"id":"china-osm-rail-station-9284589718","name":"城乡路","station_type":"railway_station","source_region":"heilongjiang","source_osm_id":"9284589718"},"geometry":{"type":"Point","coordinates":[126.5613823,45.7099136]}},{"type":"Feature","properties":{"id":"china-osm-rail-station-9284550315","name":"工农大街","station_type":"railway_station","source_region":"heilongjiang","source_osm_id":"9284550315"},"geometry":{"type":"Point","coordinates":[126.552177,45.716894]}},{"type":"Feature","properties":{"id":"china-osm-rail-station-9284589737","name":"医大一院群力院区","station_type":"railway_station","source_region":"heilongjiang","source_osm_id":"9284589737"},"geometry":{"type":"Point","coordinates":[126.5456508,45.7225751]}},{"type":"Feature","properties":{"id":"china-osm-rail-station-9284589739","name":"群力第五大道","station_type":"railway_station","source_region":"heilongjiang","source_osm_id":"9284589739"},"geometry":{"type":"Point","coordinates":[126.5394206,45.7287069]}},{"type":"Feature","properties":{"id":"china-osm-rail-station-2538010645","name":"哈达","station_type":"railway_station","source_region":"heilongjiang","source_osm_id":"2538010645"},"geometry":{"type":"Point","coordinates":[126.6130206,45.6806928]}},{"type":"Feature","properties":{"id":"china-osm-rail-station-717572642","name":"孙家","station_type":"railway_station","source_region":"heilongjiang","source_osm_id":"717572642"},"geometry":{"type":"Point","coordinates":[126.6776553,45.6935186]}},{"type":"Feature","properties":{"id":"china-osm-rail-station-12757032503","name":"哈西大街","station_type":"railway_station","source_region":"heilongjiang","source_osm_id":"12757032503"},"geometry":{"type":"Point","coordinates":[126.5906464,45.6935274]}},{"type":"Feature","properties":{"id":"china-osm-rail-station-9293218193","name":"医大二院","station_type":"railway_station","source_region":"heilongjiang","source_osm_id":"9293218193"},"geometry":{"type":"Point","coordinates":[126.6097981,45.6955916]}},{"type":"Feature","properties":{"id":"china-osm-rail-station-12762263095","name":"征仪路","station_type":"railway_station","source_region":"heilongjiang","source_osm_id":"12762263095"},"geometry":{"type":"Point","coordinates":[126.6284298,45.6975854]}},{"type":"Feature","properties":{"id":"china-osm-rail-station-6622334817","name":"肿瘤医院","station_type":"railway_station","source_region":"heilongjiang","source_osm_id":"6622334817"},"geometry":{"type":"Point","coordinates":[126.6372431,45.6985375]}},{"type":"Feature","properties":{"id":"china-osm-rail-station-12756561966","name":"劳动公园","station_type":"railway_station","source_region":"heilongjiang","source_osm_id":"12756561966"},"geometry":{"type":"Point","coordinates":[126.669866,45.6988597]}},{"type":"Feature","properties":{"id":"china-osm-rail-station-12762270327","name":"凯盛源广场","station_type":"railway_station","source_region":"heilongjiang","source_osm_id":"12762270327"},"geometry":{"type":"Point","coordinates":[126.5793537,45.6993889]}},{"type":"Feature","properties":{"id":"china-osm-rail-station-12756561967","name":"旭升街","station_type":"railway_station","source_region":"heilongjiang","source_osm_id":"12756561967"},"geometry":{"type":"Point","coordinates":[126.6582118,45.7003857]}},{"type":"Feature","properties":{"id":"china-osm-rail-station-9293218187","name":"进乡街","station_type":"railway_station","source_region":"heilongjiang","source_osm_id":"9293218187"},"geometry":{"type":"Point","coordinates":[126.6802809,45.7027191]}},{"type":"Feature","properties":{"id":"china-osm-rail-station-12756561968","name":"哈尔滨西站","station_type":"railway_station","source_region":"heilongjiang","source_osm_id":"12756561968"},"geometry":{"type":"Point","coordinates":[126.5744634,45.7038298]}},{"type":"Feature","properties":{"id":"china-osm-rail-station-2538010671","name":"黑龙江大学","station_type":"railway_station","source_region":"heilongjiang","source_osm_id":"2538010671"},"geometry":{"type":"Point","coordinates":[126.6076854,45.7050819]}},{"type":"Feature","properties":{"id":"china-osm-rail-station-2155516551","name":"哈尔滨西","station_type":"railway_station","source_region":"heilongjiang","source_osm_id":"2155516551"},"geometry":{"type":"Point","coordinates":[126.5723242,45.7051442]}},{"type":"Feature","properties":{"id":"china-osm-rail-station-12756561965","name":"汽轮机厂","station_type":"railway_station","source_region":"heilongjiang","source_osm_id":"12756561965"},"geometry":{"type":"Point","coordinates":[126.6827827,45.7104591]}},{"type":"Feature","properties":{"id":"china-osm-rail-station-2538010664","name":"理工大学","station_type":"railway_station","source_region":"heilongjiang","source_osm_id":"2538010664"},"geometry":{"type":"Point","coordinates":[126.6059686,45.7129698]}},{"type":"Feature","properties":{"id":"china-osm-rail-station-2333085951","name":"香坊","station_type":"railway_station","source_region":"heilongjiang","source_osm_id":"2333085951"},"geometry":{"type":"Point","coordinates":[126.6737467,45.7189791]}},{"type":"Feature","properties":{"id":"china-osm-rail-station-8946262629","name":"学府路","station_type":"railway_station","source_region":"heilongjiang","source_osm_id":"8946262629"},"geometry":{"type":"Point","coordinates":[126.6043626,45.7207379]}},{"type":"Feature","properties":{"id":"china-osm-rail-station-2333085949","name":"王兆屯","station_type":"railway_station","source_region":"heilongjiang","source_osm_id":"2333085949"},"geometry":{"type":"Point","coordinates":[126.6443828,45.7286233]}},{"type":"Feature","properties":{"id":"china-osm-rail-station-2538010636","name":"和兴路","station_type":"railway_station","source_region":"heilongjiang","source_osm_id":"2538010636"},"geometry":{"type":"Point","coordinates":[126.6092577,45.7307165]}},{"type":"Feature","properties":{"id":"china-osm-rail-station-8414538208","name":"省医院","station_type":"railway_station","source_region":"heilongjiang","source_osm_id":"8414538208"},"geometry":{"type":"Point","coordinates":[126.6711834,45.7347213]}},{"type":"Feature","properties":{"id":"china-osm-rail-station-2538010666","name":"西大桥","station_type":"railway_station","source_region":"heilongjiang","source_osm_id":"2538010666"},"geometry":{"type":"Point","coordinates":[126.6149408,45.736739]}},{"type":"Feature","properties":{"id":"china-osm-rail-station-12376484635","name":"丁香公园","station_type":"railway_station","source_region":"heilongjiang","source_osm_id":"12376484635"},"geometry":{"type":"Point","coordinates":[126.5620099,45.7390205]}},{"type":"Feature","properties":{"id":"china-osm-rail-station-7921695524","name":"省政府","station_type":"railway_station","source_region":"heilongjiang","source_osm_id":"7921695524"},"geometry":{"type":"Point","coordinates":[126.6570442,45.740783]}},{"type":"Feature","properties":{"id":"china-osm-rail-station-12376484636","name":"河山街","station_type":"railway_station","source_region":"heilongjiang","source_osm_id":"12376484636"},"geometry":{"type":"Point","coordinates":[126.5784292,45.7412531]}},{"type":"Feature","properties":{"id":"china-osm-rail-station-2538010643","name":"哈工大","station_type":"railway_station","source_region":"heilongjiang","source_osm_id":"2538010643"},"geometry":{"type":"Point","coordinates":[126.6218006,45.7426306]}},{"type":"Feature","properties":{"id":"china-osm-rail-station-12376484637","name":"河松街","station_type":"railway_station","source_region":"heilongjiang","source_osm_id":"12376484637"},"geometry":{"type":"Point","coordinates":[126.5879837,45.747028]}},{"type":"Feature","properties":{"id":"china-osm-rail-station-9295531281","name":"工人文化宫","station_type":"railway_station","source_region":"heilongjiang","source_osm_id":"9295531281"},"geometry":{"type":"Point","coordinates":[126.6477244,45.7482309]}},{"type":"Feature","properties":{"id":"china-osm-rail-station-9296054758","name":"铁路局","station_type":"railway_station","source_region":"heilongjiang","source_osm_id":"9296054758"},"geometry":{"type":"Point","coordinates":[126.6299721,45.7496381]}},{"type":"Feature","properties":{"id":"china-osm-rail-station-9238176869","name":"博物馆","station_type":"railway_station","source_region":"heilongjiang","source_osm_id":"9238176869"},"geometry":{"type":"Point","coordinates":[126.6377342,45.7563803]}},{"type":"Feature","properties":{"id":"china-osm-rail-station-12376484639","name":"公路大桥","station_type":"railway_station","source_region":"heilongjiang","source_osm_id":"12376484639"},"geometry":{"type":"Point","coordinates":[126.5894136,45.7565571]}},{"type":"Feature","properties":{"id":"china-osm-rail-station-334358067","name":"哈尔滨","station_type":"railway_station","source_region":"heilongjiang","source_osm_id":"334358067"},"geometry":{"type":"Point","coordinates":[126.6254465,45.7600422]}},{"type":"Feature","properties":{"id":"china-osm-rail-station-8416702423","name":"哈尔滨站","station_type":"railway_station","source_region":"heilongjiang","source_osm_id":"8416702423"},"geometry":{"type":"Point","coordinates":[126.6280383,45.76063]}},{"type":"Feature","properties":{"id":"china-osm-rail-station-5488665644","name":"泗店","station_type":"railway_station","source_region":"henan","source_osm_id":"5488665644"},"geometry":{"type":"Point","coordinates":[114.8827138,31.559484]}},{"type":"Feature","properties":{"id":"china-osm-rail-station-2370486201","name":"新县","station_type":"railway_station","source_region":"henan","source_osm_id":"2370486201"},"geometry":{"type":"Point","coordinates":[114.8837377,31.6447987]}},{"type":"Feature","properties":{"id":"china-osm-rail-station-2370489952","name":"泼河","station_type":"railway_station","source_region":"henan","source_osm_id":"2370489952"},"geometry":{"type":"Point","coordinates":[114.8982063,31.8474923]}},{"type":"Feature","properties":{"id":"china-osm-rail-station-11334686620","name":"固始","station_type":"railway_station","source_region":"henan","source_osm_id":"11334686620"},"geometry":{"type":"Point","coordinates":[115.6643578,31.9179498]}},{"type":"Feature","properties":{"id":"china-osm-rail-station-2467424392","name":"商城","station_type":"railway_station","source_region":"henan","source_osm_id":"2467424392"},"geometry":{"type":"Point","coordinates":[115.4367,31.95554]}},{"type":"Feature","properties":{"id":"china-osm-rail-station-2370491433","name":"光山","station_type":"railway_station","source_region":"henan","source_osm_id":"2370491433"},"geometry":{"type":"Point","coordinates":[114.9596643,31.9792679]}},{"type":"Feature","properties":{"id":"china-osm-rail-station-2243340983","name":"传流店","station_type":"railway_station","source_region":"henan","source_osm_id":"2243340983"},"geometry":{"type":"Point","coordinates":[115.1733922,32.0448801]}},{"type":"Feature","properties":{"id":"china-osm-rail-station-2370486196","name":"潢川","station_type":"railway_station","source_region":"henan","source_osm_id":"2370486196"},"geometry":{"type":"Point","coordinates":[115.0971579,32.1137085]}},{"type":"Feature","properties":{"id":"china-osm-rail-station-12981921305","name":"潢川北","station_type":"railway_station","source_region":"henan","source_osm_id":"12981921305"},"geometry":{"type":"Point","coordinates":[115.0342719,32.1673522]}},{"type":"Feature","properties":{"id":"china-osm-rail-station-1095127254","name":"罗山","station_type":"railway_station","source_region":"henan","source_osm_id":"1095127254"},"geometry":{"type":"Point","coordinates":[114.5450511,32.1681908]}},{"type":"Feature","properties":{"id":"china-osm-rail-station-9312908633","name":"武胜关","station_type":"railway_station","source_region":"henan","source_osm_id":"9312908633"},"geometry":{"type":"Point","coordinates":[114.0174061,31.7795109]}},{"type":"Feature","properties":{"id":"china-osm-rail-station-3612854137","name":"鸡公山","station_type":"railway_station","source_region":"henan","source_osm_id":"3612854137"},"geometry":{"type":"Point","coordinates":[114.0373754,31.8066312]}},{"type":"Feature","properties":{"id":"china-osm-rail-station-8014005627","name":"李家寨","station_type":"railway_station","source_region":"henan","source_osm_id":"8014005627"},"geometry":{"type":"Point","coordinates":[114.0941441,31.89764]}},{"type":"Feature","properties":{"id":"china-osm-rail-station-3612292370","name":"柳林","station_type":"railway_station","source_region":"henan","source_osm_id":"3612292370"},"geometry":{"type":"Point","coordinates":[114.0924563,31.9562184]}},{"type":"Feature","properties":{"id":"china-osm-rail-station-3612292346","name":"东双河","station_type":"railway_station","source_region":"henan","source_osm_id":"3612292346"},"geometry":{"type":"Point","coordinates":[114.0902863,32.0340621]}},{"type":"Feature","properties":{"id":"china-osm-rail-station-2264465496","name":"平桥","station_type":"railway_station","source_region":"henan","source_osm_id":"2264465496"},"geometry":{"type":"Point","coordinates":[114.1729761,32.1235183]}},{"type":"Feature","properties":{"id":"china-osm-rail-station-6237929169","name":"信阳","station_type":"railway_station","source_region":"henan","source_osm_id":"6237929169"},"geometry":{"type":"Point","coordinates":[114.0773267,32.130793]}},{"type":"Feature","properties":{"id":"china-osm-rail-station-2264149886","name":"信阳东","station_type":"railway_station","source_region":"henan","source_osm_id":"2264149886"},"geometry":{"type":"Point","coordinates":[114.1543869,32.1459152]}},{"type":"Feature","properties":{"id":"china-osm-rail-station-3858082961","name":"信阳北","station_type":"railway_station","source_region":"henan","source_osm_id":"3858082961"},"geometry":{"type":"Point","coordinates":[114.0685675,32.1899573]}},{"type":"Feature","properties":{"id":"china-osm-rail-station-3858082960","name":"江湾村","station_type":"railway_station","source_region":"henan","source_osm_id":"3858082960"},"geometry":{"type":"Point","coordinates":[114.0467222,32.2233418]}},{"type":"Feature","properties":{"id":"china-osm-rail-station-3858082968","name":"信阳西","station_type":"railway_station","source_region":"henan","source_osm_id":"3858082968"},"geometry":{"type":"Point","coordinates":[113.92713,32.2312212]}},{"type":"Feature","properties":{"id":"china-osm-rail-station-3621005002","name":"彭家湾","station_type":"railway_station","source_region":"henan","source_osm_id":"3621005002"},"geometry":{"type":"Point","coordinates":[114.0750814,32.2428324]}},{"type":"Feature","properties":{"id":"china-osm-rail-station-3621005061","name":"长台关","station_type":"railway_station","source_region":"henan","source_osm_id":"3621005061"},"geometry":{"type":"Point","coordinates":[114.056276,32.3229108]}},{"type":"Feature","properties":{"id":"china-osm-rail-station-1329779045","name":"明港","station_type":"railway_station","source_region":"henan","source_osm_id":"1329779045"},"geometry":{"type":"Point","coordinates":[114.0438174,32.4668658]}},{"type":"Feature","properties":{"id":"china-osm-rail-station-8396976232","name":"明港东","station_type":"railway_station","source_region":"henan","source_osm_id":"8396976232"},"geometry":{"type":"Point","coordinates":[114.0588784,32.4889453]}},{"type":"Feature","properties":{"id":"china-osm-rail-station-8014005636","name":"李新店","station_type":"railway_station","source_region":"henan","source_osm_id":"8014005636"},"geometry":{"type":"Point","coordinates":[114.0417854,32.5380583]}},{"type":"Feature","properties":{"id":"china-osm-rail-station-3621006236","name":"新安店","station_type":"railway_station","source_region":"henan","source_osm_id":"3621006236"},"geometry":{"type":"Point","coordinates":[114.0377959,32.6192765]}},{"type":"Feature","properties":{"id":"china-osm-rail-station-3303805636","name":"确山","station_type":"railway_station","source_region":"henan","source_osm_id":"3303805636"},"geometry":{"type":"Point","coordinates":[114.0306577,32.8036647]}},{"type":"Feature","properties":{"id":"china-osm-rail-station-8378245804","name":"马庄","station_type":"railway_station","source_region":"henan","source_osm_id":"8378245804"},"geometry":{"type":"Point","coordinates":[114.0369701,32.8952388]}},{"type":"Feature","properties":{"id":"china-osm-rail-station-3305961225","name":"驻马店","station_type":"railway_station","source_region":"henan","source_osm_id":"3305961225"},"geometry":{"type":"Point","coordinates":[114.0368444,32.9810099]}},{"type":"Feature","properties":{"id":"china-osm-rail-station-9516066034","name":"息县","station_type":"railway_station","source_region":"henan","source_osm_id":"9516066034"},"geometry":{"type":"Point","coordinates":[114.8271858,32.1747918]}},{"type":"Feature","properties":{"id":"china-osm-rail-station-5488696648","name":"吕店","station_type":"railway_station","source_region":"henan","source_osm_id":"5488696648"},"geometry":{"type":"Point","coordinates":[115.2235071,32.2595204]}},{"type":"Feature","properties":{"id":"china-osm-rail-station-8417536125","name":"台头","station_type":"railway_station","source_region":"henan","source_osm_id":"8417536125"},"geometry":{"type":"Point","coordinates":[115.3128735,32.4147596]}},{"type":"Feature","properties":{"id":"china-osm-rail-station-2370486194","name":"淮滨","station_type":"railway_station","source_region":"henan","source_osm_id":"2370486194"},"geometry":{"type":"Point","coordinates":[115.4064347,32.5034545]}},{"type":"Feature","properties":{"id":"china-osm-rail-station-8491493156","name":"宋阁","station_type":"railway_station","source_region":"henan","source_osm_id":"8491493156"},"geometry":{"type":"Point","coordinates":[115.319256,33.2975939]}},{"type":"Feature","properties":{"id":"china-osm-rail-station-8491578431","name":"纸店","station_type":"railway_station","source_region":"henan","source_osm_id":"8491578431"},"geometry":{"type":"Point","coordinates":[115.2712351,33.3171581]}},{"type":"Feature","properties":{"id":"china-osm-rail-station-8491565996","name":"沈丘","station_type":"railway_station","source_region":"henan","source_osm_id":"8491565996"},"geometry":{"type":"Point","coordinates":[115.0812782,33.3623154]}},{"type":"Feature","properties":{"id":"china-osm-rail-station-8491558246","name":"郑郭","station_type":"railway_station","source_region":"henan","source_osm_id":"8491558246"},"geometry":{"type":"Point","coordinates":[114.9917594,33.3950207]}},{"type":"Feature","properties":{"id":"china-osm-rail-station-8491560354","name":"项城","station_type":"railway_station","source_region":"henan","source_osm_id":"8491560354"},"geometry":{"type":"Point","coordinates":[114.8852009,33.413903]}},{"type":"Feature","properties":{"id":"china-osm-rail-station-8465326533","name":"沈丘北","station_type":"railway_station","source_region":"henan","source_osm_id":"8465326533"},"geometry":{"type":"Point","coordinates":[115.1016,33.424626]}},{"type":"Feature","properties":{"id":"china-osm-rail-station-8396976231","name":"驻马店西","station_type":"railway_station","source_region":"henan","source_osm_id":"8396976231"},"geometry":{"type":"Point","coordinates":[113.9726374,33.0025565]}},{"type":"Feature","properties":{"id":"china-osm-rail-station-8378245803","name":"大刘庄","station_type":"railway_station","source_region":"henan","source_osm_id":"8378245803"},"geometry":{"type":"Point","coordinates":[114.0372786,33.0495772]}},{"type":"Feature","properties":{"id":"china-osm-rail-station-7567152596","name":"遂平","station_type":"railway_station","source_region":"henan","source_osm_id":"7567152596"},"geometry":{"type":"Point","coordinates":[114.0301037,33.1459687]}},{"type":"Feature","properties":{"id":"china-osm-rail-station-8378245802","name":"焦庄","station_type":"railway_station","source_region":"henan","source_osm_id":"8378245802"},"geometry":{"type":"Point","coordinates":[114.0369219,33.2417654]}},{"type":"Feature","properties":{"id":"china-osm-rail-station-2504111817","name":"西平","station_type":"railway_station","source_region":"henan","source_osm_id":"2504111817"},"geometry":{"type":"Point","coordinates":[114.0334395,33.379065]}},{"type":"Feature","properties":{"id":"china-osm-rail-station-8158566856","name":"漯河南","station_type":"railway_station","source_region":"henan","source_osm_id":"8158566856"},"geometry":{"type":"Point","coordinates":[114.0093255,33.5428847]}},{"type":"Feature","properties":{"id":"china-osm-rail-station-8041771716","name":"漯河东","station_type":"railway_station","source_region":"henan","source_osm_id":"8041771716"},"geometry":{"type":"Point","coordinates":[114.0632888,33.5456312]}},{"type":"Feature","properties":{"id":"china-osm-rail-station-12885408376","name":"西皋","station_type":"railway_station","source_region":"henan","source_osm_id":"12885408376"},"geometry":{"type":"Point","coordinates":[114.1425536,33.5557709]}},{"type":"Feature","properties":{"id":"china-osm-rail-station-2504111813","name":"漯河","station_type":"railway_station","source_region":"henan","source_osm_id":"2504111813"},"geometry":{"type":"Point","coordinates":[114.037324,33.572327]}},{"type":"Feature","properties":{"id":"china-osm-rail-station-8401357510","name":"漯河西","station_type":"railway_station","source_region":"henan","source_osm_id":"8401357510"},"geometry":{"type":"Point","coordinates":[113.9575982,33.5743677]}},{"type":"Feature","properties":{"id":"china-osm-rail-station-11903900434","name":"淮阳南","station_type":"railway_station","source_region":"henan","source_osm_id":"11903900434"},"geometry":{"type":"Point","coordinates":[114.8962154,33.5048399]}},{"type":"Feature","properties":{"id":"china-osm-rail-station-8491509462","name":"商水","station_type":"railway_station","source_region":"henan","source_osm_id":"8491509462"},"geometry":{"type":"Point","coordinates":[114.5666663,33.5733641]}},{"type":"Feature","properties":{"id":"china-osm-rail-station-9023014147","name":"周口","station_type":"railway_station","source_region":"henan","source_osm_id":"9023014147"},"geometry":{"type":"Point","coordinates":[114.6597877,33.5789075]}},{"type":"Feature","properties":{"id":"china-osm-rail-station-12147944156","name":"周口西","station_type":"railway_station","source_region":"henan","source_osm_id":"12147944156"},"geometry":{"type":"Point","coordinates":[114.4834444,33.6232946]}},{"type":"Feature","properties":{"id":"china-osm-rail-station-9350376210","name":"周口东","station_type":"railway_station","source_region":"henan","source_osm_id":"9350376210"},"geometry":{"type":"Point","coordinates":[114.7407189,33.6468018]}},{"type":"Feature","properties":{"id":"china-osm-rail-station-8465329837","name":"西华","station_type":"railway_station","source_region":"henan","source_osm_id":"8465329837"},"geometry":{"type":"Point","coordinates":[114.6045794,33.7951774]}},{"type":"Feature","properties":{"id":"china-osm-rail-station-9226690983","name":"新桥矿","station_type":"railway_station","source_region":"henan","source_osm_id":"9226690983"},"geometry":{"type":"Point","coordinates":[116.2784325,33.8583712]}},{"type":"Feature","properties":{"id":"china-osm-rail-station-9226690982","name":"集配","station_type":"railway_station","source_region":"henan","source_osm_id":"9226690982"},"geometry":{"type":"Point","coordinates":[116.4143363,33.8964339]}},{"type":"Feature","properties":{"id":"china-osm-rail-station-9226690969","name":"新庄矿","station_type":"railway_station","source_region":"henan","source_osm_id":"9226690969"},"geometry":{"type":"Point","coordinates":[116.6211039,33.9236422]}},{"type":"Feature","properties":{"id":"china-osm-rail-station-9226690971","name":"车集","station_type":"railway_station","source_region":"henan","source_osm_id":"9226690971"},"geometry":{"type":"Point","coordinates":[116.4896643,33.9288181]}},{"type":"Feature","properties":{"id":"china-osm-rail-station-8158566854","name":"大刘","station_type":"railway_station","source_region":"henan","source_osm_id":"8158566854"},"geometry":{"type":"Point","coordinates":[113.9091479,33.5110064]}},{"type":"Feature","properties":{"id":"china-osm-rail-station-10120263952","name":"裴城","station_type":"railway_station","source_region":"henan","source_osm_id":"10120263952"},"geometry":{"type":"Point","coordinates":[113.794992,33.6948685]}},{"type":"Feature","properties":{"id":"china-osm-rail-station-10120263953","name":"临颍","station_type":"railway_station","source_region":"henan","source_osm_id":"10120263953"},"geometry":{"type":"Point","coordinates":[113.914648,33.8082207]}},{"type":"Feature","properties":{"id":"china-osm-rail-station-8013004348","name":"许昌","station_type":"railway_station","source_region":"henan","source_osm_id":"8013004348"},"geometry":{"type":"Point","coordinates":[113.8142676,34.0218471]}},{"type":"Feature","properties":{"id":"china-osm-rail-station-11533032445","name":"许昌东站","station_type":"railway_station","source_region":"henan","source_osm_id":"11533032445"},"geometry":{"type":"Point","coordinates":[113.8797079,34.0495765]}},{"type":"Feature","properties":{"id":"china-osm-rail-station-8093975737","name":"许昌东","station_type":"railway_station","source_region":"henan","source_osm_id":"8093975737"},"geometry":{"type":"Point","coordinates":[113.8820189,34.0500015]}},{"type":"Feature","properties":{"id":"china-osm-rail-station-11533032438","name":"鹿鸣湖","station_type":"railway_station","source_region":"henan","source_osm_id":"11533032438"},"geometry":{"type":"Point","coordinates":[113.8716537,34.0677133]}},{"type":"Feature","properties":{"id":"china-osm-rail-station-11533032437","name":"芙蓉湖","station_type":"railway_station","source_region":"henan","source_osm_id":"11533032437"},"geometry":{"type":"Point","coordinates":[113.8567938,34.0897193]}},{"type":"Feature","properties":{"id":"china-osm-rail-station-11533032431","name":"电气谷","station_type":"railway_station","source_region":"henan","source_osm_id":"11533032431"},"geometry":{"type":"Point","coordinates":[113.8454745,34.1088198]}}]}