{"type":"FeatureCollection","features":[{"type":"Feature","properties":{"id":"india-osm-road-100227043","name":"Vashi Flyover"},"geometry":{"type":"Point","coordinates":[72.99707240000001,19.0687194]}},{"type":"Feature","properties":{"id":"india-osm-road-1003350154","name":"Purvanchal Expressway"},"geometry":{"type":"Point","coordinates":[81.51728779999999,26.575178299999997]}},{"type":"Feature","properties":{"id":"india-osm-road-100774475","name":"Allahabad Bypass Expressway"},"geometry":{"type":"Point","coordinates":[81.53521334999999,25.57994815]}},{"type":"Feature","properties":{"id":"india-osm-road-1009679872","name":"Samruddhi Mahamarg"},"geometry":{"type":"Point","coordinates":[76.56523440000001,20.188404]}},{"type":"Feature","properties":{"id":"india-osm-road-1009720985","name":"motorway"},"geometry":{"type":"Point","coordinates":[74.05884499999999,19.793052850000002]}},{"type":"Feature","properties":{"id":"india-osm-road-1012897483","name":"Gorakhpur Link Expressway"},"geometry":{"type":"Point","coordinates":[83.0718997,26.407466499999998]}},{"type":"Feature","properties":{"id":"india-osm-road-1013473990","name":"AIIMS- Digha elevated road"},"geometry":{"type":"Point","coordinates":[85.08082354999999,25.649697699999997]}},{"type":"Feature","properties":{"id":"india-osm-road-101835456","name":"NICE Expressway"},"geometry":{"type":"Point","coordinates":[77.49437900000001,12.8783744]}},{"type":"Feature","properties":{"id":"india-osm-road-1024060077","name":"Delhi-Meerut Expressway"},"geometry":{"type":"Point","coordinates":[77.44880864999999,28.6347009]}},{"type":"Feature","properties":{"id":"india-osm-road-1027288885","name":"NH19"},"geometry":{"type":"Point","coordinates":[88.3091647,22.6582335]}},{"type":"Feature","properties":{"id":"india-osm-road-1027299164","name":"Belghoria Expressway"},"geometry":{"type":"Point","coordinates":[88.3703284,22.654249]}},{"type":"Feature","properties":{"id":"india-osm-road-1029944967","name":"NH12"},"geometry":{"type":"Point","coordinates":[88.3151757,22.657447599999998]}},{"type":"Feature","properties":{"id":"india-osm-road-1030300709","name":"Maa Flyover"},"geometry":{"type":"Point","coordinates":[88.4005048,22.54834605]}},{"type":"Feature","properties":{"id":"india-osm-road-1032557384","name":"Gachibowl Circle"},"geometry":{"type":"Point","coordinates":[78.36364800000001,17.43854315]}},{"type":"Feature","properties":{"id":"india-osm-road-103269863","name":"Electronic City Flyover"},"geometry":{"type":"Point","coordinates":[77.649115,12.87732635]}},{"type":"Feature","properties":{"id":"india-osm-road-1034368102","name":"Outer Ring Road"},"geometry":{"type":"Point","coordinates":[78.36365455,17.4383507]}},{"type":"Feature","properties":{"id":"india-osm-road-1049221148","name":"Bengaluru-Mysuru Expressway"},"geometry":{"type":"Point","coordinates":[77.0405749,12.587091950000001]}},{"type":"Feature","properties":{"id":"india-osm-road-1057236580","name":"Delhi-Gurugram Expressway"},"geometry":{"type":"Point","coordinates":[77.13401205,28.5669268]}},{"type":"Feature","properties":{"id":"india-osm-road-105870847","name":"Sion-Panvel Highway"},"geometry":{"type":"Point","coordinates":[73.10158595,19.02150725]}},{"type":"Feature","properties":{"id":"india-osm-road-1064506724","name":"Turbhe Railway Flyover"},"geometry":{"type":"Point","coordinates":[73.01871324999999,19.0654836]}},{"type":"Feature","properties":{"id":"india-osm-road-1066299587","name":"Delhi - Vadodara Expressway"},"geometry":{"type":"Point","coordinates":[77.1295923,28.206654]}},{"type":"Feature","properties":{"id":"india-osm-road-1066370183","name":"Delhi Eastern Peripheral Expressway"},"geometry":{"type":"Point","coordinates":[77.46624564999999,28.752985000000002]}},{"type":"Feature","properties":{"id":"india-osm-road-1068465742","name":"Delhi Western Peripheral Expressway"},"geometry":{"type":"Point","coordinates":[76.8926866,28.319625950000002]}},{"type":"Feature","properties":{"id":"india-osm-road-1073019759","name":"DND KMP Expressway"},"geometry":{"type":"Point","coordinates":[77.31094985,28.302047950000002]}},{"type":"Feature","properties":{"id":"india-osm-road-1074530899","name":"Mumbai - Pune Expressway"},"geometry":{"type":"Point","coordinates":[73.4090001,18.76703195]}},{"type":"Feature","properties":{"id":"india-osm-road-1075569410","name":"NICE Road"},"geometry":{"type":"Point","coordinates":[77.472883,12.992106249999999]}},{"type":"Feature","properties":{"id":"india-osm-road-1078682564","name":"Mumbai Coastal Road"},"geometry":{"type":"Point","coordinates":[72.81180646904978,18.954388729191933]}},{"type":"Feature","properties":{"id":"india-osm-road-1080441587","name":"Yamuna Expressway"},"geometry":{"type":"Point","coordinates":[77.99401235,27.3053134]}},{"type":"Feature","properties":{"id":"india-osm-road-1080455019","name":"Agra - Lucknow Expressway"},"geometry":{"type":"Point","coordinates":[78.16319204999999,27.126772]}},{"type":"Feature","properties":{"id":"india-osm-road-1080491542","name":"Nerul Flyover"},"geometry":{"type":"Point","coordinates":[73.0220128,19.050004549999997]}},{"type":"Feature","properties":{"id":"india-osm-road-1083797951","name":"Bundelkhand Expressway बुंदेलखंड एक्सप्रेसवे"},"geometry":{"type":"Point","coordinates":[79.2762954,26.098975799999998]}},{"type":"Feature","properties":{"id":"india-osm-road-1089338037","name":"Delhi - Amritsar - Katra Expressway"},"geometry":{"type":"Point","coordinates":[76.2825914,29.692008]}},{"type":"Feature","properties":{"id":"india-osm-road-1091996600","name":"Delhi-Dehradun Expressway"},"geometry":{"type":"Point","coordinates":[77.9609936,30.238867399999997]}},{"type":"Feature","properties":{"id":"india-osm-road-1095060671","name":"Trans Haryana Expressway"},"geometry":{"type":"Point","coordinates":[76.37670209999999,28.96558555]}},{"type":"Feature","properties":{"id":"india-osm-road-1096746331","name":"Grand Trunk Road"},"geometry":{"type":"Point","coordinates":[76.96980485,29.42932655]}},{"type":"Feature","properties":{"id":"india-osm-road-1097006099","name":"EC7 Bilaspur Ranchi"},"geometry":{"type":"Point","coordinates":[82.45031465,22.131546049999997]}},{"type":"Feature","properties":{"id":"india-osm-road-1108986783","name":"Bangalore - Nelamangala Expressway"},"geometry":{"type":"Point","coordinates":[77.47145805,13.05747715]}},{"type":"Feature","properties":{"id":"india-osm-road-1115640745","name":"Bengaluru - Chennai Expressway"},"geometry":{"type":"Point","coordinates":[78.1061736,13.0367321]}},{"type":"Feature","properties":{"id":"india-osm-road-1118815198","name":"Mumbai Agra Highway Elevated Corridor"},"geometry":{"type":"Point","coordinates":[73.82035295,20.0147332]}},{"type":"Feature","properties":{"id":"india-osm-road-1121507643","name":"Mumbai - Nagpur Expressway"},"geometry":{"type":"Point","coordinates":[78.94330305,20.9782653]}},{"type":"Feature","properties":{"id":"india-osm-road-1122603569","name":"Sahar Elevated Road"},"geometry":{"type":"Point","coordinates":[72.8723023,19.103114849999997]}},{"type":"Feature","properties":{"id":"india-osm-road-1147829450","name":"Acharya Jagadish Chandra Bose Road"},"geometry":{"type":"Point","coordinates":[88.3402986,22.54079005]}},{"type":"Feature","properties":{"id":"india-osm-road-1154058078","name":"Mumbai - Vadodara Expressway"},"geometry":{"type":"Point","coordinates":[73.11428305,22.2428641]}},{"type":"Feature","properties":{"id":"india-osm-road-1154266809","name":"NH275;EC34"},"geometry":{"type":"Point","coordinates":[77.373073,12.78601065]}},{"type":"Feature","properties":{"id":"india-osm-road-1161090962","name":"Goraguntepalya Flyover"},"geometry":{"type":"Point","coordinates":[77.53398445,13.0322084]}},{"type":"Feature","properties":{"id":"india-osm-road-1163884663","name":"Kumbalagodu Flyover"},"geometry":{"type":"Point","coordinates":[77.46368495,12.898743249999999]}},{"type":"Feature","properties":{"id":"india-osm-road-1163884667","name":"Bengaluru-Mysuru Flyover"},"geometry":{"type":"Point","coordinates":[77.45201660000001,12.88589005]}},{"type":"Feature","properties":{"id":"india-osm-road-118249579","name":"Belghoria Expressway Underpass"},"geometry":{"type":"Point","coordinates":[88.36691719999999,22.6541287]}},{"type":"Feature","properties":{"id":"india-osm-road-118249587","name":"Belghoria Expressway Flyover"},"geometry":{"type":"Point","coordinates":[88.36267385,22.65289765]}},{"type":"Feature","properties":{"id":"india-osm-road-118249603","name":"NH12;NH19"},"geometry":{"type":"Point","coordinates":[88.30925690000001,22.6580725]}},{"type":"Feature","properties":{"id":"india-osm-road-1183845907","name":"DND Flyway"},"geometry":{"type":"Point","coordinates":[77.30348190000001,28.5765773]}},{"type":"Feature","properties":{"id":"india-osm-road-1187534974","name":"Lucknow Outer Ring Road"},"geometry":{"type":"Point","coordinates":[80.9493185,26.725373400000002]}},{"type":"Feature","properties":{"id":"india-osm-road-1200159470","name":"Bangalore-Mysore Road"},"geometry":{"type":"Point","coordinates":[76.66109385,12.350643300000002]}},{"type":"Feature","properties":{"id":"india-osm-road-1201412916","name":"Mahipalpur Flyover"},"geometry":{"type":"Point","coordinates":[77.11722315,28.540772750000002]}},{"type":"Feature","properties":{"id":"india-osm-road-1201625672","name":"Kalina-Vakola Flyover"},"geometry":{"type":"Point","coordinates":[72.8465214,19.08200085]}},{"type":"Feature","properties":{"id":"india-osm-road-1203837181","name":"P.V. Narasimha Rao Flyover"},"geometry":{"type":"Point","coordinates":[78.41674599999999,17.34883875]}},{"type":"Feature","properties":{"id":"india-osm-road-1206596732","name":"JP Ganga Path"},"geometry":{"type":"Point","coordinates":[85.1407856,25.62379755]}},{"type":"Feature","properties":{"id":"india-osm-road-1206596795","name":"Marine Drive"},"geometry":{"type":"Point","coordinates":[85.10257605000001,25.6469652]}},{"type":"Feature","properties":{"id":"india-osm-road-1213171339","name":"PJR Flyover"},"geometry":{"type":"Point","coordinates":[78.3618806,17.435835750000003]}},{"type":"Feature","properties":{"id":"india-osm-road-1217778761","name":"Satellite Town Ring Road"},"geometry":{"type":"Point","coordinates":[77.8221428,13.0885618]}},{"type":"Feature","properties":{"id":"india-osm-road-1222455845","name":"Western Express Highway"},"geometry":{"type":"Point","coordinates":[72.85401105,19.1048574]}},{"type":"Feature","properties":{"id":"india-osm-road-122277837","name":"Eastern Freeway"},"geometry":{"type":"Point","coordinates":[72.91264995,19.0576122]}},{"type":"Feature","properties":{"id":"india-osm-road-122277858","name":"Mankhurd Flyover"},"geometry":{"type":"Point","coordinates":[72.9370534,19.05122935]}},{"type":"Feature","properties":{"id":"india-osm-road-1229609256","name":"Kalyani Expressway"},"geometry":{"type":"Point","coordinates":[88.39041055,22.753935900000002]}},{"type":"Feature","properties":{"id":"india-osm-road-1231873989","name":"Bengaluru - Chennai Expressway NE 7"},"geometry":{"type":"Point","coordinates":[79.16205547768679,13.093416229098361]}},{"type":"Feature","properties":{"id":"india-osm-road-1235442603","name":"Bandra Worli Sea Link Flyover"},"geometry":{"type":"Point","coordinates":[72.8403675,19.0506231]}},{"type":"Feature","properties":{"id":"india-osm-road-1235442605","name":"Kalanagar Flyover"},"geometry":{"type":"Point","coordinates":[72.8466645,19.0634409]}},{"type":"Feature","properties":{"id":"india-osm-road-1235442608","name":"Airport Flyover"},"geometry":{"type":"Point","coordinates":[72.8540333,19.099118949999998]}},{"type":"Feature","properties":{"id":"india-osm-road-1235442609","name":"Andheri Flyover"},"geometry":{"type":"Point","coordinates":[72.85368410000001,19.106220200000003]}},{"type":"Feature","properties":{"id":"india-osm-road-123613117","name":"Gramdaivat Shree Bapdev Maharaj Flyover Ramp"},"geometry":{"type":"Point","coordinates":[73.72975835,18.66118265]}},{"type":"Feature","properties":{"id":"india-osm-road-1243388118","name":"NH16"},"geometry":{"type":"Point","coordinates":[88.30890339999999,22.6536913]}},{"type":"Feature","properties":{"id":"india-osm-road-1245310795","name":"Amritsar–Jamnagar Expressway"},"geometry":{"type":"Point","coordinates":[71.94698532896207,25.061927515871247]}},{"type":"Feature","properties":{"id":"india-osm-road-1247791286","name":"Jaipur - Bandikui Expressway"},"geometry":{"type":"Point","coordinates":[76.17447354999999,26.965285]}},{"type":"Feature","properties":{"id":"india-osm-road-1252913581","name":"Ashram Flyover"},"geometry":{"type":"Point","coordinates":[77.263465,28.575878250000002]}},{"type":"Feature","properties":{"id":"india-osm-road-1253124561","name":"Delhi-Noida Direct Flyway"},"geometry":{"type":"Point","coordinates":[77.26925285,28.58024605]}},{"type":"Feature","properties":{"id":"india-osm-road-1262140533","name":"Mumbai Coastal Road - Phase I"},"geometry":{"type":"Point","coordinates":[72.8230778,18.94377845]}},{"type":"Feature","properties":{"id":"india-osm-road-1282308420","name":"Ganga Expressway"},"geometry":{"type":"Point","coordinates":[77.77766584429506,28.842833367628465]}},{"type":"Feature","properties":{"id":"india-osm-road-1285932223","name":"Grand Trunk Road Flyover"},"geometry":{"type":"Point","coordinates":[76.9968308,29.671301749999998]}},{"type":"Feature","properties":{"id":"india-osm-road-1286236090","name":"Atal Setu"},"geometry":{"type":"Point","coordinates":[73.02967645,18.938926549999998]}},{"type":"Feature","properties":{"id":"india-osm-road-1287316709","name":"Kalyani-Barrackpur expressway"},"geometry":{"type":"Point","coordinates":[88.42788025,22.963212249999998]}},{"type":"Feature","properties":{"id":"india-osm-road-1287350142","name":"Agra Ring Road"},"geometry":{"type":"Point","coordinates":[78.12178804999999,27.218190200000002]}},{"type":"Feature","properties":{"id":"india-osm-road-1289413391","name":"Ahmadabad Vadodara Expressway"},"geometry":{"type":"Point","coordinates":[72.64526275,22.9786519]}},{"type":"Feature","properties":{"id":"india-osm-road-1290831749","name":"AIIMS - DIGHA Service road"},"geometry":{"type":"Point","coordinates":[85.076888,25.64097605]}},{"type":"Feature","properties":{"id":"india-osm-road-1293005797","name":"148NA"},"geometry":{"type":"Point","coordinates":[77.2130887,28.234243749999997]}},{"type":"Feature","properties":{"id":"india-osm-road-130710860","name":"Kamshet-1 Tunnel"},"geometry":{"type":"Point","coordinates":[73.53652875,18.73204165]}},{"type":"Feature","properties":{"id":"india-osm-road-1307905124","name":"Chennai To Bangalore Expressway NE 7"},"geometry":{"type":"Point","coordinates":[79.16706354166408,13.09513749559319]}},{"type":"Feature","properties":{"id":"india-osm-road-1307913327","name":"Toll Exit Road"},"geometry":{"type":"Point","coordinates":[79.11608269999999,13.12135565]}},{"type":"Feature","properties":{"id":"india-osm-road-1307913328","name":"NE 7 Bangalore , Chennai (Ramapuram Toll Plaza Entry Road)"},"geometry":{"type":"Point","coordinates":[79.11706079999999,13.120222349999999]}},{"type":"Feature","properties":{"id":"india-osm-road-1320131825","name":"Ahmedabad–Dholera Expressway"},"geometry":{"type":"Point","coordinates":[72.45188521771988,22.89708279058228]}},{"type":"Feature","properties":{"id":"india-osm-road-1338106707","name":"NE5"},"geometry":{"type":"Point","coordinates":[76.88110205000001,28.7958]}},{"type":"Feature","properties":{"id":"india-osm-road-1338326983","name":"NH754K"},"geometry":{"type":"Point","coordinates":[71.64678785,24.3803166]}},{"type":"Feature","properties":{"id":"india-osm-road-1349049276","name":"Maharashtra Samruddhi Mahamarg"},"geometry":{"type":"Point","coordinates":[73.7414827,19.7120886]}},{"type":"Feature","properties":{"id":"india-osm-road-1353425189","name":"Mysore Road"},"geometry":{"type":"Point","coordinates":[77.470664,12.90443685]}},{"type":"Feature","properties":{"id":"india-osm-road-1354579849","name":"NH752D"},"geometry":{"type":"Point","coordinates":[75.79589805,23.2280595]}},{"type":"Feature","properties":{"id":"india-osm-road-1392812357","name":"Kharghar Flyover"},"geometry":{"type":"Point","coordinates":[73.06602095,19.03215315]}},{"type":"Feature","properties":{"id":"india-osm-road-1393497766","name":"Samruddhi Mahamarg Mumbai - Nagpur Expressway"},"geometry":{"type":"Point","coordinates":[73.29231,19.33581865]}},{"type":"Feature","properties":{"id":"india-osm-road-1393642035","name":"Uran Phata Flyover"},"geometry":{"type":"Point","coordinates":[73.0291063,19.03756715]}},{"type":"Feature","properties":{"id":"india-osm-road-1410317175","name":"Lane 1 - Oversided Vehicles and Cash Lane"},"geometry":{"type":"Point","coordinates":[77.91795275,13.04454535]}},{"type":"Feature","properties":{"id":"india-osm-road-1417200858","name":"Facia -Aesthetic Clinic"},"geometry":{"type":"Point","coordinates":[74.82158935,34.026182399999996]}},{"type":"Feature","properties":{"id":"india-osm-road-1436149726","name":"Ognaj Ringroad Underpass"},"geometry":{"type":"Point","coordinates":[72.50798560000001,23.12102515]}},{"type":"Feature","properties":{"id":"india-osm-road-1455694043","name":"Kanpur-Lucknow Expressway"},"geometry":{"type":"Point","coordinates":[80.79508565,26.64992265]}},{"type":"Feature","properties":{"id":"india-osm-road-1464135878","name":"Mumbai - Pune Expressway Missing Link"},"geometry":{"type":"Point","coordinates":[73.32672865,18.77250115]}},{"type":"Feature","properties":{"id":"india-osm-road-1466283407","name":"Agra Mumbai Road Flyover"},"geometry":{"type":"Point","coordinates":[73.84535145,20.02675]}},{"type":"Feature","properties":{"id":"india-osm-road-149003178","name":"Khandala Tunnel"},"geometry":{"type":"Point","coordinates":[73.3660352,18.77081445]}},{"type":"Feature","properties":{"id":"india-osm-road-1514007497","name":"NE 7 Expressway Towards Bangalore Entry Road (KNCSY)"},"geometry":{"type":"Point","coordinates":[79.11332164999999,13.116560400000001]}},{"type":"Feature","properties":{"id":"india-osm-road-1514009938","name":"NE 7 Expresssway Ramapuram toll Plaza entry road"},"geometry":{"type":"Point","coordinates":[79.1188106304859,13.12516900677738]}},{"type":"Feature","properties":{"id":"india-osm-road-1514020626","name":"NE 7 Bangalore - Chennai Exit Toll Road Towards Vellore / Chennai"},"geometry":{"type":"Point","coordinates":[79.11838295000001,13.12484525]}},{"type":"Feature","properties":{"id":"india-osm-road-152203340","name":"Rajiv Gandhi Sea Link"},"geometry":{"type":"Point","coordinates":[72.81666175,19.0125886]}},{"type":"Feature","properties":{"id":"india-osm-road-1524007878","name":"Towards Chittoor/Thirupathi/ Madanapalle"},"geometry":{"type":"Point","coordinates":[79.1175742,13.12494705]}},{"type":"Feature","properties":{"id":"india-osm-road-187926798","name":"Delhi Peripheral Expressway"},"geometry":{"type":"Point","coordinates":[77.10487675,28.91674005]}},{"type":"Feature","properties":{"id":"india-osm-road-211134898","name":"Kamshet-2 Tunnel"},"geometry":{"type":"Point","coordinates":[73.54830725,18.72345105]}},{"type":"Feature","properties":{"id":"india-osm-road-238689289","name":"Acharya Jagadish Chandra Bose Flyover"},"geometry":{"type":"Point","coordinates":[88.3414581,22.54105855]}},{"type":"Feature","properties":{"id":"india-osm-road-261526588","name":"Sahar Road Underpass"},"geometry":{"type":"Point","coordinates":[72.8560096,19.10187325]}},{"type":"Feature","properties":{"id":"india-osm-road-33764526","name":"Kopra Flyover"},"geometry":{"type":"Point","coordinates":[73.0724887,19.03653755]}},{"type":"Feature","properties":{"id":"india-osm-road-361289555","name":"Kalamboli Flyover"},"geometry":{"type":"Point","coordinates":[73.1000992,19.022400949999998]}},{"type":"Feature","properties":{"id":"india-osm-road-361289558","name":"Kamothe Flyover"},"geometry":{"type":"Point","coordinates":[73.0940633,19.026683300000002]}},{"type":"Feature","properties":{"id":"india-osm-road-385676606","name":"Sanpada Flyover"},"geometry":{"type":"Point","coordinates":[73.00567004999999,19.0680609]}},{"type":"Feature","properties":{"id":"india-osm-road-395885011","name":"DND Noida Flyover"},"geometry":{"type":"Point","coordinates":[77.30941025,28.57252305]}},{"type":"Feature","properties":{"id":"india-osm-road-42678309","name":"Bhatan Tunnel"},"geometry":{"type":"Point","coordinates":[73.17452905,18.9176299]}},{"type":"Feature","properties":{"id":"india-osm-road-42680772","name":"Adoshi Tunnel"},"geometry":{"type":"Point","coordinates":[73.3465372,18.76449685]}},{"type":"Feature","properties":{"id":"india-osm-road-46417979","name":"Western Freeway"},"geometry":{"type":"Point","coordinates":[72.8320595,19.048223999999998]}},{"type":"Feature","properties":{"id":"india-osm-road-493270713","name":"Acharya Jagadish Chandra Bose Flyover Ramp"},"geometry":{"type":"Point","coordinates":[88.36620031073296,22.543163612716107]}},{"type":"Feature","properties":{"id":"india-osm-road-505077246","name":"Hindon Elevated Road"},"geometry":{"type":"Point","coordinates":[77.33606555,28.632689550000002]}},{"type":"Feature","properties":{"id":"india-osm-road-656417182","name":"Sion-Panvel Highway, nerul"},"geometry":{"type":"Point","coordinates":[73.02782095,19.04139545]}},{"type":"Feature","properties":{"id":"india-osm-road-656417186","name":"Belapur Flyover"},"geometry":{"type":"Point","coordinates":[73.03802694999999,19.02578955]}},{"type":"Feature","properties":{"id":"india-osm-road-656427510","name":"Sion-Panvel Highway Flyover"},"geometry":{"type":"Point","coordinates":[73.088293,19.0306375]}},{"type":"Feature","properties":{"id":"india-osm-road-67048018","name":"Madap Tunnel"},"geometry":{"type":"Point","coordinates":[73.23609264999999,18.84389515]}},{"type":"Feature","properties":{"id":"india-osm-road-804681370","name":"NH731A"},"geometry":{"type":"Point","coordinates":[80.9182531,25.2159181]}},{"type":"Feature","properties":{"id":"india-osm-road-83276671","name":"Konkan Belapur Flyover"},"geometry":{"type":"Point","coordinates":[73.04097375,19.024216000000003]}},{"type":"Feature","properties":{"id":"india-osm-road-844375557","name":"Bundelkhand Expressway"},"geometry":{"type":"Point","coordinates":[79.6019996,25.69206135]}},{"type":"Feature","properties":{"id":"india-osm-road-909382855","name":"BKC Flyover"},"geometry":{"type":"Point","coordinates":[72.84764960000001,19.05369965]}},{"type":"Feature","properties":{"id":"india-osm-road-953991962","name":"Delhi–Mumbai Expressway दिल्ली-मुंबई एक्सप्रेसवे"},"geometry":{"type":"Point","coordinates":[76.622634,27.04860035]}},{"type":"Feature","properties":{"id":"india-osm-road-960010719","name":"BKC - Sealink Road"},"geometry":{"type":"Point","coordinates":[72.84315029999999,19.0520429]}},{"type":"Feature","properties":{"id":"india-osm-road-1000043449","name":"NH31"},"geometry":{"type":"Point","coordinates":[80.6670161,26.351774849999998]}},{"type":"Feature","properties":{"id":"india-osm-road-1000122354","name":"Ludhiana-Chandigarh Highway"},"geometry":{"type":"Point","coordinates":[76.44539725000001,30.786329199999997]}},{"type":"Feature","properties":{"id":"india-osm-road-1000122377","name":"trunk"},"geometry":{"type":"Point","coordinates":[76.48885445,30.780937]}},{"type":"Feature","properties":{"id":"india-osm-road-100019095","name":"Anantapur - Krishnagiri Road"},"geometry":{"type":"Point","coordinates":[78.17972775996184,13.99989083027067]}},{"type":"Feature","properties":{"id":"india-osm-road-1000244894","name":"NH30"},"geometry":{"type":"Point","coordinates":[81.0893775,26.4949266]}},{"type":"Feature","properties":{"id":"india-osm-road-1000312209","name":"NH544H"},"geometry":{"type":"Point","coordinates":[77.81718025,11.797470749999999]}},{"type":"Feature","properties":{"id":"india-osm-road-100033284","name":"NH33"},"geometry":{"type":"Point","coordinates":[85.89880824915178,25.36591123492955]}},{"type":"Feature","properties":{"id":"india-osm-road-1000355480","name":"NH56"},"geometry":{"type":"Point","coordinates":[74.24917345,23.229127650000002]}},{"type":"Feature","properties":{"id":"india-osm-road-1000403529","name":"Trichy - Chidambaram Road"},"geometry":{"type":"Point","coordinates":[79.40448760000001,11.209230699999999]}},{"type":"Feature","properties":{"id":"india-osm-road-1000403530","name":"Jayankondam Bypass"},"geometry":{"type":"Point","coordinates":[79.35084269999999,11.19607735]}},{"type":"Feature","properties":{"id":"india-osm-road-1000403534","name":"NH536"},"geometry":{"type":"Point","coordinates":[78.88266064142144,9.816477395870097]}},{"type":"Feature","properties":{"id":"india-osm-road-1000416079","name":"NH36"},"geometry":{"type":"Point","coordinates":[79.4551618,11.1144186]}},{"type":"Feature","properties":{"id":"india-osm-road-1000416081","name":"Anaikkarai Bypass Saalai"},"geometry":{"type":"Point","coordinates":[79.44873035,11.129038]}},{"type":"Feature","properties":{"id":"india-osm-road-1000417625","name":"Perambalur Bypass"},"geometry":{"type":"Point","coordinates":[78.89289830000001,11.27471145]}},{"type":"Feature","properties":{"id":"india-osm-road-1000424543","name":"NH527D"},"geometry":{"type":"Point","coordinates":[84.77397260000001,26.8405537]}},{"type":"Feature","properties":{"id":"india-osm-road-1000428372","name":"NH727A"},"geometry":{"type":"Point","coordinates":[83.72056119999999,26.5696898]}},{"type":"Feature","properties":{"id":"india-osm-road-1000429076","name":"Gorakhpur Bypass"},"geometry":{"type":"Point","coordinates":[83.2658167,26.766071150000002]}},{"type":"Feature","properties":{"id":"india-osm-road-1000433264","name":"NH24"},"geometry":{"type":"Point","coordinates":[83.41657705,26.5544825]}},{"type":"Feature","properties":{"id":"india-osm-road-1000496107","name":"NH27"},"geometry":{"type":"Point","coordinates":[84.9333066,26.54840875]}},{"type":"Feature","properties":{"id":"india-osm-road-1000569412","name":"Perambalur - Athur Road"},"geometry":{"type":"Point","coordinates":[78.82801605,11.2980207]}},{"type":"Feature","properties":{"id":"india-osm-road-1000593326","name":"NH43"},"geometry":{"type":"Point","coordinates":[85.63746535,23.0855739]}},{"type":"Feature","properties":{"id":"india-osm-road-1000602563","name":"NH136"},"geometry":{"type":"Point","coordinates":[79.08480069999999,11.1283417]}},{"type":"Feature","properties":{"id":"india-osm-road-1000604836","name":"NH143AG"},"geometry":{"type":"Point","coordinates":[85.65689280000001,23.06430625]}},{"type":"Feature","properties":{"id":"india-osm-road-1000655438","name":"NH49"},"geometry":{"type":"Point","coordinates":[87.3344086,22.36771765]}},{"type":"Feature","properties":{"id":"india-osm-road-1000702016","name":"NH531"},"geometry":{"type":"Point","coordinates":[84.58103655,25.9190424]}},{"type":"Feature","properties":{"id":"india-osm-road-100070233","name":"NH167"},"geometry":{"type":"Point","coordinates":[77.50895194187478,16.504130913147655]}},{"type":"Feature","properties":{"id":"india-osm-road-1000709037","name":"NH52"},"geometry":{"type":"Point","coordinates":[76.06372205,18.1448648]}},{"type":"Feature","properties":{"id":"india-osm-road-1000756004","name":"NH139W"},"geometry":{"type":"Point","coordinates":[84.6569052,26.53419445]}},{"type":"Feature","properties":{"id":"india-osm-road-1000796976","name":"NH128B"},"geometry":{"type":"Point","coordinates":[83.19222085000001,26.04452245]}},{"type":"Feature","properties":{"id":"india-osm-road-1000892430","name":"NH5"},"geometry":{"type":"Point","coordinates":[76.60794895000001,30.76095215]}},{"type":"Feature","properties":{"id":"india-osm-road-1001025803","name":"NH109"},"geometry":{"type":"Point","coordinates":[79.51866455,29.10343515]}},{"type":"Feature","properties":{"id":"india-osm-road-1001176874","name":"NH83"},"geometry":{"type":"Point","coordinates":[77.32123965,10.58948515]}},{"type":"Feature","properties":{"id":"india-osm-road-1001176879","name":"NH 83 u/c"},"geometry":{"type":"Point","coordinates":[77.05641969999999,10.67014165]}},{"type":"Feature","properties":{"id":"india-osm-road-1001176880","name":"Pollachi-Udumalpet Road"},"geometry":{"type":"Point","coordinates":[77.1249503,10.62495415]}},{"type":"Feature","properties":{"id":"india-osm-road-100132972","name":"NH1"},"geometry":{"type":"Point","coordinates":[74.81595275000001,34.09439885]}},{"type":"Feature","properties":{"id":"india-osm-road-100135367","name":"NH701"},"geometry":{"type":"Point","coordinates":[74.3424658,34.207395000000005]}},{"type":"Feature","properties":{"id":"india-osm-road-100145451","name":"NH244"},"geometry":{"type":"Point","coordinates":[75.1305448,33.741203049999996]}},{"type":"Feature","properties":{"id":"india-osm-road-100145453","name":"KP Road"},"geometry":{"type":"Point","coordinates":[75.18472034999999,33.74502785]}},{"type":"Feature","properties":{"id":"india-osm-road-100145458","name":"NH501"},"geometry":{"type":"Point","coordinates":[75.20935075816921,33.767616753134874]}},{"type":"Feature","properties":{"id":"india-osm-road-100145738","name":"Amar Mahal Junction Flyover"},"geometry":{"type":"Point","coordinates":[72.90200375,19.06731705]}},{"type":"Feature","properties":{"id":"india-osm-road-1001474570","name":"Salem - Kochi - Kanyakumari Highway"},"geometry":{"type":"Point","coordinates":[76.78568095,10.8025497]}},{"type":"Feature","properties":{"id":"india-osm-road-100150915","name":"NH444"},"geometry":{"type":"Point","coordinates":[75.15097565,33.5941034]}},{"type":"Feature","properties":{"id":"india-osm-road-1001513225","name":"SH74"},"geometry":{"type":"Point","coordinates":[85.1804445,25.8638873]}},{"type":"Feature","properties":{"id":"india-osm-road-1001619295","name":"NH22"},"geometry":{"type":"Point","coordinates":[85.40177840000001,26.20172905]}},{"type":"Feature","properties":{"id":"india-osm-road-1001638502","name":"NH331"},"geometry":{"type":"Point","coordinates":[84.68534564999999,25.91969195]}},{"type":"Feature","properties":{"id":"india-osm-road-1001690830","name":"NH722"},"geometry":{"type":"Point","coordinates":[84.8560964,25.83167845]}},{"type":"Feature","properties":{"id":"india-osm-road-100181836","name":"Hosapete Road"},"geometry":{"type":"Point","coordinates":[76.88553295,15.154818500000001]}},{"type":"Feature","properties":{"id":"india-osm-road-1001892215","name":"NH515"},"geometry":{"type":"Point","coordinates":[95.0978447,27.75211225]}},{"type":"Feature","properties":{"id":"india-osm-road-1001990755","name":"Tiruchi Semicircular Ring Road"},"geometry":{"type":"Point","coordinates":[78.8304543,10.7491551]}},{"type":"Feature","properties":{"id":"india-osm-road-1001990795","name":"NH83 Tiruchi Semicircular Ring Road"},"geometry":{"type":"Point","coordinates":[78.81559195,10.7239066]}},{"type":"Feature","properties":{"id":"india-osm-road-1001990808","name":"Pudukottai Road"},"geometry":{"type":"Point","coordinates":[78.7310509,10.7015808]}},{"type":"Feature","properties":{"id":"india-osm-road-1001995069","name":"Tiruchchirappalli Bypass Flyover"},"geometry":{"type":"Point","coordinates":[78.69215510000001,10.78534295]}},{"type":"Feature","properties":{"id":"india-osm-road-1001995071","name":"Trichy Tanjore Road"},"geometry":{"type":"Point","coordinates":[78.71254655,10.813143799999999]}},{"type":"Feature","properties":{"id":"india-osm-road-1002001367","name":"NH28"},"geometry":{"type":"Point","coordinates":[82.6759778,26.7193386]}},{"type":"Feature","properties":{"id":"india-osm-road-1002074972","name":"Koilakuntla - Jammalamadugu Road"},"geometry":{"type":"Point","coordinates":[78.34723725,15.13595975]}},{"type":"Feature","properties":{"id":"india-osm-road-1002256533","name":"NH321G"},"geometry":{"type":"Point","coordinates":[78.33750775,27.4731232]}},{"type":"Feature","properties":{"id":"india-osm-road-1002363736","name":"Grand Southern Trunk Road"},"geometry":{"type":"Point","coordinates":[79.43506015,11.854153]}},{"type":"Feature","properties":{"id":"india-osm-road-100248004","name":"Bidar Srirangapattana Highway"},"geometry":{"type":"Point","coordinates":[76.88598538782459,15.559528691416572]}},{"type":"Feature","properties":{"id":"india-osm-road-1002552008","name":"Mumbai - Agra National Highway"},"geometry":{"type":"Point","coordinates":[73.08082304999999,19.267634100000002]}},{"type":"Feature","properties":{"id":"india-osm-road-1002552012","name":"Chhatrapathi Shivaji Maharaj Bridge"},"geometry":{"type":"Point","coordinates":[73.1164043,19.24620205]}},{"type":"Feature","properties":{"id":"india-osm-road-1002560827","name":"NH227A"},"geometry":{"type":"Point","coordinates":[84.1232303,26.2148812]}},{"type":"Feature","properties":{"id":"india-osm-road-1002707788","name":"NH543;NH353C"},"geometry":{"type":"Point","coordinates":[79.9646913,20.625739199999998]}},{"type":"Feature","properties":{"id":"india-osm-road-1002814445","name":"NH51"},"geometry":{"type":"Point","coordinates":[69.00065484999999,22.400501300000002]}},{"type":"Feature","properties":{"id":"india-osm-road-1002959636","name":"NH44"},"geometry":{"type":"Point","coordinates":[77.58123789999999,8.32045535]}},{"type":"Feature","properties":{"id":"india-osm-road-1002959638","name":"Kanyakumari - Maudrai - Bangalore - Varanasi"},"geometry":{"type":"Point","coordinates":[77.58119909999999,8.3205908]}},{"type":"Feature","properties":{"id":"india-osm-road-1002971995","name":"NH565"},"geometry":{"type":"Point","coordinates":[79.58695585,13.99023235]}},{"type":"Feature","properties":{"id":"india-osm-road-1003398136","name":"NH727BB"},"geometry":{"type":"Point","coordinates":[83.4749011,26.8858028]}},{"type":"Feature","properties":{"id":"india-osm-road-1003666238","name":"Sudarshan Setu"},"geometry":{"type":"Point","coordinates":[69.0782466,22.4552828]}},{"type":"Feature","properties":{"id":"india-osm-road-1003738374","name":"Chakradharpur-Ranchi Road"},"geometry":{"type":"Point","coordinates":[85.36046775,22.803117899999997]}},{"type":"Feature","properties":{"id":"india-osm-road-1003853373","name":"NH527C"},"geometry":{"type":"Point","coordinates":[85.18369368228024,26.347831242178973]}},{"type":"Feature","properties":{"id":"india-osm-road-1003959491","name":"NH627"},"geometry":{"type":"Point","coordinates":[92.72930307788984,25.478999550717155]}},{"type":"Feature","properties":{"id":"india-osm-road-1004216506","name":"NH53"},"geometry":{"type":"Point","coordinates":[79.6005778,21.153932949999998]}},{"type":"Feature","properties":{"id":"india-osm-road-1004614453","name":"NH727"},"geometry":{"type":"Point","coordinates":[84.4433648,26.89569975]}},{"type":"Feature","properties":{"id":"india-osm-road-1004629299","name":"Mehsi - Hazratpur Rd"},"geometry":{"type":"Point","coordinates":[85.06123925,26.296658]}},{"type":"Feature","properties":{"id":"india-osm-road-1004629866","name":"Mehsi - Runni Saidpur Rd"},"geometry":{"type":"Point","coordinates":[85.2354768,26.3185408]}},{"type":"Feature","properties":{"id":"india-osm-road-1004629868","name":"Mehsi Rd"},"geometry":{"type":"Point","coordinates":[85.24980479999999,26.30895915]}},{"type":"Feature","properties":{"id":"india-osm-road-1004754962","name":"NH20;NH143AG"},"geometry":{"type":"Point","coordinates":[85.27943694999999,23.0734192]}},{"type":"Feature","properties":{"id":"india-osm-road-1004754963","name":"NH143D"},"geometry":{"type":"Point","coordinates":[85.1133361,22.94462565]}},{"type":"Feature","properties":{"id":"india-osm-road-1004755019","name":"NH143"},"geometry":{"type":"Point","coordinates":[84.69525969651251,22.70809922639655]}},{"type":"Feature","properties":{"id":"india-osm-road-1004793240","name":"Hat Gamaria - Jagannathpur Road."},"geometry":{"type":"Point","coordinates":[85.72764045,22.2562919]}},{"type":"Feature","properties":{"id":"india-osm-road-1004793249","name":"NH320G"},"geometry":{"type":"Point","coordinates":[85.5606915,22.21131365]}},{"type":"Feature","properties":{"id":"india-osm-road-1004793262","name":"Manoharpur BaraJamda Road"},"geometry":{"type":"Point","coordinates":[85.32982265,22.31048905]}},{"type":"Feature","properties":{"id":"india-osm-road-1004793269","name":"Manoharpur to BaraJamda Road"},"geometry":{"type":"Point","coordinates":[85.30246414999999,22.33327765]}},{"type":"Feature","properties":{"id":"india-osm-road-1004793275","name":"Manoharpur - Kolebira Road"},"geometry":{"type":"Point","coordinates":[85.16519485,22.466343000000002]}},{"type":"Feature","properties":{"id":"india-osm-road-100492878","name":"NH53;NH247"},"geometry":{"type":"Point","coordinates":[79.66066391669617,21.15700847802704]}},{"type":"Feature","properties":{"id":"india-osm-road-100492943","name":"NH130B"},"geometry":{"type":"Point","coordinates":[81.64531865000001,21.250045]}},{"type":"Feature","properties":{"id":"india-osm-road-100493365","name":"Wainganga Bridge"},"geometry":{"type":"Point","coordinates":[79.66624325000001,21.14845305]}},{"type":"Feature","properties":{"id":"india-osm-road-1004944220","name":"Adityapur Toll Bridge"},"geometry":{"type":"Point","coordinates":[86.1443718,22.80008355]}},{"type":"Feature","properties":{"id":"india-osm-road-1005054831","name":"NH220"},"geometry":{"type":"Point","coordinates":[85.8670116,22.55744885]}},{"type":"Feature","properties":{"id":"india-osm-road-1005122899","name":"Mehsi - Kesariya Rd"},"geometry":{"type":"Point","coordinates":[84.8801632,26.36206945]}},{"type":"Feature","properties":{"id":"india-osm-road-1005202375","name":"NH730"},"geometry":{"type":"Point","coordinates":[79.84530085,28.592411]}},{"type":"Feature","properties":{"id":"india-osm-road-1005226729","name":"Moradabad-Kaladhungi Road"},"geometry":{"type":"Point","coordinates":[78.8384025,28.88871145]}},{"type":"Feature","properties":{"id":"india-osm-road-1005441102","name":"NH522;SH7"},"geometry":{"type":"Point","coordinates":[85.3643415,23.99886945]}},{"type":"Feature","properties":{"id":"india-osm-road-1005441105","name":"NH522"},"geometry":{"type":"Point","coordinates":[85.3599619,23.99978625]}},{"type":"Feature","properties":{"id":"india-osm-road-1005536497","name":"NH13"},"geometry":{"type":"Point","coordinates":[96.36216535,27.88256545]}},{"type":"Feature","properties":{"id":"india-osm-road-1005536505","name":"NH113"},"geometry":{"type":"Point","coordinates":[96.37981676241796,27.892674742743836]}},{"type":"Feature","properties":{"id":"india-osm-road-1005561644","name":"Madurai - Trichy Highway"},"geometry":{"type":"Point","coordinates":[78.35811200370236,10.08941000264585]}},{"type":"Feature","properties":{"id":"india-osm-road-1005561646","name":"Trichy - Madurai highway"},"geometry":{"type":"Point","coordinates":[78.3503303,10.12394795]}},{"type":"Feature","properties":{"id":"india-osm-road-1005649741","name":"NH143A"},"geometry":{"type":"Point","coordinates":[84.54422015,23.0883438]}},{"type":"Feature","properties":{"id":"india-osm-road-1005691084","name":"NH143B"},"geometry":{"type":"Point","coordinates":[84.13568674999999,23.365834550000002]}},{"type":"Feature","properties":{"id":"india-osm-road-1005909683","name":"NH343"},"geometry":{"type":"Point","coordinates":[83.7031583,23.8084934]}},{"type":"Feature","properties":{"id":"india-osm-road-1005940387","name":"NH218"},"geometry":{"type":"Point","coordinates":[86.41582865000001,23.67095885]}},{"type":"Feature","properties":{"id":"india-osm-road-1005941749","name":"NH18"},"geometry":{"type":"Point","coordinates":[86.41952405,23.7883718]}},{"type":"Feature","properties":{"id":"india-osm-road-1005970476","name":"NH419;SH13"},"geometry":{"type":"Point","coordinates":[86.52261485,23.852489]}},{"type":"Feature","properties":{"id":"india-osm-road-1005979351","name":"NH114A"},"geometry":{"type":"Point","coordinates":[86.2784744,24.17265485]}},{"type":"Feature","properties":{"id":"india-osm-road-1006034759","name":"Avinashi - Tirupur - Palladam - Pollachi"},"geometry":{"type":"Point","coordinates":[77.33903325,11.10964715]}},{"type":"Feature","properties":{"id":"india-osm-road-1006034761","name":"NH381"},"geometry":{"type":"Point","coordinates":[77.31497153986867,11.144905118832483]}},{"type":"Feature","properties":{"id":"india-osm-road-1006084672","name":"NH734"},"geometry":{"type":"Point","coordinates":[78.8250605,28.8402902]}},{"type":"Feature","properties":{"id":"india-osm-road-1006126011","name":"Avinashi - Tiruppur - Avinashipalayam Road"},"geometry":{"type":"Point","coordinates":[77.34780724999999,11.100204999999999]}},{"type":"Feature","properties":{"id":"india-osm-road-1006285768","name":"NH419;SH15"},"geometry":{"type":"Point","coordinates":[86.88393930000001,23.83911365]}},{"type":"Feature","properties":{"id":"india-osm-road-1006285829","name":"NH419;MDR089"},"geometry":{"type":"Point","coordinates":[86.8105374,23.95702685]}},{"type":"Feature","properties":{"id":"india-osm-road-1006307214","name":"NH133"},"geometry":{"type":"Point","coordinates":[87.37450895,25.208620500000002]}},{"type":"Feature","properties":{"id":"india-osm-road-1006427274","name":"NH131"},"geometry":{"type":"Point","coordinates":[86.85940765000001,25.81176625]}},{"type":"Feature","properties":{"id":"india-osm-road-1006563103","name":"NH114A;SH17"},"geometry":{"type":"Point","coordinates":[87.78673435,24.17580925]}},{"type":"Feature","properties":{"id":"india-osm-road-1006563177","name":"NH133E"},"geometry":{"type":"Point","coordinates":[87.0496291,24.7434831]}},{"type":"Feature","properties":{"id":"india-osm-road-1006563191","name":"NH333A;NH133E"},"geometry":{"type":"Point","coordinates":[86.99843775,24.8990621]}},{"type":"Feature","properties":{"id":"india-osm-road-1006609925","name":"NH333A;SH18"},"geometry":{"type":"Point","coordinates":[87.61287825,24.74218655]}},{"type":"Feature","properties":{"id":"india-osm-road-1007148158","name":"Ranchi Bypass"},"geometry":{"type":"Point","coordinates":[85.2343995041239,23.379896755483283]}},{"type":"Feature","properties":{"id":"india-osm-road-1007187747","name":"NH327"},"geometry":{"type":"Point","coordinates":[86.457404,25.88185635]}},{"type":"Feature","properties":{"id":"india-osm-road-1007229126","name":"NH530"},"geometry":{"type":"Point","coordinates":[79.0054224934631,28.767950608077914]}},{"type":"Feature","properties":{"id":"india-osm-road-1007402820","name":"NH8"},"geometry":{"type":"Point","coordinates":[91.267724,23.6997108]}},{"type":"Feature","properties":{"id":"india-osm-road-1007433211","name":"NH108B"},"geometry":{"type":"Point","coordinates":[91.3430149,23.84695005]}},{"type":"Feature","properties":{"id":"india-osm-road-1007436335","name":"NH320B"},"geometry":{"type":"Point","coordinates":[85.4758888,23.47335805]}},{"type":"Feature","properties":{"id":"india-osm-road-1007486850","name":"NH320B;MDR101"},"geometry":{"type":"Point","coordinates":[85.57456126480052,23.483649942368356]}},{"type":"Feature","properties":{"id":"india-osm-road-1007543821","name":"NH231"},"geometry":{"type":"Point","coordinates":[86.53474775000001,25.855096500000002]}},{"type":"Feature","properties":{"id":"india-osm-road-1007559350","name":"National Highway 26B"},"geometry":{"type":"Point","coordinates":[79.1957205,22.9270983]}},{"type":"Feature","properties":{"id":"india-osm-road-1007715080","name":"NH9"},"geometry":{"type":"Point","coordinates":[79.02721925,28.78160935]}},{"type":"Feature","properties":{"id":"india-osm-road-1007838902","name":"Ranchi Bypass (u/c)"},"geometry":{"type":"Point","coordinates":[85.4191742,23.34681885]}},{"type":"Feature","properties":{"id":"india-osm-road-100787150","name":"Tiruchchirappalli Bypass"},"geometry":{"type":"Point","coordinates":[78.68093015,10.7762388]}},{"type":"Feature","properties":{"id":"india-osm-road-1007911460","name":"NH731K"},"geometry":{"type":"Point","coordinates":[79.80642565,28.57052105]}},{"type":"Feature","properties":{"id":"india-osm-road-100823919","name":"NH317"},"geometry":{"type":"Point","coordinates":[89.42638314999999,26.60924025]}},{"type":"Feature","properties":{"id":"india-osm-road-1008297525","name":"NH527B"},"geometry":{"type":"Point","coordinates":[85.9768125,26.3260446]}},{"type":"Feature","properties":{"id":"india-osm-road-100834433","name":"Dr Babasaheb Ambedkar Marg"},"geometry":{"type":"Point","coordinates":[72.83718045,18.9970123]}},{"type":"Feature","properties":{"id":"india-osm-road-100834439","name":"Lalbaug Flyover"},"geometry":{"type":"Point","coordinates":[72.83571040000001,18.98898885]}},{"type":"Feature","properties":{"id":"india-osm-road-1008398284","name":"NH322"},"geometry":{"type":"Point","coordinates":[85.8325805,26.0838174]}},{"type":"Feature","properties":{"id":"india-osm-road-100841069","name":"Hindmata Flyover"},"geometry":{"type":"Point","coordinates":[72.83982695,19.005510450000003]}},{"type":"Feature","properties":{"id":"india-osm-road-100841102","name":"Dr Babasaheb Ambedkar Marg (Vincent Road)"},"geometry":{"type":"Point","coordinates":[72.84027595,19.0064383]}},{"type":"Feature","properties":{"id":"india-osm-road-100849785","name":"NH135C"},"geometry":{"type":"Point","coordinates":[82.0927229784458,24.976446815362717]}},{"type":"Feature","properties":{"id":"india-osm-road-100860693","name":"Chennai - Trichy - Dindigul Road"},"geometry":{"type":"Point","coordinates":[78.70520085,10.8682902]}},{"type":"Feature","properties":{"id":"india-osm-road-100860698","name":"Chennai - Trichy - Dindigul Road (Old NH45)"},"geometry":{"type":"Point","coordinates":[78.70719170000001,10.873687400000001]}},{"type":"Feature","properties":{"id":"india-osm-road-1008661415","name":"Thiruppanandhaal Bypass Saalai"},"geometry":{"type":"Point","coordinates":[79.45046285000001,11.0977722]}},{"type":"Feature","properties":{"id":"india-osm-road-1008661417","name":"Chozhapuram Bypass Saalai"},"geometry":{"type":"Point","coordinates":[79.41450954999999,11.047810850000001]}},{"type":"Feature","properties":{"id":"india-osm-road-1008661418","name":"Koranaattu Karuppur Bypass Saalai"},"geometry":{"type":"Point","coordinates":[79.39265424999999,10.986887750000001]}},{"type":"Feature","properties":{"id":"india-osm-road-1008661419","name":"Kumbakonam - Thanjavur Puthiya Nedunchaalai"},"geometry":{"type":"Point","coordinates":[79.29169825,10.9076717]}},{"type":"Feature","properties":{"id":"india-osm-road-1008711543","name":"Sathyamangalam Road"},"geometry":{"type":"Point","coordinates":[77.0327832,11.13135385]}},{"type":"Feature","properties":{"id":"india-osm-road-1008774151","name":"Jaipur Kishangarh Expressway"},"geometry":{"type":"Point","coordinates":[75.71868985,26.87955055]}},{"type":"Feature","properties":{"id":"india-osm-road-1008781236","name":"Amer Road"},"geometry":{"type":"Point","coordinates":[75.95695760000001,27.299513599999997]}},{"type":"Feature","properties":{"id":"india-osm-road-1009046867","name":"NH731"},"geometry":{"type":"Point","coordinates":[81.5381398,26.5004097]}},{"type":"Feature","properties":{"id":"india-osm-road-100958280","name":"Kodai Road Bypass"},"geometry":{"type":"Point","coordinates":[77.91762455,10.1644115]}},{"type":"Feature","properties":{"id":"india-osm-road-1009679876","name":"NH548C"},"geometry":{"type":"Point","coordinates":[76.56549785,20.1813807]}},{"type":"Feature","properties":{"id":"india-osm-road-1009679892","name":"NH752H"},"geometry":{"type":"Point","coordinates":[75.21105635,19.924278800000003]}},{"type":"Feature","properties":{"id":"india-osm-road-1009718253","name":"NH347A"},"geometry":{"type":"Point","coordinates":[78.3418025,20.78740055]}},{"type":"Feature","properties":{"id":"india-osm-road-1009718296","name":"NH753C"},"geometry":{"type":"Point","coordinates":[76.97518181025227,20.248308383602847]}},{"type":"Feature","properties":{"id":"india-osm-road-1009718297","name":"Malegaon Bypass Rd"},"geometry":{"type":"Point","coordinates":[77.00865354999999,20.256861100000002]}},{"type":"Feature","properties":{"id":"india-osm-road-1009718309","name":"NH161"},"geometry":{"type":"Point","coordinates":[76.97644395,20.2911691]}},{"type":"Feature","properties":{"id":"india-osm-road-1009719443","name":"NH353I"},"geometry":{"type":"Point","coordinates":[78.9679992,20.9802738]}},{"type":"Feature","properties":{"id":"india-osm-road-1009783492","name":"Ring Road"},"geometry":{"type":"Point","coordinates":[79.08705330000001,21.10663205]}},{"type":"Feature","properties":{"id":"india-osm-road-1009795822","name":"NH122"},"geometry":{"type":"Point","coordinates":[85.87349985,25.59442475]}},{"type":"Feature","properties":{"id":"india-osm-road-1009803708","name":"Darbhanga Bypass"},"geometry":{"type":"Point","coordinates":[85.9856491,26.18885065]}},{"type":"Feature","properties":{"id":"india-osm-road-1009831959","name":"NH215"},"geometry":{"type":"Point","coordinates":[95.12474846288274,27.15578699438571]}},{"type":"Feature","properties":{"id":"india-osm-road-1009855804","name":"NH333"},"geometry":{"type":"Point","coordinates":[86.57443706016961,25.248951555427936]}},{"type":"Feature","properties":{"id":"india-osm-road-1009938571","name":"NH66"},"geometry":{"type":"Point","coordinates":[74.80872255,12.9535411]}},{"type":"Feature","properties":{"id":"india-osm-road-1009939435","name":"New Zuari Bridge"},"geometry":{"type":"Point","coordinates":[73.91616295,15.3935222]}},{"type":"Feature","properties":{"id":"india-osm-road-1010096002","name":"Sultanganj - Bhagalpur Road"},"geometry":{"type":"Point","coordinates":[86.90568515000001,25.23557305]}},{"type":"Feature","properties":{"id":"india-osm-road-101011573","name":"Salem - Kochi - Kanyakumari Road"},"geometry":{"type":"Point","coordinates":[76.53444243274002,8.953049300219101]}},{"type":"Feature","properties":{"id":"india-osm-road-1010265578","name":"NH509"},"geometry":{"type":"Point","coordinates":[78.78316050000001,28.481645]}},{"type":"Feature","properties":{"id":"india-osm-road-1010324617","name":"NH34"},"geometry":{"type":"Point","coordinates":[79.62684465,22.617571249999997]}},{"type":"Feature","properties":{"id":"india-osm-road-1010357970","name":"Dhaiya Main Road"},"geometry":{"type":"Point","coordinates":[86.42838875000001,23.79771255]}},{"type":"Feature","properties":{"id":"india-osm-road-1010481767","name":"Barauni Bypass"},"geometry":{"type":"Point","coordinates":[85.93849549999999,25.49825905]}},{"type":"Feature","properties":{"id":"india-osm-road-1010484625","name":"Wardha Road Flyover"},"geometry":{"type":"Point","coordinates":[79.07042735,21.11213945]}},{"type":"Feature","properties":{"id":"india-osm-road-101048984","name":"Chettuva Bridge"},"geometry":{"type":"Point","coordinates":[76.0470377,10.532813650000001]}},{"type":"Feature","properties":{"id":"india-osm-road-101082842","name":"NH35"},"geometry":{"type":"Point","coordinates":[81.40310337010979,25.21423382773851]}},{"type":"Feature","properties":{"id":"india-osm-road-1010971191","name":"Old NH 47"},"geometry":{"type":"Point","coordinates":[76.2699222,9.938927150000001]}},{"type":"Feature","properties":{"id":"india-osm-road-1010971192","name":"CIFT Junction"},"geometry":{"type":"Point","coordinates":[76.26952435000001,9.93867385]}},{"type":"Feature","properties":{"id":"india-osm-road-1011470533","name":"NH139"},"geometry":{"type":"Point","coordinates":[85.10764649999999,25.580671350000003]}},{"type":"Feature","properties":{"id":"india-osm-road-1011613479","name":"Lal Darwaza Main Road"},"geometry":{"type":"Point","coordinates":[86.5119066,25.3490373]}},{"type":"Feature","properties":{"id":"india-osm-road-1011628953","name":"Mandi Samiti Road"},"geometry":{"type":"Point","coordinates":[79.43813245,28.3893416]}},{"type":"Feature","properties":{"id":"india-osm-road-1011628958","name":"Pilibhit Road"},"geometry":{"type":"Point","coordinates":[79.420311,28.37439035]}},{"type":"Feature","properties":{"id":"india-osm-road-1011693292","name":"Bailey Road"},"geometry":{"type":"Point","coordinates":[85.13417874999999,25.610386300000002]}},{"type":"Feature","properties":{"id":"india-osm-road-1011758474","name":"Pune-Bangalore Road"},"geometry":{"type":"Point","coordinates":[75.427915,14.76743965]}},{"type":"Feature","properties":{"id":"india-osm-road-1011758476","name":"NH48"},"geometry":{"type":"Point","coordinates":[75.4223844,14.77201925]}},{"type":"Feature","properties":{"id":"india-osm-road-1011947523","name":"Nagpur Saoner Road"},"geometry":{"type":"Point","coordinates":[79.08203904999999,21.224337849999998]}},{"type":"Feature","properties":{"id":"india-osm-road-1012009620","name":"Rajendra Path"},"geometry":{"type":"Point","coordinates":[85.14374255,25.607778500000002]}},{"type":"Feature","properties":{"id":"india-osm-road-1012009621","name":"Bhattacharya Road"},"geometry":{"type":"Point","coordinates":[85.143365,25.6087524]}},{"type":"Feature","properties":{"id":"india-osm-road-1012013616","name":"Kodungallur-Paravur-Ernakulam Highway"},"geometry":{"type":"Point","coordinates":[76.27481925000001,10.07875555]}},{"type":"Feature","properties":{"id":"india-osm-road-1012043561","name":"Manihari - Ahmadabad Road"},"geometry":{"type":"Point","coordinates":[87.76999095,25.32212415]}},{"type":"Feature","properties":{"id":"india-osm-road-1012108033","name":"NH369"},"geometry":{"type":"Point","coordinates":[75.7391574,13.881844300000001]}},{"type":"Feature","properties":{"id":"india-osm-road-1012201387","name":"NH39"},"geometry":{"type":"Point","coordinates":[81.16387119999999,24.4905331]}},{"type":"Feature","properties":{"id":"india-osm-road-1012204007","name":"Satna Bypass"},"geometry":{"type":"Point","coordinates":[80.79793275,24.59380635]}},{"type":"Feature","properties":{"id":"india-osm-road-1012204032","name":"NH135BG"},"geometry":{"type":"Point","coordinates":[80.81452325000001,24.60645595]}},{"type":"Feature","properties":{"id":"india-osm-road-1012333581","name":"NH330B"},"geometry":{"type":"Point","coordinates":[81.85282785,27.1243367]}},{"type":"Feature","properties":{"id":"india-osm-road-1012350089","name":"NH131A"},"geometry":{"type":"Point","coordinates":[87.86532975,25.24508965]}},{"type":"Feature","properties":{"id":"india-osm-road-101263557","name":"Amravati Bypass"},"geometry":{"type":"Point","coordinates":[77.79063175,20.971412299999997]}},{"type":"Feature","properties":{"id":"india-osm-road-1012653508","name":"NH333B"},"geometry":{"type":"Point","coordinates":[86.46391005000001,25.34063805]}},{"type":"Feature","properties":{"id":"india-osm-road-1012670477","name":"Salem - Kochi - Kanyakumari Road Flyover"},"geometry":{"type":"Point","coordinates":[76.90287755,8.5109281]}},{"type":"Feature","properties":{"id":"india-osm-road-101268839","name":"Old ByPass"},"geometry":{"type":"Point","coordinates":[77.73926075,20.86564835]}},{"type":"Feature","properties":{"id":"india-osm-road-1012735230","name":"NH730;731K"},"geometry":{"type":"Point","coordinates":[79.8025305,28.6084506]}},{"type":"Feature","properties":{"id":"india-osm-road-101274329","name":"Jabalpur Bypass"},"geometry":{"type":"Point","coordinates":[79.90744905,23.09302905]}},{"type":"Feature","properties":{"id":"india-osm-road-101274331","name":"NH45"},"geometry":{"type":"Point","coordinates":[79.864348,23.15481765]}},{"type":"Feature","properties":{"id":"india-osm-road-1012978623","name":"Wardha Road"},"geometry":{"type":"Point","coordinates":[79.07215360000001,21.1185257]}},{"type":"Feature","properties":{"id":"india-osm-road-1012996147","name":"NH309"},"geometry":{"type":"Point","coordinates":[79.11222295,29.14090635]}},{"type":"Feature","properties":{"id":"india-osm-road-1013045596","name":"NH6"},"geometry":{"type":"Point","coordinates":[91.89990505,25.6745527]}},{"type":"Feature","properties":{"id":"india-osm-road-1013045599","name":"Shillong Bypass"},"geometry":{"type":"Point","coordinates":[92.05155175,25.5518082]}},{"type":"Feature","properties":{"id":"india-osm-road-101316098","name":"NH543K"},"geometry":{"type":"Point","coordinates":[79.78888693609235,21.413217191475503]}},{"type":"Feature","properties":{"id":"india-osm-road-1013173727","name":"HMT Ring Road"},"geometry":{"type":"Point","coordinates":[76.32177354999999,10.055422700000001]}},{"type":"Feature","properties":{"id":"india-osm-road-101318595","name":"NH335"},"geometry":{"type":"Point","coordinates":[80.60034229054354,25.698773637518137]}},{"type":"Feature","properties":{"id":"india-osm-road-1013580174","name":"NH3"},"geometry":{"type":"Point","coordinates":[76.5223268,31.705829950000002]}},{"type":"Feature","properties":{"id":"india-osm-road-1013616313","name":"Kanakapura Road"},"geometry":{"type":"Point","coordinates":[77.5717731058216,12.898397424128175]}},{"type":"Feature","properties":{"id":"india-osm-road-1013660065","name":"Vallarpadam ICT Highway"},"geometry":{"type":"Point","coordinates":[76.32286115,10.0671765]}},{"type":"Feature","properties":{"id":"india-osm-road-1013672722","name":"Mau Gorakhpur Highway"},"geometry":{"type":"Point","coordinates":[83.5750506,25.9349347]}},{"type":"Feature","properties":{"id":"india-osm-road-1013828689","name":"NH217"},"geometry":{"type":"Point","coordinates":[90.82107147831736,25.73604337321583]}},{"type":"Feature","properties":{"id":"india-osm-road-101390972","name":"NH965D"},"geometry":{"type":"Point","coordinates":[74.0550354,17.755486349999998]}},{"type":"Feature","properties":{"id":"india-osm-road-1013948616","name":"Sukrawarpettai Mill Road"},"geometry":{"type":"Point","coordinates":[76.9581545,11.000403949999999]}},{"type":"Feature","properties":{"id":"india-osm-road-1013996166","name":"Wazirabad Flyover"},"geometry":{"type":"Point","coordinates":[77.22773384999999,28.70625455]}},{"type":"Feature","properties":{"id":"india-osm-road-1014000623","name":"Wazirabad Road"},"geometry":{"type":"Point","coordinates":[77.3197298,28.698046650000002]}},{"type":"Feature","properties":{"id":"india-osm-road-1014001214","name":"Pondicherry - Cuddalore Road"},"geometry":{"type":"Point","coordinates":[79.80665959999999,11.9034388]}},{"type":"Feature","properties":{"id":"india-osm-road-1014052198","name":"Outer Ring Road Underpass"},"geometry":{"type":"Point","coordinates":[77.63635794999999,13.026640449999999]}},{"type":"Feature","properties":{"id":"india-osm-road-1014060277","name":"NH505"},"geometry":{"type":"Point","coordinates":[78.56861713765038,32.06068405404004]}},{"type":"Feature","properties":{"id":"india-osm-road-1014125922","name":"Ettumanoor - Ernakulam Road"},"geometry":{"type":"Point","coordinates":[76.3319011,9.9500831]}},{"type":"Feature","properties":{"id":"india-osm-road-1014577496","name":"Tiruchi Road"},"geometry":{"type":"Point","coordinates":[77.03348295,11.00123705]}},{"type":"Feature","properties":{"id":"india-osm-road-1014908117","name":"Seaport Airport Road"},"geometry":{"type":"Point","coordinates":[76.35840769999999,9.951592649999998]}},{"type":"Feature","properties":{"id":"india-osm-road-1015020034","name":"East-West Corridor"},"geometry":{"type":"Point","coordinates":[87.54688254999999,25.81783465]}},{"type":"Feature","properties":{"id":"india-osm-road-1015184556","name":"Mettupalayam Road"},"geometry":{"type":"Point","coordinates":[76.95596094999999,11.00446615]}},{"type":"Feature","properties":{"id":"india-osm-road-1015201832","name":"MC Road"},"geometry":{"type":"Point","coordinates":[76.52287910000001,9.587101650000001]}},{"type":"Feature","properties":{"id":"india-osm-road-1015893459","name":"NH205"},"geometry":{"type":"Point","coordinates":[76.56402165,30.851597249999998]}},{"type":"Feature","properties":{"id":"india-osm-road-1015893462","name":"Parv Marg"},"geometry":{"type":"Point","coordinates":[76.76658235,30.6893094]}},{"type":"Feature","properties":{"id":"india-osm-road-1015893473","name":"Junction"},"geometry":{"type":"Point","coordinates":[76.73396015,30.7271516]}},{"type":"Feature","properties":{"id":"india-osm-road-1015893481","name":"Juntion"},"geometry":{"type":"Point","coordinates":[76.74610935,30.712342800000002]}},{"type":"Feature","properties":{"id":"india-osm-road-1015893486","name":"NH154"},"geometry":{"type":"Point","coordinates":[76.80467625,31.37590375]}},{"type":"Feature","properties":{"id":"india-osm-road-1016047502","name":"NH108"},"geometry":{"type":"Point","coordinates":[92.29508545,24.2378055]}},{"type":"Feature","properties":{"id":"india-osm-road-1016805260","name":"NH707A"},"geometry":{"type":"Point","coordinates":[78.44951079776182,30.37995093556287]}},{"type":"Feature","properties":{"id":"india-osm-road-1016927653","name":"Tiruppattur Puravazhi Salai"},"geometry":{"type":"Point","coordinates":[78.58044265000001,10.0941963]}},{"type":"Feature","properties":{"id":"india-osm-road-1016927655","name":"Thanjavur - Manamadurai Road (Old NH226)"},"geometry":{"type":"Point","coordinates":[78.57955720000001,10.0944428]}},{"type":"Feature","properties":{"id":"india-osm-road-1016927707","name":"Dindigul - Natham - Singampunari - Thiruppathur - Karaikudi Road"},"geometry":{"type":"Point","coordinates":[78.6302565,10.11460855]}},{"type":"Feature","properties":{"id":"india-osm-road-1017080007","name":"NH752K"},"geometry":{"type":"Point","coordinates":[77.21420805,18.06370925]}},{"type":"Feature","properties":{"id":"india-osm-road-1017202511","name":"NH716"},"geometry":{"type":"Point","coordinates":[79.2724431,14.059012899999999]}},{"type":"Feature","properties":{"id":"india-osm-road-1017330923","name":"NH135A"},"geometry":{"type":"Point","coordinates":[82.20875325,26.755346449999998]}},{"type":"Feature","properties":{"id":"india-osm-road-1017599110","name":"Padum Pibiting Road"},"geometry":{"type":"Point","coordinates":[76.88283349335512,33.47025355347328]}},{"type":"Feature","properties":{"id":"india-osm-road-1017736370","name":"Salem Villupuram"},"geometry":{"type":"Point","coordinates":[78.66630805,11.5910668]}},{"type":"Feature","properties":{"id":"india-osm-road-1017814924","name":"Kochi - Madurai - Dhanushkodi Road"},"geometry":{"type":"Point","coordinates":[76.35992515,9.9515253]}},{"type":"Feature","properties":{"id":"india-osm-road-1018185764","name":"NH18;NH49"},"geometry":{"type":"Point","coordinates":[86.7251013,22.277955300000002]}},{"type":"Feature","properties":{"id":"india-osm-road-1018200971","name":"NH753F"},"geometry":{"type":"Point","coordinates":[75.625406,20.2546006]}},{"type":"Feature","properties":{"id":"india-osm-road-101825001","name":"NH563"},"geometry":{"type":"Point","coordinates":[79.60032285,17.952452]}},{"type":"Feature","properties":{"id":"india-osm-road-1018267048","name":"NH543"},"geometry":{"type":"Point","coordinates":[80.39858175,22.56397845]}},{"type":"Feature","properties":{"id":"india-osm-road-1018274840","name":"Nagpur Tuljapur Road"},"geometry":{"type":"Point","coordinates":[78.47343605,20.63696735]}},{"type":"Feature","properties":{"id":"india-osm-road-1018293838","name":"Nainital Road"},"geometry":{"type":"Point","coordinates":[79.54405745,29.269990749999998]}},{"type":"Feature","properties":{"id":"india-osm-road-1018336316","name":"NH301"},"geometry":{"type":"Point","coordinates":[76.3744829,34.035873300000006]}},{"type":"Feature","properties":{"id":"india-osm-road-101840623","name":"Katni Bypass"},"geometry":{"type":"Point","coordinates":[80.34620765,23.8539937]}},{"type":"Feature","properties":{"id":"india-osm-road-101848508","name":"Rewa Bypass"},"geometry":{"type":"Point","coordinates":[81.23117225,24.51623385]}},{"type":"Feature","properties":{"id":"india-osm-road-1018489666","name":"NH118"},"geometry":{"type":"Point","coordinates":[86.21241405,22.8203435]}},{"type":"Feature","properties":{"id":"india-osm-road-1018513928","name":"NH9:709"},"geometry":{"type":"Point","coordinates":[76.6679863,28.8429406]}},{"type":"Feature","properties":{"id":"india-osm-road-1018517739","name":"Hapur Bypass"},"geometry":{"type":"Point","coordinates":[77.783791,28.706539149999998]}},{"type":"Feature","properties":{"id":"india-osm-road-1018517742","name":"NH334"},"geometry":{"type":"Point","coordinates":[77.7837325,28.70693625]}},{"type":"Feature","properties":{"id":"india-osm-road-1018517743","name":"Merrut-Bulandsehar Road"},"geometry":{"type":"Point","coordinates":[77.7821898,28.706282299999998]}},{"type":"Feature","properties":{"id":"india-osm-road-1018519257","name":"Jessore Road"},"geometry":{"type":"Point","coordinates":[88.4578378,22.6807811]}},{"type":"Feature","properties":{"id":"india-osm-road-1018778937","name":"NH14"},"geometry":{"type":"Point","coordinates":[87.8431041,24.2948209]}},{"type":"Feature","properties":{"id":"india-osm-road-1019000960","name":"NH927"},"geometry":{"type":"Point","coordinates":[81.24980385,26.945348250000002]}},{"type":"Feature","properties":{"id":"india-osm-road-1019050134","name":"കൊച്ചി - മധുരൈ - ധനുഷ്‌കോടി റോഡ്"},"geometry":{"type":"Point","coordinates":[76.4268493,9.97115935]}},{"type":"Feature","properties":{"id":"india-osm-road-1019208869","name":"NH753BE"},"geometry":{"type":"Point","coordinates":[74.92142825,21.33552305]}},{"type":"Feature","properties":{"id":"india-osm-road-1019227477","name":"NH168G"},"geometry":{"type":"Point","coordinates":[72.64371275,23.78146365]}},{"type":"Feature","properties":{"id":"india-osm-road-101933111","name":"Ghatkopar Flyover"},"geometry":{"type":"Point","coordinates":[72.92093890000001,19.084213]}},{"type":"Feature","properties":{"id":"india-osm-road-101933113","name":"Eastern Express Highway"},"geometry":{"type":"Point","coordinates":[72.9271418,19.09648205]}},{"type":"Feature","properties":{"id":"india-osm-road-1019350778","name":"Shivaji Road"},"geometry":{"type":"Point","coordinates":[74.22297855,16.6975832]}},{"type":"Feature","properties":{"id":"india-osm-road-101940032","name":"NH753"},"geometry":{"type":"Point","coordinates":[80.19811085,21.4723029]}},{"type":"Feature","properties":{"id":"india-osm-road-1019440621","name":"NH703"},"geometry":{"type":"Point","coordinates":[75.2230705,30.810442700000003]}},{"type":"Feature","properties":{"id":"india-osm-road-1019558951","name":"Bathinda - Barnala Road"},"geometry":{"type":"Point","coordinates":[75.0883771,30.22636915]}},{"type":"Feature","properties":{"id":"india-osm-road-101962375","name":"Chandrapur Bypass"},"geometry":{"type":"Point","coordinates":[79.31740515,19.9275653]}},{"type":"Feature","properties":{"id":"india-osm-road-101962416","name":"NH930"},"geometry":{"type":"Point","coordinates":[79.72080759492958,20.074635071777895]}},{"type":"Feature","properties":{"id":"india-osm-road-101962479","name":"NH353B;NH930D"},"geometry":{"type":"Point","coordinates":[79.37692154999999,19.8134701]}},{"type":"Feature","properties":{"id":"india-osm-road-1019629236","name":"NH-108A"},"geometry":{"type":"Point","coordinates":[91.55040995722693,23.234084556300886]}},{"type":"Feature","properties":{"id":"india-osm-road-101964060","name":"Times of India Flyover"},"geometry":{"type":"Point","coordinates":[72.85843635,19.1903732]}},{"type":"Feature","properties":{"id":"india-osm-road-1019730739","name":"NH312"},"geometry":{"type":"Point","coordinates":[88.8809667,22.89017195]}},{"type":"Feature","properties":{"id":"india-osm-road-1019763097","name":"NH330"},"geometry":{"type":"Point","coordinates":[82.13962345,26.8689983]}},{"type":"Feature","properties":{"id":"india-osm-road-1019967648","name":"Dehri - Nauhatta - Yadunathpur Road"},"geometry":{"type":"Point","coordinates":[83.5035647,24.5332937]}},{"type":"Feature","properties":{"id":"india-osm-road-1019968023","name":"NH848;SH22"},"geometry":{"type":"Point","coordinates":[73.79491745,20.02513]}},{"type":"Feature","properties":{"id":"india-osm-road-1019968024","name":"Old Agra Road"},"geometry":{"type":"Point","coordinates":[73.79487234999999,20.02512575]}},{"type":"Feature","properties":{"id":"india-osm-road-1020109693","name":"Belgaum - Panaji Highway"},"geometry":{"type":"Point","coordinates":[73.95850395,15.486497799999999]}},{"type":"Feature","properties":{"id":"india-osm-road-1020109695","name":"NH748AA"},"geometry":{"type":"Point","coordinates":[73.95842475,15.4881739]}},{"type":"Feature","properties":{"id":"india-osm-road-1020225575","name":"NH64"},"geometry":{"type":"Point","coordinates":[72.96435059999999,22.5447932]}},{"type":"Feature","properties":{"id":"india-osm-road-1020324597","name":"Melur - Thiruppathur Road"},"geometry":{"type":"Point","coordinates":[78.5356249,10.109729250000001]}},{"type":"Feature","properties":{"id":"india-osm-road-1020350461","name":"NH927;NH730"},"geometry":{"type":"Point","coordinates":[81.53432515,27.79540545]}},{"type":"Feature","properties":{"id":"india-osm-road-1020354979","name":"NH48;NH927A"},"geometry":{"type":"Point","coordinates":[73.58321065,23.964052600000002]}},{"type":"Feature","properties":{"id":"india-osm-road-1020497108","name":"NH116A"},"geometry":{"type":"Point","coordinates":[87.38072274999999,22.449720650000003]}},{"type":"Feature","properties":{"id":"india-osm-road-1020503459","name":"NH130"},"geometry":{"type":"Point","coordinates":[81.92680805,21.85636485]}},{"type":"Feature","properties":{"id":"india-osm-road-1020562230","name":"NH927;730"},"geometry":{"type":"Point","coordinates":[81.54783425,27.69474605]}},{"type":"Feature","properties":{"id":"india-osm-road-1020603762","name":"NH566"},"geometry":{"type":"Point","coordinates":[73.97857005,15.3505483]}},{"type":"Feature","properties":{"id":"india-osm-road-1020631697","name":"NH353E"},"geometry":{"type":"Point","coordinates":[79.01587035,20.2426444]}},{"type":"Feature","properties":{"id":"india-osm-road-1020757081","name":"Kharagpur Bypass"},"geometry":{"type":"Point","coordinates":[87.3967333,22.3088628]}},{"type":"Feature","properties":{"id":"india-osm-road-1020768830","name":"NH7"},"geometry":{"type":"Point","coordinates":[79.4991617,30.75797585]}},{"type":"Feature","properties":{"id":"india-osm-road-1020780216","name":"NH109K"},"geometry":{"type":"Point","coordinates":[80.23988019263835,30.0775256523747]}},{"type":"Feature","properties":{"id":"india-osm-road-1021131245","name":"Kochi - Dhanushkodi Road"},"geometry":{"type":"Point","coordinates":[76.3336543,9.94599125]}},{"type":"Feature","properties":{"id":"india-osm-road-1021149606","name":"NH334B"},"geometry":{"type":"Point","coordinates":[76.79671075,28.7996653]}},{"type":"Feature","properties":{"id":"india-osm-road-1021220737","name":"Nagina Bypass"},"geometry":{"type":"Point","coordinates":[78.43713975,29.425106]}},{"type":"Feature","properties":{"id":"india-osm-road-102124206","name":"Mahindra Flyover"},"geometry":{"type":"Point","coordinates":[72.865712,19.20610715]}},{"type":"Feature","properties":{"id":"india-osm-road-1021334378","name":"SH30"},"geometry":{"type":"Point","coordinates":[82.20653899999999,26.84588025]}},{"type":"Feature","properties":{"id":"india-osm-road-1021349772","name":"Kollam - Theni Highway"},"geometry":{"type":"Point","coordinates":[76.67150065140419,9.565798006700412]}},{"type":"Feature","properties":{"id":"india-osm-road-1021353508","name":"Old Madras Road"},"geometry":{"type":"Point","coordinates":[78.603977,13.186094]}},{"type":"Feature","properties":{"id":"india-osm-road-1021481075","name":"NH19;139"},"geometry":{"type":"Point","coordinates":[84.3516375,24.767831]}},{"type":"Feature","properties":{"id":"india-osm-road-1021485901","name":"NH40"},"geometry":{"type":"Point","coordinates":[78.79401905,14.57406705]}},{"type":"Feature","properties":{"id":"india-osm-road-1021524502","name":"Chennai To Kurnool Road"},"geometry":{"type":"Point","coordinates":[79.08302195,13.190002199999999]}},{"type":"Feature","properties":{"id":"india-osm-road-1021615481","name":"Mumbai Highway"},"geometry":{"type":"Point","coordinates":[75.92549355,17.686911549999998]}},{"type":"Feature","properties":{"id":"india-osm-road-102161596","name":"Laxmibai Kelkar Marg"},"geometry":{"type":"Point","coordinates":[72.85639625,19.028348549999997]}},{"type":"Feature","properties":{"id":"india-osm-road-102161599","name":"King's Circle Flyover"},"geometry":{"type":"Point","coordinates":[72.85391275,19.02568795]}},{"type":"Feature","properties":{"id":"india-osm-road-102161861","name":"Sion Hospital Flyover"},"geometry":{"type":"Point","coordinates":[72.8596848,19.0348081]}},{"type":"Feature","properties":{"id":"india-osm-road-1021624768","name":"Udhampur Bypass"},"geometry":{"type":"Point","coordinates":[75.15482449999999,32.9443822]}},{"type":"Feature","properties":{"id":"india-osm-road-1021645931","name":"Kalamb Barshi Road"},"geometry":{"type":"Point","coordinates":[75.96765325000001,18.52323715]}},{"type":"Feature","properties":{"id":"india-osm-road-1021645949","name":"Paithan Road"},"geometry":{"type":"Point","coordinates":[75.30210345,19.8545874]}},{"type":"Feature","properties":{"id":"india-osm-road-1021645950","name":"Beed Bypass Highway"},"geometry":{"type":"Point","coordinates":[75.302341,19.85468845]}},{"type":"Feature","properties":{"id":"india-osm-road-1021645959","name":"NH52;NH753F"},"geometry":{"type":"Point","coordinates":[75.30102405,19.8760799]}},{"type":"Feature","properties":{"id":"india-osm-road-1021645987","name":"NH65"},"geometry":{"type":"Point","coordinates":[75.89128725,17.68684]}},{"type":"Feature","properties":{"id":"india-osm-road-1021645992","name":"Solapur Road - Mumbai Highway"},"geometry":{"type":"Point","coordinates":[75.89721315,17.6887281]}},{"type":"Feature","properties":{"id":"india-osm-road-102166382","name":"NH144A"},"geometry":{"type":"Point","coordinates":[74.20116755000001,33.7351611]}},{"type":"Feature","properties":{"id":"india-osm-road-102176163","name":"Dadar TT flyover"},"geometry":{"type":"Point","coordinates":[72.84681635,19.0165404]}},{"type":"Feature","properties":{"id":"india-osm-road-102177908","name":"Jaganath Shankur Seth (Dadar TT) Flyover"},"geometry":{"type":"Point","coordinates":[72.84935254999999,19.0199907]}},{"type":"Feature","properties":{"id":"india-osm-road-1021846872","name":"NH149;NH53"},"geometry":{"type":"Point","coordinates":[85.2257388,20.9455253]}},{"type":"Feature","properties":{"id":"india-osm-road-1021893849","name":"Ludhiana Bypass Road"},"geometry":{"type":"Point","coordinates":[75.88706025,30.8408719]}},{"type":"Feature","properties":{"id":"india-osm-road-1021903402","name":"Ferozepur Road"},"geometry":{"type":"Point","coordinates":[74.61115215,30.930129]}},{"type":"Feature","properties":{"id":"india-osm-road-1021927143","name":"NH75"},"geometry":{"type":"Point","coordinates":[78.13596100000001,13.115824]}},{"type":"Feature","properties":{"id":"india-osm-road-1021927144","name":"Kolar Bypass"},"geometry":{"type":"Point","coordinates":[78.1359736,13.11573215]}},{"type":"Feature","properties":{"id":"india-osm-road-102199924","name":"NH709B"},"geometry":{"type":"Point","coordinates":[77.54487333809061,29.945068345927677]}},{"type":"Feature","properties":{"id":"india-osm-road-1022046682","name":"NH46"},"geometry":{"type":"Point","coordinates":[76.9401674,23.84386025]}},{"type":"Feature","properties":{"id":"india-osm-road-1022245191","name":"Sher Shah Suri Marg - GT Road"},"geometry":{"type":"Point","coordinates":[75.98541080000001,30.8284368]}},{"type":"Feature","properties":{"id":"india-osm-road-102227125","name":"Sadarghat Bridge"},"geometry":{"type":"Point","coordinates":[87.8478377,23.210043849999998]}},{"type":"Feature","properties":{"id":"india-osm-road-1022376559","name":"NH548A"},"geometry":{"type":"Point","coordinates":[73.32326305000001,18.800670099999998]}},{"type":"Feature","properties":{"id":"india-osm-road-1022419017","name":"NH220;49"},"geometry":{"type":"Point","coordinates":[86.0674678,21.963140250000002]}},{"type":"Feature","properties":{"id":"india-osm-road-1022530253","name":"Bankura Bypass"},"geometry":{"type":"Point","coordinates":[87.0737589,23.2400374]}},{"type":"Feature","properties":{"id":"india-osm-road-1022602114","name":"Kulu Highway"},"geometry":{"type":"Point","coordinates":[77.13554825,32.103952050000004]}},{"type":"Feature","properties":{"id":"india-osm-road-1022644221","name":"Hissar Ambala Road"},"geometry":{"type":"Point","coordinates":[75.6565279,29.18880705]}},{"type":"Feature","properties":{"id":"india-osm-road-102264948","name":"Majiwada Flyover"},"geometry":{"type":"Point","coordinates":[72.9774989,19.2117122]}},{"type":"Feature","properties":{"id":"india-osm-road-1022662964","name":"NH352"},"geometry":{"type":"Point","coordinates":[76.27263405561567,29.37759679767142]}},{"type":"Feature","properties":{"id":"india-osm-road-1022662965","name":"Jind Bypass Flyover"},"geometry":{"type":"Point","coordinates":[76.2937692,29.34926615]}},{"type":"Feature","properties":{"id":"india-osm-road-1022662997","name":"Jind-Gohana-Sonipat Road Flyover"},"geometry":{"type":"Point","coordinates":[76.3591497,29.3084873]}},{"type":"Feature","properties":{"id":"india-osm-road-1022665928","name":"NH352A"},"geometry":{"type":"Point","coordinates":[77.0177865,28.993038650000003]}},{"type":"Feature","properties":{"id":"india-osm-road-102276904","name":"NH19;NH27"},"geometry":{"type":"Point","coordinates":[80.16465275,26.42969685]}},{"type":"Feature","properties":{"id":"india-osm-road-102276924","name":"Kanpur Bypass Flyover"},"geometry":{"type":"Point","coordinates":[80.40076788462574,26.397238894025232]}},{"type":"Feature","properties":{"id":"india-osm-road-102276987","name":"Kannauj Bypass"},"geometry":{"type":"Point","coordinates":[79.9103406,27.016171149999998]}},{"type":"Feature","properties":{"id":"india-osm-road-102276991","name":"Kanpur Bypass"},"geometry":{"type":"Point","coordinates":[80.22296460000001,26.45789555]}},{"type":"Feature","properties":{"id":"india-osm-road-102277066","name":"NH19;N27"},"geometry":{"type":"Point","coordinates":[80.1662868,26.429878350000003]}},{"type":"Feature","properties":{"id":"india-osm-road-102277084","name":"NH330D"},"geometry":{"type":"Point","coordinates":[79.99359094741264,27.117180588966203]}},{"type":"Feature","properties":{"id":"india-osm-road-102277150","name":"NH234"},"geometry":{"type":"Point","coordinates":[79.870628,27.008726250000002]}},{"type":"Feature","properties":{"id":"india-osm-road-1022802792","name":"NH61;NH752K"},"geometry":{"type":"Point","coordinates":[76.7636318,19.2628798]}},{"type":"Feature","properties":{"id":"india-osm-road-1022821423","name":"NH548DD"},"geometry":{"type":"Point","coordinates":[73.85854105,18.44808675]}},{"type":"Feature","properties":{"id":"india-osm-road-1022821424","name":"Satara Road"},"geometry":{"type":"Point","coordinates":[73.85860165,18.448146450000003]}},{"type":"Feature","properties":{"id":"india-osm-road-1022985628","name":"NH59"},"geometry":{"type":"Point","coordinates":[83.55174505,20.18411665]}},{"type":"Feature","properties":{"id":"india-osm-road-1023267066","name":"NH344"},"geometry":{"type":"Point","coordinates":[77.34103175,30.0767186]}},{"type":"Feature","properties":{"id":"india-osm-road-1023295981","name":"Islampur Bypass"},"geometry":{"type":"Point","coordinates":[88.1923093,26.235024799999998]}},{"type":"Feature","properties":{"id":"india-osm-road-1023365064","name":"NH63"},"geometry":{"type":"Point","coordinates":[77.96177804999999,18.68030665]}},{"type":"Feature","properties":{"id":"india-osm-road-1023433205","name":"Gadag Bypass"},"geometry":{"type":"Point","coordinates":[75.6089918,15.40103375]}},{"type":"Feature","properties":{"id":"india-osm-road-1023433215","name":"Lakkundi Road"},"geometry":{"type":"Point","coordinates":[75.646085,15.40003815]}},{"type":"Feature","properties":{"id":"india-osm-road-1023433216","name":"Hubli Gadag Road"},"geometry":{"type":"Point","coordinates":[75.5689008,15.4225911]}},{"type":"Feature","properties":{"id":"india-osm-road-1023442497","name":"Dahej Bypass"},"geometry":{"type":"Point","coordinates":[72.96891975,21.708682250000003]}},{"type":"Feature","properties":{"id":"india-osm-road-1023452231","name":"Vijayawada - Machilipatnam Road"},"geometry":{"type":"Point","coordinates":[80.94065535,16.33621165]}},{"type":"Feature","properties":{"id":"india-osm-road-1023542770","name":"jalesar road"},"geometry":{"type":"Point","coordinates":[78.0527064,27.24197995]}},{"type":"Feature","properties":{"id":"india-osm-road-1023544719","name":"Hatrash Road"},"geometry":{"type":"Point","coordinates":[78.03975065,27.2746127]}},{"type":"Feature","properties":{"id":"india-osm-road-1023606236","name":"Baghpat Road"},"geometry":{"type":"Point","coordinates":[77.58386525,28.9650884]}},{"type":"Feature","properties":{"id":"india-osm-road-1023822014","name":"NH367A"},"geometry":{"type":"Point","coordinates":[76.14819985,15.35214765]}},{"type":"Feature","properties":{"id":"india-osm-road-1023822015","name":"Ballari - Hubballi Road"},"geometry":{"type":"Point","coordinates":[76.16138615,15.3497169]}},{"type":"Feature","properties":{"id":"india-osm-road-1023830520","name":"Chambaghat Circle"},"geometry":{"type":"Point","coordinates":[77.09870035,30.923538]}},{"type":"Feature","properties":{"id":"india-osm-road-1023906643","name":"NH565;NH544D;NH544F"},"geometry":{"type":"Point","coordinates":[79.26120689999999,15.80472445]}},{"type":"Feature","properties":{"id":"india-osm-road-102403841","name":"Kona Expressway"},"geometry":{"type":"Point","coordinates":[88.262291,22.599069450000002]}},{"type":"Feature","properties":{"id":"india-osm-road-1024060083","name":"National Highway 24 Bypass"},"geometry":{"type":"Point","coordinates":[77.44656615,28.6354963]}},{"type":"Feature","properties":{"id":"india-osm-road-102408356","name":"NH116"},"geometry":{"type":"Point","coordinates":[87.8591555,22.43156185]}},{"type":"Feature","properties":{"id":"india-osm-road-102408358","name":"Haldia-Mecheda Highway"},"geometry":{"type":"Point","coordinates":[87.90055396877507,22.220252714833528]}},{"type":"Feature","properties":{"id":"india-osm-road-1024092819","name":"Gaya Bypass"},"geometry":{"type":"Point","coordinates":[84.9266219,24.7287831]}},{"type":"Feature","properties":{"id":"india-osm-road-102409317","name":"Kanpur_Raibarely RD"},"geometry":{"type":"Point","coordinates":[80.6442812,26.35579575]}},{"type":"Feature","properties":{"id":"india-osm-road-1024132563","name":"NH419"},"geometry":{"type":"Point","coordinates":[86.88102169999999,23.74789595]}},{"type":"Feature","properties":{"id":"india-osm-road-1024189436","name":"Jharia Road"},"geometry":{"type":"Point","coordinates":[86.41656195,23.78404015]}},{"type":"Feature","properties":{"id":"india-osm-road-1024191566","name":"Trichy - Namakkal Road"},"geometry":{"type":"Point","coordinates":[78.1725525,11.215209]}},{"type":"Feature","properties":{"id":"india-osm-road-1024282501","name":"Katras Road"},"geometry":{"type":"Point","coordinates":[86.4111568,23.788293]}},{"type":"Feature","properties":{"id":"india-osm-road-1024333339","name":"NH544E"},"geometry":{"type":"Point","coordinates":[77.27401411841805,13.925360579717461]}},{"type":"Feature","properties":{"id":"india-osm-road-1024346479","name":"NH365B"},"geometry":{"type":"Point","coordinates":[78.82060995,18.3823333]}},{"type":"Feature","properties":{"id":"india-osm-road-102454736","name":"Chennai Bypass"},"geometry":{"type":"Point","coordinates":[80.16880085,13.1268706]}},{"type":"Feature","properties":{"id":"india-osm-road-102454743","name":"Chennai Bypass Expressway"},"geometry":{"type":"Point","coordinates":[80.16126815,13.07223045]}},{"type":"Feature","properties":{"id":"india-osm-road-102454744","name":"Pattaravakkam Bridge"},"geometry":{"type":"Point","coordinates":[80.16425825,13.116929800000001]}},{"type":"Feature","properties":{"id":"india-osm-road-102459243","name":"Chennai - Tiruttani - Renigunta Road"},"geometry":{"type":"Point","coordinates":[80.1492169,13.12073295]}},{"type":"Feature","properties":{"id":"india-osm-road-102470520","name":"NH124C"},"geometry":{"type":"Point","coordinates":[83.66040025,25.557516800000002]}},{"type":"Feature","properties":{"id":"india-osm-road-102470549","name":"Gahmar Road"},"geometry":{"type":"Point","coordinates":[83.75935232840804,25.47605953927303]}},{"type":"Feature","properties":{"id":"india-osm-road-102470568","name":"Reotipur Road"},"geometry":{"type":"Point","coordinates":[83.7173336884097,25.476964657390802]}},{"type":"Feature","properties":{"id":"india-osm-road-1024726492","name":"NH753L"},"geometry":{"type":"Point","coordinates":[76.2937281,21.6795474]}},{"type":"Feature","properties":{"id":"india-osm-road-1024954649","name":"Daman Road"},"geometry":{"type":"Point","coordinates":[72.8473422,20.4181567]}},{"type":"Feature","properties":{"id":"india-osm-road-1025025614","name":"Theni Puravazhi Saalai"},"geometry":{"type":"Point","coordinates":[77.4569467,10.00679615]}},{"type":"Feature","properties":{"id":"india-osm-road-1025071493","name":"NH81"},"geometry":{"type":"Point","coordinates":[79.6657438,11.36983285]}},{"type":"Feature","properties":{"id":"india-osm-road-1025314874","name":"NH128C"},"geometry":{"type":"Point","coordinates":[83.39842895,26.226969]}},{"type":"Feature","properties":{"id":"india-osm-road-102535500","name":"Kodur- Dharmavaram Road"},"geometry":{"type":"Point","coordinates":[77.73020787046302,13.92993032703949]}},{"type":"Feature","properties":{"id":"india-osm-road-102535503","name":"NH544D"},"geometry":{"type":"Point","coordinates":[77.60924875,14.68082755]}},{"type":"Feature","properties":{"id":"india-osm-road-102537628","name":"NH67"},"geometry":{"type":"Point","coordinates":[77.64897893056649,15.108303911596293]}},{"type":"Feature","properties":{"id":"india-osm-road-1025398386","name":"Berhampore Bypass"},"geometry":{"type":"Point","coordinates":[88.21659441567608,24.112945169198547]}},{"type":"Feature","properties":{"id":"india-osm-road-1025404233","name":"Dalkhola Bypass"},"geometry":{"type":"Point","coordinates":[87.86883429858209,25.877301172998767]}},{"type":"Feature","properties":{"id":"india-osm-road-102540930","name":"NH160H"},"geometry":{"type":"Point","coordinates":[74.5259598,20.5546996]}},{"type":"Feature","properties":{"id":"india-osm-road-1025410429","name":"NH125"},"geometry":{"type":"Point","coordinates":[71.94691894327562,26.888292924725935]}},{"type":"Feature","properties":{"id":"india-osm-road-102542078","name":"Malegaon Bypass"},"geometry":{"type":"Point","coordinates":[74.56676635,20.57585665]}},{"type":"Feature","properties":{"id":"india-osm-road-1025433120","name":"Amra Marg"},"geometry":{"type":"Point","coordinates":[73.0358463,18.96454135]}},{"type":"Feature","properties":{"id":"india-osm-road-1025444545","name":"Panvel Uran Road"},"geometry":{"type":"Point","coordinates":[73.03767314999999,18.95956755]}},{"type":"Feature","properties":{"id":"india-osm-road-102545594","name":"NH752G"},"geometry":{"type":"Point","coordinates":[74.4369545,20.261738100000002]}},{"type":"Feature","properties":{"id":"india-osm-road-102546227","name":"NH753J"},"geometry":{"type":"Point","coordinates":[74.43951495,20.26113225]}},{"type":"Feature","properties":{"id":"india-osm-road-102546228","name":"State Highway 10"},"geometry":{"type":"Point","coordinates":[74.44240071082744,20.290389292131717]}},{"type":"Feature","properties":{"id":"india-osm-road-102548390","name":"NH160"},"geometry":{"type":"Point","coordinates":[74.67268862901074,19.22766474514678]}},{"type":"Feature","properties":{"id":"india-osm-road-102550199","name":"Grand Northern Trunk Road"},"geometry":{"type":"Point","coordinates":[80.1918301,13.1876759]}},{"type":"Feature","properties":{"id":"india-osm-road-102550204","name":"Grand Northern Trunk Road:old NH5"},"geometry":{"type":"Point","coordinates":[80.19203015,13.185783]}},{"type":"Feature","properties":{"id":"india-osm-road-102555274","name":"NH753F;NH160"},"geometry":{"type":"Point","coordinates":[74.7260274,19.0740353]}},{"type":"Feature","properties":{"id":"india-osm-road-102557920","name":"Ahmednagar Flyover"},"geometry":{"type":"Point","coordinates":[74.73751325,19.086959999999998]}},{"type":"Feature","properties":{"id":"india-osm-road-102557925","name":"NH561"},"geometry":{"type":"Point","coordinates":[74.82498455,19.053331149999998]}},{"type":"Feature","properties":{"id":"india-osm-road-102557927","name":"राष्ट्रीय महामार्ग ६१ , राष्ट्रीय महा"},"geometry":{"type":"Point","coordinates":[74.7316836,19.0896486]}},{"type":"Feature","properties":{"id":"india-osm-road-1025630823","name":"Burdwan Railway Flyover"},"geometry":{"type":"Point","coordinates":[87.8684714,23.24925275]}},{"type":"Feature","properties":{"id":"india-osm-road-102574228","name":"Jamtara-Dhanbad Road"},"geometry":{"type":"Point","coordinates":[86.50559630000001,23.83116825]}},{"type":"Feature","properties":{"id":"india-osm-road-102591121","name":"Bhadrak Bypass"},"geometry":{"type":"Point","coordinates":[86.49426345,21.06280345]}},{"type":"Feature","properties":{"id":"india-osm-road-1025993077","name":"NH503D"},"geometry":{"type":"Point","coordinates":[75.2147753,31.7958824]}},{"type":"Feature","properties":{"id":"india-osm-road-1026045759","name":"Chowkibal Karnah Road"},"geometry":{"type":"Point","coordinates":[73.98992849999999,34.4387624]}},{"type":"Feature","properties":{"id":"india-osm-road-102627671","name":"NH913"},"geometry":{"type":"Point","coordinates":[92.46701471618498,27.334626918743236]}},{"type":"Feature","properties":{"id":"india-osm-road-1026340860","name":"NH31;NH131A"},"geometry":{"type":"Point","coordinates":[87.5578814,25.5556545]}},{"type":"Feature","properties":{"id":"india-osm-road-102660980","name":"NH61"},"geometry":{"type":"Point","coordinates":[76.7749243,19.2606459]}},{"type":"Feature","properties":{"id":"india-osm-road-102662512","name":"NH361F"},"geometry":{"type":"Point","coordinates":[75.7531588,18.99008885]}},{"type":"Feature","properties":{"id":"india-osm-road-102664982","name":"Thiruvannamalai Road"},"geometry":{"type":"Point","coordinates":[79.37061713292992,12.249604712120336]}},{"type":"Feature","properties":{"id":"india-osm-road-1026671641","name":"NH114"},"geometry":{"type":"Point","coordinates":[87.7513725,23.47806935]}},{"type":"Feature","properties":{"id":"india-osm-road-102668360","name":"Dandi Heritage Highway"},"geometry":{"type":"Point","coordinates":[72.93090240000001,20.968387200000002]}},{"type":"Feature","properties":{"id":"india-osm-road-102671449","name":"NH360"},"geometry":{"type":"Point","coordinates":[73.0691693,20.7709828]}},{"type":"Feature","properties":{"id":"india-osm-road-102671452","name":"NH48;NH360"},"geometry":{"type":"Point","coordinates":[73.0607667,20.773769]}},{"type":"Feature","properties":{"id":"india-osm-road-1026750466","name":"Khandwa Road"},"geometry":{"type":"Point","coordinates":[75.88828332631374,22.613728756178293]}},{"type":"Feature","properties":{"id":"india-osm-road-1026750470","name":"Tejaji Nagar Square"},"geometry":{"type":"Point","coordinates":[75.88825915,22.6385586]}},{"type":"Feature","properties":{"id":"india-osm-road-102677896","name":"Mumbai Delhi Highway"},"geometry":{"type":"Point","coordinates":[72.9307135,19.712026700000003]}},{"type":"Feature","properties":{"id":"india-osm-road-1026788495","name":"Ring Road Flyover"},"geometry":{"type":"Point","coordinates":[75.83669814999999,22.68405525]}},{"type":"Feature","properties":{"id":"india-osm-road-1026916190","name":"Grand Trank Road"},"geometry":{"type":"Point","coordinates":[87.8653405,23.23447105]}},{"type":"Feature","properties":{"id":"india-osm-road-1027077362","name":"Durgapur Expressway"},"geometry":{"type":"Point","coordinates":[88.1290079,23.03755095]}},{"type":"Feature","properties":{"id":"india-osm-road-1027358803","name":"Barasat - Petrapole Highway"},"geometry":{"type":"Point","coordinates":[88.49477615,22.7251991]}},{"type":"Feature","properties":{"id":"india-osm-road-1027363020","name":"NH112"},"geometry":{"type":"Point","coordinates":[88.60074655,22.7999122]}},{"type":"Feature","properties":{"id":"india-osm-road-102754293","name":"NH328"},"geometry":{"type":"Point","coordinates":[83.14806970673938,26.98508584403235]}},{"type":"Feature","properties":{"id":"india-osm-road-102754337","name":"Main Road Tamkuhi Raj"},"geometry":{"type":"Point","coordinates":[84.18143305,26.6916753]}},{"type":"Feature","properties":{"id":"india-osm-road-102754343","name":"Dudahi - Padrauna Road"},"geometry":{"type":"Point","coordinates":[83.98691355,26.891990149999998]}},{"type":"Feature","properties":{"id":"india-osm-road-102754410","name":"Dudhi-Pardauna Road"},"geometry":{"type":"Point","coordinates":[84.14617129907226,26.806560731772734]}},{"type":"Feature","properties":{"id":"india-osm-road-102764824","name":"NH28;NH730"},"geometry":{"type":"Point","coordinates":[83.0588538,27.278379299999997]}},{"type":"Feature","properties":{"id":"india-osm-road-102769563","name":"Reasi Road"},"geometry":{"type":"Point","coordinates":[74.91011514622946,33.00340599779938]}},{"type":"Feature","properties":{"id":"india-osm-road-102769568","name":"NH144"},"geometry":{"type":"Point","coordinates":[74.9391084,32.91004015]}},{"type":"Feature","properties":{"id":"india-osm-road-1028285108","name":"NH12;NH16"},"geometry":{"type":"Point","coordinates":[88.28447075,22.619216]}},{"type":"Feature","properties":{"id":"india-osm-road-1029243604","name":"State Highway 82"},"geometry":{"type":"Point","coordinates":[77.3643539673062,29.379179162827093]}},{"type":"Feature","properties":{"id":"india-osm-road-1029341279","name":"NH512"},"geometry":{"type":"Point","coordinates":[88.39768185,25.390018]}},{"type":"Feature","properties":{"id":"india-osm-road-102946121","name":"NH727H"},"geometry":{"type":"Point","coordinates":[81.0592976665645,27.38189114975201]}},{"type":"Feature","properties":{"id":"india-osm-road-1029570088","name":"NH314"},"geometry":{"type":"Point","coordinates":[86.81583615,23.299706200000003]}},{"type":"Feature","properties":{"id":"india-osm-road-102978440","name":"Vidisha Road"},"geometry":{"type":"Point","coordinates":[77.71769003656976,23.46791188008234]}},{"type":"Feature","properties":{"id":"india-osm-road-102979990","name":"NH346"},"geometry":{"type":"Point","coordinates":[77.80114059135667,23.529938042794296]}},{"type":"Feature","properties":{"id":"india-osm-road-1030075050","name":"Dhanushkodi road"},"geometry":{"type":"Point","coordinates":[79.39850580000001,9.189210500000002]}},{"type":"Feature","properties":{"id":"india-osm-road-1030251070","name":"Bankura-Chhatna Rd"},"geometry":{"type":"Point","coordinates":[87.01657555,23.2570111]}},{"type":"Feature","properties":{"id":"india-osm-road-1030328543","name":"Pune Nashik Road"},"geometry":{"type":"Point","coordinates":[73.85989950000001,18.7491495]}},{"type":"Feature","properties":{"id":"india-osm-road-1030417111","name":"NH752B"},"geometry":{"type":"Point","coordinates":[76.12647235,23.95935465]}},{"type":"Feature","properties":{"id":"india-osm-road-1030514101","name":"NH39;MDR120"},"geometry":{"type":"Point","coordinates":[84.05208285,24.03632475]}},{"type":"Feature","properties":{"id":"india-osm-road-103079208","name":"NH561A"},"geometry":{"type":"Point","coordinates":[75.49086484644087,17.46570800957626]}},{"type":"Feature","properties":{"id":"india-osm-road-1031030926","name":"Thaltej Underpass"},"geometry":{"type":"Point","coordinates":[72.5179187,23.0512866]}},{"type":"Feature","properties":{"id":"india-osm-road-1031030935","name":"Pakwan Flyover"},"geometry":{"type":"Point","coordinates":[72.51178,23.0382464]}},{"type":"Feature","properties":{"id":"india-osm-road-1031031789","name":"Sanand Chokdi Flyover"},"geometry":{"type":"Point","coordinates":[72.49472915,22.9870394]}},{"type":"Feature","properties":{"id":"india-osm-road-1031080428","name":"Nemawar Road"},"geometry":{"type":"Point","coordinates":[75.92107975,22.68031555]}},{"type":"Feature","properties":{"id":"india-osm-road-1031494612","name":"Krishnagiri - Madanapalle Highway"},"geometry":{"type":"Point","coordinates":[78.34792983586146,12.729773272990931]}},{"type":"Feature","properties":{"id":"india-osm-road-1031528245","name":"NH731B"},"geometry":{"type":"Point","coordinates":[82.91786594999999,25.3151855]}},{"type":"Feature","properties":{"id":"india-osm-road-1031554492","name":"Nellore Bypass"},"geometry":{"type":"Point","coordinates":[79.98817410000001,14.51572925]}},{"type":"Feature","properties":{"id":"india-osm-road-103159737","name":"گرینڈ ٹرنک روڈ"},"geometry":{"type":"Point","coordinates":[74.53569805000001,31.60058355]}},{"type":"Feature","properties":{"id":"india-osm-road-103164988","name":"NH907"},"geometry":{"type":"Point","coordinates":[77.33956040000001,30.080890699999998]}},{"type":"Feature","properties":{"id":"india-osm-road-103170697","name":"Meerut Bypass"},"geometry":{"type":"Point","coordinates":[77.70773715,29.052994400000003]}},{"type":"Feature","properties":{"id":"india-osm-road-103187857","name":"NH70"},"geometry":{"type":"Point","coordinates":[70.22223172946647,25.86791754167362]}},{"type":"Feature","properties":{"id":"india-osm-road-103187861","name":"NH25"},"geometry":{"type":"Point","coordinates":[70.28066958968033,25.749030333559354]}},{"type":"Feature","properties":{"id":"india-osm-road-1031950589","name":"Mirzapur Road"},"geometry":{"type":"Point","coordinates":[81.8686067367983,25.404591833766258]}},{"type":"Feature","properties":{"id":"india-osm-road-103199049","name":"Bengaluru - Hyderabad Highway"},"geometry":{"type":"Point","coordinates":[77.69591556502918,13.90720612545996]}},{"type":"Feature","properties":{"id":"india-osm-road-1032468980","name":"Kunda Bypass"},"geometry":{"type":"Point","coordinates":[81.52020085000001,25.70106805]}},{"type":"Feature","properties":{"id":"india-osm-road-103269873","name":"Hosur Road"},"geometry":{"type":"Point","coordinates":[77.6676155,12.85179875]}},{"type":"Feature","properties":{"id":"india-osm-road-1033178836","name":"Narketpally – Addanki - Medarametla Road"},"geometry":{"type":"Point","coordinates":[79.93214904999999,16.07604465]}},{"type":"Feature","properties":{"id":"india-osm-road-1033378607","name":"Indore Bypass"},"geometry":{"type":"Point","coordinates":[75.90164730000001,22.6457814]}},{"type":"Feature","properties":{"id":"india-osm-road-1033404138","name":"NH652"},"geometry":{"type":"Point","coordinates":[76.09124905,17.987926700000003]}},{"type":"Feature","properties":{"id":"india-osm-road-1033404139","name":"Tuljapur Bypass"},"geometry":{"type":"Point","coordinates":[76.09919175,18.0060564]}},{"type":"Feature","properties":{"id":"india-osm-road-1033404154","name":"NH361"},"geometry":{"type":"Point","coordinates":[76.11153379999999,18.013599550000002]}},{"type":"Feature","properties":{"id":"india-osm-road-1033789745","name":"Cumbum Puravazhi Saalai"},"geometry":{"type":"Point","coordinates":[77.29503505,9.7571163]}},{"type":"Feature","properties":{"id":"india-osm-road-1033798437","name":"Chinnamanur Puravazhi Saalai"},"geometry":{"type":"Point","coordinates":[77.374859,9.838973450000001]}},{"type":"Feature","properties":{"id":"india-osm-road-1033805163","name":"NH87"},"geometry":{"type":"Point","coordinates":[78.61613545,9.514544]}},{"type":"Feature","properties":{"id":"india-osm-road-1033911124","name":"Mettupalayam -Coimbatore road kavundampalayam Flyover"},"geometry":{"type":"Point","coordinates":[76.94835175,11.04397015]}},{"type":"Feature","properties":{"id":"india-osm-road-1033911125","name":"Coimbatore - Mettupalayam road kavundampalayam Flyover"},"geometry":{"type":"Point","coordinates":[76.94822149999999,11.044079700000001]}},{"type":"Feature","properties":{"id":"india-osm-road-103396204","name":"NH730A"},"geometry":{"type":"Point","coordinates":[80.35104442317177,27.748025014718362]}},{"type":"Feature","properties":{"id":"india-osm-road-103405781","name":"NH216"},"geometry":{"type":"Point","coordinates":[82.1403822910784,16.66948936034589]}},{"type":"Feature","properties":{"id":"india-osm-road-103406558","name":"Palakollu Bypass"},"geometry":{"type":"Point","coordinates":[81.70420440000001,16.518663500000002]}},{"type":"Feature","properties":{"id":"india-osm-road-103406564","name":"NH165"},"geometry":{"type":"Point","coordinates":[81.70064195,16.519950299999998]}},{"type":"Feature","properties":{"id":"india-osm-road-1034704842","name":"NH347C"},"geometry":{"type":"Point","coordinates":[75.6170963,21.810713149999998]}},{"type":"Feature","properties":{"id":"india-osm-road-1034748913","name":"NH17"},"geometry":{"type":"Point","coordinates":[88.5826725,26.8688299]}},{"type":"Feature","properties":{"id":"india-osm-road-1034776540","name":"NH517"},"geometry":{"type":"Point","coordinates":[89.06257535,26.706002849999997]}},{"type":"Feature","properties":{"id":"india-osm-road-1034787801","name":"Theni Pradhana Salai"},"geometry":{"type":"Point","coordinates":[78.04552755,9.935934750000001]}},{"type":"Feature","properties":{"id":"india-osm-road-1034991071","name":"Rewari Bypass"},"geometry":{"type":"Point","coordinates":[76.6492246,28.1644301]}},{"type":"Feature","properties":{"id":"india-osm-road-1035033162","name":"NH717"},"geometry":{"type":"Point","coordinates":[88.7890185,26.60612055]}},{"type":"Feature","properties":{"id":"india-osm-road-1035093594","name":"Thoothukudi - Tiruchendur - Kanyakumari Road"},"geometry":{"type":"Point","coordinates":[78.1171469,8.5130339]}},{"type":"Feature","properties":{"id":"india-osm-road-1035125120","name":"Mainaguri Bypass"},"geometry":{"type":"Point","coordinates":[88.82917789999999,26.55669115]}},{"type":"Feature","properties":{"id":"india-osm-road-1035234581","name":"Mirzapur Bypass"},"geometry":{"type":"Point","coordinates":[82.59748669999999,25.0922657]}},{"type":"Feature","properties":{"id":"india-osm-road-1035258261","name":"NH166"},"geometry":{"type":"Point","coordinates":[75.75277385000001,17.6516298]}},{"type":"Feature","properties":{"id":"india-osm-road-1035328231","name":"NH47"},"geometry":{"type":"Point","coordinates":[78.29423556066435,21.768686900127808]}},{"type":"Feature","properties":{"id":"india-osm-road-1035402883","name":"NH20"},"geometry":{"type":"Point","coordinates":[85.66568965,22.6619564]}},{"type":"Feature","properties":{"id":"india-osm-road-1035580529","name":"Panvel Uran Road Flyover"},"geometry":{"type":"Point","coordinates":[73.0372035,18.95898435]}},{"type":"Feature","properties":{"id":"india-osm-road-1035896584","name":"Diamond Harbour Road"},"geometry":{"type":"Point","coordinates":[88.29953235,22.44900235]}},{"type":"Feature","properties":{"id":"india-osm-road-1035967351","name":"Kollam - Tirumangalam Highway"},"geometry":{"type":"Point","coordinates":[77.4463545,9.36265495]}},{"type":"Feature","properties":{"id":"india-osm-road-1036043399","name":"Gurugram New Sector Road Flyover"},"geometry":{"type":"Point","coordinates":[76.9613069,28.37893885]}},{"type":"Feature","properties":{"id":"india-osm-road-1036708837","name":"Varanasi Ring Road"},"geometry":{"type":"Point","coordinates":[82.8254276,25.27080415]}},{"type":"Feature","properties":{"id":"india-osm-road-1036780962","name":"Kanchrapara-Nagarukhra-Bongaon Intercity Hwy"},"geometry":{"type":"Point","coordinates":[88.71187369740835,22.929622287843284]}},{"type":"Feature","properties":{"id":"india-osm-road-1036830169","name":"Parasalai - Kollencode Road"},"geometry":{"type":"Point","coordinates":[77.1441092,8.329711199999998]}},{"type":"Feature","properties":{"id":"india-osm-road-1037029077","name":"NH106"},"geometry":{"type":"Point","coordinates":[91.64174495,25.55592715]}},{"type":"Feature","properties":{"id":"india-osm-road-1037081549","name":"Saliyamangalam Puravazhi Salai"},"geometry":{"type":"Point","coordinates":[79.27500585,10.7891945]}},{"type":"Feature","properties":{"id":"india-osm-road-1037096778","name":"NH206"},"geometry":{"type":"Point","coordinates":[91.82062379999999,25.528958350000003]}},{"type":"Feature","properties":{"id":"india-osm-road-1037195821","name":"Solapur Road"},"geometry":{"type":"Point","coordinates":[74.2709524,18.47586475]}},{"type":"Feature","properties":{"id":"india-osm-road-1037228358","name":"NH103"},"geometry":{"type":"Point","coordinates":[76.60043585,31.5637688]}},{"type":"Feature","properties":{"id":"india-osm-road-1037281803","name":"Oddanchatram - Dharapuram - Tiruppur Road"},"geometry":{"type":"Point","coordinates":[77.7040858,10.574747899999998]}},{"type":"Feature","properties":{"id":"india-osm-road-1037290388","name":"Oddanchatram Puravazhi Salai"},"geometry":{"type":"Point","coordinates":[77.74572079999999,10.5033851]}},{"type":"Feature","properties":{"id":"india-osm-road-1038173680","name":"NH29"},"geometry":{"type":"Point","coordinates":[93.8172434,25.7708974]}},{"type":"Feature","properties":{"id":"india-osm-road-1039029101","name":"Mathura Road"},"geometry":{"type":"Point","coordinates":[77.26881595,28.558450649999997]}},{"type":"Feature","properties":{"id":"india-osm-road-1039446042","name":"East Coast Road"},"geometry":{"type":"Point","coordinates":[79.85954645000001,12.0188331]}},{"type":"Feature","properties":{"id":"india-osm-road-1039584203","name":"Chennai Bangalore Highway"},"geometry":{"type":"Point","coordinates":[80.1611216,13.06128725]}},{"type":"Feature","properties":{"id":"india-osm-road-1039806391","name":"Kalka Bypass"},"geometry":{"type":"Point","coordinates":[76.9467445,30.8267617]}},{"type":"Feature","properties":{"id":"india-osm-road-1040111885","name":"NH129"},"geometry":{"type":"Point","coordinates":[93.72746855,25.9443628]}},{"type":"Feature","properties":{"id":"india-osm-road-1040131051","name":"NH129A"},"geometry":{"type":"Point","coordinates":[93.72117975,25.90836885]}},{"type":"Feature","properties":{"id":"india-osm-road-1040140968","name":"Puttur - Uthukottai - Janappanchatram Road"},"geometry":{"type":"Point","coordinates":[79.8840618,13.3332993]}},{"type":"Feature","properties":{"id":"india-osm-road-1040250461","name":"NH10"},"geometry":{"type":"Point","coordinates":[88.4314473,26.7446212]}},{"type":"Feature","properties":{"id":"india-osm-road-104027348","name":"NH38"},"geometry":{"type":"Point","coordinates":[79.48470385,11.97934975]}},{"type":"Feature","properties":{"id":"india-osm-road-104027350","name":"Viluppuram Puravazhi Salai"},"geometry":{"type":"Point","coordinates":[79.4707496,11.9173294]}},{"type":"Feature","properties":{"id":"india-osm-road-1040439219","name":"NH848A"},"geometry":{"type":"Point","coordinates":[72.98953159999999,20.2713517]}},{"type":"Feature","properties":{"id":"india-osm-road-104044114","name":"Badaun Bypass Road"},"geometry":{"type":"Point","coordinates":[79.37083935,28.29521805]}},{"type":"Feature","properties":{"id":"india-osm-road-104044128","name":"NH21"},"geometry":{"type":"Point","coordinates":[79.36183679131737,28.282716199788485]}},{"type":"Feature","properties":{"id":"india-osm-road-104044804","name":"Karur Bypass"},"geometry":{"type":"Point","coordinates":[78.06098415,10.962908]}},{"type":"Feature","properties":{"id":"india-osm-road-1040466577","name":"NH347B"},"geometry":{"type":"Point","coordinates":[75.6740768,21.823005700000003]}},{"type":"Feature","properties":{"id":"india-osm-road-1040567185","name":"Vandalur Flyover"},"geometry":{"type":"Point","coordinates":[80.07986199999999,12.878587249999999]}},{"type":"Feature","properties":{"id":"india-osm-road-1040719302","name":"Chengalpattu - Kancheepuram Highway"},"geometry":{"type":"Point","coordinates":[79.96837310000001,12.699834599999999]}},{"type":"Feature","properties":{"id":"india-osm-road-1040827865","name":"Chennai - Tirupati Highway"},"geometry":{"type":"Point","coordinates":[79.87426929528125,13.1436374708162]}},{"type":"Feature","properties":{"id":"india-osm-road-1041010598","name":"NH50"},"geometry":{"type":"Point","coordinates":[77.1254447,18.372112100000002]}},{"type":"Feature","properties":{"id":"india-osm-road-104118290","name":"NH365BB"},"geometry":{"type":"Point","coordinates":[80.0860528,17.2399147]}},{"type":"Feature","properties":{"id":"india-osm-road-104118291","name":"Khammam-Suryapet"},"geometry":{"type":"Point","coordinates":[80.07431435000001,17.2378473]}},{"type":"Feature","properties":{"id":"india-osm-road-1041210446","name":"Kasargod-Kannur-Calicut Highway"},"geometry":{"type":"Point","coordinates":[75.37361630000001,11.87638935]}},{"type":"Feature","properties":{"id":"india-osm-road-1041238642","name":"Kannur-Calicut-Valanchery Highway"},"geometry":{"type":"Point","coordinates":[75.4041464,11.86810915]}},{"type":"Feature","properties":{"id":"india-osm-road-1041286473","name":"NH127B"},"geometry":{"type":"Point","coordinates":[90.51459799673859,25.583771193307587]}},{"type":"Feature","properties":{"id":"india-osm-road-1041392065","name":"NH77"},"geometry":{"type":"Point","coordinates":[78.7953439,12.2925334]}},{"type":"Feature","properties":{"id":"india-osm-road-104143699","name":"NH730C"},"geometry":{"type":"Point","coordinates":[79.6291801,27.40067845]}},{"type":"Feature","properties":{"id":"india-osm-road-104143773","name":"NH730B"},"geometry":{"type":"Point","coordinates":[79.77751498363189,28.26203255687508]}},{"type":"Feature","properties":{"id":"india-osm-road-1041605474","name":"Villupuram - Pondy - Nagapattinam Road (Old NH45A)"},"geometry":{"type":"Point","coordinates":[79.67303129999999,11.4239309]}},{"type":"Feature","properties":{"id":"india-osm-road-1041711428","name":"Calicut-Malappuram-Palakkad Road"},"geometry":{"type":"Point","coordinates":[76.22011275,10.977012949999999]}},{"type":"Feature","properties":{"id":"india-osm-road-1041711432","name":"Kozhikode-Palakkad Byepass Road"},"geometry":{"type":"Point","coordinates":[76.2208857,10.9835975]}},{"type":"Feature","properties":{"id":"india-osm-road-104172292","name":"NH544"},"geometry":{"type":"Point","coordinates":[77.91080685,11.50256135]}},{"type":"Feature","properties":{"id":"india-osm-road-1041738414","name":"Thanjavur Sutru Salai"},"geometry":{"type":"Point","coordinates":[79.13295635,10.828361699999999]}},{"type":"Feature","properties":{"id":"india-osm-road-104181788","name":"Tiruvannamalai - Thanipadi - Harur Road"},"geometry":{"type":"Point","coordinates":[78.63938616291786,12.063286650778998]}},{"type":"Feature","properties":{"id":"india-osm-road-1042125691","name":"NH948"},"geometry":{"type":"Point","coordinates":[77.00128995,11.066703350000001]}},{"type":"Feature","properties":{"id":"india-osm-road-1042171949","name":"Kasaragodu Road"},"geometry":{"type":"Point","coordinates":[74.86531525000001,12.86702205]}},{"type":"Feature","properties":{"id":"india-osm-road-1042171957","name":"NH73"},"geometry":{"type":"Point","coordinates":[74.86432794999999,12.86915205]}},{"type":"Feature","properties":{"id":"india-osm-road-1042202128","name":"NH58"},"geometry":{"type":"Point","coordinates":[74.34720085000001,26.133122]}},{"type":"Feature","properties":{"id":"india-osm-road-104227474","name":"Kodad-Khammam"},"geometry":{"type":"Point","coordinates":[80.10181105,17.2360676]}},{"type":"Feature","properties":{"id":"india-osm-road-104236888","name":"NH3;NH154"},"geometry":{"type":"Point","coordinates":[76.93441265,31.7055323]}},{"type":"Feature","properties":{"id":"india-osm-road-1042750950","name":"Goelkera - Sonua Road"},"geometry":{"type":"Point","coordinates":[85.4328189,22.53496805]}},{"type":"Feature","properties":{"id":"india-osm-road-1042750956","name":"NH320D"},"geometry":{"type":"Point","coordinates":[85.34568775,22.513750950000002]}},{"type":"Feature","properties":{"id":"india-osm-road-1042823158","name":"NH230"},"geometry":{"type":"Point","coordinates":[80.8601409,26.85668805]}},{"type":"Feature","properties":{"id":"india-osm-road-1042905511","name":"NH32"},"geometry":{"type":"Point","coordinates":[79.6471424,10.5262368]}},{"type":"Feature","properties":{"id":"india-osm-road-1043313064","name":"Trichy Road"},"geometry":{"type":"Point","coordinates":[78.7751948,10.58501755]}},{"type":"Feature","properties":{"id":"india-osm-road-1043330469","name":"Pudukkottai Bypass"},"geometry":{"type":"Point","coordinates":[78.7893139,10.41092735]}},{"type":"Feature","properties":{"id":"india-osm-road-1043341811","name":"NH202"},"geometry":{"type":"Point","coordinates":[94.0719822,24.87538585]}},{"type":"Feature","properties":{"id":"india-osm-road-1043383141","name":"Kumbakonam Bypass Road"},"geometry":{"type":"Point","coordinates":[79.39447820000001,10.98163775]}},{"type":"Feature","properties":{"id":"india-osm-road-1043412129","name":"NH2"},"geometry":{"type":"Point","coordinates":[93.94432194999999,24.8202721]}},{"type":"Feature","properties":{"id":"india-osm-road-1043418005","name":"Tiddim Road"},"geometry":{"type":"Point","coordinates":[93.93533105,24.79975255]}},{"type":"Feature","properties":{"id":"india-osm-road-1043633837","name":"NH102"},"geometry":{"type":"Point","coordinates":[93.9398323,24.80243785]}},{"type":"Feature","properties":{"id":"india-osm-road-1043652353","name":"NH137A"},"geometry":{"type":"Point","coordinates":[93.93340331079568,24.782891067822664]}},{"type":"Feature","properties":{"id":"india-osm-road-1043683586","name":"New Cachar Road"},"geometry":{"type":"Point","coordinates":[93.93399315,24.8032932]}},{"type":"Feature","properties":{"id":"india-osm-road-1044132407","name":"Amalapuram - Bobbarlanka Road"},"geometry":{"type":"Point","coordinates":[81.89509925,16.7096175]}},{"type":"Feature","properties":{"id":"india-osm-road-1044137357","name":"Varanasi - KanyaKumari Flyover"},"geometry":{"type":"Point","coordinates":[78.1486218,11.62523695]}},{"type":"Feature","properties":{"id":"india-osm-road-1044152958","name":"Bhandara Bypass"},"geometry":{"type":"Point","coordinates":[79.6130663,21.13852715]}},{"type":"Feature","properties":{"id":"india-osm-road-1044152983","name":"Wainganga Bridge/Bhandara Bypass"},"geometry":{"type":"Point","coordinates":[79.6281261,21.13007245]}},{"type":"Feature","properties":{"id":"india-osm-road-1044168202","name":"Meerut-Pauri Highway"},"geometry":{"type":"Point","coordinates":[78.67087798033833,29.883812707645376]}},{"type":"Feature","properties":{"id":"india-osm-road-1044370518","name":"SH2"},"geometry":{"type":"Point","coordinates":[79.1973218,17.2001677]}},{"type":"Feature","properties":{"id":"india-osm-road-1044448201","name":"Narketpally - Addanki - Medarametla Road;NH167"},"geometry":{"type":"Point","coordinates":[79.5717946,16.859222799999998]}},{"type":"Feature","properties":{"id":"india-osm-road-1044489927","name":"Kamarajar Salai"},"geometry":{"type":"Point","coordinates":[78.12515105,9.917823550000001]}},{"type":"Feature","properties":{"id":"india-osm-road-1044628966","name":"NH320"},"geometry":{"type":"Point","coordinates":[86.0892038,23.6400351]}},{"type":"Feature","properties":{"id":"india-osm-road-1044650301","name":"Kadapa Bypass Road"},"geometry":{"type":"Point","coordinates":[78.88867555,14.439468699999999]}},{"type":"Feature","properties":{"id":"india-osm-road-1044725132","name":"Agartala Bypass"},"geometry":{"type":"Point","coordinates":[91.3439144,23.8466941]}},{"type":"Feature","properties":{"id":"india-osm-road-104495150","name":"NH41"},"geometry":{"type":"Point","coordinates":[69.1477431,22.9637023]}},{"type":"Feature","properties":{"id":"india-osm-road-104495350","name":"NH341"},"geometry":{"type":"Point","coordinates":[70.0262977,23.1264859]}},{"type":"Feature","properties":{"id":"india-osm-road-1045101558","name":"NH146B"},"geometry":{"type":"Point","coordinates":[77.6770362,22.774977300000003]}},{"type":"Feature","properties":{"id":"india-osm-road-104557069","name":"NH927C"},"geometry":{"type":"Point","coordinates":[70.6490796,23.57336075]}},{"type":"Feature","properties":{"id":"india-osm-road-104562577","name":"Abu Road Bypass"},"geometry":{"type":"Point","coordinates":[72.77427449999999,24.465095400000003]}},{"type":"Feature","properties":{"id":"india-osm-road-1046059100","name":"Sevoke Road"},"geometry":{"type":"Point","coordinates":[88.45101625000001,26.8032775]}},{"type":"Feature","properties":{"id":"india-osm-road-1046141523","name":"NH315A"},"geometry":{"type":"Point","coordinates":[95.3214021,27.337921549999997]}},{"type":"Feature","properties":{"id":"india-osm-road-1046149611","name":"Tinsukia Road"},"geometry":{"type":"Point","coordinates":[95.3237973,27.3905221]}},{"type":"Feature","properties":{"id":"india-osm-road-1046204614","name":"Kanyakumari Varanasi"},"geometry":{"type":"Point","coordinates":[78.01936160029814,11.136839685259764]}},{"type":"Feature","properties":{"id":"india-osm-road-104628189","name":"Khammam Bypass"},"geometry":{"type":"Point","coordinates":[80.14108805000001,17.2656713]}},{"type":"Feature","properties":{"id":"india-osm-road-104630292","name":"NH365A"},"geometry":{"type":"Point","coordinates":[80.11800925,17.2558778]}},{"type":"Feature","properties":{"id":"india-osm-road-1046305112","name":"NH161A"},"geometry":{"type":"Point","coordinates":[77.71865120000001,20.1057132]}},{"type":"Feature","properties":{"id":"india-osm-road-1046393942","name":"Hosur - Adiyamankottai Road"},"geometry":{"type":"Point","coordinates":[77.83256220000001,12.7307311]}},{"type":"Feature","properties":{"id":"india-osm-road-104639410","name":"Daman to NH48"},"geometry":{"type":"Point","coordinates":[72.88857335,20.46548545]}},{"type":"Feature","properties":{"id":"india-osm-road-1046401709","name":"NH15"},"geometry":{"type":"Point","coordinates":[94.87615955,27.39217855]}},{"type":"Feature","properties":{"id":"india-osm-road-1046460474","name":"Hosur - Adhiyamankottai Road"},"geometry":{"type":"Point","coordinates":[77.83264285,12.730988750000002]}},{"type":"Feature","properties":{"id":"india-osm-road-1046470378","name":"Brahmanapalli Bypass"},"geometry":{"type":"Point","coordinates":[79.84556447918845,16.5045060420721]}},{"type":"Feature","properties":{"id":"india-osm-road-1046585423","name":"Nimbahera Bypass"},"geometry":{"type":"Point","coordinates":[74.6727602,24.6566914]}},{"type":"Feature","properties":{"id":"india-osm-road-1046766926","name":"old NH52B"},"geometry":{"type":"Point","coordinates":[94.8709875,27.3854458]}},{"type":"Feature","properties":{"id":"india-osm-road-1046796071","name":"Thoppur - Mettur - Bhavani - Erode Road"},"geometry":{"type":"Point","coordinates":[77.68392800000001,11.44665335]}},{"type":"Feature","properties":{"id":"india-osm-road-1046805546","name":"Piduguralla Bypass"},"geometry":{"type":"Point","coordinates":[79.8811525725031,16.488345487024016]}},{"type":"Feature","properties":{"id":"india-osm-road-1046994430","name":"NH167A"},"geometry":{"type":"Point","coordinates":[79.9489676,16.33832905]}},{"type":"Feature","properties":{"id":"india-osm-road-1046999765","name":"Rompicherla Bypass"},"geometry":{"type":"Point","coordinates":[79.9161701,16.2099394]}},{"type":"Feature","properties":{"id":"india-osm-road-1047002088","name":"Coimbatore - Tiruchirapalli Nedunchalai"},"geometry":{"type":"Point","coordinates":[77.42656875,10.9679547]}},{"type":"Feature","properties":{"id":"india-osm-road-1047066643","name":"Avinashi Bypass"},"geometry":{"type":"Point","coordinates":[77.2932327,11.194053149999998]}},{"type":"Feature","properties":{"id":"india-osm-road-1047091946","name":"Narasaraopet - Vinukonda road"},"geometry":{"type":"Point","coordinates":[79.92947625,16.1191649]}},{"type":"Feature","properties":{"id":"india-osm-road-1047153839","name":"Sankari - Erode - Vellakovil Road"},"geometry":{"type":"Point","coordinates":[77.77499115,11.207545549999999]}},{"type":"Feature","properties":{"id":"india-osm-road-104720226","name":"Moradabad Bypass"},"geometry":{"type":"Point","coordinates":[78.72719044339541,28.802421231600242]}},{"type":"Feature","properties":{"id":"india-osm-road-1047449724","name":"JNPT Road"},"geometry":{"type":"Point","coordinates":[72.983981,18.91151345]}},{"type":"Feature","properties":{"id":"india-osm-road-1047496830","name":"Rajamunda - Rimuli Road"},"geometry":{"type":"Point","coordinates":[85.0772305,22.00659215]}},{"type":"Feature","properties":{"id":"india-osm-road-1047794146","name":"Erode - Bhavani - Mettur - Thoppur Road"},"geometry":{"type":"Point","coordinates":[77.6760324,11.4234347]}},{"type":"Feature","properties":{"id":"india-osm-road-104789704","name":"NH305"},"geometry":{"type":"Point","coordinates":[77.22222365,31.72606435]}},{"type":"Feature","properties":{"id":"india-osm-road-104805147","name":"NH62"},"geometry":{"type":"Point","coordinates":[73.27812470818759,27.89616599887047]}},{"type":"Feature","properties":{"id":"india-osm-road-104805160","name":"NH62;11"},"geometry":{"type":"Point","coordinates":[73.37536075,28.13772565]}},{"type":"Feature","properties":{"id":"india-osm-road-104805172","name":"Bikaner Bypass"},"geometry":{"type":"Point","coordinates":[73.31575609708851,27.955959621393717]}},{"type":"Feature","properties":{"id":"india-osm-road-104826441","name":"Alibag Road"},"geometry":{"type":"Point","coordinates":[72.91989920638935,18.6810640980333]}},{"type":"Feature","properties":{"id":"india-osm-road-1048441578","name":"Suryapet - Khammam Expressway"},"geometry":{"type":"Point","coordinates":[79.65379075,17.18479465]}},{"type":"Feature","properties":{"id":"india-osm-road-104909953","name":"NH709AD"},"geometry":{"type":"Point","coordinates":[78.31681425025916,29.426812811910807]}},{"type":"Feature","properties":{"id":"india-osm-road-104921073","name":"Anantapur - Kalyandurg - Rayadurg Road"},"geometry":{"type":"Point","coordinates":[77.08401883366383,14.640611377036329]}},{"type":"Feature","properties":{"id":"india-osm-road-1049263878","name":"Madurai Ring Road"},"geometry":{"type":"Point","coordinates":[78.16953325,9.924325]}},{"type":"Feature","properties":{"id":"india-osm-road-1049265998","name":"NH67;NH544F"},"geometry":{"type":"Point","coordinates":[78.1274499,14.82013085]}},{"type":"Feature","properties":{"id":"india-osm-road-1049280375","name":"NH752"},"geometry":{"type":"Point","coordinates":[76.5916601,24.4236146]}},{"type":"Feature","properties":{"id":"india-osm-road-1049286992","name":"Bhandara City Protection Wall Road"},"geometry":{"type":"Point","coordinates":[79.67457619467545,21.174606808717662]}},{"type":"Feature","properties":{"id":"india-osm-road-1049317652","name":"Dindigul - Natham - Karaikudi Road"},"geometry":{"type":"Point","coordinates":[78.31938695,10.2168075]}},{"type":"Feature","properties":{"id":"india-osm-road-1049473846","name":"NH383"},"geometry":{"type":"Point","coordinates":[77.97607015,10.3623769]}},{"type":"Feature","properties":{"id":"india-osm-road-1049501590","name":"Bannerghatta Road"},"geometry":{"type":"Point","coordinates":[77.6006189,12.9073367]}},{"type":"Feature","properties":{"id":"india-osm-road-104954974","name":"NH534"},"geometry":{"type":"Point","coordinates":[78.3604884,29.616723]}},{"type":"Feature","properties":{"id":"india-osm-road-1049573836","name":"Pudukkottai Road"},"geometry":{"type":"Point","coordinates":[78.75243474999999,10.25443215]}},{"type":"Feature","properties":{"id":"india-osm-road-1049692258","name":"Manoharpur - Jaraikela Road"},"geometry":{"type":"Point","coordinates":[85.20076085,22.355876549999998]}},{"type":"Feature","properties":{"id":"india-osm-road-1049715884","name":"Rourkela - Bisra -Jaraikela Road"},"geometry":{"type":"Point","coordinates":[85.11300505,22.3075433]}},{"type":"Feature","properties":{"id":"india-osm-road-1049837343","name":"NH68"},"geometry":{"type":"Point","coordinates":[72.1342401,23.84359535]}},{"type":"Feature","properties":{"id":"india-osm-road-1049938555","name":"Varanasi - Kanniyakumari Road (Old NH7)"},"geometry":{"type":"Point","coordinates":[78.12820805,9.928760050000001]}},{"type":"Feature","properties":{"id":"india-osm-road-1050101353","name":"Station Road, Manoharpur"},"geometry":{"type":"Point","coordinates":[85.19307965,22.369637150000003]}},{"type":"Feature","properties":{"id":"india-osm-road-1050211523","name":"Othakadai Puravazhi Salai"},"geometry":{"type":"Point","coordinates":[78.17479209999999,9.937729449999999]}},{"type":"Feature","properties":{"id":"india-osm-road-105021292","name":"Bijnor Bypass"},"geometry":{"type":"Point","coordinates":[78.13569409868165,29.397421128244936]}},{"type":"Feature","properties":{"id":"india-osm-road-105021334","name":"NH534;NH734"},"geometry":{"type":"Point","coordinates":[78.34040985,29.605232450000003]}},{"type":"Feature","properties":{"id":"india-osm-road-1050267128","name":"Taluk Office Road"},"geometry":{"type":"Point","coordinates":[77.82951835,12.7349245]}},{"type":"Feature","properties":{"id":"india-osm-road-1050267130","name":"Dabaspete - Hosur Highway"},"geometry":{"type":"Point","coordinates":[77.82975669999999,12.7361112]}},{"type":"Feature","properties":{"id":"india-osm-road-1051129572","name":"Hill Cart Road"},"geometry":{"type":"Point","coordinates":[88.33252219566533,26.83985939202462]}},{"type":"Feature","properties":{"id":"india-osm-road-1051177658","name":"Mettupalayam-Coimbatore Road"},"geometry":{"type":"Point","coordinates":[76.95851590000001,11.2429928]}},{"type":"Feature","properties":{"id":"india-osm-road-1051268682","name":"NH516E"},"geometry":{"type":"Point","coordinates":[81.8049198,17.059085000000003]}},{"type":"Feature","properties":{"id":"india-osm-road-105143454","name":"NH730;NH731"},"geometry":{"type":"Point","coordinates":[80.26821275,28.21888485]}},{"type":"Feature","properties":{"id":"india-osm-road-1051439709","name":"Mudigere-Kadur Road"},"geometry":{"type":"Point","coordinates":[75.77163285,13.31811345]}},{"type":"Feature","properties":{"id":"india-osm-road-1051505260","name":"Beluru Road"},"geometry":{"type":"Point","coordinates":[75.77773295,13.3124136]}},{"type":"Feature","properties":{"id":"india-osm-road-1051589817","name":"NH146"},"geometry":{"type":"Point","coordinates":[78.4511988,23.7844433]}},{"type":"Feature","properties":{"id":"india-osm-road-1051750386","name":"Sagara Road"},"geometry":{"type":"Point","coordinates":[75.35142765,14.073942500000001]}},{"type":"Feature","properties":{"id":"india-osm-road-1051805908","name":"NH69"},"geometry":{"type":"Point","coordinates":[75.56696690000001,13.91976235]}},{"type":"Feature","properties":{"id":"india-osm-road-1051985892","name":"B M Road"},"geometry":{"type":"Point","coordinates":[76.09633414999999,13.001717450000001]}},{"type":"Feature","properties":{"id":"india-osm-road-1051985893","name":"Bengaluru - Mangaluru Road"},"geometry":{"type":"Point","coordinates":[76.0963893,13.00164525]}},{"type":"Feature","properties":{"id":"india-osm-road-1051985894","name":"NH373"},"geometry":{"type":"Point","coordinates":[76.100263,13.0033009]}},{"type":"Feature","properties":{"id":"india-osm-road-1051990234","name":"NH333A"},"geometry":{"type":"Point","coordinates":[87.3556641,24.757004449999997]}},{"type":"Feature","properties":{"id":"india-osm-road-1052118770","name":"NH123"},"geometry":{"type":"Point","coordinates":[77.9011454,26.74568855]}},{"type":"Feature","properties":{"id":"india-osm-road-1052167407","name":"Coonoor-Mettupalayam Road"},"geometry":{"type":"Point","coordinates":[76.9312007,11.31177795]}},{"type":"Feature","properties":{"id":"india-osm-road-1052172539","name":"NH229"},"geometry":{"type":"Point","coordinates":[93.84651035,25.69949]}},{"type":"Feature","properties":{"id":"india-osm-road-1052189361","name":"Punglawa-Mgwalwa"},"geometry":{"type":"Point","coordinates":[93.8292074,25.66484255]}},{"type":"Feature","properties":{"id":"india-osm-road-1052202453","name":"Bengaluru - Mangalore Highway"},"geometry":{"type":"Point","coordinates":[76.214192,12.9839129]}},{"type":"Feature","properties":{"id":"india-osm-road-1052269798","name":"Tindivanam Road"},"geometry":{"type":"Point","coordinates":[79.10798120000001,12.2366299]}},{"type":"Feature","properties":{"id":"india-osm-road-1052270346","name":"NH133A"},"geometry":{"type":"Point","coordinates":[87.73900785000001,24.79282675]}},{"type":"Feature","properties":{"id":"india-osm-road-1052916436","name":"NH329A"},"geometry":{"type":"Point","coordinates":[93.71416255,25.8636323]}},{"type":"Feature","properties":{"id":"india-osm-road-1052973009","name":"NH120"},"geometry":{"type":"Point","coordinates":[85.47541648840142,25.13387692456883]}},{"type":"Feature","properties":{"id":"india-osm-road-1053199076","name":"Pune Bangalore Highway"},"geometry":{"type":"Point","coordinates":[77.24233835,13.22674015]}},{"type":"Feature","properties":{"id":"india-osm-road-1053255586","name":"Ghatkopar - Mankhurd Link Road"},"geometry":{"type":"Point","coordinates":[72.91479225,19.06299685]}},{"type":"Feature","properties":{"id":"india-osm-road-1053834380","name":"Nagaur Bypass"},"geometry":{"type":"Point","coordinates":[73.785972,27.1782824]}},{"type":"Feature","properties":{"id":"india-osm-road-1054319466","name":"Gwalior South Bypass"},"geometry":{"type":"Point","coordinates":[78.19539004999999,26.120278550000002]}},{"type":"Feature","properties":{"id":"india-osm-road-1054664822","name":"NH37"},"geometry":{"type":"Point","coordinates":[92.58135665,24.8737725]}},{"type":"Feature","properties":{"id":"india-osm-road-1054670858","name":"NH6;NH37"},"geometry":{"type":"Point","coordinates":[92.6141432,24.85642815]}},{"type":"Feature","properties":{"id":"india-osm-road-1054694674","name":"Tarapur"},"geometry":{"type":"Point","coordinates":[92.79246655,24.829212599999998]}},{"type":"Feature","properties":{"id":"india-osm-road-105479104","name":"NH709A"},"geometry":{"type":"Point","coordinates":[77.52852870483052,29.159266085426875]}},{"type":"Feature","properties":{"id":"india-osm-road-1054995976","name":"Palakkad-Malappuram-Calicut Road"},"geometry":{"type":"Point","coordinates":[76.63949149999999,10.7972569]}},{"type":"Feature","properties":{"id":"india-osm-road-1054995978","name":"NH966"},"geometry":{"type":"Point","coordinates":[76.63889309999999,10.79719395]}},{"type":"Feature","properties":{"id":"india-osm-road-1054999311","name":"Dewas Bypass"},"geometry":{"type":"Point","coordinates":[76.08428365,22.96018385]}},{"type":"Feature","properties":{"id":"india-osm-road-1055050879","name":"NH132B"},"geometry":{"type":"Point","coordinates":[79.7056929,12.8286763]}},{"type":"Feature","properties":{"id":"india-osm-road-105521697","name":"Shamli - Muzaffarnagar Bypass"},"geometry":{"type":"Point","coordinates":[77.6757279,29.43285905]}},{"type":"Feature","properties":{"id":"india-osm-road-105521720","name":"Bhopa Road"},"geometry":{"type":"Point","coordinates":[77.94006858769835,29.47034425347805]}},{"type":"Feature","properties":{"id":"india-osm-road-1055276857","name":"Pollachi road"},"geometry":{"type":"Point","coordinates":[76.97155375,10.960894799999998]}},{"type":"Feature","properties":{"id":"india-osm-road-1055580664","name":"NH169A"},"geometry":{"type":"Point","coordinates":[74.79672289999999,13.355091949999998]}},{"type":"Feature","properties":{"id":"india-osm-road-1055580665","name":"Thirthahalli - Udupi Highway"},"geometry":{"type":"Point","coordinates":[74.7961119,13.35506595]}},{"type":"Feature","properties":{"id":"india-osm-road-1055594432","name":"Saswad Road"},"geometry":{"type":"Point","coordinates":[73.9528186,18.48610505]}},{"type":"Feature","properties":{"id":"india-osm-road-1055599191","name":"Tumkur Road"},"geometry":{"type":"Point","coordinates":[77.54485435000001,13.02624805]}},{"type":"Feature","properties":{"id":"india-osm-road-1055874738","name":"Villupuram Puducherry Nagapattinam"},"geometry":{"type":"Point","coordinates":[79.78369705,11.8313358]}},{"type":"Feature","properties":{"id":"india-osm-road-1055998321","name":"Uran Road Flyover"},"geometry":{"type":"Point","coordinates":[73.1021164,19.008289249999997]}},{"type":"Feature","properties":{"id":"india-osm-road-1056113714","name":"Needamangalam Puravazhi Salai By Pass"},"geometry":{"type":"Point","coordinates":[79.4568629,10.79199395]}},{"type":"Feature","properties":{"id":"india-osm-road-1056121298","name":"Keezhvelur Puravazhi Salai"},"geometry":{"type":"Point","coordinates":[79.74248907234247,10.760552508994524]}},{"type":"Feature","properties":{"id":"india-osm-road-1056121320","name":"Ammaiyappan Bypass Road"},"geometry":{"type":"Point","coordinates":[79.56694795,10.793514250000001]}},{"type":"Feature","properties":{"id":"india-osm-road-1056191334","name":"Masab Tank Flyover"},"geometry":{"type":"Point","coordinates":[78.4533725,17.40191445]}},{"type":"Feature","properties":{"id":"india-osm-road-1056191345","name":"NH922"},"geometry":{"type":"Point","coordinates":[85.06857099999999,25.60700185]}},{"type":"Feature","properties":{"id":"india-osm-road-1056216886","name":"NH552"},"geometry":{"type":"Point","coordinates":[77.5967856,26.30070345]}},{"type":"Feature","properties":{"id":"india-osm-road-1056573621","name":"Srinagar-Kanyakumari Highway"},"geometry":{"type":"Point","coordinates":[78.4782245,17.4575345]}},{"type":"Feature","properties":{"id":"india-osm-road-1056617612","name":"Chennai - Ranipet - Chitoor - Kolar - Bangalore"},"geometry":{"type":"Point","coordinates":[79.96229025,12.9783396]}},{"type":"Feature","properties":{"id":"india-osm-road-1057064745","name":"Dindigul Puravazhi Saalai"},"geometry":{"type":"Point","coordinates":[77.95727545,10.3361415]}},{"type":"Feature","properties":{"id":"india-osm-road-1057067202","name":"Malpe - Manipal Road"},"geometry":{"type":"Point","coordinates":[74.78327615,13.34786445]}},{"type":"Feature","properties":{"id":"india-osm-road-1057427456","name":"Rishikesh Bypass"},"geometry":{"type":"Point","coordinates":[78.27775073105938,30.1069109343456]}},{"type":"Feature","properties":{"id":"india-osm-road-1057783544","name":"Veerannapalya Flyover"},"geometry":{"type":"Point","coordinates":[77.61071530000001,13.0427754]}},{"type":"Feature","properties":{"id":"india-osm-road-1057807997","name":"NH306"},"geometry":{"type":"Point","coordinates":[92.82725115,24.73876705]}},{"type":"Feature","properties":{"id":"india-osm-road-105870373","name":"Panvel Flyover"},"geometry":{"type":"Point","coordinates":[73.11544516192545,18.992643768597418]}},{"type":"Feature","properties":{"id":"india-osm-road-1058839231","name":"NH306A"},"geometry":{"type":"Point","coordinates":[92.78273150000001,24.442239800000003]}},{"type":"Feature","properties":{"id":"india-osm-road-1059133187","name":"Kadapa Bypass"},"geometry":{"type":"Point","coordinates":[78.79065395,14.50760215]}},{"type":"Feature","properties":{"id":"india-osm-road-1059260443","name":"NH334D"},"geometry":{"type":"Point","coordinates":[77.8730687,27.93443275]}},{"type":"Feature","properties":{"id":"india-osm-road-1059759124","name":"Palwal Bypass"},"geometry":{"type":"Point","coordinates":[77.32479135,28.1568539]}},{"type":"Feature","properties":{"id":"india-osm-road-1059810799","name":"NH34;NH334C"},"geometry":{"type":"Point","coordinates":[77.72135875000001,28.4470338]}},{"type":"Feature","properties":{"id":"india-osm-road-1060164909","name":"SH 35 - Chamba Highway"},"geometry":{"type":"Point","coordinates":[75.99182585,32.5669248]}},{"type":"Feature","properties":{"id":"india-osm-road-1060294004","name":"Vaigai Causeway Approach Road"},"geometry":{"type":"Point","coordinates":[78.12330545,9.92434195]}},{"type":"Feature","properties":{"id":"india-osm-road-1060306825","name":"Ramanathapuram Salai"},"geometry":{"type":"Point","coordinates":[78.14962385000001,9.9115515]}},{"type":"Feature","properties":{"id":"india-osm-road-1061007732","name":"NH930P"},"geometry":{"type":"Point","coordinates":[79.02350135,17.3750644]}},{"type":"Feature","properties":{"id":"india-osm-road-1061354424","name":"Tirupattur Bypass"},"geometry":{"type":"Point","coordinates":[78.57097924500053,10.101879779783902]}},{"type":"Feature","properties":{"id":"india-osm-road-1061577771","name":"Vasai Creek Bridge Ramp"},"geometry":{"type":"Point","coordinates":[72.90385125,19.28511675]}},{"type":"Feature","properties":{"id":"india-osm-road-1061632466","name":"NH944"},"geometry":{"type":"Point","coordinates":[77.4463806,8.1990228]}},{"type":"Feature","properties":{"id":"india-osm-road-1061765316","name":"Chennai/vellore to Chittoor / Bangalore/ Tirupathi(G Jaya Durga Builders)"},"geometry":{"type":"Point","coordinates":[79.1227536166561,13.118998046099934]}},{"type":"Feature","properties":{"id":"india-osm-road-1061765320","name":"Bangalore to Chennai/Vellore/Thiruvannamali Road"},"geometry":{"type":"Point","coordinates":[79.12312220370065,13.11864964617014]}},{"type":"Feature","properties":{"id":"india-osm-road-1062537794","name":"Chimaji Appa Peshwe Path"},"geometry":{"type":"Point","coordinates":[73.8536129,18.50532865]}},{"type":"Feature","properties":{"id":"india-osm-road-1062868542","name":"Aligarh-Palwal Road"},"geometry":{"type":"Point","coordinates":[77.66011147305034,28.021141785977196]}},{"type":"Feature","properties":{"id":"india-osm-road-1062889867","name":"Aligarh Bypass"},"geometry":{"type":"Point","coordinates":[78.0852098,27.9449676]}},{"type":"Feature","properties":{"id":"india-osm-road-1063155993","name":"Pollachi Salai"},"geometry":{"type":"Point","coordinates":[76.97980390000001,10.9404042]}},{"type":"Feature","properties":{"id":"india-osm-road-1063165719","name":"NH656"},"geometry":{"type":"Point","coordinates":[79.29704615,15.7247721]}},{"type":"Feature","properties":{"id":"india-osm-road-1064010625","name":"Sonipat-Baghpat Road"},"geometry":{"type":"Point","coordinates":[77.19710355000001,28.9864013]}},{"type":"Feature","properties":{"id":"india-osm-road-1064195983","name":"Pollachi - Coimbatore Salai"},"geometry":{"type":"Point","coordinates":[77.00426559012834,10.679636820758098]}},{"type":"Feature","properties":{"id":"india-osm-road-1064636607","name":"Periyakulam Puravazhi Saalai"},"geometry":{"type":"Point","coordinates":[77.5116035,10.0613311]}},{"type":"Feature","properties":{"id":"india-osm-road-1064669263","name":"Eachanari Railway Flyover"},"geometry":{"type":"Point","coordinates":[76.9804937,10.9357716]}},{"type":"Feature","properties":{"id":"india-osm-road-1064908269","name":"Madurai - Natham - Thuvarankurichi Road"},"geometry":{"type":"Point","coordinates":[78.3347698,10.352719350000001]}},{"type":"Feature","properties":{"id":"india-osm-road-1065035603","name":"Meerut Road"},"geometry":{"type":"Point","coordinates":[77.6249096,28.896448200000002]}},{"type":"Feature","properties":{"id":"india-osm-road-1065063692","name":"NH919"},"geometry":{"type":"Point","coordinates":[77.0953746,28.237184550000002]}},{"type":"Feature","properties":{"id":"india-osm-road-1065075526","name":"GT road"},"geometry":{"type":"Point","coordinates":[75.56738945000001,31.36118805]}},{"type":"Feature","properties":{"id":"india-osm-road-1065410631","name":"NH353J"},"geometry":{"type":"Point","coordinates":[78.27978865,21.46477255]}},{"type":"Feature","properties":{"id":"india-osm-road-1065432298","name":"Hoshiarpur Bypass"},"geometry":{"type":"Point","coordinates":[75.8948086,31.53873115]}},{"type":"Feature","properties":{"id":"india-osm-road-1065493061","name":"NH334DD"},"geometry":{"type":"Point","coordinates":[77.82328415,28.3826823]}},{"type":"Feature","properties":{"id":"india-osm-road-1065795479","name":"NS Avenue"},"geometry":{"type":"Point","coordinates":[92.79728675,24.8121742]}},{"type":"Feature","properties":{"id":"india-osm-road-1065806398","name":"NH344A"},"geometry":{"type":"Point","coordinates":[76.0475857,31.162751]}},{"type":"Feature","properties":{"id":"india-osm-road-1065993208","name":"New Palar River Bridge"},"geometry":{"type":"Point","coordinates":[80.1197143,12.481285849999999]}},{"type":"Feature","properties":{"id":"india-osm-road-1066010058","name":"Shastri Park Flyover"},"geometry":{"type":"Point","coordinates":[77.25376365,28.6730386]}},{"type":"Feature","properties":{"id":"india-osm-road-1066094678","name":"Madurai - Theni Road"},"geometry":{"type":"Point","coordinates":[77.58675314999999,10.004106799999999]}},{"type":"Feature","properties":{"id":"india-osm-road-1066425139","name":"NH167AG"},"geometry":{"type":"Point","coordinates":[79.922818,16.46174255]}},{"type":"Feature","properties":{"id":"india-osm-road-1066622924","name":"Chandole Bypass"},"geometry":{"type":"Point","coordinates":[80.60875765,15.99865925]}},{"type":"Feature","properties":{"id":"india-osm-road-1066622935","name":"National Highway 216"},"geometry":{"type":"Point","coordinates":[80.6257619,16.0138422]}},{"type":"Feature","properties":{"id":"india-osm-road-1066622936","name":"Cherukupalli - Bhattiprolu"},"geometry":{"type":"Point","coordinates":[80.62795080000001,16.0149062]}},{"type":"Feature","properties":{"id":"india-osm-road-1066682176","name":"Tirupati Bypass"},"geometry":{"type":"Point","coordinates":[79.33996594999999,13.58725735]}},{"type":"Feature","properties":{"id":"india-osm-road-1066705630","name":"National Highway 140"},"geometry":{"type":"Point","coordinates":[79.09422715,13.382317149999999]}},{"type":"Feature","properties":{"id":"india-osm-road-1066705722","name":"NH 140"},"geometry":{"type":"Point","coordinates":[79.0666817,13.23030185]}},{"type":"Feature","properties":{"id":"india-osm-road-1066847038","name":"Varigapalli Flyover"},"geometry":{"type":"Point","coordinates":[79.06768955000001,13.197262850000001]}},{"type":"Feature","properties":{"id":"india-osm-road-1066866550","name":"Bareilly Road"},"geometry":{"type":"Point","coordinates":[79.52477815,29.1964917]}},{"type":"Feature","properties":{"id":"india-osm-road-1067202748","name":"NH42"},"geometry":{"type":"Point","coordinates":[78.60428775,13.34065955]}},{"type":"Feature","properties":{"id":"india-osm-road-106751128","name":"Talegaon Chakan Road"},"geometry":{"type":"Point","coordinates":[73.71705474999999,18.73525415]}},{"type":"Feature","properties":{"id":"india-osm-road-106751139","name":"NH548D"},"geometry":{"type":"Point","coordinates":[73.7127543,18.73422825]}},{"type":"Feature","properties":{"id":"india-osm-road-1067678145","name":"Uthamapalayam Puravazhi Salai"},"geometry":{"type":"Point","coordinates":[77.3219563,9.7890154]}},{"type":"Feature","properties":{"id":"india-osm-road-1067678151","name":"Dindigul - Theni - Kollam Saalai"},"geometry":{"type":"Point","coordinates":[77.3215329,9.788440099999999]}},{"type":"Feature","properties":{"id":"india-osm-road-1067730287","name":"Underpass"},"geometry":{"type":"Point","coordinates":[75.80652380000001,30.89314875]}},{"type":"Feature","properties":{"id":"india-osm-road-1067900735","name":"Kharadi Bypass"},"geometry":{"type":"Point","coordinates":[73.9276673,18.50539685]}},{"type":"Feature","properties":{"id":"india-osm-road-1067989472","name":"Mumbai Goa Highway"},"geometry":{"type":"Point","coordinates":[73.53326435,17.5233095]}},{"type":"Feature","properties":{"id":"india-osm-road-1067989483","name":"Mumbai Ratnagiri Highway"},"geometry":{"type":"Point","coordinates":[73.5369593,17.5242843]}},{"type":"Feature","properties":{"id":"india-osm-road-1067989488","name":"Chiplun Road"},"geometry":{"type":"Point","coordinates":[73.5361431,17.5232455]}},{"type":"Feature","properties":{"id":"india-osm-road-1068094587","name":"Loni Road"},"geometry":{"type":"Point","coordinates":[77.26765375,28.831528]}},{"type":"Feature","properties":{"id":"india-osm-road-1068312002","name":"NH707"},"geometry":{"type":"Point","coordinates":[77.83098480000001,31.0262086]}},{"type":"Feature","properties":{"id":"india-osm-road-1069063333","name":"Jalna Road"},"geometry":{"type":"Point","coordinates":[75.36502809999999,19.87433515]}},{"type":"Feature","properties":{"id":"india-osm-road-1069063338","name":"Jalgaon road"},"geometry":{"type":"Point","coordinates":[75.3525594,19.91749795]}},{"type":"Feature","properties":{"id":"india-osm-road-1069579107","name":"Gurgaon Rewari Narnaul Singhana Road"},"geometry":{"type":"Point","coordinates":[76.68884745,28.295735]}},{"type":"Feature","properties":{"id":"india-osm-road-1069833367","name":"Tiruchirappalli - Chidambaram Puthiya Nedunchaalai"},"geometry":{"type":"Point","coordinates":[78.725353,10.90166135]}},{"type":"Feature","properties":{"id":"india-osm-road-1069833369","name":"Vellanur Bypass Road"},"geometry":{"type":"Point","coordinates":[78.86673780000001,10.92514775]}},{"type":"Feature","properties":{"id":"india-osm-road-1069885170","name":"Tiruchirappalli - Chidambaram Road"},"geometry":{"type":"Point","coordinates":[78.88440355,10.92888275]}},{"type":"Feature","properties":{"id":"india-osm-road-1069917788","name":"Pullambadi Bypass Road"},"geometry":{"type":"Point","coordinates":[78.91661175,10.95493475]}},{"type":"Feature","properties":{"id":"india-osm-road-1069920338","name":"Sohnaroad"},"geometry":{"type":"Point","coordinates":[76.80517585,28.20793235]}},{"type":"Feature","properties":{"id":"india-osm-road-1070120936","name":"Manamadurai - Vikravandi Saalai"},"geometry":{"type":"Point","coordinates":[79.5483322,11.9100626]}},{"type":"Feature","properties":{"id":"india-osm-road-1070241378","name":"Viluppuram Therku Puravazhi Salai"},"geometry":{"type":"Point","coordinates":[79.5621279335762,11.897400023016106]}},{"type":"Feature","properties":{"id":"india-osm-road-1070259891","name":"Ammapettai Puravazhi Salai"},"geometry":{"type":"Point","coordinates":[79.31521945,10.789916999999999]}},{"type":"Feature","properties":{"id":"india-osm-road-1070259905","name":"Sikkal Puravazhi Salai"},"geometry":{"type":"Point","coordinates":[79.8044776859745,10.761399818765566]}},{"type":"Feature","properties":{"id":"india-osm-road-1070338601","name":"Tiruchirappalli Thanjavur Salai"},"geometry":{"type":"Point","coordinates":[79.09275654999999,10.7317722]}},{"type":"Feature","properties":{"id":"india-osm-road-1070484075","name":"Urban Extension Road-II"},"geometry":{"type":"Point","coordinates":[77.1102336,28.8049791]}},{"type":"Feature","properties":{"id":"india-osm-road-1070598834","name":"Old Pune-Mumbai Highway"},"geometry":{"type":"Point","coordinates":[73.83725285,18.572029800000003]}},{"type":"Feature","properties":{"id":"india-osm-road-1071013136","name":"NH715"},"geometry":{"type":"Point","coordinates":[93.18734524999999,26.574546849999997]}},{"type":"Feature","properties":{"id":"india-osm-road-1071197370","name":"Krishnakiri - Kuppam - Madanapalle"},"geometry":{"type":"Point","coordinates":[78.5531345,13.0785228]}},{"type":"Feature","properties":{"id":"india-osm-road-1071252829","name":"Malda Bypass"},"geometry":{"type":"Point","coordinates":[88.1268914,24.96436875]}},{"type":"Feature","properties":{"id":"india-osm-road-1071252869","name":"old NH81"},"geometry":{"type":"Point","coordinates":[88.13631875,25.0025659]}},{"type":"Feature","properties":{"id":"india-osm-road-1071906242","name":"Mahatma Gandhi Road"},"geometry":{"type":"Point","coordinates":[78.0046227,27.17991535]}},{"type":"Feature","properties":{"id":"india-osm-road-107213216","name":"Santa Cruz – Chembur Link Road Flyover"},"geometry":{"type":"Point","coordinates":[72.90373195000001,19.06859425]}},{"type":"Feature","properties":{"id":"india-osm-road-107213251","name":"Chembur Flyover"},"geometry":{"type":"Point","coordinates":[72.8963986,19.06348535]}},{"type":"Feature","properties":{"id":"india-osm-road-1072162694","name":"NH907G"},"geometry":{"type":"Point","coordinates":[77.29981095,30.1850929]}},{"type":"Feature","properties":{"id":"india-osm-road-1072242526","name":"NH530B"},"geometry":{"type":"Point","coordinates":[78.3573484,27.68759755]}},{"type":"Feature","properties":{"id":"india-osm-road-1072296950","name":"Bilaspur Kharagpur Highway"},"geometry":{"type":"Point","coordinates":[82.592802,21.97817225]}},{"type":"Feature","properties":{"id":"india-osm-road-1073017774","name":"Panipat - Shamli Road"},"geometry":{"type":"Point","coordinates":[76.97095485,29.3857583]}},{"type":"Feature","properties":{"id":"india-osm-road-1073109141","name":"Bidar - Lakshmisagara Highway"},"geometry":{"type":"Point","coordinates":[76.7831333,17.02935415]}},{"type":"Feature","properties":{"id":"india-osm-road-1073119156","name":"SH6 Southbound Bachau-Maliya"},"geometry":{"type":"Point","coordinates":[70.70180262119904,23.225700078711633]}},{"type":"Feature","properties":{"id":"india-osm-road-1073384221","name":"Nagawara Flyover"},"geometry":{"type":"Point","coordinates":[77.6256977,13.0384419]}},{"type":"Feature","properties":{"id":"india-osm-road-1073555451","name":"Narasaraopet Guntur Road"},"geometry":{"type":"Point","coordinates":[80.19767715,16.27320255]}},{"type":"Feature","properties":{"id":"india-osm-road-1073672779","name":"Dimapur Bypass"},"geometry":{"type":"Point","coordinates":[93.8168472,25.847929399999998]}},{"type":"Feature","properties":{"id":"india-osm-road-1073712790","name":"Mathura Road Flyover"},"geometry":{"type":"Point","coordinates":[77.30819355,28.44486345]}},{"type":"Feature","properties":{"id":"india-osm-road-1073828537","name":"NH334C"},"geometry":{"type":"Point","coordinates":[77.8133383,28.41965325]}},{"type":"Feature","properties":{"id":"india-osm-road-107400978","name":"NH363;NH63"},"geometry":{"type":"Point","coordinates":[79.4443542,18.8715845]}},{"type":"Feature","properties":{"id":"india-osm-road-1074193083","name":"Melur Puravazhi Salai"},"geometry":{"type":"Point","coordinates":[78.3271148,10.02048245]}},{"type":"Feature","properties":{"id":"india-osm-road-1074369232","name":"Kavaraipettai South Flyover"},"geometry":{"type":"Point","coordinates":[80.14119579999999,13.355264850000001]}},{"type":"Feature","properties":{"id":"india-osm-road-1074425305","name":"Sardhana Road"},"geometry":{"type":"Point","coordinates":[77.6854265,29.0253013]}},{"type":"Feature","properties":{"id":"india-osm-road-1074582181","name":"Etah Bypass"},"geometry":{"type":"Point","coordinates":[78.64996695,27.59011545]}},{"type":"Feature","properties":{"id":"india-osm-road-1074717975","name":"Aurobindo Marg"},"geometry":{"type":"Point","coordinates":[77.1891198,28.527681700000002]}},{"type":"Feature","properties":{"id":"india-osm-road-1074869790","name":"Balotra Bypass"},"geometry":{"type":"Point","coordinates":[72.23428405,25.79060045]}},{"type":"Feature","properties":{"id":"india-osm-road-1074881573","name":"Kunigal Bypass"},"geometry":{"type":"Point","coordinates":[77.06396509999999,13.020355200000001]}},{"type":"Feature","properties":{"id":"india-osm-road-1074993477","name":"Chilamatturu Lepakshi Hindupur Road"},"geometry":{"type":"Point","coordinates":[77.64673485,13.8201751]}},{"type":"Feature","properties":{"id":"india-osm-road-1075161558","name":"NH647"},"geometry":{"type":"Point","coordinates":[78.592644,20.8024586]}},{"type":"Feature","properties":{"id":"india-osm-road-1075245473","name":"Hindupur - Kadiri Road"},"geometry":{"type":"Point","coordinates":[77.5894538,13.8896077]}},{"type":"Feature","properties":{"id":"india-osm-road-1075276018","name":"Shalimar Chowk"},"geometry":{"type":"Point","coordinates":[77.3599588,28.6777849]}},{"type":"Feature","properties":{"id":"india-osm-road-1075635021","name":"Chandigarh Road"},"geometry":{"type":"Point","coordinates":[76.6325731,30.75562285]}},{"type":"Feature","properties":{"id":"india-osm-road-1076241775","name":"Falaknuma Road"},"geometry":{"type":"Point","coordinates":[78.4724942,17.350656800000003]}},{"type":"Feature","properties":{"id":"india-osm-road-1076254100","name":"Mithapur karbigahiya flyover"},"geometry":{"type":"Point","coordinates":[85.13435085,25.5995757]}},{"type":"Feature","properties":{"id":"india-osm-road-1076262185","name":"Zuari Road"},"geometry":{"type":"Point","coordinates":[73.81518969999999,15.3847485]}},{"type":"Feature","properties":{"id":"india-osm-road-1076289494","name":"Thiruvalla - Kumbazha road"},"geometry":{"type":"Point","coordinates":[76.5788745,9.385588649999999]}},{"type":"Feature","properties":{"id":"india-osm-road-1076289498","name":"Thiruvalla Bypass Flyover"},"geometry":{"type":"Point","coordinates":[76.57883695000001,9.38641055]}},{"type":"Feature","properties":{"id":"india-osm-road-1076289499","name":"NH183"},"geometry":{"type":"Point","coordinates":[76.5788546,9.3859176]}},{"type":"Feature","properties":{"id":"india-osm-road-1076289502","name":"Thiruvalla Bypass"},"geometry":{"type":"Point","coordinates":[76.5784104,9.3842852]}},{"type":"Feature","properties":{"id":"india-osm-road-1076504719","name":"Vasai Creek Bridge"},"geometry":{"type":"Point","coordinates":[72.902253,19.2849905]}},{"type":"Feature","properties":{"id":"india-osm-road-1076543280","name":"Aska Road"},"geometry":{"type":"Point","coordinates":[84.7816489,19.31947095]}},{"type":"Feature","properties":{"id":"india-osm-road-1077599819","name":"National Highway 7 (Earlier 64)"},"geometry":{"type":"Point","coordinates":[74.93851855,30.23027185]}},{"type":"Feature","properties":{"id":"india-osm-road-1077601853","name":"无名湖—宗山台公路"},"geometry":{"type":"Point","coordinates":[91.77703344815814,27.802150592060684]}},{"type":"Feature","properties":{"id":"india-osm-road-1077939516","name":"Mall Road"},"geometry":{"type":"Point","coordinates":[74.61169265000001,30.95554155]}},{"type":"Feature","properties":{"id":"india-osm-road-1077939517","name":"NH354"},"geometry":{"type":"Point","coordinates":[74.61240555,30.953938049999998]}},{"type":"Feature","properties":{"id":"india-osm-road-1078090257","name":"Karandighi Bypass"},"geometry":{"type":"Point","coordinates":[87.91357525000001,25.82682775]}},{"type":"Feature","properties":{"id":"india-osm-road-1078132264","name":"NH348A"},"geometry":{"type":"Point","coordinates":[73.03596655,18.9657641]}},{"type":"Feature","properties":{"id":"india-osm-road-1078132265","name":"Ulwe Flyover"},"geometry":{"type":"Point","coordinates":[73.0357881,18.96707515]}},{"type":"Feature","properties":{"id":"india-osm-road-1078297849","name":"NH166G"},"geometry":{"type":"Point","coordinates":[74.21262985,16.69430655]}},{"type":"Feature","properties":{"id":"india-osm-road-1078462612","name":"Bhandari Bridge"},"geometry":{"type":"Point","coordinates":[74.87393335,31.63415745]}},{"type":"Feature","properties":{"id":"india-osm-road-1078462614","name":"Court Rd"},"geometry":{"type":"Point","coordinates":[74.871193,31.6347958]}},{"type":"Feature","properties":{"id":"india-osm-road-1078469677","name":"Raiganj Bypass"},"geometry":{"type":"Point","coordinates":[88.0896474,25.65623085]}},{"type":"Feature","properties":{"id":"india-osm-road-1078499218","name":"Dwarka Expressway"},"geometry":{"type":"Point","coordinates":[76.98854885,28.406443000000003]}},{"type":"Feature","properties":{"id":"india-osm-road-1078509370","name":"NH107A"},"geometry":{"type":"Point","coordinates":[79.11922933302634,30.498732329103497]}},{"type":"Feature","properties":{"id":"india-osm-road-1078509372","name":"NH107"},"geometry":{"type":"Point","coordinates":[79.08570785,30.506639200000002]}},{"type":"Feature","properties":{"id":"india-osm-road-1078551015","name":"National Highway 9 Bypass"},"geometry":{"type":"Point","coordinates":[77.3732875,28.632375000000003]}},{"type":"Feature","properties":{"id":"india-osm-road-1078553250","name":"Sindagi Road"},"geometry":{"type":"Point","coordinates":[76.08591670000001,16.8234371]}},{"type":"Feature","properties":{"id":"india-osm-road-1078910555","name":"Manali-Leh"},"geometry":{"type":"Point","coordinates":[77.1667106,32.440902449999996]}},{"type":"Feature","properties":{"id":"india-osm-road-1079172890","name":"Rajiv Chowk Underpass"},"geometry":{"type":"Point","coordinates":[77.03383414999999,28.4435337]}},{"type":"Feature","properties":{"id":"india-osm-road-1079172892","name":"Shubhash Chowk Underpass"},"geometry":{"type":"Point","coordinates":[77.0375292,28.426565099999998]}},{"type":"Feature","properties":{"id":"india-osm-road-1079190553","name":"NH248A"},"geometry":{"type":"Point","coordinates":[77.0650468168239,28.35254691930106]}},{"type":"Feature","properties":{"id":"india-osm-road-1079215600","name":"Sarkhej-Gandhinagar Highway"},"geometry":{"type":"Point","coordinates":[72.58625674999999,23.1773406]}},{"type":"Feature","properties":{"id":"india-osm-road-1079440434","name":"Katraj Kondhwa Road"},"geometry":{"type":"Point","coordinates":[73.89116415000001,18.452295]}},{"type":"Feature","properties":{"id":"india-osm-road-1079604789","name":"NH363"},"geometry":{"type":"Point","coordinates":[79.42759678957498,19.200324455615338]}},{"type":"Feature","properties":{"id":"india-osm-road-1079688482","name":"Warangal Bypass Road"},"geometry":{"type":"Point","coordinates":[79.54388725000001,18.04193365]}},{"type":"Feature","properties":{"id":"india-osm-road-1079692398","name":"Mawana Road"},"geometry":{"type":"Point","coordinates":[77.7518929,29.011590050000002]}},{"type":"Feature","properties":{"id":"india-osm-road-1079706838","name":"NH848"},"geometry":{"type":"Point","coordinates":[73.06559495,19.30473995]}},{"type":"Feature","properties":{"id":"india-osm-road-1079706841","name":"Rajiv Gandhi Flyover"},"geometry":{"type":"Point","coordinates":[73.06575385,19.30435825]}},{"type":"Feature","properties":{"id":"india-osm-road-1079832745","name":"Malewadi Road Akluj"},"geometry":{"type":"Point","coordinates":[75.02465670000001,17.88151835]}},{"type":"Feature","properties":{"id":"india-osm-road-1079832746","name":"Tembhurni - Akluj Road"},"geometry":{"type":"Point","coordinates":[75.02634695,17.8889879]}},{"type":"Feature","properties":{"id":"india-osm-road-1079832747","name":"NH965G"},"geometry":{"type":"Point","coordinates":[75.01598050000001,17.915646199999998]}},{"type":"Feature","properties":{"id":"india-osm-road-1080009525","name":"Main Road"},"geometry":{"type":"Point","coordinates":[82.2359942,16.96314985]}},{"type":"Feature","properties":{"id":"india-osm-road-1080081371","name":"NH163"},"geometry":{"type":"Point","coordinates":[80.42103395000001,18.338886600000002]}},{"type":"Feature","properties":{"id":"india-osm-road-1080114984","name":"Pune Bengaluru Highway"},"geometry":{"type":"Point","coordinates":[73.8554402,18.38136755]}},{"type":"Feature","properties":{"id":"india-osm-road-1080115010","name":"Katraj Ghat"},"geometry":{"type":"Point","coordinates":[73.85678475,18.39016555]}},{"type":"Feature","properties":{"id":"india-osm-road-1080115014","name":"Katraj - Dehu Road Bypass"},"geometry":{"type":"Point","coordinates":[73.8563262,18.387281299999998]}},{"type":"Feature","properties":{"id":"india-osm-road-1080164044","name":"SH11"},"geometry":{"type":"Point","coordinates":[77.03958295000001,28.987192450000002]}},{"type":"Feature","properties":{"id":"india-osm-road-1080194652","name":"Ooty-Coonoor Road"},"geometry":{"type":"Point","coordinates":[76.9373772,11.303286]}},{"type":"Feature","properties":{"id":"india-osm-road-108095098","name":"Mumbai - Satara Highway"},"geometry":{"type":"Point","coordinates":[73.75479135,18.59856935]}},{"type":"Feature","properties":{"id":"india-osm-road-1081062365","name":"ISBT Road Flyover"},"geometry":{"type":"Point","coordinates":[78.04816765000001,30.29042295]}},{"type":"Feature","properties":{"id":"india-osm-road-1081066932","name":"Pratap Nagar Rasta"},"geometry":{"type":"Point","coordinates":[73.73175649999999,24.58469925]}},{"type":"Feature","properties":{"id":"india-osm-road-1081097709","name":"Tedim Road"},"geometry":{"type":"Point","coordinates":[93.879352,24.75195325]}},{"type":"Feature","properties":{"id":"india-osm-road-1081167095","name":"Visakhapatnam Bypass"},"geometry":{"type":"Point","coordinates":[83.1772965,17.8135161]}},{"type":"Feature","properties":{"id":"india-osm-road-1081217847","name":"NH148D"},"geometry":{"type":"Point","coordinates":[75.9453586,25.874221300000002]}},{"type":"Feature","properties":{"id":"india-osm-road-1081317231","name":"Agra Jaipur Bikaner Road"},"geometry":{"type":"Point","coordinates":[77.85640330000001,27.149696300000002]}},{"type":"Feature","properties":{"id":"india-osm-road-1081356510","name":"Sardhana Road Flyover"},"geometry":{"type":"Point","coordinates":[77.68869745,29.02323235]}},{"type":"Feature","properties":{"id":"india-osm-road-1081677864","name":"NH148B;NH709"},"geometry":{"type":"Point","coordinates":[76.1240064,28.78589875]}},{"type":"Feature","properties":{"id":"india-osm-road-1081677867","name":"NH709"},"geometry":{"type":"Point","coordinates":[76.03523605,28.69962185]}},{"type":"Feature","properties":{"id":"india-osm-road-1081680235","name":"NH150A"},"geometry":{"type":"Point","coordinates":[76.72883855,16.4410936]}},{"type":"Feature","properties":{"id":"india-osm-road-1081692052","name":"NH151A"},"geometry":{"type":"Point","coordinates":[69.64181654999999,22.218497300000003]}},{"type":"Feature","properties":{"id":"india-osm-road-1081724596","name":"Chhatarpur Bypass"},"geometry":{"type":"Point","coordinates":[79.6207804,24.91781385]}},{"type":"Feature","properties":{"id":"india-osm-road-1081724662","name":"Panna Khajuraho Road"},"geometry":{"type":"Point","coordinates":[79.6285023,24.87042055]}},{"type":"Feature","properties":{"id":"india-osm-road-1082637277","name":"Akpa Bridge"},"geometry":{"type":"Point","coordinates":[78.39049885,31.5829757]}},{"type":"Feature","properties":{"id":"india-osm-road-1082726640","name":"Tirumangalam Puravazhi Salai"},"geometry":{"type":"Point","coordinates":[77.99766805,9.835526250000001]}},{"type":"Feature","properties":{"id":"india-osm-road-1082970433","name":"Sangli-Miraj Road"},"geometry":{"type":"Point","coordinates":[74.6275239,16.8367596]}},{"type":"Feature","properties":{"id":"india-osm-road-1083114808","name":"Vizianagaram Bypass"},"geometry":{"type":"Point","coordinates":[83.38409734999999,18.0615929]}},{"type":"Feature","properties":{"id":"india-osm-road-1083432845","name":"National Highway 321G"},"geometry":{"type":"Point","coordinates":[78.54885110000001,27.4868396]}},{"type":"Feature","properties":{"id":"india-osm-road-1083969505","name":"NH68;NH754K"},"geometry":{"type":"Point","coordinates":[71.77516595,24.72921865]}},{"type":"Feature","properties":{"id":"india-osm-road-1084148720","name":"NH152"},"geometry":{"type":"Point","coordinates":[76.69053790000001,30.16306235]}},{"type":"Feature","properties":{"id":"india-osm-road-1084173517","name":"NH148B;NH334B;MDR124"},"geometry":{"type":"Point","coordinates":[76.2576456,28.58363105]}},{"type":"Feature","properties":{"id":"india-osm-road-1084274593","name":"Villupuram - Puducherry Saalai"},"geometry":{"type":"Point","coordinates":[79.73511085,11.9037751]}},{"type":"Feature","properties":{"id":"india-osm-road-1084289571","name":"NH332A"},"geometry":{"type":"Point","coordinates":[80.1444821,12.5120633]}},{"type":"Feature","properties":{"id":"india-osm-road-1084293217","name":"NH315"},"geometry":{"type":"Point","coordinates":[95.91710025,27.397092899999997]}},{"type":"Feature","properties":{"id":"india-osm-road-1084335677","name":"Jhansa Tangori Road"},"geometry":{"type":"Point","coordinates":[76.7056941,30.169773300000003]}},{"type":"Feature","properties":{"id":"india-osm-road-1084676834","name":"NH148B"},"geometry":{"type":"Point","coordinates":[76.235675,28.60911275]}},{"type":"Feature","properties":{"id":"india-osm-road-1085251018","name":"NH147E"},"geometry":{"type":"Point","coordinates":[74.7706716,22.9228759]}},{"type":"Feature","properties":{"id":"india-osm-road-1085544778","name":"NH148B;709A"},"geometry":{"type":"Point","coordinates":[76.11835865,28.83100755]}},{"type":"Feature","properties":{"id":"india-osm-road-1085751263","name":"NH361C"},"geometry":{"type":"Point","coordinates":[77.62818757783468,20.40072882451083]}},{"type":"Feature","properties":{"id":"india-osm-road-1086115954","name":"Ambala Bypass"},"geometry":{"type":"Point","coordinates":[76.72235645,30.307544900000003]}},{"type":"Feature","properties":{"id":"india-osm-road-1086240288","name":"Marathahalli Underpass"},"geometry":{"type":"Point","coordinates":[77.70126905000001,12.959932850000001]}},{"type":"Feature","properties":{"id":"india-osm-road-1086573654","name":"Gokhale Salai"},"geometry":{"type":"Point","coordinates":[78.1328626,9.9318982]}},{"type":"Feature","properties":{"id":"india-osm-road-1086618943","name":"Chavara Road Bridge"},"geometry":{"type":"Point","coordinates":[76.53426105,8.972544249999999]}},{"type":"Feature","properties":{"id":"india-osm-road-1086847470","name":"Salem Bypass"},"geometry":{"type":"Point","coordinates":[78.1310347,11.63034465]}},{"type":"Feature","properties":{"id":"india-osm-road-1086848438","name":"Vishakapatnam Bypass"},"geometry":{"type":"Point","coordinates":[83.29500315000001,17.87212075]}},{"type":"Feature","properties":{"id":"india-osm-road-1086872878","name":"Canal Road"},"geometry":{"type":"Point","coordinates":[74.84750550000001,32.7289552]}},{"type":"Feature","properties":{"id":"india-osm-road-1086984078","name":"Ranganadi Bridge"},"geometry":{"type":"Point","coordinates":[94.0600412,27.2042135]}},{"type":"Feature","properties":{"id":"india-osm-road-1087226101","name":"Malpe-Manipal Road;Malpe - Manipal Road"},"geometry":{"type":"Point","coordinates":[74.7712829,13.34554065]}},{"type":"Feature","properties":{"id":"india-osm-road-108782877","name":"Laxmi Vilas Road"},"geometry":{"type":"Point","coordinates":[73.68325709999999,24.59274635]}},{"type":"Feature","properties":{"id":"india-osm-road-1088334261","name":"Sher Shah Suri Marg - GT Road Flyover"},"geometry":{"type":"Point","coordinates":[75.8903474,30.8834085]}},{"type":"Feature","properties":{"id":"india-osm-road-1088342804","name":"Ferozepur Road Flyover"},"geometry":{"type":"Point","coordinates":[75.80197390000001,30.8914733]}},{"type":"Feature","properties":{"id":"india-osm-road-1088370236","name":"Madurai Salai"},"geometry":{"type":"Point","coordinates":[77.48350555,10.007858299999999]}},{"type":"Feature","properties":{"id":"india-osm-road-1088383995","name":"Madurai Kamarajar Palkalai Maempalam"},"geometry":{"type":"Point","coordinates":[78.01479710000001,9.9392104]}},{"type":"Feature","properties":{"id":"india-osm-road-1088411376","name":"NH516D"},"geometry":{"type":"Point","coordinates":[81.5587201,17.0423853]}},{"type":"Feature","properties":{"id":"india-osm-road-1088426887","name":"Rajahmundry Bypass"},"geometry":{"type":"Point","coordinates":[81.72053235000001,17.02761795]}},{"type":"Feature","properties":{"id":"india-osm-road-1088599942","name":"EC-7"},"geometry":{"type":"Point","coordinates":[82.2558917,22.043599800000003]}},{"type":"Feature","properties":{"id":"india-osm-road-1088641246","name":"Coimbatore-Mettupalayam Road"},"geometry":{"type":"Point","coordinates":[76.94447595,11.060525]}},{"type":"Feature","properties":{"id":"india-osm-road-108873873","name":"Rani Road"},"geometry":{"type":"Point","coordinates":[73.67262545,24.58622895]}},{"type":"Feature","properties":{"id":"india-osm-road-1088755905","name":"Bajirao Road"},"geometry":{"type":"Point","coordinates":[73.8550692,18.5216006]}},{"type":"Feature","properties":{"id":"india-osm-road-1089360981","name":"Sela Tunnel"},"geometry":{"type":"Point","coordinates":[92.07623585,27.508626800000002]}},{"type":"Feature","properties":{"id":"india-osm-road-1089369152","name":"Narnaul Outer Ring Road"},"geometry":{"type":"Point","coordinates":[76.1462233,28.0860699]}},{"type":"Feature","properties":{"id":"india-osm-road-1089663040","name":"N2"},"geometry":{"type":"Point","coordinates":[92.10553,25.154848649999998]}},{"type":"Feature","properties":{"id":"india-osm-road-1089715166","name":"Benniganahalli Flyover"},"geometry":{"type":"Point","coordinates":[77.66801849999999,12.99622005]}},{"type":"Feature","properties":{"id":"india-osm-road-1089812503","name":"Dr Baba Saheb Ambedkar Marg (Victoria Garden Road)"},"geometry":{"type":"Point","coordinates":[72.83590715,18.9889173]}},{"type":"Feature","properties":{"id":"india-osm-road-1090397978","name":"Seelanayakanpatti Roundabout"},"geometry":{"type":"Point","coordinates":[78.1473369,11.6251844]}},{"type":"Feature","properties":{"id":"india-osm-road-1090397981","name":"Varanasi Kanyakumari"},"geometry":{"type":"Point","coordinates":[78.1448632,11.62572015]}},{"type":"Feature","properties":{"id":"india-osm-road-1090460954","name":"Vijaywada Highway"},"geometry":{"type":"Point","coordinates":[78.5088762,17.3722729]}},{"type":"Feature","properties":{"id":"india-osm-road-1090587570","name":"NH149B"},"geometry":{"type":"Point","coordinates":[82.6752094,22.09102975]}},{"type":"Feature","properties":{"id":"india-osm-road-1090595980","name":"Bilaspur - Kharagpur"},"geometry":{"type":"Point","coordinates":[82.9325613,22.026681449999998]}},{"type":"Feature","properties":{"id":"india-osm-road-1090651268","name":"NH329"},"geometry":{"type":"Point","coordinates":[93.4378758,25.8456219]}},{"type":"Feature","properties":{"id":"india-osm-road-1090770312","name":"NH7;NH34"},"geometry":{"type":"Point","coordinates":[78.2249481,30.056758799999997]}},{"type":"Feature","properties":{"id":"india-osm-road-1090902239","name":"Khatima Bypass"},"geometry":{"type":"Point","coordinates":[79.97386055371223,28.95523204793659]}},{"type":"Feature","properties":{"id":"india-osm-road-1091347798","name":"State Highway"},"geometry":{"type":"Point","coordinates":[78.01222575,30.502360000000003]}},{"type":"Feature","properties":{"id":"india-osm-road-1091358476","name":"Raigarh Road"},"geometry":{"type":"Point","coordinates":[83.11597971171248,21.627468596974328]}},{"type":"Feature","properties":{"id":"india-osm-road-109178879","name":"NH465"},"geometry":{"type":"Point","coordinates":[75.89107142220823,17.485492138859314]}},{"type":"Feature","properties":{"id":"india-osm-road-1091996599","name":"NH307"},"geometry":{"type":"Point","coordinates":[77.95733960000001,30.239773800000002]}},{"type":"Feature","properties":{"id":"india-osm-road-1092255017","name":"Yamunanagar Bypass"},"geometry":{"type":"Point","coordinates":[77.33787865,30.08448835]}},{"type":"Feature","properties":{"id":"india-osm-road-1092255979","name":"NH503A"},"geometry":{"type":"Point","coordinates":[74.9848657,31.63748925]}},{"type":"Feature","properties":{"id":"india-osm-road-1092257600","name":"Amritsar Bypass Road"},"geometry":{"type":"Point","coordinates":[74.93706370000001,31.6263052]}},{"type":"Feature","properties":{"id":"india-osm-road-1092455520","name":"Trichy - Madurai - Tuticorin Road (Old NH45B)"},"geometry":{"type":"Point","coordinates":[78.3714742,10.21717225]}},{"type":"Feature","properties":{"id":"india-osm-road-1092601271","name":"Savidhan Square"},"geometry":{"type":"Point","coordinates":[78.9674512,20.0690074]}},{"type":"Feature","properties":{"id":"india-osm-road-1092622734","name":"ISBT Road"},"geometry":{"type":"Point","coordinates":[78.05629335,30.295669099999998]}},{"type":"Feature","properties":{"id":"india-osm-road-1092624768","name":"Shimla Bypass Road"},"geometry":{"type":"Point","coordinates":[77.99820109999999,30.29350795]}},{"type":"Feature","properties":{"id":"india-osm-road-1092664549","name":"Attur bypass"},"geometry":{"type":"Point","coordinates":[78.57219735000001,11.614122]}},{"type":"Feature","properties":{"id":"india-osm-road-1092770239","name":"NH167BG"},"geometry":{"type":"Point","coordinates":[79.24255245,14.94870315]}},{"type":"Feature","properties":{"id":"india-osm-road-1092785551","name":"Gandluru - Kondapuram - Simhadripuram - Velidandla Road"},"geometry":{"type":"Point","coordinates":[78.2705589,14.7369115]}},{"type":"Feature","properties":{"id":"india-osm-road-1092899961","name":"NH507"},"geometry":{"type":"Point","coordinates":[77.91702612545537,30.518793969079862]}},{"type":"Feature","properties":{"id":"india-osm-road-109297313","name":"NH548B"},"geometry":{"type":"Point","coordinates":[76.59993624682406,17.913726319000187]}},{"type":"Feature","properties":{"id":"india-osm-road-1093197594","name":"NH152A"},"geometry":{"type":"Point","coordinates":[76.40023767316228,29.814702150080322]}},{"type":"Feature","properties":{"id":"india-osm-road-1093267786","name":"<differentNH130"},"geometry":{"type":"Point","coordinates":[82.06772265000001,21.99129655]}},{"type":"Feature","properties":{"id":"india-osm-road-1093324419","name":"Salem-Kochi-Kanyakumari Road NH66"},"geometry":{"type":"Point","coordinates":[76.33577700000001,9.47053795]}},{"type":"Feature","properties":{"id":"india-osm-road-1093518694","name":"NH751DD"},"geometry":{"type":"Point","coordinates":[72.70539965,22.525930799999998]}},{"type":"Feature","properties":{"id":"india-osm-road-1093518704","name":"NH751D"},"geometry":{"type":"Point","coordinates":[72.63928145,22.49674385]}},{"type":"Feature","properties":{"id":"india-osm-road-1094593727","name":"NH927A"},"geometry":{"type":"Point","coordinates":[73.3446922,24.1805233]}},{"type":"Feature","properties":{"id":"india-osm-road-1094598594","name":"NH57"},"geometry":{"type":"Point","coordinates":[85.26382175,20.168362549999998]}},{"type":"Feature","properties":{"id":"india-osm-road-1094953469","name":"Dalhousie Road"},"geometry":{"type":"Point","coordinates":[75.75517074999999,32.290904749999996]}},{"type":"Feature","properties":{"id":"india-osm-road-1095162852","name":"NH60"},"geometry":{"type":"Point","coordinates":[73.96133505,19.051698700000003]}},{"type":"Feature","properties":{"id":"india-osm-road-1095177538","name":"NH353"},"geometry":{"type":"Point","coordinates":[82.67311565,20.44438625]}},{"type":"Feature","properties":{"id":"india-osm-road-1095243252","name":"NH149"},"geometry":{"type":"Point","coordinates":[85.161923613489,21.03653047152035]}},{"type":"Feature","properties":{"id":"india-osm-road-1095348609","name":"NH785"},"geometry":{"type":"Point","coordinates":[78.3023808,10.33215795]}},{"type":"Feature","properties":{"id":"india-osm-road-1095596361","name":"Avinashi Road Railway Flyover"},"geometry":{"type":"Point","coordinates":[76.9667083,11.002338250000001]}},{"type":"Feature","properties":{"id":"india-osm-road-1095602455","name":"Thane Ghodbunder Road"},"geometry":{"type":"Point","coordinates":[72.97807845,19.217048300000002]}},{"type":"Feature","properties":{"id":"india-osm-road-1095869368","name":"Wayanad Road"},"geometry":{"type":"Point","coordinates":[76.02142459999999,11.516404699999999]}},{"type":"Feature","properties":{"id":"india-osm-road-1096163921","name":"Narnaul Delhi Expressway"},"geometry":{"type":"Point","coordinates":[76.21680140000001,28.0939974]}},{"type":"Feature","properties":{"id":"india-osm-road-1096244765","name":"Anakapalle Bypass"},"geometry":{"type":"Point","coordinates":[83.02151700251099,17.676837611981092]}},{"type":"Feature","properties":{"id":"india-osm-road-1096311222","name":"NH547E"},"geometry":{"type":"Point","coordinates":[78.89505249999999,21.241791900000003]}},{"type":"Feature","properties":{"id":"india-osm-road-1096311223","name":"Kalameshwar Bypass Road"},"geometry":{"type":"Point","coordinates":[78.88838584999999,21.235406599999997]}},{"type":"Feature","properties":{"id":"india-osm-road-1096311225","name":"Nagpur Katol Road"},"geometry":{"type":"Point","coordinates":[78.88664035,21.238285349999998]}},{"type":"Feature","properties":{"id":"india-osm-road-1096488864","name":"Mahavir Marg"},"geometry":{"type":"Point","coordinates":[78.4570363,17.403133500000003]}},{"type":"Feature","properties":{"id":"india-osm-road-1096498627","name":"NH347BG"},"geometry":{"type":"Point","coordinates":[76.0129398623279,22.28778720385492]}},{"type":"Feature","properties":{"id":"india-osm-road-1096902920","name":"NH539"},"geometry":{"type":"Point","coordinates":[78.64925975,25.40576425]}},{"type":"Feature","properties":{"id":"india-osm-road-1096911467","name":"Rajpura Road"},"geometry":{"type":"Point","coordinates":[76.47228725,30.369025299999997]}},{"type":"Feature","properties":{"id":"india-osm-road-1096911469","name":"Patiala road"},"geometry":{"type":"Point","coordinates":[76.47235085,30.368963649999998]}},{"type":"Feature","properties":{"id":"india-osm-road-1096911476","name":"Rajapur Road Flyover"},"geometry":{"type":"Point","coordinates":[76.44293719999999,30.3479506]}},{"type":"Feature","properties":{"id":"india-osm-road-1096939138","name":"Ballari - Badepalli Road"},"geometry":{"type":"Point","coordinates":[77.57656075,14.689676500000001]}},{"type":"Feature","properties":{"id":"india-osm-road-1097016881","name":"Bilaspur Ranchi Expy"},"geometry":{"type":"Point","coordinates":[82.2569787,22.04422625]}},{"type":"Feature","properties":{"id":"india-osm-road-1097027204","name":"NH130A"},"geometry":{"type":"Point","coordinates":[81.30429699999999,22.1434489]}},{"type":"Feature","properties":{"id":"india-osm-road-1097053270","name":"Thiruppathur Road"},"geometry":{"type":"Point","coordinates":[78.79809865313032,9.953274597686331]}},{"type":"Feature","properties":{"id":"india-osm-road-1097160244","name":"Meerut-Karnal Marg"},"geometry":{"type":"Point","coordinates":[77.110377,29.5962423]}},{"type":"Feature","properties":{"id":"india-osm-road-1097340629","name":"Varanasi Road"},"geometry":{"type":"Point","coordinates":[82.66676945,25.10872405]}},{"type":"Feature","properties":{"id":"india-osm-road-1097618099","name":"Sultanpur Road"},"geometry":{"type":"Point","coordinates":[81.10788612291331,26.770976252668202]}},{"type":"Feature","properties":{"id":"india-osm-road-1097865000","name":"Sardar Patel Ring Road"},"geometry":{"type":"Point","coordinates":[72.6433924,23.11526735]}},{"type":"Feature","properties":{"id":"india-osm-road-1098029291","name":"Pune - Nashik Rd"},"geometry":{"type":"Point","coordinates":[73.98905045000001,19.1250399]}},{"type":"Feature","properties":{"id":"india-osm-road-109804990","name":"NH548H"},"geometry":{"type":"Point","coordinates":[74.01624561412483,15.979913844474263]}},{"type":"Feature","properties":{"id":"india-osm-road-1098061821","name":"NH927A;NH58"},"geometry":{"type":"Point","coordinates":[73.3461678,24.18402835]}},{"type":"Feature","properties":{"id":"india-osm-road-1098164577","name":"Kukkatpally Main Road - Mumbai Highway"},"geometry":{"type":"Point","coordinates":[78.40674924999999,17.4903285]}},{"type":"Feature","properties":{"id":"india-osm-road-1098229292","name":"Ahinsa Marg"},"geometry":{"type":"Point","coordinates":[76.99121585,29.684520550000002]}},{"type":"Feature","properties":{"id":"india-osm-road-1098317344","name":"Gubbi Bypass"},"geometry":{"type":"Point","coordinates":[76.92363615,13.3219436]}},{"type":"Feature","properties":{"id":"india-osm-road-1098332188","name":"NH325"},"geometry":{"type":"Point","coordinates":[72.5064687004335,25.534192814500265]}},{"type":"Feature","properties":{"id":"india-osm-road-1098452725","name":"Amberi Flyover"},"geometry":{"type":"Point","coordinates":[73.71351455,24.65699285]}},{"type":"Feature","properties":{"id":"india-osm-road-1098456244","name":"landran chandigarh"},"geometry":{"type":"Point","coordinates":[76.66230999999999,30.690194050000002]}},{"type":"Feature","properties":{"id":"india-osm-road-1098456248","name":"Kharar link Road"},"geometry":{"type":"Point","coordinates":[76.72668745,30.40917175]}},{"type":"Feature","properties":{"id":"india-osm-road-1098462903","name":"Chandigarh Road Flyover"},"geometry":{"type":"Point","coordinates":[76.69159685,30.7347717]}},{"type":"Feature","properties":{"id":"india-osm-road-1098846907","name":"NH128A"},"geometry":{"type":"Point","coordinates":[82.80219165,25.78276025]}},{"type":"Feature","properties":{"id":"india-osm-road-1098912563","name":"NH216A"},"geometry":{"type":"Point","coordinates":[81.22381335,16.7827127]}},{"type":"Feature","properties":{"id":"india-osm-road-1099319965","name":"Old Mumbai Pune Highway"},"geometry":{"type":"Point","coordinates":[73.83078405,18.59205585]}},{"type":"Feature","properties":{"id":"india-osm-road-1099333910","name":"Shivpuri Bypasss Road"},"geometry":{"type":"Point","coordinates":[77.63025610926412,25.461221024793428]}},{"type":"Feature","properties":{"id":"india-osm-road-1099358073","name":"NH315;NH215"},"geometry":{"type":"Point","coordinates":[96.01868289561328,27.36398213423694]}},{"type":"Feature","properties":{"id":"india-osm-road-1099368623","name":"NH713A"},"geometry":{"type":"Point","coordinates":[93.78261645109464,27.185466303266498]}},{"type":"Feature","properties":{"id":"india-osm-road-1099647005","name":"Gajwel Pragnapur Road"},"geometry":{"type":"Point","coordinates":[78.88218975,17.51657765]}},{"type":"Feature","properties":{"id":"india-osm-road-1100560338","name":"Rohtak Road"},"geometry":{"type":"Point","coordinates":[76.33540005,30.29685435]}},{"type":"Feature","properties":{"id":"india-osm-road-1100560340","name":"Patiala Bypass"},"geometry":{"type":"Point","coordinates":[76.33548635,30.296942700000002]}},{"type":"Feature","properties":{"id":"india-osm-road-1100588366","name":"Kharar-Banur Road"},"geometry":{"type":"Point","coordinates":[76.71843924999999,30.565889849999998]}},{"type":"Feature","properties":{"id":"india-osm-road-1100711941","name":"Calicut-Valanchery-Kuttipuram Highway"},"geometry":{"type":"Point","coordinates":[75.97415725,10.99493965]}},{"type":"Feature","properties":{"id":"india-osm-road-1100715711","name":"Valanchery-Kuttipuram-Ponani Highway"},"geometry":{"type":"Point","coordinates":[76.07070435,10.88409905]}},{"type":"Feature","properties":{"id":"india-osm-road-1100715712","name":"Vattappara Viaduct"},"geometry":{"type":"Point","coordinates":[76.05353955000001,10.9035049]}},{"type":"Feature","properties":{"id":"india-osm-road-1101477841","name":"Kanpur-Lucknow Road"},"geometry":{"type":"Point","coordinates":[80.8957892,26.801544900000003]}},{"type":"Feature","properties":{"id":"india-osm-road-1101484899","name":"Hebbal Service Road towards Bengaluru"},"geometry":{"type":"Point","coordinates":[77.59306895,13.0777693]}},{"type":"Feature","properties":{"id":"india-osm-road-1101673190","name":"Patiala Bypass Flyover"},"geometry":{"type":"Point","coordinates":[76.42602965,30.306557849999997]}},{"type":"Feature","properties":{"id":"india-osm-road-1102584000","name":"Malout Road"},"geometry":{"type":"Point","coordinates":[74.20831079999999,30.15451345]}},{"type":"Feature","properties":{"id":"india-osm-road-1102584004","name":"Abohar Bypass"},"geometry":{"type":"Point","coordinates":[74.1722463,30.182702149999997]}},{"type":"Feature","properties":{"id":"india-osm-road-1102584010","name":"Fazilka Road"},"geometry":{"type":"Point","coordinates":[74.18475743322153,30.16514791418166]}},{"type":"Feature","properties":{"id":"india-osm-road-1102771389","name":"Chhatrapati Shivaji Highway"},"geometry":{"type":"Point","coordinates":[75.36106885000001,19.8746523]}},{"type":"Feature","properties":{"id":"india-osm-road-1102873677","name":"NH354E"},"geometry":{"type":"Point","coordinates":[74.35713910000001,30.0321145]}},{"type":"Feature","properties":{"id":"india-osm-road-1102873681","name":"Sito Rd"},"geometry":{"type":"Point","coordinates":[74.22704039999999,30.131411399999998]}},{"type":"Feature","properties":{"id":"india-osm-road-1103051142","name":"Udaipur Bypass"},"geometry":{"type":"Point","coordinates":[73.70155375,24.656078700000002]}},{"type":"Feature","properties":{"id":"india-osm-road-1103513658","name":"Kautilya Kon Road"},"geometry":{"type":"Point","coordinates":[82.97607995,25.35094275]}},{"type":"Feature","properties":{"id":"india-osm-road-1103719048","name":"NH135"},"geometry":{"type":"Point","coordinates":[82.59242,25.0890799]}},{"type":"Feature","properties":{"id":"india-osm-road-1103748899","name":"Vadodara Bypass"},"geometry":{"type":"Point","coordinates":[73.25073705,22.28895895]}},{"type":"Feature","properties":{"id":"india-osm-road-1103839282","name":"NH334A"},"geometry":{"type":"Point","coordinates":[78.0310106,29.755682899999996]}},{"type":"Feature","properties":{"id":"india-osm-road-1104360811","name":"Muzaffar Nagar Highway"},"geometry":{"type":"Point","coordinates":[77.64717625,29.4688028]}},{"type":"Feature","properties":{"id":"india-osm-road-1104477881","name":"Refinery Road"},"geometry":{"type":"Point","coordinates":[76.34800555,9.9551394]}},{"type":"Feature","properties":{"id":"india-osm-road-1104549315","name":"Chennai - Bengaluru Trunk Road"},"geometry":{"type":"Point","coordinates":[79.6009014,12.88217555]}},{"type":"Feature","properties":{"id":"india-osm-road-1104598455","name":"Lakdikapul Road"},"geometry":{"type":"Point","coordinates":[78.4625953,17.40654125]}},{"type":"Feature","properties":{"id":"india-osm-road-1104842833","name":"NH444A"},"geometry":{"type":"Point","coordinates":[76.9526382,30.306170549999997]}},{"type":"Feature","properties":{"id":"india-osm-road-1104860947","name":"Pathergatti Road"},"geometry":{"type":"Point","coordinates":[78.47590485,17.36805395]}},{"type":"Feature","properties":{"id":"india-osm-road-1104877298","name":"Mannrakulanji-Chalakayam Road"},"geometry":{"type":"Point","coordinates":[76.8054339,9.313148850000001]}},{"type":"Feature","properties":{"id":"india-osm-road-1105111945","name":"Urse Talegaon Road"},"geometry":{"type":"Point","coordinates":[73.6775323,18.733398049999998]}},{"type":"Feature","properties":{"id":"india-osm-road-1105146210","name":"Santa Cruz – Chembur Link Road"},"geometry":{"type":"Point","coordinates":[72.8576652,19.07489355]}},{"type":"Feature","properties":{"id":"india-osm-road-1105185611","name":"Rewa Road"},"geometry":{"type":"Point","coordinates":[81.83913225,25.404791449999998]}},{"type":"Feature","properties":{"id":"india-osm-road-1105211164","name":"Bhopal Bypass Rd"},"geometry":{"type":"Point","coordinates":[77.27421255,23.27763675]}},{"type":"Feature","properties":{"id":"india-osm-road-1105407605","name":"Siliguri Bypass"},"geometry":{"type":"Point","coordinates":[88.40477535798944,26.645914141117323]}},{"type":"Feature","properties":{"id":"india-osm-road-1105474023","name":"Palakkad-Mannarkkad-Calicut Road"},"geometry":{"type":"Point","coordinates":[76.5988127,10.8214783]}},{"type":"Feature","properties":{"id":"india-osm-road-1105475021","name":"Ludhiana Bypass Road Flyover"},"geometry":{"type":"Point","coordinates":[75.84999189999999,30.87356335]}},{"type":"Feature","properties":{"id":"india-osm-road-1105489130","name":"Dindigul - Natham - Singampunari - Tiruppattur - Karaikudi Road"},"geometry":{"type":"Point","coordinates":[78.00073019999999,10.3312269]}},{"type":"Feature","properties":{"id":"india-osm-road-1105672644","name":"kankarbagh main road"},"geometry":{"type":"Point","coordinates":[85.15578725,25.602907899999998]}},{"type":"Feature","properties":{"id":"india-osm-road-1105715130","name":"RC Puram BHEL - Beeramguda Rd Mumbai Highway"},"geometry":{"type":"Point","coordinates":[78.31113285,17.5027006]}},{"type":"Feature","properties":{"id":"india-osm-road-1106330956","name":"Roorkee Bypass"},"geometry":{"type":"Point","coordinates":[77.8770253,29.8118962]}},{"type":"Feature","properties":{"id":"india-osm-road-1106330990","name":"Gulabnagar Road"},"geometry":{"type":"Point","coordinates":[77.84682805,29.90588785]}},{"type":"Feature","properties":{"id":"india-osm-road-1106883864","name":"GT Road;Sher Shah Suri Marg"},"geometry":{"type":"Point","coordinates":[76.1937266,30.71716275]}},{"type":"Feature","properties":{"id":"india-osm-road-1107006911","name":"Meerut Bypass Flyover"},"geometry":{"type":"Point","coordinates":[77.70822675,29.057438349999998]}},{"type":"Feature","properties":{"id":"india-osm-road-1107270453","name":"NH351"},"geometry":{"type":"Point","coordinates":[71.2158493,21.5792621]}},{"type":"Feature","properties":{"id":"india-osm-road-1107301775","name":"Bathinda Patiala Road"},"geometry":{"type":"Point","coordinates":[75.2291784,30.26270825]}},{"type":"Feature","properties":{"id":"india-osm-road-1107329614","name":"Bathinda Road"},"geometry":{"type":"Point","coordinates":[75.5513867,30.3367925]}},{"type":"Feature","properties":{"id":"india-osm-road-1107329616","name":"Sangrur Road"},"geometry":{"type":"Point","coordinates":[75.5628528,30.32083155]}},{"type":"Feature","properties":{"id":"india-osm-road-1107358314","name":"NH911"},"geometry":{"type":"Point","coordinates":[73.90006345,29.970500899999998]}},{"type":"Feature","properties":{"id":"india-osm-road-1108277036","name":"NH848B"},"geometry":{"type":"Point","coordinates":[72.83875520000001,20.416742900000003]}},{"type":"Feature","properties":{"id":"india-osm-road-1108933225","name":"NH179A"},"geometry":{"type":"Point","coordinates":[78.2339557,11.6724241]}},{"type":"Feature","properties":{"id":"india-osm-road-1109082041","name":"Salem - Thirupathur - Vaniyambadi Road"},"geometry":{"type":"Point","coordinates":[78.26399945,11.71641785]}},{"type":"Feature","properties":{"id":"india-osm-road-1109216494","name":"Mahavir Marg Flyover"},"geometry":{"type":"Point","coordinates":[75.584499,31.31710125]}},{"type":"Feature","properties":{"id":"india-osm-road-1109606474","name":"NH703A"},"geometry":{"type":"Point","coordinates":[75.48424010600415,31.346954222716604]}},{"type":"Feature","properties":{"id":"india-osm-road-1109912625","name":"Barnala-Mansa Road"},"geometry":{"type":"Point","coordinates":[75.51201995,30.33260145]}},{"type":"Feature","properties":{"id":"india-osm-road-1109950579","name":"Hoshiarpur - Jallandhar Road"},"geometry":{"type":"Point","coordinates":[75.64601895,31.36900915]}},{"type":"Feature","properties":{"id":"india-osm-road-1109978418","name":"Kalyan Road"},"geometry":{"type":"Point","coordinates":[73.10021425,19.25188105]}},{"type":"Feature","properties":{"id":"india-osm-road-1110162265","name":"Dr. CV Raman Road"},"geometry":{"type":"Point","coordinates":[77.56998405,13.01449645]}},{"type":"Feature","properties":{"id":"india-osm-road-1110278714","name":"Alipore Road"},"geometry":{"type":"Point","coordinates":[88.33086835,22.525262050000002]}},{"type":"Feature","properties":{"id":"india-osm-road-1110805385","name":"NH313"},"geometry":{"type":"Point","coordinates":[95.86731018527634,28.750979165091227]}},{"type":"Feature","properties":{"id":"india-osm-road-1110949859","name":"Inner Ring Road"},"geometry":{"type":"Point","coordinates":[78.4678882,17.319685550000003]}},{"type":"Feature","properties":{"id":"india-osm-road-1111001643","name":"NH173"},"geometry":{"type":"Point","coordinates":[75.7858182,13.3284084]}},{"type":"Feature","properties":{"id":"india-osm-road-1111024701","name":"Shantipura Flyover"},"geometry":{"type":"Point","coordinates":[72.47176884999999,22.989210149999998]}},{"type":"Feature","properties":{"id":"india-osm-road-111160187","name":"NH527A"},"geometry":{"type":"Point","coordinates":[86.07484155,26.35787075]}},{"type":"Feature","properties":{"id":"india-osm-road-1111742486","name":"Jhansi - Mauranipur Highway"},"geometry":{"type":"Point","coordinates":[78.941835,25.3357532]}},{"type":"Feature","properties":{"id":"india-osm-road-1111958632","name":"Ganeshkhind Road"},"geometry":{"type":"Point","coordinates":[73.84971485,18.5300054]}},{"type":"Feature","properties":{"id":"india-osm-road-1111966439","name":"Batala Road"},"geometry":{"type":"Point","coordinates":[75.0153324,31.717895900000002]}},{"type":"Feature","properties":{"id":"india-osm-road-1112244309","name":"New Betwa River Bridge"},"geometry":{"type":"Point","coordinates":[78.68281345,25.40461365]}},{"type":"Feature","properties":{"id":"india-osm-road-1112257881","name":"Akhnoor Bypass"},"geometry":{"type":"Point","coordinates":[74.764468,32.897507450000006]}},{"type":"Feature","properties":{"id":"india-osm-road-111268753","name":"NH76"},"geometry":{"type":"Point","coordinates":[79.48304929109784,25.4222545766096]}},{"type":"Feature","properties":{"id":"india-osm-road-1112988564","name":"Akhnoor Road"},"geometry":{"type":"Point","coordinates":[74.792361,32.776413649999995]}},{"type":"Feature","properties":{"id":"india-osm-road-1112992347","name":"Fourth Bridge"},"geometry":{"type":"Point","coordinates":[74.8432255,32.7223562]}},{"type":"Feature","properties":{"id":"india-osm-road-1113374612","name":"NH54"},"geometry":{"type":"Point","coordinates":[74.98206630000001,31.55488805]}},{"type":"Feature","properties":{"id":"india-osm-road-1113404726","name":"Hall Bazaar Rd."},"geometry":{"type":"Point","coordinates":[74.87402025,31.6332162]}},{"type":"Feature","properties":{"id":"india-osm-road-1113583583","name":"Court Road"},"geometry":{"type":"Point","coordinates":[74.87113775,31.634785049999998]}},{"type":"Feature","properties":{"id":"india-osm-road-111360947","name":"NH27;NH48"},"geometry":{"type":"Point","coordinates":[73.84100679089963,24.61853195151506]}},{"type":"Feature","properties":{"id":"india-osm-road-111461106","name":"NH719"},"geometry":{"type":"Point","coordinates":[78.97897615,26.7372613]}},{"type":"Feature","properties":{"id":"india-osm-road-1115052068","name":"Vijapur Road"},"geometry":{"type":"Point","coordinates":[75.8842424,17.552336099999998]}},{"type":"Feature","properties":{"id":"india-osm-road-1115101410","name":"Pune Sholapur Road"},"geometry":{"type":"Point","coordinates":[75.8612577,17.70522835]}},{"type":"Feature","properties":{"id":"india-osm-road-1115140301","name":"Bathinda Mansa Road Flyover"},"geometry":{"type":"Point","coordinates":[74.9564927,30.189419]}},{"type":"Feature","properties":{"id":"india-osm-road-1115194814","name":"Jammu Bypass"},"geometry":{"type":"Point","coordinates":[74.9003448,32.6954833]}},{"type":"Feature","properties":{"id":"india-osm-road-1115277850","name":"Nargota Bypass"},"geometry":{"type":"Point","coordinates":[74.8848986,32.77819755]}},{"type":"Feature","properties":{"id":"india-osm-road-1115324997","name":"NH365"},"geometry":{"type":"Point","coordinates":[79.41783425,17.1863949]}},{"type":"Feature","properties":{"id":"india-osm-road-1115956775","name":"Old Power House Road"},"geometry":{"type":"Point","coordinates":[74.25359370000001,30.60353515]}},{"type":"Feature","properties":{"id":"india-osm-road-1115964416","name":"Pathankot Road"},"geometry":{"type":"Point","coordinates":[75.59575425,31.36502785]}},{"type":"Feature","properties":{"id":"india-osm-road-1116132415","name":"Padum - Nimmu - Chadar Road"},"geometry":{"type":"Point","coordinates":[76.99894315835247,33.551205162949515]}},{"type":"Feature","properties":{"id":"india-osm-road-1116233593","name":"Firozpur Road"},"geometry":{"type":"Point","coordinates":[74.63982195,30.9235433]}},{"type":"Feature","properties":{"id":"india-osm-road-1116240288","name":"Srinagar-Athwajan Road"},"geometry":{"type":"Point","coordinates":[74.8677519,34.0476844]}},{"type":"Feature","properties":{"id":"india-osm-road-1116240290","name":"MA Road"},"geometry":{"type":"Point","coordinates":[74.86389155,34.0510335]}},{"type":"Feature","properties":{"id":"india-osm-road-1116246695","name":"NH227"},"geometry":{"type":"Point","coordinates":[85.39978170140135,26.51319698398986]}},{"type":"Feature","properties":{"id":"india-osm-road-1116248680","name":"Yajuar-Pahsaul Road"},"geometry":{"type":"Point","coordinates":[85.66476205000001,26.2681004]}},{"type":"Feature","properties":{"id":"india-osm-road-1116338893","name":"Srinagar-Leh Highway"},"geometry":{"type":"Point","coordinates":[74.82338505,34.08612825]}},{"type":"Feature","properties":{"id":"india-osm-road-1116502940","name":"Contai-Nandakumar Road"},"geometry":{"type":"Point","coordinates":[87.85676085,22.08912825]}},{"type":"Feature","properties":{"id":"india-osm-road-1116733232","name":"NH244A"},"geometry":{"type":"Point","coordinates":[74.75788015,32.826193]}},{"type":"Feature","properties":{"id":"india-osm-road-1116733234","name":"Jammu Bypass NH-244A"},"geometry":{"type":"Point","coordinates":[74.82667724999999,32.8311879]}},{"type":"Feature","properties":{"id":"india-osm-road-1116769992","name":"Dera Baba Nanak Road"},"geometry":{"type":"Point","coordinates":[75.04258935,32.01650095]}},{"type":"Feature","properties":{"id":"india-osm-road-1117727977","name":"GT Road Flyover"},"geometry":{"type":"Point","coordinates":[75.6127112,31.313076549999998]}},{"type":"Feature","properties":{"id":"india-osm-road-1117807045","name":"NH703B"},"geometry":{"type":"Point","coordinates":[75.1284535,30.95400815]}},{"type":"Feature","properties":{"id":"india-osm-road-1117863484","name":"Kotkapura - Moga Road"},"geometry":{"type":"Point","coordinates":[75.0932948,30.685400350000002]}},{"type":"Feature","properties":{"id":"india-osm-road-1117981016","name":"Airport Road"},"geometry":{"type":"Point","coordinates":[74.82050025000001,31.702416399999997]}},{"type":"Feature","properties":{"id":"india-osm-road-111810115","name":"NH316"},"geometry":{"type":"Point","coordinates":[85.77623903870618,19.811644648811505]}},{"type":"Feature","properties":{"id":"india-osm-road-1118316162","name":"Sion Flyover"},"geometry":{"type":"Point","coordinates":[72.8643346,19.04369755]}},{"type":"Feature","properties":{"id":"india-osm-road-1118607541","name":"NH344M"},"geometry":{"type":"Point","coordinates":[77.08709315,28.798023800000003]}},{"type":"Feature","properties":{"id":"india-osm-road-1118608094","name":"Mudki - Bagha Purana Road"},"geometry":{"type":"Point","coordinates":[74.90371495,30.7706356]}},{"type":"Feature","properties":{"id":"india-osm-road-1118614805","name":"NH254"},"geometry":{"type":"Point","coordinates":[75.1053567,30.6415865]}},{"type":"Feature","properties":{"id":"india-osm-road-1118635786","name":"NH115"},"geometry":{"type":"Point","coordinates":[95.6439287,27.759114099999998]}},{"type":"Feature","properties":{"id":"india-osm-road-1118807145","name":"Ajnala Road"},"geometry":{"type":"Point","coordinates":[74.81212305,31.71267855]}},{"type":"Feature","properties":{"id":"india-osm-road-1118834168","name":"Bharthal Railway Underpass"},"geometry":{"type":"Point","coordinates":[77.0592918,28.5465305]}},{"type":"Feature","properties":{"id":"india-osm-road-1118841343","name":"hanamkonda chowarasta"},"geometry":{"type":"Point","coordinates":[79.57826750000001,18.00365815]}},{"type":"Feature","properties":{"id":"india-osm-road-1119771332","name":"Amritsar Bypass Road Flyover"},"geometry":{"type":"Point","coordinates":[74.93816659999999,31.60311235]}},{"type":"Feature","properties":{"id":"india-osm-road-1119803404","name":"Punalur-MUvattupuzha Road"},"geometry":{"type":"Point","coordinates":[76.80349285,9.30697855]}},{"type":"Feature","properties":{"id":"india-osm-road-1119805241","name":"Baramati Bypass"},"geometry":{"type":"Point","coordinates":[74.60693577218137,18.221270433452197]}},{"type":"Feature","properties":{"id":"india-osm-road-1119817312","name":"Bapatala Bypass"},"geometry":{"type":"Point","coordinates":[80.4910551,15.9069264]}},{"type":"Feature","properties":{"id":"india-osm-road-1119832297","name":"Baramati Daund Road"},"geometry":{"type":"Point","coordinates":[74.52215615,18.28174705]}},{"type":"Feature","properties":{"id":"india-osm-road-1119855886","name":"100 Feet Road"},"geometry":{"type":"Point","coordinates":[79.80756629999999,11.93230705]}},{"type":"Feature","properties":{"id":"india-osm-road-1120050663","name":"Nagar Road"},"geometry":{"type":"Point","coordinates":[73.95211945,18.57007945]}},{"type":"Feature","properties":{"id":"india-osm-road-1120084636","name":"NH544F;NH42"},"geometry":{"type":"Point","coordinates":[77.60937795000001,14.61430945]}},{"type":"Feature","properties":{"id":"india-osm-road-1120097762","name":"NH544F"},"geometry":{"type":"Point","coordinates":[77.62133955,14.6401109]}},{"type":"Feature","properties":{"id":"india-osm-road-1120100740","name":"Cuddalore Main Road"},"geometry":{"type":"Point","coordinates":[78.20648075,11.66372585]}},{"type":"Feature","properties":{"id":"india-osm-road-1120495462","name":"Srinagar Bandipora Road"},"geometry":{"type":"Point","coordinates":[74.66187205456568,34.205051914689214]}},{"type":"Feature","properties":{"id":"india-osm-road-1120495463","name":"Srinagar Bypass"},"geometry":{"type":"Point","coordinates":[74.67457139999999,34.17968705]}},{"type":"Feature","properties":{"id":"india-osm-road-1121196549","name":"Nizampet - Miyapur Road Mumbai Highway"},"geometry":{"type":"Point","coordinates":[78.38026235,17.498656750000002]}},{"type":"Feature","properties":{"id":"india-osm-road-1121507323","name":"Nagpur Bypass"},"geometry":{"type":"Point","coordinates":[78.99518125,21.03143205]}},{"type":"Feature","properties":{"id":"india-osm-road-1121951028","name":"Thiruvannamalai Bypass"},"geometry":{"type":"Point","coordinates":[79.06938815000001,12.2853817]}},{"type":"Feature","properties":{"id":"india-osm-road-1122020468","name":"NH415"},"geometry":{"type":"Point","coordinates":[93.62070750574365,27.047512065718546]}},{"type":"Feature","properties":{"id":"india-osm-road-1122199954","name":"Ahilyanagar - Kalyan Road | Bhiwandi - Murbad Road | B K Birla Road"},"geometry":{"type":"Point","coordinates":[73.16954665,19.2451604]}},{"type":"Feature","properties":{"id":"india-osm-road-1122246958","name":"Nimati Ghat Road"},"geometry":{"type":"Point","coordinates":[94.2447272,26.8599651]}},{"type":"Feature","properties":{"id":"india-osm-road-1122277633","name":"Jorhat Mariani Road"},"geometry":{"type":"Point","coordinates":[94.2159225,26.75638625]}},{"type":"Feature","properties":{"id":"india-osm-road-1122277636","name":"AT Road"},"geometry":{"type":"Point","coordinates":[94.21122965,26.76035155]}},{"type":"Feature","properties":{"id":"india-osm-road-1122421033","name":"SCLR Flyover"},"geometry":{"type":"Point","coordinates":[72.85723845000001,19.0750427]}},{"type":"Feature","properties":{"id":"india-osm-road-1122575000","name":"South Ukkadam"},"geometry":{"type":"Point","coordinates":[76.96066515000001,10.9904412]}},{"type":"Feature","properties":{"id":"india-osm-road-1122852920","name":"Golwadi Bypass"},"geometry":{"type":"Point","coordinates":[75.2665014,19.83876425]}},{"type":"Feature","properties":{"id":"india-osm-road-1122861087","name":"NH52;752I"},"geometry":{"type":"Point","coordinates":[75.26078480000001,19.85345585]}},{"type":"Feature","properties":{"id":"india-osm-road-1123240621","name":"NH548CC"},"geometry":{"type":"Point","coordinates":[76.54406275,20.1610915]}},{"type":"Feature","properties":{"id":"india-osm-road-1123270058","name":"NH247"},"geometry":{"type":"Point","coordinates":[79.18693135000001,21.220957900000002]}},{"type":"Feature","properties":{"id":"india-osm-road-1123316567","name":"Siddheshwar Temple Road"},"geometry":{"type":"Point","coordinates":[75.90369849999999,17.670406999999997]}},{"type":"Feature","properties":{"id":"india-osm-road-1123316568","name":"Siddhivinayak Road"},"geometry":{"type":"Point","coordinates":[75.90370285,17.670387249999997]}},{"type":"Feature","properties":{"id":"india-osm-road-1123532873","name":"Coimbatore Bypass"},"geometry":{"type":"Point","coordinates":[76.9863497,10.91816545]}},{"type":"Feature","properties":{"id":"india-osm-road-112381931","name":"Karwar Road"},"geometry":{"type":"Point","coordinates":[75.123532,15.335388850000001]}},{"type":"Feature","properties":{"id":"india-osm-road-1124059221","name":"NH161E;NH361C"},"geometry":{"type":"Point","coordinates":[77.4657396,20.50388895]}},{"type":"Feature","properties":{"id":"india-osm-road-1124123216","name":"Sitapur Road"},"geometry":{"type":"Point","coordinates":[80.92878685,26.9555481]}},{"type":"Feature","properties":{"id":"india-osm-road-1124399904","name":"Majherhat Flyover"},"geometry":{"type":"Point","coordinates":[88.3238022,22.51910485]}},{"type":"Feature","properties":{"id":"india-osm-road-1124651262","name":"Makhdumpur-Masauhri-Pothi Road"},"geometry":{"type":"Point","coordinates":[85.02948327082771,25.316051176215822]}},{"type":"Feature","properties":{"id":"india-osm-road-1124781837","name":"NH52;752H"},"geometry":{"type":"Point","coordinates":[75.1578766,19.953280149999998]}},{"type":"Feature","properties":{"id":"india-osm-road-1124919187","name":"NH131B"},"geometry":{"type":"Point","coordinates":[87.06326014999999,25.3778681]}},{"type":"Feature","properties":{"id":"india-osm-road-1124951091","name":"NH754"},"geometry":{"type":"Point","coordinates":[74.2634869,30.599908650000003]}},{"type":"Feature","properties":{"id":"india-osm-road-1125018213","name":"NH44-Highway"},"geometry":{"type":"Point","coordinates":[74.9877242,33.945036099999996]}},{"type":"Feature","properties":{"id":"india-osm-road-1125026273","name":"Pandharpur Road"},"geometry":{"type":"Point","coordinates":[73.98233300000001,18.131247000000002]}},{"type":"Feature","properties":{"id":"india-osm-road-1125154696","name":"Hale Bage"},"geometry":{"type":"Point","coordinates":[75.87725325,12.946967050000001]}},{"type":"Feature","properties":{"id":"india-osm-road-1125322744","name":"Makhu - Moga Road"},"geometry":{"type":"Point","coordinates":[75.18329184999999,30.871769399999998]}},{"type":"Feature","properties":{"id":"india-osm-road-1126533742","name":"Taratala Flyover"},"geometry":{"type":"Point","coordinates":[88.32282955,22.51504545]}},{"type":"Feature","properties":{"id":"india-osm-road-1126661901","name":"Burdwan Road"},"geometry":{"type":"Point","coordinates":[88.32454705,22.52195535]}},{"type":"Feature","properties":{"id":"india-osm-road-1126708853","name":"Visnagar road sh-56"},"geometry":{"type":"Point","coordinates":[72.5352893203351,23.69508165789647]}},{"type":"Feature","properties":{"id":"india-osm-road-1126708863","name":"Visnagar-Mehsana road -sh-56"},"geometry":{"type":"Point","coordinates":[72.41022755,23.616000749999998]}},{"type":"Feature","properties":{"id":"india-osm-road-1127395430","name":"Flyover Road"},"geometry":{"type":"Point","coordinates":[95.36215435,27.468180750000002]}},{"type":"Feature","properties":{"id":"india-osm-road-1127454921","name":"Marine Drive Road"},"geometry":{"type":"Point","coordinates":[85.7908755,19.7845483]}},{"type":"Feature","properties":{"id":"india-osm-road-1127869794","name":"Vidyasagar Flyover"},"geometry":{"type":"Point","coordinates":[88.3320009,22.54208105]}},{"type":"Feature","properties":{"id":"india-osm-road-1127952061","name":"Belvedere Road"},"geometry":{"type":"Point","coordinates":[88.3347265,22.5406886]}},{"type":"Feature","properties":{"id":"india-osm-road-112890908","name":"Partapur Flyover"},"geometry":{"type":"Point","coordinates":[77.64352765000001,28.91521725]}},{"type":"Feature","properties":{"id":"india-osm-road-1129143548","name":"Nagole Flyover"},"geometry":{"type":"Point","coordinates":[78.557839,17.3752797]}},{"type":"Feature","properties":{"id":"india-osm-road-1131113751","name":"NH458"},"geometry":{"type":"Point","coordinates":[74.0246781,26.012051999999997]}},{"type":"Feature","properties":{"id":"india-osm-road-1131148631","name":"NH758"},"geometry":{"type":"Point","coordinates":[74.01085185,25.112883150000002]}},{"type":"Feature","properties":{"id":"india-osm-road-1131528692","name":"Mumbai Pune Bypass Road"},"geometry":{"type":"Point","coordinates":[73.8456398,18.4222233]}},{"type":"Feature","properties":{"id":"india-osm-road-1133623045","name":"Laldarwaja Main Road"},"geometry":{"type":"Point","coordinates":[72.8334285,21.208933950000002]}},{"type":"Feature","properties":{"id":"india-osm-road-113391315","name":"Nagarabhavi Underpass"},"geometry":{"type":"Point","coordinates":[77.51803774999999,12.9585562]}},{"type":"Feature","properties":{"id":"india-osm-road-113391329","name":"Nagarabhavi Circle Flyover"},"geometry":{"type":"Point","coordinates":[77.5134817,12.960632799999999]}},{"type":"Feature","properties":{"id":"india-osm-road-1133985723","name":"NH15;NH715A"},"geometry":{"type":"Point","coordinates":[92.17206435,26.6466611]}},{"type":"Feature","properties":{"id":"india-osm-road-113403835","name":"Bijli Bamba By-pass"},"geometry":{"type":"Point","coordinates":[77.71522113761006,28.922054253245708]}},{"type":"Feature","properties":{"id":"india-osm-road-113403841","name":"Shastri Nagar Road"},"geometry":{"type":"Point","coordinates":[77.74089645000001,28.96422925]}},{"type":"Feature","properties":{"id":"india-osm-road-1134084416","name":"NH427"},"geometry":{"type":"Point","coordinates":[91.45896145,26.279418800000002]}},{"type":"Feature","properties":{"id":"india-osm-road-1134246942","name":"Kollam - Teni Highway"},"geometry":{"type":"Point","coordinates":[76.63357135,9.121541950000001]}},{"type":"Feature","properties":{"id":"india-osm-road-1134443156","name":"Mecheda-Haldia Highway"},"geometry":{"type":"Point","coordinates":[88.0864407,22.05127405]}},{"type":"Feature","properties":{"id":"india-osm-road-1134826050","name":"NH127D"},"geometry":{"type":"Point","coordinates":[91.62402195,26.43585505]}},{"type":"Feature","properties":{"id":"india-osm-road-1135139916","name":"Civil Lines Road"},"geometry":{"type":"Point","coordinates":[79.4151975,28.3627871]}},{"type":"Feature","properties":{"id":"india-osm-road-1135504903","name":"NH105"},"geometry":{"type":"Point","coordinates":[76.756435,30.9732789]}},{"type":"Feature","properties":{"id":"india-osm-road-1136383495","name":"NH352W"},"geometry":{"type":"Point","coordinates":[76.99724125,28.44830055]}},{"type":"Feature","properties":{"id":"india-osm-road-1136436738","name":"Thanjavur - Nagappattinam Nedunchalai"},"geometry":{"type":"Point","coordinates":[79.1703837,10.78082915]}},{"type":"Feature","properties":{"id":"india-osm-road-1136477565","name":"NH127"},"geometry":{"type":"Point","coordinates":[92.73191704999999,26.337329699999998]}},{"type":"Feature","properties":{"id":"india-osm-road-1136477567","name":"Nagaon Bypass"},"geometry":{"type":"Point","coordinates":[92.7333829,26.33847755]}},{"type":"Feature","properties":{"id":"india-osm-road-113661381","name":"Mirkarwada Village Road"},"geometry":{"type":"Point","coordinates":[73.27661607407475,16.997957550640802]}},{"type":"Feature","properties":{"id":"india-osm-road-113661395","name":"Hodekar Road"},"geometry":{"type":"Point","coordinates":[73.30626883333677,17.004772231001844]}},{"type":"Feature","properties":{"id":"india-osm-road-113661410","name":"Mirya Bandar"},"geometry":{"type":"Point","coordinates":[73.28679274999999,17.000984850000002]}},{"type":"Feature","properties":{"id":"india-osm-road-1136680763","name":"Kolia Bhomora Setu"},"geometry":{"type":"Point","coordinates":[92.85747805,26.598724949999998]}},{"type":"Feature","properties":{"id":"india-osm-road-1137039432","name":"Kopri Flyover"},"geometry":{"type":"Point","coordinates":[72.96705905,19.179109]}},{"type":"Feature","properties":{"id":"india-osm-road-1137177937","name":"Virudhunagar Puravazhi Salai"},"geometry":{"type":"Point","coordinates":[77.94251105000001,9.588036200000001]}},{"type":"Feature","properties":{"id":"india-osm-road-1137273073","name":"Sattur Puravazhi Salai"},"geometry":{"type":"Point","coordinates":[77.91547845,9.36599505]}},{"type":"Feature","properties":{"id":"india-osm-road-1137497524","name":"A Patil Flyover"},"geometry":{"type":"Point","coordinates":[72.8326563,18.97157095]}},{"type":"Feature","properties":{"id":"india-osm-road-1138033802","name":"NH965C"},"geometry":{"type":"Point","coordinates":[75.34162425,17.68563785]}},{"type":"Feature","properties":{"id":"india-osm-road-1138597084","name":"NH327A"},"geometry":{"type":"Point","coordinates":[86.73122465,26.283043499999998]}},{"type":"Feature","properties":{"id":"india-osm-road-1138755450","name":"Jodabasavanna Chowk Road"},"geometry":{"type":"Point","coordinates":[75.91758709999999,17.67408845]}},{"type":"Feature","properties":{"id":"india-osm-road-1139470000","name":"Bhitauli Flyover"},"geometry":{"type":"Point","coordinates":[80.93400495,26.93445165]}},{"type":"Feature","properties":{"id":"india-osm-road-1143373184","name":"NH765DG"},"geometry":{"type":"Point","coordinates":[78.5920608,18.13338595]}},{"type":"Feature","properties":{"id":"india-osm-road-1144693255","name":"Sola Overbridge"},"geometry":{"type":"Point","coordinates":[72.52393835000001,23.07217305]}},{"type":"Feature","properties":{"id":"india-osm-road-1145012484","name":"Naini Bridge"},"geometry":{"type":"Point","coordinates":[81.86192205,25.4200703]}},{"type":"Feature","properties":{"id":"india-osm-road-1145936686","name":"Madurai _ Tirunelveli - Kanyakukaru"},"geometry":{"type":"Point","coordinates":[77.8826906,9.20848185]}},{"type":"Feature","properties":{"id":"india-osm-road-1146035771","name":"Kanyakumari - Srinagar Highway"},"geometry":{"type":"Point","coordinates":[77.9574118,9.61796215]}},{"type":"Feature","properties":{"id":"india-osm-road-1146903536","name":"Rani Jhansi Road"},"geometry":{"type":"Point","coordinates":[77.4506376,28.68733155]}},{"type":"Feature","properties":{"id":"india-osm-road-1146966926","name":"NH116B;SH57"},"geometry":{"type":"Point","coordinates":[87.48411795,21.62221565]}},{"type":"Feature","properties":{"id":"india-osm-road-1148122210","name":"Golnaka Road"},"geometry":{"type":"Point","coordinates":[78.50798660000001,17.39075115]}},{"type":"Feature","properties":{"id":"india-osm-road-1148123331","name":"Amberpet Main Road"},"geometry":{"type":"Point","coordinates":[78.5150044,17.39191945]}},{"type":"Feature","properties":{"id":"india-osm-road-1148137539","name":"Tank Bund Road"},"geometry":{"type":"Point","coordinates":[78.48543295,17.423618400000002]}},{"type":"Feature","properties":{"id":"india-osm-road-1148388978","name":"Belapur Railway Flyover"},"geometry":{"type":"Point","coordinates":[73.02846339999999,19.01868725]}},{"type":"Feature","properties":{"id":"india-osm-road-1148418553","name":"എംസി റോഡ്"},"geometry":{"type":"Point","coordinates":[76.57838195,9.989941250000001]}},{"type":"Feature","properties":{"id":"india-osm-road-1148475826","name":"Kaderanahali Underpass"},"geometry":{"type":"Point","coordinates":[77.5672554,12.912488199999999]}},{"type":"Feature","properties":{"id":"india-osm-road-1148743391","name":"Cuddalore Bypass"},"geometry":{"type":"Point","coordinates":[79.73413765000001,11.775783950000001]}},{"type":"Feature","properties":{"id":"india-osm-road-1148798023","name":"NH548C;161G"},"geometry":{"type":"Point","coordinates":[76.68946285845905,20.800402960507167]}},{"type":"Feature","properties":{"id":"india-osm-road-1148798025","name":"NH161G"},"geometry":{"type":"Point","coordinates":[76.70158658504073,20.758033196583206]}},{"type":"Feature","properties":{"id":"india-osm-road-1149106665","name":"NH844"},"geometry":{"type":"Point","coordinates":[78.0481698,12.41104825]}},{"type":"Feature","properties":{"id":"india-osm-road-1149121472","name":"Gingee Bypass"},"geometry":{"type":"Point","coordinates":[79.4230852,12.2580818]}},{"type":"Feature","properties":{"id":"india-osm-road-1149194316","name":"NH326"},"geometry":{"type":"Point","coordinates":[83.41212955,19.17196295]}},{"type":"Feature","properties":{"id":"india-osm-road-114922747","name":"Harur Bypass Road"},"geometry":{"type":"Point","coordinates":[78.47474418959533,12.050100111884644]}},{"type":"Feature","properties":{"id":"india-osm-road-1149724157","name":"Rudraprayag Bypass Road"},"geometry":{"type":"Point","coordinates":[78.96374605,30.27392095]}},{"type":"Feature","properties":{"id":"india-osm-road-1149869220","name":"Santipur Bypass"},"geometry":{"type":"Point","coordinates":[88.4666657,23.236697300000003]}},{"type":"Feature","properties":{"id":"india-osm-road-1150086408","name":"Hyderabad Janagam Highway"},"geometry":{"type":"Point","coordinates":[78.49211844999999,17.38111165]}},{"type":"Feature","properties":{"id":"india-osm-road-1150227472","name":"Mumbai Pune Bypass Road * Katraj-Dehu Rd Bypass"},"geometry":{"type":"Point","coordinates":[73.79212715,18.48971445]}},{"type":"Feature","properties":{"id":"india-osm-road-1150777538","name":"Ameerpet Road - Panjagutta Main Road"},"geometry":{"type":"Point","coordinates":[78.44909605000001,17.4307823]}},{"type":"Feature","properties":{"id":"india-osm-road-1151107121","name":"NH166F"},"geometry":{"type":"Point","coordinates":[73.43401535,18.23076595]}},{"type":"Feature","properties":{"id":"india-osm-road-1151182989","name":"SH 72"},"geometry":{"type":"Point","coordinates":[73.5873374,17.9448065]}},{"type":"Feature","properties":{"id":"india-osm-road-1151199149","name":"Varandha Ghat"},"geometry":{"type":"Point","coordinates":[73.64210077126475,18.098316605347677]}},{"type":"Feature","properties":{"id":"india-osm-road-1151937885","name":"NH330A"},"geometry":{"type":"Point","coordinates":[81.78713640000001,26.5197395]}},{"type":"Feature","properties":{"id":"india-osm-road-1151949346","name":"Hindupur Bypass"},"geometry":{"type":"Point","coordinates":[77.53094715,13.8551255]}},{"type":"Feature","properties":{"id":"india-osm-road-1152381673","name":"Biju Expressway"},"geometry":{"type":"Point","coordinates":[82.62194685,19.58110535]}},{"type":"Feature","properties":{"id":"india-osm-road-1152785236","name":"Jalgaon road Underpass"},"geometry":{"type":"Point","coordinates":[75.37538245,19.97100045]}},{"type":"Feature","properties":{"id":"india-osm-road-1153313742","name":"NH4"},"geometry":{"type":"Point","coordinates":[79.07260525,13.194522249999999]}},{"type":"Feature","properties":{"id":"india-osm-road-1153416608","name":"Amravati Road"},"geometry":{"type":"Point","coordinates":[79.0651699,21.1463683]}},{"type":"Feature","properties":{"id":"india-osm-road-1153418692","name":"Kozhikode - Kollegal Highway"},"geometry":{"type":"Point","coordinates":[76.6662283,12.19351885]}},{"type":"Feature","properties":{"id":"india-osm-road-1153419092","name":"Mumbra-Kausa Bypass"},"geometry":{"type":"Point","coordinates":[73.02148253309043,19.164836745277785]}},{"type":"Feature","properties":{"id":"india-osm-road-1153960211","name":"NH16;NH55"},"geometry":{"type":"Point","coordinates":[85.90708425,20.47058705]}},{"type":"Feature","properties":{"id":"india-osm-road-1154089595","name":"Tallakulam Etram"},"geometry":{"type":"Point","coordinates":[78.13600875,9.93756845]}},{"type":"Feature","properties":{"id":"india-osm-road-1154089596","name":"Tallakulam Irakkam"},"geometry":{"type":"Point","coordinates":[78.13667824999999,9.9361532]}},{"type":"Feature","properties":{"id":"india-osm-road-1154293149","name":"Bangalore - Mysore Expressway"},"geometry":{"type":"Point","coordinates":[76.6615803,12.3547715]}},{"type":"Feature","properties":{"id":"india-osm-road-1154355087","name":"Gulbarga - Solapur Highway"},"geometry":{"type":"Point","coordinates":[76.22617445,17.5118635]}},{"type":"Feature","properties":{"id":"india-osm-road-1154355126","name":"NH150"},"geometry":{"type":"Point","coordinates":[76.15344055,17.552161599999998]}},{"type":"Feature","properties":{"id":"india-osm-road-1154444930","name":"Digha Contai Road"},"geometry":{"type":"Point","coordinates":[87.56826785,21.6784462]}},{"type":"Feature","properties":{"id":"india-osm-road-1154444935","name":"Digha Bypass Road"},"geometry":{"type":"Point","coordinates":[87.52506965,21.6332777]}},{"type":"Feature","properties":{"id":"india-osm-road-1154655825","name":"Nilambur-Calicut-Mannarkkad Road"},"geometry":{"type":"Point","coordinates":[76.20884225,10.97742455]}},{"type":"Feature","properties":{"id":"india-osm-road-1154686040","name":"Agra Road"},"geometry":{"type":"Point","coordinates":[72.98735225,19.2201816]}},{"type":"Feature","properties":{"id":"india-osm-road-1154686041","name":"Majiwada-Kapurbawdi Flyover"},"geometry":{"type":"Point","coordinates":[72.982509,19.2181031]}},{"type":"Feature","properties":{"id":"india-osm-road-1154923135","name":"Prakash Thorat Marg"},"geometry":{"type":"Point","coordinates":[72.89713405,19.06456205]}},{"type":"Feature","properties":{"id":"india-osm-road-1154968997","name":"NH116B"},"geometry":{"type":"Point","coordinates":[87.74861795,21.78703215]}},{"type":"Feature","properties":{"id":"india-osm-road-1154969003","name":"Contai Bypass Road"},"geometry":{"type":"Point","coordinates":[87.7483598,21.7868093]}},{"type":"Feature","properties":{"id":"india-osm-road-1155045647","name":"Degaon Road"},"geometry":{"type":"Point","coordinates":[75.86778425040808,17.66538951753786]}},{"type":"Feature","properties":{"id":"india-osm-road-115533908","name":"Sirsi - Kumta Highway ಸಿರ್ಸಿ - ಕುಮಟಾ ಹೆದ್ದಾರಿ"},"geometry":{"type":"Point","coordinates":[74.42422281657926,14.432287191975094]}},{"type":"Feature","properties":{"id":"india-osm-road-1155846922","name":"NH503"},"geometry":{"type":"Point","coordinates":[76.36629085,31.37760555]}},{"type":"Feature","properties":{"id":"india-osm-road-1155882869","name":"Sakthi Main Road"},"geometry":{"type":"Point","coordinates":[76.99668869999999,11.05824015]}},{"type":"Feature","properties":{"id":"india-osm-road-1155899008","name":"NH5;NH7"},"geometry":{"type":"Point","coordinates":[76.8469452,30.6659507]}},{"type":"Feature","properties":{"id":"india-osm-road-1156620647","name":"NH702"},"geometry":{"type":"Point","coordinates":[94.69853539166367,26.4892550557645]}},{"type":"Feature","properties":{"id":"india-osm-road-1156621983","name":"Puna Flyover"},"geometry":{"type":"Point","coordinates":[72.58443084999999,23.13060205]}},{"type":"Feature","properties":{"id":"india-osm-road-1156682419","name":"Ropar-Doraha Road"},"geometry":{"type":"Point","coordinates":[76.5159031,30.9402057]}},{"type":"Feature","properties":{"id":"india-osm-road-1156706534","name":"NH216E"},"geometry":{"type":"Point","coordinates":[81.8433245,16.76233565]}},{"type":"Feature","properties":{"id":"india-osm-road-1156769631","name":"Vishakapatnam - Srungavarapukota - Araku Road"},"geometry":{"type":"Point","coordinates":[83.20150860000001,17.83296405]}},{"type":"Feature","properties":{"id":"india-osm-road-1156966044","name":"NH152G"},"geometry":{"type":"Point","coordinates":[76.8598712,30.1832565]}},{"type":"Feature","properties":{"id":"india-osm-road-1157012889","name":"Kallakurichi - Tiruvannamalai Road"},"geometry":{"type":"Point","coordinates":[79.04335395000001,12.2014871]}},{"type":"Feature","properties":{"id":"india-osm-road-1157397989","name":"Hosakerehalli Flyover"},"geometry":{"type":"Point","coordinates":[77.53294364999999,12.9392651]}},{"type":"Feature","properties":{"id":"india-osm-road-1157600079","name":"NH57;NH153B"},"geometry":{"type":"Point","coordinates":[84.30167814074278,20.831970420445447]}},{"type":"Feature","properties":{"id":"india-osm-road-1158344976","name":"Poondi Bypass"},"geometry":{"type":"Point","coordinates":[79.24941755,10.77914075]}},{"type":"Feature","properties":{"id":"india-osm-road-1158344980","name":"Nagapattinam - Coimbatore - Gundlupet Highway"},"geometry":{"type":"Point","coordinates":[79.2601458,10.7804327]}},{"type":"Feature","properties":{"id":"india-osm-road-1158399726","name":"Shahid Major Kaustubh Rane flyover"},"geometry":{"type":"Point","coordinates":[72.8747238,19.0760753]}},{"type":"Feature","properties":{"id":"india-osm-road-1158462254","name":"कवठा बदनापूर"},"geometry":{"type":"Point","coordinates":[76.6881918,19.7483931]}},{"type":"Feature","properties":{"id":"india-osm-road-1158543097","name":"NH321"},"geometry":{"type":"Point","coordinates":[77.78224069999999,27.1336485]}},{"type":"Feature","properties":{"id":"india-osm-road-1159230507","name":"Painthal Tunnel"},"geometry":{"type":"Point","coordinates":[75.19543884999999,33.318551299999996]}},{"type":"Feature","properties":{"id":"india-osm-road-1159423885","name":"Madras Bangalore Trunk Road"},"geometry":{"type":"Point","coordinates":[79.3262336,12.93624875]}},{"type":"Feature","properties":{"id":"india-osm-road-116046171","name":"Okhla Estate Marg Flyover"},"geometry":{"type":"Point","coordinates":[77.28525955,28.535621499999998]}},{"type":"Feature","properties":{"id":"india-osm-road-1160863000","name":"Tallakulam - Chettikulam Meampalam"},"geometry":{"type":"Point","coordinates":[78.13707445,9.9383857]}},{"type":"Feature","properties":{"id":"india-osm-road-1161331511","name":"Nagpur Wani Road"},"geometry":{"type":"Point","coordinates":[79.0088823352029,20.19715017474065]}},{"type":"Feature","properties":{"id":"india-osm-road-1161331512","name":"Warora Wani Road"},"geometry":{"type":"Point","coordinates":[79.022195,20.20144535]}},{"type":"Feature","properties":{"id":"india-osm-road-1161331515","name":"Nagpur Chandrapur Road"},"geometry":{"type":"Point","coordinates":[79.02628405,20.2032667]}},{"type":"Feature","properties":{"id":"india-osm-road-116135545","name":"NH19;NH139"},"geometry":{"type":"Point","coordinates":[84.35973720000001,24.75662225]}},{"type":"Feature","properties":{"id":"india-osm-road-1161704825","name":"Vadippatti Bypass"},"geometry":{"type":"Point","coordinates":[77.95187759999999,10.102185200000001]}},{"type":"Feature","properties":{"id":"india-osm-road-1162263409","name":"Eastern Express Highway Flyover"},"geometry":{"type":"Point","coordinates":[72.90802095000001,19.0712689]}},{"type":"Feature","properties":{"id":"india-osm-road-1162509200","name":"Sadar Flyover"},"geometry":{"type":"Point","coordinates":[79.07359995,21.17076265]}},{"type":"Feature","properties":{"id":"india-osm-road-1162923727","name":"NH48;NH548A"},"geometry":{"type":"Point","coordinates":[73.2690666,18.8752514]}},{"type":"Feature","properties":{"id":"india-osm-road-1163120986","name":"NH266"},"geometry":{"type":"Point","coordinates":[74.60466955000001,17.0233651]}},{"type":"Feature","properties":{"id":"india-osm-road-1163570025","name":"NH66;548A"},"geometry":{"type":"Point","coordinates":[73.15805879999999,18.51904265]}},{"type":"Feature","properties":{"id":"india-osm-road-1163794402","name":"Ballari Road"},"geometry":{"type":"Point","coordinates":[77.6411185,13.1838052]}},{"type":"Feature","properties":{"id":"india-osm-road-116391303","name":"Albert Victor Bridge"},"geometry":{"type":"Point","coordinates":[78.12554685,9.926135200000001]}},{"type":"Feature","properties":{"id":"india-osm-road-116400874","name":"Bhagalpur - Munger Road"},"geometry":{"type":"Point","coordinates":[86.7327908,25.24551435]}},{"type":"Feature","properties":{"id":"india-osm-road-116400886","name":"NH82"},"geometry":{"type":"Point","coordinates":[85.514761,25.18642665]}},{"type":"Feature","properties":{"id":"india-osm-road-1164216413","name":"Mussoori Road"},"geometry":{"type":"Point","coordinates":[78.15430980058709,30.451635267011444]}},{"type":"Feature","properties":{"id":"india-osm-road-1164713480","name":"Rapur Duttalur Road"},"geometry":{"type":"Point","coordinates":[79.55374205000001,14.198601100000001]}},{"type":"Feature","properties":{"id":"india-osm-road-1164786345","name":"Uayagiri - Badvel Road Junction"},"geometry":{"type":"Point","coordinates":[79.18471475,14.6919356]}},{"type":"Feature","properties":{"id":"india-osm-road-1164786348","name":"NH67;NH565"},"geometry":{"type":"Point","coordinates":[79.23132808920707,14.660741212810946]}},{"type":"Feature","properties":{"id":"india-osm-road-1164786351","name":"NH5645"},"geometry":{"type":"Point","coordinates":[79.287002,14.650466649999998]}},{"type":"Feature","properties":{"id":"india-osm-road-116541223","name":"N5"},"geometry":{"type":"Point","coordinates":[88.41038145,26.6207776]}},{"type":"Feature","properties":{"id":"india-osm-road-1165964313","name":"NH130C"},"geometry":{"type":"Point","coordinates":[82.7503239,19.876395799999997]}},{"type":"Feature","properties":{"id":"india-osm-road-1166181235","name":"Ranipet - Chittoor Trunk Road"},"geometry":{"type":"Point","coordinates":[79.26527325,12.98839995]}},{"type":"Feature","properties":{"id":"india-osm-road-1166186908","name":"Kendujhar Bypass"},"geometry":{"type":"Point","coordinates":[85.6098454,21.67073495]}},{"type":"Feature","properties":{"id":"india-osm-road-1166213743","name":"Mopa Airport Link Road"},"geometry":{"type":"Point","coordinates":[73.8515286,15.7149994]}},{"type":"Feature","properties":{"id":"india-osm-road-1167340898","name":"Doctor Muthuraj Underpass"},"geometry":{"type":"Point","coordinates":[77.5425229,12.9312842]}},{"type":"Feature","properties":{"id":"india-osm-road-116759204","name":"SH12A"},"geometry":{"type":"Point","coordinates":[88.40963385,26.732732650000003]}},{"type":"Feature","properties":{"id":"india-osm-road-116790584","name":"NH23"},"geometry":{"type":"Point","coordinates":[76.08848811334086,26.50822194217988]}},{"type":"Feature","properties":{"id":"india-osm-road-116793377","name":"NH339"},"geometry":{"type":"Point","coordinates":[79.74891365,25.14569675]}},{"type":"Feature","properties":{"id":"india-osm-road-116801082","name":"Sardar Patel Ring Road Underpass"},"geometry":{"type":"Point","coordinates":[72.5445143,23.135939]}},{"type":"Feature","properties":{"id":"india-osm-road-116801194","name":"SG Highway"},"geometry":{"type":"Point","coordinates":[72.5363131,23.114178950000003]}},{"type":"Feature","properties":{"id":"india-osm-road-116804118","name":"Nawa Bandar Airport Road"},"geometry":{"type":"Point","coordinates":[72.185504228253,21.76605247438771]}},{"type":"Feature","properties":{"id":"india-osm-road-116804145","name":"Nari Chowkdi to Rto Circle Road"},"geometry":{"type":"Point","coordinates":[72.10565460000001,21.7571218]}},{"type":"Feature","properties":{"id":"india-osm-road-116804161","name":"Talaja Jakatnaka to Shivaji Circle Road"},"geometry":{"type":"Point","coordinates":[72.15834845,21.74990175]}},{"type":"Feature","properties":{"id":"india-osm-road-116804171","name":"Victoria Partk to Rammantra Mandir road"},"geometry":{"type":"Point","coordinates":[72.1449312,21.7458925]}},{"type":"Feature","properties":{"id":"india-osm-road-116833074","name":"Agra Mumbai Road"},"geometry":{"type":"Point","coordinates":[73.9225892,20.08876525]}},{"type":"Feature","properties":{"id":"india-osm-road-116839303","name":"Mundhwa Bridge"},"geometry":{"type":"Point","coordinates":[73.9338301,18.5361492]}},{"type":"Feature","properties":{"id":"india-osm-road-116841840","name":"Mundhwa Road Railway Flyover"},"geometry":{"type":"Point","coordinates":[73.9323004,18.52686545]}},{"type":"Feature","properties":{"id":"india-osm-road-116841852","name":"Magarpatta Road"},"geometry":{"type":"Point","coordinates":[73.93267765,18.5313692]}},{"type":"Feature","properties":{"id":"india-osm-road-1169317129","name":"Adimaly - Kumily Highway"},"geometry":{"type":"Point","coordinates":[76.9628405,9.856935100000001]}},{"type":"Feature","properties":{"id":"india-osm-road-1169317131","name":"Cheruthoni Old Bridge"},"geometry":{"type":"Point","coordinates":[76.96345095,9.85721605]}},{"type":"Feature","properties":{"id":"india-osm-road-1169317132","name":"NH185"},"geometry":{"type":"Point","coordinates":[76.96298859999999,9.8569299]}},{"type":"Feature","properties":{"id":"india-osm-road-1171543460","name":"Samaur Road"},"geometry":{"type":"Point","coordinates":[84.17601397862222,26.67092285963238]}},{"type":"Feature","properties":{"id":"india-osm-road-1171543461","name":"NH727B"},"geometry":{"type":"Point","coordinates":[84.1684827,26.66556755]}},{"type":"Feature","properties":{"id":"india-osm-road-1172016261","name":"Tawang Chu Bridge"},"geometry":{"type":"Point","coordinates":[91.97076265,27.583976149999998]}},{"type":"Feature","properties":{"id":"india-osm-road-117218625","name":"Bund Garden Road"},"geometry":{"type":"Point","coordinates":[73.8853776,18.54197945]}},{"type":"Feature","properties":{"id":"india-osm-road-1172200380","name":"Kancharampettai Bypass Bridge"},"geometry":{"type":"Point","coordinates":[78.16723830000001,10.0466059]}},{"type":"Feature","properties":{"id":"india-osm-road-1172200410","name":"Madurai - Natham - Thuvarankurichi Salai"},"geometry":{"type":"Point","coordinates":[78.1732872,10.08455345]}},{"type":"Feature","properties":{"id":"india-osm-road-1172642707","name":"Dolabari-Jamugiri"},"geometry":{"type":"Point","coordinates":[92.90317083371939,26.718610256183926]}},{"type":"Feature","properties":{"id":"india-osm-road-1172642708","name":"Tezpur University Road"},"geometry":{"type":"Point","coordinates":[92.84580525000001,26.6844304]}},{"type":"Feature","properties":{"id":"india-osm-road-1172870571","name":"Pauri Highway"},"geometry":{"type":"Point","coordinates":[78.77973405,30.19279895]}},{"type":"Feature","properties":{"id":"india-osm-road-1173212355","name":"Bypass - SH-9 Junction"},"geometry":{"type":"Point","coordinates":[77.5045369,13.5893999]}},{"type":"Feature","properties":{"id":"india-osm-road-1173353781","name":"Gauribidanur Bypass"},"geometry":{"type":"Point","coordinates":[77.50983844999999,13.59109945]}},{"type":"Feature","properties":{"id":"india-osm-road-1173824373","name":"Somayajulapalli - Dhone Road"},"geometry":{"type":"Point","coordinates":[77.87520736916889,15.387879504616555]}},{"type":"Feature","properties":{"id":"india-osm-road-1174545487","name":"Thiruvananthapuram Bypass"},"geometry":{"type":"Point","coordinates":[76.93672835,8.46989445]}},{"type":"Feature","properties":{"id":"india-osm-road-1176318609","name":"Muvattupuzha-Kothamangalam Road"},"geometry":{"type":"Point","coordinates":[76.62026345000001,10.062547250000001]}},{"type":"Feature","properties":{"id":"india-osm-road-1178091964","name":"NH24;NH128B"},"geometry":{"type":"Point","coordinates":[83.5654419,25.9230092]}},{"type":"Feature","properties":{"id":"india-osm-road-1178489788","name":"NH166S"},"geometry":{"type":"Point","coordinates":[73.8710859,15.7260395]}},{"type":"Feature","properties":{"id":"india-osm-road-1178564573","name":"Colvale Bridge"},"geometry":{"type":"Point","coordinates":[73.83627010000001,15.64922805]}},{"type":"Feature","properties":{"id":"india-osm-road-117931986","name":"Durg Bypass Road"},"geometry":{"type":"Point","coordinates":[81.3072022566555,21.212287917338962]}},{"type":"Feature","properties":{"id":"india-osm-road-1179637868","name":"Gadag Road"},"geometry":{"type":"Point","coordinates":[75.17919625,15.356326]}},{"type":"Feature","properties":{"id":"india-osm-road-1179785925","name":"Kanyakumari - Varanarasi Road"},"geometry":{"type":"Point","coordinates":[77.71242855,8.653618250000001]}},{"type":"Feature","properties":{"id":"india-osm-road-1179913372","name":"Gomti Bridge"},"geometry":{"type":"Point","coordinates":[79.77133355000001,29.8364526]}},{"type":"Feature","properties":{"id":"india-osm-road-1179983730","name":"Nokha Bypass"},"geometry":{"type":"Point","coordinates":[73.46927757393584,27.51071780889363]}},{"type":"Feature","properties":{"id":"india-osm-road-1180153043","name":"Bahanaga Overbridge"},"geometry":{"type":"Point","coordinates":[86.760996,21.34109075]}},{"type":"Feature","properties":{"id":"india-osm-road-1180153049","name":"Chennai - Kolkata Highway"},"geometry":{"type":"Point","coordinates":[86.7602242,21.34067885]}},{"type":"Feature","properties":{"id":"india-osm-road-1180548973","name":"Bakshi Nagar Pully"},"geometry":{"type":"Point","coordinates":[74.8436159,32.7316268]}},{"type":"Feature","properties":{"id":"india-osm-road-1181178088","name":"NH16 Service Road"},"geometry":{"type":"Point","coordinates":[81.3360406,16.89715765]}},{"type":"Feature","properties":{"id":"india-osm-road-1181196069","name":"NH26"},"geometry":{"type":"Point","coordinates":[83.3731145,18.17364215]}},{"type":"Feature","properties":{"id":"india-osm-road-1181496786","name":"NH431"},"geometry":{"type":"Point","coordinates":[85.3966571,25.33805405]}},{"type":"Feature","properties":{"id":"india-osm-road-1181519492","name":"NH11"},"geometry":{"type":"Point","coordinates":[76.06403695,28.0779371]}},{"type":"Feature","properties":{"id":"india-osm-road-118192580","name":"NH217;127B"},"geometry":{"type":"Point","coordinates":[90.78734105000001,25.63894445]}},{"type":"Feature","properties":{"id":"india-osm-road-118192602","name":"NH217;NH127B"},"geometry":{"type":"Point","coordinates":[90.71782604898837,25.562755560338438]}},{"type":"Feature","properties":{"id":"india-osm-road-1181966518","name":"To Verna Industrial Estate"},"geometry":{"type":"Point","coordinates":[74.0006838,15.34269835]}},{"type":"Feature","properties":{"id":"india-osm-road-118228005","name":"Barakar River Bridge"},"geometry":{"type":"Point","coordinates":[86.8254688,23.766391849999998]}},{"type":"Feature","properties":{"id":"india-osm-road-118246759","name":"National Highway 19"},"geometry":{"type":"Point","coordinates":[87.8611837,23.21801655]}},{"type":"Feature","properties":{"id":"india-osm-road-1182624226","name":"SM Krishna Road"},"geometry":{"type":"Point","coordinates":[77.45461995,12.905032949999999]}},{"type":"Feature","properties":{"id":"india-osm-road-1182624228","name":"Rotary 6"},"geometry":{"type":"Point","coordinates":[77.45110464999999,12.919078800000001]}},{"type":"Feature","properties":{"id":"india-osm-road-1183845910","name":"Dadri Road"},"geometry":{"type":"Point","coordinates":[77.3106932,28.57132395]}},{"type":"Feature","properties":{"id":"india-osm-road-1183845912","name":"Dadri Main Road"},"geometry":{"type":"Point","coordinates":[77.31389825,28.5666369]}},{"type":"Feature","properties":{"id":"india-osm-road-1183845914","name":"Noida-Greater Noida Expressway"},"geometry":{"type":"Point","coordinates":[77.33994805,28.5454374]}},{"type":"Feature","properties":{"id":"india-osm-road-1183910937","name":"Narnaul Bypass Expssway"},"geometry":{"type":"Point","coordinates":[76.0875645,28.036992400000003]}},{"type":"Feature","properties":{"id":"india-osm-road-1184004128","name":"Sakleshpur Bypass"},"geometry":{"type":"Point","coordinates":[75.81668793346505,12.946978463546152]}},{"type":"Feature","properties":{"id":"india-osm-road-1184010749","name":"NH544D;NH544F"},"geometry":{"type":"Point","coordinates":[79.44973665,15.99637645]}},{"type":"Feature","properties":{"id":"india-osm-road-1184822284","name":"Khamgaon Bypass"},"geometry":{"type":"Point","coordinates":[76.60141956585797,20.70198413009734]}},{"type":"Feature","properties":{"id":"india-osm-road-1184824602","name":"Kanyakumari - Varanasi Road"},"geometry":{"type":"Point","coordinates":[77.72869804999999,8.66369865]}},{"type":"Feature","properties":{"id":"india-osm-road-1184832053","name":"New Airport Rd"},"geometry":{"type":"Point","coordinates":[80.78517555,16.5242218]}},{"type":"Feature","properties":{"id":"india-osm-road-1184834273","name":"NH138"},"geometry":{"type":"Point","coordinates":[77.80052365,8.7120146]}},{"type":"Feature","properties":{"id":"india-osm-road-1184855929","name":"State Highway 18 - Ponda to Margaon"},"geometry":{"type":"Point","coordinates":[74.00096925,15.3428984]}},{"type":"Feature","properties":{"id":"india-osm-road-1184855930","name":"Margaon Ponda State Highway"},"geometry":{"type":"Point","coordinates":[74.0008454,15.34257495]}},{"type":"Feature","properties":{"id":"india-osm-road-1185188791","name":"NH947"},"geometry":{"type":"Point","coordinates":[72.491781,22.98706155]}},{"type":"Feature","properties":{"id":"india-osm-road-1185203904","name":"Koradi Road"},"geometry":{"type":"Point","coordinates":[79.07847565,21.19175085]}},{"type":"Feature","properties":{"id":"india-osm-road-1185985036","name":"Perungalathur Maempalam"},"geometry":{"type":"Point","coordinates":[80.09563465,12.9056769]}},{"type":"Feature","properties":{"id":"india-osm-road-1187339304","name":"Khed Bypass / Pune - Nashik Highway"},"geometry":{"type":"Point","coordinates":[73.8934892,18.84528795]}},{"type":"Feature","properties":{"id":"india-osm-road-1187339328","name":"Khed Ghat Bypass"},"geometry":{"type":"Point","coordinates":[73.90076735,18.878705349999997]}},{"type":"Feature","properties":{"id":"india-osm-road-1188077278","name":"Guiter Road"},"geometry":{"type":"Point","coordinates":[93.5380017,24.1364484]}},{"type":"Feature","properties":{"id":"india-osm-road-1188466518","name":"Kadapa Road"},"geometry":{"type":"Point","coordinates":[78.48882075,13.6452983]}},{"type":"Feature","properties":{"id":"india-osm-road-1188586508","name":"NH167B"},"geometry":{"type":"Point","coordinates":[78.77775125,14.7915972]}},{"type":"Feature","properties":{"id":"india-osm-road-1188793243","name":"Machilipatnam - Nuzvid - Kalluru Road"},"geometry":{"type":"Point","coordinates":[81.1063988,16.3047611]}},{"type":"Feature","properties":{"id":"india-osm-road-1188901042","name":"Kumhrar Road"},"geometry":{"type":"Point","coordinates":[85.1630737,25.60222785]}},{"type":"Feature","properties":{"id":"india-osm-road-1188925551","name":"Vissannapeta - Lakshmipuram Road"},"geometry":{"type":"Point","coordinates":[80.75442530000001,16.9679326]}},{"type":"Feature","properties":{"id":"india-osm-road-1189228167","name":"Proddatur New Bypass"},"geometry":{"type":"Point","coordinates":[78.57464394726794,14.755190408799406]}},{"type":"Feature","properties":{"id":"india-osm-road-1189431296","name":"Devanahalli Highway"},"geometry":{"type":"Point","coordinates":[77.5061662,13.3024622]}},{"type":"Feature","properties":{"id":"india-osm-road-1189431302","name":"Devanahalli Bypass"},"geometry":{"type":"Point","coordinates":[77.73216007715847,13.237419953955055]}},{"type":"Feature","properties":{"id":"india-osm-road-119037804","name":"NH727;NH730"},"geometry":{"type":"Point","coordinates":[83.97191955,26.90120395]}},{"type":"Feature","properties":{"id":"india-osm-road-119037812","name":"Mehsi Road"},"geometry":{"type":"Point","coordinates":[85.07461746678497,26.389528314566206]}},{"type":"Feature","properties":{"id":"india-osm-road-1190416179","name":"Inner Ring Road Flyover"},"geometry":{"type":"Point","coordinates":[79.13314704999999,21.16862995]}},{"type":"Feature","properties":{"id":"india-osm-road-1190790396","name":"Kaveripattinam Bypass"},"geometry":{"type":"Point","coordinates":[78.21956415,12.44101345]}},{"type":"Feature","properties":{"id":"india-osm-road-1190971274","name":"Old Bhandara Road"},"geometry":{"type":"Point","coordinates":[79.10438125,21.15395915]}},{"type":"Feature","properties":{"id":"india-osm-road-119157110","name":"Umaria Bypass"},"geometry":{"type":"Point","coordinates":[80.81842614470868,23.55206596101746]}},{"type":"Feature","properties":{"id":"india-osm-road-119170110","name":"NH39;MDR119"},"geometry":{"type":"Point","coordinates":[84.06426545,24.03503455]}},{"type":"Feature","properties":{"id":"india-osm-road-119221844","name":"NH119"},"geometry":{"type":"Point","coordinates":[83.9640004,24.637846250000003]}},{"type":"Feature","properties":{"id":"india-osm-road-119238581","name":"NH934"},"geometry":{"type":"Point","coordinates":[78.7852077,23.85320745]}},{"type":"Feature","properties":{"id":"india-osm-road-1192474762","name":"NH326A"},"geometry":{"type":"Point","coordinates":[84.06264315,18.47754085]}},{"type":"Feature","properties":{"id":"india-osm-road-1192488452","name":"Overhead Flyover"},"geometry":{"type":"Point","coordinates":[78.12156965,11.63796305]}},{"type":"Feature","properties":{"id":"india-osm-road-1192644082","name":"Leelan Flyover"},"geometry":{"type":"Point","coordinates":[73.27461124999999,27.841580999999998]}},{"type":"Feature","properties":{"id":"india-osm-road-1192979214","name":"Salem - Cuddalore Main Road"},"geometry":{"type":"Point","coordinates":[78.20642760000001,11.6637268]}},{"type":"Feature","properties":{"id":"india-osm-road-1192988468","name":"NH516"},"geometry":{"type":"Point","coordinates":[84.89610805000001,19.2750138]}},{"type":"Feature","properties":{"id":"india-osm-road-1193096647","name":"Cantonment Flyover"},"geometry":{"type":"Point","coordinates":[78.6782924,10.792830949999999]}},{"type":"Feature","properties":{"id":"india-osm-road-1193393662","name":"Manchar New Bypass Highway"},"geometry":{"type":"Point","coordinates":[73.94874525,19.01973605]}},{"type":"Feature","properties":{"id":"india-osm-road-1193393731","name":"Pune - Nashik Highway"},"geometry":{"type":"Point","coordinates":[73.95405045000001,19.032322]}},{"type":"Feature","properties":{"id":"india-osm-road-1193393733","name":"Kalamb Bypass"},"geometry":{"type":"Point","coordinates":[73.96319505,19.044779300000002]}},{"type":"Feature","properties":{"id":"india-osm-road-1193750500","name":"Faizabad Road"},"geometry":{"type":"Point","coordinates":[81.0567409,26.888680700000002]}},{"type":"Feature","properties":{"id":"india-osm-road-1193900893","name":"फ़ैज़ाबाद रोड"},"geometry":{"type":"Point","coordinates":[81.0758881,26.893740649999998]}},{"type":"Feature","properties":{"id":"india-osm-road-1193957718","name":"NH147"},"geometry":{"type":"Point","coordinates":[72.54467315,23.1422449]}},{"type":"Feature","properties":{"id":"india-osm-road-1193991740","name":"Choupla Road"},"geometry":{"type":"Point","coordinates":[79.41495180000001,28.36379915]}},{"type":"Feature","properties":{"id":"india-osm-road-1194002497","name":"Bhandari Bridge Ramp"},"geometry":{"type":"Point","coordinates":[74.8722258,31.63406095]}},{"type":"Feature","properties":{"id":"india-osm-road-1194002504","name":"Grand Trunk Road گرینڈ ٹرنک روڈ"},"geometry":{"type":"Point","coordinates":[74.57436175,31.604751999999998]}},{"type":"Feature","properties":{"id":"india-osm-road-119400899","name":"Chhatna Bypass"},"geometry":{"type":"Point","coordinates":[86.964111927656,23.30204641349062]}},{"type":"Feature","properties":{"id":"india-osm-road-119400913","name":"Puruliya Bypass"},"geometry":{"type":"Point","coordinates":[86.34187519240785,23.31651046318672]}},{"type":"Feature","properties":{"id":"india-osm-road-1194664842","name":"Alugadi Flyover"},"geometry":{"type":"Point","coordinates":[85.7841383,20.25019805]}},{"type":"Feature","properties":{"id":"india-osm-road-1194721165","name":"Science City Flyover"},"geometry":{"type":"Point","coordinates":[72.49251385,23.0840045]}},{"type":"Feature","properties":{"id":"india-osm-road-1196308919","name":"Sardar Patel Ring Road Flyover"},"geometry":{"type":"Point","coordinates":[72.68685554999999,23.09307595]}},{"type":"Feature","properties":{"id":"india-osm-road-1196688598","name":"NH748"},"geometry":{"type":"Point","coordinates":[73.8440972,15.4913914]}},{"type":"Feature","properties":{"id":"india-osm-road-1196696879","name":"Coimbatore-Tiruchi Road"},"geometry":{"type":"Point","coordinates":[77.0641287,11.003800550000001]}},{"type":"Feature","properties":{"id":"india-osm-road-1197492585","name":"Gota-Chokdi Flyover"},"geometry":{"type":"Point","coordinates":[72.5316362,23.09867545]}},{"type":"Feature","properties":{"id":"india-osm-road-119760250","name":"Old Madras Road Flyover"},"geometry":{"type":"Point","coordinates":[77.7502017,13.04606965]}},{"type":"Feature","properties":{"id":"india-osm-road-1197814756","name":"NH753A"},"geometry":{"type":"Point","coordinates":[76.18370049464482,20.61532321964066]}},{"type":"Feature","properties":{"id":"india-osm-road-1198206477","name":"Pune - Machilipatnam Highway"},"geometry":{"type":"Point","coordinates":[76.71708447379265,17.83752509563341]}},{"type":"Feature","properties":{"id":"india-osm-road-1198556957","name":"Katol Road"},"geometry":{"type":"Point","coordinates":[79.0007495,21.200881000000003]}},{"type":"Feature","properties":{"id":"india-osm-road-1198916365","name":"Kingsway Road"},"geometry":{"type":"Point","coordinates":[79.08224684999999,21.155370849999997]}},{"type":"Feature","properties":{"id":"india-osm-road-1199042853","name":"New Railway Flyover"},"geometry":{"type":"Point","coordinates":[78.68335110000001,10.79149735]}},{"type":"Feature","properties":{"id":"india-osm-road-1199348964","name":"Chakan Shikrapur Road"},"geometry":{"type":"Point","coordinates":[74.07857465000001,18.705740050000003]}},{"type":"Feature","properties":{"id":"india-osm-road-1200049492","name":"Chennai - Bangalore"},"geometry":{"type":"Point","coordinates":[79.97518375000001,12.9846967]}},{"type":"Feature","properties":{"id":"india-osm-road-1200049493","name":"Bangalore Chennai"},"geometry":{"type":"Point","coordinates":[79.97512205,12.984815300000001]}},{"type":"Feature","properties":{"id":"india-osm-road-120018623","name":"Polytechnic Flyover"},"geometry":{"type":"Point","coordinates":[80.9980491,26.8730671]}},{"type":"Feature","properties":{"id":"india-osm-road-120078707","name":"Purulia-Dhanbad Road"},"geometry":{"type":"Point","coordinates":[86.3344938,23.37046015]}},{"type":"Feature","properties":{"id":"india-osm-road-1200946262","name":"Infocity Flyover"},"geometry":{"type":"Point","coordinates":[72.6379679,23.1963744]}},{"type":"Feature","properties":{"id":"india-osm-road-1200946268","name":"Gandhinagar-Sarkhej Highway"},"geometry":{"type":"Point","coordinates":[72.59802595,23.1835346]}},{"type":"Feature","properties":{"id":"india-osm-road-1201388178","name":"Sanganer Sethu"},"geometry":{"type":"Point","coordinates":[75.7906399,26.81864815]}},{"type":"Feature","properties":{"id":"india-osm-road-1201410821","name":"Acharya Shri Tulsi Setu"},"geometry":{"type":"Point","coordinates":[75.7551548,26.8979592]}},{"type":"Feature","properties":{"id":"india-osm-road-1201593059","name":"Ajmer Road"},"geometry":{"type":"Point","coordinates":[75.762776,26.89864605]}},{"type":"Feature","properties":{"id":"india-osm-road-1201642273","name":"Ghatkopar - Mankhurd Link Road Flyover"},"geometry":{"type":"Point","coordinates":[72.93635330000001,19.051775499999998]}},{"type":"Feature","properties":{"id":"india-osm-road-1201854262","name":"Navale Flyover"},"geometry":{"type":"Point","coordinates":[73.8262973,18.45602825]}},{"type":"Feature","properties":{"id":"india-osm-road-1202011789","name":"Bangalore - Mangalore Highway"},"geometry":{"type":"Point","coordinates":[77.38586105,13.0979709]}},{"type":"Feature","properties":{"id":"india-osm-road-1202233752","name":"Calicut-Malappuram-Palakkad Highway"},"geometry":{"type":"Point","coordinates":[76.0817045,11.0556895]}},{"type":"Feature","properties":{"id":"india-osm-road-1202249597","name":"Sindkhed Raja Road"},"geometry":{"type":"Point","coordinates":[76.10992985,19.96567585]}},{"type":"Feature","properties":{"id":"india-osm-road-1202261249","name":"SH183"},"geometry":{"type":"Point","coordinates":[76.10501985,19.97405265]}},{"type":"Feature","properties":{"id":"india-osm-road-1202291708","name":"Malappuram Bypass Road"},"geometry":{"type":"Point","coordinates":[76.09549025000001,11.038193549999999]}},{"type":"Feature","properties":{"id":"india-osm-road-120266015","name":"Gulbarga - Devasuguru Highway"},"geometry":{"type":"Point","coordinates":[76.98976598325991,17.102938557259392]}},{"type":"Feature","properties":{"id":"india-osm-road-120266018","name":"Raichur - Wadi Road"},"geometry":{"type":"Point","coordinates":[77.11559514999999,16.77951555]}},{"type":"Feature","properties":{"id":"india-osm-road-1202701010","name":"Nashik Pune Highway"},"geometry":{"type":"Point","coordinates":[73.80592075,19.981478199999998]}},{"type":"Feature","properties":{"id":"india-osm-road-120278041","name":"Thiruvannamalai - Vettavalam road"},"geometry":{"type":"Point","coordinates":[79.21061189728069,12.129812719071627]}},{"type":"Feature","properties":{"id":"india-osm-road-120363872","name":"Mairwa-Siwan Road"},"geometry":{"type":"Point","coordinates":[84.22957157117314,26.229681157914335]}},{"type":"Feature","properties":{"id":"india-osm-road-120383206","name":"NH848K"},"geometry":{"type":"Point","coordinates":[72.937184,22.8152611]}},{"type":"Feature","properties":{"id":"india-osm-road-1203853288","name":"Gangaram - Chandanagar Road - Mumbai highway"},"geometry":{"type":"Point","coordinates":[78.32658785000001,17.49490175]}},{"type":"Feature","properties":{"id":"india-osm-road-1203856052","name":"Allwyn - Gangaram Road Mumbai Highway"},"geometry":{"type":"Point","coordinates":[78.33501509999999,17.4952312]}},{"type":"Feature","properties":{"id":"india-osm-road-1203862156","name":"Moosapet Flyover"},"geometry":{"type":"Point","coordinates":[78.42923540000001,17.46631935]}},{"type":"Feature","properties":{"id":"india-osm-road-1203865081","name":"Moosapet Road - Mumbai Highway"},"geometry":{"type":"Point","coordinates":[78.42707985,17.47027085]}},{"type":"Feature","properties":{"id":"india-osm-road-1204396089","name":"NH527"},"geometry":{"type":"Point","coordinates":[87.2389759,26.339627450000002]}},{"type":"Feature","properties":{"id":"india-osm-road-1204411693","name":"Mumatpura Flyover"},"geometry":{"type":"Point","coordinates":[72.47759454999999,23.00971225]}},{"type":"Feature","properties":{"id":"india-osm-road-120587486","name":"NH503A;NH503"},"geometry":{"type":"Point","coordinates":[76.24588240407641,31.485160359448383]}},{"type":"Feature","properties":{"id":"india-osm-road-1206537583","name":"Mirza Ismail Road"},"geometry":{"type":"Point","coordinates":[75.80150935,26.91786645]}},{"type":"Feature","properties":{"id":"india-osm-road-120666179","name":"Balaghat Bypass"},"geometry":{"type":"Point","coordinates":[80.2012476,21.814843449999998]}},{"type":"Feature","properties":{"id":"india-osm-road-1206781319","name":"Chord Road"},"geometry":{"type":"Point","coordinates":[77.53720179999999,12.951635150000001]}},{"type":"Feature","properties":{"id":"india-osm-road-1206898375","name":"NH248"},"geometry":{"type":"Point","coordinates":[75.88201217862985,27.022103756370143]}},{"type":"Feature","properties":{"id":"india-osm-road-1207141887","name":"Hubli-Dharwad Bypass"},"geometry":{"type":"Point","coordinates":[75.1210966,15.327675]}},{"type":"Feature","properties":{"id":"india-osm-road-120718148","name":"SH4"},"geometry":{"type":"Point","coordinates":[77.5159624,17.91688975]}},{"type":"Feature","properties":{"id":"india-osm-road-120737950","name":"NH527E"},"geometry":{"type":"Point","coordinates":[85.92105770386424,26.08125571027502]}},{"type":"Feature","properties":{"id":"india-osm-road-1207729254","name":"APJ Abdul Kalam Flyover"},"geometry":{"type":"Point","coordinates":[78.506395,17.34152725]}},{"type":"Feature","properties":{"id":"india-osm-road-1207938929","name":"Jodhpur Bypass"},"geometry":{"type":"Point","coordinates":[73.00123225,26.2056028]}},{"type":"Feature","properties":{"id":"india-osm-road-1207947506","name":"Adoor - Vandiperiyar Highway"},"geometry":{"type":"Point","coordinates":[76.8313287,9.34354905]}},{"type":"Feature","properties":{"id":"india-osm-road-1207990355","name":"Ropar Bypass"},"geometry":{"type":"Point","coordinates":[76.52075515,30.944874400000003]}},{"type":"Feature","properties":{"id":"india-osm-road-1208112302","name":"Silk Board Flyover"},"geometry":{"type":"Point","coordinates":[77.62157214999999,12.9189972]}},{"type":"Feature","properties":{"id":"india-osm-road-1208142869","name":"Narnaul-Bathinda Expressway"},"geometry":{"type":"Point","coordinates":[76.22956305,27.782121]}},{"type":"Feature","properties":{"id":"india-osm-road-1208216897","name":"NH353J;547E"},"geometry":{"type":"Point","coordinates":[78.8907133,21.229360049999997]}},{"type":"Feature","properties":{"id":"india-osm-road-1208218713","name":"Jamwa Ramgarh Road"},"geometry":{"type":"Point","coordinates":[75.8566405,26.9489802]}},{"type":"Feature","properties":{"id":"india-osm-road-1208517317","name":"NH353J;NH353K"},"geometry":{"type":"Point","coordinates":[78.0799664985247,21.409611262031014]}},{"type":"Feature","properties":{"id":"india-osm-road-1208641159","name":"Jalgaon Bypass"},"geometry":{"type":"Point","coordinates":[75.48520627944643,21.030345386460006]}},{"type":"Feature","properties":{"id":"india-osm-road-120877329","name":"RTO Jewles Road"},"geometry":{"type":"Point","coordinates":[72.12429725000001,21.759871099999998]}},{"type":"Feature","properties":{"id":"india-osm-road-1209009343","name":"Acharya vihar Flyover"},"geometry":{"type":"Point","coordinates":[85.8473611,20.2957587]}},{"type":"Feature","properties":{"id":"india-osm-road-1209009347","name":"Cuttack Puri Bypass North Square Flyover"},"geometry":{"type":"Point","coordinates":[85.87038695,20.30732105]}},{"type":"Feature","properties":{"id":"india-osm-road-1209009371","name":"Rasulgarh Flyover"},"geometry":{"type":"Point","coordinates":[85.85310165,20.2954193]}},{"type":"Feature","properties":{"id":"india-osm-road-1209033464","name":"NH55"},"geometry":{"type":"Point","coordinates":[85.9016001,20.45664845]}},{"type":"Feature","properties":{"id":"india-osm-road-1209033471","name":"Jaydev Vihar Flyover"},"geometry":{"type":"Point","coordinates":[85.82079490000001,20.292907]}},{"type":"Feature","properties":{"id":"india-osm-road-1209044853","name":"Khurda Bypass"},"geometry":{"type":"Point","coordinates":[85.630751,20.173367]}},{"type":"Feature","properties":{"id":"india-osm-road-1209072886","name":"Khordha -Nayagarh Road NH 57"},"geometry":{"type":"Point","coordinates":[85.62240804999999,20.18631615]}},{"type":"Feature","properties":{"id":"india-osm-road-1209142352","name":"NH925A"},"geometry":{"type":"Point","coordinates":[71.19221221775203,24.833147250300318]}},{"type":"Feature","properties":{"id":"india-osm-road-1209381530","name":"Nizamabad Road"},"geometry":{"type":"Point","coordinates":[78.4912772,17.54148765]}},{"type":"Feature","properties":{"id":"india-osm-road-120951498","name":"NH117A"},"geometry":{"type":"Point","coordinates":[90.22879641266755,26.29026267356287]}},{"type":"Feature","properties":{"id":"india-osm-road-1209657711","name":"Barmer Bypass"},"geometry":{"type":"Point","coordinates":[71.4102504,25.74539215]}},{"type":"Feature","properties":{"id":"india-osm-road-1209683670","name":"SH22"},"geometry":{"type":"Point","coordinates":[76.88214435,28.672591949999997]}},{"type":"Feature","properties":{"id":"india-osm-road-1209883910","name":"NH156"},"geometry":{"type":"Point","coordinates":[75.06967639999999,23.508535600000002]}},{"type":"Feature","properties":{"id":"india-osm-road-1210221827","name":"Bhubaneswar Puri Highway"},"geometry":{"type":"Point","coordinates":[85.8396333,20.130789]}},{"type":"Feature","properties":{"id":"india-osm-road-1210221828","name":"Cuttack - Puri Bypass Road"},"geometry":{"type":"Point","coordinates":[85.8537327,20.21361905]}},{"type":"Feature","properties":{"id":"india-osm-road-121067085","name":"Mayur Vihar Flyover"},"geometry":{"type":"Point","coordinates":[77.2978978,28.586924449999998]}},{"type":"Feature","properties":{"id":"india-osm-road-1210976929","name":"Bathinda Dabwali Road Flyover"},"geometry":{"type":"Point","coordinates":[74.9343573,30.17667665]}},{"type":"Feature","properties":{"id":"india-osm-road-1211202902","name":"Faizabad Road Flyover"},"geometry":{"type":"Point","coordinates":[81.0207513,26.874109150000002]}},{"type":"Feature","properties":{"id":"india-osm-road-1211219622","name":"Azhagarkovil Salai"},"geometry":{"type":"Point","coordinates":[78.13507745000001,9.9335538]}},{"type":"Feature","properties":{"id":"india-osm-road-1211543882","name":"Paradip Port Expressway"},"geometry":{"type":"Point","coordinates":[86.64753724882837,20.29530123989957]}},{"type":"Feature","properties":{"id":"india-osm-road-1211753978","name":"NH353C"},"geometry":{"type":"Point","coordinates":[79.8061493,19.70391265]}},{"type":"Feature","properties":{"id":"india-osm-road-1212040735","name":"Bangalore Chennai Road"},"geometry":{"type":"Point","coordinates":[78.28571260000001,13.14714185]}},{"type":"Feature","properties":{"id":"india-osm-road-1212040736","name":"Bengaluru - Chennai Highway"},"geometry":{"type":"Point","coordinates":[78.27355055000001,13.14693205]}},{"type":"Feature","properties":{"id":"india-osm-road-1212040737","name":"Bangalore Chennai Highway"},"geometry":{"type":"Point","coordinates":[78.28419495,13.146839]}},{"type":"Feature","properties":{"id":"india-osm-road-1212178403","name":"Vizianagaram - S Kota Road"},"geometry":{"type":"Point","coordinates":[83.33973505,18.135628750000002]}},{"type":"Feature","properties":{"id":"india-osm-road-1212686633","name":"NH931"},"geometry":{"type":"Point","coordinates":[81.79855054999999,26.16787395]}},{"type":"Feature","properties":{"id":"india-osm-road-1212916221","name":"Mukharam Jahi Road"},"geometry":{"type":"Point","coordinates":[78.4726874,17.38678565]}},{"type":"Feature","properties":{"id":"india-osm-road-1213225243","name":"Nanjanagudu Bypass"},"geometry":{"type":"Point","coordinates":[76.69931844999999,12.11818075]}},{"type":"Feature","properties":{"id":"india-osm-road-1213271830","name":"NH79"},"geometry":{"type":"Point","coordinates":[78.98609735,11.73574985]}},{"type":"Feature","properties":{"id":"india-osm-road-1213546619","name":"Phaltan Baramati Road"},"geometry":{"type":"Point","coordinates":[74.5522284,18.127317650000002]}},{"type":"Feature","properties":{"id":"india-osm-road-1213588302","name":"Nagar Pune Road"},"geometry":{"type":"Point","coordinates":[74.71037949999999,19.06561205]}},{"type":"Feature","properties":{"id":"india-osm-road-1213620090","name":"NH965"},"geometry":{"type":"Point","coordinates":[74.99327685,17.811895999999997]}},{"type":"Feature","properties":{"id":"india-osm-road-1213999480","name":"Dakshin Marg"},"geometry":{"type":"Point","coordinates":[76.79982935,30.69426225]}},{"type":"Feature","properties":{"id":"india-osm-road-1214248619","name":"Ahmednagar Bypass"},"geometry":{"type":"Point","coordinates":[74.72864064590598,19.02092311989994]}},{"type":"Feature","properties":{"id":"india-osm-road-1214296098","name":"Sirsa-Mansa Road"},"geometry":{"type":"Point","coordinates":[75.38994325,29.99878305]}},{"type":"Feature","properties":{"id":"india-osm-road-1214464890","name":"APJ Abdul Kalam Path"},"geometry":{"type":"Point","coordinates":[85.36019445,26.1180379]}},{"type":"Feature","properties":{"id":"india-osm-road-1214471731","name":"NH158"},"geometry":{"type":"Point","coordinates":[74.07961585000001,26.6471304]}},{"type":"Feature","properties":{"id":"india-osm-road-1214477568","name":"NH162"},"geometry":{"type":"Point","coordinates":[74.11459635,26.071680399999998]}},{"type":"Feature","properties":{"id":"india-osm-road-121474064","name":"NH131;NH231"},"geometry":{"type":"Point","coordinates":[86.804089,25.917516399999997]}},{"type":"Feature","properties":{"id":"india-osm-road-1214989894","name":"Purv Marg"},"geometry":{"type":"Point","coordinates":[76.786816,30.70210835]}},{"type":"Feature","properties":{"id":"india-osm-road-1215033747","name":"Tribune Chowk"},"geometry":{"type":"Point","coordinates":[76.79024175,30.7036885]}},{"type":"Feature","properties":{"id":"india-osm-road-1215695190","name":"Penukonda - Dorigallu Road"},"geometry":{"type":"Point","coordinates":[77.96191045,14.28243035]}},{"type":"Feature","properties":{"id":"india-osm-road-1215701034","name":"NH544DD"},"geometry":{"type":"Point","coordinates":[77.0529445,14.70098915]}},{"type":"Feature","properties":{"id":"india-osm-road-1215911519","name":"Deolgaon Raja Bypass"},"geometry":{"type":"Point","coordinates":[76.0340300573957,20.02866395968397]}},{"type":"Feature","properties":{"id":"india-osm-road-1216177683","name":"Pathanamthitta Ring Road"},"geometry":{"type":"Point","coordinates":[76.77952855000001,9.263545]}},{"type":"Feature","properties":{"id":"india-osm-road-1216223314","name":"NH181"},"geometry":{"type":"Point","coordinates":[76.9630182,11.1945948]}},{"type":"Feature","properties":{"id":"india-osm-road-1216293796","name":"Ambala Chandigarh Expressway"},"geometry":{"type":"Point","coordinates":[76.8455191,30.595883899999997]}},{"type":"Feature","properties":{"id":"india-osm-road-1216451963","name":"SH61"},"geometry":{"type":"Point","coordinates":[74.0262391,17.7077226]}},{"type":"Feature","properties":{"id":"india-osm-road-1216698575","name":"NH251"},"geometry":{"type":"Point","coordinates":[71.04457325,20.775782149999998]}},{"type":"Feature","properties":{"id":"india-osm-road-1216705040","name":"Chitradurga Bypass"},"geometry":{"type":"Point","coordinates":[76.37509539999999,14.2155572]}},{"type":"Feature","properties":{"id":"india-osm-road-1216843607","name":"Mangaluru-Kasargod Highway"},"geometry":{"type":"Point","coordinates":[74.85872265,12.814998450000001]}},{"type":"Feature","properties":{"id":"india-osm-road-1217040019","name":"Bardoli Bypass"},"geometry":{"type":"Point","coordinates":[73.0647884,21.102877300000003]}},{"type":"Feature","properties":{"id":"india-osm-road-1217689593","name":"yawatmal wani road"},"geometry":{"type":"Point","coordinates":[78.75941242706816,20.09909388671393]}},{"type":"Feature","properties":{"id":"india-osm-road-1217768047","name":"Undri Pisoli Road"},"geometry":{"type":"Point","coordinates":[73.8927458,18.45158155]}},{"type":"Feature","properties":{"id":"india-osm-road-1217782856","name":"Tiruppur - Dharapuram Road"},"geometry":{"type":"Point","coordinates":[77.40129255,11.0117279]}},{"type":"Feature","properties":{"id":"india-osm-road-1217801602","name":"NH648"},"geometry":{"type":"Point","coordinates":[77.62286420000001,13.2796406]}},{"type":"Feature","properties":{"id":"india-osm-road-1217966710","name":"100 feet road/ Villupuram, chennai"},"geometry":{"type":"Point","coordinates":[79.8089506,11.921348049999999]}},{"type":"Feature","properties":{"id":"india-osm-road-121808478","name":"NH55;NH153B"},"geometry":{"type":"Point","coordinates":[84.3455582,21.072287]}},{"type":"Feature","properties":{"id":"india-osm-road-1219461061","name":"Tiruppur - Dharapuram - Oddanchatram Road"},"geometry":{"type":"Point","coordinates":[77.447654,10.92432355]}},{"type":"Feature","properties":{"id":"india-osm-road-1219473220","name":"Coimbatore - Tiruchirapalli Highway"},"geometry":{"type":"Point","coordinates":[77.43131205,10.970991]}},{"type":"Feature","properties":{"id":"india-osm-road-1219552809","name":"SH260"},"geometry":{"type":"Point","coordinates":[79.1426765,21.16086245]}},{"type":"Feature","properties":{"id":"india-osm-road-1219929513","name":"Sonai Road"},"geometry":{"type":"Point","coordinates":[92.83178685,24.75942555]}},{"type":"Feature","properties":{"id":"india-osm-road-1219933163","name":"Sangola Mangalwedha Solapur Road"},"geometry":{"type":"Point","coordinates":[75.9002813,17.67026235]}},{"type":"Feature","properties":{"id":"india-osm-road-1220436480","name":"NH965;NH561A"},"geometry":{"type":"Point","coordinates":[75.32618554999999,17.6805576]}},{"type":"Feature","properties":{"id":"india-osm-road-1220438962","name":"Narasaraopet-Guntur Bypass"},"geometry":{"type":"Point","coordinates":[80.04704065,16.2099768]}},{"type":"Feature","properties":{"id":"india-osm-road-1220517080","name":"Ballari Bypass"},"geometry":{"type":"Point","coordinates":[76.90558920000001,15.08845155]}},{"type":"Feature","properties":{"id":"india-osm-road-122062107","name":"NFL Chowk"},"geometry":{"type":"Point","coordinates":[76.3632752,31.3798523]}},{"type":"Feature","properties":{"id":"india-osm-road-1221457358","name":"NH548E"},"geometry":{"type":"Point","coordinates":[75.29624351441785,17.68368847609915]}},{"type":"Feature","properties":{"id":"india-osm-road-1221739173","name":"Chatham Lines"},"geometry":{"type":"Point","coordinates":[81.86181965,25.482215699999998]}},{"type":"Feature","properties":{"id":"india-osm-road-1221742107","name":"NH766C"},"geometry":{"type":"Point","coordinates":[75.45969482645881,14.381292945956892]}},{"type":"Feature","properties":{"id":"india-osm-road-1221929131","name":"Bhandara Road"},"geometry":{"type":"Point","coordinates":[79.32767955,21.13671485]}},{"type":"Feature","properties":{"id":"india-osm-road-1221950541","name":"NH516A"},"geometry":{"type":"Point","coordinates":[85.34953245,19.634402350000002]}},{"type":"Feature","properties":{"id":"india-osm-road-1221961569","name":"Ramosna Road"},"geometry":{"type":"Point","coordinates":[72.3968016,23.616015400000002]}},{"type":"Feature","properties":{"id":"india-osm-road-1222269671","name":"NH153B"},"geometry":{"type":"Point","coordinates":[84.32147627415151,20.881466478851294]}},{"type":"Feature","properties":{"id":"india-osm-road-1222431356","name":"NH157A"},"geometry":{"type":"Point","coordinates":[84.31739684169142,20.464627101130176]}},{"type":"Feature","properties":{"id":"india-osm-road-122277868","name":"Sion Panvel Highway (Yashwantrao Chavan Marg)"},"geometry":{"type":"Point","coordinates":[72.92870475000001,19.048120150000003]}},{"type":"Feature","properties":{"id":"india-osm-road-122284092","name":"BARC Flyover"},"geometry":{"type":"Point","coordinates":[72.9234705,19.04494235]}},{"type":"Feature","properties":{"id":"india-osm-road-1223171126","name":"NH761"},"geometry":{"type":"Point","coordinates":[74.31642423526124,18.924663786941814]}},{"type":"Feature","properties":{"id":"india-osm-road-1223181518","name":"Coimbatore - Trichy Road"},"geometry":{"type":"Point","coordinates":[78.25542715,10.957706]}},{"type":"Feature","properties":{"id":"india-osm-road-1223262074","name":"Nagpur Amravati Road"},"geometry":{"type":"Point","coordinates":[78.86717909999999,21.1377625]}},{"type":"Feature","properties":{"id":"india-osm-road-1224055730","name":"Perundurai Bypass"},"geometry":{"type":"Point","coordinates":[77.57592025,11.29046425]}},{"type":"Feature","properties":{"id":"india-osm-road-122412241","name":"BSF Chowk"},"geometry":{"type":"Point","coordinates":[75.6062602,31.3106857]}},{"type":"Feature","properties":{"id":"india-osm-road-122424356","name":"Phagwara Hoshiarpur Road"},"geometry":{"type":"Point","coordinates":[75.82257195,31.37677885]}},{"type":"Feature","properties":{"id":"india-osm-road-122424400","name":"NH103A"},"geometry":{"type":"Point","coordinates":[75.9496549,31.49736195]}},{"type":"Feature","properties":{"id":"india-osm-road-122424407","name":"Bypass Road"},"geometry":{"type":"Point","coordinates":[75.87993325,31.502327899999997]}},{"type":"Feature","properties":{"id":"india-osm-road-122442421","name":"NH369E"},"geometry":{"type":"Point","coordinates":[74.98576581111871,14.022821708274643]}},{"type":"Feature","properties":{"id":"india-osm-road-1224767066","name":"NH30;NH63"},"geometry":{"type":"Point","coordinates":[82.03708069999999,19.07742715]}},{"type":"Feature","properties":{"id":"india-osm-road-1224988840","name":"NH134"},"geometry":{"type":"Point","coordinates":[78.23472539913872,30.806667372734186]}},{"type":"Feature","properties":{"id":"india-osm-road-1225140442","name":"Paratwada Morshi Road"},"geometry":{"type":"Point","coordinates":[77.60427394999999,21.24585185]}},{"type":"Feature","properties":{"id":"india-osm-road-1225343603","name":"Pushkar Road"},"geometry":{"type":"Point","coordinates":[74.58635285100307,26.497964051156817]}},{"type":"Feature","properties":{"id":"india-osm-road-1225588040","name":"Kallumthazham Overbridge"},"geometry":{"type":"Point","coordinates":[76.6231539,8.9037363]}},{"type":"Feature","properties":{"id":"india-osm-road-1225641158","name":"NH710"},"geometry":{"type":"Point","coordinates":[88.44819995,27.08522835]}},{"type":"Feature","properties":{"id":"india-osm-road-122578309","name":"Mumbai - Pune Road"},"geometry":{"type":"Point","coordinates":[73.0184491,19.20647185]}},{"type":"Feature","properties":{"id":"india-osm-road-1225914934","name":"NH720"},"geometry":{"type":"Point","coordinates":[85.9326552,21.120626950000002]}},{"type":"Feature","properties":{"id":"india-osm-road-1226069382","name":"NH927D"},"geometry":{"type":"Point","coordinates":[70.3835545,22.20490185]}},{"type":"Feature","properties":{"id":"india-osm-road-1226069562","name":"Indra Chowk Babrala Sambhal"},"geometry":{"type":"Point","coordinates":[78.4066293,28.262195]}},{"type":"Feature","properties":{"id":"india-osm-road-1226165430","name":"NH160A"},"geometry":{"type":"Point","coordinates":[73.52695369196601,19.94893516090983]}},{"type":"Feature","properties":{"id":"india-osm-road-1226177376","name":"NH927K;NH151K"},"geometry":{"type":"Point","coordinates":[69.76540750000001,21.9246952]}},{"type":"Feature","properties":{"id":"india-osm-road-1226192143","name":"NH151K"},"geometry":{"type":"Point","coordinates":[69.78124890000001,21.9278734]}},{"type":"Feature","properties":{"id":"india-osm-road-122625504","name":"Sir Siddappa Kambali Road"},"geometry":{"type":"Point","coordinates":[75.14519085,15.3528158]}},{"type":"Feature","properties":{"id":"india-osm-road-1226391521","name":"Tirur - Malappuram - Manjeri Road"},"geometry":{"type":"Point","coordinates":[75.99175955,10.999012950000001]}},{"type":"Feature","properties":{"id":"india-osm-road-1226741943","name":"ODR"},"geometry":{"type":"Point","coordinates":[88.3608064,27.1662092]}},{"type":"Feature","properties":{"id":"india-osm-road-122732952","name":"Balasore Bypass"},"geometry":{"type":"Point","coordinates":[86.8966181,21.525757300000002]}},{"type":"Feature","properties":{"id":"india-osm-road-1227330580","name":"devarakonda road"},"geometry":{"type":"Point","coordinates":[78.96392625,16.70871015]}},{"type":"Feature","properties":{"id":"india-osm-road-1227746145","name":"गौरवपथ"},"geometry":{"type":"Point","coordinates":[81.6616745,18.40202995]}},{"type":"Feature","properties":{"id":"india-osm-road-1228026065","name":"NH310"},"geometry":{"type":"Point","coordinates":[88.67542865079166,27.378607867810246]}},{"type":"Feature","properties":{"id":"india-osm-road-1228046606","name":"Nagpur Aurangabad Mumbai Highway"},"geometry":{"type":"Point","coordinates":[74.94603565,19.930886700000002]}},{"type":"Feature","properties":{"id":"india-osm-road-1228833726","name":"Kaza-Grampoo Road"},"geometry":{"type":"Point","coordinates":[77.2045182,32.431700250000006]}},{"type":"Feature","properties":{"id":"india-osm-road-1229061759","name":"NH965DD"},"geometry":{"type":"Point","coordinates":[73.4685021,18.0863263]}},{"type":"Feature","properties":{"id":"india-osm-road-1229662532","name":"Khammam - Devarapalli Expressway"},"geometry":{"type":"Point","coordinates":[80.12773645,17.203862649999998]}},{"type":"Feature","properties":{"id":"india-osm-road-122970006","name":"Hoshiarpur - Jallandhar Road Flyover"},"geometry":{"type":"Point","coordinates":[75.62814035,31.309244200000002]}},{"type":"Feature","properties":{"id":"india-osm-road-1230111054","name":"Adikavi Pampa Road"},"geometry":{"type":"Point","coordinates":[74.83302315,14.6147609]}},{"type":"Feature","properties":{"id":"india-osm-road-1230130631","name":"Bypass Rd."},"geometry":{"type":"Point","coordinates":[74.7434197669203,20.89489334298809]}},{"type":"Feature","properties":{"id":"india-osm-road-1231131217","name":"Angul - Deogarh Road"},"geometry":{"type":"Point","coordinates":[84.71538745,21.52986805]}},{"type":"Feature","properties":{"id":"india-osm-road-1231759227","name":"Tedim Rd"},"geometry":{"type":"Point","coordinates":[93.70584948066316,24.4013705817647]}},{"type":"Feature","properties":{"id":"india-osm-road-1232325787","name":"Bairamalguda Flyover"},"geometry":{"type":"Point","coordinates":[78.5447207,17.340543099999998]}},{"type":"Feature","properties":{"id":"india-osm-road-1232380219","name":"Walajabad Bypass"},"geometry":{"type":"Point","coordinates":[79.83454195253186,12.79495330762115]}},{"type":"Feature","properties":{"id":"india-osm-road-1232815674","name":"NH563;NH930P"},"geometry":{"type":"Point","coordinates":[79.6480232,17.59262695]}},{"type":"Feature","properties":{"id":"india-osm-road-1233786389","name":"Bellary Road"},"geometry":{"type":"Point","coordinates":[77.59291809999999,13.065411600000001]}},{"type":"Feature","properties":{"id":"india-osm-road-1234853712","name":"NH49;NH53"},"geometry":{"type":"Point","coordinates":[84.71032635,21.531958799999998]}},{"type":"Feature","properties":{"id":"india-osm-road-1234889546","name":"NH275"},"geometry":{"type":"Point","coordinates":[75.97263294999999,12.44688755]}},{"type":"Feature","properties":{"id":"india-osm-road-1235213730","name":"Khodadad Circle"},"geometry":{"type":"Point","coordinates":[72.8474159,19.01780325]}},{"type":"Feature","properties":{"id":"india-osm-road-1235473852","name":"King's Circle"},"geometry":{"type":"Point","coordinates":[72.8549668,19.02652205]}},{"type":"Feature","properties":{"id":"india-osm-road-1235958996","name":"Senneer Kuppam Flyover"},"geometry":{"type":"Point","coordinates":[80.1141006,13.05638785]}},{"type":"Feature","properties":{"id":"india-osm-road-1235964068","name":"Poonamallee High Road Flyover"},"geometry":{"type":"Point","coordinates":[80.12199415,13.054852400000001]}},{"type":"Feature","properties":{"id":"india-osm-road-1236242730","name":"NH366"},"geometry":{"type":"Point","coordinates":[73.90784525,15.4025925]}},{"type":"Feature","properties":{"id":"india-osm-road-1236772469","name":"NH71"},"geometry":{"type":"Point","coordinates":[79.77494295,13.80631095]}},{"type":"Feature","properties":{"id":"india-osm-road-1237187780","name":"Vizianagaram Main Road"},"geometry":{"type":"Point","coordinates":[83.39358415,18.06125615]}},{"type":"Feature","properties":{"id":"india-osm-road-1237224767","name":"Ambajogai-Latur Road"},"geometry":{"type":"Point","coordinates":[76.5729873,18.424752]}},{"type":"Feature","properties":{"id":"india-osm-road-1237230251","name":"NH167K"},"geometry":{"type":"Point","coordinates":[78.49080345,15.48748005]}},{"type":"Feature","properties":{"id":"india-osm-road-1237518330","name":"NH102A"},"geometry":{"type":"Point","coordinates":[94.2981972405835,25.174293827185114]}},{"type":"Feature","properties":{"id":"india-osm-road-1237983118","name":"Gopalganj Bypass"},"geometry":{"type":"Point","coordinates":[84.4232006,26.4588043]}},{"type":"Feature","properties":{"id":"india-osm-road-1237989906","name":"SH-50"},"geometry":{"type":"Point","coordinates":[85.88729555,26.1185631]}},{"type":"Feature","properties":{"id":"india-osm-road-1238801927","name":"NH702A"},"geometry":{"type":"Point","coordinates":[94.45074290255535,25.869774577894763]}},{"type":"Feature","properties":{"id":"india-osm-road-1238803139","name":"Kakinada Bypass"},"geometry":{"type":"Point","coordinates":[82.20945839999999,16.9511752]}},{"type":"Feature","properties":{"id":"india-osm-road-1238852046","name":"Kalamboli Circle"},"geometry":{"type":"Point","coordinates":[73.10622699999999,19.0178663]}},{"type":"Feature","properties":{"id":"india-osm-road-1238867128","name":"Jeejabai Bhosale Marg"},"geometry":{"type":"Point","coordinates":[72.90734090000001,19.07056505]}},{"type":"Feature","properties":{"id":"india-osm-road-1239185805","name":"Along Main Road"},"geometry":{"type":"Point","coordinates":[94.71264142397848,28.06222492850992]}},{"type":"Feature","properties":{"id":"india-osm-road-1239387319","name":"NH716;NH544F"},"geometry":{"type":"Point","coordinates":[78.7526748,14.540184]}},{"type":"Feature","properties":{"id":"india-osm-road-1239517515","name":"Bagbahra Road"},"geometry":{"type":"Point","coordinates":[82.1277620908138,21.081853884493402]}},{"type":"Feature","properties":{"id":"india-osm-road-1239556404","name":"Harohalli Bypass"},"geometry":{"type":"Point","coordinates":[77.46424999999999,12.677950549999998]}},{"type":"Feature","properties":{"id":"india-osm-road-1239586043","name":"Patne - Gaya Road"},"geometry":{"type":"Point","coordinates":[84.98034075000001,24.946729599999998]}},{"type":"Feature","properties":{"id":"india-osm-road-1239822749","name":"Narasaraopet - Chilakurpeta Road"},"geometry":{"type":"Point","coordinates":[80.05679079999999,16.23451175]}},{"type":"Feature","properties":{"id":"india-osm-road-1240094215","name":"Kumbakonam Bypass"},"geometry":{"type":"Point","coordinates":[79.35829425,10.972150899999999]}},{"type":"Feature","properties":{"id":"india-osm-road-1240125516","name":"NH161AA"},"geometry":{"type":"Point","coordinates":[78.27805465,17.74060525]}},{"type":"Feature","properties":{"id":"india-osm-road-1240126252","name":"NH765D"},"geometry":{"type":"Point","coordinates":[78.2322825,17.82748505]}},{"type":"Feature","properties":{"id":"india-osm-road-1240387455","name":"Madanapalle Bypass"},"geometry":{"type":"Point","coordinates":[78.52254115,13.5802965]}},{"type":"Feature","properties":{"id":"india-osm-road-1240802056","name":"Somnath - Una Highway"},"geometry":{"type":"Point","coordinates":[70.53676226464529,20.91000772392489]}},{"type":"Feature","properties":{"id":"india-osm-road-1240829983","name":"Junagadh Bypass"},"geometry":{"type":"Point","coordinates":[70.47384310009755,21.59943648480377]}},{"type":"Feature","properties":{"id":"india-osm-road-1240922184","name":"NH40;NH544F"},"geometry":{"type":"Point","coordinates":[78.54118325,15.039764550000001]}},{"type":"Feature","properties":{"id":"india-osm-road-1240975967","name":"Tatibandh Y-Shaped Flyover"},"geometry":{"type":"Point","coordinates":[81.56635209999999,21.25839775]}},{"type":"Feature","properties":{"id":"india-osm-road-1241112270","name":"Jalna Beed Road"},"geometry":{"type":"Point","coordinates":[75.82939574085641,19.72106997593637]}},{"type":"Feature","properties":{"id":"india-osm-road-1241327049","name":"NH151"},"geometry":{"type":"Point","coordinates":[70.49219675,21.60333]}},{"type":"Feature","properties":{"id":"india-osm-road-1241899964","name":"Darul Shifa Road"},"geometry":{"type":"Point","coordinates":[78.4798846,17.3616295]}},{"type":"Feature","properties":{"id":"india-osm-road-1241899965","name":"NH765"},"geometry":{"type":"Point","coordinates":[78.47954615,17.3603459]}},{"type":"Feature","properties":{"id":"india-osm-road-1242487499","name":"Kollam Bypass"},"geometry":{"type":"Point","coordinates":[76.62147379999999,8.90626475]}},{"type":"Feature","properties":{"id":"india-osm-road-124253700","name":"NH703A;703B"},"geometry":{"type":"Point","coordinates":[74.9827364,31.11320685]}},{"type":"Feature","properties":{"id":"india-osm-road-1242865650","name":"Mandla Bypass"},"geometry":{"type":"Point","coordinates":[80.3995435,22.59960255]}},{"type":"Feature","properties":{"id":"india-osm-road-1242953153","name":"MPT"},"geometry":{"type":"Point","coordinates":[80.40212869999999,22.5933749]}},{"type":"Feature","properties":{"id":"india-osm-road-1243167378","name":"Bilaspur Ambikapur Highway"},"geometry":{"type":"Point","coordinates":[82.15760962914109,22.26744367917229]}},{"type":"Feature","properties":{"id":"india-osm-road-1243203264","name":"Bathinda-Malout Road"},"geometry":{"type":"Point","coordinates":[74.79240389395474,30.231620436601496]}},{"type":"Feature","properties":{"id":"india-osm-road-1243398274","name":"Bhilwara Bypass"},"geometry":{"type":"Point","coordinates":[74.56609565,25.326810899999998]}},{"type":"Feature","properties":{"id":"india-osm-road-1243398304","name":"Bhilwara Bypass Flyover"},"geometry":{"type":"Point","coordinates":[74.57273955,25.34480495]}},{"type":"Feature","properties":{"id":"india-osm-road-1243641932","name":"NH135BB"},"geometry":{"type":"Point","coordinates":[81.3256877,25.1255498]}},{"type":"Feature","properties":{"id":"india-osm-road-1243662600","name":"Doctor KB Hedgewar Marg"},"geometry":{"type":"Point","coordinates":[77.22939965,28.67974125]}},{"type":"Feature","properties":{"id":"india-osm-road-1243718741","name":"Vijayapura Road"},"geometry":{"type":"Point","coordinates":[75.2075945,15.3892027]}},{"type":"Feature","properties":{"id":"india-osm-road-1243724330","name":"NH765;NH167"},"geometry":{"type":"Point","coordinates":[78.57304395,16.66221585]}},{"type":"Feature","properties":{"id":"india-osm-road-1243731485","name":"National Highway 7-54 (Earlier 15)"},"geometry":{"type":"Point","coordinates":[74.858067,30.2341604]}},{"type":"Feature","properties":{"id":"india-osm-road-1243740510","name":"Bahanpur - Gadankeri Highway"},"geometry":{"type":"Point","coordinates":[76.04202135,15.3854348]}},{"type":"Feature","properties":{"id":"india-osm-road-1244585512","name":"Jhadol Bypass"},"geometry":{"type":"Point","coordinates":[73.48162385,24.42346255]}},{"type":"Feature","properties":{"id":"india-osm-road-1245547922","name":"NH53;NH752G"},"geometry":{"type":"Point","coordinates":[73.76461635,21.165663700000003]}},{"type":"Feature","properties":{"id":"india-osm-road-1245922295","name":"Kadapa - Pulivendula Road"},"geometry":{"type":"Point","coordinates":[78.43873160000001,14.368663049999999]}},{"type":"Feature","properties":{"id":"india-osm-road-1246963194","name":"NH753M"},"geometry":{"type":"Point","coordinates":[76.24161864999999,20.3585725]}},{"type":"Feature","properties":{"id":"india-osm-road-1247525379","name":"Nadiad Ring Road"},"geometry":{"type":"Point","coordinates":[72.8356221,22.71308585]}},{"type":"Feature","properties":{"id":"india-osm-road-1248158896","name":"Chitoor-Thatchur Expressway"},"geometry":{"type":"Point","coordinates":[79.14795336100103,13.180180062078218]}},{"type":"Feature","properties":{"id":"india-osm-road-1248258449","name":"Sumanahalli Flyover"},"geometry":{"type":"Point","coordinates":[77.51567705,12.9793559]}},{"type":"Feature","properties":{"id":"india-osm-road-1248258453","name":"Kanteerava Studio Flyover"},"geometry":{"type":"Point","coordinates":[77.53202225,13.0190798]}},{"type":"Feature","properties":{"id":"india-osm-road-1248788098","name":"Peth-Sangli Road"},"geometry":{"type":"Point","coordinates":[74.2721882,17.043230299999998]}},{"type":"Feature","properties":{"id":"india-osm-road-1248797206","name":"Yeshwantpura Circle Flyover"},"geometry":{"type":"Point","coordinates":[77.5565213,13.0167414]}},{"type":"Feature","properties":{"id":"india-osm-road-1250771465","name":"NH744"},"geometry":{"type":"Point","coordinates":[77.2946534,8.9894211]}},{"type":"Feature","properties":{"id":"india-osm-road-1250806784","name":"Kurduvadi Bypass"},"geometry":{"type":"Point","coordinates":[75.41333745,18.08436945]}},{"type":"Feature","properties":{"id":"india-osm-road-1250875662","name":"Raipur Chowk Flyover"},"geometry":{"type":"Point","coordinates":[81.60343735000001,21.23074675]}},{"type":"Feature","properties":{"id":"india-osm-road-1250878796","name":"Kozhikode Wayanad Road"},"geometry":{"type":"Point","coordinates":[75.93575535,11.410349700000001]}},{"type":"Feature","properties":{"id":"india-osm-road-1251585050","name":"NH328A"},"geometry":{"type":"Point","coordinates":[83.08212979999999,26.9114958]}},{"type":"Feature","properties":{"id":"india-osm-road-1253269506","name":"National Highway 54 (Earlier 15)"},"geometry":{"type":"Point","coordinates":[74.9343049,30.248507]}},{"type":"Feature","properties":{"id":"india-osm-road-1253476949","name":"NH45;NH543"},"geometry":{"type":"Point","coordinates":[81.08516420000001,22.932556650000002]}},{"type":"Feature","properties":{"id":"india-osm-road-1253564659","name":"NH351G"},"geometry":{"type":"Point","coordinates":[71.18495645,22.025878]}},{"type":"Feature","properties":{"id":"india-osm-road-1254374191","name":"Anantnag Bypass"},"geometry":{"type":"Point","coordinates":[75.15358775883928,33.69873378809472]}},{"type":"Feature","properties":{"id":"india-osm-road-1255162750","name":"Jasdan Bypass road"},"geometry":{"type":"Point","coordinates":[71.22125865000001,22.0395162]}},{"type":"Feature","properties":{"id":"india-osm-road-125523462","name":"SH138"},"geometry":{"type":"Point","coordinates":[74.56531405,16.86039155]}},{"type":"Feature","properties":{"id":"india-osm-road-1255710662","name":"NH715A"},"geometry":{"type":"Point","coordinates":[92.2345881500828,26.358850298825228]}},{"type":"Feature","properties":{"id":"india-osm-road-1255882938","name":"Odhav Ring Road Flyover"},"geometry":{"type":"Point","coordinates":[72.67166815,23.02027175]}},{"type":"Feature","properties":{"id":"india-osm-road-1255999362","name":"NH166;NH266"},"geometry":{"type":"Point","coordinates":[74.8076875,17.02005645]}},{"type":"Feature","properties":{"id":"india-osm-road-125736541","name":"Sachivalaya Road Flyover"},"geometry":{"type":"Point","coordinates":[77.24883345,28.63520865]}},{"type":"Feature","properties":{"id":"india-osm-road-1257378459","name":"Miraj - Sangola - Pandharpur Road"},"geometry":{"type":"Point","coordinates":[74.6826205,16.8824545]}},{"type":"Feature","properties":{"id":"india-osm-road-1257401617","name":"Kolhapur-Miraj Road"},"geometry":{"type":"Point","coordinates":[74.6138603,16.8217204]}},{"type":"Feature","properties":{"id":"india-osm-road-1257556080","name":"NH510"},"geometry":{"type":"Point","coordinates":[88.39145725,27.230052049999998]}},{"type":"Feature","properties":{"id":"india-osm-road-125773636","name":"NH148B;SH12"},"geometry":{"type":"Point","coordinates":[75.96776595,29.0976374]}},{"type":"Feature","properties":{"id":"india-osm-road-125773644","name":"NH148B;SH17"},"geometry":{"type":"Point","coordinates":[75.96936120000001,29.09444515]}},{"type":"Feature","properties":{"id":"india-osm-road-1258068204","name":"Kollam Tenkashi Road"},"geometry":{"type":"Point","coordinates":[76.76866150000001,8.999359649999999]}},{"type":"Feature","properties":{"id":"india-osm-road-125858140","name":"Harris Bridge"},"geometry":{"type":"Point","coordinates":[73.83572945,18.576324800000002]}},{"type":"Feature","properties":{"id":"india-osm-road-125859289","name":"NH9;NH54"},"geometry":{"type":"Point","coordinates":[74.7107693,29.9646829]}},{"type":"Feature","properties":{"id":"india-osm-road-1259461984","name":"Dabaspete Highway"},"geometry":{"type":"Point","coordinates":[77.5084267,13.3023379]}},{"type":"Feature","properties":{"id":"india-osm-road-126128337","name":"Pankha Road"},"geometry":{"type":"Point","coordinates":[74.95643820000001,28.2934489]}},{"type":"Feature","properties":{"id":"india-osm-road-1261870224","name":"Bengaluru-Mysuru Highway"},"geometry":{"type":"Point","coordinates":[77.4481155,12.8821717]}},{"type":"Feature","properties":{"id":"india-osm-road-1263415171","name":"Bharuch Jambusar"},"geometry":{"type":"Point","coordinates":[72.92251005,21.859702900000002]}},{"type":"Feature","properties":{"id":"india-osm-road-1263448018","name":"Port Road SouthWestbound Ghandhidham"},"geometry":{"type":"Point","coordinates":[70.30550835,23.2588053]}},{"type":"Feature","properties":{"id":"india-osm-road-1263448020","name":"Port Road NorthEastbound Bhachau"},"geometry":{"type":"Point","coordinates":[70.3056187,23.25892515]}},{"type":"Feature","properties":{"id":"india-osm-road-126349346","name":"Tarkeswar Bridge"},"geometry":{"type":"Point","coordinates":[73.88510085,18.54332585]}},{"type":"Feature","properties":{"id":"india-osm-road-1263532407","name":"CCS University Road"},"geometry":{"type":"Point","coordinates":[77.73706485,28.9694562]}},{"type":"Feature","properties":{"id":"india-osm-road-1263603607","name":"Bahadurgarh Bypass"},"geometry":{"type":"Point","coordinates":[76.94727075,28.68955025]}},{"type":"Feature","properties":{"id":"india-osm-road-1264388229","name":"Bengaluru-Mysuru Service lane"},"geometry":{"type":"Point","coordinates":[77.46249470000001,12.89762655]}},{"type":"Feature","properties":{"id":"india-osm-road-1264396027","name":"Ahmedabad - Indore Road"},"geometry":{"type":"Point","coordinates":[75.8233833,22.706988]}},{"type":"Feature","properties":{"id":"india-osm-road-1264441000","name":"NH340"},"geometry":{"type":"Point","coordinates":[78.51921824983157,13.70178640126062]}},{"type":"Feature","properties":{"id":"india-osm-road-1264700986","name":"Wardha Bypass"},"geometry":{"type":"Point","coordinates":[78.59273435,20.7717052]}},{"type":"Feature","properties":{"id":"india-osm-road-1264722570","name":"Bholaram Square"},"geometry":{"type":"Point","coordinates":[75.8636239,22.6810824]}},{"type":"Feature","properties":{"id":"india-osm-road-1264769355","name":"Mumbai Pune National Highway"},"geometry":{"type":"Point","coordinates":[73.10256620000001,19.0470995]}},{"type":"Feature","properties":{"id":"india-osm-road-1265079122","name":"NH48;NH52"},"geometry":{"type":"Point","coordinates":[75.7299799,26.9180289]}},{"type":"Feature","properties":{"id":"india-osm-road-1265540122","name":"NH361B"},"geometry":{"type":"Point","coordinates":[78.71949359999999,20.280952399999997]}},{"type":"Feature","properties":{"id":"india-osm-road-126606864","name":"Puramandal Bridge"},"geometry":{"type":"Point","coordinates":[75.23086405000001,32.50129925]}},{"type":"Feature","properties":{"id":"india-osm-road-1266175700","name":"150A"},"geometry":{"type":"Point","coordinates":[76.7252503,14.7813327]}},{"type":"Feature","properties":{"id":"india-osm-road-1266175731","name":"Bidar - Chamarajanagar Highway"},"geometry":{"type":"Point","coordinates":[76.67039654999999,14.6073182]}},{"type":"Feature","properties":{"id":"india-osm-road-1266579124","name":"Patharkandi Bypass"},"geometry":{"type":"Point","coordinates":[92.33623122748318,24.631773312982315]}},{"type":"Feature","properties":{"id":"india-osm-road-1267008057","name":"NH709B;NH709A"},"geometry":{"type":"Point","coordinates":[77.3393705,29.46594065]}},{"type":"Feature","properties":{"id":"india-osm-road-126713920","name":"NH127A"},"geometry":{"type":"Point","coordinates":[91.17516657897494,26.61153859746165]}},{"type":"Feature","properties":{"id":"india-osm-road-1267718956","name":"Maduravoyal Interchange"},"geometry":{"type":"Point","coordinates":[80.1611402,13.060508299999999]}},{"type":"Feature","properties":{"id":"india-osm-road-1267877316","name":"NH82 Bypass Road"},"geometry":{"type":"Point","coordinates":[85.52370725,25.1679986]}},{"type":"Feature","properties":{"id":"india-osm-road-1268118816","name":"Bathinda Dabwali Road"},"geometry":{"type":"Point","coordinates":[74.95152225,30.18685965]}},{"type":"Feature","properties":{"id":"india-osm-road-1268213043","name":"Guntur-Vinukonda"},"geometry":{"type":"Point","coordinates":[79.7495756,16.05660605]}},{"type":"Feature","properties":{"id":"india-osm-road-126881211","name":"Sher Shah Suri Marg Flyover"},"geometry":{"type":"Point","coordinates":[74.88868805,31.62742315]}},{"type":"Feature","properties":{"id":"india-osm-road-127003794","name":"Bhagthali Circle"},"geometry":{"type":"Point","coordinates":[73.4135653,28.0344857]}},{"type":"Feature","properties":{"id":"india-osm-road-1270048766","name":"Bijbehara Bypass"},"geometry":{"type":"Point","coordinates":[75.08128555,33.806827299999995]}},{"type":"Feature","properties":{"id":"india-osm-road-127048180","name":"SH34"},"geometry":{"type":"Point","coordinates":[76.09965385000001,17.119624950000002]}},{"type":"Feature","properties":{"id":"india-osm-road-127056177","name":"NH60;NH65"},"geometry":{"type":"Point","coordinates":[73.82400115,18.60483325]}},{"type":"Feature","properties":{"id":"india-osm-road-127056188","name":"Pimpri Chowk Underpass"},"geometry":{"type":"Point","coordinates":[73.8074244,18.6243105]}},{"type":"Feature","properties":{"id":"india-osm-road-127056389","name":"Jagadguru Sant Tukaram Maharaj and Chhatrapati Shivaji Maharaj Flyover"},"geometry":{"type":"Point","coordinates":[73.77268405,18.6641659]}},{"type":"Feature","properties":{"id":"india-osm-road-1270692111","name":"Peerah chanderkot tunnel"},"geometry":{"type":"Point","coordinates":[75.2992556,33.17702775]}},{"type":"Feature","properties":{"id":"india-osm-road-1270845190","name":"Proddatur - Chagalamarri Road"},"geometry":{"type":"Point","coordinates":[78.57948475,14.9549798]}},{"type":"Feature","properties":{"id":"india-osm-road-1271351925","name":"Sardar Vallabhai Patel Chowk"},"geometry":{"type":"Point","coordinates":[78.4699986,17.400514049999998]}},{"type":"Feature","properties":{"id":"india-osm-road-1271363576","name":"NH44;NH65;NH163"},"geometry":{"type":"Point","coordinates":[78.47087665000001,17.399018849999997]}},{"type":"Feature","properties":{"id":"india-osm-road-1271366322","name":"Sholavaram Bypass"},"geometry":{"type":"Point","coordinates":[80.15422325,13.2456008]}},{"type":"Feature","properties":{"id":"india-osm-road-1271369038","name":"NH752C"},"geometry":{"type":"Point","coordinates":[76.70849985000001,23.402808450000002]}},{"type":"Feature","properties":{"id":"india-osm-road-1271381634","name":"Old NH4"},"geometry":{"type":"Point","coordinates":[73.35234285000001,18.764683050000002]}},{"type":"Feature","properties":{"id":"india-osm-road-1271433857","name":"Ahmadnagar Aurangabad Highway"},"geometry":{"type":"Point","coordinates":[74.96812065,19.53301695]}},{"type":"Feature","properties":{"id":"india-osm-road-1271461292","name":"Dr Nanjappa Road"},"geometry":{"type":"Point","coordinates":[76.96655475,11.00323895]}},{"type":"Feature","properties":{"id":"india-osm-road-1271688970","name":"Kalyan Bhiwandi Road"},"geometry":{"type":"Point","coordinates":[73.12107475,19.24812735]}},{"type":"Feature","properties":{"id":"india-osm-road-1271691068","name":"Kalyan-Nagar Highway"},"geometry":{"type":"Point","coordinates":[73.36942285,19.2562589]}},{"type":"Feature","properties":{"id":"india-osm-road-1271691072","name":"NH222"},"geometry":{"type":"Point","coordinates":[73.3694318,19.256295299999998]}},{"type":"Feature","properties":{"id":"india-osm-road-1271695332","name":"Katraj Bypass Road"},"geometry":{"type":"Point","coordinates":[73.91030814999999,18.44984795]}},{"type":"Feature","properties":{"id":"india-osm-road-1272558941","name":"Chapra - Patna Highway"},"geometry":{"type":"Point","coordinates":[84.95806594999999,25.747833550000003]}},{"type":"Feature","properties":{"id":"india-osm-road-1272593831","name":"Bailey Road Flyover"},"geometry":{"type":"Point","coordinates":[85.11733395,25.60695065]}},{"type":"Feature","properties":{"id":"india-osm-road-1272698052","name":"Golkonda Road"},"geometry":{"type":"Point","coordinates":[78.4426901,17.396343]}},{"type":"Feature","properties":{"id":"india-osm-road-1272699860","name":"Shaheed Captain Vikram Batra Flyover"},"geometry":{"type":"Point","coordinates":[77.15905105,28.736595100000002]}},{"type":"Feature","properties":{"id":"india-osm-road-1272705747","name":"NH34;NH334"},"geometry":{"type":"Point","coordinates":[77.64741465,28.918885449999998]}},{"type":"Feature","properties":{"id":"india-osm-road-1272732621","name":"بریگیڈیئر سعید روڈ"},"geometry":{"type":"Point","coordinates":[78.4875174,17.44345965]}},{"type":"Feature","properties":{"id":"india-osm-road-1272735116","name":"Burari Flyover"},"geometry":{"type":"Point","coordinates":[77.2002161,28.72794695]}},{"type":"Feature","properties":{"id":"india-osm-road-1273090690","name":"Ghaziabad Bypass"},"geometry":{"type":"Point","coordinates":[77.38891770000001,28.683664450000002]}},{"type":"Feature","properties":{"id":"india-osm-road-1273255485","name":"Matiyari Flyover"},"geometry":{"type":"Point","coordinates":[81.04426129999999,26.8830703]}},{"type":"Feature","properties":{"id":"india-osm-road-1274038973","name":"Chavella road"},"geometry":{"type":"Point","coordinates":[78.3743667,17.35259125]}},{"type":"Feature","properties":{"id":"india-osm-road-1274318181","name":"Katraj Bypass Road | Katraj - Kondhwa Road"},"geometry":{"type":"Point","coordinates":[73.88768495,18.45148125]}},{"type":"Feature","properties":{"id":"india-osm-road-1274791157","name":"Shahdara Flyover"},"geometry":{"type":"Point","coordinates":[77.28255375,28.6733003]}},{"type":"Feature","properties":{"id":"india-osm-road-1274823144","name":"Delhi Loni Road Flyover"},"geometry":{"type":"Point","coordinates":[77.29469595,28.7006427]}},{"type":"Feature","properties":{"id":"india-osm-road-1274848264","name":"NH9;NH34"},"geometry":{"type":"Point","coordinates":[77.45611205,28.667279899999997]}},{"type":"Feature","properties":{"id":"india-osm-road-1276033506","name":"Mawana Bypass"},"geometry":{"type":"Point","coordinates":[77.86225214999999,29.1034193]}},{"type":"Feature","properties":{"id":"india-osm-road-1277631179","name":"NH52;NH752C"},"geometry":{"type":"Point","coordinates":[76.7004369,23.708371749999998]}},{"type":"Feature","properties":{"id":"india-osm-road-1277681989","name":"NH17;NH217B"},"geometry":{"type":"Point","coordinates":[89.91146710000001,26.0892473]}},{"type":"Feature","properties":{"id":"india-osm-road-1277766341","name":"NH766E"},"geometry":{"type":"Point","coordinates":[75.38395595,14.78491675]}},{"type":"Feature","properties":{"id":"india-osm-road-1277766342","name":"Sirsi - Haveri Highway ಸಿರ್ಸಿ - ಹಾವೇರಿ ಹೆದ್ದಾರಿ"},"geometry":{"type":"Point","coordinates":[75.38399645,14.784871299999999]}},{"type":"Feature","properties":{"id":"india-osm-road-1277773687","name":"Sirsi - Kumta Highway"},"geometry":{"type":"Point","coordinates":[74.83163985,14.61407175]}},{"type":"Feature","properties":{"id":"india-osm-road-1277941232","name":"NH17;NH127B"},"geometry":{"type":"Point","coordinates":[89.94546585,26.0799313]}},{"type":"Feature","properties":{"id":"india-osm-road-1278555480","name":"Hebbal Flyover"},"geometry":{"type":"Point","coordinates":[77.58953155,13.039466999999998]}},{"type":"Feature","properties":{"id":"india-osm-road-1278555481","name":"Tumkur Road Exit"},"geometry":{"type":"Point","coordinates":[77.59057585,13.04285705]}},{"type":"Feature","properties":{"id":"india-osm-road-1278631924","name":"NH17;NH27"},"geometry":{"type":"Point","coordinates":[89.2149811,26.514322]}},{"type":"Feature","properties":{"id":"india-osm-road-1278663790","name":"Kulik River Bridge"},"geometry":{"type":"Point","coordinates":[88.09718459999999,25.5938468]}},{"type":"Feature","properties":{"id":"india-osm-road-1279065315","name":"Hardoi Road"},"geometry":{"type":"Point","coordinates":[80.8645466,26.87457145]}},{"type":"Feature","properties":{"id":"india-osm-road-1280074266","name":"Sirsi - Hubbali Highway"},"geometry":{"type":"Point","coordinates":[74.84993135017827,14.627514909034845]}},{"type":"Feature","properties":{"id":"india-osm-road-1280091460","name":"NH22;NH31"},"geometry":{"type":"Point","coordinates":[85.23314355,25.670764249999998]}},{"type":"Feature","properties":{"id":"india-osm-road-1280429483","name":"Solapur-Mangalore Highway"},"geometry":{"type":"Point","coordinates":[74.99544435,13.187778999999999]}},{"type":"Feature","properties":{"id":"india-osm-road-1280541518","name":"Dharmapuri Bypass"},"geometry":{"type":"Point","coordinates":[78.1322299,12.11790165]}},{"type":"Feature","properties":{"id":"india-osm-road-1280801689","name":"Acharya Shri Tulsi Marg"},"geometry":{"type":"Point","coordinates":[77.11674175,28.4811037]}},{"type":"Feature","properties":{"id":"india-osm-road-1280878312","name":"Harihara Davangere Bypass"},"geometry":{"type":"Point","coordinates":[75.7715034,14.5148811]}},{"type":"Feature","properties":{"id":"india-osm-road-1280904868","name":"Ranebennur Bypass"},"geometry":{"type":"Point","coordinates":[75.6005553,14.624741]}},{"type":"Feature","properties":{"id":"india-osm-road-1280925853","name":"Edapally- Panvel Highway"},"geometry":{"type":"Point","coordinates":[74.3766124,14.60176595]}},{"type":"Feature","properties":{"id":"india-osm-road-1281147431","name":"NH248A;SH14"},"geometry":{"type":"Point","coordinates":[76.7445736,27.5264915]}},{"type":"Feature","properties":{"id":"india-osm-road-1281335672","name":"Agra Jaipur Bikaner Road Flyover"},"geometry":{"type":"Point","coordinates":[75.95521034999999,26.87062065]}},{"type":"Feature","properties":{"id":"india-osm-road-1281355246","name":"Tindivanam Bypass"},"geometry":{"type":"Point","coordinates":[79.63753449999999,12.2558738]}},{"type":"Feature","properties":{"id":"india-osm-road-1281369734","name":"150 Foot Ring Road"},"geometry":{"type":"Point","coordinates":[70.77495065,22.282123650000003]}},{"type":"Feature","properties":{"id":"india-osm-road-1281450005","name":"Ammaiyappan Puravazhi Salai"},"geometry":{"type":"Point","coordinates":[79.56069984999999,10.79565065]}},{"type":"Feature","properties":{"id":"india-osm-road-1282728687","name":"Mangalore - Villupuram Road"},"geometry":{"type":"Point","coordinates":[77.06801454999999,13.3441062]}},{"type":"Feature","properties":{"id":"india-osm-road-128347244","name":"Sikar Bypass Road"},"geometry":{"type":"Point","coordinates":[75.09304589999999,27.65509985]}},{"type":"Feature","properties":{"id":"india-osm-road-1283639343","name":"NH248BB"},"geometry":{"type":"Point","coordinates":[77.10180365,28.53681155]}},{"type":"Feature","properties":{"id":"india-osm-road-1283844756","name":"Lalganj Ring Road"},"geometry":{"type":"Point","coordinates":[80.9447537,26.1554218]}},{"type":"Feature","properties":{"id":"india-osm-road-1284167440","name":"Ballari Road Flyover"},"geometry":{"type":"Point","coordinates":[77.61948425,13.1504569]}},{"type":"Feature","properties":{"id":"india-osm-road-1284844208","name":"Ujjain Kshipra Bypass"},"geometry":{"type":"Point","coordinates":[75.96479529999999,22.992754849999997]}},{"type":"Feature","properties":{"id":"india-osm-road-1284844258","name":"Dewas - Ujjain Highway"},"geometry":{"type":"Point","coordinates":[75.97654405,23.0206136]}},{"type":"Feature","properties":{"id":"india-osm-road-1284859997","name":"NH352D"},"geometry":{"type":"Point","coordinates":[75.85010005000001,23.105686249999998]}},{"type":"Feature","properties":{"id":"india-osm-road-1285042622","name":"NH160B"},"geometry":{"type":"Point","coordinates":[74.433097,19.83994395]}},{"type":"Feature","properties":{"id":"india-osm-road-1285046701","name":"NH340B"},"geometry":{"type":"Point","coordinates":[77.8440643,15.3895697]}},{"type":"Feature","properties":{"id":"india-osm-road-1285053457","name":"NH548"},"geometry":{"type":"Point","coordinates":[73.08784415,18.98148325]}},{"type":"Feature","properties":{"id":"india-osm-road-1285053976","name":"Badvel Road"},"geometry":{"type":"Point","coordinates":[78.73335625,14.726278]}},{"type":"Feature","properties":{"id":"india-osm-road-1285065688","name":"Krishnapatnam Port Road"},"geometry":{"type":"Point","coordinates":[79.92453745,14.29304875]}},{"type":"Feature","properties":{"id":"india-osm-road-1285068354","name":"Uran Road"},"geometry":{"type":"Point","coordinates":[73.09332055,18.98926165]}},{"type":"Feature","properties":{"id":"india-osm-road-1285069700","name":"Madras Road"},"geometry":{"type":"Point","coordinates":[79.10537944964629,14.293548449662595]}},{"type":"Feature","properties":{"id":"india-osm-road-1285070242","name":"NH148"},"geometry":{"type":"Point","coordinates":[76.31864775,26.904454299999998]}},{"type":"Feature","properties":{"id":"india-osm-road-1285079436","name":"Mumbra Bypass Flyover"},"geometry":{"type":"Point","coordinates":[73.02756085,19.1608805]}},{"type":"Feature","properties":{"id":"india-osm-road-1285114893","name":"Nashik - Pune Road (Ale Phata - Bypass)"},"geometry":{"type":"Point","coordinates":[74.09171615,19.189563749999998]}},{"type":"Feature","properties":{"id":"india-osm-road-1285114898","name":"Nashik - Pune Road (Aale Phata - Bypass)"},"geometry":{"type":"Point","coordinates":[74.1022655,19.1943604]}},{"type":"Feature","properties":{"id":"india-osm-road-1285118072","name":"Nashik - Pune Road"},"geometry":{"type":"Point","coordinates":[74.0759491,19.1709879]}},{"type":"Feature","properties":{"id":"india-osm-road-1285158095","name":"NH160D"},"geometry":{"type":"Point","coordinates":[74.47899045,19.5767264]}},{"type":"Feature","properties":{"id":"india-osm-road-1285278729","name":"Almora Bageshwar Highway"},"geometry":{"type":"Point","coordinates":[79.77125505000001,29.8367833]}},{"type":"Feature","properties":{"id":"india-osm-road-1285461848","name":"NH160C"},"geometry":{"type":"Point","coordinates":[74.64821975000001,19.371184149999998]}},{"type":"Feature","properties":{"id":"india-osm-road-1285478577","name":"Ahmednagar Bypass Flyover"},"geometry":{"type":"Point","coordinates":[74.6885327,19.056687500000002]}},{"type":"Feature","properties":{"id":"india-osm-road-1285560651","name":"Bijapur Bypass"},"geometry":{"type":"Point","coordinates":[75.72607675,16.86309165]}},{"type":"Feature","properties":{"id":"india-osm-road-1285816233","name":"NH36;NH81"},"geometry":{"type":"Point","coordinates":[79.471237,11.22071395]}},{"type":"Feature","properties":{"id":"india-osm-road-1285853835","name":"Jaipur Bypass"},"geometry":{"type":"Point","coordinates":[75.8388672,27.10384905]}},{"type":"Feature","properties":{"id":"india-osm-road-1285929068","name":"Delhi-Jaipur Highway Flyover"},"geometry":{"type":"Point","coordinates":[76.56790029999999,28.07873005]}},{"type":"Feature","properties":{"id":"india-osm-road-1285933109","name":"Delhi-Jaipur High way"},"geometry":{"type":"Point","coordinates":[76.5132408,28.042276700000002]}},{"type":"Feature","properties":{"id":"india-osm-road-1285986234","name":"Karimnagar-Warangal Road"},"geometry":{"type":"Point","coordinates":[79.55592625,18.0143816]}},{"type":"Feature","properties":{"id":"india-osm-road-1285986237","name":"naimnagar road"},"geometry":{"type":"Point","coordinates":[79.5589008,18.0105489]}},{"type":"Feature","properties":{"id":"india-osm-road-1286195643","name":"Mumbai Agra Road"},"geometry":{"type":"Point","coordinates":[73.38430945,19.5810647]}},{"type":"Feature","properties":{"id":"india-osm-road-1286304517","name":"Bhiwani Bypass"},"geometry":{"type":"Point","coordinates":[76.1306823,28.7555341]}},{"type":"Feature","properties":{"id":"india-osm-road-1286863021","name":"NH127C"},"geometry":{"type":"Point","coordinates":[90.37602705,26.57588445]}},{"type":"Feature","properties":{"id":"india-osm-road-1287040230","name":"Vadodara Bypass Flyover"},"geometry":{"type":"Point","coordinates":[73.2443291,22.3400722]}},{"type":"Feature","properties":{"id":"india-osm-road-1287285894","name":"SH8"},"geometry":{"type":"Point","coordinates":[73.06082325,22.45790745]}},{"type":"Feature","properties":{"id":"india-osm-road-1287359612","name":"Kanchipuram - Chengalpattu Road"},"geometry":{"type":"Point","coordinates":[79.88859445,12.77294355]}},{"type":"Feature","properties":{"id":"india-osm-road-1287582254","name":"NH48;NH64"},"geometry":{"type":"Point","coordinates":[72.9697717,22.5793314]}},{"type":"Feature","properties":{"id":"india-osm-road-1287584866","name":"Kheda Bypass"},"geometry":{"type":"Point","coordinates":[72.6961345,22.71882995]}},{"type":"Feature","properties":{"id":"india-osm-road-1287588495","name":"Grand Southern Trunk Road (Old NH45)"},"geometry":{"type":"Point","coordinates":[79.468277,11.90572165]}},{"type":"Feature","properties":{"id":"india-osm-road-1287633667","name":"Tiruvannamalai Byepass Road"},"geometry":{"type":"Point","coordinates":[79.08860755,12.21363985]}},{"type":"Feature","properties":{"id":"india-osm-road-128763580","name":"Mandsaur Bypass"},"geometry":{"type":"Point","coordinates":[75.04102040000001,24.11704695]}},{"type":"Feature","properties":{"id":"india-osm-road-1287969955","name":"NH365B;SH16"},"geometry":{"type":"Point","coordinates":[79.60565135,17.14995145]}},{"type":"Feature","properties":{"id":"india-osm-road-1287971409","name":"cc"},"geometry":{"type":"Point","coordinates":[77.84288939999999,16.62552505]}},{"type":"Feature","properties":{"id":"india-osm-road-1287998022","name":"Mankapur Square"},"geometry":{"type":"Point","coordinates":[79.0790921,21.18780875]}},{"type":"Feature","properties":{"id":"india-osm-road-128806488","name":"NH169"},"geometry":{"type":"Point","coordinates":[75.26803574765785,13.444342494090733]}},{"type":"Feature","properties":{"id":"india-osm-road-1288120299","name":"NH 77;NH 179B"},"geometry":{"type":"Point","coordinates":[79.0502379,12.2086385]}},{"type":"Feature","properties":{"id":"india-osm-road-1288215348","name":"LB Nagar Underpass"},"geometry":{"type":"Point","coordinates":[78.55019164999999,17.345777499999997]}},{"type":"Feature","properties":{"id":"india-osm-road-1288215352","name":"Kamineni Flyover"},"geometry":{"type":"Point","coordinates":[78.55733275,17.358625099999998]}},{"type":"Feature","properties":{"id":"india-osm-road-1288215374","name":"Vijayavada Highway Flyover"},"geometry":{"type":"Point","coordinates":[78.55424489999999,17.344172049999997]}},{"type":"Feature","properties":{"id":"india-osm-road-1288228659","name":"Tathagat Square"},"geometry":{"type":"Point","coordinates":[79.10043925,21.18852725]}},{"type":"Feature","properties":{"id":"india-osm-road-1288239521","name":"Chandanagar - RC Puram BHEL Rd Mumbai Highway"},"geometry":{"type":"Point","coordinates":[78.31711849999999,17.4952089]}},{"type":"Feature","properties":{"id":"india-osm-road-1288251194","name":"Guntur Bypass"},"geometry":{"type":"Point","coordinates":[80.484077,16.324042]}},{"type":"Feature","properties":{"id":"india-osm-road-1288265941","name":"SH6 Westbound Bachau"},"geometry":{"type":"Point","coordinates":[70.4673788,23.3118992]}},{"type":"Feature","properties":{"id":"india-osm-road-1288265943","name":"SH6 Eastbound Samakhyali"},"geometry":{"type":"Point","coordinates":[70.4840379,23.309367350000002]}},{"type":"Feature","properties":{"id":"india-osm-road-1288342955","name":"Jangoon Suryapet Road"},"geometry":{"type":"Point","coordinates":[79.37397575,17.52331585]}},{"type":"Feature","properties":{"id":"india-osm-road-1289049041","name":"Bhiwandi Wada Road"},"geometry":{"type":"Point","coordinates":[73.10971525,19.575440450000002]}},{"type":"Feature","properties":{"id":"india-osm-road-1289049045","name":"SH 35"},"geometry":{"type":"Point","coordinates":[73.12848059448929,19.621729255576586]}},{"type":"Feature","properties":{"id":"india-osm-road-1289052611","name":"Bhiwandi Wada rd"},"geometry":{"type":"Point","coordinates":[73.1187722,19.60066095]}},{"type":"Feature","properties":{"id":"india-osm-road-1289053421","name":"NH48;64"},"geometry":{"type":"Point","coordinates":[72.59657356427263,22.917591304175303]}},{"type":"Feature","properties":{"id":"india-osm-road-1289069203","name":"Sanand-Viramgam Highway"},"geometry":{"type":"Point","coordinates":[72.3285371,23.0187467]}},{"type":"Feature","properties":{"id":"india-osm-road-1289084682","name":"Maharashtra State Highway 21"},"geometry":{"type":"Point","coordinates":[73.50288533808587,19.878873302686248]}},{"type":"Feature","properties":{"id":"india-osm-road-1289090468","name":"NH60;NH160"},"geometry":{"type":"Point","coordinates":[73.9740636,19.8421449]}},{"type":"Feature","properties":{"id":"india-osm-road-1289096041","name":"NH752I"},"geometry":{"type":"Point","coordinates":[74.51771205,19.87689855]}},{"type":"Feature","properties":{"id":"india-osm-road-128913666","name":"NH160;NH965G"},"geometry":{"type":"Point","coordinates":[74.5671331,18.14935905]}},{"type":"Feature","properties":{"id":"india-osm-road-128923759","name":"State Highway 72"},"geometry":{"type":"Point","coordinates":[71.62907455386106,24.08133656261385]}},{"type":"Feature","properties":{"id":"india-osm-road-1289257102","name":"Chamb Toll Plaza"},"geometry":{"type":"Point","coordinates":[75.04938824999999,31.05366075]}},{"type":"Feature","properties":{"id":"india-osm-road-1289258785","name":"NH319"},"geometry":{"type":"Point","coordinates":[84.71456674999999,25.583845850000003]}},{"type":"Feature","properties":{"id":"india-osm-road-1289269276","name":"Old NH 8"},"geometry":{"type":"Point","coordinates":[73.0077724,21.64627355]}},{"type":"Feature","properties":{"id":"india-osm-road-128930104","name":"Dr. Syama Prasad Mookerjee Tunnel"},"geometry":{"type":"Point","coordinates":[75.28628585,33.088310050000004]}},{"type":"Feature","properties":{"id":"india-osm-road-1289306210","name":"Hathras-Mathura Road"},"geometry":{"type":"Point","coordinates":[77.71010735,27.513565900000003]}},{"type":"Feature","properties":{"id":"india-osm-road-1289322063","name":"Gautam Buddha Rajpath Road"},"geometry":{"type":"Point","coordinates":[82.99709665,25.35080955]}},{"type":"Feature","properties":{"id":"india-osm-road-1289339713","name":"Bharuch Bypass"},"geometry":{"type":"Point","coordinates":[73.06335094744654,21.6994777946928]}},{"type":"Feature","properties":{"id":"india-osm-road-1289359364","name":"Balachaur Bypass"},"geometry":{"type":"Point","coordinates":[76.27082630000001,31.06819435]}},{"type":"Feature","properties":{"id":"india-osm-road-1289589355","name":"Sahara Darwaja Railway Flyover"},"geometry":{"type":"Point","coordinates":[72.8441883,21.196220850000003]}},{"type":"Feature","properties":{"id":"india-osm-road-1289609121","name":"NH311"},"geometry":{"type":"Point","coordinates":[75.82078405,28.077426600000003]}},{"type":"Feature","properties":{"id":"india-osm-road-1289639276","name":"Narnaul Ring Road"},"geometry":{"type":"Point","coordinates":[76.13616575,27.9965622]}},{"type":"Feature","properties":{"id":"india-osm-road-1289641456","name":"Ranchi - Patna Road"},"geometry":{"type":"Point","coordinates":[85.52832705,25.03858485]}},{"type":"Feature","properties":{"id":"india-osm-road-1289654102","name":"NH27;NH330"},"geometry":{"type":"Point","coordinates":[82.17873904999999,26.7699381]}},{"type":"Feature","properties":{"id":"india-osm-road-1289793293","name":"NH166D"},"geometry":{"type":"Point","coordinates":[73.2800649,18.79228405]}},{"type":"Feature","properties":{"id":"india-osm-road-1289793294","name":"NH166D;548A"},"geometry":{"type":"Point","coordinates":[73.2800649,18.79228405]}},{"type":"Feature","properties":{"id":"india-osm-road-1289799193","name":"Shaheed Path"},"geometry":{"type":"Point","coordinates":[81.01150385,26.83914585]}},{"type":"Feature","properties":{"id":"india-osm-road-1290148891","name":"Kozhikode - Mysuru Highway"},"geometry":{"type":"Point","coordinates":[76.68634775000001,11.810891900000001]}},{"type":"Feature","properties":{"id":"india-osm-road-1290166652","name":"Ari Gowder bridge"},"geometry":{"type":"Point","coordinates":[76.5909107,11.61830795]}},{"type":"Feature","properties":{"id":"india-osm-road-1290166653","name":"Gundlupet-Gudallur-Coimbatore Rd"},"geometry":{"type":"Point","coordinates":[76.59070955,11.618522899999999]}},{"type":"Feature","properties":{"id":"india-osm-road-1290206452","name":"NH319D"},"geometry":{"type":"Point","coordinates":[82.19478889999999,25.6577913]}},{"type":"Feature","properties":{"id":"india-osm-road-1290230296","name":"Gundlupet-Gudallur-Coimbatore Road"},"geometry":{"type":"Point","coordinates":[76.49268040000001,11.5016342]}},{"type":"Feature","properties":{"id":"india-osm-road-1290430893","name":"MD4821"},"geometry":{"type":"Point","coordinates":[75.12232155,21.725479149999998]}},{"type":"Feature","properties":{"id":"india-osm-road-1290843178","name":"Hazaribag Bypass"},"geometry":{"type":"Point","coordinates":[85.39524069999999,23.987510049999997]}},{"type":"Feature","properties":{"id":"india-osm-road-129092341","name":"Station Road Flyover"},"geometry":{"type":"Point","coordinates":[85.14231415,25.6060046]}},{"type":"Feature","properties":{"id":"india-osm-road-1291196509","name":"NH751"},"geometry":{"type":"Point","coordinates":[72.41522647437985,22.57688073039515]}},{"type":"Feature","properties":{"id":"india-osm-road-1291204394","name":"Dholka Bypass Road"},"geometry":{"type":"Point","coordinates":[72.45394089999999,22.740855449999998]}},{"type":"Feature","properties":{"id":"india-osm-road-1291224479","name":"Sangrur Bypass"},"geometry":{"type":"Point","coordinates":[75.88745775000001,30.24418155]}},{"type":"Feature","properties":{"id":"india-osm-road-1291248331","name":"NH51;147A"},"geometry":{"type":"Point","coordinates":[71.4931041,22.9977415]}},{"type":"Feature","properties":{"id":"india-osm-road-1291635386","name":"Sanand Bypass"},"geometry":{"type":"Point","coordinates":[72.3854745406215,22.978764643351735]}},{"type":"Feature","properties":{"id":"india-osm-road-1291637143","name":"Old Bus Stand Road"},"geometry":{"type":"Point","coordinates":[72.6226776,25.3474924]}},{"type":"Feature","properties":{"id":"india-osm-road-1291637144","name":"Haridev Joshi Circle"},"geometry":{"type":"Point","coordinates":[72.6225167,25.347568]}},{"type":"Feature","properties":{"id":"india-osm-road-1291637146","name":"Bagoda Road"},"geometry":{"type":"Point","coordinates":[72.61920620000001,25.350031350000002]}},{"type":"Feature","properties":{"id":"india-osm-road-1291645049","name":"NH22;33"},"geometry":{"type":"Point","coordinates":[84.9892392,25.2209277]}},{"type":"Feature","properties":{"id":"india-osm-road-1291984099","name":"NH360;NH953"},"geometry":{"type":"Point","coordinates":[73.88890835000001,20.32967475]}},{"type":"Feature","properties":{"id":"india-osm-road-1291984179","name":"Yeola Road"},"geometry":{"type":"Point","coordinates":[74.48343015,19.88884375]}},{"type":"Feature","properties":{"id":"india-osm-road-1292002708","name":"Patran Road"},"geometry":{"type":"Point","coordinates":[75.91988359999999,30.129131]}},{"type":"Feature","properties":{"id":"india-osm-road-1292347507","name":"Mysore Ooty Highway"},"geometry":{"type":"Point","coordinates":[76.67314404433581,12.108685343531146]}},{"type":"Feature","properties":{"id":"india-osm-road-1292552896","name":"Yerpedu - Chennuru Road"},"geometry":{"type":"Point","coordinates":[79.59606185,13.9558269]}},{"type":"Feature","properties":{"id":"india-osm-road-1292556670","name":"NH14;19"},"geometry":{"type":"Point","coordinates":[87.11798909999999,23.636236500000003]}},{"type":"Feature","properties":{"id":"india-osm-road-1292563428","name":"Badaun RD"},"geometry":{"type":"Point","coordinates":[79.1264099,28.0596913]}},{"type":"Feature","properties":{"id":"india-osm-road-1292590986","name":"Budaun Bypass"},"geometry":{"type":"Point","coordinates":[79.14000684999999,28.0601564]}},{"type":"Feature","properties":{"id":"india-osm-road-1292625004","name":"Palamaner Bypass"},"geometry":{"type":"Point","coordinates":[78.77073949999999,13.20589215]}},{"type":"Feature","properties":{"id":"india-osm-road-1292997065","name":"Pdegone Road"},"geometry":{"type":"Point","coordinates":[75.3005966,19.8763154]}},{"type":"Feature","properties":{"id":"india-osm-road-1293006283","name":"Ahmednagar Aurangabad Road"},"geometry":{"type":"Point","coordinates":[74.7443034,19.1030772]}},{"type":"Feature","properties":{"id":"india-osm-road-1293042380","name":"NH161E"},"geometry":{"type":"Point","coordinates":[77.14282904999999,20.0984732]}},{"type":"Feature","properties":{"id":"india-osm-road-1293063832","name":"Jind - Gohana - Sonipat Expressway"},"geometry":{"type":"Point","coordinates":[76.7397746,29.11766765]}},{"type":"Feature","properties":{"id":"india-osm-road-1293063907","name":"NH344P"},"geometry":{"type":"Point","coordinates":[76.95664049999999,28.9947726]}}]}