{"type":"FeatureCollection","features":[{"type":"Feature","properties":{"id":"india-osm-rail-station-963473439","name":"Kirandul","station_type":"railway_station","source_region":"central-zone","source_osm_id":"963473439"},"geometry":{"type":"Point","coordinates":[81.2598722,18.6389296]}},{"type":"Feature","properties":{"id":"india-osm-rail-station-1341653089","name":"Bacheli","station_type":"railway_station","source_region":"central-zone","source_osm_id":"1341653089"},"geometry":{"type":"Point","coordinates":[81.2387081,18.7038788]}},{"type":"Feature","properties":{"id":"india-osm-rail-station-7015013873","name":"Bhansi","station_type":"railway_station","source_region":"central-zone","source_osm_id":"7015013873"},"geometry":{"type":"Point","coordinates":[81.2650575,18.7769393]}},{"type":"Feature","properties":{"id":"india-osm-rail-station-7015037413","name":"Kamalur","station_type":"railway_station","source_region":"central-zone","source_osm_id":"7015037413"},"geometry":{"type":"Point","coordinates":[81.2779116,18.8550886]}},{"type":"Feature","properties":{"id":"india-osm-rail-station-1341653568","name":"Dantewara","station_type":"railway_station","source_region":"central-zone","source_osm_id":"1341653568"},"geometry":{"type":"Point","coordinates":[81.3557636,18.9080594]}},{"type":"Feature","properties":{"id":"india-osm-rail-station-7015031252","name":"Gidam","station_type":"railway_station","source_region":"central-zone","source_osm_id":"7015031252"},"geometry":{"type":"Point","coordinates":[81.4118936,18.9367331]}},{"type":"Feature","properties":{"id":"india-osm-rail-station-8920109060","name":"Antagarh","station_type":"railway_station","source_region":"central-zone","source_osm_id":"8920109060"},"geometry":{"type":"Point","coordinates":[81.139234,20.0933674]}},{"type":"Feature","properties":{"id":"india-osm-rail-station-8920341571","name":"Keoti","station_type":"railway_station","source_region":"central-zone","source_osm_id":"8920341571"},"geometry":{"type":"Point","coordinates":[81.0809214,20.2273032]}},{"type":"Feature","properties":{"id":"india-osm-rail-station-8920469890","name":"Bhanupratappur","station_type":"railway_station","source_region":"central-zone","source_osm_id":"8920469890"},"geometry":{"type":"Point","coordinates":[81.0647048,20.2974669]}},{"type":"Feature","properties":{"id":"india-osm-rail-station-8920562110","name":"Gudum","station_type":"railway_station","source_region":"central-zone","source_osm_id":"8920562110"},"geometry":{"type":"Point","coordinates":[81.0854801,20.4382179]}},{"type":"Feature","properties":{"id":"india-osm-rail-station-4584354426","name":"Kaklur","station_type":"railway_station","source_region":"central-zone","source_osm_id":"4584354426"},"geometry":{"type":"Point","coordinates":[81.6201906,18.8830889]}},{"type":"Feature","properties":{"id":"india-osm-rail-station-4585308401","name":"Kawargaon","station_type":"railway_station","source_region":"central-zone","source_osm_id":"4585308401"},"geometry":{"type":"Point","coordinates":[81.5336141,18.8967777]}},{"type":"Feature","properties":{"id":"india-osm-rail-station-4585308497","name":"Kumhar Sodra","station_type":"railway_station","source_region":"central-zone","source_osm_id":"4585308497"},"geometry":{"type":"Point","coordinates":[81.6862328,18.9198612]}},{"type":"Feature","properties":{"id":"india-osm-rail-station-7015018346","name":"Dabpal","station_type":"railway_station","source_region":"central-zone","source_osm_id":"7015018346"},"geometry":{"type":"Point","coordinates":[81.4891675,18.9284658]}},{"type":"Feature","properties":{"id":"india-osm-rail-station-4586940521","name":"Silak Jhori","station_type":"railway_station","source_region":"central-zone","source_osm_id":"4586940521"},"geometry":{"type":"Point","coordinates":[81.6708677,18.9775035]}},{"type":"Feature","properties":{"id":"india-osm-rail-station-2699884968","name":"Dilmili","station_type":"railway_station","source_region":"central-zone","source_osm_id":"2699884968"},"geometry":{"type":"Point","coordinates":[81.7374672,18.9880676]}},{"type":"Feature","properties":{"id":"india-osm-rail-station-4591390147","name":"Tokapal","station_type":"railway_station","source_region":"central-zone","source_osm_id":"4591390147"},"geometry":{"type":"Point","coordinates":[81.8785118,19.0067761]}},{"type":"Feature","properties":{"id":"india-osm-rail-station-4589943896","name":"Bade Arapur","station_type":"railway_station","source_region":"central-zone","source_osm_id":"4589943896"},"geometry":{"type":"Point","coordinates":[81.8293448,19.0129058]}},{"type":"Feature","properties":{"id":"india-osm-rail-station-2699885176","name":"Kumhar Maranga","station_type":"railway_station","source_region":"central-zone","source_osm_id":"2699885176"},"geometry":{"type":"Point","coordinates":[81.9466099,19.0349304]}},{"type":"Feature","properties":{"id":"india-osm-rail-station-7841078826","name":"Dhamtari","station_type":"railway_station","source_region":"central-zone","source_osm_id":"7841078826"},"geometry":{"type":"Point","coordinates":[81.5510027,20.7151908]}},{"type":"Feature","properties":{"id":"india-osm-rail-station-7011878554","name":"Ambagaon","station_type":"railway_station","source_region":"central-zone","source_osm_id":"7011878554"},"geometry":{"type":"Point","coordinates":[82.2408216,19.0615932]}},{"type":"Feature","properties":{"id":"india-osm-rail-station-4593325728","name":"Nakti Semara","station_type":"railway_station","source_region":"central-zone","source_osm_id":"4593325728"},"geometry":{"type":"Point","coordinates":[82.0736082,19.0620526]}},{"type":"Feature","properties":{"id":"india-osm-rail-station-963093130","name":"Jagdalpur","station_type":"railway_station","source_region":"central-zone","source_osm_id":"963093130"},"geometry":{"type":"Point","coordinates":[82.0139086,19.0665515]}},{"type":"Feature","properties":{"id":"india-osm-rail-station-4595407081","name":"Amagura","station_type":"railway_station","source_region":"central-zone","source_osm_id":"4595407081"},"geometry":{"type":"Point","coordinates":[82.1476968,19.068894]}},{"type":"Feature","properties":{"id":"india-osm-rail-station-13340251692","name":"Komakhan railway station","station_type":"railway_station","source_region":"central-zone","source_osm_id":"13340251692"},"geometry":{"type":"Point","coordinates":[82.4567674,20.9809357]}},{"type":"Feature","properties":{"id":"india-osm-rail-station-7859423061","name":"Bagbahra","station_type":"railway_station","source_region":"central-zone","source_osm_id":"7859423061"},"geometry":{"type":"Point","coordinates":[82.3838192,21.0465452]}},{"type":"Feature","properties":{"id":"india-osm-rail-station-7859423060","name":"Bhimkhoj","station_type":"railway_station","source_region":"central-zone","source_osm_id":"7859423060"},"geometry":{"type":"Point","coordinates":[82.2879705,21.0804408]}},{"type":"Feature","properties":{"id":"india-osm-rail-station-7859423059","name":"Arand","station_type":"railway_station","source_region":"central-zone","source_osm_id":"7859423059"},"geometry":{"type":"Point","coordinates":[82.1810093,21.1024504]}},{"type":"Feature","properties":{"id":"india-osm-rail-station-1342615316","name":"Mahasamund","station_type":"railway_station","source_region":"central-zone","source_osm_id":"1342615316"},"geometry":{"type":"Point","coordinates":[82.1044155,21.1132737]}},{"type":"Feature","properties":{"id":"india-osm-rail-station-7859294523","name":"Belsonda","station_type":"railway_station","source_region":"central-zone","source_osm_id":"7859294523"},"geometry":{"type":"Point","coordinates":[82.0354861,21.1543773]}},{"type":"Feature","properties":{"id":"india-osm-rail-station-8864106214","name":"Dalli Rajhara","station_type":"railway_station","source_region":"central-zone","source_osm_id":"8864106214"},"geometry":{"type":"Point","coordinates":[81.0684519,20.5875745]}},{"type":"Feature","properties":{"id":"india-osm-rail-station-8864106213","name":"Kusumkasa","station_type":"railway_station","source_region":"central-zone","source_osm_id":"8864106213"},"geometry":{"type":"Point","coordinates":[81.0913646,20.6443808]}},{"type":"Feature","properties":{"id":"india-osm-rail-station-8928280702","name":"Bhainsbod","station_type":"railway_station","source_region":"central-zone","source_osm_id":"8928280702"},"geometry":{"type":"Point","coordinates":[81.1263219,20.690334]}},{"type":"Feature","properties":{"id":"india-osm-rail-station-8864158342","name":"Balod","station_type":"railway_station","source_region":"central-zone","source_osm_id":"8864158342"},"geometry":{"type":"Point","coordinates":[81.2050704,20.7406872]}},{"type":"Feature","properties":{"id":"india-osm-rail-station-8930486498","name":"Latabor","station_type":"railway_station","source_region":"central-zone","source_osm_id":"8930486498"},"geometry":{"type":"Point","coordinates":[81.2685151,20.8022814]}},{"type":"Feature","properties":{"id":"india-osm-rail-station-8930525501","name":"Sikosa","station_type":"railway_station","source_region":"central-zone","source_osm_id":"8930525501"},"geometry":{"type":"Point","coordinates":[81.2859911,20.8687538]}},{"type":"Feature","properties":{"id":"india-osm-rail-station-8931096232","name":"Gundardehi","station_type":"railway_station","source_region":"central-zone","source_osm_id":"8931096232"},"geometry":{"type":"Point","coordinates":[81.3027804,20.9488379]}},{"type":"Feature","properties":{"id":"india-osm-rail-station-8931269018","name":"Risama","station_type":"railway_station","source_region":"central-zone","source_osm_id":"8931269018"},"geometry":{"type":"Point","coordinates":[81.3248563,21.0588884]}},{"type":"Feature","properties":{"id":"india-osm-rail-station-305234547","name":"Rajnandgaon","station_type":"railway_station","source_region":"central-zone","source_osm_id":"305234547"},"geometry":{"type":"Point","coordinates":[81.0379824,21.1014629]}},{"type":"Feature","properties":{"id":"india-osm-rail-station-6207958227","name":"Bakal","station_type":"railway_station","source_region":"central-zone","source_osm_id":"6207958227"},"geometry":{"type":"Point","coordinates":[80.9420965,21.1241261]}},{"type":"Feature","properties":{"id":"india-osm-rail-station-7841080697","name":"Sarsonpuri","station_type":"railway_station","source_region":"central-zone","source_osm_id":"7841080697"},"geometry":{"type":"Point","coordinates":[81.6386868,20.7811554]}},{"type":"Feature","properties":{"id":"india-osm-rail-station-7841080896","name":"Kurud","station_type":"railway_station","source_region":"central-zone","source_osm_id":"7841080896"},"geometry":{"type":"Point","coordinates":[81.7006485,20.8496568]}},{"type":"Feature","properties":{"id":"india-osm-rail-station-7840906584","name":"Sirry","station_type":"railway_station","source_region":"central-zone","source_osm_id":"7840906584"},"geometry":{"type":"Point","coordinates":[81.7225528,20.9496044]}},{"type":"Feature","properties":{"id":"india-osm-rail-station-7841107488","name":"Rajim","station_type":"railway_station","source_region":"central-zone","source_osm_id":"7841107488"},"geometry":{"type":"Point","coordinates":[81.8683054,20.9699416]}},{"type":"Feature","properties":{"id":"india-osm-rail-station-7840873780","name":"Chataud","station_type":"railway_station","source_region":"central-zone","source_osm_id":"7840873780"},"geometry":{"type":"Point","coordinates":[81.7316803,20.9905615]}},{"type":"Feature","properties":{"id":"india-osm-rail-station-7838121431","name":"Abhanpur Junction","station_type":"railway_station","source_region":"central-zone","source_osm_id":"7838121431"},"geometry":{"type":"Point","coordinates":[81.7454964,21.0520423]}},{"type":"Feature","properties":{"id":"india-osm-rail-station-7838140161","name":"Kendri","station_type":"railway_station","source_region":"central-zone","source_osm_id":"7838140161"},"geometry":{"type":"Point","coordinates":[81.7411418,21.1020957]}},{"type":"Feature","properties":{"id":"india-osm-rail-station-7838121410","name":"Bhatgaon","station_type":"railway_station","source_region":"central-zone","source_osm_id":"7838121410"},"geometry":{"type":"Point","coordinates":[81.7175075,21.1603106]}},{"type":"Feature","properties":{"id":"india-osm-rail-station-7859419707","name":"Arang Mahanadi","station_type":"railway_station","source_region":"central-zone","source_osm_id":"7859419707"},"geometry":{"type":"Point","coordinates":[81.9554683,21.1896061]}},{"type":"Feature","properties":{"id":"india-osm-rail-station-7838167561","name":"Mana","station_type":"railway_station","source_region":"central-zone","source_osm_id":"7838167561"},"geometry":{"type":"Point","coordinates":[81.7034246,21.1951492]}},{"type":"Feature","properties":{"id":"india-osm-rail-station-7859315564","name":"Lakholi","station_type":"railway_station","source_region":"central-zone","source_osm_id":"7859315564"},"geometry":{"type":"Point","coordinates":[81.8886043,21.2015273]}},{"type":"Feature","properties":{"id":"india-osm-rail-station-305287025","name":"Bhilai","station_type":"railway_station","source_region":"central-zone","source_osm_id":"305287025"},"geometry":{"type":"Point","coordinates":[81.4210875,21.2028719]}},{"type":"Feature","properties":{"id":"india-osm-rail-station-10823555697","name":"Naya Raipur","station_type":"railway_station","source_region":"central-zone","source_osm_id":"10823555697"},"geometry":{"type":"Point","coordinates":[81.8009055,21.2179257]}},{"type":"Feature","properties":{"id":"india-osm-rail-station-1342439572","name":"Mandir Hasaud","station_type":"railway_station","source_region":"central-zone","source_osm_id":"1342439572"},"geometry":{"type":"Point","coordinates":[81.7737601,21.2260053]}},{"type":"Feature","properties":{"id":"india-osm-rail-station-4025306966","name":"Telibandha","station_type":"railway_station","source_region":"central-zone","source_osm_id":"4025306966"},"geometry":{"type":"Point","coordinates":[81.6710617,21.2364995]}},{"type":"Feature","properties":{"id":"india-osm-rail-station-2517354334","name":"Kumhari","station_type":"railway_station","source_region":"central-zone","source_osm_id":"2517354334"},"geometry":{"type":"Point","coordinates":[81.5165046,21.2439562]}},{"type":"Feature","properties":{"id":"india-osm-rail-station-6208705959","name":"Sarona","station_type":"railway_station","source_region":"central-zone","source_osm_id":"6208705959"},"geometry":{"type":"Point","coordinates":[81.5738954,21.2531985]}},{"type":"Feature","properties":{"id":"india-osm-rail-station-2669102690","name":"Raipur Junction","station_type":"railway_station","source_region":"central-zone","source_osm_id":"2669102690"},"geometry":{"type":"Point","coordinates":[81.6302867,21.2577979]}},{"type":"Feature","properties":{"id":"india-osm-rail-station-6208802938","name":"Urkura","station_type":"railway_station","source_region":"central-zone","source_osm_id":"6208802938"},"geometry":{"type":"Point","coordinates":[81.650941,21.2972936]}},{"type":"Feature","properties":{"id":"india-osm-rail-station-6208802501","name":"Mandhar","station_type":"railway_station","source_region":"central-zone","source_osm_id":"6208802501"},"geometry":{"type":"Point","coordinates":[81.704706,21.3376302]}},{"type":"Feature","properties":{"id":"india-osm-rail-station-6208816704","name":"Silyari","station_type":"railway_station","source_region":"central-zone","source_osm_id":"6208816704"},"geometry":{"type":"Point","coordinates":[81.7554465,21.4260915]}},{"type":"Feature","properties":{"id":"india-osm-rail-station-910649559","name":"Tilda-Neora","station_type":"railway_station","source_region":"central-zone","source_osm_id":"910649559"},"geometry":{"type":"Point","coordinates":[81.7948676,21.5506694]}},{"type":"Feature","properties":{"id":"india-osm-rail-station-6194452540","name":"Hathbandh","station_type":"railway_station","source_region":"central-zone","source_osm_id":"6194452540"},"geometry":{"type":"Point","coordinates":[81.8458061,21.6313892]}},{"type":"Feature","properties":{"id":"india-osm-rail-station-910650778","name":"Bhatapara","station_type":"railway_station","source_region":"central-zone","source_osm_id":"910650778"},"geometry":{"type":"Point","coordinates":[81.9458317,21.7321358]}},{"type":"Feature","properties":{"id":"india-osm-rail-station-6233102792","name":"Khongsara","station_type":"railway_station","source_region":"central-zone","source_osm_id":"6233102792"},"geometry":{"type":"Point","coordinates":[81.9347048,22.5512946]}},{"type":"Feature","properties":{"id":"india-osm-rail-station-6233102791","name":"Bhanwar Tonk","station_type":"railway_station","source_region":"central-zone","source_osm_id":"6233102791"},"geometry":{"type":"Point","coordinates":[81.8972075,22.6083135]}},{"type":"Feature","properties":{"id":"india-osm-rail-station-6233102790","name":"Khodri","station_type":"railway_station","source_region":"central-zone","source_osm_id":"6233102790"},"geometry":{"type":"Point","coordinates":[81.9352037,22.6655365]}},{"type":"Feature","properties":{"id":"india-osm-rail-station-6233102789","name":"Sarbahara","station_type":"railway_station","source_region":"central-zone","source_osm_id":"6233102789"},"geometry":{"type":"Point","coordinates":[81.9105381,22.7102387]}},{"type":"Feature","properties":{"id":"india-osm-rail-station-910648800","name":"Pendra Road","station_type":"railway_station","source_region":"central-zone","source_osm_id":"910648800"},"geometry":{"type":"Point","coordinates":[81.8990005,22.7557672]}},{"type":"Feature","properties":{"id":"india-osm-rail-station-6233095462","name":"Harri","station_type":"railway_station","source_region":"central-zone","source_osm_id":"6233095462"},"geometry":{"type":"Point","coordinates":[81.882391,22.8273099]}},{"type":"Feature","properties":{"id":"india-osm-rail-station-6208689718","name":"Parmalkasa","station_type":"railway_station","source_region":"central-zone","source_osm_id":"6208689718"},"geometry":{"type":"Point","coordinates":[81.0994431,21.1406589]}},{"type":"Feature","properties":{"id":"india-osm-rail-station-4023345681","name":"Marauda","station_type":"railway_station","source_region":"central-zone","source_osm_id":"4023345681"},"geometry":{"type":"Point","coordinates":[81.3595966,21.1593614]}},{"type":"Feature","properties":{"id":"india-osm-rail-station-6208689419","name":"Murhipar","station_type":"railway_station","source_region":"central-zone","source_osm_id":"6208689419"},"geometry":{"type":"Point","coordinates":[81.1490182,21.1832482]}},{"type":"Feature","properties":{"id":"india-osm-rail-station-3163727758","name":"Durg Junction","station_type":"railway_station","source_region":"central-zone","source_osm_id":"3163727758"},"geometry":{"type":"Point","coordinates":[81.2915794,21.2000869]}},{"type":"Feature","properties":{"id":"india-osm-rail-station-305287020","name":"Bhilai Nagar","station_type":"railway_station","source_region":"central-zone","source_osm_id":"305287020"},"geometry":{"type":"Point","coordinates":[81.3352266,21.2011836]}},{"type":"Feature","properties":{"id":"india-osm-rail-station-6208689331","name":"Rasmara","station_type":"railway_station","source_region":"central-zone","source_osm_id":"6208689331"},"geometry":{"type":"Point","coordinates":[81.218363,21.2047879]}},{"type":"Feature","properties":{"id":"india-osm-rail-station-305287023","name":"Bhilai Power House","station_type":"railway_station","source_region":"central-zone","source_osm_id":"305287023"},"geometry":{"type":"Point","coordinates":[81.3758068,21.2082282]}},{"type":"Feature","properties":{"id":"india-osm-rail-station-6233935156","name":"Singhpur","station_type":"railway_station","source_region":"central-zone","source_osm_id":"6233935156"},"geometry":{"type":"Point","coordinates":[81.4079779,23.2542449]}},{"type":"Feature","properties":{"id":"india-osm-rail-station-1339609882","name":"Shahdol","station_type":"railway_station","source_region":"central-zone","source_osm_id":"1339609882"},"geometry":{"type":"Point","coordinates":[81.3648409,23.2859237]}},{"type":"Feature","properties":{"id":"india-osm-rail-station-6233935069","name":"Badhwabara","station_type":"railway_station","source_region":"central-zone","source_osm_id":"6233935069"},"geometry":{"type":"Point","coordinates":[81.2868547,23.2946437]}},{"type":"Feature","properties":{"id":"india-osm-rail-station-6207958597","name":"Musra","station_type":"railway_station","source_region":"central-zone","source_osm_id":"6207958597"},"geometry":{"type":"Point","coordinates":[80.8783518,21.1539631]}},{"type":"Feature","properties":{"id":"india-osm-rail-station-6207958598","name":"Jatkanhar","station_type":"railway_station","source_region":"central-zone","source_osm_id":"6207958598"},"geometry":{"type":"Point","coordinates":[80.8217651,21.1792347]}},{"type":"Feature","properties":{"id":"india-osm-rail-station-6207958577","name":"Paniajob","station_type":"railway_station","source_region":"central-zone","source_osm_id":"6207958577"},"geometry":{"type":"Point","coordinates":[80.6940708,21.1838413]}},{"type":"Feature","properties":{"id":"india-osm-rail-station-6207958576","name":"Dongargarh","station_type":"railway_station","source_region":"central-zone","source_osm_id":"6207958576"},"geometry":{"type":"Point","coordinates":[80.7612115,21.1851921]}},{"type":"Feature","properties":{"id":"india-osm-rail-station-6207958578","name":"Bortalao","station_type":"railway_station","source_region":"central-zone","source_osm_id":"6207958578"},"geometry":{"type":"Point","coordinates":[80.6261194,21.2181057]}},{"type":"Feature","properties":{"id":"india-osm-rail-station-10255269128","name":"Bamhani Banjar","station_type":"railway_station","source_region":"central-zone","source_osm_id":"10255269128"},"geometry":{"type":"Point","coordinates":[80.3627073,22.4781563]}},{"type":"Feature","properties":{"id":"india-osm-rail-station-1348539070","name":"Mandla Fort","station_type":"railway_station","source_region":"central-zone","source_osm_id":"1348539070"},"geometry":{"type":"Point","coordinates":[80.355496,22.5838579]}},{"type":"Feature","properties":{"id":"india-osm-rail-station-1339611805","name":"Umaria","station_type":"railway_station","source_region":"central-zone","source_osm_id":"1339611805"},"geometry":{"type":"Point","coordinates":[80.8226567,23.5230597]}},{"type":"Feature","properties":{"id":"india-osm-rail-station-6234116247","name":"Lorha","station_type":"railway_station","source_region":"central-zone","source_osm_id":"6234116247"},"geometry":{"type":"Point","coordinates":[80.751695,23.5811172]}},{"type":"Feature","properties":{"id":"india-osm-rail-station-6234116260","name":"Chandia Road","station_type":"railway_station","source_region":"central-zone","source_osm_id":"6234116260"},"geometry":{"type":"Point","coordinates":[80.7014036,23.6460426]}},{"type":"Feature","properties":{"id":"india-osm-rail-station-6233150100","name":"Venkatnagar","station_type":"railway_station","source_region":"central-zone","source_osm_id":"6233150100"},"geometry":{"type":"Point","coordinates":[81.8722147,22.9236]}},{"type":"Feature","properties":{"id":"india-osm-rail-station-6233149222","name":"Nigaura","station_type":"railway_station","source_region":"central-zone","source_osm_id":"6233149222"},"geometry":{"type":"Point","coordinates":[81.8674511,22.9886493]}},{"type":"Feature","properties":{"id":"india-osm-rail-station-6233149221","name":"Jaithari","station_type":"railway_station","source_region":"central-zone","source_osm_id":"6233149221"},"geometry":{"type":"Point","coordinates":[81.7967319,23.0449154]}},{"type":"Feature","properties":{"id":"india-osm-rail-station-6233149220","name":"Chhulha","station_type":"railway_station","source_region":"central-zone","source_osm_id":"6233149220"},"geometry":{"type":"Point","coordinates":[81.7407677,23.1026951]}},{"type":"Feature","properties":{"id":"india-osm-rail-station-1339609868","name":"Anuppur Junction","station_type":"railway_station","source_region":"central-zone","source_osm_id":"1339609868"},"geometry":{"type":"Point","coordinates":[81.6964695,23.1178762]}},{"type":"Feature","properties":{"id":"india-osm-rail-station-6237834304","name":"Mauhari","station_type":"railway_station","source_region":"central-zone","source_osm_id":"6237834304"},"geometry":{"type":"Point","coordinates":[81.7698294,23.1189104]}},{"type":"Feature","properties":{"id":"india-osm-rail-station-6237834293","name":"Dhurwasin","station_type":"railway_station","source_region":"central-zone","source_osm_id":"6237834293"},"geometry":{"type":"Point","coordinates":[81.8461597,23.1293445]}},{"type":"Feature","properties":{"id":"india-osm-rail-station-6237834292","name":"Harrad","station_type":"railway_station","source_region":"central-zone","source_osm_id":"6237834292"},"geometry":{"type":"Point","coordinates":[81.9039881,23.1612735]}},{"type":"Feature","properties":{"id":"india-osm-rail-station-1339610277","name":"Amlai","station_type":"railway_station","source_region":"central-zone","source_osm_id":"1339610277"},"geometry":{"type":"Point","coordinates":[81.5928891,23.1730884]}},{"type":"Feature","properties":{"id":"india-osm-rail-station-1339609871","name":"Burhar","station_type":"railway_station","source_region":"central-zone","source_osm_id":"1339609871"},"geometry":{"type":"Point","coordinates":[81.5285687,23.2126936]}},{"type":"Feature","properties":{"id":"india-osm-rail-station-10255315776","name":"Khara","station_type":"railway_station","source_region":"central-zone","source_osm_id":"10255315776"},"geometry":{"type":"Point","coordinates":[80.2038168,21.6651468]}},{"type":"Feature","properties":{"id":"india-osm-rail-station-10255315775","name":"Hatta Road","station_type":"railway_station","source_region":"central-zone","source_osm_id":"10255315775"},"geometry":{"type":"Point","coordinates":[80.2078579,21.7052761]}},{"type":"Feature","properties":{"id":"india-osm-rail-station-10255315774","name":"Kanhad Gaon","station_type":"railway_station","source_region":"central-zone","source_osm_id":"10255315774"},"geometry":{"type":"Point","coordinates":[80.2080949,21.7411956]}},{"type":"Feature","properties":{"id":"india-osm-rail-station-1730967518","name":"Waraseoni","station_type":"railway_station","source_region":"central-zone","source_osm_id":"1730967518"},"geometry":{"type":"Point","coordinates":[80.0575563,21.7712719]}},{"type":"Feature","properties":{"id":"india-osm-rail-station-4779561088","name":"Kaydi Halt","station_type":"railway_station","source_region":"central-zone","source_osm_id":"4779561088"},"geometry":{"type":"Point","coordinates":[80.1092929,21.7952658]}},{"type":"Feature","properties":{"id":"india-osm-rail-station-1730967730","name":"Saongi","station_type":"railway_station","source_region":"central-zone","source_osm_id":"1730967730"},"geometry":{"type":"Point","coordinates":[79.9980079,21.7968548]}},{"type":"Feature","properties":{"id":"india-osm-rail-station-4779561084","name":"Garra","station_type":"railway_station","source_region":"central-zone","source_osm_id":"4779561084"},"geometry":{"type":"Point","coordinates":[80.1470759,21.7999652]}},{"type":"Feature","properties":{"id":"india-osm-rail-station-10255315773","name":"Dhapewara","station_type":"railway_station","source_region":"central-zone","source_osm_id":"10255315773"},"geometry":{"type":"Point","coordinates":[80.1912445,21.8724198]}},{"type":"Feature","properties":{"id":"india-osm-rail-station-1356179743","name":"Samnapur","station_type":"railway_station","source_region":"central-zone","source_osm_id":"1356179743"},"geometry":{"type":"Point","coordinates":[80.1564209,21.9418764]}},{"type":"Feature","properties":{"id":"india-osm-rail-station-8999711325","name":"Magardharra Ph","station_type":"railway_station","source_region":"central-zone","source_osm_id":"8999711325"},"geometry":{"type":"Point","coordinates":[80.1253662,21.965479]}},{"type":"Feature","properties":{"id":"india-osm-rail-station-1678603004","name":"Gobarwahi","station_type":"railway_station","source_region":"central-zone","source_osm_id":"1678603004"},"geometry":{"type":"Point","coordinates":[79.7230923,21.5145756]}},{"type":"Feature","properties":{"id":"india-osm-rail-station-10255315781","name":"Sukli","station_type":"railway_station","source_region":"central-zone","source_osm_id":"10255315781"},"geometry":{"type":"Point","coordinates":[79.67784,21.6665432]}},{"type":"Feature","properties":{"id":"india-osm-rail-station-1678603009","name":"Tirodi","station_type":"railway_station","source_region":"central-zone","source_osm_id":"1678603009"},"geometry":{"type":"Point","coordinates":[79.7166802,21.6800861]}},{"type":"Feature","properties":{"id":"india-osm-rail-station-1730967300","name":"Katangi","station_type":"railway_station","source_region":"central-zone","source_osm_id":"1730967300"},"geometry":{"type":"Point","coordinates":[79.8099078,21.7654343]}},{"type":"Feature","properties":{"id":"india-osm-rail-station-1730967602","name":"Lakhanwara","station_type":"railway_station","source_region":"central-zone","source_osm_id":"1730967602"},"geometry":{"type":"Point","coordinates":[79.8738276,21.7851242]}},{"type":"Feature","properties":{"id":"india-osm-rail-station-1471841718","name":"Seoni","station_type":"railway_station","source_region":"central-zone","source_osm_id":"1471841718"},"geometry":{"type":"Point","coordinates":[79.5458969,22.0750701]}},{"type":"Feature","properties":{"id":"india-osm-rail-station-8999711332","name":"Bhoma","station_type":"railway_station","source_region":"central-zone","source_osm_id":"8999711332"},"geometry":{"type":"Point","coordinates":[79.689457,22.171372]}},{"type":"Feature","properties":{"id":"india-osm-rail-station-8999711328","name":"Kaniwara","station_type":"railway_station","source_region":"central-zone","source_osm_id":"8999711328"},"geometry":{"type":"Point","coordinates":[79.732914,22.218261]}},{"type":"Feature","properties":{"id":"india-osm-rail-station-8999711341","name":"Palari","station_type":"railway_station","source_region":"central-zone","source_osm_id":"8999711341"},"geometry":{"type":"Point","coordinates":[79.8170083,22.3023606]}},{"type":"Feature","properties":{"id":"india-osm-rail-station-6130405124","name":"Shikara","station_type":"railway_station","source_region":"central-zone","source_osm_id":"6130405124"},"geometry":{"type":"Point","coordinates":[79.85713,22.800178]}},{"type":"Feature","properties":{"id":"india-osm-rail-station-8999711331","name":"Titwa","station_type":"railway_station","source_region":"central-zone","source_osm_id":"8999711331"},"geometry":{"type":"Point","coordinates":[80.1389733,21.9959459]}},{"type":"Feature","properties":{"id":"india-osm-rail-station-10255315772","name":"Lamta","station_type":"railway_station","source_region":"central-zone","source_osm_id":"10255315772"},"geometry":{"type":"Point","coordinates":[80.1240503,22.1360187]}},{"type":"Feature","properties":{"id":"india-osm-rail-station-8999711343","name":"Nagarwara","station_type":"railway_station","source_region":"central-zone","source_osm_id":"8999711343"},"geometry":{"type":"Point","coordinates":[80.1232508,22.2119515]}},{"type":"Feature","properties":{"id":"india-osm-rail-station-1356180023","name":"Padriganj","station_type":"railway_station","source_region":"central-zone","source_osm_id":"1356180023"},"geometry":{"type":"Point","coordinates":[80.1138546,22.3166477]}},{"type":"Feature","properties":{"id":"india-osm-rail-station-2039093406","name":"Keolari","station_type":"railway_station","source_region":"central-zone","source_osm_id":"2039093406"},"geometry":{"type":"Point","coordinates":[79.9091741,22.3751368]}},{"type":"Feature","properties":{"id":"india-osm-rail-station-10255364074","name":"Bothiya","station_type":"railway_station","source_region":"central-zone","source_osm_id":"10255364074"},"geometry":{"type":"Point","coordinates":[79.9521432,22.3840657]}},{"type":"Feature","properties":{"id":"india-osm-rail-station-3668421749","name":"Gangatola","station_type":"railway_station","source_region":"central-zone","source_osm_id":"3668421749"},"geometry":{"type":"Point","coordinates":[79.9948167,22.4049129]}},{"type":"Feature","properties":{"id":"india-osm-rail-station-3664195352","name":"Rampuri","station_type":"railway_station","source_region":"central-zone","source_osm_id":"3664195352"},"geometry":{"type":"Point","coordinates":[80.2549645,22.4089674]}},{"type":"Feature","properties":{"id":"india-osm-rail-station-6130405199","name":"Chiraidongri","station_type":"railway_station","source_region":"central-zone","source_osm_id":"6130405199"},"geometry":{"type":"Point","coordinates":[80.287392,22.4112801]}},{"type":"Feature","properties":{"id":"india-osm-rail-station-3664195350","name":"Jamgaon","station_type":"railway_station","source_region":"central-zone","source_osm_id":"3664195350"},"geometry":{"type":"Point","coordinates":[80.19791,22.4188607]}},{"type":"Feature","properties":{"id":"india-osm-rail-station-10255364075","name":"Khairranji","station_type":"railway_station","source_region":"central-zone","source_osm_id":"10255364075"},"geometry":{"type":"Point","coordinates":[80.0462839,22.4206732]}},{"type":"Feature","properties":{"id":"india-osm-rail-station-3664195348","name":"Dhatura Alipur","station_type":"railway_station","source_region":"central-zone","source_osm_id":"3664195348"},"geometry":{"type":"Point","coordinates":[80.1687578,22.4240314]}},{"type":"Feature","properties":{"id":"india-osm-rail-station-1356179443","name":"Nainpur Junction","station_type":"railway_station","source_region":"central-zone","source_osm_id":"1356179443"},"geometry":{"type":"Point","coordinates":[80.1094709,22.4258293]}},{"type":"Feature","properties":{"id":"india-osm-rail-station-3658338005","name":"Jeonara","station_type":"railway_station","source_region":"central-zone","source_osm_id":"3658338005"},"geometry":{"type":"Point","coordinates":[80.084197,22.4643974]}},{"type":"Feature","properties":{"id":"india-osm-rail-station-2022061990","name":"Pindrai","station_type":"railway_station","source_region":"central-zone","source_osm_id":"2022061990"},"geometry":{"type":"Point","coordinates":[80.0467499,22.5122384]}},{"type":"Feature","properties":{"id":"india-osm-rail-station-6130404856","name":"Nidhani","station_type":"railway_station","source_region":"central-zone","source_osm_id":"6130404856"},"geometry":{"type":"Point","coordinates":[79.982121,22.6077911]}},{"type":"Feature","properties":{"id":"india-osm-rail-station-6130404835","name":"Ghunsore","station_type":"railway_station","source_region":"central-zone","source_osm_id":"6130404835"},"geometry":{"type":"Point","coordinates":[79.9545903,22.6556304]}},{"type":"Feature","properties":{"id":"india-osm-rail-station-2022061986","name":"Binaiki","station_type":"railway_station","source_region":"central-zone","source_osm_id":"2022061986"},"geometry":{"type":"Point","coordinates":[79.9031003,22.7197702]}},{"type":"Feature","properties":{"id":"india-osm-rail-station-1356363525","name":"Charghat Pipari","station_type":"railway_station","source_region":"central-zone","source_osm_id":"1356363525"},"geometry":{"type":"Point","coordinates":[79.9237256,23.0381586]}},{"type":"Feature","properties":{"id":"india-osm-rail-station-6130404784","name":"Gwarighat","station_type":"railway_station","source_region":"central-zone","source_osm_id":"6130404784"},"geometry":{"type":"Point","coordinates":[79.9377557,23.1099932]}},{"type":"Feature","properties":{"id":"india-osm-rail-station-6130402682","name":"Devri P.H.","station_type":"railway_station","source_region":"central-zone","source_osm_id":"6130402682"},"geometry":{"type":"Point","coordinates":[79.8336954,22.8413006]}},{"type":"Feature","properties":{"id":"india-osm-rail-station-6130402681","name":"Kaladehi","station_type":"railway_station","source_region":"central-zone","source_osm_id":"6130402681"},"geometry":{"type":"Point","coordinates":[79.8349335,22.8820854]}},{"type":"Feature","properties":{"id":"india-osm-rail-station-6130402683","name":"Sukrimangela","station_type":"railway_station","source_region":"central-zone","source_osm_id":"6130402683"},"geometry":{"type":"Point","coordinates":[79.8346206,22.9071106]}},{"type":"Feature","properties":{"id":"india-osm-rail-station-2053311072","name":"Ghatpindrai","station_type":"railway_station","source_region":"central-zone","source_osm_id":"2053311072"},"geometry":{"type":"Point","coordinates":[79.2662487,22.9519905]}},{"type":"Feature","properties":{"id":"india-osm-rail-station-2181519936","name":"Belkhera","station_type":"railway_station","source_region":"central-zone","source_osm_id":"2181519936"},"geometry":{"type":"Point","coordinates":[79.3017398,22.9825584]}},{"type":"Feature","properties":{"id":"india-osm-rail-station-910326299","name":"Karakbel","station_type":"railway_station","source_region":"central-zone","source_osm_id":"910326299"},"geometry":{"type":"Point","coordinates":[79.3413121,22.9920078]}},{"type":"Feature","properties":{"id":"india-osm-rail-station-6130405037","name":"Bargi","station_type":"railway_station","source_region":"central-zone","source_osm_id":"6130405037"},"geometry":{"type":"Point","coordinates":[79.872322,22.9939898]}},{"type":"Feature","properties":{"id":"india-osm-rail-station-910326425","name":"Shridham","station_type":"railway_station","source_region":"central-zone","source_osm_id":"910326425"},"geometry":{"type":"Point","coordinates":[79.4847835,23.0345654]}},{"type":"Feature","properties":{"id":"india-osm-rail-station-2053311018","name":"Bikrampur","station_type":"railway_station","source_region":"central-zone","source_osm_id":"2053311018"},"geometry":{"type":"Point","coordinates":[79.5867373,23.0824143]}},{"type":"Feature","properties":{"id":"india-osm-rail-station-7437858782","name":"Garha","station_type":"railway_station","source_region":"central-zone","source_osm_id":"7437858782"},"geometry":{"type":"Point","coordinates":[79.8647065,23.1414003]}},{"type":"Feature","properties":{"id":"india-osm-rail-station-910326413","name":"Kareli","station_type":"railway_station","source_region":"central-zone","source_osm_id":"910326413"},"geometry":{"type":"Point","coordinates":[79.0666841,22.9322525]}},{"type":"Feature","properties":{"id":"india-osm-rail-station-910326419","name":"Narsinghpur","station_type":"railway_station","source_region":"central-zone","source_osm_id":"910326419"},"geometry":{"type":"Point","coordinates":[79.2142889,22.9431778]}},{"type":"Feature","properties":{"id":"india-osm-rail-station-6231714366","name":"Girwar","station_type":"railway_station","source_region":"central-zone","source_osm_id":"6231714366"},"geometry":{"type":"Point","coordinates":[78.9717479,23.8328384]}},{"type":"Feature","properties":{"id":"india-osm-rail-station-6231608343","name":"Ratona","station_type":"railway_station","source_region":"central-zone","source_osm_id":"6231608343"},"geometry":{"type":"Point","coordinates":[78.6848223,23.8351437]}},{"type":"Feature","properties":{"id":"india-osm-rail-station-12176601319","name":"Saugor Railway Station P...... 2","station_type":"railway_station","source_region":"central-zone","source_osm_id":"12176601319"},"geometry":{"type":"Point","coordinates":[78.7443335,23.8472026]}},{"type":"Feature","properties":{"id":"india-osm-rail-station-806523964","name":"Saugor","station_type":"railway_station","source_region":"central-zone","source_osm_id":"806523964"},"geometry":{"type":"Point","coordinates":[78.7433318,23.8477612]}},{"type":"Feature","properties":{"id":"india-osm-rail-station-12176592915","name":"Saugor Railway Station","station_type":"railway_station","source_region":"central-zone","source_osm_id":"12176592915"},"geometry":{"type":"Point","coordinates":[78.7432224,23.8479244]}},{"type":"Feature","properties":{"id":"india-osm-rail-station-6231689196","name":"Lidhora Khurd","station_type":"railway_station","source_region":"central-zone","source_osm_id":"6231689196"},"geometry":{"type":"Point","coordinates":[78.8761182,23.8521819]}},{"type":"Feature","properties":{"id":"india-osm-rail-station-1615492456","name":"Makronia","station_type":"railway_station","source_region":"central-zone","source_osm_id":"1615492456"},"geometry":{"type":"Point","coordinates":[78.8092275,23.866567]}},{"type":"Feature","properties":{"id":"india-osm-rail-station-6231721055","name":"Dangidahar","station_type":"railway_station","source_region":"central-zone","source_osm_id":"6231721055"},"geometry":{"type":"Point","coordinates":[79.0182276,23.8689625]}},{"type":"Feature","properties":{"id":"india-osm-rail-station-2039146219","name":"Bhitoni","station_type":"railway_station","source_region":"central-zone","source_osm_id":"2039146219"},"geometry":{"type":"Point","coordinates":[79.6732636,23.1422323]}},{"type":"Feature","properties":{"id":"india-osm-rail-station-910326306","name":"Bheraghat","station_type":"railway_station","source_region":"central-zone","source_osm_id":"910326306"},"geometry":{"type":"Point","coordinates":[79.7977655,23.1697783]}},{"type":"Feature","properties":{"id":"india-osm-rail-station-910326329","name":"Kachhpura","station_type":"railway_station","source_region":"central-zone","source_osm_id":"910326329"},"geometry":{"type":"Point","coordinates":[79.8988817,23.1707354]}},{"type":"Feature","properties":{"id":"india-osm-rail-station-6231774675","name":"Golapatti","station_type":"railway_station","source_region":"central-zone","source_osm_id":"6231774675"},"geometry":{"type":"Point","coordinates":[79.7455548,23.7979364]}},{"type":"Feature","properties":{"id":"india-osm-rail-station-2040586650","name":"Sagoni","station_type":"railway_station","source_region":"central-zone","source_osm_id":"2040586650"},"geometry":{"type":"Point","coordinates":[79.811376,23.8114468]}},{"type":"Feature","properties":{"id":"india-osm-rail-station-6231763879","name":"Ghatera","station_type":"railway_station","source_region":"central-zone","source_osm_id":"6231763879"},"geometry":{"type":"Point","coordinates":[79.673612,23.8297833]}},{"type":"Feature","properties":{"id":"india-osm-rail-station-907082996","name":"Damoh","station_type":"railway_station","source_region":"central-zone","source_osm_id":"907082996"},"geometry":{"type":"Point","coordinates":[79.4321389,23.8360587]}},{"type":"Feature","properties":{"id":"india-osm-rail-station-6231788697","name":"Ratangaon","station_type":"railway_station","source_region":"central-zone","source_osm_id":"6231788697"},"geometry":{"type":"Point","coordinates":[79.902137,23.8366822]}},{"type":"Feature","properties":{"id":"india-osm-rail-station-6231758036","name":"Bandakpur","station_type":"railway_station","source_region":"central-zone","source_osm_id":"6231758036"},"geometry":{"type":"Point","coordinates":[79.5754335,23.8480944]}},{"type":"Feature","properties":{"id":"india-osm-rail-station-6231757846","name":"Karhiya Bhadoli","station_type":"railway_station","source_region":"central-zone","source_osm_id":"6231757846"},"geometry":{"type":"Point","coordinates":[79.5049771,23.8583366]}},{"type":"Feature","properties":{"id":"india-osm-rail-station-1168937836","name":"Madan Mahal","station_type":"railway_station","source_region":"central-zone","source_osm_id":"1168937836"},"geometry":{"type":"Point","coordinates":[79.9207952,23.160281]}},{"type":"Feature","properties":{"id":"india-osm-rail-station-2669094330","name":"Jabalpur","station_type":"railway_station","source_region":"central-zone","source_osm_id":"2669094330"},"geometry":{"type":"Point","coordinates":[79.9512511,23.1649573]}},{"type":"Feature","properties":{"id":"india-osm-rail-station-2052018864","name":"Adhartal","station_type":"railway_station","source_region":"central-zone","source_osm_id":"2052018864"},"geometry":{"type":"Point","coordinates":[79.9729185,23.2279581]}},{"type":"Feature","properties":{"id":"india-osm-rail-station-2052019000","name":"Deori","station_type":"railway_station","source_region":"central-zone","source_osm_id":"2052019000"},"geometry":{"type":"Point","coordinates":[80.0094726,23.2983492]}},{"type":"Feature","properties":{"id":"india-osm-rail-station-910326348","name":"Gosalpur","station_type":"railway_station","source_region":"central-zone","source_osm_id":"910326348"},"geometry":{"type":"Point","coordinates":[80.05918,23.3817347]}},{"type":"Feature","properties":{"id":"india-osm-rail-station-2052019286","name":"Sihora Road","station_type":"railway_station","source_region":"central-zone","source_osm_id":"2052019286"},"geometry":{"type":"Point","coordinates":[80.1098326,23.4669937]}},{"type":"Feature","properties":{"id":"india-osm-rail-station-910326514","name":"Dundi","station_type":"railway_station","source_region":"central-zone","source_osm_id":"910326514"},"geometry":{"type":"Point","coordinates":[80.2173229,23.5575248]}},{"type":"Feature","properties":{"id":"india-osm-rail-station-2052019291","name":"Sleemanabad Road","station_type":"railway_station","source_region":"central-zone","source_osm_id":"2052019291"},"geometry":{"type":"Point","coordinates":[80.2853687,23.6146187]}},{"type":"Feature","properties":{"id":"india-osm-rail-station-6653413345","name":"Sansarpur","station_type":"railway_station","source_region":"central-zone","source_osm_id":"6653413345"},"geometry":{"type":"Point","coordinates":[80.3306014,23.6600044]}},{"type":"Feature","properties":{"id":"india-osm-rail-station-2040990334","name":"Salaia","station_type":"railway_station","source_region":"central-zone","source_osm_id":"2040990334"},"geometry":{"type":"Point","coordinates":[79.9707502,23.847144]}},{"type":"Feature","properties":{"id":"india-osm-rail-station-6234255865","name":"Vilayatkalan Road","station_type":"railway_station","source_region":"central-zone","source_osm_id":"6234255865"},"geometry":{"type":"Point","coordinates":[80.6364861,23.701412]}},{"type":"Feature","properties":{"id":"india-osm-rail-station-2052018840","name":"Niwar","station_type":"railway_station","source_region":"central-zone","source_osm_id":"2052018840"},"geometry":{"type":"Point","coordinates":[80.3697679,23.719549]}},{"type":"Feature","properties":{"id":"india-osm-rail-station-6234255866","name":"Rupaund","station_type":"railway_station","source_region":"central-zone","source_osm_id":"6234255866"},"geometry":{"type":"Point","coordinates":[80.5764824,23.7303696]}},{"type":"Feature","properties":{"id":"india-osm-rail-station-6234272829","name":"Lakhakhera","station_type":"railway_station","source_region":"central-zone","source_osm_id":"6234272829"},"geometry":{"type":"Point","coordinates":[80.5643555,23.7607336]}},{"type":"Feature","properties":{"id":"india-osm-rail-station-1339609874","name":"Jhalwara","station_type":"railway_station","source_region":"central-zone","source_osm_id":"1339609874"},"geometry":{"type":"Point","coordinates":[80.4742176,23.7724728]}},{"type":"Feature","properties":{"id":"india-osm-rail-station-6234255864","name":"Katangi Khurd","station_type":"railway_station","source_region":"central-zone","source_osm_id":"6234255864"},"geometry":{"type":"Point","coordinates":[80.484885,23.7763516]}},{"type":"Feature","properties":{"id":"india-osm-rail-station-907773812","name":"Madhavnagar Road","station_type":"railway_station","source_region":"central-zone","source_osm_id":"907773812"},"geometry":{"type":"Point","coordinates":[80.3944061,23.7872221]}},{"type":"Feature","properties":{"id":"india-osm-rail-station-6234255836","name":"New Katni Junction","station_type":"railway_station","source_region":"central-zone","source_osm_id":"6234255836"},"geometry":{"type":"Point","coordinates":[80.4294223,23.8044778]}},{"type":"Feature","properties":{"id":"india-osm-rail-station-6236585921","name":"Salhana","station_type":"railway_station","source_region":"central-zone","source_osm_id":"6236585921"},"geometry":{"type":"Point","coordinates":[80.6389643,23.8054747]}},{"type":"Feature","properties":{"id":"india-osm-rail-station-2048214334","name":"Katni South","station_type":"railway_station","source_region":"central-zone","source_osm_id":"2048214334"},"geometry":{"type":"Point","coordinates":[80.4009324,23.8165966]}},{"type":"Feature","properties":{"id":"india-osm-rail-station-907765926","name":"Katni Murwara","station_type":"railway_station","source_region":"central-zone","source_osm_id":"907765926"},"geometry":{"type":"Point","coordinates":[80.3916466,23.8313686]}},{"type":"Feature","properties":{"id":"india-osm-rail-station-907078033","name":"Katni Junction","station_type":"railway_station","source_region":"central-zone","source_osm_id":"907078033"},"geometry":{"type":"Point","coordinates":[80.4006981,23.8347633]}},{"type":"Feature","properties":{"id":"india-osm-rail-station-6236585922","name":"Pipariya Kalan","station_type":"railway_station","source_region":"central-zone","source_osm_id":"6236585922"},"geometry":{"type":"Point","coordinates":[80.729856,23.855429]}},{"type":"Feature","properties":{"id":"india-osm-rail-station-6236585941","name":"Khanna Banjari","station_type":"railway_station","source_region":"central-zone","source_osm_id":"6236585941"},"geometry":{"type":"Point","coordinates":[80.8225429,23.8967263]}},{"type":"Feature","properties":{"id":"india-osm-rail-station-6235943888","name":"Patwara","station_type":"railway_station","source_region":"central-zone","source_osm_id":"6235943888"},"geometry":{"type":"Point","coordinates":[80.4137152,23.9138274]}},{"type":"Feature","properties":{"id":"india-osm-rail-station-1339609875","name":"Jukehi","station_type":"railway_station","source_region":"central-zone","source_osm_id":"1339609875"},"geometry":{"type":"Point","coordinates":[80.4324882,23.9858153]}},{"type":"Feature","properties":{"id":"india-osm-rail-station-6235943742","name":"Pakaria Road","station_type":"railway_station","source_region":"central-zone","source_osm_id":"6235943742"},"geometry":{"type":"Point","coordinates":[80.501048,24.0476642]}},{"type":"Feature","properties":{"id":"india-osm-rail-station-6653481687","name":"Amdara","station_type":"railway_station","source_region":"central-zone","source_osm_id":"6653481687"},"geometry":{"type":"Point","coordinates":[80.577854,24.0994804]}},{"type":"Feature","properties":{"id":"india-osm-rail-station-13362070384","name":"Ghunwara Railway Station","station_type":"railway_station","source_region":"central-zone","source_osm_id":"13362070384"},"geometry":{"type":"Point","coordinates":[80.6303889,24.1344686]}},{"type":"Feature","properties":{"id":"india-osm-rail-station-6235943740","name":"Bhadanpur","station_type":"railway_station","source_region":"central-zone","source_osm_id":"6235943740"},"geometry":{"type":"Point","coordinates":[80.6779396,24.1667042]}},{"type":"Feature","properties":{"id":"india-osm-rail-station-8678292783","name":"test sation","station_type":"railway_station","source_region":"central-zone","source_osm_id":"8678292783"},"geometry":{"type":"Point","coordinates":[82.794235,21.8351502]}},{"type":"Feature","properties":{"id":"india-osm-rail-station-13477516452","name":"demo railway","station_type":"railway_station","source_region":"central-zone","source_osm_id":"13477516452"},"geometry":{"type":"Point","coordinates":[82.7806606,21.8416979]}},{"type":"Feature","properties":{"id":"india-osm-rail-station-2051378372","name":"Bhupdeopur","station_type":"railway_station","source_region":"central-zone","source_osm_id":"2051378372"},"geometry":{"type":"Point","coordinates":[83.2592519,21.974827]}},{"type":"Feature","properties":{"id":"india-osm-rail-station-2051378375","name":"Robertson","station_type":"railway_station","source_region":"central-zone","source_osm_id":"2051378375"},"geometry":{"type":"Point","coordinates":[83.1832083,21.9892452]}},{"type":"Feature","properties":{"id":"india-osm-rail-station-1342615461","name":"Kharsia","station_type":"railway_station","source_region":"central-zone","source_osm_id":"1342615461"},"geometry":{"type":"Point","coordinates":[83.1040855,21.9920491]}},{"type":"Feature","properties":{"id":"india-osm-rail-station-6210143649","name":"Jharadih","station_type":"railway_station","source_region":"central-zone","source_osm_id":"6210143649"},"geometry":{"type":"Point","coordinates":[83.049222,22.0004143]}},{"type":"Feature","properties":{"id":"india-osm-rail-station-6092452232","name":"Baradwar","station_type":"railway_station","source_region":"central-zone","source_osm_id":"6092452232"},"geometry":{"type":"Point","coordinates":[82.8127168,22.011794]}},{"type":"Feature","properties":{"id":"india-osm-rail-station-2517867401","name":"Sakti","station_type":"railway_station","source_region":"central-zone","source_osm_id":"2517867401"},"geometry":{"type":"Point","coordinates":[82.955565,22.0119045]}},{"type":"Feature","properties":{"id":"india-osm-rail-station-7185233149","name":"Saragaon Deori","station_type":"railway_station","source_region":"central-zone","source_osm_id":"7185233149"},"geometry":{"type":"Point","coordinates":[82.7423585,22.0208239]}},{"type":"Feature","properties":{"id":"india-osm-rail-station-1342615534","name":"Champa Junction","station_type":"railway_station","source_region":"central-zone","source_osm_id":"1342615534"},"geometry":{"type":"Point","coordinates":[82.6652117,22.0348235]}},{"type":"Feature","properties":{"id":"india-osm-rail-station-2517519254","name":"Nipania","station_type":"railway_station","source_region":"central-zone","source_osm_id":"2517519254"},"geometry":{"type":"Point","coordinates":[82.0447137,21.8262348]}},{"type":"Feature","properties":{"id":"india-osm-rail-station-6208854254","name":"Dagori","station_type":"railway_station","source_region":"central-zone","source_osm_id":"6208854254"},"geometry":{"type":"Point","coordinates":[82.0693241,21.9057504]}},{"type":"Feature","properties":{"id":"india-osm-rail-station-6208853570","name":"Belha","station_type":"railway_station","source_region":"central-zone","source_osm_id":"6208853570"},"geometry":{"type":"Point","coordinates":[82.0766837,21.9611133]}},{"type":"Feature","properties":{"id":"india-osm-rail-station-6208853551","name":"Chakarbhata","station_type":"railway_station","source_region":"central-zone","source_osm_id":"6208853551"},"geometry":{"type":"Point","coordinates":[82.1114152,22.0027016]}},{"type":"Feature","properties":{"id":"india-osm-rail-station-2432212337","name":"Janjgir Naila","station_type":"railway_station","source_region":"central-zone","source_osm_id":"2432212337"},"geometry":{"type":"Point","coordinates":[82.565318,22.0229287]}},{"type":"Feature","properties":{"id":"india-osm-rail-station-6208936696","name":"Dadhapara","station_type":"railway_station","source_region":"central-zone","source_osm_id":"6208936696"},"geometry":{"type":"Point","coordinates":[82.1232987,22.0280074]}},{"type":"Feature","properties":{"id":"india-osm-rail-station-2517663156","name":"Akaltara","station_type":"railway_station","source_region":"central-zone","source_osm_id":"2517663156"},"geometry":{"type":"Point","coordinates":[82.422475,22.0291459]}},{"type":"Feature","properties":{"id":"india-osm-rail-station-2517663263","name":"Jairamnagar","station_type":"railway_station","source_region":"central-zone","source_osm_id":"2517663263"},"geometry":{"type":"Point","coordinates":[82.2972681,22.0336807]}},{"type":"Feature","properties":{"id":"india-osm-rail-station-6208942029","name":"Gatora","station_type":"railway_station","source_region":"central-zone","source_osm_id":"6208942029"},"geometry":{"type":"Point","coordinates":[82.2275735,22.0532404]}},{"type":"Feature","properties":{"id":"india-osm-rail-station-746639594","name":"Bilaspur Junction","station_type":"railway_station","source_region":"central-zone","source_osm_id":"746639594"},"geometry":{"type":"Point","coordinates":[82.1707668,22.0561021]}},{"type":"Feature","properties":{"id":"india-osm-rail-station-6856545949","name":"Uslapur","station_type":"railway_station","source_region":"central-zone","source_osm_id":"6856545949"},"geometry":{"type":"Point","coordinates":[82.1123716,22.1022936]}},{"type":"Feature","properties":{"id":"india-osm-rail-station-6233102987","name":"Ghutku","station_type":"railway_station","source_region":"central-zone","source_osm_id":"6233102987"},"geometry":{"type":"Point","coordinates":[82.0860431,22.1665362]}},{"type":"Feature","properties":{"id":"india-osm-rail-station-5071576281","name":"Kalmitar","station_type":"railway_station","source_region":"central-zone","source_osm_id":"5071576281"},"geometry":{"type":"Point","coordinates":[82.0577055,22.2347891]}},{"type":"Feature","properties":{"id":"india-osm-rail-station-6093176806","name":"Kargi Road","station_type":"railway_station","source_region":"central-zone","source_osm_id":"6093176806"},"geometry":{"type":"Point","coordinates":[82.0265105,22.2975646]}},{"type":"Feature","properties":{"id":"india-osm-rail-station-1497376348","name":"Gevra Road","station_type":"railway_station","source_region":"central-zone","source_osm_id":"1497376348"},"geometry":{"type":"Point","coordinates":[82.6462063,22.3491933]}},{"type":"Feature","properties":{"id":"india-osm-rail-station-3098756316","name":"Salkaroad","station_type":"railway_station","source_region":"central-zone","source_osm_id":"3098756316"},"geometry":{"type":"Point","coordinates":[82.0104048,22.3661846]}},{"type":"Feature","properties":{"id":"india-osm-rail-station-6093176807","name":"Belgahna","station_type":"railway_station","source_region":"central-zone","source_osm_id":"6093176807"},"geometry":{"type":"Point","coordinates":[82.0324464,22.4312407]}},{"type":"Feature","properties":{"id":"india-osm-rail-station-6233102807","name":"Tenganmada","station_type":"railway_station","source_region":"central-zone","source_osm_id":"6233102807"},"geometry":{"type":"Point","coordinates":[81.9955534,22.5075864]}},{"type":"Feature","properties":{"id":"india-osm-rail-station-6239266877","name":"Paradol","station_type":"railway_station","source_region":"central-zone","source_osm_id":"6239266877"},"geometry":{"type":"Point","coordinates":[82.2647345,23.1867994]}},{"type":"Feature","properties":{"id":"india-osm-rail-station-910649003","name":"Chirmiri","station_type":"railway_station","source_region":"central-zone","source_osm_id":"910649003"},"geometry":{"type":"Point","coordinates":[82.3498026,23.1898407]}},{"type":"Feature","properties":{"id":"india-osm-rail-station-6210144001","name":"Kothari Road","station_type":"railway_station","source_region":"central-zone","source_osm_id":"6210144001"},"geometry":{"type":"Point","coordinates":[82.6958829,22.1295291]}},{"type":"Feature","properties":{"id":"india-osm-rail-station-6210144000","name":"Madwarani","station_type":"railway_station","source_region":"central-zone","source_osm_id":"6210144000"},"geometry":{"type":"Point","coordinates":[82.7117032,22.16595]}},{"type":"Feature","properties":{"id":"india-osm-rail-station-2049342120","name":"Saragbundia","station_type":"railway_station","source_region":"central-zone","source_osm_id":"2049342120"},"geometry":{"type":"Point","coordinates":[82.7328694,22.2137774]}},{"type":"Feature","properties":{"id":"india-osm-rail-station-2049342119","name":"Urga","station_type":"railway_station","source_region":"central-zone","source_osm_id":"2049342119"},"geometry":{"type":"Point","coordinates":[82.7363852,22.2688918]}},{"type":"Feature","properties":{"id":"india-osm-rail-station-8977333310","name":"Korba","station_type":"railway_station","source_region":"central-zone","source_osm_id":"8977333310"},"geometry":{"type":"Point","coordinates":[82.7131033,22.3375749]}},{"type":"Feature","properties":{"id":"india-osm-rail-station-13577417615","name":"Dharamjaigarh Road","station_type":"railway_station","source_region":"central-zone","source_osm_id":"13577417615"},"geometry":{"type":"Point","coordinates":[83.1718871,22.4239394]}},{"type":"Feature","properties":{"id":"india-osm-rail-station-9469583527","name":"Ambikapur","station_type":"railway_station","source_region":"central-zone","source_osm_id":"9469583527"},"geometry":{"type":"Point","coordinates":[83.1440122,23.1368268]}},{"type":"Feature","properties":{"id":"india-osm-rail-station-6239687226","name":"Kamalpurgram","station_type":"railway_station","source_region":"central-zone","source_osm_id":"6239687226"},"geometry":{"type":"Point","coordinates":[83.07091,23.1710584]}},{"type":"Feature","properties":{"id":"india-osm-rail-station-910781039","name":"Bishrampur","station_type":"railway_station","source_region":"central-zone","source_osm_id":"910781039"},"geometry":{"type":"Point","coordinates":[82.9827661,23.1791342]}},{"type":"Feature","properties":{"id":"india-osm-rail-station-910780882","name":"Karonji","station_type":"railway_station","source_region":"central-zone","source_osm_id":"910780882"},"geometry":{"type":"Point","coordinates":[82.9339193,23.2780201]}},{"type":"Feature","properties":{"id":"india-osm-rail-station-910651690","name":"Kotma","station_type":"railway_station","source_region":"central-zone","source_osm_id":"910651690"},"geometry":{"type":"Point","coordinates":[81.9791065,23.2026932]}},{"type":"Feature","properties":{"id":"india-osm-rail-station-1339632899","name":"Manendragarh","station_type":"railway_station","source_region":"central-zone","source_osm_id":"1339632899"},"geometry":{"type":"Point","coordinates":[82.1977605,23.21946]}},{"type":"Feature","properties":{"id":"india-osm-rail-station-6237834166","name":"Baihatola","station_type":"railway_station","source_region":"central-zone","source_osm_id":"6237834166"},"geometry":{"type":"Point","coordinates":[82.0505708,23.2293752]}},{"type":"Feature","properties":{"id":"india-osm-rail-station-910781008","name":"Tiger Hill","station_type":"railway_station","source_region":"central-zone","source_osm_id":"910781008"},"geometry":{"type":"Point","coordinates":[82.3892976,23.2402788]}},{"type":"Feature","properties":{"id":"india-osm-rail-station-910651036","name":"Bijuri","station_type":"railway_station","source_region":"central-zone","source_osm_id":"910651036"},"geometry":{"type":"Point","coordinates":[82.1196369,23.2512046]}},{"type":"Feature","properties":{"id":"india-osm-rail-station-6239267004","name":"Boridand Junction","station_type":"railway_station","source_region":"central-zone","source_osm_id":"6239267004"},"geometry":{"type":"Point","coordinates":[82.1778578,23.2672953]}},{"type":"Feature","properties":{"id":"india-osm-rail-station-910781103","name":"Darritola Junction","station_type":"railway_station","source_region":"central-zone","source_osm_id":"910781103"},"geometry":{"type":"Point","coordinates":[82.3957413,23.2893336]}},{"type":"Feature","properties":{"id":"india-osm-rail-station-6239266677","name":"Udalkachar","station_type":"railway_station","source_region":"central-zone","source_osm_id":"6239266677"},"geometry":{"type":"Point","coordinates":[82.2657376,23.2897066]}},{"type":"Feature","properties":{"id":"india-osm-rail-station-6239616506","name":"Nagar","station_type":"railway_station","source_region":"central-zone","source_osm_id":"6239616506"},"geometry":{"type":"Point","coordinates":[82.4523067,23.3136068]}},{"type":"Feature","properties":{"id":"india-osm-rail-station-6239616471","name":"Baikunthpur Rd","station_type":"railway_station","source_region":"central-zone","source_osm_id":"6239616471"},"geometry":{"type":"Point","coordinates":[82.5292861,23.3167696]}},{"type":"Feature","properties":{"id":"india-osm-rail-station-6096636415","name":"Jamga","station_type":"railway_station","source_region":"central-zone","source_osm_id":"6096636415"},"geometry":{"type":"Point","coordinates":[83.5644515,21.8750733]}},{"type":"Feature","properties":{"id":"india-osm-rail-station-6210182174","name":"Kotarlia","station_type":"railway_station","source_region":"central-zone","source_osm_id":"6210182174"},"geometry":{"type":"Point","coordinates":[83.4830201,21.8836704]}},{"type":"Feature","properties":{"id":"india-osm-rail-station-1341673505","name":"Raigarh","station_type":"railway_station","source_region":"central-zone","source_osm_id":"1341673505"},"geometry":{"type":"Point","coordinates":[83.3893578,21.8923059]}},{"type":"Feature","properties":{"id":"india-osm-rail-station-1341673956","name":"Kirodimal Nagar","station_type":"railway_station","source_region":"central-zone","source_osm_id":"1341673956"},"geometry":{"type":"Point","coordinates":[83.3321119,21.9272358]}},{"type":"Feature","properties":{"id":"india-osm-rail-station-1260934191","name":"Mahuariya","station_type":"railway_station","source_region":"central-zone","source_osm_id":"1260934191"},"geometry":{"type":"Point","coordinates":[83.3101933,24.2270038]}},{"type":"Feature","properties":{"id":"india-osm-rail-station-1260934670","name":"Wyndhamganj","station_type":"railway_station","source_region":"central-zone","source_osm_id":"1260934670"},"geometry":{"type":"Point","coordinates":[83.4013405,24.2633842]}},{"type":"Feature","properties":{"id":"india-osm-rail-station-7685111573","name":"Karamnasi","station_type":"railway_station","source_region":"central-zone","source_osm_id":"7685111573"},"geometry":{"type":"Point","coordinates":[83.4309,25.2402344]}},{"type":"Feature","properties":{"id":"india-osm-rail-station-7685111474","name":"Saidraja","station_type":"railway_station","source_region":"central-zone","source_osm_id":"7685111474"},"geometry":{"type":"Point","coordinates":[83.3515924,25.2532693]}},{"type":"Feature","properties":{"id":"india-osm-rail-station-7572390852","name":"Sakaldiha","station_type":"railway_station","source_region":"central-zone","source_osm_id":"7572390852"},"geometry":{"type":"Point","coordinates":[83.2902188,25.3318748]}},{"type":"Feature","properties":{"id":"india-osm-rail-station-7572390851","name":"Tulsi Ashram Railway Station","station_type":"railway_station","source_region":"central-zone","source_osm_id":"7572390851"},"geometry":{"type":"Point","coordinates":[83.351178,25.3420692]}},{"type":"Feature","properties":{"id":"india-osm-rail-station-2679232966","name":"Surajpur Road","station_type":"railway_station","source_region":"central-zone","source_osm_id":"2679232966"},"geometry":{"type":"Point","coordinates":[82.8805112,23.2895462]}},{"type":"Feature","properties":{"id":"india-osm-rail-station-910781098","name":"Katora","station_type":"railway_station","source_region":"central-zone","source_osm_id":"910781098"},"geometry":{"type":"Point","coordinates":[82.680552,23.3077738]}},{"type":"Feature","properties":{"id":"india-osm-rail-station-1497974817","name":"Shakti Nagar","station_type":"railway_station","source_region":"central-zone","source_osm_id":"1497974817"},"geometry":{"type":"Point","coordinates":[82.7045864,24.1229471]}},{"type":"Feature","properties":{"id":"india-osm-rail-station-908384033","name":"Krishnashilla","station_type":"railway_station","source_region":"central-zone","source_osm_id":"908384033"},"geometry":{"type":"Point","coordinates":[82.7670335,24.1585649]}},{"type":"Feature","properties":{"id":"india-osm-rail-station-1260935059","name":"Jharokhas","station_type":"railway_station","source_region":"central-zone","source_osm_id":"1260935059"},"geometry":{"type":"Point","coordinates":[83.1640698,24.179468]}},{"type":"Feature","properties":{"id":"india-osm-rail-station-9530552353","name":"Renukoot","station_type":"railway_station","source_region":"central-zone","source_osm_id":"9530552353"},"geometry":{"type":"Point","coordinates":[83.0400348,24.2032305]}},{"type":"Feature","properties":{"id":"india-osm-rail-station-10249341949","name":"Muirpur Road","station_type":"railway_station","source_region":"central-zone","source_osm_id":"10249341949"},"geometry":{"type":"Point","coordinates":[83.0942537,24.2059607]}},{"type":"Feature","properties":{"id":"india-osm-rail-station-1260935015","name":"Duddhinagar","station_type":"railway_station","source_region":"central-zone","source_osm_id":"1260935015"},"geometry":{"type":"Point","coordinates":[83.2166104,24.2086163]}},{"type":"Feature","properties":{"id":"india-osm-rail-station-2072311224","name":"Anpara","station_type":"railway_station","source_region":"central-zone","source_osm_id":"2072311224"},"geometry":{"type":"Point","coordinates":[82.7661238,24.2169079]}},{"type":"Feature","properties":{"id":"india-osm-rail-station-6236720348","name":"Churki","station_type":"railway_station","source_region":"central-zone","source_osm_id":"6236720348"},"geometry":{"type":"Point","coordinates":[82.6917636,24.2373286]}},{"type":"Feature","properties":{"id":"india-osm-rail-station-2074441250","name":"Karaila Road Junction","station_type":"railway_station","source_region":"central-zone","source_osm_id":"2074441250"},"geometry":{"type":"Point","coordinates":[82.7252006,24.2702222]}},{"type":"Feature","properties":{"id":"india-osm-rail-station-10249737162","name":"Jogidih","station_type":"railway_station","source_region":"central-zone","source_osm_id":"10249737162"},"geometry":{"type":"Point","coordinates":[83.0527713,24.2764011]}},{"type":"Feature","properties":{"id":"india-osm-rail-station-6236720340","name":"Mirchadhuri","station_type":"railway_station","source_region":"central-zone","source_osm_id":"6236720340"},"geometry":{"type":"Point","coordinates":[82.7942026,24.2924836]}},{"type":"Feature","properties":{"id":"india-osm-rail-station-8999711329","name":"Gurmura","station_type":"railway_station","source_region":"central-zone","source_osm_id":"8999711329"},"geometry":{"type":"Point","coordinates":[83.0479002,24.3546982]}},{"type":"Feature","properties":{"id":"india-osm-rail-station-6236720316","name":"Khuldil Road","station_type":"railway_station","source_region":"central-zone","source_osm_id":"6236720316"},"geometry":{"type":"Point","coordinates":[82.8562474,24.3618897]}},{"type":"Feature","properties":{"id":"india-osm-rail-station-6236720315","name":"Magardaha","station_type":"railway_station","source_region":"central-zone","source_osm_id":"6236720315"},"geometry":{"type":"Point","coordinates":[82.8930581,24.3868146]}},{"type":"Feature","properties":{"id":"india-osm-rail-station-10249341948","name":"Paras Pani","station_type":"railway_station","source_region":"central-zone","source_osm_id":"10249341948"},"geometry":{"type":"Point","coordinates":[83.0343788,24.3901235]}},{"type":"Feature","properties":{"id":"india-osm-rail-station-6236720312","name":"Phaphrakund","station_type":"railway_station","source_region":"central-zone","source_osm_id":"6236720312"},"geometry":{"type":"Point","coordinates":[82.9326367,24.4173765]}},{"type":"Feature","properties":{"id":"india-osm-rail-station-10249341947","name":"Salai Banwa","station_type":"railway_station","source_region":"central-zone","source_osm_id":"10249341947"},"geometry":{"type":"Point","coordinates":[83.0103772,24.4382683]}},{"type":"Feature","properties":{"id":"india-osm-rail-station-1496087546","name":"Obra Dam","station_type":"railway_station","source_region":"central-zone","source_osm_id":"1496087546"},"geometry":{"type":"Point","coordinates":[82.9774315,24.4395183]}},{"type":"Feature","properties":{"id":"india-osm-rail-station-6236688054","name":"Sursaraighat Jhara","station_type":"railway_station","source_region":"central-zone","source_osm_id":"6236688054"},"geometry":{"type":"Point","coordinates":[82.1083617,24.0266808]}},{"type":"Feature","properties":{"id":"india-osm-rail-station-6236688053","name":"Sareigram","station_type":"railway_station","source_region":"central-zone","source_osm_id":"6236688053"},"geometry":{"type":"Point","coordinates":[82.1950078,24.0324868]}},{"type":"Feature","properties":{"id":"india-osm-rail-station-6236688052","name":"Gajara Bahara","station_type":"railway_station","source_region":"central-zone","source_osm_id":"6236688052"},"geometry":{"type":"Point","coordinates":[82.2941583,24.0530969]}},{"type":"Feature","properties":{"id":"india-osm-rail-station-6236688055","name":"Bharsendi","station_type":"railway_station","source_region":"central-zone","source_osm_id":"6236688055"},"geometry":{"type":"Point","coordinates":[82.0161903,24.053768]}},{"type":"Feature","properties":{"id":"india-osm-rail-station-6236688051","name":"Deoragram","station_type":"railway_station","source_region":"central-zone","source_osm_id":"6236688051"},"geometry":{"type":"Point","coordinates":[82.3592234,24.1098103]}},{"type":"Feature","properties":{"id":"india-osm-rail-station-5097959958","name":"Majhaoli","station_type":"railway_station","source_region":"central-zone","source_osm_id":"5097959958"},"geometry":{"type":"Point","coordinates":[82.3924287,24.1756618]}},{"type":"Feature","properties":{"id":"india-osm-rail-station-6236687960","name":"Bargawan","station_type":"railway_station","source_region":"central-zone","source_osm_id":"6236687960"},"geometry":{"type":"Point","coordinates":[82.4563944,24.1972261]}},{"type":"Feature","properties":{"id":"india-osm-rail-station-908382636","name":"Singrauli","station_type":"railway_station","source_region":"central-zone","source_osm_id":"908382636"},"geometry":{"type":"Point","coordinates":[82.642887,24.2048552]}},{"type":"Feature","properties":{"id":"india-osm-rail-station-2074505051","name":"Mahdeiya","station_type":"railway_station","source_region":"central-zone","source_osm_id":"2074505051"},"geometry":{"type":"Point","coordinates":[82.5883162,24.2095193]}},{"type":"Feature","properties":{"id":"india-osm-rail-station-7573464940","name":"Mirzapur Railway Station","station_type":"railway_station","source_region":"central-zone","source_osm_id":"7573464940"},"geometry":{"type":"Point","coordinates":[82.5684437,25.1349626]}},{"type":"Feature","properties":{"id":"india-osm-rail-station-1261188270","name":"Billi Junction","station_type":"railway_station","source_region":"central-zone","source_osm_id":"1261188270"},"geometry":{"type":"Point","coordinates":[83.0191726,24.4619706]}},{"type":"Feature","properties":{"id":"india-osm-rail-station-1261194257","name":"Chopan","station_type":"railway_station","source_region":"central-zone","source_osm_id":"1261194257"},"geometry":{"type":"Point","coordinates":[83.0263892,24.513559]}},{"type":"Feature","properties":{"id":"india-osm-rail-station-4845525976","name":"Agori Khas","station_type":"railway_station","source_region":"central-zone","source_osm_id":"4845525976"},"geometry":{"type":"Point","coordinates":[83.0552396,24.5969888]}},{"type":"Feature","properties":{"id":"india-osm-rail-station-10249737164","name":"Churk","station_type":"railway_station","source_region":"central-zone","source_osm_id":"10249737164"},"geometry":{"type":"Point","coordinates":[83.1029967,24.6507587]}},{"type":"Feature","properties":{"id":"india-osm-rail-station-1261409153","name":"Churk","station_type":"railway_station","source_region":"central-zone","source_osm_id":"1261409153"},"geometry":{"type":"Point","coordinates":[83.1032101,24.6507981]}},{"type":"Feature","properties":{"id":"india-osm-rail-station-1496087547","name":"Sonbhadra","station_type":"railway_station","source_region":"central-zone","source_osm_id":"1496087547"},"geometry":{"type":"Point","coordinates":[83.0780843,24.683185]}},{"type":"Feature","properties":{"id":"india-osm-rail-station-10249737163","name":"Sonbhadra","station_type":"railway_station","source_region":"central-zone","source_osm_id":"10249737163"},"geometry":{"type":"Point","coordinates":[83.0775378,24.6858125]}},{"type":"Feature","properties":{"id":"india-osm-rail-station-1262189235","name":"Khairahi","station_type":"railway_station","source_region":"central-zone","source_osm_id":"1262189235"},"geometry":{"type":"Point","coordinates":[82.9861363,24.8019706]}},{"type":"Feature","properties":{"id":"india-osm-rail-station-1260303730","name":"Lusa","station_type":"railway_station","source_region":"central-zone","source_osm_id":"1260303730"},"geometry":{"type":"Point","coordinates":[82.8429524,24.8762706]}},{"type":"Feature","properties":{"id":"india-osm-rail-station-1260304270","name":"Saktesgarh","station_type":"railway_station","source_region":"central-zone","source_osm_id":"1260304270"},"geometry":{"type":"Point","coordinates":[82.8215572,24.9992931]}},{"type":"Feature","properties":{"id":"india-osm-rail-station-6233935068","name":"Ghunghuti","station_type":"railway_station","source_region":"central-zone","source_osm_id":"6233935068"},"geometry":{"type":"Point","coordinates":[81.1859339,23.3436694]}},{"type":"Feature","properties":{"id":"india-osm-rail-station-1339609878","name":"Mudaria","station_type":"railway_station","source_region":"central-zone","source_osm_id":"1339609878"},"geometry":{"type":"Point","coordinates":[81.0951704,23.3580396]}},{"type":"Feature","properties":{"id":"india-osm-rail-station-1339609869","name":"Birsinghpur","station_type":"railway_station","source_region":"central-zone","source_osm_id":"1339609869"},"geometry":{"type":"Point","coordinates":[81.0434772,23.3668093]}},{"type":"Feature","properties":{"id":"india-osm-rail-station-6233934834","name":"Nowrozabad","station_type":"railway_station","source_region":"central-zone","source_osm_id":"6233934834"},"geometry":{"type":"Point","coordinates":[80.979495,23.3952766]}},{"type":"Feature","properties":{"id":"india-osm-rail-station-6233934599","name":"Karkeli","station_type":"railway_station","source_region":"central-zone","source_osm_id":"6233934599"},"geometry":{"type":"Point","coordinates":[80.9210873,23.4607072]}},{"type":"Feature","properties":{"id":"india-osm-rail-station-1678725387","name":"Mahroi","station_type":"railway_station","source_region":"central-zone","source_osm_id":"1678725387"},"geometry":{"type":"Point","coordinates":[80.9187709,23.9508929]}},{"type":"Feature","properties":{"id":"india-osm-rail-station-907773782","name":"Damoy","station_type":"railway_station","source_region":"central-zone","source_osm_id":"907773782"},"geometry":{"type":"Point","coordinates":[80.9977879,23.9712895]}},{"type":"Feature","properties":{"id":"india-osm-rail-station-6236351985","name":"Vijay Sota","station_type":"railway_station","source_region":"central-zone","source_osm_id":"6236351985"},"geometry":{"type":"Point","coordinates":[81.0905412,23.9794374]}},{"type":"Feature","properties":{"id":"india-osm-rail-station-6236351986","name":"Chhataini","station_type":"railway_station","source_region":"central-zone","source_osm_id":"6236351986"},"geometry":{"type":"Point","coordinates":[81.2774563,23.9943393]}},{"type":"Feature","properties":{"id":"india-osm-rail-station-6236351987","name":"Beohari","station_type":"railway_station","source_region":"central-zone","source_osm_id":"6236351987"},"geometry":{"type":"Point","coordinates":[81.3800132,24.0005338]}},{"type":"Feature","properties":{"id":"india-osm-rail-station-6233935561","name":"Chhada","station_type":"railway_station","source_region":"central-zone","source_osm_id":"6233935561"},"geometry":{"type":"Point","coordinates":[81.4797056,23.2325523]}},{"type":"Feature","properties":{"id":"india-osm-rail-station-6236351988","name":"Duvri Kalan","station_type":"railway_station","source_region":"central-zone","source_osm_id":"6236351988"},"geometry":{"type":"Point","coordinates":[81.5293103,23.9928102]}},{"type":"Feature","properties":{"id":"india-osm-rail-station-6236351989","name":"Kanchanpur Road","station_type":"railway_station","source_region":"central-zone","source_osm_id":"6236351989"},"geometry":{"type":"Point","coordinates":[81.6425961,24.040791]}},{"type":"Feature","properties":{"id":"india-osm-rail-station-4969951134","name":"Niwas Road","station_type":"railway_station","source_region":"central-zone","source_osm_id":"4969951134"},"geometry":{"type":"Point","coordinates":[81.9345177,24.0823494]}},{"type":"Feature","properties":{"id":"india-osm-rail-station-6236351990","name":"Joba","station_type":"railway_station","source_region":"central-zone","source_osm_id":"6236351990"},"geometry":{"type":"Point","coordinates":[81.7027259,24.0899488]}},{"type":"Feature","properties":{"id":"india-osm-rail-station-6236351991","name":"Marwasgram","station_type":"railway_station","source_region":"central-zone","source_osm_id":"6236351991"},"geometry":{"type":"Point","coordinates":[81.7756336,24.0970789]}},{"type":"Feature","properties":{"id":"india-osm-rail-station-6236351992","name":"Shankarpur Bhadaura","station_type":"railway_station","source_region":"central-zone","source_osm_id":"6236351992"},"geometry":{"type":"Point","coordinates":[81.8692911,24.1038463]}},{"type":"Feature","properties":{"id":"india-osm-rail-station-736530896","name":"Bargarh","station_type":"railway_station","source_region":"central-zone","source_osm_id":"736530896"},"geometry":{"type":"Point","coordinates":[81.4503892,25.1638592]}},{"type":"Feature","properties":{"id":"india-osm-rail-station-5100800320","name":"Majhiari","station_type":"railway_station","source_region":"central-zone","source_osm_id":"5100800320"},"geometry":{"type":"Point","coordinates":[81.5196011,25.1786606]}},{"type":"Feature","properties":{"id":"india-osm-rail-station-5086252654","name":"Shankargarh","station_type":"railway_station","source_region":"central-zone","source_osm_id":"5086252654"},"geometry":{"type":"Point","coordinates":[81.6141328,25.1803985]}},{"type":"Feature","properties":{"id":"india-osm-rail-station-1339609877","name":"Maihar","station_type":"railway_station","source_region":"central-zone","source_osm_id":"1339609877"},"geometry":{"type":"Point","coordinates":[80.7637341,24.2567489]}},{"type":"Feature","properties":{"id":"india-osm-rail-station-1761296542","name":"Unchhera","station_type":"railway_station","source_region":"central-zone","source_osm_id":"1761296542"},"geometry":{"type":"Point","coordinates":[80.7942136,24.380846]}},{"type":"Feature","properties":{"id":"india-osm-rail-station-1339612509","name":"Lagargawan","station_type":"railway_station","source_region":"central-zone","source_osm_id":"1339612509"},"geometry":{"type":"Point","coordinates":[80.8148761,24.4646226]}},{"type":"Feature","properties":{"id":"india-osm-rail-station-746629145","name":"Satna Junction","station_type":"railway_station","source_region":"central-zone","source_osm_id":"746629145"},"geometry":{"type":"Point","coordinates":[80.8286814,24.5677309]}},{"type":"Feature","properties":{"id":"india-osm-rail-station-6236019972","name":"Sakariya","station_type":"railway_station","source_region":"central-zone","source_osm_id":"6236019972"},"geometry":{"type":"Point","coordinates":[80.9060079,24.6040647]}},{"type":"Feature","properties":{"id":"india-osm-rail-station-6236019980","name":"Kaima","station_type":"railway_station","source_region":"central-zone","source_osm_id":"6236019980"},"geometry":{"type":"Point","coordinates":[80.8454651,24.6110538]}},{"type":"Feature","properties":{"id":"india-osm-rail-station-6236836991","name":"Sagma","station_type":"railway_station","source_region":"central-zone","source_osm_id":"6236836991"},"geometry":{"type":"Point","coordinates":[80.8287764,24.627191]}},{"type":"Feature","properties":{"id":"india-osm-rail-station-6236836990","name":"Hati","station_type":"railway_station","source_region":"central-zone","source_osm_id":"6236836990"},"geometry":{"type":"Point","coordinates":[80.8426917,24.6881125]}},{"type":"Feature","properties":{"id":"india-osm-rail-station-6236836989","name":"Jaitwar","station_type":"railway_station","source_region":"central-zone","source_osm_id":"6236836989"},"geometry":{"type":"Point","coordinates":[80.863688,24.7406635]}},{"type":"Feature","properties":{"id":"india-osm-rail-station-6236836988","name":"Khutaha","station_type":"railway_station","source_region":"central-zone","source_osm_id":"6236836988"},"geometry":{"type":"Point","coordinates":[80.8609146,24.8074848]}},{"type":"Feature","properties":{"id":"india-osm-rail-station-746639605","name":"Rewa","station_type":"railway_station","source_region":"central-zone","source_osm_id":"746639605"},"geometry":{"type":"Point","coordinates":[81.251495,24.5378101]}},{"type":"Feature","properties":{"id":"india-osm-rail-station-6236019949","name":"Turki","station_type":"railway_station","source_region":"central-zone","source_osm_id":"6236019949"},"geometry":{"type":"Point","coordinates":[81.1378903,24.5478746]}},{"type":"Feature","properties":{"id":"india-osm-rail-station-6236019935","name":"Baghai Road","station_type":"railway_station","source_region":"central-zone","source_osm_id":"6236019935"},"geometry":{"type":"Point","coordinates":[81.0516679,24.5508023]}},{"type":"Feature","properties":{"id":"india-osm-rail-station-2179479291","name":"Hinautaramban","station_type":"railway_station","source_region":"central-zone","source_osm_id":"2179479291"},"geometry":{"type":"Point","coordinates":[80.9647549,24.569394]}},{"type":"Feature","properties":{"id":"india-osm-rail-station-2542169249","name":"Markundi","station_type":"railway_station","source_region":"central-zone","source_osm_id":"2542169249"},"geometry":{"type":"Point","coordinates":[80.9484672,25.0182261]}},{"type":"Feature","properties":{"id":"india-osm-rail-station-6236836957","name":"Barah Maufi","station_type":"railway_station","source_region":"central-zone","source_osm_id":"6236836957"},"geometry":{"type":"Point","coordinates":[81.0207045,25.0428956]}},{"type":"Feature","properties":{"id":"india-osm-rail-station-6657112891","name":"Bansapahar","station_type":"railway_station","source_region":"central-zone","source_osm_id":"6657112891"},"geometry":{"type":"Point","coordinates":[81.0601664,25.0571602]}},{"type":"Feature","properties":{"id":"india-osm-rail-station-736529201","name":"Manikpur Junction","station_type":"railway_station","source_region":"central-zone","source_osm_id":"736529201"},"geometry":{"type":"Point","coordinates":[81.0940561,25.0632145]}},{"type":"Feature","properties":{"id":"india-osm-rail-station-6236869936","name":"Panhai","station_type":"railway_station","source_region":"central-zone","source_osm_id":"6236869936"},"geometry":{"type":"Point","coordinates":[81.2046558,25.082747]}},{"type":"Feature","properties":{"id":"india-osm-rail-station-5081587188","name":"Dabhaura","station_type":"railway_station","source_region":"central-zone","source_osm_id":"5081587188"},"geometry":{"type":"Point","coordinates":[81.3027406,25.1177381]}},{"type":"Feature","properties":{"id":"india-osm-rail-station-6236836987","name":"Chitahra","station_type":"railway_station","source_region":"central-zone","source_osm_id":"6236836987"},"geometry":{"type":"Point","coordinates":[80.8383948,24.871131]}},{"type":"Feature","properties":{"id":"india-osm-rail-station-6236836986","name":"Majhagawan","station_type":"railway_station","source_region":"central-zone","source_osm_id":"6236836986"},"geometry":{"type":"Point","coordinates":[80.8118892,24.9138307]}},{"type":"Feature","properties":{"id":"india-osm-rail-station-6656902458","name":"Itwadundiala","station_type":"railway_station","source_region":"central-zone","source_osm_id":"6656902458"},"geometry":{"type":"Point","coordinates":[80.8451491,24.9426305]}},{"type":"Feature","properties":{"id":"india-osm-rail-station-906600292","name":"Tikaria","station_type":"railway_station","source_region":"central-zone","source_osm_id":"906600292"},"geometry":{"type":"Point","coordinates":[80.8746937,25.0005601]}},{"type":"Feature","properties":{"id":"india-osm-rail-station-731235290","name":"Bharatkup","station_type":"railway_station","source_region":"central-zone","source_osm_id":"731235290"},"geometry":{"type":"Point","coordinates":[80.7714708,25.2155903]}},{"type":"Feature","properties":{"id":"india-osm-rail-station-5342645491","name":"Shivrampur","station_type":"railway_station","source_region":"central-zone","source_osm_id":"5342645491"},"geometry":{"type":"Point","coordinates":[80.8388988,25.2203321]}},{"type":"Feature","properties":{"id":"india-osm-rail-station-5342381115","name":"Badausa","station_type":"railway_station","source_region":"central-zone","source_osm_id":"5342381115"},"geometry":{"type":"Point","coordinates":[80.6511974,25.2482254]}},{"type":"Feature","properties":{"id":"india-osm-rail-station-1169500548","name":"Atarra","station_type":"railway_station","source_region":"central-zone","source_osm_id":"1169500548"},"geometry":{"type":"Point","coordinates":[80.5769711,25.2907404]}},{"type":"Feature","properties":{"id":"india-osm-rail-station-6236869911","name":"Khurhand","station_type":"railway_station","source_region":"central-zone","source_osm_id":"6236869911"},"geometry":{"type":"Point","coordinates":[80.4788064,25.3653583]}},{"type":"Feature","properties":{"id":"india-osm-rail-station-6236869718","name":"Dingwai","station_type":"railway_station","source_region":"central-zone","source_osm_id":"6236869718"},"geometry":{"type":"Point","coordinates":[80.4129366,25.4180692]}},{"type":"Feature","properties":{"id":"india-osm-rail-station-6658550978","name":"Bevara","station_type":"railway_station","source_region":"central-zone","source_osm_id":"6658550978"},"geometry":{"type":"Point","coordinates":[81.6503449,25.184598]}},{"type":"Feature","properties":{"id":"india-osm-rail-station-6236869914","name":"Lohgara","station_type":"railway_station","source_region":"central-zone","source_osm_id":"6236869914"},"geometry":{"type":"Point","coordinates":[81.6781515,25.2229955]}},{"type":"Feature","properties":{"id":"india-osm-rail-station-5086252628","name":"Madaraha","station_type":"railway_station","source_region":"central-zone","source_osm_id":"5086252628"},"geometry":{"type":"Point","coordinates":[81.7300551,25.2504743]}},{"type":"Feature","properties":{"id":"india-osm-rail-station-4944305322","name":"Jasra","station_type":"railway_station","source_region":"central-zone","source_osm_id":"4944305322"},"geometry":{"type":"Point","coordinates":[81.7763206,25.2812166]}},{"type":"Feature","properties":{"id":"india-osm-rail-station-1262186748","name":"Karchana","station_type":"railway_station","source_region":"central-zone","source_osm_id":"1262186748"},"geometry":{"type":"Point","coordinates":[81.9160153,25.3135857]}},{"type":"Feature","properties":{"id":"india-osm-rail-station-312877098","name":"Iradatganj","station_type":"railway_station","source_region":"central-zone","source_osm_id":"312877098"},"geometry":{"type":"Point","coordinates":[81.8193512,25.3180224]}},{"type":"Feature","properties":{"id":"india-osm-rail-station-4871944927","name":"Allahabad Chheoki Junction","station_type":"railway_station","source_region":"central-zone","source_osm_id":"4871944927"},"geometry":{"type":"Point","coordinates":[81.8671292,25.3770586]}},{"type":"Feature","properties":{"id":"india-osm-rail-station-312613037","name":"Naini Junction","station_type":"railway_station","source_region":"central-zone","source_osm_id":"312613037"},"geometry":{"type":"Point","coordinates":[81.8602035,25.393729]}},{"type":"Feature","properties":{"id":"india-osm-rail-station-7596025213","name":"Jhusi","station_type":"railway_station","source_region":"central-zone","source_osm_id":"7596025213"},"geometry":{"type":"Point","coordinates":[81.9161439,25.4312509]}},{"type":"Feature","properties":{"id":"india-osm-rail-station-2087246860","name":"Subedarganj","station_type":"railway_station","source_region":"central-zone","source_osm_id":"2087246860"},"geometry":{"type":"Point","coordinates":[81.7901859,25.4394435]}},{"type":"Feature","properties":{"id":"india-osm-rail-station-6236869913","name":"Bahilpurwa","station_type":"railway_station","source_region":"central-zone","source_osm_id":"6236869913"},"geometry":{"type":"Point","coordinates":[80.997718,25.1352662]}},{"type":"Feature","properties":{"id":"india-osm-rail-station-5100799993","name":"Kataiya Dandi","station_type":"railway_station","source_region":"central-zone","source_osm_id":"5100799993"},"geometry":{"type":"Point","coordinates":[81.3981736,25.149218]}},{"type":"Feature","properties":{"id":"india-osm-rail-station-6236869912","name":"Khoh","station_type":"railway_station","source_region":"central-zone","source_osm_id":"6236869912"},"geometry":{"type":"Point","coordinates":[80.9766124,25.2100893]}},{"type":"Feature","properties":{"id":"india-osm-rail-station-1169502956","name":"Chitrakut Dham Karwi","station_type":"railway_station","source_region":"central-zone","source_osm_id":"1169502956"},"geometry":{"type":"Point","coordinates":[80.9236326,25.2173874]}},{"type":"Feature","properties":{"id":"india-osm-rail-station-9001314324","name":"Shujaatpur","station_type":"railway_station","source_region":"central-zone","source_osm_id":"9001314324"},"geometry":{"type":"Point","coordinates":[81.402063,25.6060671]}},{"type":"Feature","properties":{"id":"india-osm-rail-station-1164750474","name":"Sirathu","station_type":"railway_station","source_region":"central-zone","source_osm_id":"1164750474"},"geometry":{"type":"Point","coordinates":[81.320152,25.6488883]}},{"type":"Feature","properties":{"id":"india-osm-rail-station-8999708442","name":"Athsarai","station_type":"railway_station","source_region":"central-zone","source_osm_id":"8999708442"},"geometry":{"type":"Point","coordinates":[81.2622071,25.6789367]}},{"type":"Feature","properties":{"id":"india-osm-rail-station-9001314329","name":"Kanwar","station_type":"railway_station","source_region":"central-zone","source_osm_id":"9001314329"},"geometry":{"type":"Point","coordinates":[81.2146441,25.7036521]}},{"type":"Feature","properties":{"id":"india-osm-rail-station-9001314325","name":"Katoghan","station_type":"railway_station","source_region":"central-zone","source_osm_id":"9001314325"},"geometry":{"type":"Point","coordinates":[81.1624121,25.7307833]}},{"type":"Feature","properties":{"id":"india-osm-rail-station-2087337137","name":"Khaga","station_type":"railway_station","source_region":"central-zone","source_osm_id":"2087337137"},"geometry":{"type":"Point","coordinates":[81.1013173,25.7622035]}},{"type":"Feature","properties":{"id":"india-osm-rail-station-316602923","name":"Allahabad City","station_type":"railway_station","source_region":"central-zone","source_osm_id":"316602923"},"geometry":{"type":"Point","coordinates":[81.8492933,25.4396813]}},{"type":"Feature","properties":{"id":"india-osm-rail-station-312618057","name":"Daraganj","station_type":"railway_station","source_region":"central-zone","source_osm_id":"312618057"},"geometry":{"type":"Point","coordinates":[81.8804985,25.4430353]}},{"type":"Feature","properties":{"id":"india-osm-rail-station-11694396880","name":"DARAGANJ STATION","station_type":"railway_station","source_region":"central-zone","source_osm_id":"11694396880"},"geometry":{"type":"Point","coordinates":[81.8804967,25.4444263]}},{"type":"Feature","properties":{"id":"india-osm-rail-station-6589820436","name":"Prayagraj Sangam","station_type":"railway_station","source_region":"central-zone","source_osm_id":"6589820436"},"geometry":{"type":"Point","coordinates":[81.8805617,25.4444324]}},{"type":"Feature","properties":{"id":"india-osm-rail-station-12229987285","name":"Bamhrauli","station_type":"railway_station","source_region":"central-zone","source_osm_id":"12229987285"},"geometry":{"type":"Point","coordinates":[81.7386182,25.444983]}},{"type":"Feature","properties":{"id":"india-osm-rail-station-2669094327","name":"Prayagraj Junction","station_type":"railway_station","source_region":"central-zone","source_osm_id":"2669094327"},"geometry":{"type":"Point","coordinates":[81.825958,25.4454322]}},{"type":"Feature","properties":{"id":"india-osm-rail-station-312624621","name":"Prayag Junction","station_type":"railway_station","source_region":"central-zone","source_osm_id":"312624621"},"geometry":{"type":"Point","coordinates":[81.8674698,25.4690487]}},{"type":"Feature","properties":{"id":"india-osm-rail-station-312634962","name":"Manauri","station_type":"railway_station","source_region":"central-zone","source_osm_id":"312634962"},"geometry":{"type":"Point","coordinates":[81.6619051,25.4698192]}},{"type":"Feature","properties":{"id":"india-osm-rail-station-7596470088","name":"Phaphamau Junction","station_type":"railway_station","source_region":"central-zone","source_osm_id":"7596470088"},"geometry":{"type":"Point","coordinates":[81.8671297,25.5256563]}},{"type":"Feature","properties":{"id":"india-osm-rail-station-1490143530","name":"Tharwai","station_type":"railway_station","source_region":"central-zone","source_osm_id":"1490143530"},"geometry":{"type":"Point","coordinates":[81.9145831,25.5392504]}},{"type":"Feature","properties":{"id":"india-osm-rail-station-1067666391","name":"Bharwari","station_type":"railway_station","source_region":"central-zone","source_osm_id":"1067666391"},"geometry":{"type":"Point","coordinates":[81.4903477,25.5597881]}},{"type":"Feature","properties":{"id":"india-osm-rail-station-8999686398","name":"Atrampur","station_type":"railway_station","source_region":"central-zone","source_osm_id":"8999686398"},"geometry":{"type":"Point","coordinates":[81.7459668,25.5722817]}},{"type":"Feature","properties":{"id":"india-osm-rail-station-8999708465","name":"Bidanpur","station_type":"railway_station","source_region":"central-zone","source_osm_id":"8999708465"},"geometry":{"type":"Point","coordinates":[81.442131,25.5851186]}},{"type":"Feature","properties":{"id":"india-osm-rail-station-1182798241","name":"Ram Chaura Road","station_type":"railway_station","source_region":"central-zone","source_osm_id":"1182798241"},"geometry":{"type":"Point","coordinates":[81.6883543,25.6088888]}},{"type":"Feature","properties":{"id":"india-osm-rail-station-13362999506","name":"Lalgopalganj Railway Station","station_type":"railway_station","source_region":"central-zone","source_osm_id":"13362999506"},"geometry":{"type":"Point","coordinates":[81.6299243,25.6422418]}},{"type":"Feature","properties":{"id":"india-osm-rail-station-1182793272","name":"Bhadri","station_type":"railway_station","source_region":"central-zone","source_osm_id":"1182793272"},"geometry":{"type":"Point","coordinates":[81.5678613,25.6770497]}},{"type":"Feature","properties":{"id":"india-osm-rail-station-13340544206","name":"Mau Aimma Station","station_type":"railway_station","source_region":"central-zone","source_osm_id":"13340544206"},"geometry":{"type":"Point","coordinates":[81.9133477,25.6980621]}},{"type":"Feature","properties":{"id":"india-osm-rail-station-2876638012","name":"Kundaharnamganj","station_type":"railway_station","source_region":"central-zone","source_osm_id":"2876638012"},"geometry":{"type":"Point","coordinates":[81.5099118,25.7141663]}},{"type":"Feature","properties":{"id":"india-osm-rail-station-2876633628","name":"Garhi Manikpur","station_type":"railway_station","source_region":"central-zone","source_osm_id":"2876633628"},"geometry":{"type":"Point","coordinates":[81.4144936,25.7766741]}},{"type":"Feature","properties":{"id":"india-osm-rail-station-1164023993","name":"Bishnathganj","station_type":"railway_station","source_region":"central-zone","source_osm_id":"1164023993"},"geometry":{"type":"Point","coordinates":[81.9348733,25.8015219]}},{"type":"Feature","properties":{"id":"india-osm-rail-station-9001314331","name":"Sath Naraini","station_type":"railway_station","source_region":"central-zone","source_osm_id":"9001314331"},"geometry":{"type":"Point","coordinates":[81.0388953,25.7946525]}},{"type":"Feature","properties":{"id":"india-osm-rail-station-13363035748","name":"Pariawan Kalakankar Road","station_type":"railway_station","source_region":"central-zone","source_osm_id":"13363035748"},"geometry":{"type":"Point","coordinates":[81.3685951,25.8252889]}},{"type":"Feature","properties":{"id":"india-osm-rail-station-1168865063","name":"Rasulabad","station_type":"railway_station","source_region":"central-zone","source_osm_id":"1168865063"},"geometry":{"type":"Point","coordinates":[80.9769195,25.8266714]}},{"type":"Feature","properties":{"id":"india-osm-rail-station-6358025865","name":"Arkha","station_type":"railway_station","source_region":"central-zone","source_osm_id":"6358025865"},"geometry":{"type":"Point","coordinates":[81.31372,25.8874962]}},{"type":"Feature","properties":{"id":"india-osm-rail-station-1156057860","name":"Unchahar Junction","station_type":"railway_station","source_region":"central-zone","source_osm_id":"1156057860"},"geometry":{"type":"Point","coordinates":[81.2999494,25.9032351]}},{"type":"Feature","properties":{"id":"india-osm-rail-station-13339817156","name":"Jalalpur Dhai","station_type":"railway_station","source_region":"central-zone","source_osm_id":"13339817156"},"geometry":{"type":"Point","coordinates":[81.1557559,26.0082756]}},{"type":"Feature","properties":{"id":"india-osm-rail-station-13362990909","name":"Lachhmanpur","station_type":"railway_station","source_region":"central-zone","source_osm_id":"13362990909"},"geometry":{"type":"Point","coordinates":[81.2575296,26.0505885]}},{"type":"Feature","properties":{"id":"india-osm-rail-station-13340406067","name":"Lachhmanpur Station","station_type":"railway_station","source_region":"central-zone","source_osm_id":"13340406067"},"geometry":{"type":"Point","coordinates":[81.2569248,26.052485]}},{"type":"Feature","properties":{"id":"india-osm-rail-station-7605896107","name":"Dalmau Junction","station_type":"railway_station","source_region":"central-zone","source_osm_id":"7605896107"},"geometry":{"type":"Point","coordinates":[81.0544333,26.075646]}},{"type":"Feature","properties":{"id":"india-osm-rail-station-1152853575","name":"Lalganj","station_type":"railway_station","source_region":"central-zone","source_osm_id":"1152853575"},"geometry":{"type":"Point","coordinates":[80.9732548,26.17239]}}]}