{"type":"FeatureCollection","features":[{"type":"Feature","properties":{"id":"DEBKGDL2000012JP","name":"Transportanlage","hub_type":"truck_terminal","source_function_code":"1102","operator_classification":"other"},"geometry":{"type":"Point","coordinates":[6.593338279437373,51.04865818505465]}},{"type":"Feature","properties":{"id":"DEBKGDL2000012NF","name":"Transportanlage","hub_type":"truck_terminal","source_function_code":"1102","operator_classification":"other"},"geometry":{"type":"Point","coordinates":[6.5626591476851335,51.043083989732]}},{"type":"Feature","properties":{"id":"DEBKGDL2000012N2","name":"Transportanlage","hub_type":"truck_terminal","source_function_code":"1102","operator_classification":"other"},"geometry":{"type":"Point","coordinates":[8.146181895136325,53.56663978268919]}},{"type":"Feature","properties":{"id":"DEBKGDL2000012NP","name":"Transportanlage","hub_type":"truck_terminal","source_function_code":"1102","operator_classification":"other"},"geometry":{"type":"Point","coordinates":[6.5695651548647716,51.05046223585524]}},{"type":"Feature","properties":{"id":"DEBKGDL200010RSY","name":"Transportanlage","hub_type":"truck_terminal","source_function_code":"1102","operator_classification":"other"},"geometry":{"type":"Point","coordinates":[6.639399633838007,50.99253996199886]}},{"type":"Feature","properties":{"id":"DEBKGDL200010RSW","name":"Transportanlage","hub_type":"truck_terminal","source_function_code":"1102","operator_classification":"other"},"geometry":{"type":"Point","coordinates":[6.6466742053740555,50.99142826732008]}},{"type":"Feature","properties":{"id":"DEBKGDL20001C9TI","name":"Transportanlage","hub_type":"truck_terminal","source_function_code":"1102","operator_classification":"other"},"geometry":{"type":"Point","coordinates":[9.18977391319579,47.99663312637311]}},{"type":"Feature","properties":{"id":"DEBKGDL2000012JL","name":"Transportanlage","hub_type":"truck_terminal","source_function_code":"1102","operator_classification":"other"},"geometry":{"type":"Point","coordinates":[6.493447383033536,50.87944319811848]}},{"type":"Feature","properties":{"id":"DEBKGDL2000012L9","name":"Transportanlage","hub_type":"truck_terminal","source_function_code":"1102","operator_classification":"other"},"geometry":{"type":"Point","coordinates":[13.818484240367525,51.20373296376571]}},{"type":"Feature","properties":{"id":"DEBKGDL2000012KY","name":"Transportanlage","hub_type":"truck_terminal","source_function_code":"1102","operator_classification":"other"},"geometry":{"type":"Point","coordinates":[6.572427317661616,51.054469147716766]}},{"type":"Feature","properties":{"id":"DEBKGDL200010SDA","name":"Transportanlage","hub_type":"truck_terminal","source_function_code":"1102","operator_classification":"other"},"geometry":{"type":"Point","coordinates":[14.271111647856465,51.57858177002954]}},{"type":"Feature","properties":{"id":"DEBKGDL200010SFC","name":"Transportanlage","hub_type":"truck_terminal","source_function_code":"1102","operator_classification":"other"},"geometry":{"type":"Point","coordinates":[14.257827884764334,51.58386306206664]}},{"type":"Feature","properties":{"id":"DEBKGDL2000012NB","name":"Transportanlage","hub_type":"truck_terminal","source_function_code":"1102","operator_classification":"other"},"geometry":{"type":"Point","coordinates":[11.68018081683597,51.2775646040007]}},{"type":"Feature","properties":{"id":"DEBKGDL200015ZGH","name":"Transportanlage","hub_type":"truck_terminal","source_function_code":"1102","operator_classification":"other"},"geometry":{"type":"Point","coordinates":[6.518168382897354,50.8987805169004]}},{"type":"Feature","properties":{"id":"DEBKGDL200015ZLL","name":"Transportanlage","hub_type":"truck_terminal","source_function_code":"1102","operator_classification":"other"},"geometry":{"type":"Point","coordinates":[7.014809526228543,51.29694854672886]}},{"type":"Feature","properties":{"id":"DEBKGDL200015ZLO","name":"Transportanlage","hub_type":"truck_terminal","source_function_code":"1102","operator_classification":"other"},"geometry":{"type":"Point","coordinates":[7.019735043635287,51.29400882422725]}},{"type":"Feature","properties":{"id":"DEBKGDL200010TI8","name":"Transportanlage","hub_type":"truck_terminal","source_function_code":"1102","operator_classification":"other"},"geometry":{"type":"Point","coordinates":[12.389392581729153,51.121286179221464]}},{"type":"Feature","properties":{"id":"DEBKGDL200010TIA","name":"Transportanlage","hub_type":"truck_terminal","source_function_code":"1102","operator_classification":"other"},"geometry":{"type":"Point","coordinates":[12.377753945575463,51.17821606914331]}},{"type":"Feature","properties":{"id":"DEBKGDL2000012MV","name":"Transportanlage","hub_type":"truck_terminal","source_function_code":"1102","operator_classification":"other"},"geometry":{"type":"Point","coordinates":[11.68352941593664,52.30059718529458]}},{"type":"Feature","properties":{"id":"DEBKGDL2000012M2","name":"Transportanlage","hub_type":"truck_terminal","source_function_code":"1102","operator_classification":"other"},"geometry":{"type":"Point","coordinates":[6.3114249577985815,50.8388033562876]}},{"type":"Feature","properties":{"id":"DEBKGDL2000012LU","name":"Transportanlage","hub_type":"truck_terminal","source_function_code":"1102","operator_classification":"other"},"geometry":{"type":"Point","coordinates":[11.660100583458833,52.21062359195029]}},{"type":"Feature","properties":{"id":"DEBKGDL2000012ML","name":"Transportanlage","hub_type":"truck_terminal","source_function_code":"1102","operator_classification":"other"},"geometry":{"type":"Point","coordinates":[10.498943968903111,48.53277856986845]}},{"type":"Feature","properties":{"id":"DEBKGDL2000012MX","name":"Transportanlage","hub_type":"truck_terminal","source_function_code":"1102","operator_classification":"other"},"geometry":{"type":"Point","coordinates":[13.824673488607303,51.20255187410225]}},{"type":"Feature","properties":{"id":"DEBKGDL2000012L5","name":"Transportanlage","hub_type":"truck_terminal","source_function_code":"1102","operator_classification":"other"},"geometry":{"type":"Point","coordinates":[11.665555194169153,51.28074075643058]}},{"type":"Feature","properties":{"id":"DEBKGDL2000012LO","name":"Transportanlage","hub_type":"truck_terminal","source_function_code":"1102","operator_classification":"other"},"geometry":{"type":"Point","coordinates":[10.82585596880633,51.75654723501636]}},{"type":"Feature","properties":{"id":"DEBKGDL2000012K3","name":"Transportanlage","hub_type":"truck_terminal","source_function_code":"1102","operator_classification":"other"},"geometry":{"type":"Point","coordinates":[8.771664206256188,48.229202794160976]}},{"type":"Feature","properties":{"id":"DEBKGDL2000012LD","name":"Transportanlage","hub_type":"truck_terminal","source_function_code":"1102","operator_classification":"other"},"geometry":{"type":"Point","coordinates":[6.657381620529063,50.99075889085327]}},{"type":"Feature","properties":{"id":"DEBKGDL2000012KJ","name":"Transportanlage","hub_type":"truck_terminal","source_function_code":"1102","operator_classification":"other"},"geometry":{"type":"Point","coordinates":[9.967040111811595,50.831957040847655]}},{"type":"Feature","properties":{"id":"DEBKGDL2000012N9","name":"Transportanlage","hub_type":"truck_terminal","source_function_code":"1102","operator_classification":"other"},"geometry":{"type":"Point","coordinates":[13.833495164446942,52.482857906612054]}},{"type":"Feature","properties":{"id":"DEBKGDL20001C7DB","name":"Transportanlage","hub_type":"truck_terminal","source_function_code":"1102","operator_classification":"other"},"geometry":{"type":"Point","coordinates":[11.66010688264118,51.27189809377144]}},{"type":"Feature","properties":{"id":"DEBKGDL2000012JA","name":"Transportanlage","hub_type":"truck_terminal","source_function_code":"1102","operator_classification":"other"},"geometry":{"type":"Point","coordinates":[11.001453057043678,49.797222517597525]}},{"type":"Feature","properties":{"id":"DEBKGDL2000012JY","name":"Transportanlage","hub_type":"truck_terminal","source_function_code":"1102","operator_classification":"other"},"geometry":{"type":"Point","coordinates":[11.680553294853919,51.273580504980984]}},{"type":"Feature","properties":{"id":"DEBKGDL2000012LR","name":"Transportanlage","hub_type":"truck_terminal","source_function_code":"1102","operator_classification":"other"},"geometry":{"type":"Point","coordinates":[7.17398886606185,51.54980382977122]}},{"type":"Feature","properties":{"id":"DEBKGDL2000012JH","name":"Transportanlage","hub_type":"truck_terminal","source_function_code":"1102","operator_classification":"other"},"geometry":{"type":"Point","coordinates":[6.605807204375386,51.040884872521296]}},{"type":"Feature","properties":{"id":"DEBKGDL2000012M4","name":"Transportanlage","hub_type":"truck_terminal","source_function_code":"1102","operator_classification":"other"},"geometry":{"type":"Point","coordinates":[9.895578349179514,52.34112327820539]}},{"type":"Feature","properties":{"id":"DEBKGDL2000012JN","name":"Transportanlage","hub_type":"truck_terminal","source_function_code":"1102","operator_classification":"other"},"geometry":{"type":"Point","coordinates":[6.55798808483609,51.0368125421454]}},{"type":"Feature","properties":{"id":"DEBKGDL2000012LT","name":"Transportanlage","hub_type":"truck_terminal","source_function_code":"1102","operator_classification":"other"},"geometry":{"type":"Point","coordinates":[6.5271802281334965,51.05845997267426]}},{"type":"Feature","properties":{"id":"DEBKGDL2000012MP","name":"Transportanlage","hub_type":"truck_terminal","source_function_code":"1102","operator_classification":"other"},"geometry":{"type":"Point","coordinates":[8.714482550648796,49.3146062070336]}},{"type":"Feature","properties":{"id":"DEBKGDL2000012NK","name":"Transportanlage","hub_type":"truck_terminal","source_function_code":"1102","operator_classification":"other"},"geometry":{"type":"Point","coordinates":[11.850629576848071,51.985098092911706]}},{"type":"Feature","properties":{"id":"DEBKGDL2000012LS","name":"Transportanlage","hub_type":"truck_terminal","source_function_code":"1102","operator_classification":"other"},"geometry":{"type":"Point","coordinates":[8.76447121328273,48.23660736703568]}},{"type":"Feature","properties":{"id":"DEBKGDL2000012MD","name":"Transportanlage","hub_type":"truck_terminal","source_function_code":"1102","operator_classification":"other"},"geometry":{"type":"Point","coordinates":[6.582654122303234,51.04967754607668]}},{"type":"Feature","properties":{"id":"DEBKGDL2000012KE","name":"Transportanlage","hub_type":"truck_terminal","source_function_code":"1102","operator_classification":"other"},"geometry":{"type":"Point","coordinates":[6.648147619299468,50.990612707531206]}},{"type":"Feature","properties":{"id":"DEBKGDL2000012JZ","name":"Transportanlage","hub_type":"truck_terminal","source_function_code":"1102","operator_classification":"other"},"geometry":{"type":"Point","coordinates":[11.68847474158165,52.30007154412884]}},{"type":"Feature","properties":{"id":"DEBKGDL2000012KF","name":"Transportanlage","hub_type":"truck_terminal","source_function_code":"1102","operator_classification":"other"},"geometry":{"type":"Point","coordinates":[9.743449193395184,48.36399768168181]}},{"type":"Feature","properties":{"id":"DEBKGDL2000012M9","name":"Transportanlage","hub_type":"truck_terminal","source_function_code":"1102","operator_classification":"other"},"geometry":{"type":"Point","coordinates":[9.890890282399212,52.34358188663505]}},{"type":"Feature","properties":{"id":"DEBKGDL2000012KL","name":"Transportanlage","hub_type":"truck_terminal","source_function_code":"1102","operator_classification":"other"},"geometry":{"type":"Point","coordinates":[9.582082536782485,53.8843049248852]}},{"type":"Feature","properties":{"id":"DEBKGDL2000012N0","name":"Transportanlage","hub_type":"truck_terminal","source_function_code":"1102","operator_classification":"other"},"geometry":{"type":"Point","coordinates":[14.352753823350358,51.323795214902866]}},{"type":"Feature","properties":{"id":"DEBKGDL2000012LQ","name":"Transportanlage","hub_type":"truck_terminal","source_function_code":"1102","operator_classification":"other"},"geometry":{"type":"Point","coordinates":[12.580316178539135,51.930237617994145]}},{"type":"Feature","properties":{"id":"DEBKGDL2000012K8","name":"Transportanlage","hub_type":"truck_terminal","source_function_code":"1102","operator_classification":"other"},"geometry":{"type":"Point","coordinates":[11.742405795335053,51.81815627540449]}},{"type":"Feature","properties":{"id":"DEBKGDL2000012JI","name":"Transportanlage","hub_type":"truck_terminal","source_function_code":"1102","operator_classification":"other"},"geometry":{"type":"Point","coordinates":[14.355533574849852,51.330256073513176]}},{"type":"Feature","properties":{"id":"DEBKGDL2000012NE","name":"Transportanlage","hub_type":"truck_terminal","source_function_code":"1102","operator_classification":"other"},"geometry":{"type":"Point","coordinates":[13.636147724833226,51.636544086567525]}},{"type":"Feature","properties":{"id":"DEBKGDL2000012MW","name":"Transportanlage","hub_type":"truck_terminal","source_function_code":"1102","operator_classification":"other"},"geometry":{"type":"Point","coordinates":[13.822920580561327,52.48112062431359]}},{"type":"Feature","properties":{"id":"DEBKGDL2000012NJ","name":"Transportanlage","hub_type":"truck_terminal","source_function_code":"1102","operator_classification":"other"},"geometry":{"type":"Point","coordinates":[13.811600352444541,51.21286397809417]}},{"type":"Feature","properties":{"id":"DEBKGDL2000012MU","name":"Transportanlage","hub_type":"truck_terminal","source_function_code":"1102","operator_classification":"other"},"geometry":{"type":"Point","coordinates":[11.678686882449323,52.30113060012816]}},{"type":"Feature","properties":{"id":"DEBKGDL2000012NU","name":"Transportanlage","hub_type":"truck_terminal","source_function_code":"1102","operator_classification":"other"},"geometry":{"type":"Point","coordinates":[10.688474798613626,48.77127878581866]}},{"type":"Feature","properties":{"id":"DEBKGDL2000012LB","name":"Transportanlage","hub_type":"truck_terminal","source_function_code":"1102","operator_classification":"other"},"geometry":{"type":"Point","coordinates":[13.301956841483962,51.342342242470465]}},{"type":"Feature","properties":{"id":"DEBKGDL2000012JM","name":"Transportanlage","hub_type":"truck_terminal","source_function_code":"1102","operator_classification":"other"},"geometry":{"type":"Point","coordinates":[14.347648094784061,51.33161736145734]}},{"type":"Feature","properties":{"id":"DEBKGDL200010RSR","name":"Transportanlage","hub_type":"truck_terminal","source_function_code":"1102","operator_classification":"other"},"geometry":{"type":"Point","coordinates":[6.359501787188005,50.859818049316125]}},{"type":"Feature","properties":{"id":"DEBKGDL2000012MY","name":"Transportanlage","hub_type":"truck_terminal","source_function_code":"1102","operator_classification":"other"},"geometry":{"type":"Point","coordinates":[8.76837163098692,48.23211856847694]}},{"type":"Feature","properties":{"id":"DEBKGDL2000012JW","name":"Transportanlage","hub_type":"truck_terminal","source_function_code":"1102","operator_classification":"other"},"geometry":{"type":"Point","coordinates":[7.552240143140546,47.6642916227286]}},{"type":"Feature","properties":{"id":"DEBKGDL2000012KB","name":"Transportanlage","hub_type":"truck_terminal","source_function_code":"1102","operator_classification":"other"},"geometry":{"type":"Point","coordinates":[13.018274524836748,51.24917091268294]}},{"type":"Feature","properties":{"id":"DEBKGDL2000012KU","name":"Transportanlage","hub_type":"truck_terminal","source_function_code":"1102","operator_classification":"other"},"geometry":{"type":"Point","coordinates":[9.887610239867834,52.38392918022713]}},{"type":"Feature","properties":{"id":"DEBKGDL2000012MH","name":"Transportanlage","hub_type":"truck_terminal","source_function_code":"1102","operator_classification":"other"},"geometry":{"type":"Point","coordinates":[11.04859285860168,51.04071748193161]}},{"type":"Feature","properties":{"id":"DEBKGDL2000012NM","name":"Transportanlage","hub_type":"truck_terminal","source_function_code":"1102","operator_classification":"other"},"geometry":{"type":"Point","coordinates":[11.757239814222407,51.8138613927404]}},{"type":"Feature","properties":{"id":"DEBKGDL2000012KG","name":"Transportanlage","hub_type":"truck_terminal","source_function_code":"1102","operator_classification":"other"},"geometry":{"type":"Point","coordinates":[9.746292162158007,48.3625065938338]}},{"type":"Feature","properties":{"id":"DEBKGDL2000012NW","name":"Transportanlage","hub_type":"truck_terminal","source_function_code":"1102","operator_classification":"other"},"geometry":{"type":"Point","coordinates":[9.595995897724565,52.06101160159585]}},{"type":"Feature","properties":{"id":"DEBKGDL2000012NO","name":"Transportanlage","hub_type":"truck_terminal","source_function_code":"1102","operator_classification":"other"},"geometry":{"type":"Point","coordinates":[11.743264208330816,51.81503434355113]}},{"type":"Feature","properties":{"id":"DEBKGDL2000012KD","name":"Transportanlage","hub_type":"truck_terminal","source_function_code":"1102","operator_classification":"other"},"geometry":{"type":"Point","coordinates":[9.87770476641337,52.375361260878755]}},{"type":"Feature","properties":{"id":"DEBKGDL2000012L0","name":"Transportanlage","hub_type":"truck_terminal","source_function_code":"1102","operator_classification":"other"},"geometry":{"type":"Point","coordinates":[6.572427317661616,51.054469147716766]}},{"type":"Feature","properties":{"id":"DEBKGDL2000012LK","name":"Transportanlage","hub_type":"truck_terminal","source_function_code":"1102","operator_classification":"other"},"geometry":{"type":"Point","coordinates":[6.5451701392073405,51.06727000083063]}},{"type":"Feature","properties":{"id":"DEBKGDL2000012N6","name":"Transportanlage","hub_type":"truck_terminal","source_function_code":"1102","operator_classification":"other"},"geometry":{"type":"Point","coordinates":[6.550663843996426,51.06606187674541]}},{"type":"Feature","properties":{"id":"DEBKGDL200010TIF","name":"Transportanlage","hub_type":"truck_terminal","source_function_code":"1102","operator_classification":"other"},"geometry":{"type":"Point","coordinates":[12.376830651860265,51.12101480984226]}},{"type":"Feature","properties":{"id":"DEBKGDL20000XZZQ","name":"Transportanlage","hub_type":"truck_terminal","source_function_code":"1102","operator_classification":"other"},"geometry":{"type":"Point","coordinates":[14.555835941575989,51.465185629966946]}},{"type":"Feature","properties":{"id":"DEBKGDL200010RJW","name":"Transportanlage","hub_type":"truck_terminal","source_function_code":"1102","operator_classification":"other"},"geometry":{"type":"Point","coordinates":[6.325507010746953,50.85961498373704]}},{"type":"Feature","properties":{"id":"DEBKGDL200010RJX","name":"Transportanlage","hub_type":"truck_terminal","source_function_code":"1102","operator_classification":"other"},"geometry":{"type":"Point","coordinates":[6.3235946229091535,50.85687290976327]}},{"type":"Feature","properties":{"id":"DEBKGDL200010ROU","name":"Transportanlage","hub_type":"truck_terminal","source_function_code":"1102","operator_classification":"other"},"geometry":{"type":"Point","coordinates":[6.500154317760216,50.88920704751359]}},{"type":"Feature","properties":{"id":"DEBKGDL2000012LE","name":"Transportanlage","hub_type":"truck_terminal","source_function_code":"1102","operator_classification":"other"},"geometry":{"type":"Point","coordinates":[6.558440983406369,51.06087815495556]}},{"type":"Feature","properties":{"id":"DEBKGDL2000012L6","name":"Transportanlage","hub_type":"truck_terminal","source_function_code":"1102","operator_classification":"other"},"geometry":{"type":"Point","coordinates":[11.74788699591126,51.818989441254374]}},{"type":"Feature","properties":{"id":"DEBKGDL2000012MJ","name":"Transportanlage","hub_type":"truck_terminal","source_function_code":"1102","operator_classification":"other"},"geometry":{"type":"Point","coordinates":[8.544703957749098,53.53394511747764]}},{"type":"Feature","properties":{"id":"DEBKGDL2000012KQ","name":"Transportanlage","hub_type":"truck_terminal","source_function_code":"1102","operator_classification":"other"},"geometry":{"type":"Point","coordinates":[9.895540374100225,52.34285889927129]}},{"type":"Feature","properties":{"id":"DEBKGDL2000012M7","name":"Transportanlage","hub_type":"truck_terminal","source_function_code":"1102","operator_classification":"other"},"geometry":{"type":"Point","coordinates":[10.229547952432577,51.827078690613995]}},{"type":"Feature","properties":{"id":"DEBKGDL2000012LG","name":"Transportanlage","hub_type":"truck_terminal","source_function_code":"1102","operator_classification":"other"},"geometry":{"type":"Point","coordinates":[13.826472547100943,52.484226864824116]}},{"type":"Feature","properties":{"id":"DEBKGDL2000012KW","name":"Transportanlage","hub_type":"truck_terminal","source_function_code":"1102","operator_classification":"other"},"geometry":{"type":"Point","coordinates":[10.282413082878723,50.79827033556707]}},{"type":"Feature","properties":{"id":"DEBKGDL2000012JJ","name":"Transportanlage","hub_type":"truck_terminal","source_function_code":"1102","operator_classification":"other"},"geometry":{"type":"Point","coordinates":[12.44452957989924,53.65965734885101]}},{"type":"Feature","properties":{"id":"DEBKGDL2000012MZ","name":"Transportanlage","hub_type":"truck_terminal","source_function_code":"1102","operator_classification":"other"},"geometry":{"type":"Point","coordinates":[9.886094481685268,52.3517508354469]}},{"type":"Feature","properties":{"id":"DEBKGDL2000012JR","name":"Transportanlage","hub_type":"truck_terminal","source_function_code":"1102","operator_classification":"other"},"geometry":{"type":"Point","coordinates":[8.14284630391314,53.56958631570209]}},{"type":"Feature","properties":{"id":"DEBKGDL2000012K0","name":"Transportanlage","hub_type":"truck_terminal","source_function_code":"1102","operator_classification":"other"},"geometry":{"type":"Point","coordinates":[13.602658909516249,54.5308868929626]}},{"type":"Feature","properties":{"id":"DEBKGDL2000012LA","name":"Transportanlage","hub_type":"truck_terminal","source_function_code":"1102","operator_classification":"other"},"geometry":{"type":"Point","coordinates":[9.759791787805181,48.35489245391922]}},{"type":"Feature","properties":{"id":"DEBKGDL2000012L4","name":"Transportanlage","hub_type":"truck_terminal","source_function_code":"1102","operator_classification":"other"},"geometry":{"type":"Point","coordinates":[11.993303606082629,49.53718289237215]}},{"type":"Feature","properties":{"id":"DEBKGDL2000012LW","name":"Transportanlage","hub_type":"truck_terminal","source_function_code":"1102","operator_classification":"other"},"geometry":{"type":"Point","coordinates":[12.119473171092661,54.14668550675729]}},{"type":"Feature","properties":{"id":"DEBKGDL2000012ME","name":"Transportanlage","hub_type":"truck_terminal","source_function_code":"1102","operator_classification":"other"},"geometry":{"type":"Point","coordinates":[11.745555546039908,51.820264515849026]}},{"type":"Feature","properties":{"id":"DEBKGDL2000012MB","name":"Transportanlage","hub_type":"truck_terminal","source_function_code":"1102","operator_classification":"other"},"geometry":{"type":"Point","coordinates":[13.833640825012504,52.484789439761016]}},{"type":"Feature","properties":{"id":"DEBKGDL2000012KI","name":"Transportanlage","hub_type":"truck_terminal","source_function_code":"1102","operator_classification":"other"},"geometry":{"type":"Point","coordinates":[8.549432150067453,53.52901248733549]}},{"type":"Feature","properties":{"id":"DEBKGDL2000012K6","name":"Transportanlage","hub_type":"truck_terminal","source_function_code":"1102","operator_classification":"other"},"geometry":{"type":"Point","coordinates":[6.572427317661616,51.054469147716766]}},{"type":"Feature","properties":{"id":"DEBKGDL200010TID","name":"Transportanlage","hub_type":"truck_terminal","source_function_code":"1102","operator_classification":"other"},"geometry":{"type":"Point","coordinates":[12.334430594673409,51.16125108996618]}},{"type":"Feature","properties":{"id":"DEBKGDL200010TIG","name":"Transportanlage","hub_type":"truck_terminal","source_function_code":"1102","operator_classification":"other"},"geometry":{"type":"Point","coordinates":[12.378179959961393,51.122655279067054]}},{"type":"Feature","properties":{"id":"DEBKGDL200010TII","name":"Transportanlage","hub_type":"truck_terminal","source_function_code":"1102","operator_classification":"other"},"geometry":{"type":"Point","coordinates":[12.369453671902871,51.110241200440335]}},{"type":"Feature","properties":{"id":"DEBKGDL200010TIC","name":"Transportanlage","hub_type":"truck_terminal","source_function_code":"1102","operator_classification":"other"},"geometry":{"type":"Point","coordinates":[12.369310543665451,51.121284324493324]}},{"type":"Feature","properties":{"id":"DEBKGDL200010TI7","name":"Transportanlage","hub_type":"truck_terminal","source_function_code":"1102","operator_classification":"other"},"geometry":{"type":"Point","coordinates":[12.355132418560267,51.13002179407705]}},{"type":"Feature","properties":{"id":"DEBKGDL200010TIE","name":"Transportanlage","hub_type":"truck_terminal","source_function_code":"1102","operator_classification":"other"},"geometry":{"type":"Point","coordinates":[12.346401062900194,51.1433139966404]}},{"type":"Feature","properties":{"id":"DEBKGDL200010TIK","name":"Transportanlage","hub_type":"truck_terminal","source_function_code":"1102","operator_classification":"other"},"geometry":{"type":"Point","coordinates":[12.34786796535443,51.140988389676856]}},{"type":"Feature","properties":{"id":"DEBKGDL200010TIH","name":"Transportanlage","hub_type":"truck_terminal","source_function_code":"1102","operator_classification":"other"},"geometry":{"type":"Point","coordinates":[12.351146216720043,51.136027961090264]}},{"type":"Feature","properties":{"id":"DEBKGDL200010U6O","name":"Transportanlage","hub_type":"truck_terminal","source_function_code":"1102","operator_classification":"other"},"geometry":{"type":"Point","coordinates":[14.702264797585169,51.41352023228827]}},{"type":"Feature","properties":{"id":"DEBKGDL200010U7E","name":"Transportanlage","hub_type":"truck_terminal","source_function_code":"1102","operator_classification":"other"},"geometry":{"type":"Point","coordinates":[14.650856482592323,51.40919480295773]}},{"type":"Feature","properties":{"id":"DEBKGDL200010U7F","name":"Transportanlage","hub_type":"truck_terminal","source_function_code":"1102","operator_classification":"other"},"geometry":{"type":"Point","coordinates":[14.654981533486497,51.407882137178596]}},{"type":"Feature","properties":{"id":"DEBKGDL200010V1J","name":"Transportanlage","hub_type":"truck_terminal","source_function_code":"1102","operator_classification":"other"},"geometry":{"type":"Point","coordinates":[12.181208691637604,51.12290234557474]}},{"type":"Feature","properties":{"id":"DEBKGDL2000012KR","name":"Transportanlage","hub_type":"truck_terminal","source_function_code":"1102","operator_classification":"other"},"geometry":{"type":"Point","coordinates":[9.580760909488964,53.897896268301125]}},{"type":"Feature","properties":{"id":"DEBKGDL2000012LZ","name":"Transportanlage","hub_type":"truck_terminal","source_function_code":"1102","operator_classification":"other"},"geometry":{"type":"Point","coordinates":[12.184331260512327,51.13228959769989]}},{"type":"Feature","properties":{"id":"DEBKGDL2000012NT","name":"Transportanlage","hub_type":"truck_terminal","source_function_code":"1102","operator_classification":"other"},"geometry":{"type":"Point","coordinates":[6.490886089778081,51.69195898272899]}},{"type":"Feature","properties":{"id":"DEBKGDL2000012N4","name":"Transportanlage","hub_type":"truck_terminal","source_function_code":"1102","operator_classification":"other"},"geometry":{"type":"Point","coordinates":[9.987065743135675,50.90356458327171]}},{"type":"Feature","properties":{"id":"DEBKGDL2000012M5","name":"Transportanlage","hub_type":"truck_terminal","source_function_code":"1102","operator_classification":"other"},"geometry":{"type":"Point","coordinates":[13.183153757418205,51.45569168057574]}},{"type":"Feature","properties":{"id":"DEBKGDL2000012K4","name":"Transportanlage","hub_type":"truck_terminal","source_function_code":"1102","operator_classification":"other"},"geometry":{"type":"Point","coordinates":[12.48362145319362,51.57849897204224]}},{"type":"Feature","properties":{"id":"DEBKGDL2000012MN","name":"Transportanlage","hub_type":"truck_terminal","source_function_code":"1102","operator_classification":"other"},"geometry":{"type":"Point","coordinates":[8.155972502208886,53.58405793276119]}},{"type":"Feature","properties":{"id":"DEBKGDL200010V2P","name":"Transportanlage","hub_type":"truck_terminal","source_function_code":"1102","operator_classification":"other"},"geometry":{"type":"Point","coordinates":[12.147771670591375,51.14906513887757]}},{"type":"Feature","properties":{"id":"DEBKGDL200010V2R","name":"Transportanlage","hub_type":"truck_terminal","source_function_code":"1102","operator_classification":"other"},"geometry":{"type":"Point","coordinates":[12.175059297582541,51.13318138446525]}},{"type":"Feature","properties":{"id":"DEBKGDL200010V2S","name":"Transportanlage","hub_type":"truck_terminal","source_function_code":"1102","operator_classification":"other"},"geometry":{"type":"Point","coordinates":[12.19271547182071,51.141648398035116]}},{"type":"Feature","properties":{"id":"DEBKGDL20001240E","name":"Transportanlage","hub_type":"truck_terminal","source_function_code":"1102","operator_classification":"other"},"geometry":{"type":"Point","coordinates":[14.643901539816003,51.41140748437266]}},{"type":"Feature","properties":{"id":"DEBKGDL2000012KM","name":"Transportanlage","hub_type":"truck_terminal","source_function_code":"1102","operator_classification":"other"},"geometry":{"type":"Point","coordinates":[11.684846384843198,52.30991658691172]}},{"type":"Feature","properties":{"id":"DEBKGDL2000154P8","name":"Transportanlage","hub_type":"truck_terminal","source_function_code":"1102","operator_classification":"other"},"geometry":{"type":"Point","coordinates":[12.170488207551626,51.12120230550347]}},{"type":"Feature","properties":{"id":"DEBKGDL2000154P9","name":"Transportanlage","hub_type":"truck_terminal","source_function_code":"1102","operator_classification":"other"},"geometry":{"type":"Point","coordinates":[12.398892669664873,51.12909526766368]}},{"type":"Feature","properties":{"id":"DEBKGDL2000154PC","name":"Transportanlage","hub_type":"truck_terminal","source_function_code":"1102","operator_classification":"other"},"geometry":{"type":"Point","coordinates":[12.37404244238323,51.132235015064914]}},{"type":"Feature","properties":{"id":"DEBKGDL2000154PM","name":"Transportanlage","hub_type":"truck_terminal","source_function_code":"1102","operator_classification":"other"},"geometry":{"type":"Point","coordinates":[14.675624548493355,51.402974923742335]}},{"type":"Feature","properties":{"id":"DEBKGDL200015SMR","name":"Transportanlage","hub_type":"truck_terminal","source_function_code":"1102","operator_classification":"other"},"geometry":{"type":"Point","coordinates":[14.700285824172475,51.417121720546184]}},{"type":"Feature","properties":{"id":"DEBKGDL200015SMO","name":"Transportanlage","hub_type":"truck_terminal","source_function_code":"1102","operator_classification":"other"},"geometry":{"type":"Point","coordinates":[14.601455793947615,51.412375266846]}},{"type":"Feature","properties":{"id":"DEBKGDL200015SMP","name":"Transportanlage","hub_type":"truck_terminal","source_function_code":"1102","operator_classification":"other"},"geometry":{"type":"Point","coordinates":[12.121213628810168,54.1528621483093]}},{"type":"Feature","properties":{"id":"DEBKGDL200015SOS","name":"Transportanlage","hub_type":"truck_terminal","source_function_code":"1102","operator_classification":"other"},"geometry":{"type":"Point","coordinates":[10.558254679244692,51.16179401116007]}},{"type":"Feature","properties":{"id":"DEBKGDL200015SZX","name":"Transportanlage","hub_type":"truck_terminal","source_function_code":"1102","operator_classification":"other"},"geometry":{"type":"Point","coordinates":[6.496884867250759,51.04163623385679]}},{"type":"Feature","properties":{"id":"DEBKGDL200015SZV","name":"Transportanlage","hub_type":"truck_terminal","source_function_code":"1102","operator_classification":"other"},"geometry":{"type":"Point","coordinates":[6.47943618389815,51.04085178405081]}},{"type":"Feature","properties":{"id":"DEBKGDL200015SZY","name":"Transportanlage","hub_type":"truck_terminal","source_function_code":"1102","operator_classification":"other"},"geometry":{"type":"Point","coordinates":[6.483738891073667,51.04103676669169]}},{"type":"Feature","properties":{"id":"DEBKGDL200015XAZ","name":"Transportanlage","hub_type":"truck_terminal","source_function_code":"1102","operator_classification":"other"},"geometry":{"type":"Point","coordinates":[11.69613814160152,52.324740711084075]}},{"type":"Feature","properties":{"id":"DEBKGDL200015XB1","name":"Transportanlage","hub_type":"truck_terminal","source_function_code":"1102","operator_classification":"other"},"geometry":{"type":"Point","coordinates":[11.6906117368292,52.31311934415234]}},{"type":"Feature","properties":{"id":"DEBKGDL200015XW0","name":"Transportanlage","hub_type":"truck_terminal","source_function_code":"1102","operator_classification":"other"},"geometry":{"type":"Point","coordinates":[10.487139719176094,51.36188024844686]}},{"type":"Feature","properties":{"id":"DEBKGDL200015ZGN","name":"Transportanlage","hub_type":"truck_terminal","source_function_code":"1102","operator_classification":"other"},"geometry":{"type":"Point","coordinates":[6.544079109588105,50.884794157799206]}},{"type":"Feature","properties":{"id":"DEBKGDL200015ZGE","name":"Transportanlage","hub_type":"truck_terminal","source_function_code":"1102","operator_classification":"other"},"geometry":{"type":"Point","coordinates":[6.525844680705144,50.89947499466529]}},{"type":"Feature","properties":{"id":"DEBKGDL200015ZGC","name":"Transportanlage","hub_type":"truck_terminal","source_function_code":"1102","operator_classification":"other"},"geometry":{"type":"Point","coordinates":[6.4995514790166204,50.912226208464254]}},{"type":"Feature","properties":{"id":"DEBKGDL200015ZGK","name":"Transportanlage","hub_type":"truck_terminal","source_function_code":"1102","operator_classification":"other"},"geometry":{"type":"Point","coordinates":[6.5157784154699545,50.90216264841614]}},{"type":"Feature","properties":{"id":"DEBKGDL200015ZGL","name":"Transportanlage","hub_type":"truck_terminal","source_function_code":"1102","operator_classification":"other"},"geometry":{"type":"Point","coordinates":[6.539488719890535,50.8870050490684]}},{"type":"Feature","properties":{"id":"DEBKGDL200015ZGF","name":"Transportanlage","hub_type":"truck_terminal","source_function_code":"1102","operator_classification":"other"},"geometry":{"type":"Point","coordinates":[6.560402468616462,50.887241151724346]}},{"type":"Feature","properties":{"id":"DEBKGDL200015ZGJ","name":"Transportanlage","hub_type":"truck_terminal","source_function_code":"1102","operator_classification":"other"},"geometry":{"type":"Point","coordinates":[6.49523850254503,50.91536057213477]}},{"type":"Feature","properties":{"id":"DEBKGDL200015ZGM","name":"Transportanlage","hub_type":"truck_terminal","source_function_code":"1102","operator_classification":"other"},"geometry":{"type":"Point","coordinates":[6.477875060377074,50.90415568181717]}},{"type":"Feature","properties":{"id":"DEBKGDL200015ZGB","name":"Transportanlage","hub_type":"truck_terminal","source_function_code":"1102","operator_classification":"other"},"geometry":{"type":"Point","coordinates":[6.472886668938727,50.91882249397448]}},{"type":"Feature","properties":{"id":"DEBKGDL200015ZGD","name":"Transportanlage","hub_type":"truck_terminal","source_function_code":"1102","operator_classification":"other"},"geometry":{"type":"Point","coordinates":[6.50830565172347,50.908612587640825]}},{"type":"Feature","properties":{"id":"DEBKGDL200015ZGA","name":"Transportanlage","hub_type":"truck_terminal","source_function_code":"1102","operator_classification":"other"},"geometry":{"type":"Point","coordinates":[6.5132516141536945,50.905289712368536]}},{"type":"Feature","properties":{"id":"DEBKGDL200015ZGG","name":"Transportanlage","hub_type":"truck_terminal","source_function_code":"1102","operator_classification":"other"},"geometry":{"type":"Point","coordinates":[6.53302017147255,50.89359093047989]}},{"type":"Feature","properties":{"id":"DEBKGDL200015ZGI","name":"Transportanlage","hub_type":"truck_terminal","source_function_code":"1102","operator_classification":"other"},"geometry":{"type":"Point","coordinates":[6.531341952420872,50.897397996839864]}},{"type":"Feature","properties":{"id":"DEBKGDL200015ZGV","name":"Transportanlage","hub_type":"truck_terminal","source_function_code":"1102","operator_classification":"other"},"geometry":{"type":"Point","coordinates":[6.3348056947529265,50.88154573667174]}},{"type":"Feature","properties":{"id":"DEBKGDL200015ZGR","name":"Transportanlage","hub_type":"truck_terminal","source_function_code":"1102","operator_classification":"other"},"geometry":{"type":"Point","coordinates":[6.3491157953353925,50.87129987463632]}},{"type":"Feature","properties":{"id":"DEBKGDL200015ZGS","name":"Transportanlage","hub_type":"truck_terminal","source_function_code":"1102","operator_classification":"other"},"geometry":{"type":"Point","coordinates":[6.3533699306246465,50.869866298848784]}},{"type":"Feature","properties":{"id":"DEBKGDL200015ZGT","name":"Transportanlage","hub_type":"truck_terminal","source_function_code":"1102","operator_classification":"other"},"geometry":{"type":"Point","coordinates":[6.384740628070362,50.8678925990507]}},{"type":"Feature","properties":{"id":"DEBKGDL200015ZGQ","name":"Transportanlage","hub_type":"truck_terminal","source_function_code":"1102","operator_classification":"other"},"geometry":{"type":"Point","coordinates":[6.381432403700419,50.86746768757024]}},{"type":"Feature","properties":{"id":"DEBKGDL200015ZGU","name":"Transportanlage","hub_type":"truck_terminal","source_function_code":"1102","operator_classification":"other"},"geometry":{"type":"Point","coordinates":[6.360037520157552,50.86586964207517]}},{"type":"Feature","properties":{"id":"DEBKGDL200015ZGO","name":"Transportanlage","hub_type":"truck_terminal","source_function_code":"1102","operator_classification":"other"},"geometry":{"type":"Point","coordinates":[6.361522939469173,50.864420467750136]}},{"type":"Feature","properties":{"id":"DEBKGDL200015ZGW","name":"Transportanlage","hub_type":"truck_terminal","source_function_code":"1102","operator_classification":"other"},"geometry":{"type":"Point","coordinates":[6.362672752394631,50.86300426175234]}},{"type":"Feature","properties":{"id":"DEBKGDL200015ZGP","name":"Transportanlage","hub_type":"truck_terminal","source_function_code":"1102","operator_classification":"other"},"geometry":{"type":"Point","coordinates":[6.36767261767751,50.860087831278776]}},{"type":"Feature","properties":{"id":"DEBKGDL200015ZH4","name":"Transportanlage","hub_type":"truck_terminal","source_function_code":"1102","operator_classification":"other"},"geometry":{"type":"Point","coordinates":[8.141592331574852,53.572115607480775]}},{"type":"Feature","properties":{"id":"DEBKGDL200015ZH5","name":"Transportanlage","hub_type":"truck_terminal","source_function_code":"1102","operator_classification":"other"},"geometry":{"type":"Point","coordinates":[8.135665649664984,53.57389148714535]}},{"type":"Feature","properties":{"id":"DEBKGDL200015ZL3","name":"Transportanlage","hub_type":"truck_terminal","source_function_code":"1102","operator_classification":"other"},"geometry":{"type":"Point","coordinates":[6.445771650812537,51.06348445492028]}},{"type":"Feature","properties":{"id":"DEBKGDL200015ZL1","name":"Transportanlage","hub_type":"truck_terminal","source_function_code":"1102","operator_classification":"other"},"geometry":{"type":"Point","coordinates":[6.447875718779475,51.053496424815165]}},{"type":"Feature","properties":{"id":"DEBKGDL200015ZKY","name":"Transportanlage","hub_type":"truck_terminal","source_function_code":"1102","operator_classification":"other"},"geometry":{"type":"Point","coordinates":[6.516026830115325,51.08587842319318]}},{"type":"Feature","properties":{"id":"DEBKGDL200015ZL2","name":"Transportanlage","hub_type":"truck_terminal","source_function_code":"1102","operator_classification":"other"},"geometry":{"type":"Point","coordinates":[6.509677116621041,51.06562504548672]}},{"type":"Feature","properties":{"id":"DEBKGDL200015ZKZ","name":"Transportanlage","hub_type":"truck_terminal","source_function_code":"1102","operator_classification":"other"},"geometry":{"type":"Point","coordinates":[6.489274529592414,51.057898998743724]}},{"type":"Feature","properties":{"id":"DEBKGDL200015ZL0","name":"Transportanlage","hub_type":"truck_terminal","source_function_code":"1102","operator_classification":"other"},"geometry":{"type":"Point","coordinates":[6.468704385553948,51.07103204698531]}},{"type":"Feature","properties":{"id":"DEBKGDL200015ZKX","name":"Transportanlage","hub_type":"truck_terminal","source_function_code":"1102","operator_classification":"other"},"geometry":{"type":"Point","coordinates":[6.472292421622494,51.04955069386062]}},{"type":"Feature","properties":{"id":"DEBKGDL200015ZL6","name":"Transportanlage","hub_type":"truck_terminal","source_function_code":"1102","operator_classification":"other"},"geometry":{"type":"Point","coordinates":[6.518992818815775,51.698155295721214]}},{"type":"Feature","properties":{"id":"DEBKGDL200015ZL8","name":"Transportanlage","hub_type":"truck_terminal","source_function_code":"1102","operator_classification":"other"},"geometry":{"type":"Point","coordinates":[6.501234242968167,51.70184262949177]}},{"type":"Feature","properties":{"id":"DEBKGDL200015ZL7","name":"Transportanlage","hub_type":"truck_terminal","source_function_code":"1102","operator_classification":"other"},"geometry":{"type":"Point","coordinates":[6.506683358998871,51.7209064319447]}},{"type":"Feature","properties":{"id":"DEBKGDL200015ZLG","name":"Transportanlage","hub_type":"truck_terminal","source_function_code":"1102","operator_classification":"other"},"geometry":{"type":"Point","coordinates":[6.436852112444926,51.7614063350978]}},{"type":"Feature","properties":{"id":"DEBKGDL200015ZLE","name":"Transportanlage","hub_type":"truck_terminal","source_function_code":"1102","operator_classification":"other"},"geometry":{"type":"Point","coordinates":[6.445653116688854,51.757988198011994]}},{"type":"Feature","properties":{"id":"DEBKGDL200015ZLD","name":"Transportanlage","hub_type":"truck_terminal","source_function_code":"1102","operator_classification":"other"},"geometry":{"type":"Point","coordinates":[6.4378341832316925,51.758549448273435]}},{"type":"Feature","properties":{"id":"DEBKGDL200015ZLC","name":"Transportanlage","hub_type":"truck_terminal","source_function_code":"1102","operator_classification":"other"},"geometry":{"type":"Point","coordinates":[6.435380715082278,51.75697850339167]}},{"type":"Feature","properties":{"id":"DEBKGDL200015ZLF","name":"Transportanlage","hub_type":"truck_terminal","source_function_code":"1102","operator_classification":"other"},"geometry":{"type":"Point","coordinates":[6.4345116142338,51.756457602619]}},{"type":"Feature","properties":{"id":"DEBKGDL200015ZLJ","name":"Transportanlage","hub_type":"truck_terminal","source_function_code":"1102","operator_classification":"other"},"geometry":{"type":"Point","coordinates":[6.9441810941959305,50.812662103693086]}},{"type":"Feature","properties":{"id":"DEBKGDL200015ZLK","name":"Transportanlage","hub_type":"truck_terminal","source_function_code":"1102","operator_classification":"other"},"geometry":{"type":"Point","coordinates":[7.012503792723025,51.30007747981071]}},{"type":"Feature","properties":{"id":"DEBKGDL200015ZLX","name":"Transportanlage","hub_type":"truck_terminal","source_function_code":"1102","operator_classification":"other"},"geometry":{"type":"Point","coordinates":[8.66385255304135,51.748061269740404]}},{"type":"Feature","properties":{"id":"DEBKGDL200015ZM1","name":"Transportanlage","hub_type":"truck_terminal","source_function_code":"1102","operator_classification":"other"},"geometry":{"type":"Point","coordinates":[8.658736828095858,51.74739994890527]}},{"type":"Feature","properties":{"id":"DEBKGDL200015ZM5","name":"Transportanlage","hub_type":"truck_terminal","source_function_code":"1102","operator_classification":"other"},"geometry":{"type":"Point","coordinates":[8.656401416488745,51.747393145122984]}},{"type":"Feature","properties":{"id":"DEBKGDL200015ZM2","name":"Transportanlage","hub_type":"truck_terminal","source_function_code":"1102","operator_classification":"other"},"geometry":{"type":"Point","coordinates":[8.64812778877401,51.74775862447662]}},{"type":"Feature","properties":{"id":"DEBKGDL200015ZM4","name":"Transportanlage","hub_type":"truck_terminal","source_function_code":"1102","operator_classification":"other"},"geometry":{"type":"Point","coordinates":[8.646876979050584,51.747773809219574]}},{"type":"Feature","properties":{"id":"DEBKGDL200015ZLW","name":"Transportanlage","hub_type":"truck_terminal","source_function_code":"1102","operator_classification":"other"},"geometry":{"type":"Point","coordinates":[8.639707198727917,51.747210409368876]}},{"type":"Feature","properties":{"id":"DEBKGDL200015ZM0","name":"Transportanlage","hub_type":"truck_terminal","source_function_code":"1102","operator_classification":"other"},"geometry":{"type":"Point","coordinates":[8.636909038900082,51.74634032486465]}},{"type":"Feature","properties":{"id":"DEBKGDL200015ZM9","name":"Transportanlage","hub_type":"truck_terminal","source_function_code":"1102","operator_classification":"other"},"geometry":{"type":"Point","coordinates":[9.103316084371947,52.514797647200666]}},{"type":"Feature","properties":{"id":"DEBKGDL200015ZMC","name":"Transportanlage","hub_type":"truck_terminal","source_function_code":"1102","operator_classification":"other"},"geometry":{"type":"Point","coordinates":[8.126712294086916,50.42460011788178]}},{"type":"Feature","properties":{"id":"DEBKGDL200015ZMD","name":"Transportanlage","hub_type":"truck_terminal","source_function_code":"1102","operator_classification":"other"},"geometry":{"type":"Point","coordinates":[8.116469377385725,50.420918737919074]}},{"type":"Feature","properties":{"id":"DEBKGDL200015ZMB","name":"Transportanlage","hub_type":"truck_terminal","source_function_code":"1102","operator_classification":"other"},"geometry":{"type":"Point","coordinates":[8.121181939221644,50.4216617487646]}},{"type":"Feature","properties":{"id":"DEBKGDL200015ZMI","name":"Transportanlage","hub_type":"truck_terminal","source_function_code":"1102","operator_classification":"other"},"geometry":{"type":"Point","coordinates":[8.515384999339313,49.20676980514547]}},{"type":"Feature","properties":{"id":"DEBKGDL200015ZMJ","name":"Transportanlage","hub_type":"truck_terminal","source_function_code":"1102","operator_classification":"other"},"geometry":{"type":"Point","coordinates":[9.925794931015412,53.51361483069118]}},{"type":"Feature","properties":{"id":"DEBKGDL200015ZMK","name":"Transportanlage","hub_type":"truck_terminal","source_function_code":"1102","operator_classification":"other"},"geometry":{"type":"Point","coordinates":[8.324311315322335,49.100065079012445]}},{"type":"Feature","properties":{"id":"DEBKGDL200015ZMO","name":"Transportanlage","hub_type":"truck_terminal","source_function_code":"1102","operator_classification":"other"},"geometry":{"type":"Point","coordinates":[6.73785928342685,49.349068277260955]}},{"type":"Feature","properties":{"id":"DEBKGDL200015ZMN","name":"Transportanlage","hub_type":"truck_terminal","source_function_code":"1102","operator_classification":"other"},"geometry":{"type":"Point","coordinates":[6.746248985032613,49.35146285538242]}},{"type":"Feature","properties":{"id":"DEBKGDL200015ZMP","name":"Transportanlage","hub_type":"truck_terminal","source_function_code":"1102","operator_classification":"other"},"geometry":{"type":"Point","coordinates":[6.737038706438892,49.34541060193895]}},{"type":"Feature","properties":{"id":"DEBKGDL200015ZML","name":"Transportanlage","hub_type":"truck_terminal","source_function_code":"1102","operator_classification":"other"},"geometry":{"type":"Point","coordinates":[6.733131110803766,49.34374607039012]}},{"type":"Feature","properties":{"id":"DEBKGDL200015ZMM","name":"Transportanlage","hub_type":"truck_terminal","source_function_code":"1102","operator_classification":"other"},"geometry":{"type":"Point","coordinates":[6.7314197452177496,49.34302863682379]}},{"type":"Feature","properties":{"id":"DEBKGDL200015ZQY","name":"Transportanlage","hub_type":"truck_terminal","source_function_code":"1102","operator_classification":"other"},"geometry":{"type":"Point","coordinates":[14.267563601563475,51.59424261204927]}},{"type":"Feature","properties":{"id":"DEBKGDL200015ZQX","name":"Transportanlage","hub_type":"truck_terminal","source_function_code":"1102","operator_classification":"other"},"geometry":{"type":"Point","coordinates":[14.237781409800697,51.586948314406996]}},{"type":"Feature","properties":{"id":"DEBKGDL200015ZRD","name":"Transportanlage","hub_type":"truck_terminal","source_function_code":"1102","operator_classification":"other"},"geometry":{"type":"Point","coordinates":[14.630228933100753,52.17387354370045]}},{"type":"Feature","properties":{"id":"DEBKGDL200015ZRH","name":"Transportanlage","hub_type":"truck_terminal","source_function_code":"1102","operator_classification":"other"},"geometry":{"type":"Point","coordinates":[14.635247266010747,52.16905592647559]}},{"type":"Feature","properties":{"id":"DEBKGDL200015ZRF","name":"Transportanlage","hub_type":"truck_terminal","source_function_code":"1102","operator_classification":"other"},"geometry":{"type":"Point","coordinates":[14.628613255572846,52.17975616538316]}},{"type":"Feature","properties":{"id":"DEBKGDL200015ZRC","name":"Transportanlage","hub_type":"truck_terminal","source_function_code":"1102","operator_classification":"other"},"geometry":{"type":"Point","coordinates":[14.627026530028362,52.17918065455509]}},{"type":"Feature","properties":{"id":"DEBKGDL200015ZRB","name":"Transportanlage","hub_type":"truck_terminal","source_function_code":"1102","operator_classification":"other"},"geometry":{"type":"Point","coordinates":[14.622484515874435,52.179639970182144]}},{"type":"Feature","properties":{"id":"DEBKGDL200015ZRI","name":"Transportanlage","hub_type":"truck_terminal","source_function_code":"1102","operator_classification":"other"},"geometry":{"type":"Point","coordinates":[14.616475363534468,52.177573344002134]}},{"type":"Feature","properties":{"id":"DEBKGDL200015ZRG","name":"Transportanlage","hub_type":"truck_terminal","source_function_code":"1102","operator_classification":"other"},"geometry":{"type":"Point","coordinates":[14.613114980186628,52.17495211639876]}},{"type":"Feature","properties":{"id":"DEBKGDL200015ZRM","name":"Transportanlage","hub_type":"truck_terminal","source_function_code":"1102","operator_classification":"other"},"geometry":{"type":"Point","coordinates":[11.605432514548887,48.726785268052076]}},{"type":"Feature","properties":{"id":"DEBKGDL200015ZRQ","name":"Transportanlage","hub_type":"truck_terminal","source_function_code":"1102","operator_classification":"other"},"geometry":{"type":"Point","coordinates":[12.448975011233513,53.676552755172736]}},{"type":"Feature","properties":{"id":"DEBKGDL200015ZRR","name":"Transportanlage","hub_type":"truck_terminal","source_function_code":"1102","operator_classification":"other"},"geometry":{"type":"Point","coordinates":[12.449943186012058,53.673579433856325]}},{"type":"Feature","properties":{"id":"DEBKGDL200015ZRP","name":"Transportanlage","hub_type":"truck_terminal","source_function_code":"1102","operator_classification":"other"},"geometry":{"type":"Point","coordinates":[12.445003506084124,53.67143449125023]}},{"type":"Feature","properties":{"id":"DEBKGDL200015ZRS","name":"Transportanlage","hub_type":"truck_terminal","source_function_code":"1102","operator_classification":"other"},"geometry":{"type":"Point","coordinates":[12.444328721783371,53.67491895239779]}},{"type":"Feature","properties":{"id":"DEBKGDL200015ZRU","name":"Transportanlage","hub_type":"truck_terminal","source_function_code":"1102","operator_classification":"other"},"geometry":{"type":"Point","coordinates":[12.110889597564256,54.15545762080192]}},{"type":"Feature","properties":{"id":"DEBKGDL200015ZRT","name":"Transportanlage","hub_type":"truck_terminal","source_function_code":"1102","operator_classification":"other"},"geometry":{"type":"Point","coordinates":[12.113592577225614,54.15085969416624]}},{"type":"Feature","properties":{"id":"DEBKGDL200015ZRW","name":"Transportanlage","hub_type":"truck_terminal","source_function_code":"1102","operator_classification":"other"},"geometry":{"type":"Point","coordinates":[12.351043075925777,51.18077762601438]}},{"type":"Feature","properties":{"id":"DEBKGDL200015ZRV","name":"Transportanlage","hub_type":"truck_terminal","source_function_code":"1102","operator_classification":"other"},"geometry":{"type":"Point","coordinates":[12.364374402917024,51.17754695656942]}},{"type":"Feature","properties":{"id":"DEBKGDL20001606J","name":"Transportanlage","hub_type":"truck_terminal","source_function_code":"1102","operator_classification":"other"},"geometry":{"type":"Point","coordinates":[10.801144233342676,51.75389893582837]}},{"type":"Feature","properties":{"id":"DEBKGDL20001606I","name":"Transportanlage","hub_type":"truck_terminal","source_function_code":"1102","operator_classification":"other"},"geometry":{"type":"Point","coordinates":[10.794713068006343,51.75637567955303]}},{"type":"Feature","properties":{"id":"DEBKGDL20001606M","name":"Transportanlage","hub_type":"truck_terminal","source_function_code":"1102","operator_classification":"other"},"geometry":{"type":"Point","coordinates":[11.712873273645126,51.45397730227961]}},{"type":"Feature","properties":{"id":"DEBKGDL20001C9PI","name":"Transportanlage","hub_type":"truck_terminal","source_function_code":"1102","operator_classification":"other"},"geometry":{"type":"Point","coordinates":[14.562043543151042,51.484619718206446]}},{"type":"Feature","properties":{"id":"DEBKGDL20001606P","name":"Transportanlage","hub_type":"truck_terminal","source_function_code":"1102","operator_classification":"other"},"geometry":{"type":"Point","coordinates":[13.039247955315128,51.821456001425354]}},{"type":"Feature","properties":{"id":"DEBKGDL20001606Q","name":"Transportanlage","hub_type":"truck_terminal","source_function_code":"1102","operator_classification":"other"},"geometry":{"type":"Point","coordinates":[13.054668386869972,51.822494484581796]}},{"type":"Feature","properties":{"id":"DEBKGDL20001606O","name":"Transportanlage","hub_type":"truck_terminal","source_function_code":"1102","operator_classification":"other"},"geometry":{"type":"Point","coordinates":[13.056276564877676,51.82243894094612]}},{"type":"Feature","properties":{"id":"DEBKGDL20001606R","name":"Transportanlage","hub_type":"truck_terminal","source_function_code":"1102","operator_classification":"other"},"geometry":{"type":"Point","coordinates":[11.841316028793521,51.88824188274278]}},{"type":"Feature","properties":{"id":"DEBKGDL20001606T","name":"Transportanlage","hub_type":"truck_terminal","source_function_code":"1102","operator_classification":"other"},"geometry":{"type":"Point","coordinates":[11.840735384561915,51.88790577569431]}},{"type":"Feature","properties":{"id":"DEBKGDL20001606S","name":"Transportanlage","hub_type":"truck_terminal","source_function_code":"1102","operator_classification":"other"},"geometry":{"type":"Point","coordinates":[11.832305539165553,51.88304119558612]}},{"type":"Feature","properties":{"id":"DEBKGDL20001606V","name":"Transportanlage","hub_type":"truck_terminal","source_function_code":"1102","operator_classification":"other"},"geometry":{"type":"Point","coordinates":[11.732279267180548,51.810875430469174]}},{"type":"Feature","properties":{"id":"DEBKGDL20001606U","name":"Transportanlage","hub_type":"truck_terminal","source_function_code":"1102","operator_classification":"other"},"geometry":{"type":"Point","coordinates":[11.736747439941107,51.81202323255582]}},{"type":"Feature","properties":{"id":"DEBKGDL20001606W","name":"Transportanlage","hub_type":"truck_terminal","source_function_code":"1102","operator_classification":"other"},"geometry":{"type":"Point","coordinates":[12.049748446480496,51.41040551257333]}},{"type":"Feature","properties":{"id":"DEBKGDL20001606X","name":"Transportanlage","hub_type":"truck_terminal","source_function_code":"1102","operator_classification":"other"},"geometry":{"type":"Point","coordinates":[11.796931436391885,52.33980786880753]}},{"type":"Feature","properties":{"id":"DEBKGDL20001606Z","name":"Transportanlage","hub_type":"truck_terminal","source_function_code":"1102","operator_classification":"other"},"geometry":{"type":"Point","coordinates":[12.279181046302208,50.997536187107336]}},{"type":"Feature","properties":{"id":"DEBKGDL20001606Y","name":"Transportanlage","hub_type":"truck_terminal","source_function_code":"1102","operator_classification":"other"},"geometry":{"type":"Point","coordinates":[12.279565497094977,50.99177828778532]}},{"type":"Feature","properties":{"id":"DEBKGDL20001BRXH","name":"Transportanlage","hub_type":"truck_terminal","source_function_code":"1102","operator_classification":"other"},"geometry":{"type":"Point","coordinates":[14.213006620912964,51.55817359769349]}},{"type":"Feature","properties":{"id":"DEBKGDL20001BRXG","name":"Transportanlage","hub_type":"truck_terminal","source_function_code":"1102","operator_classification":"other"},"geometry":{"type":"Point","coordinates":[14.208495979128767,51.59695241125955]}},{"type":"Feature","properties":{"id":"DEBKGDL20001C9P8","name":"Transportanlage","hub_type":"truck_terminal","source_function_code":"1102","operator_classification":"other"},"geometry":{"type":"Point","coordinates":[12.365847609278534,51.12336695847291]}},{"type":"Feature","properties":{"id":"DEBKGDL20001C9P9","name":"Transportanlage","hub_type":"truck_terminal","source_function_code":"1102","operator_classification":"other"},"geometry":{"type":"Point","coordinates":[12.377288861218414,51.12916376629017]}},{"type":"Feature","properties":{"id":"DEBKGDL20001C9PA","name":"Transportanlage","hub_type":"truck_terminal","source_function_code":"1102","operator_classification":"other"},"geometry":{"type":"Point","coordinates":[14.597070974069826,51.41640697481576]}},{"type":"Feature","properties":{"id":"DEBKGDL20001C9PB","name":"Transportanlage","hub_type":"truck_terminal","source_function_code":"1102","operator_classification":"other"},"geometry":{"type":"Point","coordinates":[14.555742867401905,51.42443157597771]}},{"type":"Feature","properties":{"id":"DEBKGDL20001C9PC","name":"Transportanlage","hub_type":"truck_terminal","source_function_code":"1102","operator_classification":"other"},"geometry":{"type":"Point","coordinates":[14.585906166562657,51.42661249178578]}},{"type":"Feature","properties":{"id":"DEBKGDL20001C9PD","name":"Transportanlage","hub_type":"truck_terminal","source_function_code":"1102","operator_classification":"other"},"geometry":{"type":"Point","coordinates":[14.558266475287244,51.48579535877968]}},{"type":"Feature","properties":{"id":"DEBKGDL20001C9PG","name":"Transportanlage","hub_type":"truck_terminal","source_function_code":"1102","operator_classification":"other"},"geometry":{"type":"Point","coordinates":[14.549932502098157,51.481046167096586]}},{"type":"Feature","properties":{"id":"DEBKGDL20001C9PH","name":"Transportanlage","hub_type":"truck_terminal","source_function_code":"1102","operator_classification":"other"},"geometry":{"type":"Point","coordinates":[14.554725203320922,51.48705776730795]}},{"type":"Feature","properties":{"id":"DEBKGDL20001C9PJ","name":"Transportanlage","hub_type":"truck_terminal","source_function_code":"1102","operator_classification":"other"},"geometry":{"type":"Point","coordinates":[14.551328916724627,51.4985778256411]}},{"type":"Feature","properties":{"id":"DEBKGDL20001C9PK","name":"Transportanlage","hub_type":"truck_terminal","source_function_code":"1102","operator_classification":"other"},"geometry":{"type":"Point","coordinates":[14.546837854491779,51.50906029773875]}},{"type":"Feature","properties":{"id":"DEBKGDL20001C7B2","name":"Transportanlage","hub_type":"truck_terminal","source_function_code":"1102","operator_classification":"other"},"geometry":{"type":"Point","coordinates":[14.547540752569414,51.50321930181268]}},{"type":"Feature","properties":{"id":"DEBKGDL20001C7B4","name":"Transportanlage","hub_type":"truck_terminal","source_function_code":"1102","operator_classification":"other"},"geometry":{"type":"Point","coordinates":[12.147065935539684,51.13870176043374]}},{"type":"Feature","properties":{"id":"DEBKGDL20001C7B5","name":"Transportanlage","hub_type":"truck_terminal","source_function_code":"1102","operator_classification":"other"},"geometry":{"type":"Point","coordinates":[12.164842955220996,51.133968826007404]}},{"type":"Feature","properties":{"id":"DEBKGDL20001C7B6","name":"Transportanlage","hub_type":"truck_terminal","source_function_code":"1102","operator_classification":"other"},"geometry":{"type":"Point","coordinates":[12.168227561265635,51.136072855818966]}},{"type":"Feature","properties":{"id":"DEBKGDL20001C7B7","name":"Transportanlage","hub_type":"truck_terminal","source_function_code":"1102","operator_classification":"other"},"geometry":{"type":"Point","coordinates":[12.147893782878095,51.15721387832251]}},{"type":"Feature","properties":{"id":"DEBKGDL20001C7B8","name":"Transportanlage","hub_type":"truck_terminal","source_function_code":"1102","operator_classification":"other"},"geometry":{"type":"Point","coordinates":[12.159702516009448,51.15637644741147]}},{"type":"Feature","properties":{"id":"DEBKGDL20001C7B9","name":"Transportanlage","hub_type":"truck_terminal","source_function_code":"1102","operator_classification":"other"},"geometry":{"type":"Point","coordinates":[12.159860990339826,51.1545394498483]}},{"type":"Feature","properties":{"id":"DEBKGDL20001C7BA","name":"Transportanlage","hub_type":"truck_terminal","source_function_code":"1102","operator_classification":"other"},"geometry":{"type":"Point","coordinates":[12.150686555082673,51.149056466135974]}},{"type":"Feature","properties":{"id":"DEBKGDL20001C7BB","name":"Transportanlage","hub_type":"truck_terminal","source_function_code":"1102","operator_classification":"other"},"geometry":{"type":"Point","coordinates":[12.179939653490177,51.15898064832877]}},{"type":"Feature","properties":{"id":"DEBKGDL20001C7BD","name":"Transportanlage","hub_type":"truck_terminal","source_function_code":"1102","operator_classification":"other"},"geometry":{"type":"Point","coordinates":[12.349795368292266,51.1381057871874]}},{"type":"Feature","properties":{"id":"DEBKGDL20001C7BE","name":"Transportanlage","hub_type":"truck_terminal","source_function_code":"1102","operator_classification":"other"},"geometry":{"type":"Point","coordinates":[12.364820447757745,51.143733108813464]}},{"type":"Feature","properties":{"id":"DEBKGDL20001C7BF","name":"Transportanlage","hub_type":"truck_terminal","source_function_code":"1102","operator_classification":"other"},"geometry":{"type":"Point","coordinates":[12.364820447757745,51.143733108813464]}},{"type":"Feature","properties":{"id":"DEBKGDL20001C7BG","name":"Transportanlage","hub_type":"truck_terminal","source_function_code":"1102","operator_classification":"other"},"geometry":{"type":"Point","coordinates":[12.366144859692797,51.144300504298535]}},{"type":"Feature","properties":{"id":"DEBKGDL20001C7BH","name":"Transportanlage","hub_type":"truck_terminal","source_function_code":"1102","operator_classification":"other"},"geometry":{"type":"Point","coordinates":[12.377667982857691,51.1490207012181]}},{"type":"Feature","properties":{"id":"DEBKGDL20001C7BI","name":"Transportanlage","hub_type":"truck_terminal","source_function_code":"1102","operator_classification":"other"},"geometry":{"type":"Point","coordinates":[12.36276723760007,51.149576699177445]}},{"type":"Feature","properties":{"id":"DEBKGDL20001C7BJ","name":"Transportanlage","hub_type":"truck_terminal","source_function_code":"1102","operator_classification":"other"},"geometry":{"type":"Point","coordinates":[12.360374818554922,51.15007352252937]}},{"type":"Feature","properties":{"id":"DEBKGDL20001C7BK","name":"Transportanlage","hub_type":"truck_terminal","source_function_code":"1102","operator_classification":"other"},"geometry":{"type":"Point","coordinates":[12.358810609366403,51.15023954405003]}},{"type":"Feature","properties":{"id":"DEBKGDL20001C7BM","name":"Transportanlage","hub_type":"truck_terminal","source_function_code":"1102","operator_classification":"other"},"geometry":{"type":"Point","coordinates":[12.367874619404272,51.17770724138835]}},{"type":"Feature","properties":{"id":"DEBKGDL20001C7BN","name":"Transportanlage","hub_type":"truck_terminal","source_function_code":"1102","operator_classification":"other"},"geometry":{"type":"Point","coordinates":[12.374127118520125,51.17908034486441]}},{"type":"Feature","properties":{"id":"DEBKGDL20001C7BO","name":"Transportanlage","hub_type":"truck_terminal","source_function_code":"1102","operator_classification":"other"},"geometry":{"type":"Point","coordinates":[11.704317343572711,51.45867462456309]}},{"type":"Feature","properties":{"id":"DEBKGDL20001C7BP","name":"Transportanlage","hub_type":"truck_terminal","source_function_code":"1102","operator_classification":"other"},"geometry":{"type":"Point","coordinates":[11.704089107611361,51.45643790569365]}},{"type":"Feature","properties":{"id":"DEBKGDL20001C7BS","name":"Transportanlage","hub_type":"truck_terminal","source_function_code":"1102","operator_classification":"other"},"geometry":{"type":"Point","coordinates":[11.69672015486949,51.4552287102743]}},{"type":"Feature","properties":{"id":"DEBKGDL20001C7BV","name":"Transportanlage","hub_type":"truck_terminal","source_function_code":"1102","operator_classification":"other"},"geometry":{"type":"Point","coordinates":[6.507520252244596,50.88954376693178]}},{"type":"Feature","properties":{"id":"DEBKGDL20001C7BW","name":"Transportanlage","hub_type":"truck_terminal","source_function_code":"1102","operator_classification":"other"},"geometry":{"type":"Point","coordinates":[7.0098524304627565,51.301113518620745]}},{"type":"Feature","properties":{"id":"DEBKGDL20001C7BX","name":"Transportanlage","hub_type":"truck_terminal","source_function_code":"1102","operator_classification":"other"},"geometry":{"type":"Point","coordinates":[7.012503792723025,51.30007747981071]}},{"type":"Feature","properties":{"id":"DEBKGDL20001C9RT","name":"Transportanlage","hub_type":"truck_terminal","source_function_code":"1102","operator_classification":"other"},"geometry":{"type":"Point","coordinates":[13.05298578399948,51.82255257503555]}},{"type":"Feature","properties":{"id":"DEBKGDL20001C9RY","name":"Transportanlage","hub_type":"truck_terminal","source_function_code":"1102","operator_classification":"other"},"geometry":{"type":"Point","coordinates":[6.321634860523339,50.839734970502676]}},{"type":"Feature","properties":{"id":"DEBKGDL20001C9S0","name":"Transportanlage","hub_type":"truck_terminal","source_function_code":"1102","operator_classification":"other"},"geometry":{"type":"Point","coordinates":[6.5158058171471325,51.042546007619244]}},{"type":"Feature","properties":{"id":"DEBKGDL20001C9S1","name":"Transportanlage","hub_type":"truck_terminal","source_function_code":"1102","operator_classification":"other"},"geometry":{"type":"Point","coordinates":[6.515299788495017,51.04445242977896]}},{"type":"Feature","properties":{"id":"DEBKGDL20001C9S2","name":"Transportanlage","hub_type":"truck_terminal","source_function_code":"1102","operator_classification":"other"},"geometry":{"type":"Point","coordinates":[12.267930454441647,50.997986089830995]}},{"type":"Feature","properties":{"id":"DEBKGDL20001C9S3","name":"Transportanlage","hub_type":"truck_terminal","source_function_code":"1102","operator_classification":"other"},"geometry":{"type":"Point","coordinates":[12.270150721765031,50.99962489524744]}},{"type":"Feature","properties":{"id":"DEBKGDL20001C9S8","name":"Transportanlage","hub_type":"truck_terminal","source_function_code":"1102","operator_classification":"other"},"geometry":{"type":"Point","coordinates":[6.6611664651349916,50.992595575635306]}},{"type":"Feature","properties":{"id":"DEBKGDL20001C9SC","name":"Transportanlage","hub_type":"truck_terminal","source_function_code":"1102","operator_classification":"other"},"geometry":{"type":"Point","coordinates":[12.44235937200308,53.67015221612061]}},{"type":"Feature","properties":{"id":"DEBKGDL20001C9SD","name":"Transportanlage","hub_type":"truck_terminal","source_function_code":"1102","operator_classification":"other"},"geometry":{"type":"Point","coordinates":[12.442672721175487,53.666061536797386]}},{"type":"Feature","properties":{"id":"DEBKGDL20001C9SE","name":"Transportanlage","hub_type":"truck_terminal","source_function_code":"1102","operator_classification":"other"},"geometry":{"type":"Point","coordinates":[13.310783369446883,51.33834069736066]}},{"type":"Feature","properties":{"id":"DEBKGDL20001C9SF","name":"Transportanlage","hub_type":"truck_terminal","source_function_code":"1102","operator_classification":"other"},"geometry":{"type":"Point","coordinates":[13.309751331626101,51.33523462895298]}},{"type":"Feature","properties":{"id":"DEBKGDL20001C9SG","name":"Transportanlage","hub_type":"truck_terminal","source_function_code":"1102","operator_classification":"other"},"geometry":{"type":"Point","coordinates":[8.974551359437378,52.42372321483919]}},{"type":"Feature","properties":{"id":"DEBKGDL20001C9SH","name":"Transportanlage","hub_type":"truck_terminal","source_function_code":"1102","operator_classification":"other"},"geometry":{"type":"Point","coordinates":[9.892176637603159,52.34293185334856]}},{"type":"Feature","properties":{"id":"DEBKGDL20001C9SI","name":"Transportanlage","hub_type":"truck_terminal","source_function_code":"1102","operator_classification":"other"},"geometry":{"type":"Point","coordinates":[9.895578349179514,52.34112327820539]}},{"type":"Feature","properties":{"id":"DEBKGDL20001C9SK","name":"Transportanlage","hub_type":"truck_terminal","source_function_code":"1102","operator_classification":"other"},"geometry":{"type":"Point","coordinates":[13.597739437859362,54.539003339031844]}},{"type":"Feature","properties":{"id":"DEBKGDL20001C9SL","name":"Transportanlage","hub_type":"truck_terminal","source_function_code":"1102","operator_classification":"other"},"geometry":{"type":"Point","coordinates":[13.595471642324336,54.54126789205091]}},{"type":"Feature","properties":{"id":"DEBKGDL20001C9SM","name":"Transportanlage","hub_type":"truck_terminal","source_function_code":"1102","operator_classification":"other"},"geometry":{"type":"Point","coordinates":[12.013382300334184,49.5441314066071]}},{"type":"Feature","properties":{"id":"DEBKGDL20001C9SN","name":"Transportanlage","hub_type":"truck_terminal","source_function_code":"1102","operator_classification":"other"},"geometry":{"type":"Point","coordinates":[12.012136437246191,49.54205220641805]}},{"type":"Feature","properties":{"id":"DEBKGDL20001C9SO","name":"Transportanlage","hub_type":"truck_terminal","source_function_code":"1102","operator_classification":"other"},"geometry":{"type":"Point","coordinates":[9.930645080659433,53.51216615150605]}},{"type":"Feature","properties":{"id":"DEBKGDL20001C9SP","name":"Transportanlage","hub_type":"truck_terminal","source_function_code":"1102","operator_classification":"other"},"geometry":{"type":"Point","coordinates":[9.927617132336218,53.51307059758418]}},{"type":"Feature","properties":{"id":"DEBKGDL20001C9SQ","name":"Transportanlage","hub_type":"truck_terminal","source_function_code":"1102","operator_classification":"other"},"geometry":{"type":"Point","coordinates":[13.18220951849326,51.448451728513966]}},{"type":"Feature","properties":{"id":"DEBKGDL20001C9S9","name":"Transportanlage","hub_type":"truck_terminal","source_function_code":"1102","operator_classification":"other"},"geometry":{"type":"Point","coordinates":[6.653302329602653,50.98701794493273]}},{"type":"Feature","properties":{"id":"DEBKGDL20001C9SA","name":"Transportanlage","hub_type":"truck_terminal","source_function_code":"1102","operator_classification":"other"},"geometry":{"type":"Point","coordinates":[6.65739765385773,50.98815890031346]}},{"type":"Feature","properties":{"id":"DEBKGDL20001C9SR","name":"Transportanlage","hub_type":"truck_terminal","source_function_code":"1102","operator_classification":"other"},"geometry":{"type":"Point","coordinates":[13.170345971247354,51.45332501533427]}},{"type":"Feature","properties":{"id":"DEBKGDL20001C9ST","name":"Transportanlage","hub_type":"truck_terminal","source_function_code":"1102","operator_classification":"other"},"geometry":{"type":"Point","coordinates":[11.694658778199164,52.32591072187323]}},{"type":"Feature","properties":{"id":"DEBKGDL20001C9SU","name":"Transportanlage","hub_type":"truck_terminal","source_function_code":"1102","operator_classification":"other"},"geometry":{"type":"Point","coordinates":[11.694010070484882,52.326881488322535]}},{"type":"Feature","properties":{"id":"DEBKGDL20001C9SY","name":"Transportanlage","hub_type":"truck_terminal","source_function_code":"1102","operator_classification":"other"},"geometry":{"type":"Point","coordinates":[9.73707888982438,48.36721721704999]}},{"type":"Feature","properties":{"id":"DEBKGDL20001C9SZ","name":"Transportanlage","hub_type":"truck_terminal","source_function_code":"1102","operator_classification":"other"},"geometry":{"type":"Point","coordinates":[8.760350351818017,48.244257978029225]}},{"type":"Feature","properties":{"id":"DEBKGDL20001C9T0","name":"Transportanlage","hub_type":"truck_terminal","source_function_code":"1102","operator_classification":"other"},"geometry":{"type":"Point","coordinates":[8.764491212513725,48.24394878430656]}},{"type":"Feature","properties":{"id":"DEBKGDL20001C9T1","name":"Transportanlage","hub_type":"truck_terminal","source_function_code":"1102","operator_classification":"other"},"geometry":{"type":"Point","coordinates":[8.76715757253926,48.24600008015248]}},{"type":"Feature","properties":{"id":"DEBKGDL20001C9T3","name":"Transportanlage","hub_type":"truck_terminal","source_function_code":"1102","operator_classification":"other"},"geometry":{"type":"Point","coordinates":[9.882215211344766,52.3769658932092]}},{"type":"Feature","properties":{"id":"DEBKGDL20001C9T4","name":"Transportanlage","hub_type":"truck_terminal","source_function_code":"1102","operator_classification":"other"},"geometry":{"type":"Point","coordinates":[9.882215211344766,52.3769658932092]}},{"type":"Feature","properties":{"id":"DEBKGDL20001C9T5","name":"Transportanlage","hub_type":"truck_terminal","source_function_code":"1102","operator_classification":"other"},"geometry":{"type":"Point","coordinates":[12.552611549521986,51.92547496461968]}},{"type":"Feature","properties":{"id":"DEBKGDL20001C9T6","name":"Transportanlage","hub_type":"truck_terminal","source_function_code":"1102","operator_classification":"other"},"geometry":{"type":"Point","coordinates":[12.552611549521986,51.92547496461968]}},{"type":"Feature","properties":{"id":"DEBKGDL20001C9T7","name":"Transportanlage","hub_type":"truck_terminal","source_function_code":"1102","operator_classification":"other"},"geometry":{"type":"Point","coordinates":[9.973672219826426,50.835071152939875]}},{"type":"Feature","properties":{"id":"DEBKGDL20001C9T8","name":"Transportanlage","hub_type":"truck_terminal","source_function_code":"1102","operator_classification":"other"},"geometry":{"type":"Point","coordinates":[9.966274007516803,50.83452316865402]}},{"type":"Feature","properties":{"id":"DEBKGDL20001C9T9","name":"Transportanlage","hub_type":"truck_terminal","source_function_code":"1102","operator_classification":"other"},"geometry":{"type":"Point","coordinates":[13.241327163364994,51.431287199849905]}},{"type":"Feature","properties":{"id":"DEBKGDL20001C9TA","name":"Transportanlage","hub_type":"truck_terminal","source_function_code":"1102","operator_classification":"other"},"geometry":{"type":"Point","coordinates":[13.23932476514158,51.43565130336705]}},{"type":"Feature","properties":{"id":"DEBKGDL20001C9TB","name":"Transportanlage","hub_type":"truck_terminal","source_function_code":"1102","operator_classification":"other"},"geometry":{"type":"Point","coordinates":[13.24765775420057,51.445543327722305]}},{"type":"Feature","properties":{"id":"DEBKGDL20001C9TC","name":"Transportanlage","hub_type":"truck_terminal","source_function_code":"1102","operator_classification":"other"},"geometry":{"type":"Point","coordinates":[13.475476681476442,51.4875716502207]}},{"type":"Feature","properties":{"id":"DEBKGDL20001C9TD","name":"Transportanlage","hub_type":"truck_terminal","source_function_code":"1102","operator_classification":"other"},"geometry":{"type":"Point","coordinates":[14.521416074111304,51.851216611046134]}},{"type":"Feature","properties":{"id":"DEBKGDL20001C9TE","name":"Transportanlage","hub_type":"truck_terminal","source_function_code":"1102","operator_classification":"other"},"geometry":{"type":"Point","coordinates":[14.142881166068289,52.88419187294597]}},{"type":"Feature","properties":{"id":"DEBKGDL20001C9TF","name":"Transportanlage","hub_type":"truck_terminal","source_function_code":"1102","operator_classification":"other"},"geometry":{"type":"Point","coordinates":[14.318600749484036,53.07972333387038]}},{"type":"Feature","properties":{"id":"DEBKGDL20001C9TG","name":"Transportanlage","hub_type":"truck_terminal","source_function_code":"1102","operator_classification":"other"},"geometry":{"type":"Point","coordinates":[8.370679566902373,47.61600201426091]}},{"type":"Feature","properties":{"id":"DEBKGDL20001C9TH","name":"Transportanlage","hub_type":"truck_terminal","source_function_code":"1102","operator_classification":"other"},"geometry":{"type":"Point","coordinates":[8.38155569357836,47.84778062206457]}},{"type":"Feature","properties":{"id":"DEBKGDL20001C7C0","name":"Transportanlage","hub_type":"truck_terminal","source_function_code":"1102","operator_classification":"other"},"geometry":{"type":"Point","coordinates":[8.963179570384948,47.833776206335735]}},{"type":"Feature","properties":{"id":"DEBKGDL20001C7C1","name":"Transportanlage","hub_type":"truck_terminal","source_function_code":"1102","operator_classification":"other"},"geometry":{"type":"Point","coordinates":[9.805327264988607,47.85859885439964]}},{"type":"Feature","properties":{"id":"DEBKGDL20001C7C2","name":"Transportanlage","hub_type":"truck_terminal","source_function_code":"1102","operator_classification":"other"},"geometry":{"type":"Point","coordinates":[9.812606716718072,47.85602902619532]}},{"type":"Feature","properties":{"id":"DEBKGDL20001C7C3","name":"Transportanlage","hub_type":"truck_terminal","source_function_code":"1102","operator_classification":"other"},"geometry":{"type":"Point","coordinates":[9.21666393201243,47.96190894059029]}},{"type":"Feature","properties":{"id":"DEBKGDL20001C9TJ","name":"Transportanlage","hub_type":"truck_terminal","source_function_code":"1102","operator_classification":"other"},"geometry":{"type":"Point","coordinates":[9.880043318897027,48.25776448416186]}},{"type":"Feature","properties":{"id":"DEBKGDL20001C9TK","name":"Transportanlage","hub_type":"truck_terminal","source_function_code":"1102","operator_classification":"other"},"geometry":{"type":"Point","coordinates":[9.739882059255008,48.36605916089278]}},{"type":"Feature","properties":{"id":"DEBKGDL20001C9TL","name":"Transportanlage","hub_type":"truck_terminal","source_function_code":"1102","operator_classification":"other"},"geometry":{"type":"Point","coordinates":[7.866115733723832,48.39594380203553]}},{"type":"Feature","properties":{"id":"DEBKGDL20001C9TM","name":"Transportanlage","hub_type":"truck_terminal","source_function_code":"1102","operator_classification":"other"},"geometry":{"type":"Point","coordinates":[9.823017827570458,48.397996816076464]}},{"type":"Feature","properties":{"id":"DEBKGDL20001C9TN","name":"Transportanlage","hub_type":"truck_terminal","source_function_code":"1102","operator_classification":"other"},"geometry":{"type":"Point","coordinates":[8.942421082481495,49.19349659308822]}},{"type":"Feature","properties":{"id":"DEBKGDL20001C9TO","name":"Transportanlage","hub_type":"truck_terminal","source_function_code":"1102","operator_classification":"other"},"geometry":{"type":"Point","coordinates":[9.831261128047133,48.28240869415626]}},{"type":"Feature","properties":{"id":"DEBKGDL20001C9TP","name":"Transportanlage","hub_type":"truck_terminal","source_function_code":"1102","operator_classification":"other"},"geometry":{"type":"Point","coordinates":[10.678534986340523,50.198955867111685]}},{"type":"Feature","properties":{"id":"DEBKGDL20001C9TQ","name":"Transportanlage","hub_type":"truck_terminal","source_function_code":"1102","operator_classification":"other"},"geometry":{"type":"Point","coordinates":[11.132930685409178,50.15494722701688]}},{"type":"Feature","properties":{"id":"DEBKGDL20001C9TR","name":"Transportanlage","hub_type":"truck_terminal","source_function_code":"1102","operator_classification":"other"},"geometry":{"type":"Point","coordinates":[10.223162479459198,50.013125866474105]}},{"type":"Feature","properties":{"id":"DEBKGDL20001C9TS","name":"Transportanlage","hub_type":"truck_terminal","source_function_code":"1102","operator_classification":"other"},"geometry":{"type":"Point","coordinates":[10.22314403527051,50.00995974774546]}},{"type":"Feature","properties":{"id":"DEBKGDL20001C9TT","name":"Transportanlage","hub_type":"truck_terminal","source_function_code":"1102","operator_classification":"other"},"geometry":{"type":"Point","coordinates":[10.22314403527051,50.00995974774546]}},{"type":"Feature","properties":{"id":"DEBKGDL20001C9TU","name":"Transportanlage","hub_type":"truck_terminal","source_function_code":"1102","operator_classification":"other"},"geometry":{"type":"Point","coordinates":[10.89323887468346,49.99248397411886]}},{"type":"Feature","properties":{"id":"DEBKGDL20001C9TV","name":"Transportanlage","hub_type":"truck_terminal","source_function_code":"1102","operator_classification":"other"},"geometry":{"type":"Point","coordinates":[11.961473932025521,49.53859452529261]}},{"type":"Feature","properties":{"id":"DEBKGDL20001C9TW","name":"Transportanlage","hub_type":"truck_terminal","source_function_code":"1102","operator_classification":"other"},"geometry":{"type":"Point","coordinates":[11.942176649503942,49.53530771233349]}},{"type":"Feature","properties":{"id":"DEBKGDL20001C9TX","name":"Transportanlage","hub_type":"truck_terminal","source_function_code":"1102","operator_classification":"other"},"geometry":{"type":"Point","coordinates":[11.950243357089754,49.53668213535298]}},{"type":"Feature","properties":{"id":"DEBKGDL20001C9TY","name":"Transportanlage","hub_type":"truck_terminal","source_function_code":"1102","operator_classification":"other"},"geometry":{"type":"Point","coordinates":[11.617431911909517,49.27259264527041]}},{"type":"Feature","properties":{"id":"DEBKGDL20001C9TZ","name":"Transportanlage","hub_type":"truck_terminal","source_function_code":"1102","operator_classification":"other"},"geometry":{"type":"Point","coordinates":[12.028831880362862,49.215870498147]}},{"type":"Feature","properties":{"id":"DEBKGDL20001C9U1","name":"Transportanlage","hub_type":"truck_terminal","source_function_code":"1102","operator_classification":"other"},"geometry":{"type":"Point","coordinates":[12.565459607038505,48.93848316817257]}},{"type":"Feature","properties":{"id":"DEBKGDL20001C9U2","name":"Transportanlage","hub_type":"truck_terminal","source_function_code":"1102","operator_classification":"other"},"geometry":{"type":"Point","coordinates":[11.936544547806944,48.89023120461599]}},{"type":"Feature","properties":{"id":"DEBKGDL20001C9U3","name":"Transportanlage","hub_type":"truck_terminal","source_function_code":"1102","operator_classification":"other"},"geometry":{"type":"Point","coordinates":[13.298582968649947,48.71166668932024]}},{"type":"Feature","properties":{"id":"DEBKGDL20001C9U4","name":"Transportanlage","hub_type":"truck_terminal","source_function_code":"1102","operator_classification":"other"},"geometry":{"type":"Point","coordinates":[10.337824615991803,48.51410499777593]}},{"type":"Feature","properties":{"id":"DEBKGDL20001C9U5","name":"Transportanlage","hub_type":"truck_terminal","source_function_code":"1102","operator_classification":"other"},"geometry":{"type":"Point","coordinates":[10.332355084103346,48.51438536104243]}},{"type":"Feature","properties":{"id":"DEBKGDL20001C9U6","name":"Transportanlage","hub_type":"truck_terminal","source_function_code":"1102","operator_classification":"other"},"geometry":{"type":"Point","coordinates":[10.331318469789183,48.515003695781765]}},{"type":"Feature","properties":{"id":"DEBKGDL20001C9U7","name":"Transportanlage","hub_type":"truck_terminal","source_function_code":"1102","operator_classification":"other"},"geometry":{"type":"Point","coordinates":[10.505105020313266,48.5395047767773]}},{"type":"Feature","properties":{"id":"DEBKGDL20001C9U8","name":"Transportanlage","hub_type":"truck_terminal","source_function_code":"1102","operator_classification":"other"},"geometry":{"type":"Point","coordinates":[11.708032621991402,48.35433674881142]}},{"type":"Feature","properties":{"id":"DEBKGDL20001C9U9","name":"Transportanlage","hub_type":"truck_terminal","source_function_code":"1102","operator_classification":"other"},"geometry":{"type":"Point","coordinates":[10.246661558551127,48.112946542901355]}},{"type":"Feature","properties":{"id":"DEBKGDL20001C9UA","name":"Transportanlage","hub_type":"truck_terminal","source_function_code":"1102","operator_classification":"other"},"geometry":{"type":"Point","coordinates":[11.43634320037147,48.093960952231896]}},{"type":"Feature","properties":{"id":"DEBKGDL20001C9UB","name":"Transportanlage","hub_type":"truck_terminal","source_function_code":"1102","operator_classification":"other"},"geometry":{"type":"Point","coordinates":[11.765701412719805,48.19174777067107]}},{"type":"Feature","properties":{"id":"DEBKGDL20001C9UC","name":"Transportanlage","hub_type":"truck_terminal","source_function_code":"1102","operator_classification":"other"},"geometry":{"type":"Point","coordinates":[11.689507130583157,48.1704879408379]}},{"type":"Feature","properties":{"id":"DEBKGDL20001C9UD","name":"Transportanlage","hub_type":"truck_terminal","source_function_code":"1102","operator_classification":"other"},"geometry":{"type":"Point","coordinates":[10.615010811536232,48.0361453454765]}},{"type":"Feature","properties":{"id":"DEBKGDL20001C9UE","name":"Transportanlage","hub_type":"truck_terminal","source_function_code":"1102","operator_classification":"other"},"geometry":{"type":"Point","coordinates":[10.614895198559855,48.03462344138262]}},{"type":"Feature","properties":{"id":"DEBKGDL20001C9UF","name":"Transportanlage","hub_type":"truck_terminal","source_function_code":"1102","operator_classification":"other"},"geometry":{"type":"Point","coordinates":[10.619119593969707,48.03210100084585]}},{"type":"Feature","properties":{"id":"DEBKGDL20001C9UG","name":"Transportanlage","hub_type":"truck_terminal","source_function_code":"1102","operator_classification":"other"},"geometry":{"type":"Point","coordinates":[10.614895198559855,48.03462344138262]}},{"type":"Feature","properties":{"id":"DEBKGDL20001C9UH","name":"Transportanlage","hub_type":"truck_terminal","source_function_code":"1102","operator_classification":"other"},"geometry":{"type":"Point","coordinates":[10.614611811902364,48.03323323455572]}},{"type":"Feature","properties":{"id":"DEBKGDL20001C9UI","name":"Transportanlage","hub_type":"truck_terminal","source_function_code":"1102","operator_classification":"other"},"geometry":{"type":"Point","coordinates":[10.610304940254114,48.036601160808125]}},{"type":"Feature","properties":{"id":"DEBKGDL20001C9UJ","name":"Transportanlage","hub_type":"truck_terminal","source_function_code":"1102","operator_classification":"other"},"geometry":{"type":"Point","coordinates":[10.610300770104075,48.03474089555651]}},{"type":"Feature","properties":{"id":"DEBKGDL20001C9UK","name":"Transportanlage","hub_type":"truck_terminal","source_function_code":"1102","operator_classification":"other"},"geometry":{"type":"Point","coordinates":[11.29247187662031,48.06301002683843]}},{"type":"Feature","properties":{"id":"DEBKGDL20001C9UL","name":"Transportanlage","hub_type":"truck_terminal","source_function_code":"1102","operator_classification":"other"},"geometry":{"type":"Point","coordinates":[11.293373878896986,48.05686149118411]}},{"type":"Feature","properties":{"id":"DEBKGDL20001C9UM","name":"Transportanlage","hub_type":"truck_terminal","source_function_code":"1102","operator_classification":"other"},"geometry":{"type":"Point","coordinates":[11.292619769012303,48.06045145963675]}},{"type":"Feature","properties":{"id":"DEBKGDL20001C9UN","name":"Transportanlage","hub_type":"truck_terminal","source_function_code":"1102","operator_classification":"other"},"geometry":{"type":"Point","coordinates":[10.228090857241067,47.904140024935515]}},{"type":"Feature","properties":{"id":"DEBKGDL20001C9UO","name":"Transportanlage","hub_type":"truck_terminal","source_function_code":"1102","operator_classification":"other"},"geometry":{"type":"Point","coordinates":[10.234751318633876,47.90446614778906]}},{"type":"Feature","properties":{"id":"DEBKGDL20001C9UP","name":"Transportanlage","hub_type":"truck_terminal","source_function_code":"1102","operator_classification":"other"},"geometry":{"type":"Point","coordinates":[10.234018165903308,47.90241514791721]}},{"type":"Feature","properties":{"id":"DEBKGDL20001C9UQ","name":"Transportanlage","hub_type":"truck_terminal","source_function_code":"1102","operator_classification":"other"},"geometry":{"type":"Point","coordinates":[10.57627326191989,47.76739781333279]}},{"type":"Feature","properties":{"id":"DEBKGDL20001C9UR","name":"Transportanlage","hub_type":"truck_terminal","source_function_code":"1102","operator_classification":"other"},"geometry":{"type":"Point","coordinates":[9.75830619442754,49.950213518714804]}},{"type":"Feature","properties":{"id":"DEBKGDL20001C9US","name":"Transportanlage","hub_type":"truck_terminal","source_function_code":"1102","operator_classification":"other"},"geometry":{"type":"Point","coordinates":[12.890100621286999,48.823104984961766]}},{"type":"Feature","properties":{"id":"DEBKGDL20001C9UT","name":"Transportanlage","hub_type":"truck_terminal","source_function_code":"1102","operator_classification":"other"},"geometry":{"type":"Point","coordinates":[12.877586092174353,48.823551640019915]}},{"type":"Feature","properties":{"id":"DEBKGDL20001C9UU","name":"Transportanlage","hub_type":"truck_terminal","source_function_code":"1102","operator_classification":"other"},"geometry":{"type":"Point","coordinates":[12.88316169128199,48.8233528179382]}},{"type":"Feature","properties":{"id":"DEBKGDL20001C9UV","name":"Transportanlage","hub_type":"truck_terminal","source_function_code":"1102","operator_classification":"other"},"geometry":{"type":"Point","coordinates":[8.618866458342874,50.00924876882836]}},{"type":"Feature","properties":{"id":"DEBKGDL20001C9UW","name":"Transportanlage","hub_type":"truck_terminal","source_function_code":"1102","operator_classification":"other"},"geometry":{"type":"Point","coordinates":[9.207235603946456,50.271314431181246]}},{"type":"Feature","properties":{"id":"DEBKGDL20001C9UX","name":"Transportanlage","hub_type":"truck_terminal","source_function_code":"1102","operator_classification":"other"},"geometry":{"type":"Point","coordinates":[8.330346067555542,50.556509591853036]}},{"type":"Feature","properties":{"id":"DEBKGDL20001C9UY","name":"Transportanlage","hub_type":"truck_terminal","source_function_code":"1102","operator_classification":"other"},"geometry":{"type":"Point","coordinates":[8.728934238293958,50.75220504668809]}},{"type":"Feature","properties":{"id":"DEBKGDL20001C9UZ","name":"Transportanlage","hub_type":"truck_terminal","source_function_code":"1102","operator_classification":"other"},"geometry":{"type":"Point","coordinates":[9.259282148852355,51.093419112907156]}},{"type":"Feature","properties":{"id":"DEBKGDL20001C9V0","name":"Transportanlage","hub_type":"truck_terminal","source_function_code":"1102","operator_classification":"other"},"geometry":{"type":"Point","coordinates":[9.891617899597678,53.51516965267141]}},{"type":"Feature","properties":{"id":"DEBKGDL20001C9V1","name":"Transportanlage","hub_type":"truck_terminal","source_function_code":"1102","operator_classification":"other"},"geometry":{"type":"Point","coordinates":[9.893739555420222,53.51257347277058]}},{"type":"Feature","properties":{"id":"DEBKGDL20001C9V2","name":"Transportanlage","hub_type":"truck_terminal","source_function_code":"1102","operator_classification":"other"},"geometry":{"type":"Point","coordinates":[9.895597311494887,53.51202116629753]}},{"type":"Feature","properties":{"id":"DEBKGDL20001C9V3","name":"Transportanlage","hub_type":"truck_terminal","source_function_code":"1102","operator_classification":"other"},"geometry":{"type":"Point","coordinates":[11.891403771767616,53.46163947924452]}},{"type":"Feature","properties":{"id":"DEBKGDL20001C9V4","name":"Transportanlage","hub_type":"truck_terminal","source_function_code":"1102","operator_classification":"other"},"geometry":{"type":"Point","coordinates":[11.88996684460341,53.45245262209066]}},{"type":"Feature","properties":{"id":"DEBKGDL20001C9V5","name":"Transportanlage","hub_type":"truck_terminal","source_function_code":"1102","operator_classification":"other"},"geometry":{"type":"Point","coordinates":[10.893053577857897,53.52337530408414]}},{"type":"Feature","properties":{"id":"DEBKGDL20001C9V6","name":"Transportanlage","hub_type":"truck_terminal","source_function_code":"1102","operator_classification":"other"},"geometry":{"type":"Point","coordinates":[10.887195140976178,53.51748825481131]}},{"type":"Feature","properties":{"id":"DEBKGDL20001C9V7","name":"Transportanlage","hub_type":"truck_terminal","source_function_code":"1102","operator_classification":"other"},"geometry":{"type":"Point","coordinates":[11.567028741489041,53.59677801517022]}},{"type":"Feature","properties":{"id":"DEBKGDL20001C9V8","name":"Transportanlage","hub_type":"truck_terminal","source_function_code":"1102","operator_classification":"other"},"geometry":{"type":"Point","coordinates":[11.598366787486007,53.871002080614666]}},{"type":"Feature","properties":{"id":"DEBKGDL20001C9V9","name":"Transportanlage","hub_type":"truck_terminal","source_function_code":"1102","operator_classification":"other"},"geometry":{"type":"Point","coordinates":[11.588678608649115,53.872136916290195]}},{"type":"Feature","properties":{"id":"DEBKGDL20001C9VA","name":"Transportanlage","hub_type":"truck_terminal","source_function_code":"1102","operator_classification":"other"},"geometry":{"type":"Point","coordinates":[11.702603316584156,53.87349597679681]}},{"type":"Feature","properties":{"id":"DEBKGDL20001C9VB","name":"Transportanlage","hub_type":"truck_terminal","source_function_code":"1102","operator_classification":"other"},"geometry":{"type":"Point","coordinates":[11.700396225648817,53.87870405931734]}},{"type":"Feature","properties":{"id":"DEBKGDL20001C9VC","name":"Transportanlage","hub_type":"truck_terminal","source_function_code":"1102","operator_classification":"other"},"geometry":{"type":"Point","coordinates":[11.704561434128006,53.87816983327605]}},{"type":"Feature","properties":{"id":"DEBKGDL20001C9VD","name":"Transportanlage","hub_type":"truck_terminal","source_function_code":"1102","operator_classification":"other"},"geometry":{"type":"Point","coordinates":[9.737422168394508,51.60379598677968]}},{"type":"Feature","properties":{"id":"DEBKGDL20001C9VE","name":"Transportanlage","hub_type":"truck_terminal","source_function_code":"1102","operator_classification":"other"},"geometry":{"type":"Point","coordinates":[10.298293483210971,51.62500620258089]}},{"type":"Feature","properties":{"id":"DEBKGDL20001C9VF","name":"Transportanlage","hub_type":"truck_terminal","source_function_code":"1102","operator_classification":"other"},"geometry":{"type":"Point","coordinates":[10.52530856958553,51.94324265994212]}},{"type":"Feature","properties":{"id":"DEBKGDL20001C7C8","name":"Transportanlage","hub_type":"truck_terminal","source_function_code":"1102","operator_classification":"other"},"geometry":{"type":"Point","coordinates":[10.31171771668109,52.027117888485655]}},{"type":"Feature","properties":{"id":"DEBKGDL20001C7C9","name":"Transportanlage","hub_type":"truck_terminal","source_function_code":"1102","operator_classification":"other"},"geometry":{"type":"Point","coordinates":[9.021252178955205,52.173793196121665]}},{"type":"Feature","properties":{"id":"DEBKGDL20001C7CA","name":"Transportanlage","hub_type":"truck_terminal","source_function_code":"1102","operator_classification":"other"},"geometry":{"type":"Point","coordinates":[9.045030169529678,52.15604941789699]}},{"type":"Feature","properties":{"id":"DEBKGDL20001C7CB","name":"Transportanlage","hub_type":"truck_terminal","source_function_code":"1102","operator_classification":"other"},"geometry":{"type":"Point","coordinates":[9.047133600462121,52.152382080590066]}},{"type":"Feature","properties":{"id":"DEBKGDL20001C7CC","name":"Transportanlage","hub_type":"truck_terminal","source_function_code":"1102","operator_classification":"other"},"geometry":{"type":"Point","coordinates":[9.048045428125763,52.15195699083181]}},{"type":"Feature","properties":{"id":"DEBKGDL20001C7CD","name":"Transportanlage","hub_type":"truck_terminal","source_function_code":"1102","operator_classification":"other"},"geometry":{"type":"Point","coordinates":[8.011481012353379,52.32033965758992]}},{"type":"Feature","properties":{"id":"DEBKGDL20001C7CE","name":"Transportanlage","hub_type":"truck_terminal","source_function_code":"1102","operator_classification":"other"},"geometry":{"type":"Point","coordinates":[9.091890502242794,52.508942102491844]}},{"type":"Feature","properties":{"id":"DEBKGDL20001C7CF","name":"Transportanlage","hub_type":"truck_terminal","source_function_code":"1102","operator_classification":"other"},"geometry":{"type":"Point","coordinates":[9.083149984577528,52.502222684057486]}},{"type":"Feature","properties":{"id":"DEBKGDL20001C7CG","name":"Transportanlage","hub_type":"truck_terminal","source_function_code":"1102","operator_classification":"other"},"geometry":{"type":"Point","coordinates":[9.101968395301796,52.54056612560929]}},{"type":"Feature","properties":{"id":"DEBKGDL20001C7CI","name":"Transportanlage","hub_type":"truck_terminal","source_function_code":"1102","operator_classification":"other"},"geometry":{"type":"Point","coordinates":[7.964295136653875,53.14448354722216]}},{"type":"Feature","properties":{"id":"DEBKGDL20001C7CK","name":"Transportanlage","hub_type":"truck_terminal","source_function_code":"1102","operator_classification":"other"},"geometry":{"type":"Point","coordinates":[7.29943308454735,50.688892898625824]}},{"type":"Feature","properties":{"id":"DEBKGDL20001C7CL","name":"Transportanlage","hub_type":"truck_terminal","source_function_code":"1102","operator_classification":"other"},"geometry":{"type":"Point","coordinates":[7.313430094012349,50.69062664524905]}},{"type":"Feature","properties":{"id":"DEBKGDL20001C7CO","name":"Transportanlage","hub_type":"truck_terminal","source_function_code":"1102","operator_classification":"other"},"geometry":{"type":"Point","coordinates":[6.78965642284095,50.91855125719641]}},{"type":"Feature","properties":{"id":"DEBKGDL20001C7CP","name":"Transportanlage","hub_type":"truck_terminal","source_function_code":"1102","operator_classification":"other"},"geometry":{"type":"Point","coordinates":[6.785516723755929,50.92342513860659]}},{"type":"Feature","properties":{"id":"DEBKGDL20001C7CQ","name":"Transportanlage","hub_type":"truck_terminal","source_function_code":"1102","operator_classification":"other"},"geometry":{"type":"Point","coordinates":[6.786654638638098,50.920139613638504]}},{"type":"Feature","properties":{"id":"DEBKGDL20001C7CS","name":"Transportanlage","hub_type":"truck_terminal","source_function_code":"1102","operator_classification":"other"},"geometry":{"type":"Point","coordinates":[6.481548365918993,51.04096804989914]}},{"type":"Feature","properties":{"id":"DEBKGDL20001C7CT","name":"Transportanlage","hub_type":"truck_terminal","source_function_code":"1102","operator_classification":"other"},"geometry":{"type":"Point","coordinates":[6.462916309524869,51.067388358153146]}},{"type":"Feature","properties":{"id":"DEBKGDL20001C7CU","name":"Transportanlage","hub_type":"truck_terminal","source_function_code":"1102","operator_classification":"other"},"geometry":{"type":"Point","coordinates":[7.847119673492507,51.391319560109025]}},{"type":"Feature","properties":{"id":"DEBKGDL20001C7CV","name":"Transportanlage","hub_type":"truck_terminal","source_function_code":"1102","operator_classification":"other"},"geometry":{"type":"Point","coordinates":[6.570165902315546,51.513433987668314]}},{"type":"Feature","properties":{"id":"DEBKGDL20001C7CW","name":"Transportanlage","hub_type":"truck_terminal","source_function_code":"1102","operator_classification":"other"},"geometry":{"type":"Point","coordinates":[6.574002142053043,51.50958869361598]}},{"type":"Feature","properties":{"id":"DEBKGDL20001C7CX","name":"Transportanlage","hub_type":"truck_terminal","source_function_code":"1102","operator_classification":"other"},"geometry":{"type":"Point","coordinates":[6.573401660968827,51.50854477186535]}},{"type":"Feature","properties":{"id":"DEBKGDL20001C7CY","name":"Transportanlage","hub_type":"truck_terminal","source_function_code":"1102","operator_classification":"other"},"geometry":{"type":"Point","coordinates":[6.967922897531385,51.517053331173585]}},{"type":"Feature","properties":{"id":"DEBKGDL20001C7CZ","name":"Transportanlage","hub_type":"truck_terminal","source_function_code":"1102","operator_classification":"other"},"geometry":{"type":"Point","coordinates":[6.233059412600737,51.60384930531516]}},{"type":"Feature","properties":{"id":"DEBKGDL20001C7D0","name":"Transportanlage","hub_type":"truck_terminal","source_function_code":"1102","operator_classification":"other"},"geometry":{"type":"Point","coordinates":[6.729254349008033,51.592064295681354]}},{"type":"Feature","properties":{"id":"DEBKGDL20001C7D1","name":"Transportanlage","hub_type":"truck_terminal","source_function_code":"1102","operator_classification":"other"},"geometry":{"type":"Point","coordinates":[6.720020312098741,51.59535460505415]}},{"type":"Feature","properties":{"id":"DEBKGDL20001C7D2","name":"Transportanlage","hub_type":"truck_terminal","source_function_code":"1102","operator_classification":"other"},"geometry":{"type":"Point","coordinates":[6.721050395770646,51.59362874029235]}},{"type":"Feature","properties":{"id":"DEBKGDL20001C7D3","name":"Transportanlage","hub_type":"truck_terminal","source_function_code":"1102","operator_classification":"other"},"geometry":{"type":"Point","coordinates":[6.317919553536655,51.7699472853393]}},{"type":"Feature","properties":{"id":"DEBKGDL20001C7D4","name":"Transportanlage","hub_type":"truck_terminal","source_function_code":"1102","operator_classification":"other"},"geometry":{"type":"Point","coordinates":[6.324797788570819,51.76906933117549]}},{"type":"Feature","properties":{"id":"DEBKGDL20001C7D6","name":"Transportanlage","hub_type":"truck_terminal","source_function_code":"1102","operator_classification":"other"},"geometry":{"type":"Point","coordinates":[8.020541587446681,51.81712169716059]}},{"type":"Feature","properties":{"id":"DEBKGDL20001C7D7","name":"Transportanlage","hub_type":"truck_terminal","source_function_code":"1102","operator_classification":"other"},"geometry":{"type":"Point","coordinates":[7.640258707447806,52.31909146360124]}},{"type":"Feature","properties":{"id":"DEBKGDL20001C7D8","name":"Transportanlage","hub_type":"truck_terminal","source_function_code":"1102","operator_classification":"other"},"geometry":{"type":"Point","coordinates":[9.032452062872117,52.40810248882106]}},{"type":"Feature","properties":{"id":"DEBKGDL20001C7DA","name":"Transportanlage","hub_type":"truck_terminal","source_function_code":"1102","operator_classification":"other"},"geometry":{"type":"Point","coordinates":[7.034824062784279,49.33601992803635]}},{"type":"Feature","properties":{"id":"DEBKGDL20001C7DC","name":"Transportanlage","hub_type":"truck_terminal","source_function_code":"1102","operator_classification":"other"},"geometry":{"type":"Point","coordinates":[11.661760604612747,51.271673539155245]}},{"type":"Feature","properties":{"id":"DEBKGDL20001C7DD","name":"Transportanlage","hub_type":"truck_terminal","source_function_code":"1102","operator_classification":"other"},"geometry":{"type":"Point","coordinates":[11.091007830970844,51.45874150451504]}},{"type":"Feature","properties":{"id":"DEBKGDL20001C7DO","name":"Transportanlage","hub_type":"truck_terminal","source_function_code":"1102","operator_classification":"other"},"geometry":{"type":"Point","coordinates":[12.184727627204525,51.668377047341544]}},{"type":"Feature","properties":{"id":"DEBKGDL20001C7DP","name":"Transportanlage","hub_type":"truck_terminal","source_function_code":"1102","operator_classification":"other"},"geometry":{"type":"Point","coordinates":[11.362962703362168,51.7653281039333]}},{"type":"Feature","properties":{"id":"DEBKGDL20001C7DQ","name":"Transportanlage","hub_type":"truck_terminal","source_function_code":"1102","operator_classification":"other"},"geometry":{"type":"Point","coordinates":[11.889402369476104,51.70436474737364]}},{"type":"Feature","properties":{"id":"DEBKGDL20001C7DR","name":"Transportanlage","hub_type":"truck_terminal","source_function_code":"1102","operator_classification":"other"},"geometry":{"type":"Point","coordinates":[11.894570542924914,51.69949278220713]}},{"type":"Feature","properties":{"id":"DEBKGDL20001C7DS","name":"Transportanlage","hub_type":"truck_terminal","source_function_code":"1102","operator_classification":"other"},"geometry":{"type":"Point","coordinates":[11.222789364366792,51.83437206039598]}},{"type":"Feature","properties":{"id":"DEBKGDL20001C7DT","name":"Transportanlage","hub_type":"truck_terminal","source_function_code":"1102","operator_classification":"other"},"geometry":{"type":"Point","coordinates":[11.216014484696203,51.82876666274636]}},{"type":"Feature","properties":{"id":"DEBKGDL20001C7DU","name":"Transportanlage","hub_type":"truck_terminal","source_function_code":"1102","operator_classification":"other"},"geometry":{"type":"Point","coordinates":[11.199913515860477,51.877665893894786]}},{"type":"Feature","properties":{"id":"DEBKGDL20001C7DV","name":"Transportanlage","hub_type":"truck_terminal","source_function_code":"1102","operator_classification":"other"},"geometry":{"type":"Point","coordinates":[11.143958323159083,51.911420310881]}},{"type":"Feature","properties":{"id":"DEBKGDL20001C7DW","name":"Transportanlage","hub_type":"truck_terminal","source_function_code":"1102","operator_classification":"other"},"geometry":{"type":"Point","coordinates":[11.147612033063751,51.90889507777522]}},{"type":"Feature","properties":{"id":"DEBKGDL20001C7DX","name":"Transportanlage","hub_type":"truck_terminal","source_function_code":"1102","operator_classification":"other"},"geometry":{"type":"Point","coordinates":[11.045406768377548,52.29502432118322]}},{"type":"Feature","properties":{"id":"DEBKGDL20001C7DY","name":"Transportanlage","hub_type":"truck_terminal","source_function_code":"1102","operator_classification":"other"},"geometry":{"type":"Point","coordinates":[11.217309783006137,52.31562510095142]}},{"type":"Feature","properties":{"id":"DEBKGDL20001C7DZ","name":"Transportanlage","hub_type":"truck_terminal","source_function_code":"1102","operator_classification":"other"},"geometry":{"type":"Point","coordinates":[11.33608663270788,52.255321435983404]}},{"type":"Feature","properties":{"id":"DEBKGDL20001C7E0","name":"Transportanlage","hub_type":"truck_terminal","source_function_code":"1102","operator_classification":"other"},"geometry":{"type":"Point","coordinates":[11.867209081984766,52.29333231032363]}},{"type":"Feature","properties":{"id":"DEBKGDL20001C7E1","name":"Transportanlage","hub_type":"truck_terminal","source_function_code":"1102","operator_classification":"other"},"geometry":{"type":"Point","coordinates":[11.97268138862269,52.38695261502608]}},{"type":"Feature","properties":{"id":"DEBKGDL20001C7E2","name":"Transportanlage","hub_type":"truck_terminal","source_function_code":"1102","operator_classification":"other"},"geometry":{"type":"Point","coordinates":[11.837805662504717,51.932269108238856]}},{"type":"Feature","properties":{"id":"DEBKGDL20001C7E3","name":"Transportanlage","hub_type":"truck_terminal","source_function_code":"1102","operator_classification":"other"},"geometry":{"type":"Point","coordinates":[11.859356469460229,51.90100977363067]}},{"type":"Feature","properties":{"id":"DEBKGDL20001C7E4","name":"Transportanlage","hub_type":"truck_terminal","source_function_code":"1102","operator_classification":"other"},"geometry":{"type":"Point","coordinates":[10.312465309443203,50.77329678874156]}},{"type":"Feature","properties":{"id":"DEBKGDL20001C7E5","name":"Transportanlage","hub_type":"truck_terminal","source_function_code":"1102","operator_classification":"other"},"geometry":{"type":"Point","coordinates":[10.027721179905,50.924323484722464]}},{"type":"Feature","properties":{"id":"DEBKGDL20001C7E6","name":"Transportanlage","hub_type":"truck_terminal","source_function_code":"1102","operator_classification":"other"},"geometry":{"type":"Point","coordinates":[10.985850675558304,51.046638805479574]}},{"type":"Feature","properties":{"id":"DEBKGDL20001C7E7","name":"Transportanlage","hub_type":"truck_terminal","source_function_code":"1102","operator_classification":"other"},"geometry":{"type":"Point","coordinates":[11.182817670403745,51.33201593203731]}},{"type":"Feature","properties":{"id":"DEBKGDL20001C7E8","name":"Transportanlage","hub_type":"truck_terminal","source_function_code":"1102","operator_classification":"other"},"geometry":{"type":"Point","coordinates":[12.226806761582205,50.58268271272792]}},{"type":"Feature","properties":{"id":"DEBKGDL20001C7E9","name":"Transportanlage","hub_type":"truck_terminal","source_function_code":"1102","operator_classification":"other"},"geometry":{"type":"Point","coordinates":[12.693613000399578,50.95296569386617]}},{"type":"Feature","properties":{"id":"DEBKGDL20001C7EB","name":"Transportanlage","hub_type":"truck_terminal","source_function_code":"1102","operator_classification":"other"},"geometry":{"type":"Point","coordinates":[13.907495303977008,50.96947350123021]}},{"type":"Feature","properties":{"id":"DEBKGDL20001C7EC","name":"Transportanlage","hub_type":"truck_terminal","source_function_code":"1102","operator_classification":"other"},"geometry":{"type":"Point","coordinates":[13.906681945026651,50.96524127025388]}},{"type":"Feature","properties":{"id":"DEBKGDL20001C7ED","name":"Transportanlage","hub_type":"truck_terminal","source_function_code":"1102","operator_classification":"other"},"geometry":{"type":"Point","coordinates":[13.906764595522988,50.96676953365327]}},{"type":"Feature","properties":{"id":"DEBKGDL20001C7EE","name":"Transportanlage","hub_type":"truck_terminal","source_function_code":"1102","operator_classification":"other"},"geometry":{"type":"Point","coordinates":[12.366864247311865,51.138365655928986]}},{"type":"Feature","properties":{"id":"DEBKGDL20001C7EF","name":"Transportanlage","hub_type":"truck_terminal","source_function_code":"1102","operator_classification":"other"},"geometry":{"type":"Point","coordinates":[12.366864247311865,51.138365655928986]}},{"type":"Feature","properties":{"id":"DEBKGDL20001C9VG","name":"Transportanlage","hub_type":"truck_terminal","source_function_code":"1102","operator_classification":"other"},"geometry":{"type":"Point","coordinates":[12.772213720255362,51.15801454769105]}},{"type":"Feature","properties":{"id":"DEBKGDL20001C9VH","name":"Transportanlage","hub_type":"truck_terminal","source_function_code":"1102","operator_classification":"other"},"geometry":{"type":"Point","coordinates":[12.77233090296436,51.159782418705404]}},{"type":"Feature","properties":{"id":"DEBKGDL20001C9VI","name":"Transportanlage","hub_type":"truck_terminal","source_function_code":"1102","operator_classification":"other"},"geometry":{"type":"Point","coordinates":[12.773959260755827,51.16334815362157]}},{"type":"Feature","properties":{"id":"DEBKGDL20001C9VJ","name":"Transportanlage","hub_type":"truck_terminal","source_function_code":"1102","operator_classification":"other"},"geometry":{"type":"Point","coordinates":[14.380923113992042,51.286124788153636]}},{"type":"Feature","properties":{"id":"DEBKGDL20001C9VK","name":"Transportanlage","hub_type":"truck_terminal","source_function_code":"1102","operator_classification":"other"},"geometry":{"type":"Point","coordinates":[12.629974158729135,51.55797594575063]}},{"type":"Feature","properties":{"id":"DEBKGDL20001C9VL","name":"Transportanlage","hub_type":"truck_terminal","source_function_code":"1102","operator_classification":"other"},"geometry":{"type":"Point","coordinates":[8.309115711117673,49.0929780199787]}},{"type":"Feature","properties":{"id":"DEBKGDL20001C9VM","name":"Transportanlage","hub_type":"truck_terminal","source_function_code":"1102","operator_classification":"other"},"geometry":{"type":"Point","coordinates":[7.952389928327931,49.6686808600887]}},{"type":"Feature","properties":{"id":"DEBKGDL20001C9VN","name":"Transportanlage","hub_type":"truck_terminal","source_function_code":"1102","operator_classification":"other"},"geometry":{"type":"Point","coordinates":[8.062337728872137,50.312258305331085]}},{"type":"Feature","properties":{"id":"DEBKGDL20001C9VO","name":"Transportanlage","hub_type":"truck_terminal","source_function_code":"1102","operator_classification":"other"},"geometry":{"type":"Point","coordinates":[7.846082040268488,50.48714448949045]}},{"type":"Feature","properties":{"id":"DEBKGDL20001C7BR","name":"Transportanlage","hub_type":"truck_terminal","source_function_code":"1102","operator_classification":"other"},"geometry":{"type":"Point","coordinates":[11.69892328558577,51.456420435495076]}},{"type":"Feature","properties":{"id":"DEBKGDL200010RSX","name":"Transportanlage","hub_type":"truck_terminal","source_function_code":"1102","operator_classification":"other"},"geometry":{"type":"Point","coordinates":[6.653712647649563,50.98344160814706]}},{"type":"Feature","properties":{"id":"DEBKGDL20001CEPH","name":"Transportanlage","hub_type":"truck_terminal","source_function_code":"1102","operator_classification":"other"},"geometry":{"type":"Point","coordinates":[12.693482997545537,50.94923710111976]}},{"type":"Feature","properties":{"id":"DEBKGDL200015ZRA","name":"Transportanlage","hub_type":"truck_terminal","source_function_code":"1102","operator_classification":"other"},"geometry":{"type":"Point","coordinates":[14.636552797376684,52.16955359578674]}}]}