{"type":"FeatureCollection","features":[{"type":"Feature","properties":{"id":"us-rail-station-AAM","name":"Alma, MI","station_code":"AAM","station_type":"Station Building (with waiting room)","aliases":""},"geometry":{"type":"Point","coordinates":[-84.6448370052134,43.3917282758211]}},{"type":"Feature","properties":{"id":"us-rail-station-ABA","name":"Albany, NY","station_code":"ABA","station_type":"Curbside Bus Stop only (no shelter)","aliases":""},"geometry":{"type":"Point","coordinates":[-73.8091855150354,42.7444996518371]}},{"type":"Feature","properties":{"id":"us-rail-station-ABB","name":"Abbotsford-Colby, WI","station_code":"ABB","station_type":"Curbside Bus Stop only (no shelter)","aliases":"Colby"},"geometry":{"type":"Point","coordinates":[-90.3146738882451,44.9285611850779]}},{"type":"Feature","properties":{"id":"us-rail-station-ABE","name":"Aberdeen, MD","station_code":"ABE","station_type":"Station Building (with waiting room)","aliases":""},"geometry":{"type":"Point","coordinates":[-76.1632620593366,39.5084549403437]}},{"type":"Feature","properties":{"id":"us-rail-station-ABN","name":"Absecon, NJ","station_code":"ABN","station_type":"Platform with Shelter","aliases":""},"geometry":{"type":"Point","coordinates":[-74.5014765302998,39.4240489831207]}},{"type":"Feature","properties":{"id":"us-rail-station-ABQ","name":"Albuquerque, NM","station_code":"ABQ","station_type":"Station Building (with waiting room)","aliases":""},"geometry":{"type":"Point","coordinates":[-106.647985021302,35.0820666444239]}},{"type":"Feature","properties":{"id":"us-rail-station-ACA","name":"Antioch-Pittsburg, CA","station_code":"ACA","station_type":"Platform with Shelter","aliases":"Pittsburg"},"geometry":{"type":"Point","coordinates":[-121.816037152762,38.0177050086558]}},{"type":"Feature","properties":{"id":"us-rail-station-ACB","name":"Atlantic City, NJ","station_code":"ACB","station_type":"Station Building (with waiting room)","aliases":""},"geometry":{"type":"Point","coordinates":[-74.4347945050129,39.3595639719397]}},{"type":"Feature","properties":{"id":"us-rail-station-ACD","name":"Arcadia, MO","station_code":"ACD","station_type":"Station Building (with waiting room)","aliases":""},"geometry":{"type":"Point","coordinates":[-90.6244092225903,37.5921679303639]}},{"type":"Feature","properties":{"id":"us-rail-station-ACY","name":"Atlantic City, NJ","station_code":"ACY","station_type":"Station Building (with waiting room)","aliases":""},"geometry":{"type":"Point","coordinates":[-74.439904506828,39.3626969722225]}},{"type":"Feature","properties":{"id":"us-rail-station-ADM","name":"Ardmore, OK","station_code":"ADM","station_type":"Platform only (no shelter)","aliases":""},"geometry":{"type":"Point","coordinates":[-97.1255176973313,34.172470981119]}},{"type":"Feature","properties":{"id":"us-rail-station-AGM","name":"Augusta, ME","station_code":"AGM","station_type":"Curbside Bus Stop only (no shelter)","aliases":""},"geometry":{"type":"Point","coordinates":[-69.7991332904076,44.3559220831307]}},{"type":"Feature","properties":{"id":"us-rail-station-AHL","name":"Ashland, OR","station_code":"AHL","station_type":"Curbside Bus Stop only (no shelter)","aliases":""},"geometry":{"type":"Point","coordinates":[-122.689604867697,42.185749253788]}},{"type":"Feature","properties":{"id":"us-rail-station-AIR","name":"Atwater, CA","station_code":"AIR","station_type":"Curbside Bus Stop only (no shelter)","aliases":""},"geometry":{"type":"Point","coordinates":[-120.578300885572,37.3642310412468]}},{"type":"Feature","properties":{"id":"us-rail-station-AKY","name":"Ashland, KY","station_code":"AKY","station_type":"Platform with Shelter","aliases":""},"geometry":{"type":"Point","coordinates":[-82.6396069802708,38.4808824755953]}},{"type":"Feature","properties":{"id":"us-rail-station-ALA","name":"Alanson, MI","station_code":"ALA","station_type":"Curbside Bus Stop only (no shelter)","aliases":""},"geometry":{"type":"Point","coordinates":[-84.7906012733067,45.4402096037575]}},{"type":"Feature","properties":{"id":"us-rail-station-ALB","name":"Albany-Rensselaer, NY","station_code":"ALB","station_type":"Station Building (with waiting room)","aliases":""},"geometry":{"type":"Point","coordinates":[-73.741148485347,42.6410376345124]}},{"type":"Feature","properties":{"id":"us-rail-station-ALC","name":"Alliance, OH","station_code":"ALC","station_type":"Platform only (no shelter)","aliases":""},"geometry":{"type":"Point","coordinates":[-81.0929076927242,40.92128301129]}},{"type":"Feature","properties":{"id":"us-rail-station-ALD","name":"Alderson, WV","station_code":"ALD","station_type":"Platform only (no shelter)","aliases":""},"geometry":{"type":"Point","coordinates":[-80.6448593290049,37.7242844082623]}},{"type":"Feature","properties":{"id":"us-rail-station-ALI","name":"Albion, MI","station_code":"ALI","station_type":"Station Building (with waiting room)","aliases":""},"geometry":{"type":"Point","coordinates":[-84.7558189268155,42.2472040723965]}},{"type":"Feature","properties":{"id":"us-rail-station-ALM","name":"Alpena, MI","station_code":"ALM","station_type":"Curbside Bus Stop only (no shelter)","aliases":""},"geometry":{"type":"Point","coordinates":[-83.4764638185131,45.0622106167293]}},{"type":"Feature","properties":{"id":"us-rail-station-ALN","name":"Alton, IL","station_code":"ALN","station_type":"Station Building (with waiting room)","aliases":""},"geometry":{"type":"Point","coordinates":[-90.1573042023512,38.9210141963293]}},{"type":"Feature","properties":{"id":"us-rail-station-ALP","name":"Alpine, TX","station_code":"ALP","station_type":"Station Building (with waiting room)","aliases":""},"geometry":{"type":"Point","coordinates":[-103.661522042259,30.3573070113731]}},{"type":"Feature","properties":{"id":"us-rail-station-ALT","name":"Altoona, PA","station_code":"ALT","station_type":"Station Building (with waiting room)","aliases":""},"geometry":{"type":"Point","coordinates":[-78.4016228263897,40.5144830503999]}},{"type":"Feature","properties":{"id":"us-rail-station-ALX","name":"Alexandria, VA","station_code":"ALX","station_type":"Station Building (with waiting room)","aliases":""},"geometry":{"type":"Point","coordinates":[-77.0623322975023,38.8065107664096]}},{"type":"Feature","properties":{"id":"us-rail-station-ALY","name":"Albany, OR","station_code":"ALY","station_type":"Station Building (with waiting room)","aliases":""},"geometry":{"type":"Point","coordinates":[-123.102788368378,44.6304693698611]}},{"type":"Feature","properties":{"id":"us-rail-station-AMS","name":"Amsterdam, NY","station_code":"AMS","station_type":"Station Building (with waiting room)","aliases":""},"geometry":{"type":"Point","coordinates":[-74.2195016624998,42.9537276752804]}},{"type":"Feature","properties":{"id":"us-rail-station-ANA","name":"Anaheim, CA","station_code":"ANA","station_type":"Station Building (with waiting room)","aliases":""},"geometry":{"type":"Point","coordinates":[-117.877320105321,33.8038078484429]}},{"type":"Feature","properties":{"id":"us-rail-station-ANT","name":"Almont, CO","station_code":"ANT","station_type":"Curbside Bus Stop only (no shelter)","aliases":""},"geometry":{"type":"Point","coordinates":[-106.845977407388,38.6656771449179]}},{"type":"Feature","properties":{"id":"us-rail-station-APP","name":"Appleton, WI","station_code":"APP","station_type":"Station Building (with waiting room)","aliases":""},"geometry":{"type":"Point","coordinates":[-88.4058582389299,44.2633192020842]}},{"type":"Feature","properties":{"id":"us-rail-station-ARB","name":"Ann Arbor, MI","station_code":"ARB","station_type":"Station Building (with waiting room)","aliases":""},"geometry":{"type":"Point","coordinates":[-83.7431586227063,42.2877001320346]}},{"type":"Feature","properties":{"id":"us-rail-station-ARC","name":"Arcata, CA","station_code":"ARC","station_type":"Curbside Bus Stop only (no shelter)","aliases":"Humboldt State University,McKinleyville"},"geometry":{"type":"Point","coordinates":[-124.083818867366,40.8686380423602]}},{"type":"Feature","properties":{"id":"us-rail-station-ARD","name":"Ardmore, PA","station_code":"ARD","station_type":"Station Building (with waiting room)","aliases":""},"geometry":{"type":"Point","coordinates":[-75.2904008145754,40.0082860714921]}},{"type":"Feature","properties":{"id":"us-rail-station-ARK","name":"Arkadelphia, AR","station_code":"ARK","station_type":"Station Building (with waiting room)","aliases":""},"geometry":{"type":"Point","coordinates":[-93.0532906338619,34.1139251565912]}},{"type":"Feature","properties":{"id":"us-rail-station-ARN","name":"Auburn, CA","station_code":"ARN","station_type":"Platform with Shelter","aliases":""},"geometry":{"type":"Point","coordinates":[-121.083200147143,38.9036431381326]}},{"type":"Feature","properties":{"id":"us-rail-station-ART","name":"Astoria, OR","station_code":"ART","station_type":"Curbside Bus Stop only (no shelter)","aliases":""},"geometry":{"type":"Point","coordinates":[-123.833304801938,46.1902153808712]}},{"type":"Feature","properties":{"id":"us-rail-station-ASD","name":"Ashland, VA","station_code":"ASD","station_type":"Platform with Shelter","aliases":""},"geometry":{"type":"Point","coordinates":[-77.481306364556,37.759603537068]}},{"type":"Feature","properties":{"id":"us-rail-station-AST","name":"Aldershot, ON","station_code":"AST","station_type":"Station Building (with waiting room)","aliases":""},"geometry":{"type":"Point","coordinates":[-79.8557155045587,43.3134215030289]}},{"type":"Feature","properties":{"id":"us-rail-station-ATA","name":"Atascadero, CA","station_code":"ATA","station_type":"Curbside Bus Stop only (no shelter)","aliases":""},"geometry":{"type":"Point","coordinates":[-120.664772706736,35.4889578593877]}},{"type":"Feature","properties":{"id":"us-rail-station-ATL","name":"Atlanta, GA","station_code":"ATL","station_type":"Station Building (with waiting room)","aliases":"Peachtree"},"geometry":{"type":"Point","coordinates":[-84.3924812066034,33.7994514447837]}},{"type":"Feature","properties":{"id":"us-rail-station-ATN","name":"Anniston, AL","station_code":"ATN","station_type":"Station Building (with waiting room)","aliases":""},"geometry":{"type":"Point","coordinates":[-85.8321496120008,33.6491183586758]}},{"type":"Feature","properties":{"id":"us-rail-station-ATO","name":"Atco, NJ","station_code":"ATO","station_type":"Platform with Shelter","aliases":""},"geometry":{"type":"Point","coordinates":[-74.9078946802357,39.7835120410613]}},{"type":"Feature","properties":{"id":"us-rail-station-AUR","name":"Auburn, ME","station_code":"AUR","station_type":"Station Building (with waiting room)","aliases":"Lewiston"},"geometry":{"type":"Point","coordinates":[-70.2664074274821,44.0377060109128]}},{"type":"Feature","properties":{"id":"us-rail-station-AUS","name":"Austin, TX","station_code":"AUS","station_type":"Station Building (with waiting room)","aliases":""},"geometry":{"type":"Point","coordinates":[-97.7569476293145,30.269454215596]}},{"type":"Feature","properties":{"id":"us-rail-station-AWN","name":"Allentown, PA","station_code":"AWN","station_type":"Station Building (with waiting room)","aliases":"Lehigh University"},"geometry":{"type":"Point","coordinates":[-75.4715229087955,40.6040581821523]}},{"type":"Feature","properties":{"id":"us-rail-station-BAK","name":"Baker City, OR","station_code":"BAK","station_type":"Station Building (with waiting room)","aliases":""},"geometry":{"type":"Point","coordinates":[-117.813150518763,44.7815568991323]}},{"type":"Feature","properties":{"id":"us-rail-station-BAL","name":"Baltimore, MD","station_code":"BAL","station_type":"Station Building (with waiting room)","aliases":"Penn Station"},"geometry":{"type":"Point","coordinates":[-76.6156901888681,39.3073098830818]}},{"type":"Feature","properties":{"id":"us-rail-station-BAM","name":"Bangor, MI","station_code":"BAM","station_type":"Station Building (with waiting room)","aliases":""},"geometry":{"type":"Point","coordinates":[-86.1116513414668,42.3145270120529]}},{"type":"Feature","properties":{"id":"us-rail-station-BAN","name":"Bangor, ME","station_code":"BAN","station_type":"Station Building (with waiting room)","aliases":""},"geometry":{"type":"Point","coordinates":[-68.8087469832627,44.81662319569]}},{"type":"Feature","properties":{"id":"us-rail-station-BAR","name":"Barstow, CA","station_code":"BAR","station_type":"Platform with Shelter","aliases":""},"geometry":{"type":"Point","coordinates":[-117.025447051247,34.9048250217433]}},{"type":"Feature","properties":{"id":"us-rail-station-BAS","name":"Bay Saint Louis, MS","station_code":"BAS","station_type":"Platform only (no shelter)","aliases":""},"geometry":{"type":"Point","coordinates":[-89.3340054264864,30.3087395158193]}},{"type":"Feature","properties":{"id":"us-rail-station-BBK","name":"Burbank, CA","station_code":"BBK","station_type":"Station Building (with waiting room)","aliases":""},"geometry":{"type":"Point","coordinates":[-118.299912206351,34.1713038660964]}},{"type":"Feature","properties":{"id":"us-rail-station-BBS","name":"Barstow, CA","station_code":"BBS","station_type":"Curbside Bus Stop only (no shelter)","aliases":""},"geometry":{"type":"Point","coordinates":[-116.998446045596,34.8912820217799]}},{"type":"Feature","properties":{"id":"us-rail-station-BBY","name":"Boston, MA","station_code":"BBY","station_type":"Station Building (with waiting room)","aliases":"Boston,Back Bay,westwood"},"geometry":{"type":"Point","coordinates":[-71.0758285958499,42.3473256703742]}},{"type":"Feature","properties":{"id":"us-rail-station-BCH","name":"Buchanan, OR","station_code":"BCH","station_type":"Curbside Bus Stop only (no shelter)","aliases":""},"geometry":{"type":"Point","coordinates":[-118.628420454452,43.6423197337963]}},{"type":"Feature","properties":{"id":"us-rail-station-BCV","name":"Burke Centre, VA","station_code":"BCV","station_type":"Platform with Shelter","aliases":""},"geometry":{"type":"Point","coordinates":[-77.298792370329,38.7972787551668]}},{"type":"Feature","properties":{"id":"us-rail-station-BCY","name":"Bay City, MI","station_code":"BCY","station_type":"Station Building (with waiting room)","aliases":""},"geometry":{"type":"Point","coordinates":[-83.8869267938141,43.6018553519741]}},{"type":"Feature","properties":{"id":"us-rail-station-BDN","name":"Brandon, VT","station_code":"BDN","station_type":"Curbside Bus Stop only (no shelter)","aliases":""},"geometry":{"type":"Point","coordinates":[-73.0870913496095,43.7983508715437]}},{"type":"Feature","properties":{"id":"us-rail-station-BDT","name":"Bradenton, FL","station_code":"BDT","station_type":"Curbside Bus Stop only (no shelter)","aliases":"Ellenton"},"geometry":{"type":"Point","coordinates":[-82.4574543872657,27.4858550598634]}},{"type":"Feature","properties":{"id":"us-rail-station-BDU","name":"Bonduel, WI","station_code":"BDU","station_type":"Curbside Bus Stop only (no shelter)","aliases":""},"geometry":{"type":"Point","coordinates":[-88.4469703071525,44.7298732728242]}},{"type":"Feature","properties":{"id":"us-rail-station-BEL","name":"Bellingham, WA","station_code":"BEL","station_type":"Station Building (with waiting room)","aliases":""},"geometry":{"type":"Point","coordinates":[-122.51127019999,48.7202686526005]}},{"type":"Feature","properties":{"id":"us-rail-station-BEN","name":"Benson, AZ","station_code":"BEN","station_type":"Platform with Shelter","aliases":""},"geometry":{"type":"Point","coordinates":[-110.296914563697,31.9687629941837]}},{"type":"Feature","properties":{"id":"us-rail-station-BER","name":"Berlin, CT","station_code":"BER","station_type":"Platform with Shelter","aliases":""},"geometry":{"type":"Point","coordinates":[-72.7652751048108,41.6356034783966]}},{"type":"Feature","properties":{"id":"us-rail-station-BET","name":"South Beloit, IL","station_code":"BET","station_type":"Curbside Bus Stop only (no shelter)","aliases":""},"geometry":{"type":"Point","coordinates":[-88.9891222121776,42.4900748794455]}},{"type":"Feature","properties":{"id":"us-rail-station-BFD","name":"Bakersfield, CA","station_code":"BFD","station_type":"Station Building (with waiting room)","aliases":""},"geometry":{"type":"Point","coordinates":[-119.00822242892,35.3721449515049]}},{"type":"Feature","properties":{"id":"us-rail-station-BFT","name":"Belfast, ME","station_code":"BFT","station_type":"Curbside Bus Stop only (no shelter)","aliases":""},"geometry":{"type":"Point","coordinates":[-69.0259840342739,44.4227011185186]}},{"type":"Feature","properties":{"id":"us-rail-station-BFX","name":"Buffalo, NY","station_code":"BFX","station_type":"Station Building (with waiting room)","aliases":"Exchange"},"geometry":{"type":"Point","coordinates":[-78.8737511556291,42.8784574706265]}},{"type":"Feature","properties":{"id":"us-rail-station-BGP","name":"Big Rapids, MI","station_code":"BGP","station_type":"Curbside Bus Stop only (no shelter)","aliases":""},"geometry":{"type":"Point","coordinates":[-85.4836172909893,43.6733552769187]}},{"type":"Feature","properties":{"id":"us-rail-station-BHM","name":"Birmingham, AL","station_code":"BHM","station_type":"Station Building (with waiting room)","aliases":""},"geometry":{"type":"Point","coordinates":[-86.8070278819844,33.5129432926766]}},{"type":"Feature","properties":{"id":"us-rail-station-BHS","name":"Brothers, OR","station_code":"BHS","station_type":"Curbside Bus Stop only (no shelter)","aliases":""},"geometry":{"type":"Point","coordinates":[-120.603564818958,43.8140405602879]}},{"type":"Feature","properties":{"id":"us-rail-station-BIN","name":"Berlin, NH","station_code":"BIN","station_type":"Curbside Bus Stop only (no shelter)","aliases":""},"geometry":{"type":"Point","coordinates":[-71.1874307628331,44.459049056543]}},{"type":"Feature","properties":{"id":"us-rail-station-BIR","name":"Big Run, PA","station_code":"BIR","station_type":"Curbside Bus Stop only (no shelter)","aliases":""},"geometry":{"type":"Point","coordinates":[-78.8702210056329,40.9687241177949]}},{"type":"Feature","properties":{"id":"us-rail-station-BIX","name":"Biloxi, MS","station_code":"BIX","station_type":"Platform only (no shelter)","aliases":""},"geometry":{"type":"Point","coordinates":[-88.8911393088938,30.3989955497035]}},{"type":"Feature","properties":{"id":"us-rail-station-BKO","name":"Brookings, OR","station_code":"BKO","station_type":"Station Building (with waiting room)","aliases":""},"geometry":{"type":"Point","coordinates":[-124.288325082206,42.0547981004087]}},{"type":"Feature","properties":{"id":"us-rail-station-BKS","name":"Banks, OR","station_code":"BKS","station_type":"Curbside Bus Stop only (no shelter)","aliases":""},"geometry":{"type":"Point","coordinates":[-123.114049569728,45.6178694255868]}},{"type":"Feature","properties":{"id":"us-rail-station-BKY","name":"Berkeley, CA","station_code":"BKY","station_type":"Platform with Shelter","aliases":""},"geometry":{"type":"Point","coordinates":[-122.300720207953,37.8672589604567]}},{"type":"Feature","properties":{"id":"us-rail-station-BLF","name":"Bellows Falls, VT","station_code":"BLF","station_type":"Station Building (with waiting room)","aliases":""},"geometry":{"type":"Point","coordinates":[-72.4445980935739,43.136548773028]}},{"type":"Feature","properties":{"id":"us-rail-station-BLK","name":"Blacksburg, VA","station_code":"BLK","station_type":"Curbside Bus Stop only (no shelter)","aliases":"Virginia Tech"},"geometry":{"type":"Point","coordinates":[-80.4245862319465,37.2320203166247]}},{"type":"Feature","properties":{"id":"us-rail-station-BLS","name":"Blairsville, PA","station_code":"BLS","station_type":"Curbside Bus Stop only (no shelter)","aliases":""},"geometry":{"type":"Point","coordinates":[-79.2197810765845,40.4446960030042]}},{"type":"Feature","properties":{"id":"us-rail-station-BLT","name":"Burlington, VT","station_code":"BLT","station_type":"Station Building (with waiting room)","aliases":""},"geometry":{"type":"Point","coordinates":[-73.214169439881,44.4803359890763]}},{"type":"Feature","properties":{"id":"us-rail-station-BMT","name":"Beaumont, TX","station_code":"BMT","station_type":"Platform with Shelter","aliases":""},"geometry":{"type":"Point","coordinates":[-94.1273736964771,30.0764633046767]}},{"type":"Feature","properties":{"id":"us-rail-station-BNC","name":"Burlington, NC","station_code":"BNC","station_type":"Station Building (with waiting room)","aliases":""},"geometry":{"type":"Point","coordinates":[-79.4345338663219,36.094232116932]}},{"type":"Feature","properties":{"id":"us-rail-station-BND","name":"Bend, OR","station_code":"BND","station_type":"Station Building (with waiting room)","aliases":""},"geometry":{"type":"Point","coordinates":[-121.301279977791,44.0582255104978]}},{"type":"Feature","properties":{"id":"us-rail-station-BNF","name":"Branford, CT","station_code":"BNF","station_type":"Station Building (with waiting room)","aliases":""},"geometry":{"type":"Point","coordinates":[-72.8163510993153,41.2746854073172]}},{"type":"Feature","properties":{"id":"us-rail-station-BNG","name":"Bingen-White Salmon, WA","station_code":"BNG","station_type":"Platform with Shelter","aliases":"White Salmon,Hood River,Dalles,The Dalles"},"geometry":{"type":"Point","coordinates":[-121.468744330773,45.7150256007008]}},{"type":"Feature","properties":{"id":"us-rail-station-BNI","name":"Bennington, VT","station_code":"BNI","station_type":"Curbside Bus Stop only (no shelter)","aliases":""},"geometry":{"type":"Point","coordinates":[-73.1932413222315,42.8787856988897]}},{"type":"Feature","properties":{"id":"us-rail-station-BNL","name":"Bloomington-Normal, IL","station_code":"BNL","station_type":"Station Building (with waiting room)","aliases":""},"geometry":{"type":"Point","coordinates":[-88.9843120114106,40.5090175418661]}},{"type":"Feature","properties":{"id":"us-rail-station-BNS","name":"Burns, OR","station_code":"BNS","station_type":"Curbside Bus Stop only (no shelter)","aliases":""},"geometry":{"type":"Point","coordinates":[-119.064444519548,43.5837186883047]}},{"type":"Feature","properties":{"id":"us-rail-station-BON","name":"Boston, MA","station_code":"BON","station_type":"Station Building (with waiting room)","aliases":"North Station"},"geometry":{"type":"Point","coordinates":[-71.0611225916422,42.3662436747389]}},{"type":"Feature","properties":{"id":"us-rail-station-BOS","name":"Boston, MA","station_code":"BOS","station_type":"Station Building (with waiting room)","aliases":"South Station"},"geometry":{"type":"Point","coordinates":[-71.0553045889242,42.3523196722564]}},{"type":"Feature","properties":{"id":"us-rail-station-BRA","name":"Brattleboro, VT","station_code":"BRA","station_type":"Station Building (with waiting room)","aliases":""},"geometry":{"type":"Point","coordinates":[-72.5564981122609,42.8508577159558]}},{"type":"Feature","properties":{"id":"us-rail-station-BRB","name":"Baraboo, WI","station_code":"BRB","station_type":"Curbside Bus Stop only (no shelter)","aliases":""},"geometry":{"type":"Point","coordinates":[-89.7736825490748,43.4593569898666]}},{"type":"Feature","properties":{"id":"us-rail-station-BRH","name":"Brookhaven, MS","station_code":"BRH","station_type":"Station Building (with waiting room)","aliases":""},"geometry":{"type":"Point","coordinates":[-90.4410757878561,31.5829667502697]}},{"type":"Feature","properties":{"id":"us-rail-station-BRK","name":"Brunswick, ME","station_code":"BRK","station_type":"Station Building (with waiting room)","aliases":""},"geometry":{"type":"Point","coordinates":[-69.965541319837,43.9113969970367]}},{"type":"Feature","properties":{"id":"us-rail-station-BRL","name":"Burlington, IA","station_code":"BRL","station_type":"Station Building (with waiting room)","aliases":""},"geometry":{"type":"Point","coordinates":[-91.1019576439959,40.805795473898]}},{"type":"Feature","properties":{"id":"us-rail-station-BRO","name":"Browning, MT","station_code":"BRO","station_type":"Platform with Shelter","aliases":"glacier,east glacier"},"geometry":{"type":"Point","coordinates":[-113.013164378939,48.5340736767166]}},{"type":"Feature","properties":{"id":"us-rail-station-BRP","name":"Bridgeport, CT","station_code":"BRP","station_type":"Station Building (with waiting room)","aliases":""},"geometry":{"type":"Point","coordinates":[-73.1875402136882,41.1780143757262]}},{"type":"Feature","properties":{"id":"us-rail-station-BTL","name":"Battle Creek, MI","station_code":"BTL","station_type":"Station Building (with waiting room)","aliases":""},"geometry":{"type":"Point","coordinates":[-85.1878300639245,42.3184610624355]}},{"type":"Feature","properties":{"id":"us-rail-station-BTN","name":"Burlington, VT","station_code":"BTN","station_type":"Station Building (with waiting room)","aliases":""},"geometry":{"type":"Point","coordinates":[-73.2192714413001,44.4757089878582]}},{"type":"Feature","properties":{"id":"us-rail-station-BTR","name":"Baton Rouge, LA","station_code":"BTR","station_type":"Station Building (with waiting room)","aliases":""},"geometry":{"type":"Point","coordinates":[-91.1763799328598,30.4497464838447]}},{"type":"Feature","properties":{"id":"us-rail-station-BTV","name":"South Burlington, VT","station_code":"BTV","station_type":"Station Building (with waiting room)","aliases":"Burlington"},"geometry":{"type":"Point","coordinates":[-73.155461419808,44.4698739895575]}},{"type":"Feature","properties":{"id":"us-rail-station-BUF","name":"Buffalo, NY","station_code":"BUF","station_type":"Station Building (with waiting room)","aliases":"Depew"},"geometry":{"type":"Point","coordinates":[-78.7265871111005,42.9070254822843]}},{"type":"Feature","properties":{"id":"us-rail-station-BUL","name":"Buellton, CA","station_code":"BUL","station_type":"Curbside Bus Stop only (no shelter)","aliases":""},"geometry":{"type":"Point","coordinates":[-120.186607551464,34.610664802566]}},{"type":"Feature","properties":{"id":"us-rail-station-BUR","name":"Burbank, CA","station_code":"BUR","station_type":"Platform with Shelter","aliases":"Hollywood"},"geometry":{"type":"Point","coordinates":[-118.353779217036,34.19307686512]}},{"type":"Feature","properties":{"id":"us-rail-station-BUV","name":"Buena Vista, CO","station_code":"BUV","station_type":"Curbside Bus Stop only (no shelter)","aliases":""},"geometry":{"type":"Point","coordinates":[-106.131069267466,38.8429032176967]}},{"type":"Feature","properties":{"id":"us-rail-station-BVM","name":"Beaver Marsh, OR","station_code":"BVM","station_type":"Platform only (no shelter)","aliases":""},"geometry":{"type":"Point","coordinates":[-121.803202890857,43.1345774001832]}},{"type":"Feature","properties":{"id":"us-rail-station-BVT","name":"Beaverton, OR","station_code":"BVT","station_type":"Curbside Bus Stop only (no shelter)","aliases":""},"geometry":{"type":"Point","coordinates":[-122.782184496175,45.5102284537954]}},{"type":"Feature","properties":{"id":"us-rail-station-BWI","name":"BWI Marshall Airport, MD","station_code":"BWI","station_type":"Station Building (with waiting room)","aliases":"Baltimore,bwi airport"},"geometry":{"type":"Point","coordinates":[-76.6943022058441,39.1923698574059]}},{"type":"Feature","properties":{"id":"us-rail-station-BYN","name":"Bryan, OH","station_code":"BYN","station_type":"Station Building (with waiting room)","aliases":""},"geometry":{"type":"Point","coordinates":[-84.5518037939923,41.4803269479015]}},{"type":"Feature","properties":{"id":"us-rail-station-CAM","name":"Camden, SC","station_code":"CAM","station_type":"Station Building (with waiting room)","aliases":""},"geometry":{"type":"Point","coordinates":[-80.625193126039,34.2481636776695]}},{"type":"Feature","properties":{"id":"us-rail-station-CAY","name":"Conway, NH","station_code":"CAY","station_type":"Curbside Bus Stop only (no shelter)","aliases":""},"geometry":{"type":"Point","coordinates":[-71.1265737111908,43.9783069722728]}},{"type":"Feature","properties":{"id":"us-rail-station-CBC","name":"Crested Butte, CO","station_code":"CBC","station_type":"Curbside Bus Stop only (no shelter)","aliases":""},"geometry":{"type":"Point","coordinates":[-106.980915459951,38.8703631634931]}},{"type":"Feature","properties":{"id":"us-rail-station-CBO","name":"Cannon Beach, OR","station_code":"CBO","station_type":"Curbside Bus Stop only (no shelter)","aliases":""},"geometry":{"type":"Point","coordinates":[-123.961856755401,45.8895013519667]}},{"type":"Feature","properties":{"id":"us-rail-station-CBR","name":"Cleburne, TX","station_code":"CBR","station_type":"Platform with Shelter","aliases":""},"geometry":{"type":"Point","coordinates":[-97.382340646271,32.3497486306683]}},{"type":"Feature","properties":{"id":"us-rail-station-CBS","name":"Columbus, WI","station_code":"CBS","station_type":"Station Building (with waiting room)","aliases":""},"geometry":{"type":"Point","coordinates":[-89.0126153119157,43.340619017281]}},{"type":"Feature","properties":{"id":"us-rail-station-CBY","name":"Coos Bay, OR","station_code":"CBY","station_type":"Curbside Bus Stop only (no shelter)","aliases":""},"geometry":{"type":"Point","coordinates":[-124.217380296673,43.3671121862355]}},{"type":"Feature","properties":{"id":"us-rail-station-CBZ","name":"Cabazon, CA","station_code":"CBZ","station_type":"Curbside Bus Stop only (no shelter)","aliases":""},"geometry":{"type":"Point","coordinates":[-116.798724929001,33.9214969225783]}},{"type":"Feature","properties":{"id":"us-rail-station-CDE","name":"Cambridge, MD","station_code":"CDE","station_type":"Curbside Bus Stop only (no shelter)","aliases":""},"geometry":{"type":"Point","coordinates":[-76.0483939665266,38.5617597532883]}},{"type":"Feature","properties":{"id":"us-rail-station-CDL","name":"Carbondale, IL","station_code":"CDL","station_type":"Station Building (with waiting room)","aliases":""},"geometry":{"type":"Point","coordinates":[-89.2163308386253,37.7245880250551]}},{"type":"Feature","properties":{"id":"us-rail-station-CDN","name":"Camden-Rockport, ME","station_code":"CDN","station_type":"Curbside Bus Stop only (no shelter)","aliases":""},"geometry":{"type":"Point","coordinates":[-69.0786340388529,44.1991040763764]}},{"type":"Feature","properties":{"id":"us-rail-station-CDS","name":"Cedar Springs, MI","station_code":"CDS","station_type":"Curbside Bus Stop only (no shelter)","aliases":""},"geometry":{"type":"Point","coordinates":[-85.5704912699402,43.2196111956032]}},{"type":"Feature","properties":{"id":"us-rail-station-CEN","name":"Centralia, IL","station_code":"CEN","station_type":"Station Building (with waiting room)","aliases":""},"geometry":{"type":"Point","coordinates":[-89.1361238808287,38.5275381782335]}},{"type":"Feature","properties":{"id":"us-rail-station-CFD","name":"Clearfield, PA","station_code":"CFD","station_type":"Station Building (with waiting room)","aliases":""},"geometry":{"type":"Point","coordinates":[-78.4353328736893,41.0211031456758]}},{"type":"Feature","properties":{"id":"us-rail-station-CFX","name":"Colfax, WA","station_code":"CFX","station_type":"Curbside Bus Stop only (no shelter)","aliases":""},"geometry":{"type":"Point","coordinates":[-117.365169865558,46.8756850999689]}},{"type":"Feature","properties":{"id":"us-rail-station-CGD","name":"Coarsegold, CA","station_code":"CGD","station_type":"Curbside Bus Stop only (no shelter)","aliases":""},"geometry":{"type":"Point","coordinates":[-119.699688733261,37.2619020933462]}},{"type":"Feature","properties":{"id":"us-rail-station-CHB","name":"Cheboygan, MI","station_code":"CHB","station_type":"Curbside Bus Stop only (no shelter)","aliases":""},"geometry":{"type":"Point","coordinates":[-84.4762921990317,45.6467316546454]}},{"type":"Feature","properties":{"id":"us-rail-station-CHI","name":"Chicago, IL","station_code":"CHI","station_type":"Station Building (with waiting room)","aliases":"Union Station"},"geometry":{"type":"Point","coordinates":[-87.6410207527603,41.8789998534375]}},{"type":"Feature","properties":{"id":"us-rail-station-CHL","name":"Charlevoix, MI","station_code":"CHL","station_type":"Station Building (with waiting room)","aliases":""},"geometry":{"type":"Point","coordinates":[-85.2579464042382,45.3184565577332]}},{"type":"Feature","properties":{"id":"us-rail-station-CHM","name":"Champaign-Urbana, IL","station_code":"CHM","station_type":"Station Building (with waiting room)","aliases":"Urbana"},"geometry":{"type":"Point","coordinates":[-88.2413717615887,40.1158505122715]}},{"type":"Feature","properties":{"id":"us-rail-station-CHN","name":"Chiloquin, OR","station_code":"CHN","station_type":"Curbside Bus Stop only (no shelter)","aliases":"Kla-Mo-Ya Casino,Kla Mo Ya Casino,Klamoya Casino"},"geometry":{"type":"Point","coordinates":[-121.883165801544,42.5356963514372]}},{"type":"Feature","properties":{"id":"us-rail-station-CHP","name":"Chippewa Falls, WI","station_code":"CHP","station_type":"Curbside Bus Stop only (no shelter)","aliases":""},"geometry":{"type":"Point","coordinates":[-91.4278012086899,44.8831041046143]}},{"type":"Feature","properties":{"id":"us-rail-station-CHS","name":"Charleston, SC","station_code":"CHS","station_type":"Station Building (with waiting room)","aliases":""},"geometry":{"type":"Point","coordinates":[-79.9980508735681,32.8754793947327]}},{"type":"Feature","properties":{"id":"us-rail-station-CHW","name":"Charleston, WV","station_code":"CHW","station_type":"Station Building (with waiting room)","aliases":""},"geometry":{"type":"Point","coordinates":[-81.6384976704289,38.3463754924202]}},{"type":"Feature","properties":{"id":"us-rail-station-CIC","name":"Chico, CA","station_code":"CIC","station_type":"Platform only (no shelter)","aliases":""},"geometry":{"type":"Point","coordinates":[-121.845874372429,39.7232641454441]}},{"type":"Feature","properties":{"id":"us-rail-station-CIN","name":"Cincinnati, OH","station_code":"CIN","station_type":"Station Building (with waiting room)","aliases":"Union Terminal"},"geometry":{"type":"Point","coordinates":[-84.5370655923683,39.1099345113891]}},{"type":"Feature","properties":{"id":"us-rail-station-CLA","name":"Claremont, NH","station_code":"CLA","station_type":"Platform with Shelter","aliases":""},"geometry":{"type":"Point","coordinates":[-72.3776450869899,43.3683388180636]}},{"type":"Feature","properties":{"id":"us-rail-station-CLB","name":"Columbia, SC","station_code":"CLB","station_type":"Station Building (with waiting room)","aliases":""},"geometry":{"type":"Point","coordinates":[-81.0404932362942,33.9943036079373]}},{"type":"Feature","properties":{"id":"us-rail-station-CLC","name":"Cadillac, MI","station_code":"CLC","station_type":"Curbside Bus Stop only (no shelter)","aliases":""},"geometry":{"type":"Point","coordinates":[-85.3897533267765,44.2704103809453]}},{"type":"Feature","properties":{"id":"us-rail-station-CLE","name":"Cleveland, OH","station_code":"CLE","station_type":"Station Building (with waiting room)","aliases":""},"geometry":{"type":"Point","coordinates":[-81.6961759256405,41.5057950920571]}},{"type":"Feature","properties":{"id":"us-rail-station-CLF","name":"Clifton Forge, VA","station_code":"CLF","station_type":"Station Building (with waiting room)","aliases":""},"geometry":{"type":"Point","coordinates":[-79.8273660872419,37.8145284594741]}},{"type":"Feature","properties":{"id":"us-rail-station-CLM","name":"Claremont, CA","station_code":"CLM","station_type":"Platform with Shelter","aliases":""},"geometry":{"type":"Point","coordinates":[-117.716869101882,34.0944738902025]}},{"type":"Feature","properties":{"id":"us-rail-station-CLN","name":"Clinton, CT","station_code":"CLN","station_type":"Station Building (with waiting room)","aliases":""},"geometry":{"type":"Point","coordinates":[-72.5292910070324,41.2807514179053]}},{"type":"Feature","properties":{"id":"us-rail-station-CLP","name":"Culpeper, VA","station_code":"CLP","station_type":"Station Building (with waiting room)","aliases":""},"geometry":{"type":"Point","coordinates":[-77.9934235651805,38.4723676633624]}},{"type":"Feature","properties":{"id":"us-rail-station-CLR","name":"Clare, MI","station_code":"CLR","station_type":"Curbside Bus Stop only (no shelter)","aliases":""},"geometry":{"type":"Point","coordinates":[-84.7674700895253,43.8409763446824]}},{"type":"Feature","properties":{"id":"us-rail-station-CLT","name":"Charlotte, NC","station_code":"CLT","station_type":"Station Building (with waiting room)","aliases":""},"geometry":{"type":"Point","coordinates":[-80.822815236446,35.2414098849709]}},{"type":"Feature","properties":{"id":"us-rail-station-CLV","name":"Cloverdale, CA","station_code":"CLV","station_type":"Curbside Bus Stop only (no shelter)","aliases":""},"geometry":{"type":"Point","coordinates":[-123.011860427298,38.7981149809285]}},{"type":"Feature","properties":{"id":"us-rail-station-CML","name":"Camarillo, CA","station_code":"CML","station_type":"Platform only (no shelter)","aliases":""},"geometry":{"type":"Point","coordinates":[-119.034126331996,34.2159378284983]}},{"type":"Feature","properties":{"id":"us-rail-station-CMO","name":"Chemult, OR","station_code":"CMO","station_type":"Platform with Shelter","aliases":""},"geometry":{"type":"Point","coordinates":[-121.78160790167,43.2167894074792]}},{"type":"Feature","properties":{"id":"us-rail-station-CNL","name":"Col Allensworth State Park, CA","station_code":"CNL","station_type":"Platform only (no shelter)","aliases":"Allensworth,Colonel Allensworth,cnl"},"geometry":{"type":"Point","coordinates":[-119.385877537656,35.8643429780603]}},{"type":"Feature","properties":{"id":"us-rail-station-CNV","name":"Castleton, VT","station_code":"CNV","station_type":"Station Building (with waiting room)","aliases":""},"geometry":{"type":"Point","coordinates":[-73.1713383645138,43.6133908345939]}},{"type":"Feature","properties":{"id":"us-rail-station-COC","name":"Corcoran, CA","station_code":"COC","station_type":"Station Building (with waiting room)","aliases":""},"geometry":{"type":"Point","coordinates":[-119.557062588578,36.0985209903093]}},{"type":"Feature","properties":{"id":"us-rail-station-COI","name":"Connersville, IN","station_code":"COI","station_type":"Platform with Shelter","aliases":""},"geometry":{"type":"Point","coordinates":[-85.1333848112845,39.6459765836846]}},{"type":"Feature","properties":{"id":"us-rail-station-COT","name":"Coatesville, PA","station_code":"COT","station_type":"Platform with Shelter","aliases":""},"geometry":{"type":"Point","coordinates":[-75.8209309812079,39.9856960476924]}},{"type":"Feature","properties":{"id":"us-rail-station-COV","name":"Connellsville, PA","station_code":"COV","station_type":"Platform with Shelter","aliases":""},"geometry":{"type":"Point","coordinates":[-79.592816162391,40.0202899055827]}},{"type":"Feature","properties":{"id":"us-rail-station-COX","name":"Colfax, CA","station_code":"COX","station_type":"Station Building (with waiting room)","aliases":""},"geometry":{"type":"Point","coordinates":[-120.95308815151,39.0991771653127]}},{"type":"Feature","properties":{"id":"us-rail-station-CPC","name":"Cameron Park, CA","station_code":"CPC","station_type":"Curbside Bus Stop only (no shelter)","aliases":"Cambridge Road,Cambridge Rd."},"geometry":{"type":"Point","coordinates":[-120.998607102988,38.6585041242513]}},{"type":"Feature","properties":{"id":"us-rail-station-CPN","name":"Carpinteria, CA","station_code":"CPN","station_type":"Platform with Shelter","aliases":""},"geometry":{"type":"Point","coordinates":[-119.522987426421,34.3967848194129]}},{"type":"Feature","properties":{"id":"us-rail-station-CRC","name":"Crescent City, CA","station_code":"CRC","station_type":"Curbside Bus Stop only (no shelter)","aliases":""},"geometry":{"type":"Point","coordinates":[-124.193489019583,41.7523780899771]}},{"type":"Feature","properties":{"id":"us-rail-station-CRF","name":"Crawfordsville, IN","station_code":"CRF","station_type":"Platform with Shelter","aliases":""},"geometry":{"type":"Point","coordinates":[-86.8991923648336,40.0447125689462]}},{"type":"Feature","properties":{"id":"us-rail-station-CRH","name":"Cherry Hill, NJ","station_code":"CRH","station_type":"Station Building (with waiting room)","aliases":""},"geometry":{"type":"Point","coordinates":[-75.0418257312471,39.928954064988]}},{"type":"Feature","properties":{"id":"us-rail-station-CRM","name":"Carmel, CA","station_code":"CRM","station_type":"Curbside Bus Stop only (no shelter)","aliases":""},"geometry":{"type":"Point","coordinates":[-121.90881000257,36.5390378745844]}},{"type":"Feature","properties":{"id":"us-rail-station-CRN","name":"Creston, IA","station_code":"CRN","station_type":"Platform only (no shelter)","aliases":""},"geometry":{"type":"Point","coordinates":[-94.3616245748648,41.0569273196403]}},{"type":"Feature","properties":{"id":"us-rail-station-CRT","name":"Croton-Harmon, NY","station_code":"CRT","station_type":"Station Building (with waiting room)","aliases":""},"geometry":{"type":"Point","coordinates":[-73.8823954384901,41.1899113536244]}},{"type":"Feature","properties":{"id":"us-rail-station-CRV","name":"Carlinville, IL","station_code":"CRV","station_type":"Station Building (with waiting room)","aliases":""},"geometry":{"type":"Point","coordinates":[-89.889282157987,39.279302275448]}},{"type":"Feature","properties":{"id":"us-rail-station-CSN","name":"Clemson, SC","station_code":"CSN","station_type":"Station Building (with waiting room)","aliases":""},"geometry":{"type":"Point","coordinates":[-82.8325048011913,34.6911216933044]}},{"type":"Feature","properties":{"id":"us-rail-station-CSO","name":"Crescent, OR","station_code":"CSO","station_type":"Curbside Bus Stop only (no shelter)","aliases":""},"geometry":{"type":"Point","coordinates":[-121.695672931686,43.4629804324221]}},{"type":"Feature","properties":{"id":"us-rail-station-CTL","name":"Centralia, WA","station_code":"CTL","station_type":"Station Building (with waiting room)","aliases":""},"geometry":{"type":"Point","coordinates":[-122.953076784349,46.7174755021997]}},{"type":"Feature","properties":{"id":"us-rail-station-CTO","name":"Canton, NY","station_code":"CTO","station_type":"Curbside Bus Stop only (no shelter)","aliases":""},"geometry":{"type":"Point","coordinates":[-75.1708290962254,44.5942069332609]}},{"type":"Feature","properties":{"id":"us-rail-station-CTS","name":"Canton, NY","station_code":"CTS","station_type":"Curbside Bus Stop only (no shelter)","aliases":""},"geometry":{"type":"Point","coordinates":[-75.1849581017462,44.6033149346482]}},{"type":"Feature","properties":{"id":"us-rail-station-CUA","name":"Cumberland, MD","station_code":"CUA","station_type":"Curbside Bus Stop only (no shelter)","aliases":""},"geometry":{"type":"Point","coordinates":[-78.7304408692963,39.6504598693416]}},{"type":"Feature","properties":{"id":"us-rail-station-CUM","name":"Cumberland, MD","station_code":"CUM","station_type":"Station Building (with waiting room)","aliases":""},"geometry":{"type":"Point","coordinates":[-78.7580028782323,39.6506358680422]}},{"type":"Feature","properties":{"id":"us-rail-station-CUT","name":"Cut Bank, MT","station_code":"CUT","station_type":"Station Building (with waiting room)","aliases":""},"geometry":{"type":"Point","coordinates":[-112.3315972575,48.6383707559088]}},{"type":"Feature","properties":{"id":"us-rail-station-CVI","name":"Corvallis, OR","station_code":"CVI","station_type":"Station Building (with waiting room)","aliases":""},"geometry":{"type":"Point","coordinates":[-123.263466379682,44.5649123498479]}},{"type":"Feature","properties":{"id":"us-rail-station-CVJ","name":"Cave Junction, OR","station_code":"CVJ","station_type":"Curbside Bus Stop only (no shelter)","aliases":""},"geometry":{"type":"Point","coordinates":[-123.647014006389,42.1630071657726]}},{"type":"Feature","properties":{"id":"us-rail-station-CVO","name":"Corvallis, OR","station_code":"CVO","station_type":"Curbside Bus Stop only (no shelter)","aliases":""},"geometry":{"type":"Point","coordinates":[-123.272765381075,44.5644163489195]}},{"type":"Feature","properties":{"id":"us-rail-station-CVS","name":"Charlottesville, VA","station_code":"CVS","station_type":"Station Building (with waiting room)","aliases":""},"geometry":{"type":"Point","coordinates":[-78.4916866923718,38.0314915550821]}},{"type":"Feature","properties":{"id":"us-rail-station-CVT","name":"Colchester, VT","station_code":"CVT","station_type":"Curbside Bus Stop only (no shelter)","aliases":""},"geometry":{"type":"Point","coordinates":[-73.1653884325182,44.5950080111436]}},{"type":"Feature","properties":{"id":"us-rail-station-CWH","name":"Cornwells Heights, PA","station_code":"CWH","station_type":"Platform with Shelter","aliases":""},"geometry":{"type":"Point","coordinates":[-74.9521887114503,40.0716710963064]}},{"type":"Feature","properties":{"id":"us-rail-station-CWT","name":"Chatsworth, CA","station_code":"CWT","station_type":"Platform with Shelter","aliases":""},"geometry":{"type":"Point","coordinates":[-118.599429263629,34.2532098578127]}},{"type":"Feature","properties":{"id":"us-rail-station-CYN","name":"Cary, NC","station_code":"CYN","station_type":"Station Building (with waiting room)","aliases":""},"geometry":{"type":"Point","coordinates":[-78.7822486529908,35.788301075175]}},{"type":"Feature","properties":{"id":"us-rail-station-DAG","name":"Dallas, TX","station_code":"DAG","station_type":"Station Building (with waiting room)","aliases":""},"geometry":{"type":"Point","coordinates":[-96.8041285259917,32.778642736614]}},{"type":"Feature","properties":{"id":"us-rail-station-DAL","name":"Dallas, TX","station_code":"DAL","station_type":"Station Building (with waiting room)","aliases":"Union Station"},"geometry":{"type":"Point","coordinates":[-96.8072425269409,32.7760997363733]}},{"type":"Feature","properties":{"id":"us-rail-station-DAM","name":"Damariscotta, ME","station_code":"DAM","station_type":"Curbside Bus Stop only (no shelter)","aliases":""},"geometry":{"type":"Point","coordinates":[-69.5310091812574,44.0324070323404]}},{"type":"Feature","properties":{"id":"us-rail-station-DAN","name":"Danville, VA","station_code":"DAN","station_type":"Station Building (with waiting room)","aliases":""},"geometry":{"type":"Point","coordinates":[-79.3839708790149,36.5840972218533]}},{"type":"Feature","properties":{"id":"us-rail-station-DAT","name":"Dayton-Trotwood, OH","station_code":"DAT","station_type":"Station Building (with waiting room)","aliases":"Trotwood"},"geometry":{"type":"Point","coordinates":[-84.2780645711226,39.8176276569515]}},{"type":"Feature","properties":{"id":"us-rail-station-DAV","name":"Davis, CA","station_code":"DAV","station_type":"Station Building (with waiting room)","aliases":""},"geometry":{"type":"Point","coordinates":[-121.737720203611,38.543567058203]}},{"type":"Feature","properties":{"id":"us-rail-station-DBI","name":"Du Bois, PA","station_code":"DBI","station_type":"Station Building (with waiting room)","aliases":""},"geometry":{"type":"Point","coordinates":[-78.7244129707206,41.1117441505843]}},{"type":"Feature","properties":{"id":"us-rail-station-DBP","name":"Dublin-Pleasanton, CA","station_code":"DBP","station_type":"Station Building (with waiting room)","aliases":"Pleasanton"},"geometry":{"type":"Point","coordinates":[-121.897710127865,37.7028379759513]}},{"type":"Feature","properties":{"id":"us-rail-station-DBY","name":"Discovery Bay, WA","station_code":"DBY","station_type":"Curbside Bus Stop only (no shelter)","aliases":""},"geometry":{"type":"Point","coordinates":[-122.887349074423,47.9878005746338]}},{"type":"Feature","properties":{"id":"us-rail-station-DDE","name":"Dade City, FL","station_code":"DDE","station_type":"Platform with Shelter","aliases":""},"geometry":{"type":"Point","coordinates":[-82.1874433372168,28.3678592799565]}},{"type":"Feature","properties":{"id":"us-rail-station-DDG","name":"Dodge City, KS","station_code":"DDG","station_type":"Station Building (with waiting room)","aliases":""},"geometry":{"type":"Point","coordinates":[-100.016969709969,37.7523124420951]}},{"type":"Feature","properties":{"id":"us-rail-station-DEM","name":"Deming, NM","station_code":"DEM","station_type":"Platform with Shelter","aliases":""},"geometry":{"type":"Point","coordinates":[-107.754356055003,32.2717751577183]}},{"type":"Feature","properties":{"id":"us-rail-station-DEN","name":"Denver, CO","station_code":"DEN","station_type":"Station Building (with waiting room)","aliases":"Union Station"},"geometry":{"type":"Point","coordinates":[-104.999939112246,39.7529654202235]}},{"type":"Feature","properties":{"id":"us-rail-station-DER","name":"Dearborn, MI","station_code":"DER","station_type":"Station Building (with waiting room)","aliases":""},"geometry":{"type":"Point","coordinates":[-83.2353154687614,42.3071751611972]}},{"type":"Feature","properties":{"id":"us-rail-station-DET","name":"Detroit, MI","station_code":"DET","station_type":"Station Building (with waiting room)","aliases":""},"geometry":{"type":"Point","coordinates":[-83.0724014240531,42.3681051803025]}},{"type":"Feature","properties":{"id":"us-rail-station-DFB","name":"Deerfield Beach, FL","station_code":"DFB","station_type":"Station Building (with waiting room)","aliases":""},"geometry":{"type":"Point","coordinates":[-80.1221496742504,26.3170738249829]}},{"type":"Feature","properties":{"id":"us-rail-station-DHM","name":"Durham, NH","station_code":"DHM","station_type":"Station Building (with waiting room)","aliases":""},"geometry":{"type":"Point","coordinates":[-70.9360135958971,43.1393368239316]}},{"type":"Feature","properties":{"id":"us-rail-station-DIL","name":"Dillon, SC","station_code":"DIL","station_type":"Station Building (with waiting room)","aliases":""},"geometry":{"type":"Point","coordinates":[-79.3723037604291,34.4176537579621]}},{"type":"Feature","properties":{"id":"us-rail-station-DKJ","name":"De Kalb Junction, NY","station_code":"DKJ","station_type":"Curbside Bus Stop only (no shelter)","aliases":""},"geometry":{"type":"Point","coordinates":[-75.2743801232545,44.5046909136079]}},{"type":"Feature","properties":{"id":"us-rail-station-DLB","name":"Delray Beach, FL","station_code":"DLB","station_type":"Platform with Shelter","aliases":""},"geometry":{"type":"Point","coordinates":[-80.0911566686642,26.4540258605199]}},{"type":"Feature","properties":{"id":"us-rail-station-DLD","name":"DeLand, FL","station_code":"DLD","station_type":"Station Building (with waiting room)","aliases":""},"geometry":{"type":"Point","coordinates":[-81.3524801170507,29.0178544581846]}},{"type":"Feature","properties":{"id":"us-rail-station-DLK","name":"Detroit Lakes, MN","station_code":"DLK","station_type":"Station Building (with waiting room)","aliases":""},"geometry":{"type":"Point","coordinates":[-95.8460067609715,46.8197000591244]}},{"type":"Feature","properties":{"id":"us-rail-station-DLT","name":"Delmont, PA","station_code":"DLT","station_type":"Curbside Bus Stop only (no shelter)","aliases":""},"geometry":{"type":"Point","coordinates":[-79.5803771852619,40.399036979289]}},{"type":"Feature","properties":{"id":"us-rail-station-DNC","name":"Durham, NC","station_code":"DNC","station_type":"Station Building (with waiting room)","aliases":""},"geometry":{"type":"Point","coordinates":[-78.9063017015773,35.9973541153206]}},{"type":"Feature","properties":{"id":"us-rail-station-DNK","name":"Denmark, SC","station_code":"DNK","station_type":"Station Building (with waiting room)","aliases":""},"geometry":{"type":"Point","coordinates":[-81.143638233798,33.3261904570707]}},{"type":"Feature","properties":{"id":"us-rail-station-DOA","name":"Dowagiac, MI","station_code":"DOA","station_type":"Station Building (with waiting room)","aliases":""},"geometry":{"type":"Point","coordinates":[-86.1090463088896,41.9809489546474]}},{"type":"Feature","properties":{"id":"us-rail-station-DOV","name":"Dover, NH","station_code":"DOV","station_type":"Station Building (with waiting room)","aliases":""},"geometry":{"type":"Point","coordinates":[-70.878361580475,43.1979768364118]}},{"type":"Feature","properties":{"id":"us-rail-station-DOW","name":"Downingtown, PA","station_code":"DOW","station_type":"Platform with Shelter","aliases":""},"geometry":{"type":"Point","coordinates":[-75.7107769469716,40.0022010551884]}},{"type":"Feature","properties":{"id":"us-rail-station-DPE","name":"Green Bay, WI","station_code":"DPE","station_type":"Curbside Bus Stop only (no shelter)","aliases":""},"geometry":{"type":"Point","coordinates":[-88.0884321660275,44.4513752510609]}},{"type":"Feature","properties":{"id":"us-rail-station-DQN","name":"Du Quoin, IL","station_code":"DQN","station_type":"Station Building (with waiting room)","aliases":""},"geometry":{"type":"Point","coordinates":[-89.2402598683129,38.0123350775077]}},{"type":"Feature","properties":{"id":"us-rail-station-DRD","name":"Durand, MI","station_code":"DRD","station_type":"Station Building (with waiting room)","aliases":""},"geometry":{"type":"Point","coordinates":[-83.9823247544436,42.909503227985]}},{"type":"Feature","properties":{"id":"us-rail-station-DRT","name":"Del Rio, TX","station_code":"DRT","station_type":"Platform only (no shelter)","aliases":""},"geometry":{"type":"Point","coordinates":[-100.902670352304,29.3622069296119]}},{"type":"Feature","properties":{"id":"us-rail-station-DRW","name":"Drewsey, OR","station_code":"DRW","station_type":"Curbside Bus Stop only (no shelter)","aliases":""},"geometry":{"type":"Point","coordinates":[-118.357332431277,43.7782047696401]}},{"type":"Feature","properties":{"id":"us-rail-station-DUL","name":"Duluth, MN","station_code":"DUL","station_type":"Station Building (with waiting room)","aliases":""},"geometry":{"type":"Point","coordinates":[-92.1012166749824,46.7838803335171]}},{"type":"Feature","properties":{"id":"us-rail-station-DUN","name":"Dunsmuir, CA","station_code":"DUN","station_type":"Station Building (with waiting room)","aliases":""},"geometry":{"type":"Point","coordinates":[-122.270600650488,41.211132222452]}},{"type":"Feature","properties":{"id":"us-rail-station-DUU","name":"Duluth, MN","station_code":"DUU","station_type":"Curbside Bus Stop only (no shelter)","aliases":""},"geometry":{"type":"Point","coordinates":[-92.0861046753855,46.8178493393766]}},{"type":"Feature","properties":{"id":"us-rail-station-DVI","name":"Danville, IL","station_code":"DVI","station_type":"Curbside Bus Stop only (no shelter)","aliases":""},"geometry":{"type":"Point","coordinates":[-87.5405265587941,40.1220605501461]}},{"type":"Feature","properties":{"id":"us-rail-station-DVL","name":"Devils Lake, ND","station_code":"DVL","station_type":"Station Building (with waiting room)","aliases":""},"geometry":{"type":"Point","coordinates":[-98.8613818278891,48.1104759768304]}},{"type":"Feature","properties":{"id":"us-rail-station-DVP","name":"Davenport, IA","station_code":"DVP","station_type":"Station Building (with waiting room)","aliases":""},"geometry":{"type":"Point","coordinates":[-90.5777965686604,41.5207576246748]}},{"type":"Feature","properties":{"id":"us-rail-station-DWT","name":"Dwight, IL","station_code":"DWT","station_type":"Station Building (with waiting room)","aliases":""},"geometry":{"type":"Point","coordinates":[-88.4307129070592,41.0898616734364]}},{"type":"Feature","properties":{"id":"us-rail-station-DYA","name":"Daytona Beach, FL","station_code":"DYA","station_type":"Curbside Bus Stop only (no shelter)","aliases":""},"geometry":{"type":"Point","coordinates":[-81.0089250241603,29.2289285181417]}},{"type":"Feature","properties":{"id":"us-rail-station-DYE","name":"Dyer, IN","station_code":"DYE","station_type":"Platform with Shelter","aliases":""},"geometry":{"type":"Point","coordinates":[-87.5180816816015,41.5154207973809]}},{"type":"Feature","properties":{"id":"us-rail-station-EBN","name":"Ebensburg, PA","station_code":"EBN","station_type":"Curbside Bus Stop only (no shelter)","aliases":""},"geometry":{"type":"Point","coordinates":[-78.7261549262274,40.4851340311635]}},{"type":"Feature","properties":{"id":"us-rail-station-EDM","name":"Edmonds, WA","station_code":"EDM","station_type":"Station Building (with waiting room)","aliases":""},"geometry":{"type":"Point","coordinates":[-122.38415595163,47.8110866214587]}},{"type":"Feature","properties":{"id":"us-rail-station-EFG","name":"Effingham, IL","station_code":"EFG","station_type":"Station Building (with waiting room)","aliases":""},"geometry":{"type":"Point","coordinates":[-88.547115762549,39.1170663159367]}},{"type":"Feature","properties":{"id":"us-rail-station-EGH","name":"Egg Harbor City, NJ","station_code":"EGH","station_type":"Platform with Shelter","aliases":""},"geometry":{"type":"Point","coordinates":[-74.6480215825971,39.5265019984311]}},{"type":"Feature","properties":{"id":"us-rail-station-EKA","name":"Eureka, CA","station_code":"EKA","station_type":"Curbside Bus Stop only (no shelter)","aliases":""},"geometry":{"type":"Point","coordinates":[-124.169343869611,40.800744029963]}},{"type":"Feature","properties":{"id":"us-rail-station-EKG","name":"Elk Grove, CA","station_code":"EKG","station_type":"Curbside Bus Stop only (no shelter)","aliases":""},"geometry":{"type":"Point","coordinates":[-121.480820149576,38.4247510677285]}},{"type":"Feature","properties":{"id":"us-rail-station-EKH","name":"Elkhart, IN","station_code":"EKH","station_type":"Station Building (with waiting room)","aliases":""},"geometry":{"type":"Point","coordinates":[-85.9718532388246,41.6807559096128]}},{"type":"Feature","properties":{"id":"us-rail-station-ELK","name":"Elko, NV","station_code":"ELK","station_type":"Platform with Shelter","aliases":""},"geometry":{"type":"Point","coordinates":[-115.750542494204,40.8364887375343]}},{"type":"Feature","properties":{"id":"us-rail-station-ELP","name":"El Paso, TX","station_code":"ELP","station_type":"Station Building (with waiting room)","aliases":"Union Depot"},"geometry":{"type":"Point","coordinates":[-106.495653752275,31.7573511321423]}},{"type":"Feature","properties":{"id":"us-rail-station-ELS","name":"Elsie, OR","station_code":"ELS","station_type":"Curbside Bus Stop only (no shelter)","aliases":""},"geometry":{"type":"Point","coordinates":[-123.615115702914,45.8868503879666]}},{"type":"Feature","properties":{"id":"us-rail-station-ELT","name":"Elizabethtown, PA","station_code":"ELT","station_type":"Station Building (with waiting room)","aliases":""},"geometry":{"type":"Point","coordinates":[-76.6122362402625,40.1470360502791]}},{"type":"Feature","properties":{"id":"us-rail-station-ELY","name":"Elyria, OH","station_code":"ELY","station_type":"Station Building (with waiting room)","aliases":""},"geometry":{"type":"Point","coordinates":[-82.0966890377854,41.3700410482501]}},{"type":"Feature","properties":{"id":"us-rail-station-EMI","name":"Escanaba, MI","station_code":"EMI","station_type":"Curbside Bus Stop only (no shelter)","aliases":""},"geometry":{"type":"Point","coordinates":[-87.0898740257785,45.7798665198096]}},{"type":"Feature","properties":{"id":"us-rail-station-EMY","name":"Emeryville, CA","station_code":"EMY","station_type":"Station Building (with waiting room)","aliases":""},"geometry":{"type":"Point","coordinates":[-122.291628203554,37.8404789588097]}},{"type":"Feature","properties":{"id":"us-rail-station-EPH","name":"Ephrata, WA","station_code":"EPH","station_type":"Platform with Shelter","aliases":""},"geometry":{"type":"Point","coordinates":[-119.549281360027,47.3209539010124]}},{"type":"Feature","properties":{"id":"us-rail-station-EPL","name":"El Portal, CA","station_code":"EPL","station_type":"Curbside Bus Stop only (no shelter)","aliases":""},"geometry":{"type":"Point","coordinates":[-119.765754790046,37.6784591279289]}},{"type":"Feature","properties":{"id":"us-rail-station-ERI","name":"Erie, PA","station_code":"ERI","station_type":"Station Building (with waiting room)","aliases":""},"geometry":{"type":"Point","coordinates":[-80.0824474750352,42.120855278447]}},{"type":"Feature","properties":{"id":"us-rail-station-ESG","name":"El Segundo, CA","station_code":"ESG","station_type":"Curbside Bus Stop only (no shelter)","aliases":""},"geometry":{"type":"Point","coordinates":[-118.383545198504,33.9066138317919]}},{"type":"Feature","properties":{"id":"us-rail-station-ESM","name":"Essex, MT","station_code":"ESM","station_type":"Platform only (no shelter)","aliases":""},"geometry":{"type":"Point","coordinates":[-113.610955443431,48.2755495940782]}},{"type":"Feature","properties":{"id":"us-rail-station-ESN","name":"Easton, MD","station_code":"ESN","station_type":"Curbside Bus Stop only (no shelter)","aliases":""},"geometry":{"type":"Point","coordinates":[-76.0649059860023,38.8114008033515]}},{"type":"Feature","properties":{"id":"us-rail-station-ESX","name":"Essex Junction, VT","station_code":"ESX","station_type":"Station Building (with waiting room)","aliases":"Burlington"},"geometry":{"type":"Point","coordinates":[-73.110278406805,44.4924749949535]}},{"type":"Feature","properties":{"id":"us-rail-station-EUB","name":"Eugene-Springfield, OR","station_code":"EUB","station_type":"Curbside Bus Stop only (no shelter)","aliases":"Springfield"},"geometry":{"type":"Point","coordinates":[-123.09286625508,44.047509335953]}},{"type":"Feature","properties":{"id":"us-rail-station-EUC","name":"Eau Claire, WI","station_code":"EUC","station_type":"Curbside Bus Stop only (no shelter)","aliases":""},"geometry":{"type":"Point","coordinates":[-91.5063462194305,44.7965660860785]}},{"type":"Feature","properties":{"id":"us-rail-station-EUG","name":"Eugene, OR","station_code":"EUG","station_type":"Station Building (with waiting room)","aliases":""},"geometry":{"type":"Point","coordinates":[-123.092375256607,44.0550483360339]}},{"type":"Feature","properties":{"id":"us-rail-station-EUO","name":"Eugene, OR","station_code":"EUO","station_type":"Curbside Bus Stop only (no shelter)","aliases":""},"geometry":{"type":"Point","coordinates":[-123.068764251191,44.0455613379738]}},{"type":"Feature","properties":{"id":"us-rail-station-EVM","name":"Evans Mills, NY","station_code":"EVM","station_type":"Curbside Bus Stop only (no shelter)","aliases":""},"geometry":{"type":"Point","coordinates":[-75.7994462620185,44.084278817689]}},{"type":"Feature","properties":{"id":"us-rail-station-EVR","name":"Everett, WA","station_code":"EVR","station_type":"Station Building (with waiting room)","aliases":""},"geometry":{"type":"Point","coordinates":[-122.197872961542,47.9754066503992]}},{"type":"Feature","properties":{"id":"us-rail-station-EVY","name":"Evanston, WY","station_code":"EVY","station_type":"Curbside Bus Stop only (no shelter)","aliases":""},"geometry":{"type":"Point","coordinates":[-110.957609613377,41.2641811673809]}},{"type":"Feature","properties":{"id":"us-rail-station-EWR","name":"Newark, NJ","station_code":"EWR","station_type":"Station Building (with waiting room)","aliases":"Liberty International,Liberty Airport,Liberty Intl"},"geometry":{"type":"Point","coordinates":[-74.1822915039689,40.6966262470508]}},{"type":"Feature","properties":{"id":"us-rail-station-EXR","name":"Exeter, NH","station_code":"EXR","station_type":"Platform with Shelter","aliases":""},"geometry":{"type":"Point","coordinates":[-70.9587005942117,42.9810287933397]}},{"type":"Feature","properties":{"id":"us-rail-station-EXT","name":"Exton, PA","station_code":"EXT","station_type":"Station Building (with waiting room)","aliases":""},"geometry":{"type":"Point","coordinates":[-75.6217149199237,40.0192990616581]}},{"type":"Feature","properties":{"id":"us-rail-station-FAR","name":"Fargo, ND","station_code":"FAR","station_type":"Station Building (with waiting room)","aliases":""},"geometry":{"type":"Point","coordinates":[-96.7853810345584,46.8809899937259]}},{"type":"Feature","properties":{"id":"us-rail-station-FAY","name":"Fayetteville, NC","station_code":"FAY","station_type":"Station Building (with waiting room)","aliases":""},"geometry":{"type":"Point","coordinates":[-78.8847906455804,35.0549999141875]}},{"type":"Feature","properties":{"id":"us-rail-station-FBG","name":"Fredericksburg, VA","station_code":"FBG","station_type":"Platform with Shelter","aliases":""},"geometry":{"type":"Point","coordinates":[-77.4577093890283,38.2980876484511]}},{"type":"Feature","properties":{"id":"us-rail-station-FCC","name":"Fort Collins, CO","station_code":"FCC","station_type":"Curbside Bus Stop only (no shelter)","aliases":"Ft Collins,Ft. Collins,Collins"},"geometry":{"type":"Point","coordinates":[-104.996541204142,40.5242375255103]}},{"type":"Feature","properties":{"id":"us-rail-station-FDL","name":"Fond du Lac, WI","station_code":"FDL","station_type":"Curbside Bus Stop only (no shelter)","aliases":""},"geometry":{"type":"Point","coordinates":[-88.4639461968779,43.748828116559]}},{"type":"Feature","properties":{"id":"us-rail-station-FED","name":"Fort Edward-Glens Falls, NY","station_code":"FED","station_type":"Platform only (no shelter)","aliases":"Ft Edward,Ft. Edward,Edward,Glens Falls, Glenns Falls,Hudson Falls"},"geometry":{"type":"Point","coordinates":[-73.5805514760308,43.2696117569076]}},{"type":"Feature","properties":{"id":"us-rail-station-FFV","name":"Fairfield-Vacaville, CA","station_code":"FFV","station_type":"Station Building (with waiting room)","aliases":"Vacaville"},"geometry":{"type":"Point","coordinates":[-121.967939207645,38.2856310197114]}},{"type":"Feature","properties":{"id":"us-rail-station-FGG","name":"Flagstaff, AZ","station_code":"FGG","station_type":"Station Building (with waiting room)","aliases":""},"geometry":{"type":"Point","coordinates":[-111.638812073608,35.192297375621]}},{"type":"Feature","properties":{"id":"us-rail-station-FHD","name":"Fort Hood, TX","station_code":"FHD","station_type":"Curbside Bus Stop only (no shelter)","aliases":"Ft Hood,Ft. Hood,Hood,Cavazos,Ft Cavazos,Ft. Cavazos"},"geometry":{"type":"Point","coordinates":[-97.7668196759091,31.1416023848564]}},{"type":"Feature","properties":{"id":"us-rail-station-FIL","name":"Fillmore, CA","station_code":"FIL","station_type":"Curbside Bus Stop only (no shelter)","aliases":""},"geometry":{"type":"Point","coordinates":[-118.918331327832,34.3960138545358]}},{"type":"Feature","properties":{"id":"us-rail-station-FLG","name":"Flagstaff, AZ","station_code":"FLG","station_type":"Station Building (with waiting room)","aliases":""},"geometry":{"type":"Point","coordinates":[-111.648882075654,35.1973793757505]}},{"type":"Feature","properties":{"id":"us-rail-station-FLN","name":"Flint, MI","station_code":"FLN","station_type":"Station Building (with waiting room)","aliases":""},"geometry":{"type":"Point","coordinates":[-83.6517326628184,43.0154332639983]}},{"type":"Feature","properties":{"id":"us-rail-station-FLO","name":"Florence, SC","station_code":"FLO","station_type":"Station Building (with waiting room)","aliases":""},"geometry":{"type":"Point","coordinates":[-79.7570588648118,34.1991636970212]}},{"type":"Feature","properties":{"id":"us-rail-station-FMD","name":"Fort Madison, IA","station_code":"FMD","station_type":"Station Building (with waiting room)","aliases":"Ft Madison,Ft. Madison,Madison"},"geometry":{"type":"Point","coordinates":[-91.3135356860096,40.6295654312599]}},{"type":"Feature","properties":{"id":"us-rail-station-FMG","name":"Fort Morgan, CO","station_code":"FMG","station_type":"Station Building (with waiting room)","aliases":"Ft Morgan,Ft. Morgan,Morgan"},"geometry":{"type":"Point","coordinates":[-103.802827890749,40.2471755719948]}},{"type":"Feature","properties":{"id":"us-rail-station-FMT","name":"Fremont, CA","station_code":"FMT","station_type":"Station Building (with waiting room)","aliases":""},"geometry":{"type":"Point","coordinates":[-122.007509128138,37.5590979558676]}},{"type":"Feature","properties":{"id":"us-rail-station-FNO","name":"Fresno, CA","station_code":"FNO","station_type":"Station Building (with waiting room)","aliases":""},"geometry":{"type":"Point","coordinates":[-119.782938690066,36.7384620377573]}},{"type":"Feature","properties":{"id":"us-rail-station-FRA","name":"Framingham, MA","station_code":"FRA","station_type":"Platform with Shelter","aliases":""},"geometry":{"type":"Point","coordinates":[-71.42003370429,42.2760016457296]}},{"type":"Feature","properties":{"id":"us-rail-station-FRC","name":"Frederick, MD","station_code":"FRC","station_type":"Station Building (with waiting room)","aliases":""},"geometry":{"type":"Point","coordinates":[-77.4055824419982,39.4118628746351]}},{"type":"Feature","properties":{"id":"us-rail-station-FRE","name":"Freeport, ME","station_code":"FRE","station_type":"Station Building (with waiting room)","aliases":""},"geometry":{"type":"Point","coordinates":[-70.1023583623106,43.8550439824125]}},{"type":"Feature","properties":{"id":"us-rail-station-FRP","name":"Fairplay, CO","station_code":"FRP","station_type":"Curbside Bus Stop only (no shelter)","aliases":""},"geometry":{"type":"Point","coordinates":[-105.991618278341,39.2255222795226]}},{"type":"Feature","properties":{"id":"us-rail-station-FRR","name":"Frederick, MD","station_code":"FRR","station_type":"Curbside Bus Stop only (no shelter)","aliases":""},"geometry":{"type":"Point","coordinates":[-77.3823014344987,39.416268875996]}},{"type":"Feature","properties":{"id":"us-rail-station-FRT","name":"Fremont, CA","station_code":"FRT","station_type":"Curbside Bus Stop only (no shelter)","aliases":""},"geometry":{"type":"Point","coordinates":[-121.923653113944,37.5391549602597]}},{"type":"Feature","properties":{"id":"us-rail-station-FSB","name":"Frostburg, MD","station_code":"FSB","station_type":"Curbside Bus Stop only (no shelter)","aliases":""},"geometry":{"type":"Point","coordinates":[-78.9331709324612,39.648907860524]}},{"type":"Feature","properties":{"id":"us-rail-station-FSH","name":"Fish Camp, CA","station_code":"FSH","station_type":"Curbside Bus Stop only (no shelter)","aliases":""},"geometry":{"type":"Point","coordinates":[-119.635031745984,37.4727041179695]}},{"type":"Feature","properties":{"id":"us-rail-station-FSP","name":"Florence, OR","station_code":"FSP","station_type":"Curbside Bus Stop only (no shelter)","aliases":"Washburne State Park,Carl Washburne State Park"},"geometry":{"type":"Point","coordinates":[-124.115614428725,44.1605192421441]}},{"type":"Feature","properties":{"id":"us-rail-station-FTA","name":"Fortuna, CA","station_code":"FTA","station_type":"Curbside Bus Stop only (no shelter)","aliases":""},"geometry":{"type":"Point","coordinates":[-124.146201834181,40.5836770177755]}},{"type":"Feature","properties":{"id":"us-rail-station-FTC","name":"Ticonderoga, NY","station_code":"FTC","station_type":"Platform with Shelter","aliases":""},"geometry":{"type":"Point","coordinates":[-73.3896824534671,43.8537968703653]}},{"type":"Feature","properties":{"id":"us-rail-station-FTL","name":"Fort Lauderdale, FL","station_code":"FTL","station_type":"Station Building (with waiting room)","aliases":"Ft Lauderdale,Ft. Lauderdale,Lauderdale"},"geometry":{"type":"Point","coordinates":[-80.170002683297,26.1192607745881]}},{"type":"Feature","properties":{"id":"us-rail-station-FTM","name":"North Fort Myers, FL","station_code":"FTM","station_type":"Curbside Bus Stop only (no shelter)","aliases":"Ft Myers,Ft. Myers,Myers"},"geometry":{"type":"Point","coordinates":[-81.8150631780497,26.7141288861648]}},{"type":"Feature","properties":{"id":"us-rail-station-FTN","name":"Fulton, KY","station_code":"FTN","station_type":"Station Building (with waiting room)","aliases":""},"geometry":{"type":"Point","coordinates":[-88.8887776577748,36.5257108125915]}},{"type":"Feature","properties":{"id":"us-rail-station-FTW","name":"Fort Worth, TX","station_code":"FTW","station_type":"Station Building (with waiting room)","aliases":"Ft Worth,Ft. Worth,Worth"},"geometry":{"type":"Point","coordinates":[-97.3266806566695,32.752568708881]}},{"type":"Feature","properties":{"id":"us-rail-station-FUL","name":"Fullerton, CA","station_code":"FUL","station_type":"Station Building (with waiting room)","aliases":""},"geometry":{"type":"Point","coordinates":[-117.922861118524,33.8689738537293]}},{"type":"Feature","properties":{"id":"us-rail-station-GAC","name":"Santa Clara, CA","station_code":"GAC","station_type":"Platform only (no shelter)","aliases":""},"geometry":{"type":"Point","coordinates":[-121.967016105147,37.4067829456858]}},{"type":"Feature","properties":{"id":"us-rail-station-GAS","name":"Gastonia, NC","station_code":"GAS","station_type":"Station Building (with waiting room)","aliases":""},"geometry":{"type":"Point","coordinates":[-81.1623693390622,35.269192878474]}},{"type":"Feature","properties":{"id":"us-rail-station-GBB","name":"Galesburg, IL","station_code":"GBB","station_type":"Station Building (with waiting room)","aliases":""},"geometry":{"type":"Point","coordinates":[-90.364112448921,40.9446855399045]}},{"type":"Feature","properties":{"id":"us-rail-station-GBO","name":"Goldsboro, NC","station_code":"GBO","station_type":"Station Building (with waiting room)","aliases":""},"geometry":{"type":"Point","coordinates":[-78.0033393956621,35.3856820158925]}},{"type":"Feature","properties":{"id":"us-rail-station-GBV","name":"Garberville, CA","station_code":"GBV","station_type":"Curbside Bus Stop only (no shelter)","aliases":""},"geometry":{"type":"Point","coordinates":[-123.795243714254,40.0977240137726]}},{"type":"Feature","properties":{"id":"us-rail-station-GBY","name":"Green Bay, WI","station_code":"GBY","station_type":"Platform with Shelter","aliases":""},"geometry":{"type":"Point","coordinates":[-88.0027661489442,44.5170612666408]}},{"type":"Feature","properties":{"id":"us-rail-station-GCB","name":"Grand Canyon Village, AZ","station_code":"GCB","station_type":"Curbside Bus Stop only (no shelter)","aliases":""},"geometry":{"type":"Point","coordinates":[-112.144659250942,36.0536454564474]}},{"type":"Feature","properties":{"id":"us-rail-station-GCK","name":"Garden City, KS","station_code":"GCK","station_type":"Station Building (with waiting room)","aliases":""},"geometry":{"type":"Point","coordinates":[-100.873264940218,37.9643714246038]}},{"type":"Feature","properties":{"id":"us-rail-station-GDL","name":"Glendale, CA","station_code":"GDL","station_type":"Platform with Shelter","aliases":""},"geometry":{"type":"Point","coordinates":[-118.258880195987,34.1237108633353]}},{"type":"Feature","properties":{"id":"us-rail-station-GEG","name":"Spokane, WA","station_code":"GEG","station_type":"Curbside Bus Stop only (no shelter)","aliases":""},"geometry":{"type":"Point","coordinates":[-117.53690106702,47.6266521349393]}},{"type":"Feature","properties":{"id":"us-rail-station-GFD","name":"Greenfield, MA","station_code":"GFD","station_type":"Station Building (with waiting room)","aliases":""},"geometry":{"type":"Point","coordinates":[-72.6007661094004,42.585466665012]}},{"type":"Feature","properties":{"id":"us-rail-station-GFK","name":"Grand Forks, ND","station_code":"GFK","station_type":"Station Building (with waiting room)","aliases":""},"geometry":{"type":"Point","coordinates":[-97.11084430646,47.9175300989506]}},{"type":"Feature","properties":{"id":"us-rail-station-GFS","name":"Glens Falls, NY","station_code":"GFS","station_type":"Curbside Bus Stop only (no shelter)","aliases":"Glenns Falls,Hudson Falls"},"geometry":{"type":"Point","coordinates":[-73.6448614998099,43.3089197617135]}},{"type":"Feature","properties":{"id":"us-rail-station-GGW","name":"Glasgow, MT","station_code":"GGW","station_type":"Station Building (with waiting room)","aliases":""},"geometry":{"type":"Point","coordinates":[-106.636199855105,48.1948612839986]}},{"type":"Feature","properties":{"id":"us-rail-station-GHN","name":"Gearhart - Northbound, OR","station_code":"GHN","station_type":"Curbside Bus Stop only (no shelter)","aliases":""},"geometry":{"type":"Point","coordinates":[-123.911668776996,46.0251933643256]}},{"type":"Feature","properties":{"id":"us-rail-station-GHT","name":"Gearhart - Southbound, OR","station_code":"GHT","station_type":"Curbside Bus Stop only (no shelter)","aliases":""},"geometry":{"type":"Point","coordinates":[-123.912026777197,46.0255343639762]}},{"type":"Feature","properties":{"id":"us-rail-station-GIL","name":"Gilchrist, OR","station_code":"GIL","station_type":"Curbside Bus Stop only (no shelter)","aliases":""},"geometry":{"type":"Point","coordinates":[-121.687188933122,43.477442434052]}},{"type":"Feature","properties":{"id":"us-rail-station-GJT","name":"Grand Junction, CO","station_code":"GJT","station_type":"Station Building (with waiting room)","aliases":""},"geometry":{"type":"Point","coordinates":[-108.569939829713,39.0643810790141]}},{"type":"Feature","properties":{"id":"us-rail-station-GLE","name":"Gainesville, TX","station_code":"GLE","station_type":"Station Building (with waiting room)","aliases":""},"geometry":{"type":"Point","coordinates":[-97.1409036642253,33.6251648799059]}},{"type":"Feature","properties":{"id":"us-rail-station-GLM","name":"Gilman, IL","station_code":"GLM","station_type":"Platform with Shelter","aliases":""},"geometry":{"type":"Point","coordinates":[-87.9980607492315,40.7525546377246]}},{"type":"Feature","properties":{"id":"us-rail-station-GLN","name":"Glenview, IL","station_code":"GLN","station_type":"Station Building (with waiting room)","aliases":""},"geometry":{"type":"Point","coordinates":[-87.8055678214674,42.0750458774898]}},{"type":"Feature","properties":{"id":"us-rail-station-GLP","name":"Gallup, NM","station_code":"GLP","station_type":"Platform only (no shelter)","aliases":""},"geometry":{"type":"Point","coordinates":[-108.740558509018,35.5291815904991]}},{"type":"Feature","properties":{"id":"us-rail-station-GLY","name":"Gilroy, CA","station_code":"GLY","station_type":"Curbside Bus Stop only (no shelter)","aliases":""},"geometry":{"type":"Point","coordinates":[-121.566811000161,37.0039659395745]}},{"type":"Feature","properties":{"id":"us-rail-station-GMS","name":"Grimsby, ON","station_code":"GMS","station_type":"Platform with Shelter","aliases":""},"geometry":{"type":"Point","coordinates":[-79.557948399591,43.1959574961515]}},{"type":"Feature","properties":{"id":"us-rail-station-GNB","name":"Greensburg, PA","station_code":"GNB","station_type":"Platform with Shelter","aliases":""},"geometry":{"type":"Point","coordinates":[-79.5468961679356,40.3049939626812]}},{"type":"Feature","properties":{"id":"us-rail-station-GNF","name":"Gainesville, FL","station_code":"GNF","station_type":"Station Building (with waiting room)","aliases":""},"geometry":{"type":"Point","coordinates":[-82.3233824229255,29.673657586442]}},{"type":"Feature","properties":{"id":"us-rail-station-GNG","name":"Greensburg, PA","station_code":"GNG","station_type":"Curbside Bus Stop only (no shelter)","aliases":""},"geometry":{"type":"Point","coordinates":[-79.5470531682945,40.3027809619322]}},{"type":"Feature","properties":{"id":"us-rail-station-GNS","name":"Gainesville, GA","station_code":"GNS","station_type":"Station Building (with waiting room)","aliases":""},"geometry":{"type":"Point","coordinates":[-83.81969806732,34.2889035704499]}},{"type":"Feature","properties":{"id":"us-rail-station-GOF","name":"Florence, OR","station_code":"GOF","station_type":"Platform only (no shelter)","aliases":""},"geometry":{"type":"Point","coordinates":[-124.099338393082,43.9849702337497]}},{"type":"Feature","properties":{"id":"us-rail-station-GOV","name":"Government Camp, OR","station_code":"GOV","station_type":"Curbside Bus Stop only (no shelter)","aliases":""},"geometry":{"type":"Point","coordinates":[-121.744836289881,45.3024505471242]}},{"type":"Feature","properties":{"id":"us-rail-station-GPK","name":"East Glacier Park, MT","station_code":"GPK","station_type":"Station Building (with waiting room)","aliases":"glacier,browning"},"geometry":{"type":"Point","coordinates":[-113.219536400912,48.44233964813]}},{"type":"Feature","properties":{"id":"us-rail-station-GRA","name":"Granby, CO","station_code":"GRA","station_type":"Station Building (with waiting room)","aliases":""},"geometry":{"type":"Point","coordinates":[-105.935513366654,40.084194399433]}},{"type":"Feature","properties":{"id":"us-rail-station-GRC","name":"Grand Ronde, OR","station_code":"GRC","station_type":"Curbside Bus Stop only (no shelter)","aliases":""},"geometry":{"type":"Point","coordinates":[-123.614023533887,45.0742643439117]}},{"type":"Feature","properties":{"id":"us-rail-station-GRH","name":"Gresham, OR","station_code":"GRH","station_type":"Curbside Bus Stop only (no shelter)","aliases":""},"geometry":{"type":"Point","coordinates":[-122.418131437621,45.501811490194]}},{"type":"Feature","properties":{"id":"us-rail-station-GRI","name":"Green River, UT","station_code":"GRI","station_type":"Platform with Shelter","aliases":""},"geometry":{"type":"Point","coordinates":[-110.165239159008,38.9920449578622]}},{"type":"Feature","properties":{"id":"us-rail-station-GRM","name":"Grand Ronde, OR","station_code":"GRM","station_type":"Curbside Bus Stop only (no shelter)","aliases":"Spirit Mountain Casino"},"geometry":{"type":"Point","coordinates":[-123.581029525615,45.0585933462075]}},{"type":"Feature","properties":{"id":"us-rail-station-GRN","name":"Greenville, NC","station_code":"GRN","station_type":"Station Building (with waiting room)","aliases":"East Carolina University,Shaw University,Kinston"},"geometry":{"type":"Point","coordinates":[-77.3770802167599,35.6102050854754]}},{"type":"Feature","properties":{"id":"us-rail-station-GRO","name":"Greensboro, NC","station_code":"GRO","station_type":"Station Building (with waiting room)","aliases":""},"geometry":{"type":"Point","coordinates":[-79.787082971787,36.0698040987435]}},{"type":"Feature","properties":{"id":"us-rail-station-GRR","name":"Grand Rapids, MI","station_code":"GRR","station_type":"Station Building (with waiting room)","aliases":""},"geometry":{"type":"Point","coordinates":[-85.6724522735265,42.9557961453782]}},{"type":"Feature","properties":{"id":"us-rail-station-GRV","name":"Greenville, SC","station_code":"GRV","station_type":"Station Building (with waiting room)","aliases":""},"geometry":{"type":"Point","coordinates":[-82.4134896874173,34.8582627446077]}},{"type":"Feature","properties":{"id":"us-rail-station-GRY","name":"Gary, IN","station_code":"GRY","station_type":"Station Building (with waiting room)","aliases":""},"geometry":{"type":"Point","coordinates":[-87.3389546369312,41.6042768223168]}},{"type":"Feature","properties":{"id":"us-rail-station-GSC","name":"Glenwood Springs, CO","station_code":"GSC","station_type":"Station Building (with waiting room)","aliases":""},"geometry":{"type":"Point","coordinates":[-107.323228613995,39.5479092300097]}},{"type":"Feature","properties":{"id":"us-rail-station-GSQ","name":"Gasquet, CA","station_code":"GSQ","station_type":"Curbside Bus Stop only (no shelter)","aliases":""},"geometry":{"type":"Point","coordinates":[-123.969476002435,41.8456151160794]}},{"type":"Feature","properties":{"id":"us-rail-station-GTA","name":"Goleta, CA","station_code":"GTA","station_type":"Platform with Shelter","aliases":""},"geometry":{"type":"Point","coordinates":[-119.843104481808,34.4377338049037]}},{"type":"Feature","properties":{"id":"us-rail-station-GTP","name":"Grants Pass, OR","station_code":"GTP","station_type":"Curbside Bus Stop only (no shelter)","aliases":""},"geometry":{"type":"Point","coordinates":[-123.324034005818,42.443025213205]}},{"type":"Feature","properties":{"id":"us-rail-station-GTV","name":"Grantsville, MD","station_code":"GTV","station_type":"Curbside Bus Stop only (no shelter)","aliases":""},"geometry":{"type":"Point","coordinates":[-79.1003289868809,39.6923618623237]}},{"type":"Feature","properties":{"id":"us-rail-station-GUA","name":"Guadalupe, CA","station_code":"GUA","station_type":"Station Building (with waiting room)","aliases":"santa maria"},"geometry":{"type":"Point","coordinates":[-120.57342264371,34.9629318143608]}},{"type":"Feature","properties":{"id":"us-rail-station-GUF","name":"Gulfport, MS","station_code":"GUF","station_type":"Platform only (no shelter)","aliases":""},"geometry":{"type":"Point","coordinates":[-89.0947853634926,30.3690415361584]}},{"type":"Feature","properties":{"id":"us-rail-station-GUI","name":"Guilford, CT","station_code":"GUI","station_type":"Station Building (with waiting room)","aliases":""},"geometry":{"type":"Point","coordinates":[-72.6736110536434,41.2753774118868]}},{"type":"Feature","properties":{"id":"us-rail-station-GUN","name":"Gunnison, CO","station_code":"GUN","station_type":"Curbside Bus Stop only (no shelter)","aliases":""},"geometry":{"type":"Point","coordinates":[-106.92206741139,38.5441791236716]}},{"type":"Feature","properties":{"id":"us-rail-station-GVB","name":"Grover Beach, CA","station_code":"GVB","station_type":"Platform with Shelter","aliases":""},"geometry":{"type":"Point","coordinates":[-120.629278667266,35.1212648258461]}},{"type":"Feature","properties":{"id":"us-rail-station-GVR","name":"Gouverneur, NY","station_code":"GVR","station_type":"Curbside Bus Stop only (no shelter)","aliases":""},"geometry":{"type":"Point","coordinates":[-75.4680011733186,44.3356208761379]}},{"type":"Feature","properties":{"id":"us-rail-station-GWD","name":"Greenwood, MS","station_code":"GWD","station_type":"Station Building (with waiting room)","aliases":""},"geometry":{"type":"Point","coordinates":[-90.1764598199776,33.5171651604657]}},{"type":"Feature","properties":{"id":"us-rail-station-GYG","name":"Grayling, MI","station_code":"GYG","station_type":"Curbside Bus Stop only (no shelter)","aliases":""},"geometry":{"type":"Point","coordinates":[-84.7080681577263,44.6476584806297]}},{"type":"Feature","properties":{"id":"us-rail-station-GYL","name":"Gaylord, MI","station_code":"GYL","station_type":"Curbside Bus Stop only (no shelter)","aliases":""},"geometry":{"type":"Point","coordinates":[-84.6919191950676,45.0270655431807]}},{"type":"Feature","properties":{"id":"us-rail-station-HAG","name":"Hagerstown, MD","station_code":"HAG","station_type":"Curbside Bus Stop only (no shelter)","aliases":""},"geometry":{"type":"Point","coordinates":[-77.7224995555118,39.6446679079258]}},{"type":"Feature","properties":{"id":"us-rail-station-HAM","name":"Hamlet, NC","station_code":"HAM","station_type":"Station Building (with waiting room)","aliases":""},"geometry":{"type":"Point","coordinates":[-79.6992208819562,34.8836698481066]}},{"type":"Feature","properties":{"id":"us-rail-station-HAR","name":"Harrisburg, PA","station_code":"HAR","station_type":"Station Building (with waiting room)","aliases":""},"geometry":{"type":"Point","coordinates":[-76.878258332072,40.262058062326]}},{"type":"Feature","properties":{"id":"us-rail-station-HAS","name":"Hastings, NE","station_code":"HAS","station_type":"Station Building (with waiting room)","aliases":""},"geometry":{"type":"Point","coordinates":[-98.3875425907158,40.5842829880927]}},{"type":"Feature","properties":{"id":"us-rail-station-HAV","name":"Havre, MT","station_code":"HAV","station_type":"Station Building (with waiting room)","aliases":""},"geometry":{"type":"Point","coordinates":[-109.678364649309,48.554472019792]}},{"type":"Feature","properties":{"id":"us-rail-station-HAY","name":"Hayward, CA","station_code":"HAY","station_type":"Platform with Shelter","aliases":""},"geometry":{"type":"Point","coordinates":[-122.099290154328,37.666001958173]}},{"type":"Feature","properties":{"id":"us-rail-station-HAZ","name":"Hazlehurst, MS","station_code":"HAZ","station_type":"Platform with Shelter","aliases":""},"geometry":{"type":"Point","coordinates":[-90.3943527893682,31.861325810267]}},{"type":"Feature","properties":{"id":"us-rail-station-HBG","name":"Hattiesburg, MS","station_code":"HBG","station_type":"Station Building (with waiting room)","aliases":""},"geometry":{"type":"Point","coordinates":[-89.286468460028,31.3269267374369]}},{"type":"Feature","properties":{"id":"us-rail-station-HEA","name":"Healdsburg, CA","station_code":"HEA","station_type":"Curbside Bus Stop only (no shelter)","aliases":""},"geometry":{"type":"Point","coordinates":[-122.869469381605,38.6068459774558]}},{"type":"Feature","properties":{"id":"us-rail-station-HEM","name":"Hermann, MO","station_code":"HEM","station_type":"Station Building (with waiting room)","aliases":""},"geometry":{"type":"Point","coordinates":[-91.432564539857,38.7072900902175]}},{"type":"Feature","properties":{"id":"us-rail-station-HER","name":"Helper, UT","station_code":"HER","station_type":"Station Building (with waiting room)","aliases":""},"geometry":{"type":"Point","coordinates":[-110.853905384066,39.6840419919672]}},{"type":"Feature","properties":{"id":"us-rail-station-HFD","name":"Hartford, CT","station_code":"HFD","station_type":"Station Building (with waiting room)","aliases":""},"geometry":{"type":"Point","coordinates":[-72.6813150854701,41.7687695066808]}},{"type":"Feature","properties":{"id":"us-rail-station-HFY","name":"Harpers Ferry, WV","station_code":"HFY","station_type":"Platform with Shelter","aliases":""},"geometry":{"type":"Point","coordinates":[-77.7310805379901,39.3244598442996]}},{"type":"Feature","properties":{"id":"us-rail-station-HGD","name":"Huntingdon, PA","station_code":"HGD","station_type":"Station Building (with waiting room)","aliases":""},"geometry":{"type":"Point","coordinates":[-78.01178270234,40.4836730606734]}},{"type":"Feature","properties":{"id":"us-rail-station-HGH","name":"Houghton, MI","station_code":"HGH","station_type":"Curbside Bus Stop only (no shelter)","aliases":""},"geometry":{"type":"Point","coordinates":[-88.5496366544252,47.1187346259979]}},{"type":"Feature","properties":{"id":"us-rail-station-HGL","name":"Houghton Lake, MI","station_code":"HGL","station_type":"Curbside Bus Stop only (no shelter)","aliases":""},"geometry":{"type":"Point","coordinates":[-84.8011151526971,44.3354294244633]}},{"type":"Feature","properties":{"id":"us-rail-station-HGS","name":"Hogansburg, NY","station_code":"HGS","station_type":"Curbside Bus Stop only (no shelter)","aliases":""},"geometry":{"type":"Point","coordinates":[-74.6400369503133,44.9668330199624]}},{"type":"Feature","properties":{"id":"us-rail-station-HHL","name":"Haverhill, MA","station_code":"HHL","station_type":"Platform with Shelter","aliases":""},"geometry":{"type":"Point","coordinates":[-71.0863756239726,42.7733057503761]}},{"type":"Feature","properties":{"id":"us-rail-station-HIN","name":"Hinton, WV","station_code":"HIN","station_type":"Station Building (with waiting room)","aliases":""},"geometry":{"type":"Point","coordinates":[-80.892235401279,37.6750443887177]}},{"type":"Feature","properties":{"id":"us-rail-station-HIO","name":"Hiouchi, CA","station_code":"HIO","station_type":"Curbside Bus Stop only (no shelter)","aliases":"Crescent City"},"geometry":{"type":"Point","coordinates":[-124.072179008158,41.7928441035343]}},{"type":"Feature","properties":{"id":"us-rail-station-HKM","name":"Hancock, MI","station_code":"HKM","station_type":"Curbside Bus Stop only (no shelter)","aliases":""},"geometry":{"type":"Point","coordinates":[-88.5803016653381,47.1269906252122]}},{"type":"Feature","properties":{"id":"us-rail-station-HLB","name":"Hillsboro, OR","station_code":"HLB","station_type":"Curbside Bus Stop only (no shelter)","aliases":""},"geometry":{"type":"Point","coordinates":[-122.86631951452,45.5372814462296]}},{"type":"Feature","properties":{"id":"us-rail-station-HLD","name":"Holdrege, NE","station_code":"HLD","station_type":"Platform only (no shelter)","aliases":""},"geometry":{"type":"Point","coordinates":[-99.3700858247944,40.4360199004594]}},{"type":"Feature","properties":{"id":"us-rail-station-HLK","name":"Holyoke, MA","station_code":"HLK","station_type":"Platform with Shelter","aliases":""},"geometry":{"type":"Point","coordinates":[-72.6023100861,42.2041645929736]}},{"type":"Feature","properties":{"id":"us-rail-station-HMD","name":"Hammond, LA","station_code":"HMD","station_type":"Station Building (with waiting room)","aliases":""},"geometry":{"type":"Point","coordinates":[-90.4621747426147,30.5071855206002]}},{"type":"Feature","properties":{"id":"us-rail-station-HMI","name":"Hammond-Whiting, IN","station_code":"HMI","station_type":"Station Building (with waiting room)","aliases":"Whiting"},"geometry":{"type":"Point","coordinates":[-87.5065166951752,41.6911628281578]}},{"type":"Feature","properties":{"id":"us-rail-station-HMW","name":"Homewood, IL","station_code":"HMW","station_type":"Station Building (with waiting room)","aliases":""},"geometry":{"type":"Point","coordinates":[-87.6686907302104,41.5624537972614]}},{"type":"Feature","properties":{"id":"us-rail-station-HNF","name":"Hanford, CA","station_code":"HNF","station_type":"Station Building (with waiting room)","aliases":""},"geometry":{"type":"Point","coordinates":[-119.651828626626,36.3260830064687]}},{"type":"Feature","properties":{"id":"us-rail-station-HNK","name":"Hancock, MD","station_code":"HNK","station_type":"Curbside Bus Stop only (no shelter)","aliases":""},"geometry":{"type":"Point","coordinates":[-78.1543176931752,39.6952829014064]}},{"type":"Feature","properties":{"id":"us-rail-station-HOG","name":"Houston, TX","station_code":"HOG","station_type":"Station Building (with waiting room)","aliases":""},"geometry":{"type":"Point","coordinates":[-95.3020319846903,29.7354901942114]}},{"type":"Feature","properties":{"id":"us-rail-station-HOL","name":"Hollywood, FL","station_code":"HOL","station_type":"Station Building (with waiting room)","aliases":""},"geometry":{"type":"Point","coordinates":[-80.1678866791874,26.0116457469433]}},{"type":"Feature","properties":{"id":"us-rail-station-HOM","name":"Holland, MI","station_code":"HOM","station_type":"Station Building (with waiting room)","aliases":""},"geometry":{"type":"Point","coordinates":[-86.0965583852556,42.7911040943858]}},{"type":"Feature","properties":{"id":"us-rail-station-HOO","name":"Hood River, OR","station_code":"HOO","station_type":"Station Building (with waiting room)","aliases":"Bingen-White Salmon,White Salmon"},"geometry":{"type":"Point","coordinates":[-121.511634336521,45.7096465958966]}},{"type":"Feature","properties":{"id":"us-rail-station-HOP","name":"Hope, AR","station_code":"HOP","station_type":"Station Building (with waiting room)","aliases":""},"geometry":{"type":"Point","coordinates":[-93.5922537495971,33.6689190464453]}},{"type":"Feature","properties":{"id":"us-rail-station-HOS","name":"Houston, TX","station_code":"HOS","station_type":"Station Building (with waiting room)","aliases":""},"geometry":{"type":"Point","coordinates":[-95.367533002958,29.7672501982188]}},{"type":"Feature","properties":{"id":"us-rail-station-HPT","name":"High Point, NC","station_code":"HPT","station_type":"Station Building (with waiting room)","aliases":""},"geometry":{"type":"Point","coordinates":[-80.0061000309405,35.9571350669214]}},{"type":"Feature","properties":{"id":"us-rail-station-HRP","name":"Harper, OR","station_code":"HRP","station_type":"Curbside Bus Stop only (no shelter)","aliases":""},"geometry":{"type":"Point","coordinates":[-117.605310310951,43.8553128461271]}},{"type":"Feature","properties":{"id":"us-rail-station-HSU","name":"Arcata, CA","station_code":"HSU","station_type":"Curbside Bus Stop only (no shelter)","aliases":"Humboldt State University"},"geometry":{"type":"Point","coordinates":[-124.081509867404,40.8733520428038]}},{"type":"Feature","properties":{"id":"us-rail-station-HTN","name":"Hammonton, NJ","station_code":"HTN","station_type":"Platform with Shelter","aliases":""},"geometry":{"type":"Point","coordinates":[-74.7993416360752,39.6313250139163]}},{"type":"Feature","properties":{"id":"us-rail-station-HUD","name":"Hudson, NY","station_code":"HUD","station_type":"Station Building (with waiting room)","aliases":""},"geometry":{"type":"Point","coordinates":[-73.7977304788066,42.2538995601078]}},{"type":"Feature","properties":{"id":"us-rail-station-HUN","name":"Huntington, WV","station_code":"HUN","station_type":"Station Building (with waiting room)","aliases":""},"geometry":{"type":"Point","coordinates":[-82.4397389163635,38.4158274719482]}},{"type":"Feature","properties":{"id":"us-rail-station-HUT","name":"Hutchinson, KS","station_code":"HUT","station_type":"Station Building (with waiting room)","aliases":""},"geometry":{"type":"Point","coordinates":[-97.9315302137434,38.0557186143944]}},{"type":"Feature","properties":{"id":"us-rail-station-HVL","name":"Havelock, NC","station_code":"HVL","station_type":"Curbside Bus Stop only (no shelter)","aliases":""},"geometry":{"type":"Point","coordinates":[-76.9261170436241,34.8911979431786]}},{"type":"Feature","properties":{"id":"us-rail-station-HWC","name":"Howard City, MI","station_code":"HWC","station_type":"Curbside Bus Stop only (no shelter)","aliases":""},"geometry":{"type":"Point","coordinates":[-85.4696362577586,43.3983132315583]}},{"type":"Feature","properties":{"id":"us-rail-station-IDO","name":"Indio, CA","station_code":"IDO","station_type":"Curbside Bus Stop only (no shelter)","aliases":""},"geometry":{"type":"Point","coordinates":[-116.233143813319,33.7148679289041]}},{"type":"Feature","properties":{"id":"us-rail-station-IDP","name":"Independence, MO","station_code":"IDP","station_type":"Platform only (no shelter)","aliases":""},"geometry":{"type":"Point","coordinates":[-94.4297183933505,39.0869239896128]}},{"type":"Feature","properties":{"id":"us-rail-station-INA","name":"Indiana, PA","station_code":"INA","station_type":"Curbside Bus Stop only (no shelter)","aliases":""},"geometry":{"type":"Point","coordinates":[-79.1600090703295,40.6131480377556]}},{"type":"Feature","properties":{"id":"us-rail-station-IND","name":"Indianapolis, IN","station_code":"IND","station_type":"Station Building (with waiting room)","aliases":""},"geometry":{"type":"Point","coordinates":[-86.1604281240528,39.7619915548098]}},{"type":"Feature","properties":{"id":"us-rail-station-IRV","name":"Irvine, CA","station_code":"IRV","station_type":"Station Building (with waiting room)","aliases":""},"geometry":{"type":"Point","coordinates":[-117.733707069669,33.6567758402062]}},{"type":"Feature","properties":{"id":"us-rail-station-JAN","name":"Jackson, MS","station_code":"JAN","station_type":"Station Building (with waiting room)","aliases":""},"geometry":{"type":"Point","coordinates":[-90.1909417565056,32.3008139096193]}},{"type":"Feature","properties":{"id":"us-rail-station-JAX","name":"Jacksonville, FL","station_code":"JAX","station_type":"Station Building (with waiting room)","aliases":""},"geometry":{"type":"Point","coordinates":[-81.7238962752218,30.3656067658158]}},{"type":"Feature","properties":{"id":"us-rail-station-JEF","name":"Jefferson City, MO","station_code":"JEF","station_type":"Platform with Shelter","aliases":""},"geometry":{"type":"Point","coordinates":[-92.1699127321195,38.5788770278361]}},{"type":"Feature","properties":{"id":"us-rail-station-JNC","name":"Jacksonville, NC","station_code":"JNC","station_type":"Station Building (with waiting room)","aliases":"Swansboro"},"geometry":{"type":"Point","coordinates":[-77.4072721838274,34.7669369003247]}},{"type":"Feature","properties":{"id":"us-rail-station-JNL","name":"June Lake, CA","station_code":"JNL","station_type":"Curbside Bus Stop only (no shelter)","aliases":""},"geometry":{"type":"Point","coordinates":[-119.054003688461,37.8127711910138]}},{"type":"Feature","properties":{"id":"us-rail-station-JOC","name":"Johnson Creek, WI","station_code":"JOC","station_type":"Curbside Bus Stop only (no shelter)","aliases":""},"geometry":{"type":"Point","coordinates":[-88.7631052108357,43.0899959915045]}},{"type":"Feature","properties":{"id":"us-rail-station-JOL","name":"Joliet, IL","station_code":"JOL","station_type":"Station Building (with waiting room)","aliases":""},"geometry":{"type":"Point","coordinates":[-88.0787368467954,41.5246547681416]}},{"type":"Feature","properties":{"id":"us-rail-station-JSP","name":"Jesup, GA","station_code":"JSP","station_type":"Station Building (with waiting room)","aliases":""},"geometry":{"type":"Point","coordinates":[-81.8821763722151,31.6055950467695]}},{"type":"Feature","properties":{"id":"us-rail-station-JST","name":"Johnstown, PA","station_code":"JST","station_type":"Station Building (with waiting room)","aliases":""},"geometry":{"type":"Point","coordinates":[-78.9219989760397,40.3296969934148]}},{"type":"Feature","properties":{"id":"us-rail-station-JTR","name":"Juntura, OR","station_code":"JTR","station_type":"Curbside Bus Stop only (no shelter)","aliases":""},"geometry":{"type":"Point","coordinates":[-118.080090376179,43.7452577924587]}},{"type":"Feature","properties":{"id":"us-rail-station-JVL","name":"Janesville, WI","station_code":"JVL","station_type":"Station Building (with waiting room)","aliases":""},"geometry":{"type":"Point","coordinates":[-88.9881922366696,42.7200029173279]}},{"type":"Feature","properties":{"id":"us-rail-station-JXN","name":"Jackson, MI","station_code":"JXN","station_type":"Station Building (with waiting room)","aliases":""},"geometry":{"type":"Point","coordinates":[-84.3996748183806,42.2481210913503]}},{"type":"Feature","properties":{"id":"us-rail-station-KAL","name":"Kalamazoo, MI","station_code":"KAL","station_type":"Station Building (with waiting room)","aliases":""},"geometry":{"type":"Point","coordinates":[-85.5840231814614,42.2952630371139]}},{"type":"Feature","properties":{"id":"us-rail-station-KAN","name":"Kannapolis, NC","station_code":"KAN","station_type":"Station Building (with waiting room)","aliases":""},"geometry":{"type":"Point","coordinates":[-80.6249311916752,35.4961789466567]}},{"type":"Feature","properties":{"id":"us-rail-station-KCY","name":"Kansas City, MO","station_code":"KCY","station_type":"Station Building (with waiting room)","aliases":"Union Station"},"geometry":{"type":"Point","coordinates":[-94.5851364344924,39.0845829801765]}},{"type":"Feature","properties":{"id":"us-rail-station-KEE","name":"Kewanee, IL","station_code":"KEE","station_type":"Station Building (with waiting room)","aliases":""},"geometry":{"type":"Point","coordinates":[-89.9275503540562,41.245772615654]}},{"type":"Feature","properties":{"id":"us-rail-station-KEL","name":"Kelso-Longview, WA","station_code":"KEL","station_type":"Station Building (with waiting room)","aliases":"Longview"},"geometry":{"type":"Point","coordinates":[-122.913030650754,46.1422694756521]}},{"type":"Feature","properties":{"id":"us-rail-station-KFS","name":"Klamath Falls, OR","station_code":"KFS","station_type":"Station Building (with waiting room)","aliases":""},"geometry":{"type":"Point","coordinates":[-121.771965733058,42.2255143393057]}},{"type":"Feature","properties":{"id":"us-rail-station-KGC","name":"King City, CA","station_code":"KGC","station_type":"Curbside Bus Stop only (no shelter)","aliases":""},"geometry":{"type":"Point","coordinates":[-121.136356850051,36.2025518965398]}},{"type":"Feature","properties":{"id":"us-rail-station-KGE","name":"Kingston - Eastbound, WA","station_code":"KGE","station_type":"Curbside Bus Stop only (no shelter)","aliases":""},"geometry":{"type":"Point","coordinates":[-122.496302965697,47.7960746083645]}},{"type":"Feature","properties":{"id":"us-rail-station-KGS","name":"Kingsley, MI","station_code":"KGS","station_type":"Curbside Bus Stop only (no shelter)","aliases":""},"geometry":{"type":"Point","coordinates":[-85.535206405879,44.5848054236128]}},{"type":"Feature","properties":{"id":"us-rail-station-KGW","name":"Kingston - Westbound, WA","station_code":"KGW","station_type":"Curbside Bus Stop only (no shelter)","aliases":""},"geometry":{"type":"Point","coordinates":[-122.500498967643,47.8020306080343]}},{"type":"Feature","properties":{"id":"us-rail-station-KIL","name":"Killeen, TX","station_code":"KIL","station_type":"Station Building (with waiting room)","aliases":""},"geometry":{"type":"Point","coordinates":[-97.7286246655861,31.1211573821471]}},{"type":"Feature","properties":{"id":"us-rail-station-KIN","name":"Kingston, RI","station_code":"KIN","station_type":"Station Building (with waiting room)","aliases":""},"geometry":{"type":"Point","coordinates":[-71.5605977042553,41.4839674888137]}},{"type":"Feature","properties":{"id":"us-rail-station-KIS","name":"Kissimmee, FL","station_code":"KIS","station_type":"Station Building (with waiting room)","aliases":""},"geometry":{"type":"Point","coordinates":[-81.4042371073041,28.2938402829077]}},{"type":"Feature","properties":{"id":"us-rail-station-KKI","name":"Kankakee, IL","station_code":"KKI","station_type":"Station Building (with waiting room)","aliases":""},"geometry":{"type":"Point","coordinates":[-87.8654357453369,41.1192667090737]}},{"type":"Feature","properties":{"id":"us-rail-station-KLT","name":"Killington, VT","station_code":"KLT","station_type":"Curbside Bus Stop only (no shelter)","aliases":""},"geometry":{"type":"Point","coordinates":[-72.7943062410203,43.6270138509531]}},{"type":"Feature","properties":{"id":"us-rail-station-KNC","name":"Kinston, NC","station_code":"KNC","station_type":"Station Building (with waiting room)","aliases":""},"geometry":{"type":"Point","coordinates":[-77.5844802608625,35.2437129992889]}},{"type":"Feature","properties":{"id":"us-rail-station-KNG","name":"Kingman, AZ","station_code":"KNG","station_type":"Station Building (with waiting room)","aliases":""},"geometry":{"type":"Point","coordinates":[-114.052827539229,35.1882842322845]}},{"type":"Feature","properties":{"id":"us-rail-station-KNS","name":"Kinross Charter Twp, MI","station_code":"KNS","station_type":"Curbside Bus Stop only (no shelter)","aliases":""},"geometry":{"type":"Point","coordinates":[-84.5065402829567,46.2737607512534]}},{"type":"Feature","properties":{"id":"us-rail-station-KNT","name":"Kent Island-Grasonville, MD","station_code":"KNT","station_type":"Curbside Bus Stop only (no shelter)","aliases":"Grasonville"},"geometry":{"type":"Point","coordinates":[-76.2408290508712,38.9665058287188]}},{"type":"Feature","properties":{"id":"us-rail-station-KTR","name":"Kingstree, SC","station_code":"KTR","station_type":"Station Building (with waiting room)","aliases":""},"geometry":{"type":"Point","coordinates":[-79.8290288598496,33.6638885760539]}},{"type":"Feature","properties":{"id":"us-rail-station-KVL","name":"Keene Valley, NY","station_code":"KVL","station_type":"Curbside Bus Stop only (no shelter)","aliases":""},"geometry":{"type":"Point","coordinates":[-73.7862336080351,44.1885369159954]}},{"type":"Feature","properties":{"id":"us-rail-station-KWD","name":"Kirkwood, MO","station_code":"KWD","station_type":"Station Building (with waiting room)","aliases":""},"geometry":{"type":"Point","coordinates":[-90.4067672433884,38.5810741225516]}},{"type":"Feature","properties":{"id":"us-rail-station-LAB","name":"Latrobe, PA","station_code":"LAB","station_type":"Platform only (no shelter)","aliases":""},"geometry":{"type":"Point","coordinates":[-79.3850861185755,40.3174129716664]}},{"type":"Feature","properties":{"id":"us-rail-station-LAE","name":"La Grande, OR","station_code":"LAE","station_type":"Station Building (with waiting room)","aliases":""},"geometry":{"type":"Point","coordinates":[-118.077625672127,45.3264779148236]}},{"type":"Feature","properties":{"id":"us-rail-station-LAF","name":"Lafayette, IN","station_code":"LAF","station_type":"Station Building (with waiting room)","aliases":""},"geometry":{"type":"Point","coordinates":[-86.8959063966946,40.4193546371294]}},{"type":"Feature","properties":{"id":"us-rail-station-LAG","name":"La Grange, IL","station_code":"LAG","station_type":"Station Building (with waiting room)","aliases":""},"geometry":{"type":"Point","coordinates":[-87.8715508146311,41.8156418296329]}},{"type":"Feature","properties":{"id":"us-rail-station-LAJ","name":"La Junta, CO","station_code":"LAJ","station_type":"Station Building (with waiting room)","aliases":""},"geometry":{"type":"Point","coordinates":[-103.543585582916,37.9882552632587]}},{"type":"Feature","properties":{"id":"us-rail-station-LAK","name":"Lakeland, FL","station_code":"LAK","station_type":"Station Building (with waiting room)","aliases":""},"geometry":{"type":"Point","coordinates":[-81.9518772587778,28.0456082084338]}},{"type":"Feature","properties":{"id":"us-rail-station-LAN","name":"L'Anse, MI","station_code":"LAN","station_type":"Curbside Bus Stop only (no shelter)","aliases":"Lanse"},"geometry":{"type":"Point","coordinates":[-88.4531655735437,46.7569595797493]}},{"type":"Feature","properties":{"id":"us-rail-station-LAP","name":"La Plata, MO","station_code":"LAP","station_type":"Station Building (with waiting room)","aliases":""},"geometry":{"type":"Point","coordinates":[-92.4933909563136,40.0292272613901]}},{"type":"Feature","properties":{"id":"us-rail-station-LAS","name":"Las Vegas, NV","station_code":"LAS","station_type":"Curbside Bus Stop only (no shelter)","aliases":"McCarran International,McCarran Intl,McCarran Airport"},"geometry":{"type":"Point","coordinates":[-115.148504824768,36.0859782725735]}},{"type":"Feature","properties":{"id":"us-rail-station-LAT","name":"Lafayette, IN","station_code":"LAT","station_type":"Station Building (with waiting room)","aliases":""},"geometry":{"type":"Point","coordinates":[-86.8944493966774,40.4206756375512]}},{"type":"Feature","properties":{"id":"us-rail-station-LAU","name":"Laurel, MS","station_code":"LAU","station_type":"Station Building (with waiting room)","aliases":""},"geometry":{"type":"Point","coordinates":[-89.1279384346547,31.6921738205432]}},{"type":"Feature","properties":{"id":"us-rail-station-LAX","name":"Los Angeles, CA","station_code":"LAX","station_type":"Station Building (with waiting room)","aliases":"Union Station"},"geometry":{"type":"Point","coordinates":[-118.236790186569,34.0561818568002]}},{"type":"Feature","properties":{"id":"us-rail-station-LBO","name":"Los Banos, CA","station_code":"LBO","station_type":"Curbside Bus Stop only (no shelter)","aliases":""},"geometry":{"type":"Point","coordinates":[-120.861872896862,37.0640959939232]}},{"type":"Feature","properties":{"id":"us-rail-station-LCA","name":"La Crescenta, CA","station_code":"LCA","station_type":"Curbside Bus Stop only (no shelter)","aliases":""},"geometry":{"type":"Point","coordinates":[-118.266523206155,34.2319488741267]}},{"type":"Feature","properties":{"id":"us-rail-station-LCH","name":"Lake Charles, LA","station_code":"LCH","station_type":"Station Building (with waiting room)","aliases":""},"geometry":{"type":"Point","coordinates":[-93.2170434660937,30.2381313691663]}},{"type":"Feature","properties":{"id":"us-rail-station-LCN","name":"Lincoln, IL","station_code":"LCN","station_type":"Station Building (with waiting room)","aliases":""},"geometry":{"type":"Point","coordinates":[-89.3630570865052,40.1482064578349]}},{"type":"Feature","properties":{"id":"us-rail-station-LCO","name":"Lincoln City, OR","station_code":"LCO","station_type":"Curbside Bus Stop only (no shelter)","aliases":""},"geometry":{"type":"Point","coordinates":[-124.010385576918,44.9965312993805]}},{"type":"Feature","properties":{"id":"us-rail-station-LCR","name":"Las Cruces, NM","station_code":"LCR","station_type":"Curbside Bus Stop only (no shelter)","aliases":""},"geometry":{"type":"Point","coordinates":[-106.780069847555,32.305505207599]}},{"type":"Feature","properties":{"id":"us-rail-station-LCS","name":"Lancaster, CA","station_code":"LCS","station_type":"Platform with Shelter","aliases":""},"geometry":{"type":"Point","coordinates":[-118.136444223608,34.696304932781]}},{"type":"Feature","properties":{"id":"us-rail-station-LCV","name":"Lincolnville, ME","station_code":"LCV","station_type":"Curbside Bus Stop only (no shelter)","aliases":""},"geometry":{"type":"Point","coordinates":[-69.0086420199847,44.2820840932918]}},{"type":"Feature","properties":{"id":"us-rail-station-LDB","name":"Lordsburg, NM","station_code":"LDB","station_type":"Platform with Shelter","aliases":""},"geometry":{"type":"Point","coordinates":[-108.707035260991,32.3500751254868]}},{"type":"Feature","properties":{"id":"us-rail-station-LDW","name":"Lindenwold, NJ","station_code":"LDW","station_type":"Station Building (with waiting room)","aliases":""},"geometry":{"type":"Point","coordinates":[-75.0007607122875,39.833838047672]}},{"type":"Feature","properties":{"id":"us-rail-station-LEE","name":"Lee's Summit, MO","station_code":"LEE","station_type":"Platform with Shelter","aliases":""},"geometry":{"type":"Point","coordinates":[-94.3779793631146,38.9126299634502]}},{"type":"Feature","properties":{"id":"us-rail-station-LEG","name":"Leggett, CA","station_code":"LEG","station_type":"Curbside Bus Stop only (no shelter)","aliases":""},"geometry":{"type":"Point","coordinates":[-123.72797767354,39.8782310038538]}},{"type":"Feature","properties":{"id":"us-rail-station-LEV","name":"Leavenworth, WA","station_code":"LEV","station_type":"Curbside Bus Stop only (no shelter)","aliases":""},"geometry":{"type":"Point","coordinates":[-120.644618613468,47.5976837998105]}},{"type":"Feature","properties":{"id":"us-rail-station-LEW","name":"Lewistown, PA","station_code":"LEW","station_type":"Station Building (with waiting room)","aliases":""},"geometry":{"type":"Point","coordinates":[-77.5800495740485,40.5883170982931]}},{"type":"Feature","properties":{"id":"us-rail-station-LEX","name":"Lexington Barbeque Festival, NC","station_code":"LEX","station_type":"Platform only (no shelter)","aliases":""},"geometry":{"type":"Point","coordinates":[-80.2515680977208,35.8208630290363]}},{"type":"Feature","properties":{"id":"us-rail-station-LFT","name":"Lafayette, LA","station_code":"LFT","station_type":"Station Building (with waiting room)","aliases":""},"geometry":{"type":"Point","coordinates":[-92.014525147459,30.2265534082986]}},{"type":"Feature","properties":{"id":"us-rail-station-LGU","name":"Longueuil, QC","station_code":"LGU","station_type":"Station Building (with waiting room)","aliases":""},"geometry":{"type":"Point","coordinates":[-73.5211436207408,45.5238451601637]}},{"type":"Feature","properties":{"id":"us-rail-station-LIB","name":"Libby, MT","station_code":"LIB","station_type":"Station Building (with waiting room)","aliases":""},"geometry":{"type":"Point","coordinates":[-115.548903865245,48.3948483993017]}},{"type":"Feature","properties":{"id":"us-rail-station-LIV","name":"Livermore, CA","station_code":"LIV","station_type":"Station Building (with waiting room)","aliases":""},"geometry":{"type":"Point","coordinates":[-121.767134106573,37.6849199839131]}},{"type":"Feature","properties":{"id":"us-rail-station-LKL","name":"Lakeland, FL","station_code":"LKL","station_type":"Station Building (with waiting room)","aliases":""},"geometry":{"type":"Point","coordinates":[-81.9518772587778,28.0456082084338]}},{"type":"Feature","properties":{"id":"us-rail-station-LMC","name":"Lemoore, CA","station_code":"LMC","station_type":"Curbside Bus Stop only (no shelter)","aliases":""},"geometry":{"type":"Point","coordinates":[-119.784557645549,36.3031359950634]}},{"type":"Feature","properties":{"id":"us-rail-station-LMR","name":"Lamar, CO","station_code":"LMR","station_type":"Platform only (no shelter)","aliases":""},"geometry":{"type":"Point","coordinates":[-102.618583373813,38.0896293365332]}},{"type":"Feature","properties":{"id":"us-rail-station-LMY","name":"Lamy, NM","station_code":"LMY","station_type":"Station Building (with waiting room)","aliases":""},"geometry":{"type":"Point","coordinates":[-105.879977885348,35.4809787478299]}},{"type":"Feature","properties":{"id":"us-rail-station-LNC","name":"Lancaster, PA","station_code":"LNC","station_type":"Station Building (with waiting room)","aliases":""},"geometry":{"type":"Point","coordinates":[-76.3077161390796,40.0541890434862]}},{"type":"Feature","properties":{"id":"us-rail-station-LNK","name":"Lincoln, NE","station_code":"LNK","station_type":"Station Building (with waiting room)","aliases":""},"geometry":{"type":"Point","coordinates":[-96.713178179131,40.815878132224]}},{"type":"Feature","properties":{"id":"us-rail-station-LNS","name":"East Lansing, MI","station_code":"LNS","station_type":"Station Building (with waiting room)","aliases":"Lansing"},"geometry":{"type":"Point","coordinates":[-84.4959668928737,42.718739168397]}},{"type":"Feature","properties":{"id":"us-rail-station-LNV","name":"Laughlin, NV","station_code":"LNV","station_type":"Curbside Bus Stop only (no shelter)","aliases":""},"geometry":{"type":"Point","coordinates":[-114.575789634053,35.1585731977297]}},{"type":"Feature","properties":{"id":"us-rail-station-LOB","name":"London, ON","station_code":"LOB","station_type":"Curbside Bus Stop only (no shelter)","aliases":""},"geometry":{"type":"Point","coordinates":[-81.2417389116055,42.9840073791887]}},{"type":"Feature","properties":{"id":"us-rail-station-LOD","name":"Lodi, CA","station_code":"LOD","station_type":"Station Building (with waiting room)","aliases":""},"geometry":{"type":"Point","coordinates":[-121.27190008235,38.1332060584664]}},{"type":"Feature","properties":{"id":"us-rail-station-LOH","name":"Los Alamos, NM","station_code":"LOH","station_type":"Curbside Bus Stop only (no shelter)","aliases":""},"geometry":{"type":"Point","coordinates":[-106.208813987985,35.8278007804355]}},{"type":"Feature","properties":{"id":"us-rail-station-LOM","name":"Lompoc, CA","station_code":"LOM","station_type":"Curbside Bus Stop only (no shelter)","aliases":""},"geometry":{"type":"Point","coordinates":[-120.459297596879,34.6383447891631]}},{"type":"Feature","properties":{"id":"us-rail-station-LOR","name":"Lorton, VA","station_code":"LOR","station_type":"Station Building (with waiting room)","aliases":"Washington"},"geometry":{"type":"Point","coordinates":[-77.2209443408577,38.7081507405318]}},{"type":"Feature","properties":{"id":"us-rail-station-LOS","name":"Los Alamos, NM","station_code":"LOS","station_type":"Curbside Bus Stop only (no shelter)","aliases":""},"geometry":{"type":"Point","coordinates":[-106.29993001293,35.8818047838434]}},{"type":"Feature","properties":{"id":"us-rail-station-LPE","name":"Lapeer, MI","station_code":"LPE","station_type":"Station Building (with waiting room)","aliases":""},"geometry":{"type":"Point","coordinates":[-83.3061585596146,43.0495282877417]}},{"type":"Feature","properties":{"id":"us-rail-station-LPN","name":"La Pine, OR","station_code":"LPN","station_type":"Curbside Bus Stop only (no shelter)","aliases":"LaPine"},"geometry":{"type":"Point","coordinates":[-121.499969938932,43.6741814656227]}},{"type":"Feature","properties":{"id":"us-rail-station-LPS","name":"Lompoc-Surf, CA","station_code":"LPS","station_type":"Platform with Shelter","aliases":"Surf"},"geometry":{"type":"Point","coordinates":[-120.605013623645,34.6827087847475]}},{"type":"Feature","properties":{"id":"us-rail-station-LQT","name":"La Quinta, CA","station_code":"LQT","station_type":"Curbside Bus Stop only (no shelter)","aliases":""},"geometry":{"type":"Point","coordinates":[-116.289975823194,33.7109839253756]}},{"type":"Feature","properties":{"id":"us-rail-station-LRC","name":"Lawrence, KS","station_code":"LRC","station_type":"Station Building (with waiting room)","aliases":""},"geometry":{"type":"Point","coordinates":[-95.2305465966124,38.9711729242649]}},{"type":"Feature","properties":{"id":"us-rail-station-LRK","name":"Little Rock, AR","station_code":"LRK","station_type":"Station Building (with waiting room)","aliases":"Union Station"},"geometry":{"type":"Point","coordinates":[-92.286791470131,34.7503043140816]}},{"type":"Feature","properties":{"id":"us-rail-station-LRY","name":"Laramie, WY","station_code":"LRY","station_type":"Curbside Bus Stop only (no shelter)","aliases":""},"geometry":{"type":"Point","coordinates":[-105.608559448337,41.3299265872244]}},{"type":"Feature","properties":{"id":"us-rail-station-LSB","name":"Lewisburg, PA","station_code":"LSB","station_type":"Curbside Bus Stop only (no shelter)","aliases":"Bucknell University"},"geometry":{"type":"Point","coordinates":[-76.8873433817142,40.9630811977965]}},{"type":"Feature","properties":{"id":"us-rail-station-LSE","name":"La Crosse, WI","station_code":"LSE","station_type":"Station Building (with waiting room)","aliases":""},"geometry":{"type":"Point","coordinates":[-91.2473050219321,43.8331629562289]}},{"type":"Feature","properties":{"id":"us-rail-station-LSV","name":"Las Vegas, NM","station_code":"LSV","station_type":"Station Building (with waiting room)","aliases":""},"geometry":{"type":"Point","coordinates":[-105.212788744698,35.5934378022278]}},{"type":"Feature","properties":{"id":"us-rail-station-LSW","name":"La Crosse, WI","station_code":"LSW","station_type":"Curbside Bus Stop only (no shelter)","aliases":""},"geometry":{"type":"Point","coordinates":[-91.2293390153887,43.8171199547863]}},{"type":"Feature","properties":{"id":"us-rail-station-LTB","name":"Latrobe, PA","station_code":"LTB","station_type":"Curbside Bus Stop only (no shelter)","aliases":""},"geometry":{"type":"Point","coordinates":[-79.4054101218914,40.2728499623456]}},{"type":"Feature","properties":{"id":"us-rail-station-LTM","name":"Lathrop-Manteca, CA","station_code":"LTM","station_type":"Platform with Shelter","aliases":"Manteca"},"geometry":{"type":"Point","coordinates":[-121.263671041834,37.7983650300533]}},{"type":"Feature","properties":{"id":"us-rail-station-LTR","name":"Littlerock, CA","station_code":"LTR","station_type":"Curbside Bus Stop only (no shelter)","aliases":""},"geometry":{"type":"Point","coordinates":[-118.000592185549,34.5213439217238]}},{"type":"Feature","properties":{"id":"us-rail-station-LTV","name":"Laytonville, CA","station_code":"LTV","station_type":"Curbside Bus Stop only (no shelter)","aliases":""},"geometry":{"type":"Point","coordinates":[-123.482032612124,39.6866380103114]}},{"type":"Feature","properties":{"id":"us-rail-station-LVL","name":"Louisville, KY","station_code":"LVL","station_type":"Station Building (with waiting room)","aliases":""},"geometry":{"type":"Point","coordinates":[-85.772627890757,38.2487312895876]}},{"type":"Feature","properties":{"id":"us-rail-station-LVN","name":"Lee Vining, CA","station_code":"LVN","station_type":"Curbside Bus Stop only (no shelter)","aliases":""},"geometry":{"type":"Point","coordinates":[-119.118699715623,37.9554082005263]}},{"type":"Feature","properties":{"id":"us-rail-station-LVP","name":"Liverpool, PA","station_code":"LVP","station_type":"Curbside Bus Stop only (no shelter)","aliases":""},"geometry":{"type":"Point","coordinates":[-76.9542723799239,40.6201491286124]}},{"type":"Feature","properties":{"id":"us-rail-station-LVR","name":"Liverpool, PA","station_code":"LVR","station_type":"Curbside Bus Stop only (no shelter)","aliases":""},"geometry":{"type":"Point","coordinates":[-76.9941283886819,40.5663281167162]}},{"type":"Feature","properties":{"id":"us-rail-station-LVS","name":"Las Vegas, NV","station_code":"LVS","station_type":"Curbside Bus Stop only (no shelter)","aliases":""},"geometry":{"type":"Point","coordinates":[-115.14974583296,36.1644632812511]}},{"type":"Feature","properties":{"id":"us-rail-station-LVT","name":"Las Vegas, NV","station_code":"LVT","station_type":"Curbside Bus Stop only (no shelter)","aliases":""},"geometry":{"type":"Point","coordinates":[-115.163640825553,36.0684692698121]}},{"type":"Feature","properties":{"id":"us-rail-station-LVW","name":"Longview, TX","station_code":"LVW","station_type":"Station Building (with waiting room)","aliases":""},"geometry":{"type":"Point","coordinates":[-94.7283289768442,32.4940377694034]}},{"type":"Feature","properties":{"id":"us-rail-station-LWA","name":"Leavenworth, WA","station_code":"LWA","station_type":"Platform with Shelter","aliases":""},"geometry":{"type":"Point","coordinates":[-120.643979614857,47.6064988005714]}},{"type":"Feature","properties":{"id":"us-rail-station-LWB","name":"Lewistown, PA","station_code":"LWB","station_type":"Curbside Bus Stop only (no shelter)","aliases":""},"geometry":{"type":"Point","coordinates":[-77.5746455734039,40.5971311000412]}},{"type":"Feature","properties":{"id":"us-rail-station-LWN","name":"Lewiston, ID","station_code":"LWN","station_type":"Curbside Bus Stop only (no shelter)","aliases":""},"geometry":{"type":"Point","coordinates":[-117.005936701491,46.426937104148]}},{"type":"Feature","properties":{"id":"us-rail-station-LYH","name":"Lynchburg, VA","station_code":"LYH","station_type":"Station Building (with waiting room)","aliases":""},"geometry":{"type":"Point","coordinates":[-79.156936858109,37.4064464016767]}},{"type":"Feature","properties":{"id":"us-rail-station-MAC","name":"Macomb, IL","station_code":"MAC","station_type":"Station Building (with waiting room)","aliases":""},"geometry":{"type":"Point","coordinates":[-90.670946488105,40.4612194394848]}},{"type":"Feature","properties":{"id":"us-rail-station-MAD","name":"Madras, OR","station_code":"MAD","station_type":"Curbside Bus Stop only (no shelter)","aliases":""},"geometry":{"type":"Point","coordinates":[-121.133547056387,44.6189035641602]}},{"type":"Feature","properties":{"id":"us-rail-station-MAI","name":"Marion, IL","station_code":"MAI","station_type":"Station Building (with waiting room)","aliases":""},"geometry":{"type":"Point","coordinates":[-88.9552177658573,37.7296500385865]}},{"type":"Feature","properties":{"id":"us-rail-station-MAK","name":"Mackinaw City, MI","station_code":"MAK","station_type":"Curbside Bus Stop only (no shelter)","aliases":""},"geometry":{"type":"Point","coordinates":[-84.725775293161,45.7813436614713]}},{"type":"Feature","properties":{"id":"us-rail-station-MAL","name":"Malta, MT","station_code":"MAL","station_type":"Station Building (with waiting room)","aliases":""},"geometry":{"type":"Point","coordinates":[-107.872254186826,48.3604841805846]}},{"type":"Feature","properties":{"id":"us-rail-station-MAT","name":"Mattoon, IL","station_code":"MAT","station_type":"Station Building (with waiting room)","aliases":""},"geometry":{"type":"Point","coordinates":[-88.3760507445158,39.4827373913532]}},{"type":"Feature","properties":{"id":"us-rail-station-MAY","name":"Maysville, KY","station_code":"MAY","station_type":"Station Building (with waiting room)","aliases":""},"geometry":{"type":"Point","coordinates":[-83.771078330907,38.6521554593225]}},{"type":"Feature","properties":{"id":"us-rail-station-MBY","name":"Middlebury, VT","station_code":"MBY","station_type":"Platform with Shelter","aliases":""},"geometry":{"type":"Point","coordinates":[-73.1697763927624,44.0174339077669]}},{"type":"Feature","properties":{"id":"us-rail-station-MCB","name":"McComb, MS","station_code":"MCB","station_type":"Station Building (with waiting room)","aliases":""},"geometry":{"type":"Point","coordinates":[-90.451339774799,31.2444726785847]}},{"type":"Feature","properties":{"id":"us-rail-station-MCD","name":"Merced, CA","station_code":"MCD","station_type":"Station Building (with waiting room)","aliases":""},"geometry":{"type":"Point","coordinates":[-120.476817862972,37.3071880425907]}},{"type":"Feature","properties":{"id":"us-rail-station-MCG","name":"McGregor, TX","station_code":"MCG","station_type":"Station Building (with waiting room)","aliases":""},"geometry":{"type":"Point","coordinates":[-97.4047636009775,31.4433574571104]}},{"type":"Feature","properties":{"id":"us-rail-station-MCK","name":"McCook, NE","station_code":"MCK","station_type":"Station Building (with waiting room)","aliases":""},"geometry":{"type":"Point","coordinates":[-100.62580111332,40.1976407813338]}},{"type":"Feature","properties":{"id":"us-rail-station-MCT","name":"Montreal, QC","station_code":"MCT","station_type":"Station Building (with waiting room)","aliases":""},"geometry":{"type":"Point","coordinates":[-73.5637206345793,45.5169421571819]}},{"type":"Feature","properties":{"id":"us-rail-station-MCV","name":"Manchester Center, VT","station_code":"MCV","station_type":"Curbside Bus Stop only (no shelter)","aliases":""},"geometry":{"type":"Point","coordinates":[-73.0583322978281,43.1777197588473]}},{"type":"Feature","properties":{"id":"us-rail-station-MDN","name":"Meriden, CT","station_code":"MDN","station_type":"Platform with Shelter","aliases":""},"geometry":{"type":"Point","coordinates":[-72.8006791106314,41.5393934588654]}},{"type":"Feature","properties":{"id":"us-rail-station-MDP","name":"Midpines, CA","station_code":"MDP","station_type":"Curbside Bus Stop only (no shelter)","aliases":""},"geometry":{"type":"Point","coordinates":[-119.920214800395,37.5441481038942]}},{"type":"Feature","properties":{"id":"us-rail-station-MDR","name":"Madera, CA","station_code":"MDR","station_type":"Platform with Shelter","aliases":""},"geometry":{"type":"Point","coordinates":[-120.074992767643,37.0224760443741]}},{"type":"Feature","properties":{"id":"us-rail-station-MDS","name":"Madison, CT","station_code":"MDS","station_type":"Station Building (with waiting room)","aliases":""},"geometry":{"type":"Point","coordinates":[-72.5970410294791,41.2835354162719]}},{"type":"Feature","properties":{"id":"us-rail-station-MDT","name":"Mendota, IL","station_code":"MDT","station_type":"Station Building (with waiting room)","aliases":""},"geometry":{"type":"Point","coordinates":[-89.1179261520611,41.5495917138946]}},{"type":"Feature","properties":{"id":"us-rail-station-MDV","name":"Madisonville, KY","station_code":"MDV","station_type":"Curbside Bus Stop only (no shelter)","aliases":""},"geometry":{"type":"Point","coordinates":[-87.4502713022491,37.2560540201662]}},{"type":"Feature","properties":{"id":"us-rail-station-MEE","name":"Monroe - Eastbound, WA","station_code":"MEE","station_type":"Curbside Bus Stop only (no shelter)","aliases":""},"geometry":{"type":"Point","coordinates":[-121.966266894929,47.8582216699323]}},{"type":"Feature","properties":{"id":"us-rail-station-MEI","name":"Meridian, MS","station_code":"MEI","station_type":"Station Building (with waiting room)","aliases":"Union Station"},"geometry":{"type":"Point","coordinates":[-88.6965733497284,32.3641719789522]}},{"type":"Feature","properties":{"id":"us-rail-station-MEM","name":"Memphis, TN","station_code":"MEM","station_type":"Station Building (with waiting room)","aliases":""},"geometry":{"type":"Point","coordinates":[-90.0591148877747,35.1324644883067]}},{"type":"Feature","properties":{"id":"us-rail-station-MET","name":"Metropark, NJ","station_code":"MET","station_type":"Station Building (with waiting room)","aliases":"iselin"},"geometry":{"type":"Point","coordinates":[-74.329584542979,40.5680642163942]}},{"type":"Feature","properties":{"id":"us-rail-station-MEW","name":"Monroe - Westbound, WA","station_code":"MEW","station_type":"Curbside Bus Stop only (no shelter)","aliases":""},"geometry":{"type":"Point","coordinates":[-121.966207895378,47.8584686699205]}},{"type":"Feature","properties":{"id":"us-rail-station-MFA","name":"Medford, OR","station_code":"MFA","station_type":"Curbside Bus Stop only (no shelter)","aliases":""},"geometry":{"type":"Point","coordinates":[-122.874427925667,42.367918249455]}},{"type":"Feature","properties":{"id":"us-rail-station-MFR","name":"Medford, OR","station_code":"MFR","station_type":"Station Building (with waiting room)","aliases":""},"geometry":{"type":"Point","coordinates":[-122.871551918081,42.3242032468116]}},{"type":"Feature","properties":{"id":"us-rail-station-MHC","name":"Morgan Hill, CA","station_code":"MHC","station_type":"Platform with Shelter","aliases":""},"geometry":{"type":"Point","coordinates":[-121.650017026652,37.1300899442811]}},{"type":"Feature","properties":{"id":"us-rail-station-MHD","name":"Morehead City, NC","station_code":"MHD","station_type":"Curbside Bus Stop only (no shelter)","aliases":""},"geometry":{"type":"Point","coordinates":[-76.7156819712656,34.7213899125567]}},{"type":"Feature","properties":{"id":"us-rail-station-MHL","name":"Marshall, TX","station_code":"MHL","station_type":"Station Building (with waiting room)","aliases":""},"geometry":{"type":"Point","coordinates":[-94.367001885664,32.5515547952776]}},{"type":"Feature","properties":{"id":"us-rail-station-MHT","name":"Manchester, NH","station_code":"MHT","station_type":"Station Building (with waiting room)","aliases":""},"geometry":{"type":"Point","coordinates":[-71.466051762435,42.9869017782833]}},{"type":"Feature","properties":{"id":"us-rail-station-MIA","name":"Miami, FL","station_code":"MIA","station_type":"Station Building (with waiting room)","aliases":""},"geometry":{"type":"Point","coordinates":[-80.2577617013305,25.8495587045718]}},{"type":"Feature","properties":{"id":"us-rail-station-MID","name":"Middletown, PA","station_code":"MID","station_type":"Platform with Shelter","aliases":""},"geometry":{"type":"Point","coordinates":[-76.7364842825544,40.1956660548943]}},{"type":"Feature","properties":{"id":"us-rail-station-MIF","name":"Mifflintown, PA","station_code":"MIF","station_type":"Curbside Bus Stop only (no shelter)","aliases":""},"geometry":{"type":"Point","coordinates":[-77.3750145093231,40.5788011045439]}},{"type":"Feature","properties":{"id":"us-rail-station-MIN","name":"Mineola, TX","station_code":"MIN","station_type":"Station Building (with waiting room)","aliases":""},"geometry":{"type":"Point","coordinates":[-95.4891071828573,32.6620547700739]}},{"type":"Feature","properties":{"id":"us-rail-station-MIY","name":"Middlebury, VT","station_code":"MIY","station_type":"Curbside Bus Stop only (no shelter)","aliases":""},"geometry":{"type":"Point","coordinates":[-73.1744673933794,44.0102179067006]}},{"type":"Feature","properties":{"id":"us-rail-station-MJY","name":"Mount Joy, PA","station_code":"MJY","station_type":"Platform with Shelter","aliases":""},"geometry":{"type":"Point","coordinates":[-76.5034452036372,40.1091730467157]}},{"type":"Feature","properties":{"id":"us-rail-station-MKA","name":"Milwaukee Airport-Trains, WI","station_code":"MKA","station_type":"Station Building (with waiting room)","aliases":"General Mitchell,Mitchell"},"geometry":{"type":"Point","coordinates":[-87.9243649468024,42.9405910161407]}},{"type":"Feature","properties":{"id":"us-rail-station-MKB","name":"Milwaukee Airport-Buses, WI","station_code":"MKB","station_type":"Curbside Bus Stop only (no shelter)","aliases":""},"geometry":{"type":"Point","coordinates":[-87.9030829414401,42.9471830181598]}},{"type":"Feature","properties":{"id":"us-rail-station-MKE","name":"Milwaukee-Downtown, WI","station_code":"MKE","station_type":"Station Building (with waiting room)","aliases":""},"geometry":{"type":"Point","coordinates":[-87.9171099549385,43.0345260322426]}},{"type":"Feature","properties":{"id":"us-rail-station-MKS","name":"Marks, MS","station_code":"MKS","station_type":"Platform with Shelter","aliases":""},"geometry":{"type":"Point","coordinates":[-90.2723478906464,34.258233305455]}},{"type":"Feature","properties":{"id":"us-rail-station-MLI","name":"Moline, IL","station_code":"MLI","station_type":"Station Building (with waiting room)","aliases":""},"geometry":{"type":"Point","coordinates":[-90.5211105511892,41.5067656252941]}},{"type":"Feature","properties":{"id":"us-rail-station-MLK","name":"Moses Lake, WA","station_code":"MLK","station_type":"Curbside Bus Stop only (no shelter)","aliases":""},"geometry":{"type":"Point","coordinates":[-119.245374256618,47.1019819193004]}},{"type":"Feature","properties":{"id":"us-rail-station-MMK","name":"Mammoth Lakes, CA","station_code":"MMK","station_type":"Curbside Bus Stop only (no shelter)","aliases":""},"geometry":{"type":"Point","coordinates":[-119.038912668119,37.6513941766649]}},{"type":"Feature","properties":{"id":"us-rail-station-MNG","name":"Montgomery, WV","station_code":"MNG","station_type":"Platform with Shelter","aliases":""},"geometry":{"type":"Point","coordinates":[-81.3240335640039,38.1807504724498]}},{"type":"Feature","properties":{"id":"us-rail-station-MNM","name":"Menomonie, WI","station_code":"MNM","station_type":"Curbside Bus Stop only (no shelter)","aliases":""},"geometry":{"type":"Point","coordinates":[-91.9260663517007,44.8736730696109]}},{"type":"Feature","properties":{"id":"us-rail-station-MNR","name":"Monroeville, PA","station_code":"MNR","station_type":"Station Building (with waiting room)","aliases":""},"geometry":{"type":"Point","coordinates":[-79.7617522441678,40.4380749785367]}},{"type":"Feature","properties":{"id":"us-rail-station-MNY","name":"Massena, NY","station_code":"MNY","station_type":"Curbside Bus Stop only (no shelter)","aliases":""},"geometry":{"type":"Point","coordinates":[-74.9453930479541,44.923291999973]}},{"type":"Feature","properties":{"id":"us-rail-station-MOC","name":"Moscow, ID","station_code":"MOC","station_type":"Curbside Bus Stop only (no shelter)","aliases":""},"geometry":{"type":"Point","coordinates":[-117.005401765519,46.7259371261827]}},{"type":"Feature","properties":{"id":"us-rail-station-MOD","name":"Modesto, CA","station_code":"MOD","station_type":"Station Building (with waiting room)","aliases":""},"geometry":{"type":"Point","coordinates":[-120.912925972648,37.6689560442706]}},{"type":"Feature","properties":{"id":"us-rail-station-MOE","name":"Mobile, AL","station_code":"MOE","station_type":"Platform only (no shelter)","aliases":""},"geometry":{"type":"Point","coordinates":[-88.0382950861664,30.6908576415801]}},{"type":"Feature","properties":{"id":"us-rail-station-MOH","name":"Monarch Mountain, CO","station_code":"MOH","station_type":"Curbside Bus Stop only (no shelter)","aliases":"Salida"},"geometry":{"type":"Point","coordinates":[-106.331770276255,38.5120981581662]}},{"type":"Feature","properties":{"id":"us-rail-station-MOJ","name":"Mojave, CA","station_code":"MOJ","station_type":"Curbside Bus Stop only (no shelter)","aliases":""},"geometry":{"type":"Point","coordinates":[-118.173193260734,35.0524949692915]}},{"type":"Feature","properties":{"id":"us-rail-station-MOR","name":"Morley, MI","station_code":"MOR","station_type":"Curbside Bus Stop only (no shelter)","aliases":""},"geometry":{"type":"Point","coordinates":[-85.4438262645622,43.5393072568803]}},{"type":"Feature","properties":{"id":"us-rail-station-MOT","name":"Minot, ND","station_code":"MOT","station_type":"Station Building (with waiting room)","aliases":""},"geometry":{"type":"Point","coordinates":[-101.298567510887,48.2360907803127]}},{"type":"Feature","properties":{"id":"us-rail-station-MOV","name":"Moreno Valley, CA","station_code":"MOV","station_type":"Curbside Bus Stop only (no shelter)","aliases":""},"geometry":{"type":"Point","coordinates":[-117.28860001387,33.9127628937137]}},{"type":"Feature","properties":{"id":"us-rail-station-MPK","name":"Moorpark, CA","station_code":"MPK","station_type":"Platform only (no shelter)","aliases":""},"geometry":{"type":"Point","coordinates":[-118.878071311656,34.2847648451341]}},{"type":"Feature","properties":{"id":"us-rail-station-MPL","name":"Mapleton, OR","station_code":"MPL","station_type":"Platform only (no shelter)","aliases":""},"geometry":{"type":"Point","coordinates":[-123.858504365645,44.0268752600727]}},{"type":"Feature","properties":{"id":"us-rail-station-MPR","name":"Montpelier-Berlin, VT","station_code":"MPR","station_type":"Station Building (with waiting room)","aliases":"Berlin"},"geometry":{"type":"Point","coordinates":[-72.6063952224652,44.2557579713145]}},{"type":"Feature","properties":{"id":"us-rail-station-MPT","name":"Mt. Pleasant, MI","station_code":"MPT","station_type":"Station Building (with waiting room)","aliases":""},"geometry":{"type":"Point","coordinates":[-84.7726340639192,43.5818283005527]}},{"type":"Feature","properties":{"id":"us-rail-station-MQT","name":"Marquette, MI","station_code":"MQT","station_type":"Station Building (with waiting room)","aliases":""},"geometry":{"type":"Point","coordinates":[-87.4525052389859,46.5578336152807]}},{"type":"Feature","properties":{"id":"us-rail-station-MRB","name":"Martinsburg, WV","station_code":"MRB","station_type":"Station Building (with waiting room)","aliases":""},"geometry":{"type":"Point","coordinates":[-77.9610166176254,39.4586688621169]}},{"type":"Feature","properties":{"id":"us-rail-station-MRC","name":"Maricopa, AZ","station_code":"MRC","station_type":"Station Building (with waiting room)","aliases":"Phoenix"},"geometry":{"type":"Point","coordinates":[-112.047602985026,33.0561960647424]}},{"type":"Feature","properties":{"id":"us-rail-station-MRM","name":"Mariposa, CA","station_code":"MRM","station_type":"Curbside Bus Stop only (no shelter)","aliases":""},"geometry":{"type":"Point","coordinates":[-119.96621780098,37.4857520951428]}},{"type":"Feature","properties":{"id":"us-rail-station-MRP","name":"Mariposa, CA","station_code":"MRP","station_type":"Curbside Bus Stop only (no shelter)","aliases":""},"geometry":{"type":"Point","coordinates":[-119.974234803156,37.4912730952634]}},{"type":"Feature","properties":{"id":"us-rail-station-MRV","name":"Marysville, CA","station_code":"MRV","station_type":"Station Building (with waiting room)","aliases":""},"geometry":{"type":"Point","coordinates":[-121.597272257896,39.1437261187481]}},{"type":"Feature","properties":{"id":"us-rail-station-MRY","name":"Monterey, CA","station_code":"MRY","station_type":"Curbside Bus Stop only (no shelter)","aliases":""},"geometry":{"type":"Point","coordinates":[-121.894344006646,36.5976158811599]}},{"type":"Feature","properties":{"id":"us-rail-station-MSL","name":"St. Paul-Minneapolis, MN","station_code":"MSL","station_type":"Curbside Bus Stop only (no shelter)","aliases":"St Paul,Saint Paul,Minneapolis"},"geometry":{"type":"Point","coordinates":[-93.210779722925,44.8826329829686]}},{"type":"Feature","properties":{"id":"us-rail-station-MSN","name":"Madison, WI","station_code":"MSN","station_type":"Curbside Bus Stop only (no shelter)","aliases":""},"geometry":{"type":"Point","coordinates":[-89.3976183953343,43.0712089506463]}},{"type":"Feature","properties":{"id":"us-rail-station-MSP","name":"St. Paul-Minneapolis, MN","station_code":"MSP","station_type":"Station Building (with waiting room)","aliases":"Minneapolis,St Paul,Saint Paul,Union Depot"},"geometry":{"type":"Point","coordinates":[-93.0853626957673,44.9476690011535]}},{"type":"Feature","properties":{"id":"us-rail-station-MSS","name":"Manassas, VA","station_code":"MSS","station_type":"Station Building (with waiting room)","aliases":""},"geometry":{"type":"Point","coordinates":[-77.4725794211153,38.7500917393948]}},{"type":"Feature","properties":{"id":"us-rail-station-MTC","name":"Manitowoc, WI","station_code":"MTC","station_type":"Curbside Bus Stop only (no shelter)","aliases":""},"geometry":{"type":"Point","coordinates":[-87.6987650062975,44.0783962152633]}},{"type":"Feature","properties":{"id":"us-rail-station-MTO","name":"Manton, MI","station_code":"MTO","station_type":"Curbside Bus Stop only (no shelter)","aliases":""},"geometry":{"type":"Point","coordinates":[-85.3984063442592,44.4105714029224]}},{"type":"Feature","properties":{"id":"us-rail-station-MTP","name":"Mount Pleasant, IA","station_code":"MTP","station_type":"Station Building (with waiting room)","aliases":""},"geometry":{"type":"Point","coordinates":[-91.5507787870317,40.9711864750488]}},{"type":"Feature","properties":{"id":"us-rail-station-MTR","name":"Montreal, QC","station_code":"MTR","station_type":"Station Building (with waiting room)","aliases":"Central,Centrale,Gare,Quebec"},"geometry":{"type":"Point","coordinates":[-73.565768633527,45.5001781543649]}},{"type":"Feature","properties":{"id":"us-rail-station-MTZ","name":"Martinez, CA","station_code":"MTZ","station_type":"Station Building (with waiting room)","aliases":""},"geometry":{"type":"Point","coordinates":[-122.138797201735,38.0189259849647]}},{"type":"Feature","properties":{"id":"us-rail-station-MVN","name":"Malvern, AR","station_code":"MVN","station_type":"Platform with Shelter","aliases":""},"geometry":{"type":"Point","coordinates":[-92.8140245870071,34.3654902160582]}},{"type":"Feature","properties":{"id":"us-rail-station-MVW","name":"Mount Vernon, WA","station_code":"MVW","station_type":"Station Building (with waiting room)","aliases":""},"geometry":{"type":"Point","coordinates":[-122.334753094495,48.4184756581577]}},{"type":"Feature","properties":{"id":"us-rail-station-MWI","name":"Marinette, WI","station_code":"MWI","station_type":"Curbside Bus Stop only (no shelter)","aliases":""},"geometry":{"type":"Point","coordinates":[-87.6584471116681,45.0746453759587]}},{"type":"Feature","properties":{"id":"us-rail-station-MYA","name":"Monterey, CA","station_code":"MYA","station_type":"Curbside Bus Stop only (no shelter)","aliases":""},"geometry":{"type":"Point","coordinates":[-121.901653009717,36.6176848821339]}},{"type":"Feature","properties":{"id":"us-rail-station-MYH","name":"Monterey, CA","station_code":"MYH","station_type":"Curbside Bus Stop only (no shelter)","aliases":""},"geometry":{"type":"Point","coordinates":[-121.877324003352,36.5918658813602]}},{"type":"Feature","properties":{"id":"us-rail-station-MYM","name":"Monterey, CA","station_code":"MYM","station_type":"Curbside Bus Stop only (no shelter)","aliases":""},"geometry":{"type":"Point","coordinates":[-121.895850007067,36.5992898811993]}},{"type":"Feature","properties":{"id":"us-rail-station-MYS","name":"Mystic, CT","station_code":"MYS","station_type":"Station Building (with waiting room)","aliases":""},"geometry":{"type":"Point","coordinates":[-71.9630938276269,41.3509424499409]}},{"type":"Feature","properties":{"id":"us-rail-station-MYT","name":"Monterey, CA","station_code":"MYT","station_type":"Curbside Bus Stop only (no shelter)","aliases":""},"geometry":{"type":"Point","coordinates":[-121.892535006277,36.5953838808643]}},{"type":"Feature","properties":{"id":"us-rail-station-MYU","name":"Seaside-Marina, CA","station_code":"MYU","station_type":"Curbside Bus Stop only (no shelter)","aliases":""},"geometry":{"type":"Point","coordinates":[-121.801391998635,36.6535208924122]}},{"type":"Feature","properties":{"id":"us-rail-station-NAM","name":"Nampa, ID","station_code":"NAM","station_type":"Curbside Bus Stop only (no shelter)","aliases":""},"geometry":{"type":"Point","coordinates":[-116.529671068921,43.5882629225773]}},{"type":"Feature","properties":{"id":"us-rail-station-NAP","name":"Napa, CA","station_code":"NAP","station_type":"Curbside Bus Stop only (no shelter)","aliases":""},"geometry":{"type":"Point","coordinates":[-122.280035256167,38.2976219976335]}},{"type":"Feature","properties":{"id":"us-rail-station-NBK","name":"New Brunswick, NJ","station_code":"NBK","station_type":"Station Building (with waiting room)","aliases":""},"geometry":{"type":"Point","coordinates":[-74.4462665759944,40.4965301986859]}},{"type":"Feature","properties":{"id":"us-rail-station-NBN","name":"Newbern-Dyersburg, TN","station_code":"NBN","station_type":"Station Building (with waiting room)","aliases":"Dyersburg"},"geometry":{"type":"Point","coordinates":[-89.2622697327359,36.1127177153931]}},{"type":"Feature","properties":{"id":"us-rail-station-NBR","name":"New Bern, NC","station_code":"NBR","station_type":"Curbside Bus Stop only (no shelter)","aliases":"Havelock,Morehead City"},"geometry":{"type":"Point","coordinates":[-77.0369500874341,35.1044229866449]}},{"type":"Feature","properties":{"id":"us-rail-station-NBU","name":"New Buffalo, MI","station_code":"NBU","station_type":"Platform with Shelter","aliases":""},"geometry":{"type":"Point","coordinates":[-86.7457874805828,41.7966638878519]}},{"type":"Feature","properties":{"id":"us-rail-station-NCG","name":"Nacogdoches, TX","station_code":"NCG","station_type":"Curbside Bus Stop only (no shelter)","aliases":""},"geometry":{"type":"Point","coordinates":[-94.6771929200815,31.7038446151731]}},{"type":"Feature","properties":{"id":"us-rail-station-NCR","name":"New Carrollton, MD","station_code":"NCR","station_type":"Station Building (with waiting room)","aliases":""},"geometry":{"type":"Point","coordinates":[-76.8714962467028,38.9481058018575]}},{"type":"Feature","properties":{"id":"us-rail-station-NCW","name":"North Conway, NH","station_code":"NCW","station_type":"Station Building (with waiting room)","aliases":""},"geometry":{"type":"Point","coordinates":[-71.1294617166758,44.0544939856775]}},{"type":"Feature","properties":{"id":"us-rail-station-NDL","name":"Needles, CA","station_code":"NDL","station_type":"Platform only (no shelter)","aliases":""},"geometry":{"type":"Point","coordinates":[-114.60619961146,34.8406211570249]}},{"type":"Feature","properties":{"id":"us-rail-station-NEW","name":"Newton, KS","station_code":"NEW","station_type":"Station Building (with waiting room)","aliases":""},"geometry":{"type":"Point","coordinates":[-97.3448940628354,38.0469826466036]}},{"type":"Feature","properties":{"id":"us-rail-station-NFF","name":"New Buffalo, PA","station_code":"NFF","station_type":"Curbside Bus Stop only (no shelter)","aliases":""},"geometry":{"type":"Point","coordinates":[-76.9824323766833,40.4476540946819]}},{"type":"Feature","properties":{"id":"us-rail-station-NFK","name":"Norfolk, VA","station_code":"NFK","station_type":"Station Building (with waiting room)","aliases":""},"geometry":{"type":"Point","coordinates":[-76.2761969426208,36.8435163872509]}},{"type":"Feature","properties":{"id":"us-rail-station-NFL","name":"Niagara Falls, NY","station_code":"NFL","station_type":"Station Building (with waiting room)","aliases":""},"geometry":{"type":"Point","coordinates":[-79.0552792326621,43.1099165035854]}},{"type":"Feature","properties":{"id":"us-rail-station-NFS","name":"Niagara Falls, ON","station_code":"NFS","station_type":"Station Building (with waiting room)","aliases":""},"geometry":{"type":"Point","coordinates":[-79.063294235189,43.1087445033929]}},{"type":"Feature","properties":{"id":"us-rail-station-NHL","name":"Santa Clarita-Newhall, CA","station_code":"NHL","station_type":"Platform with Shelter","aliases":"Newhall"},"geometry":{"type":"Point","coordinates":[-118.527350261624,34.3794558757825]}},{"type":"Feature","properties":{"id":"us-rail-station-NHT","name":"Northampton, MA","station_code":"NHT","station_type":"Platform with Shelter","aliases":""},"geometry":{"type":"Point","coordinates":[-72.6263801009815,42.3188666136097]}},{"type":"Feature","properties":{"id":"us-rail-station-NHV","name":"New Haven, CT","station_code":"NHV","station_type":"Station Building (with waiting room)","aliases":"Union Station"},"geometry":{"type":"Point","coordinates":[-72.9266711368261,41.2977224076719]}},{"type":"Feature","properties":{"id":"us-rail-station-NIB","name":"New Iberia, LA","station_code":"NIB","station_type":"Platform only (no shelter)","aliases":""},"geometry":{"type":"Point","coordinates":[-91.8238150862764,30.008420367813]}},{"type":"Feature","properties":{"id":"us-rail-station-NLC","name":"New London, CT","station_code":"NLC","station_type":"Station Building (with waiting room)","aliases":"Union Station"},"geometry":{"type":"Point","coordinates":[-72.0932258700642,41.3542754465237]}},{"type":"Feature","properties":{"id":"us-rail-station-NLS","name":"Niles, MI","station_code":"NLS","station_type":"Station Building (with waiting room)","aliases":""},"geometry":{"type":"Point","coordinates":[-86.2523773373222,41.837419921987]}},{"type":"Feature","properties":{"id":"us-rail-station-NOL","name":"New Orleans, LA","station_code":"NOL","station_type":"Station Building (with waiting room)","aliases":"Union Passenger Depot"},"geometry":{"type":"Point","coordinates":[-90.0782966140365,29.9460904120648]}},{"type":"Feature","properties":{"id":"us-rail-station-NOR","name":"Norman, OK","station_code":"NOR","station_type":"Platform only (no shelter)","aliases":""},"geometry":{"type":"Point","coordinates":[-97.4430208519732,35.2199691549462]}},{"type":"Feature","properties":{"id":"us-rail-station-NPL","name":"North Plains, OR","station_code":"NPL","station_type":"Curbside Bus Stop only (no shelter)","aliases":""},"geometry":{"type":"Point","coordinates":[-123.001038547936,45.5977014356592]}},{"type":"Feature","properties":{"id":"us-rail-station-NPN","name":"Newport News, VA","station_code":"NPN","station_type":"Station Building (with waiting room)","aliases":""},"geometry":{"type":"Point","coordinates":[-76.5170250312957,37.1223324381879]}},{"type":"Feature","properties":{"id":"us-rail-station-NPO","name":"Newport, OR","station_code":"NPO","station_type":"Station Building (with waiting room)","aliases":""},"geometry":{"type":"Point","coordinates":[-124.054500511014,44.6351962749494]}},{"type":"Feature","properties":{"id":"us-rail-station-NPV","name":"Naperville, IL","station_code":"NPV","station_type":"Station Building (with waiting room)","aliases":""},"geometry":{"type":"Point","coordinates":[-88.1455028915107,41.7795218080313]}},{"type":"Feature","properties":{"id":"us-rail-station-NRG","name":"Northridge, CA","station_code":"NRG","station_type":"Station Building (with waiting room)","aliases":""},"geometry":{"type":"Point","coordinates":[-118.545429251976,34.2306638581047]}},{"type":"Feature","properties":{"id":"us-rail-station-NRK","name":"Newark, DE","station_code":"NRK","station_type":"Platform with Shelter","aliases":""},"geometry":{"type":"Point","coordinates":[-75.7535149398074,39.6696939876158]}},{"type":"Feature","properties":{"id":"us-rail-station-NRO","name":"New Rochelle, NY","station_code":"NRO","station_type":"Station Building (with waiting room)","aliases":""},"geometry":{"type":"Point","coordinates":[-73.7843303896635,40.9114593030402]}},{"type":"Feature","properties":{"id":"us-rail-station-NSF","name":"North Carolina State Fair, NC","station_code":"NSF","station_type":"Platform only (no shelter)","aliases":"raleigh,fair,state fair,nc state fair"},"geometry":{"type":"Point","coordinates":[-78.706294629668,35.7942100791741]}},{"type":"Feature","properties":{"id":"us-rail-station-NSH","name":"Nashua, NH","station_code":"NSH","station_type":"Curbside Bus Stop only (no shelter)","aliases":""},"geometry":{"type":"Point","coordinates":[-71.503866762935,42.7907267404794]}},{"type":"Feature","properties":{"id":"us-rail-station-NVL","name":"Nashville, TN","station_code":"NVL","station_type":"Station Building (with waiting room)","aliases":""},"geometry":{"type":"Point","coordinates":[-86.7730550316501,36.1520748350275]}},{"type":"Feature","properties":{"id":"us-rail-station-NWK","name":"Newark, NJ","station_code":"NWK","station_type":"Station Building (with waiting room)","aliases":"Penn Station"},"geometry":{"type":"Point","coordinates":[-74.1647515009911,40.7347142553436]}},{"type":"Feature","properties":{"id":"us-rail-station-NWP","name":"Newport, RI","station_code":"NWP","station_type":"Station Building (with waiting room)","aliases":""},"geometry":{"type":"Point","coordinates":[-71.3171166255434,41.4886644978528]}},{"type":"Feature","properties":{"id":"us-rail-station-NYF","name":"New York State Fair, NY","station_code":"NYF","station_type":"Platform with Shelter","aliases":""},"geometry":{"type":"Point","coordinates":[-76.2294753239453,43.0719326180432]}},{"type":"Feature","properties":{"id":"us-rail-station-NYP","name":"New York, NY","station_code":"NYP","station_type":"Station Building (with waiting room)","aliases":"nyc,Penn Station,Moynihan Train Hall,new york city,newyork"},"geometry":{"type":"Point","coordinates":[-73.9963284479714,40.7510462639657]}},{"type":"Feature","properties":{"id":"us-rail-station-OAC","name":"Oakland, CA","station_code":"OAC","station_type":"Platform with Shelter","aliases":""},"geometry":{"type":"Point","coordinates":[-122.19816017899,37.7525039587713]}},{"type":"Feature","properties":{"id":"us-rail-station-OAH","name":"Oakhurst, CA","station_code":"OAH","station_type":"Curbside Bus Stop only (no shelter)","aliases":""},"geometry":{"type":"Point","coordinates":[-119.646294732286,37.3353291041664]}},{"type":"Feature","properties":{"id":"us-rail-station-OBR","name":"O'Brien, CA","station_code":"OBR","station_type":"Curbside Bus Stop only (no shelter)","aliases":"OBrien,O'Brian,OBrian"},"geometry":{"type":"Point","coordinates":[-123.703698998883,42.0668821541012]}},{"type":"Feature","properties":{"id":"us-rail-station-OCA","name":"Ocala, FL","station_code":"OCA","station_type":"Curbside Bus Stop only (no shelter)","aliases":""},"geometry":{"type":"Point","coordinates":[-82.1352853506987,29.1922404783744]}},{"type":"Feature","properties":{"id":"us-rail-station-OCM","name":"Ocean City, MD","station_code":"OCM","station_type":"Station Building (with waiting room)","aliases":""},"geometry":{"type":"Point","coordinates":[-75.1029126581773,38.3348747397839]}},{"type":"Feature","properties":{"id":"us-rail-station-OCO","name":"Oconto, WI","station_code":"OCO","station_type":"Curbside Bus Stop only (no shelter)","aliases":""},"geometry":{"type":"Point","coordinates":[-87.8871551574791,44.8793893311795]}},{"type":"Feature","properties":{"id":"us-rail-station-OCP","name":"Ocean Pines-Berlin, MD","station_code":"OCP","station_type":"Curbside Bus Stop only (no shelter)","aliases":""},"geometry":{"type":"Point","coordinates":[-75.1641456799188,38.3762177459287]}},{"type":"Feature","properties":{"id":"us-rail-station-OGD","name":"Ogden, UT","station_code":"OGD","station_type":"Station Building (with waiting room)","aliases":""},"geometry":{"type":"Point","coordinates":[-111.979038817641,41.2231340815887]}},{"type":"Feature","properties":{"id":"us-rail-station-OKC","name":"Oklahoma City, OK","station_code":"OKC","station_type":"Station Building (with waiting room)","aliases":""},"geometry":{"type":"Point","coordinates":[-97.5127568887147,35.4654961951777]}},{"type":"Feature","properties":{"id":"us-rail-station-OKE","name":"Okeechobee, FL","station_code":"OKE","station_type":"Platform with Shelter","aliases":""},"geometry":{"type":"Point","coordinates":[-80.8308149083242,27.2518720418027]}},{"type":"Feature","properties":{"id":"us-rail-station-OKJ","name":"Oakland, CA","station_code":"OKJ","station_type":"Station Building (with waiting room)","aliases":""},"geometry":{"type":"Point","coordinates":[-122.271680195491,37.7938709562206]}},{"type":"Feature","properties":{"id":"us-rail-station-OKL","name":"Oakville, ON","station_code":"OKL","station_type":"Station Building (with waiting room)","aliases":""},"geometry":{"type":"Point","coordinates":[-79.6823954618375,43.455402536449]}},{"type":"Feature","properties":{"id":"us-rail-station-OKR","name":"Oakridge, OR","station_code":"OKR","station_type":"Platform only (no shelter)","aliases":""},"geometry":{"type":"Point","coordinates":[-122.467251103558,43.7450133772953]}},{"type":"Feature","properties":{"id":"us-rail-station-OLD","name":"Orland, CA","station_code":"OLD","station_type":"Curbside Bus Stop only (no shelter)","aliases":""},"geometry":{"type":"Point","coordinates":[-122.202432429937,39.748755118339]}},{"type":"Feature","properties":{"id":"us-rail-station-OLT","name":"San Diego, CA","station_code":"OLT","station_type":"Platform only (no shelter)","aliases":""},"geometry":{"type":"Point","coordinates":[-117.200084910812,32.7552707635169]}},{"type":"Feature","properties":{"id":"us-rail-station-OLW","name":"Olympia-Lacey, WA","station_code":"OLW","station_type":"Station Building (with waiting room)","aliases":"Lacey"},"geometry":{"type":"Point","coordinates":[-122.79407382203,46.9912785341987]}},{"type":"Feature","properties":{"id":"us-rail-station-OMA","name":"Omaha, NE","station_code":"OMA","station_type":"Station Building (with waiting room)","aliases":""},"geometry":{"type":"Point","coordinates":[-95.9272090188653,41.2497042509765]}},{"type":"Feature","properties":{"id":"us-rail-station-ONA","name":"Ontario, CA","station_code":"ONA","station_type":"Platform only (no shelter)","aliases":""},"geometry":{"type":"Point","coordinates":[-117.649581087478,34.0616768905604]}},{"type":"Feature","properties":{"id":"us-rail-station-ONT","name":"Ontario, OR","station_code":"ONT","station_type":"Station Building (with waiting room)","aliases":""},"geometry":{"type":"Point","coordinates":[-116.951338223213,44.0240769208982]}},{"type":"Feature","properties":{"id":"us-rail-station-ORB","name":"Old Orchard Beach, ME","station_code":"ORB","station_type":"Platform only (no shelter)","aliases":""},"geometry":{"type":"Point","coordinates":[-70.3762254325132,43.514334911432]}},{"type":"Feature","properties":{"id":"us-rail-station-ORC","name":"Oregon City, OR","station_code":"ORC","station_type":"Platform with Shelter","aliases":""},"geometry":{"type":"Point","coordinates":[-122.595939437451,45.3661514642117]}},{"type":"Feature","properties":{"id":"us-rail-station-ORL","name":"Orlando, FL","station_code":"ORL","station_type":"Station Building (with waiting room)","aliases":"Disney"},"geometry":{"type":"Point","coordinates":[-81.3815191090275,28.5259313394678]}},{"type":"Feature","properties":{"id":"us-rail-station-ORO","name":"Orono, ME","station_code":"ORO","station_type":"Curbside Bus Stop only (no shelter)","aliases":""},"geometry":{"type":"Point","coordinates":[-68.6700149419108,44.9032922152145]}},{"type":"Feature","properties":{"id":"us-rail-station-ORV","name":"Oroville, CA","station_code":"ORV","station_type":"Curbside Bus Stop only (no shelter)","aliases":""},"geometry":{"type":"Point","coordinates":[-121.572206299723,39.4967981492212]}},{"type":"Feature","properties":{"id":"us-rail-station-OSB","name":"Old Saybrook, CT","station_code":"OSB","station_type":"Station Building (with waiting room)","aliases":""},"geometry":{"type":"Point","coordinates":[-72.3768189585254,41.3003984266189]}},{"type":"Feature","properties":{"id":"us-rail-station-OSC","name":"Osceola, IA","station_code":"OSC","station_type":"Station Building (with waiting room)","aliases":""},"geometry":{"type":"Point","coordinates":[-93.7649014096164,41.0371233533741]}},{"type":"Feature","properties":{"id":"us-rail-station-OSD","name":"Oceanside, CA","station_code":"OSD","station_type":"Station Building (with waiting room)","aliases":""},"geometry":{"type":"Point","coordinates":[-117.379441973602,33.1925198054172]}},{"type":"Feature","properties":{"id":"us-rail-station-OSH","name":"Oshkosh, WI","station_code":"OSH","station_type":"Curbside Bus Stop only (no shelter)","aliases":"Wittman,EAA Air Show"},"geometry":{"type":"Point","coordinates":[-88.5512422510617,43.9943111500973]}},{"type":"Feature","properties":{"id":"us-rail-station-OSU","name":"Oshkosh, WI","station_code":"OSU","station_type":"Curbside Bus Stop only (no shelter)","aliases":""},"geometry":{"type":"Point","coordinates":[-88.5489052533073,44.0227551549547]}},{"type":"Feature","properties":{"id":"us-rail-station-OTE","name":"Otis, OR - Eastbound","station_code":"OTE","station_type":"Curbside Bus Stop only (no shelter)","aliases":"Rosewood Lodge"},"geometry":{"type":"Point","coordinates":[-123.880864560452,45.0102193131741]}},{"type":"Feature","properties":{"id":"us-rail-station-OTM","name":"Ottumwa, IA","station_code":"OTM","station_type":"Station Building (with waiting room)","aliases":""},"geometry":{"type":"Point","coordinates":[-92.4149360340195,41.0188224319054]}},{"type":"Feature","properties":{"id":"us-rail-station-OTW","name":"Otis, OR - Westbound","station_code":"OTW","station_type":"Curbside Bus Stop only (no shelter)","aliases":""},"geometry":{"type":"Point","coordinates":[-123.881303560843,45.0101663128567]}},{"type":"Feature","properties":{"id":"us-rail-station-OWO","name":"Owosso, MI","station_code":"OWO","station_type":"Station Building (with waiting room)","aliases":""},"geometry":{"type":"Point","coordinates":[-84.1700898201213,42.996644233407]}},{"type":"Feature","properties":{"id":"us-rail-station-OXN","name":"Oxnard, CA","station_code":"OXN","station_type":"Station Building (with waiting room)","aliases":""},"geometry":{"type":"Point","coordinates":[-119.175990354078,34.1992458185351]}},{"type":"Feature","properties":{"id":"us-rail-station-PAD","name":"Paducah, KY","station_code":"PAD","station_type":"Station Building (with waiting room)","aliases":""},"geometry":{"type":"Point","coordinates":[-88.5758226078393,37.0569229291881]}},{"type":"Feature","properties":{"id":"us-rail-station-PAG","name":"Pascagoula, MS","station_code":"PAG","station_type":"Platform only (no shelter)","aliases":""},"geometry":{"type":"Point","coordinates":[-88.5595512164855,30.3678515540793]}},{"type":"Feature","properties":{"id":"us-rail-station-PAK","name":"Palatka, FL","station_code":"PAK","station_type":"Platform with Shelter","aliases":""},"geometry":{"type":"Point","coordinates":[-81.6404742236671,29.6497396006792]}},{"type":"Feature","properties":{"id":"us-rail-station-PAO","name":"Paoli, PA","station_code":"PAO","station_type":"Station Building (with waiting room)","aliases":""},"geometry":{"type":"Point","coordinates":[-75.4837618778233,40.0427620716806]}},{"type":"Feature","properties":{"id":"us-rail-station-PAR","name":"Parkesburg, PA","station_code":"PAR","station_type":"Platform with Shelter","aliases":""},"geometry":{"type":"Point","coordinates":[-75.9221250112894,39.9591880389174]}},{"type":"Feature","properties":{"id":"us-rail-station-PAS","name":"Pasadena, CA","station_code":"PAS","station_type":"Curbside Bus Stop only (no shelter)","aliases":""},"geometry":{"type":"Point","coordinates":[-118.141307177042,34.1430838720802]}},{"type":"Feature","properties":{"id":"us-rail-station-PBF","name":"Poplar Bluff, MO","station_code":"PBF","station_type":"Station Building (with waiting room)","aliases":""},"geometry":{"type":"Point","coordinates":[-90.3933470939666,36.7540017852292]}},{"type":"Feature","properties":{"id":"us-rail-station-PCH","name":"Port Charlotte, FL","station_code":"PCH","station_type":"Curbside Bus Stop only (no shelter)","aliases":""},"geometry":{"type":"Point","coordinates":[-82.0506122549737,27.0168469548471]}},{"type":"Feature","properties":{"id":"us-rail-station-PCT","name":"Princeton, IL","station_code":"PCT","station_type":"Station Building (with waiting room)","aliases":""},"geometry":{"type":"Point","coordinates":[-89.4668212361405,41.3851986661511]}},{"type":"Feature","properties":{"id":"us-rail-station-PCV","name":"Placerville, CA","station_code":"PCV","station_type":"Curbside Bus Stop only (no shelter)","aliases":""},"geometry":{"type":"Point","coordinates":[-120.789432079512,38.7330251464217]}},{"type":"Feature","properties":{"id":"us-rail-station-PDA","name":"Portland, OR","station_code":"PDA","station_type":"Curbside Bus Stop only (no shelter)","aliases":""},"geometry":{"type":"Point","coordinates":[-122.592543483181,45.5882374775469]}},{"type":"Feature","properties":{"id":"us-rail-station-PDC","name":"Palm Desert, CA","station_code":"PDC","station_type":"Curbside Bus Stop only (no shelter)","aliases":""},"geometry":{"type":"Point","coordinates":[-116.398530843648,33.7257199211635]}},{"type":"Feature","properties":{"id":"us-rail-station-PDL","name":"Prunedale, CA","station_code":"PDL","station_type":"Curbside Bus Stop only (no shelter)","aliases":""},"geometry":{"type":"Point","coordinates":[-121.67137999268,36.7895179132606]}},{"type":"Feature","properties":{"id":"us-rail-station-PDX","name":"Portland, OR","station_code":"PDX","station_type":"Station Building (with waiting room)","aliases":"Union Station"},"geometry":{"type":"Point","coordinates":[-122.67682048385,45.5287294652854]}},{"type":"Feature","properties":{"id":"us-rail-station-PEN","name":"Pendleton, OR","station_code":"PEN","station_type":"Station Building (with waiting room)","aliases":""},"geometry":{"type":"Point","coordinates":[-118.763193863791,45.6732988719621]}},{"type":"Feature","properties":{"id":"us-rail-station-PGB","name":"Pittsburgh, PA","station_code":"PGB","station_type":"Station Building (with waiting room)","aliases":""},"geometry":{"type":"Point","coordinates":[-79.9934173166203,40.4443859703754]}},{"type":"Feature","properties":{"id":"us-rail-station-PGH","name":"Pittsburgh, PA","station_code":"PGH","station_type":"Station Building (with waiting room)","aliases":"Union Station"},"geometry":{"type":"Point","coordinates":[-79.9923103164074,40.4447459700692]}},{"type":"Feature","properties":{"id":"us-rail-station-PHA","name":"Phoenix, AZ","station_code":"PHA","station_type":"Station Building (with waiting room)","aliases":""},"geometry":{"type":"Point","coordinates":[-112.013058005772,33.4363951188389]}},{"type":"Feature","properties":{"id":"us-rail-station-PHG","name":"Phoenix, AZ","station_code":"PHG","station_type":"Station Building (with waiting room)","aliases":""},"geometry":{"type":"Point","coordinates":[-112.035634010047,33.4364001174538]}},{"type":"Feature","properties":{"id":"us-rail-station-PHL","name":"Philadelphia, PA","station_code":"PHL","station_type":"Station Building (with waiting room)","aliases":"30th,Gray,Grey"},"geometry":{"type":"Point","coordinates":[-75.1810427766141,39.9556230655432]}},{"type":"Feature","properties":{"id":"us-rail-station-PHN","name":"North Philadelphia, PA","station_code":"PHN","station_type":"Station Building (with waiting room)","aliases":"Philadelphia"},"geometry":{"type":"Point","coordinates":[-75.1551157706654,39.9967880743627]}},{"type":"Feature","properties":{"id":"us-rail-station-PIA","name":"Peoria, IL","station_code":"PIA","station_type":"Station Building (with waiting room)","aliases":""},"geometry":{"type":"Point","coordinates":[-89.5936492039959,40.6893715395242]}},{"type":"Feature","properties":{"id":"us-rail-station-PIC","name":"Picayune, MS","station_code":"PIC","station_type":"Station Building (with waiting room)","aliases":""},"geometry":{"type":"Point","coordinates":[-89.6802655308519,30.5246115504698]}},{"type":"Feature","properties":{"id":"us-rail-station-PIH","name":"Pinehurst, NC","station_code":"PIH","station_type":"Platform only (no shelter)","aliases":""},"geometry":{"type":"Point","coordinates":[-79.4696618288389,35.1882879221706]}},{"type":"Feature","properties":{"id":"us-rail-station-PIT","name":"Pittsfield, MA","station_code":"PIT","station_type":"Station Building (with waiting room)","aliases":""},"geometry":{"type":"Point","coordinates":[-73.2538013144841,42.4515666166591]}},{"type":"Feature","properties":{"id":"us-rail-station-PIU","name":"Peoria, IL","station_code":"PIU","station_type":"Curbside Bus Stop only (no shelter)","aliases":""},"geometry":{"type":"Point","coordinates":[-89.6148262106746,40.6993825398795]}},{"type":"Feature","properties":{"id":"us-rail-station-PJC","name":"Princeton Junction, NJ","station_code":"PJC","station_type":"Station Building (with waiting room)","aliases":""},"geometry":{"type":"Point","coordinates":[-74.6239776215537,40.3158581563913]}},{"type":"Feature","properties":{"id":"us-rail-station-PJT","name":"Pine Junction, CO","station_code":"PJT","station_type":"Curbside Bus Stop only (no shelter)","aliases":""},"geometry":{"type":"Point","coordinates":[-105.39698017114,39.4673243534791]}},{"type":"Feature","properties":{"id":"us-rail-station-PLB","name":"Plattsburgh, NY","station_code":"PLB","station_type":"Station Building (with waiting room)","aliases":""},"geometry":{"type":"Point","coordinates":[-73.4462855330814,44.6967370186231]}},{"type":"Feature","properties":{"id":"us-rail-station-PLK","name":"Pulaski, NY","station_code":"PLK","station_type":"Curbside Bus Stop only (no shelter)","aliases":""},"geometry":{"type":"Point","coordinates":[-76.1127623224087,43.5539957104836]}},{"type":"Feature","properties":{"id":"us-rail-station-PLO","name":"Plano, IL","station_code":"PLO","station_type":"Station Building (with waiting room)","aliases":""},"geometry":{"type":"Point","coordinates":[-88.53827799485,41.6623917659562]}},{"type":"Feature","properties":{"id":"us-rail-station-PLP","name":"Philipsburg, PA","station_code":"PLP","station_type":"Curbside Bus Stop only (no shelter)","aliases":""},"geometry":{"type":"Point","coordinates":[-78.2230357985626,40.9010081319901]}},{"type":"Feature","properties":{"id":"us-rail-station-PLS","name":"Pleasanton, CA","station_code":"PLS","station_type":"Platform with Shelter","aliases":"dublin"},"geometry":{"type":"Point","coordinates":[-121.88265212061,37.6581569732491]}},{"type":"Feature","properties":{"id":"us-rail-station-PMD","name":"Palmdale, CA","station_code":"PMD","station_type":"Curbside Bus Stop only (no shelter)","aliases":""},"geometry":{"type":"Point","coordinates":[-118.120749212002,34.5912429219563]}},{"type":"Feature","properties":{"id":"us-rail-station-PNK","name":"Pennsauken, NJ","station_code":"PNK","station_type":"Platform with Shelter","aliases":""},"geometry":{"type":"Point","coordinates":[-75.0620237404544,39.9780600741923]}},{"type":"Feature","properties":{"id":"us-rail-station-PNT","name":"Pontiac, MI","station_code":"PNT","station_type":"Station Building (with waiting room)","aliases":""},"geometry":{"type":"Point","coordinates":[-83.2923295159401,42.632779215556]}},{"type":"Feature","properties":{"id":"us-rail-station-POG","name":"Portage, WI","station_code":"POG","station_type":"Platform with Shelter","aliases":""},"geometry":{"type":"Point","coordinates":[-89.4676334694642,43.5470870228406]}},{"type":"Feature","properties":{"id":"us-rail-station-POH","name":"Port Henry, NY","station_code":"POH","station_type":"Station Building (with waiting room)","aliases":""},"geometry":{"type":"Point","coordinates":[-73.4587544896865,44.0423059018801]}},{"type":"Feature","properties":{"id":"us-rail-station-PON","name":"Pontiac, IL","station_code":"PON","station_type":"Station Building (with waiting room)","aliases":""},"geometry":{"type":"Point","coordinates":[-88.6372039468241,40.8786946255309]}},{"type":"Feature","properties":{"id":"us-rail-station-POR","name":"Portland, ME","station_code":"POR","station_type":"Station Building (with waiting room)","aliases":""},"geometry":{"type":"Point","coordinates":[-70.2912584134171,43.6541059395577]}},{"type":"Feature","properties":{"id":"us-rail-station-POS","name":"Pomona, CA","station_code":"POS","station_type":"Platform only (no shelter)","aliases":""},"geometry":{"type":"Point","coordinates":[-117.750633104693,34.0592288843998]}},{"type":"Feature","properties":{"id":"us-rail-station-POU","name":"Poughkeepsie, NY","station_code":"POU","station_type":"Station Building (with waiting room)","aliases":""},"geometry":{"type":"Point","coordinates":[-73.9374914882142,41.7070644514426]}},{"type":"Feature","properties":{"id":"us-rail-station-PRB","name":"Paso Robles, CA","station_code":"PRB","station_type":"Platform only (no shelter)","aliases":""},"geometry":{"type":"Point","coordinates":[-120.687872722571,35.6226878706219]}},{"type":"Feature","properties":{"id":"us-rail-station-PRC","name":"Prince, WV","station_code":"PRC","station_type":"Station Building (with waiting room)","aliases":""},"geometry":{"type":"Point","coordinates":[-81.0606974636399,37.8566014184521]}},{"type":"Feature","properties":{"id":"us-rail-station-PRE","name":"Port Trevorton, PA","station_code":"PRE","station_type":"Curbside Bus Stop only (no shelter)","aliases":""},"geometry":{"type":"Point","coordinates":[-76.877815360229,40.6935601458608]}},{"type":"Feature","properties":{"id":"us-rail-station-PRI","name":"Perris, CA","station_code":"PRI","station_type":"Curbside Bus Stop only (no shelter)","aliases":""},"geometry":{"type":"Point","coordinates":[-117.229450992858,33.7846838821901]}},{"type":"Feature","properties":{"id":"us-rail-station-PRK","name":"Port Kent, NY","station_code":"PRK","station_type":"Platform only (no shelter)","aliases":""},"geometry":{"type":"Point","coordinates":[-73.403537506064,44.5240879900873]}},{"type":"Feature","properties":{"id":"us-rail-station-PRO","name":"Provo, UT","station_code":"PRO","station_type":"Platform with Shelter","aliases":""},"geometry":{"type":"Point","coordinates":[-111.664012619173,40.2259629943195]}},{"type":"Feature","properties":{"id":"us-rail-station-PSC","name":"Pasco, WA","station_code":"PSC","station_type":"Station Building (with waiting room)","aliases":"Walla Walla"},"geometry":{"type":"Point","coordinates":[-119.087743038805,46.2370178785924]}},{"type":"Feature","properties":{"id":"us-rail-station-PSK","name":"Petoskey, MI","station_code":"PSK","station_type":"Curbside Bus Stop only (no shelter)","aliases":"Bay View"},"geometry":{"type":"Point","coordinates":[-84.9713653188176,45.3502605793472]}},{"type":"Feature","properties":{"id":"us-rail-station-PSN","name":"Palm Springs, CA","station_code":"PSN","station_type":"Platform with Shelter","aliases":""},"geometry":{"type":"Point","coordinates":[-116.547924883105,33.8974959334567]}},{"type":"Feature","properties":{"id":"us-rail-station-PSP","name":"Palm Springs, CA","station_code":"PSP","station_type":"Curbside Bus Stop only (no shelter)","aliases":""},"geometry":{"type":"Point","coordinates":[-116.508950870836,33.824013926697]}},{"type":"Feature","properties":{"id":"us-rail-station-PSS","name":"Palm Springs, CA","station_code":"PSS","station_type":"Curbside Bus Stop only (no shelter)","aliases":""},"geometry":{"type":"Point","coordinates":[-116.545451877722,33.8246479250709]}},{"type":"Feature","properties":{"id":"us-rail-station-PST","name":"Pellston, MI","station_code":"PST","station_type":"Curbside Bus Stop only (no shelter)","aliases":""},"geometry":{"type":"Point","coordinates":[-84.7837672840872,45.5506446220689]}},{"type":"Feature","properties":{"id":"us-rail-station-PTA","name":"Port Angeles, WA","station_code":"PTA","station_type":"Curbside Bus Stop only (no shelter)","aliases":""},"geometry":{"type":"Point","coordinates":[-123.431538193222,48.1197855199181]}},{"type":"Feature","properties":{"id":"us-rail-station-PTB","name":"Petersburg, VA","station_code":"PTB","station_type":"Station Building (with waiting room)","aliases":""},"geometry":{"type":"Point","coordinates":[-77.4287963192949,37.2416344307028]}},{"type":"Feature","properties":{"id":"us-rail-station-PTC","name":"Petaluma, CA","station_code":"PTC","station_type":"Curbside Bus Stop only (no shelter)","aliases":""},"geometry":{"type":"Point","coordinates":[-122.635806302349,38.2365049658828]}},{"type":"Feature","properties":{"id":"us-rail-station-PTD","name":"Potsdam, NY","station_code":"PTD","station_type":"Curbside Bus Stop only (no shelter)","aliases":""},"geometry":{"type":"Point","coordinates":[-74.9854790406963,44.6686279540592]}},{"type":"Feature","properties":{"id":"us-rail-station-PTH","name":"Port Huron, MI","station_code":"PTH","station_type":"Station Building (with waiting room)","aliases":""},"geometry":{"type":"Point","coordinates":[-82.4438092844254,42.9604273157792]}},{"type":"Feature","properties":{"id":"us-rail-station-PTO","name":"Port Townsend, WA","station_code":"PTO","station_type":"Curbside Bus Stop only (no shelter)","aliases":""},"geometry":{"type":"Point","coordinates":[-122.818452079428,48.0494985855382]}},{"type":"Feature","properties":{"id":"us-rail-station-PTS","name":"Portsmouth, NH","station_code":"PTS","station_type":"Station Building (with waiting room)","aliases":""},"geometry":{"type":"Point","coordinates":[-70.8040885475938,43.0596868130515]}},{"type":"Feature","properties":{"id":"us-rail-station-PTU","name":"Potsdam, NY","station_code":"PTU","station_type":"Curbside Bus Stop only (no shelter)","aliases":""},"geometry":{"type":"Point","coordinates":[-75.0013520462896,44.6641929524508]}},{"type":"Feature","properties":{"id":"us-rail-station-PUL","name":"Pullman, WA","station_code":"PUL","station_type":"Curbside Bus Stop only (no shelter)","aliases":""},"geometry":{"type":"Point","coordinates":[-117.150860795961,46.738727111945]}},{"type":"Feature","properties":{"id":"us-rail-station-PUN","name":"Punxsutawney, PA","station_code":"PUN","station_type":"Station Building (with waiting room)","aliases":""},"geometry":{"type":"Point","coordinates":[-78.9715840357689,40.944662108702]}},{"type":"Feature","properties":{"id":"us-rail-station-PUR","name":"Purcell, OK","station_code":"PUR","station_type":"Station Building (with waiting room)","aliases":""},"geometry":{"type":"Point","coordinates":[-97.357423814724,35.0120391217383]}},{"type":"Feature","properties":{"id":"us-rail-station-PVD","name":"Providence, RI","station_code":"PVD","station_type":"Station Building (with waiting room)","aliases":""},"geometry":{"type":"Point","coordinates":[-71.4134786761022,41.8294985606604]}},{"type":"Feature","properties":{"id":"us-rail-station-PVF","name":"Providence, RI","station_code":"PVF","station_type":"Station Building (with waiting room)","aliases":""},"geometry":{"type":"Point","coordinates":[-71.397973670755,41.81628555863]}},{"type":"Feature","properties":{"id":"us-rail-station-PVL","name":"Pauls Valley, OK","station_code":"PVL","station_type":"Station Building (with waiting room)","aliases":""},"geometry":{"type":"Point","coordinates":[-97.2184677604897,34.7417410806936]}},{"type":"Feature","properties":{"id":"us-rail-station-PWN","name":"Pottstown, PA","station_code":"PWN","station_type":"Platform with Shelter","aliases":""},"geometry":{"type":"Point","coordinates":[-75.6508469432278,40.2443961052271]}},{"type":"Feature","properties":{"id":"us-rail-station-PXN","name":"Phoenix - North, AZ","station_code":"PXN","station_type":"Curbside Bus Stop only (no shelter)","aliases":""},"geometry":{"type":"Point","coordinates":[-112.114981044758,33.6835051468299]}},{"type":"Feature","properties":{"id":"us-rail-station-QAN","name":"Quantico, VA","station_code":"QAN","station_type":"Platform with Shelter","aliases":""},"geometry":{"type":"Point","coordinates":[-77.2930293516929,38.52188970007]}},{"type":"Feature","properties":{"id":"us-rail-station-QCY","name":"Quincy, IL","station_code":"QCY","station_type":"Station Building (with waiting room)","aliases":""},"geometry":{"type":"Point","coordinates":[-91.3685316364615,39.9570703133381]}},{"type":"Feature","properties":{"id":"us-rail-station-QUC","name":"Quincy, WA","station_code":"QUC","station_type":"Curbside Bus Stop only (no shelter)","aliases":""},"geometry":{"type":"Point","coordinates":[-119.855476392515,47.2333138630381]}},{"type":"Feature","properties":{"id":"us-rail-station-RAT","name":"Raton, NM","station_code":"RAT","station_type":"Station Building (with waiting room)","aliases":""},"geometry":{"type":"Point","coordinates":[-104.437895685223,36.9010780460474]}},{"type":"Feature","properties":{"id":"us-rail-station-RBC","name":"Richmond, BC","station_code":"RBC","station_type":"Curbside Bus Stop only (no shelter)","aliases":""},"geometry":{"type":"Point","coordinates":[-123.109900419416,49.1872356058495]}},{"type":"Feature","properties":{"id":"us-rail-station-RBF","name":"Red Bluff, CA","station_code":"RBF","station_type":"Curbside Bus Stop only (no shelter)","aliases":""},"geometry":{"type":"Point","coordinates":[-122.234599494074,40.1784871486463]}},{"type":"Feature","properties":{"id":"us-rail-station-RCK","name":"Rockford, IL","station_code":"RCK","station_type":"Station Building (with waiting room)","aliases":""},"geometry":{"type":"Point","coordinates":[-88.96627718134,42.2688558438908]}},{"type":"Feature","properties":{"id":"us-rail-station-RDD","name":"Redding, CA","station_code":"RDD","station_type":"Platform with Shelter","aliases":"Shasta College"},"geometry":{"type":"Point","coordinates":[-122.393383576484,40.5836001657129]}},{"type":"Feature","properties":{"id":"us-rail-station-RDI","name":"Reading, PA","station_code":"RDI","station_type":"Station Building (with waiting room)","aliases":""},"geometry":{"type":"Point","coordinates":[-75.9230500352836,40.3337991128088]}},{"type":"Feature","properties":{"id":"us-rail-station-RDM","name":"Redmond, OR","station_code":"RDM","station_type":"Curbside Bus Stop only (no shelter)","aliases":""},"geometry":{"type":"Point","coordinates":[-121.16074199124,44.2532745371213]}},{"type":"Feature","properties":{"id":"us-rail-station-RDT","name":"Redmond, OR","station_code":"RDT","station_type":"Curbside Bus Stop only (no shelter)","aliases":""},"geometry":{"type":"Point","coordinates":[-121.176748995829,44.2665075364167]}},{"type":"Feature","properties":{"id":"us-rail-station-RDW","name":"Red Wing, MN","station_code":"RDW","station_type":"Station Building (with waiting room)","aliases":""},"geometry":{"type":"Point","coordinates":[-92.5370734872464,44.566221982512]}},{"type":"Feature","properties":{"id":"us-rail-station-REE","name":"Reed City, MI","station_code":"REE","station_type":"Curbside Bus Stop only (no shelter)","aliases":""},"geometry":{"type":"Point","coordinates":[-85.5218093251937,43.886848310326]}},{"type":"Feature","properties":{"id":"us-rail-station-REN","name":"Rensselaer, IN","station_code":"REN","station_type":"Platform with Shelter","aliases":""},"geometry":{"type":"Point","coordinates":[-87.1551265206312,40.9432887164347]}},{"type":"Feature","properties":{"id":"us-rail-station-RGH","name":"Raleigh, NC","station_code":"RGH","station_type":"Station Building (with waiting room)","aliases":"Union Station"},"geometry":{"type":"Point","coordinates":[-78.6477866114082,35.777216078204]}},{"type":"Feature","properties":{"id":"us-rail-station-RHI","name":"Rhinecliff, NY","station_code":"RHI","station_type":"Station Building (with waiting room)","aliases":""},"geometry":{"type":"Point","coordinates":[-73.9512795067279,41.921354491603]}},{"type":"Feature","properties":{"id":"us-rail-station-RIC","name":"Richmond, CA","station_code":"RIC","station_type":"Platform with Shelter","aliases":""},"geometry":{"type":"Point","coordinates":[-122.354143224513,37.9367569622441]}},{"type":"Feature","properties":{"id":"us-rail-station-RIL","name":"Riley, OR","station_code":"RIL","station_type":"Curbside Bus Stop only (no shelter)","aliases":""},"geometry":{"type":"Point","coordinates":[-119.503832586735,43.5418736443465]}},{"type":"Feature","properties":{"id":"us-rail-station-RIV","name":"Riverside, CA","station_code":"RIV","station_type":"Platform with Shelter","aliases":""},"geometry":{"type":"Point","coordinates":[-117.370000032281,33.9756748962445]}},{"type":"Feature","properties":{"id":"us-rail-station-RKF","name":"Rockford, MI","station_code":"RKF","station_type":"Curbside Bus Stop only (no shelter)","aliases":""},"geometry":{"type":"Point","coordinates":[-85.6018842692712,43.1165571765179]}},{"type":"Feature","properties":{"id":"us-rail-station-RKH","name":"Rockingham, NC","station_code":"RKH","station_type":"Platform only (no shelter)","aliases":""},"geometry":{"type":"Point","coordinates":[-79.6060738577818,34.9685648700031]}},{"type":"Feature","properties":{"id":"us-rail-station-RKI","name":"Rock Island, IL","station_code":"RKI","station_type":"Curbside Bus Stop only (no shelter)","aliases":""},"geometry":{"type":"Point","coordinates":[-90.5503955593828,41.5062306239699]}},{"type":"Feature","properties":{"id":"us-rail-station-RKV","name":"Rockville, MD","station_code":"RKV","station_type":"Platform with Shelter","aliases":""},"geometry":{"type":"Point","coordinates":[-77.1459973406464,39.0845548188502]}},{"type":"Feature","properties":{"id":"us-rail-station-RLN","name":"Rocklin, CA","station_code":"RLN","station_type":"Station Building (with waiting room)","aliases":""},"geometry":{"type":"Point","coordinates":[-121.237312157338,38.7910111169226]}},{"type":"Feature","properties":{"id":"us-rail-station-RMN","name":"Rochester, MN","station_code":"RMN","station_type":"Station Building (with waiting room)","aliases":""},"geometry":{"type":"Point","coordinates":[-92.4747643996771,44.0285699061011]}},{"type":"Feature","properties":{"id":"us-rail-station-RMT","name":"Rocky Mount, NC","station_code":"RMT","station_type":"Station Building (with waiting room)","aliases":""},"geometry":{"type":"Point","coordinates":[-77.7978573615906,35.9380081417102]}},{"type":"Feature","properties":{"id":"us-rail-station-RNK","name":"Roanoke, VA","station_code":"RNK","station_type":"Platform with Shelter","aliases":""},"geometry":{"type":"Point","coordinates":[-79.9417980884056,37.2731923438683]}},{"type":"Feature","properties":{"id":"us-rail-station-RNO","name":"Reno, NV","station_code":"RNO","station_type":"Station Building (with waiting room)","aliases":""},"geometry":{"type":"Point","coordinates":[-119.812136023586,39.5285262912797]}},{"type":"Feature","properties":{"id":"us-rail-station-RNY","name":"Running Y Ranch, OR","station_code":"RNY","station_type":"Curbside Bus Stop only (no shelter)","aliases":"Klamath Falls"},"geometry":{"type":"Point","coordinates":[-121.885181759382,42.2769023325266]}},{"type":"Feature","properties":{"id":"us-rail-station-ROB","name":"Rochester, NY","station_code":"ROB","station_type":"Station Building (with waiting room)","aliases":""},"geometry":{"type":"Point","coordinates":[-77.6078867746853,43.1626985769205]}},{"type":"Feature","properties":{"id":"us-rail-station-ROC","name":"Rochester, NY","station_code":"ROC","station_type":"Station Building (with waiting room)","aliases":""},"geometry":{"type":"Point","coordinates":[-77.6080597749377,43.163419577462]}},{"type":"Feature","properties":{"id":"us-rail-station-ROD","name":"Rockland, ME","station_code":"ROD","station_type":"Station Building (with waiting room)","aliases":""},"geometry":{"type":"Point","coordinates":[-69.1082200437522,44.1072760589435]}},{"type":"Feature","properties":{"id":"us-rail-station-ROM","name":"Rome, NY","station_code":"ROM","station_type":"Station Building (with waiting room)","aliases":""},"geometry":{"type":"Point","coordinates":[-75.449962080742,43.1994336731311]}},{"type":"Feature","properties":{"id":"us-rail-station-ROY","name":"Royal Oak, MI","station_code":"ROY","station_type":"Platform with Shelter","aliases":""},"geometry":{"type":"Point","coordinates":[-83.1470144584894,42.4884471978504]}},{"type":"Feature","properties":{"id":"us-rail-station-RPC","name":"Rohnert Park, CA","station_code":"RPC","station_type":"Curbside Bus Stop only (no shelter)","aliases":"Sonoma State University"},"geometry":{"type":"Point","coordinates":[-122.709762326054,38.347332968974]}},{"type":"Feature","properties":{"id":"us-rail-station-RPH","name":"Randolph, VT","station_code":"RPH","station_type":"Platform only (no shelter)","aliases":""},"geometry":{"type":"Point","coordinates":[-72.665460218659,43.9224069092678]}},{"type":"Feature","properties":{"id":"us-rail-station-RPT","name":"Reedsport, OR","station_code":"RPT","station_type":"Curbside Bus Stop only (no shelter)","aliases":""},"geometry":{"type":"Point","coordinates":[-124.120228342213,43.6956802150328]}},{"type":"Feature","properties":{"id":"us-rail-station-RRL","name":"Rickreall, OR","station_code":"RRL","station_type":"Curbside Bus Stop only (no shelter)","aliases":""},"geometry":{"type":"Point","coordinates":[-123.228091445141,44.9247933746965]}},{"type":"Feature","properties":{"id":"us-rail-station-RSP","name":"Rouses Point, NY","station_code":"RSP","station_type":"Platform only (no shelter)","aliases":""},"geometry":{"type":"Point","coordinates":[-73.3710945297777,44.994879073847]}},{"type":"Feature","properties":{"id":"us-rail-station-RSV","name":"Roseville, CA","station_code":"RSV","station_type":"Platform with Shelter","aliases":""},"geometry":{"type":"Point","coordinates":[-121.286299159175,38.750021110261]}},{"type":"Feature","properties":{"id":"us-rail-station-RSY","name":"Rock Springs, WY","station_code":"RSY","station_type":"Station Building (with waiting room)","aliases":""},"geometry":{"type":"Point","coordinates":[-109.256228296859,41.5772123372781]}},{"type":"Feature","properties":{"id":"us-rail-station-RTC","name":"Rutland, VT","station_code":"RTC","station_type":"Station Building (with waiting room)","aliases":""},"geometry":{"type":"Point","coordinates":[-72.9793253015032,43.6078848406311]}},{"type":"Feature","properties":{"id":"us-rail-station-RTE","name":"Route 128, MA","station_code":"RTE","station_type":"Station Building (with waiting room)","aliases":"Boston,128"},"geometry":{"type":"Point","coordinates":[-71.1478946109101,42.2102506417615]}},{"type":"Feature","properties":{"id":"us-rail-station-RTL","name":"Rantoul, IL","station_code":"RTL","station_type":"Platform with Shelter","aliases":""},"geometry":{"type":"Point","coordinates":[-88.1591317555056,40.3109125514226]}},{"type":"Feature","properties":{"id":"us-rail-station-RTZ","name":"Ritzville, WA","station_code":"RTZ","station_type":"Curbside Bus Stop only (no shelter)","aliases":""},"geometry":{"type":"Point","coordinates":[-118.365354102897,47.1194110129403]}},{"type":"Feature","properties":{"id":"us-rail-station-RUD","name":"Rutland, VT","station_code":"RUD","station_type":"Station Building (with waiting room)","aliases":""},"geometry":{"type":"Point","coordinates":[-72.9815393019288,43.6057648403998]}},{"type":"Feature","properties":{"id":"us-rail-station-RUG","name":"Rugby, ND","station_code":"RUG","station_type":"Station Building (with waiting room)","aliases":""},"geometry":{"type":"Point","coordinates":[-99.9975661878668,48.3698539092826]}},{"type":"Feature","properties":{"id":"us-rail-station-RVM","name":"Richmond, VA","station_code":"RVM","station_type":"Station Building (with waiting room)","aliases":"Main Street"},"geometry":{"type":"Point","coordinates":[-77.4295143364133,37.5342164917149]}},{"type":"Feature","properties":{"id":"us-rail-station-RVR","name":"Richmond, VA","station_code":"RVR","station_type":"Station Building (with waiting room)","aliases":"Staples Mills Road"},"geometry":{"type":"Point","coordinates":[-77.4969453617127,37.6177005067814]}},{"type":"Feature","properties":{"id":"us-rail-station-RWY","name":"Rawlins, WY","station_code":"RWY","station_type":"Curbside Bus Stop only (no shelter)","aliases":""},"geometry":{"type":"Point","coordinates":[-107.224471876773,41.7763835202482]}},{"type":"Feature","properties":{"id":"us-rail-station-SAA","name":"Sacramento Airport, CA","station_code":"SAA","station_type":"Platform with Shelter","aliases":""},"geometry":{"type":"Point","coordinates":[-121.588704199479,38.6925880820678]}},{"type":"Feature","properties":{"id":"us-rail-station-SAB","name":"St. Albans, VT","station_code":"SAB","station_type":"Station Building (with waiting room)","aliases":"St Albans,Saint Albans,Albans"},"geometry":{"type":"Point","coordinates":[-73.0861924216744,44.812369052637]}},{"type":"Feature","properties":{"id":"us-rail-station-SAC","name":"Sacramento, CA","station_code":"SAC","station_type":"Station Building (with waiting room)","aliases":""},"geometry":{"type":"Point","coordinates":[-121.500717171959,38.5840090798416]}},{"type":"Feature","properties":{"id":"us-rail-station-SAE","name":"Santa Fe, NM","station_code":"SAE","station_type":"Curbside Bus Stop only (no shelter)","aliases":""},"geometry":{"type":"Point","coordinates":[-105.921968921838,35.7997437928476]}},{"type":"Feature","properties":{"id":"us-rail-station-SAF","name":"Santa Fe, NM","station_code":"SAF","station_type":"Station Building (with waiting room)","aliases":""},"geometry":{"type":"Point","coordinates":[-105.946608916869,35.6842707742705]}},{"type":"Feature","properties":{"id":"us-rail-station-SAL","name":"Salisbury, NC","station_code":"SAL","station_type":"Station Building (with waiting room)","aliases":""},"geometry":{"type":"Point","coordinates":[-80.4663261533824,35.6675029886894]}},{"type":"Feature","properties":{"id":"us-rail-station-SAN","name":"San Diego, CA","station_code":"SAN","station_type":"Station Building (with waiting room)","aliases":""},"geometry":{"type":"Point","coordinates":[-117.169587902823,32.7161737605631]}},{"type":"Feature","properties":{"id":"us-rail-station-SAO","name":"Saco, ME","station_code":"SAO","station_type":"Station Building (with waiting room)","aliases":""},"geometry":{"type":"Point","coordinates":[-70.4491394563033,43.496199905342]}},{"type":"Feature","properties":{"id":"us-rail-station-SAP","name":"Santa Paula, CA","station_code":"SAP","station_type":"Curbside Bus Stop only (no shelter)","aliases":""},"geometry":{"type":"Point","coordinates":[-119.069072348837,34.3462018404636]}},{"type":"Feature","properties":{"id":"us-rail-station-SAR","name":"Saratoga Springs, NY","station_code":"SAR","station_type":"Station Building (with waiting room)","aliases":""},"geometry":{"type":"Point","coordinates":[-73.8100285381154,43.0828187144721]}},{"type":"Feature","properties":{"id":"us-rail-station-SAS","name":"San Antonio, TX","station_code":"SAS","station_type":"Station Building (with waiting room)","aliases":""},"geometry":{"type":"Point","coordinates":[-98.4781507683864,29.419355022787]}},{"type":"Feature","properties":{"id":"us-rail-station-SAT","name":"Santa Maria, CA","station_code":"SAT","station_type":"Curbside Bus Stop only (no shelter)","aliases":"guadalupe,Allan Hancock College"},"geometry":{"type":"Point","coordinates":[-120.416467618355,34.9516128226835]}},{"type":"Feature","properties":{"id":"us-rail-station-SAV","name":"Savannah, GA","station_code":"SAV","station_type":"Station Building (with waiting room)","aliases":""},"geometry":{"type":"Point","coordinates":[-81.1482671778969,32.0834181788891]}},{"type":"Feature","properties":{"id":"us-rail-station-SAY","name":"Sandy, OR","station_code":"SAY","station_type":"Curbside Bus Stop only (no shelter)","aliases":""},"geometry":{"type":"Point","coordinates":[-122.276264394505,45.4006734988262]}},{"type":"Feature","properties":{"id":"us-rail-station-SBA","name":"Santa Barbara, CA","station_code":"SBA","station_type":"Station Building (with waiting room)","aliases":""},"geometry":{"type":"Point","coordinates":[-119.692797455781,34.4137228114316]}},{"type":"Feature","properties":{"id":"us-rail-station-SBG","name":"Sebring, FL","station_code":"SBG","station_type":"Platform with Shelter","aliases":""},"geometry":{"type":"Point","coordinates":[-81.4342050911336,27.496637087567]}},{"type":"Feature","properties":{"id":"us-rail-station-SBK","name":"Seabrook, NH","station_code":"SBK","station_type":"Station Building (with waiting room)","aliases":""},"geometry":{"type":"Point","coordinates":[-70.8839095639916,42.8915327792264]}},{"type":"Feature","properties":{"id":"us-rail-station-SBU","name":"Santa Barbara, CA","station_code":"SBU","station_type":"Curbside Bus Stop only (no shelter)","aliases":""},"geometry":{"type":"Point","coordinates":[-119.84830848064,34.4149498022412]}},{"type":"Feature","properties":{"id":"us-rail-station-SBY","name":"Shelby, MT","station_code":"SBY","station_type":"Station Building (with waiting room)","aliases":""},"geometry":{"type":"Point","coordinates":[-111.856662124189,48.5067547943533]}},{"type":"Feature","properties":{"id":"us-rail-station-SCA","name":"St. Catharines, ON","station_code":"SCA","station_type":"Station Building (with waiting room)","aliases":"St Catharines,Saint Catharines,Sainte Catharines,Catharines"},"geometry":{"type":"Point","coordinates":[-79.2560203000238,43.1478375013569]}},{"type":"Feature","properties":{"id":"us-rail-station-SCC","name":"Santa Clara, CA","station_code":"SCC","station_type":"Platform with Shelter","aliases":""},"geometry":{"type":"Point","coordinates":[-121.936589094784,37.3532239439256]}},{"type":"Feature","properties":{"id":"us-rail-station-SCD","name":"St. Cloud, MN","station_code":"SCD","station_type":"Station Building (with waiting room)","aliases":"St Cloud,Saint Cloud,Cloud"},"geometry":{"type":"Point","coordinates":[-94.1491010865573,45.5677560152891]}},{"type":"Feature","properties":{"id":"us-rail-station-SCH","name":"Schriever, LA","station_code":"SCH","station_type":"Platform only (no shelter)","aliases":""},"geometry":{"type":"Point","coordinates":[-90.8152518050403,29.7466833447732]}},{"type":"Feature","properties":{"id":"us-rail-station-SCS","name":"Sacramento, CA","station_code":"SCS","station_type":"Curbside Bus Stop only (no shelter)","aliases":""},"geometry":{"type":"Point","coordinates":[-121.495188170742,38.5761420797737]}},{"type":"Feature","properties":{"id":"us-rail-station-SCZ","name":"Santa Cruz, CA","station_code":"SCZ","station_type":"Curbside Bus Stop only (no shelter)","aliases":""},"geometry":{"type":"Point","coordinates":[-122.025047065889,36.974488905034]}},{"type":"Feature","properties":{"id":"us-rail-station-SDL","name":"Slidell, LA","station_code":"SDL","station_type":"Station Building (with waiting room)","aliases":""},"geometry":{"type":"Point","coordinates":[-89.7825705478695,30.2783774941296]}},{"type":"Feature","properties":{"id":"us-rail-station-SDY","name":"Schenectady, NY","station_code":"SDY","station_type":"Station Building (with waiting room)","aliases":""},"geometry":{"type":"Point","coordinates":[-73.9428935628708,42.8147326593492]}},{"type":"Feature","properties":{"id":"us-rail-station-SEA","name":"Seattle, WA","station_code":"SEA","station_type":"Station Building (with waiting room)","aliases":"King Street"},"geometry":{"type":"Point","coordinates":[-122.33017589156,47.598450616192]}},{"type":"Feature","properties":{"id":"us-rail-station-SED","name":"Sedalia, MO","station_code":"SED","station_type":"Station Building (with waiting room)","aliases":""},"geometry":{"type":"Point","coordinates":[-93.228713033487,38.7116109934735]}},{"type":"Feature","properties":{"id":"us-rail-station-SES","name":"Seaside-Sand City, CA","station_code":"SES","station_type":"Curbside Bus Stop only (no shelter)","aliases":"Sand City"},"geometry":{"type":"Point","coordinates":[-121.843855000993,36.6193668866878]}},{"type":"Feature","properties":{"id":"us-rail-station-SFA","name":"Sanford, FL","station_code":"SFA","station_type":"Station Building (with waiting room)","aliases":"Orlando,Disney"},"geometry":{"type":"Point","coordinates":[-81.2912770918532,28.8085494094011]}},{"type":"Feature","properties":{"id":"us-rail-station-SFC","name":"San Francisco, CA","station_code":"SFC","station_type":"Curbside Bus Stop only (no shelter)","aliases":""},"geometry":{"type":"Point","coordinates":[-122.396718213548,37.7903399468761]}},{"type":"Feature","properties":{"id":"us-rail-station-SGW","name":"Saginaw, MI","station_code":"SGW","station_type":"Station Building (with waiting room)","aliases":""},"geometry":{"type":"Point","coordinates":[-83.9334337914935,43.4349363207294]}},{"type":"Feature","properties":{"id":"us-rail-station-SHB","name":"Sheboygan, WI","station_code":"SHB","station_type":"Curbside Bus Stop only (no shelter)","aliases":""},"geometry":{"type":"Point","coordinates":[-87.7140339730156,43.7499281612166]}},{"type":"Feature","properties":{"id":"us-rail-station-SHR","name":"Shreveport, LA","station_code":"SHR","station_type":"Station Building (with waiting room)","aliases":""},"geometry":{"type":"Point","coordinates":[-93.756679722709,32.4997228100508]}},{"type":"Feature","properties":{"id":"us-rail-station-SHW","name":"Shawano, WI","station_code":"SHW","station_type":"Curbside Bus Stop only (no shelter)","aliases":""},"geometry":{"type":"Point","coordinates":[-88.6153453604916,44.7531552661639]}},{"type":"Feature","properties":{"id":"us-rail-station-SIM","name":"Simi Valley, CA","station_code":"SIM","station_type":"Platform only (no shelter)","aliases":""},"geometry":{"type":"Point","coordinates":[-118.695175280108,34.2702088542849]}},{"type":"Feature","properties":{"id":"us-rail-station-SJC","name":"San Jose, CA","station_code":"SJC","station_type":"Station Building (with waiting room)","aliases":"Diridon"},"geometry":{"type":"Point","coordinates":[-121.90240108716,37.3299379438641]}},{"type":"Feature","properties":{"id":"us-rail-station-SJM","name":"St. Joseph-Benton Harbor, MI","station_code":"SJM","station_type":"Station Building (with waiting room)","aliases":"St Joseph,Saint Joseph,Joseph,Benton Harbor"},"geometry":{"type":"Point","coordinates":[-86.4844894330197,42.1090879563782]}},{"type":"Feature","properties":{"id":"us-rail-station-SKD","name":"Shamokin Dam, PA","station_code":"SKD","station_type":"Curbside Bus Stop only (no shelter)","aliases":""},"geometry":{"type":"Point","coordinates":[-76.8204913529548,40.8482681784139]}},{"type":"Feature","properties":{"id":"us-rail-station-SKE","name":"Skykomish - Eastbound, WA","station_code":"SKE","station_type":"Curbside Bus Stop only (no shelter)","aliases":""},"geometry":{"type":"Point","coordinates":[-121.361752760697,47.7112347287144]}},{"type":"Feature","properties":{"id":"us-rail-station-SKN","name":"Stockton, CA","station_code":"SKN","station_type":"Station Building (with waiting room)","aliases":""},"geometry":{"type":"Point","coordinates":[-121.285645062579,37.9454730418666]}},{"type":"Feature","properties":{"id":"us-rail-station-SKT","name":"Stockton, CA","station_code":"SKT","station_type":"Platform with Shelter","aliases":""},"geometry":{"type":"Point","coordinates":[-121.279013062246,37.9570430429568]}},{"type":"Feature","properties":{"id":"us-rail-station-SKW","name":"Skykomish - Westbound, WA","station_code":"SKW","station_type":"Curbside Bus Stop only (no shelter)","aliases":""},"geometry":{"type":"Point","coordinates":[-121.360105760709,47.711908728848]}},{"type":"Feature","properties":{"id":"us-rail-station-SKY","name":"Sandusky, OH","station_code":"SKY","station_type":"Station Building (with waiting room)","aliases":""},"geometry":{"type":"Point","coordinates":[-82.7178702335242,41.4406790315892]}},{"type":"Feature","properties":{"id":"us-rail-station-SLB","name":"Salt Lake City, UT","station_code":"SLB","station_type":"Station Building (with waiting room)","aliases":""},"geometry":{"type":"Point","coordinates":[-111.908521739777,40.7630460359991]}},{"type":"Feature","properties":{"id":"us-rail-station-SLC","name":"Salt Lake City, UT","station_code":"SLC","station_type":"Station Building (with waiting room)","aliases":""},"geometry":{"type":"Point","coordinates":[-111.908360739221,40.7616670359384]}},{"type":"Feature","properties":{"id":"us-rail-station-SLD","name":"Salida, CO","station_code":"SLD","station_type":"Curbside Bus Stop only (no shelter)","aliases":""},"geometry":{"type":"Point","coordinates":[-105.994510202278,38.5250531822527]}},{"type":"Feature","properties":{"id":"us-rail-station-SLE","name":"Salem, OR","station_code":"SLE","station_type":"Curbside Bus Stop only (no shelter)","aliases":""},"geometry":{"type":"Point","coordinates":[-123.034379418196,44.9381933946772]}},{"type":"Feature","properties":{"id":"us-rail-station-SLH","name":"South Lake Tahoe, CA","station_code":"SLH","station_type":"Curbside Bus Stop only (no shelter)","aliases":"Lake Tahoe,Tahoe"},"geometry":{"type":"Point","coordinates":[-119.942300971312,38.9577952307093]}},{"type":"Feature","properties":{"id":"us-rail-station-SLM","name":"Salem, OR","station_code":"SLM","station_type":"Station Building (with waiting room)","aliases":""},"geometry":{"type":"Point","coordinates":[-123.028345416466,44.9323363950366]}},{"type":"Feature","properties":{"id":"us-rail-station-SLO","name":"San Luis Obispo, CA","station_code":"SLO","station_type":"Station Building (with waiting room)","aliases":"Cuesta College"},"geometry":{"type":"Point","coordinates":[-120.654713684799,35.2764388394189]}},{"type":"Feature","properties":{"id":"us-rail-station-SLP","name":"San Luis Obispo, CA","station_code":"SLP","station_type":"Curbside Bus Stop only (no shelter)","aliases":"Cuesta College"},"geometry":{"type":"Point","coordinates":[-120.655683687439,35.298861841891]}},{"type":"Feature","properties":{"id":"us-rail-station-SLQ","name":"St-Lambert, QC","station_code":"SLQ","station_type":"Station Building (with waiting room)","aliases":"St Lambert,St. Lambert,Saint Lambert,Lambert,Quebec"},"geometry":{"type":"Point","coordinates":[-73.507288613958,45.4989051561173]}},{"type":"Feature","properties":{"id":"us-rail-station-SLS","name":"Salisbury, MD","station_code":"SLS","station_type":"Curbside Bus Stop only (no shelter)","aliases":""},"geometry":{"type":"Point","coordinates":[-75.6058998170387,38.361990727731]}},{"type":"Feature","properties":{"id":"us-rail-station-SLT","name":"South Lake Tahoe, CA","station_code":"SLT","station_type":"Curbside Bus Stop only (no shelter)","aliases":"Lake Tahoe,Tahoe"},"geometry":{"type":"Point","coordinates":[-120.004777976466,38.913070222339]}},{"type":"Feature","properties":{"id":"us-rail-station-SLV","name":"Solvang, CA","station_code":"SLV","station_type":"Curbside Bus Stop only (no shelter)","aliases":""},"geometry":{"type":"Point","coordinates":[-120.1405925431,34.5959178037743]}},{"type":"Feature","properties":{"id":"us-rail-station-SMC","name":"San Marcos, TX","station_code":"SMC","station_type":"Platform with Shelter","aliases":""},"geometry":{"type":"Point","coordinates":[-97.9410566568886,29.8765761319357]}},{"type":"Feature","properties":{"id":"us-rail-station-SMD","name":"Madison, WI","station_code":"SMD","station_type":"Curbside Bus Stop only (no shelter)","aliases":""},"geometry":{"type":"Point","coordinates":[-89.3061823653321,43.04776895222]}},{"type":"Feature","properties":{"id":"us-rail-station-SMI","name":"Sault Sainte Marie, MI","station_code":"SMI","station_type":"Curbside Bus Stop only (no shelter)","aliases":""},"geometry":{"type":"Point","coordinates":[-84.3717102635859,46.4634697886474]}},{"type":"Feature","properties":{"id":"us-rail-station-SMN","name":"Santa Monica Pier, CA","station_code":"SMN","station_type":"Curbside Bus Stop only (no shelter)","aliases":""},"geometry":{"type":"Point","coordinates":[-118.494320226418,34.0146308376763]}},{"type":"Feature","properties":{"id":"us-rail-station-SMR","name":"Smith River, CA","station_code":"SMR","station_type":"Curbside Bus Stop only (no shelter)","aliases":""},"geometry":{"type":"Point","coordinates":[-124.20379505397,41.9575031021659]}},{"type":"Feature","properties":{"id":"us-rail-station-SMT","name":"Summit, IL","station_code":"SMT","station_type":"Platform with Shelter","aliases":""},"geometry":{"type":"Point","coordinates":[-87.8097477947738,41.7949198296625]}},{"type":"Feature","properties":{"id":"us-rail-station-SNA","name":"Santa Ana, CA","station_code":"SNA","station_type":"Station Building (with waiting room)","aliases":""},"geometry":{"type":"Point","coordinates":[-117.856619097945,33.7516338437064]}},{"type":"Feature","properties":{"id":"us-rail-station-SNB","name":"San Bernardino, CA","station_code":"SNB","station_type":"Station Building (with waiting room)","aliases":""},"geometry":{"type":"Point","coordinates":[-117.310671032903,34.1041169147871]}},{"type":"Feature","properties":{"id":"us-rail-station-SNC","name":"San Juan Capistrano, CA","station_code":"SNC","station_type":"Station Building (with waiting room)","aliases":""},"geometry":{"type":"Point","coordinates":[-117.663825045016,33.5013228260149]}},{"type":"Feature","properties":{"id":"us-rail-station-SND","name":"Sanderson, TX","station_code":"SND","station_type":"Platform only (no shelter)","aliases":""},"geometry":{"type":"Point","coordinates":[-102.3987547407,30.139956020273]}},{"type":"Feature","properties":{"id":"us-rail-station-SNP","name":"San Clemente Pier, CA","station_code":"SNP","station_type":"Platform only (no shelter)","aliases":""},"geometry":{"type":"Point","coordinates":[-117.619745032028,33.419649819381]}},{"type":"Feature","properties":{"id":"us-rail-station-SNR","name":"Salinas, CA","station_code":"SNR","station_type":"Curbside Bus Stop only (no shelter)","aliases":""},"geometry":{"type":"Point","coordinates":[-121.656665978195,36.6764209044118]}},{"type":"Feature","properties":{"id":"us-rail-station-SNS","name":"Salinas, CA","station_code":"SNS","station_type":"Station Building (with waiting room)","aliases":""},"geometry":{"type":"Point","coordinates":[-121.656757979154,36.6791499044909]}},{"type":"Feature","properties":{"id":"us-rail-station-SNY","name":"Stanley, WI","station_code":"SNY","station_type":"Curbside Bus Stop only (no shelter)","aliases":""},"geometry":{"type":"Point","coordinates":[-90.9383590740579,44.9498211474212]}},{"type":"Feature","properties":{"id":"us-rail-station-SOB","name":"South Bend, IN","station_code":"SOB","station_type":"Station Building (with waiting room)","aliases":""},"geometry":{"type":"Point","coordinates":[-86.2873503323679,41.6783678919768]}},{"type":"Feature","properties":{"id":"us-rail-station-SOL","name":"Solana Beach, CA","station_code":"SOL","station_type":"Platform only (no shelter)","aliases":""},"geometry":{"type":"Point","coordinates":[-117.271146939964,32.9929417882088]}},{"type":"Feature","properties":{"id":"us-rail-station-SOP","name":"Southern Pines, NC","station_code":"SOP","station_type":"Station Building (with waiting room)","aliases":""},"geometry":{"type":"Point","coordinates":[-79.3903058037884,35.17507592187]}},{"type":"Feature","properties":{"id":"us-rail-station-SOR","name":"Selma, OR","station_code":"SOR","station_type":"Curbside Bus Stop only (no shelter)","aliases":""},"geometry":{"type":"Point","coordinates":[-123.614994021617,42.2802511757228]}},{"type":"Feature","properties":{"id":"us-rail-station-SPA","name":"Sparta, WI","station_code":"SPA","station_type":"Platform only (no shelter)","aliases":""},"geometry":{"type":"Point","coordinates":[-90.8186459087799,43.9232659979871]}},{"type":"Feature","properties":{"id":"us-rail-station-SPB","name":"Spartanburg, SC","station_code":"SPB","station_type":"Station Building (with waiting room)","aliases":""},"geometry":{"type":"Point","coordinates":[-81.9369205518423,34.9537427830172]}},{"type":"Feature","properties":{"id":"us-rail-station-SPD","name":"San Pedro, CA","station_code":"SPD","station_type":"Curbside Bus Stop only (no shelter)","aliases":"long beach"},"geometry":{"type":"Point","coordinates":[-118.27494016794,33.7489948208454]}},{"type":"Feature","properties":{"id":"us-rail-station-SPG","name":"Springfield, MA","station_code":"SPG","station_type":"Station Building (with waiting room)","aliases":""},"geometry":{"type":"Point","coordinates":[-72.5929060770398,42.1059955745634]}},{"type":"Feature","properties":{"id":"us-rail-station-SPI","name":"Springfield, IL","station_code":"SPI","station_type":"Station Building (with waiting room)","aliases":""},"geometry":{"type":"Point","coordinates":[-89.6513901373598,39.8023303810444]}},{"type":"Feature","properties":{"id":"us-rail-station-SPK","name":"Spokane, WA","station_code":"SPK","station_type":"Station Building (with waiting room)","aliases":""},"geometry":{"type":"Point","coordinates":[-117.415469050904,47.6567261495359]}},{"type":"Feature","properties":{"id":"us-rail-station-SPL","name":"Staples, MN","station_code":"SPL","station_type":"Station Building (with waiting room)","aliases":""},"geometry":{"type":"Point","coordinates":[-94.795339389368,46.3546090770579]}},{"type":"Feature","properties":{"id":"us-rail-station-SPM","name":"South Shore-South Portsmouth, KY","station_code":"SPM","station_type":"Platform with Shelter","aliases":"Portsmouth,South Portsmouth"},"geometry":{"type":"Point","coordinates":[-82.9637550943419,38.7212885084176]}},{"type":"Feature","properties":{"id":"us-rail-station-SPO","name":"San Pedro, CA","station_code":"SPO","station_type":"Curbside Bus Stop only (no shelter)","aliases":"long beach"},"geometry":{"type":"Point","coordinates":[-118.292511169982,33.7356988182029]}},{"type":"Feature","properties":{"id":"us-rail-station-SPT","name":"Sandpoint, ID","station_code":"SPT","station_type":"Platform with Shelter","aliases":""},"geometry":{"type":"Point","coordinates":[-116.545597031997,48.2762402849076]}},{"type":"Feature","properties":{"id":"us-rail-station-SPX","name":"Sparks, NV","station_code":"SPX","station_type":"Curbside Bus Stop only (no shelter)","aliases":""},"geometry":{"type":"Point","coordinates":[-119.762238016863,39.5347842957592]}},{"type":"Feature","properties":{"id":"us-rail-station-SQM","name":"Sequim, WA","station_code":"SQM","station_type":"Curbside Bus Stop only (no shelter)","aliases":""},"geometry":{"type":"Point","coordinates":[-123.116412133536,48.0792095535404]}},{"type":"Feature","properties":{"id":"us-rail-station-SRA","name":"Sarasota, FL","station_code":"SRA","station_type":"Curbside Bus Stop only (no shelter)","aliases":""},"geometry":{"type":"Point","coordinates":[-82.4566293816953,27.3371710241975]}},{"type":"Feature","properties":{"id":"us-rail-station-SRC","name":"Santa Rosa, CA","station_code":"SRC","station_type":"Curbside Bus Stop only (no shelter)","aliases":""},"geometry":{"type":"Point","coordinates":[-122.732496343089,38.4571279761671]}},{"type":"Feature","properties":{"id":"us-rail-station-SRN","name":"Scranton, PA","station_code":"SRN","station_type":"Station Building (with waiting room)","aliases":""},"geometry":{"type":"Point","coordinates":[-75.6710300260284,41.4101983302398]}},{"type":"Feature","properties":{"id":"us-rail-station-SRT","name":"Searsport, ME","station_code":"SRT","station_type":"Curbside Bus Stop only (no shelter)","aliases":""},"geometry":{"type":"Point","coordinates":[-68.9096579973174,44.4607651287142]}},{"type":"Feature","properties":{"id":"us-rail-station-SSD","name":"Seaside, OR","station_code":"SSD","station_type":"Curbside Bus Stop only (no shelter)","aliases":""},"geometry":{"type":"Point","coordinates":[-123.91580277273,46.0016423624722]}},{"type":"Feature","properties":{"id":"us-rail-station-SSG","name":"Selinsgrove, PA","station_code":"SSG","station_type":"Curbside Bus Stop only (no shelter)","aliases":"Susquehanna University"},"geometry":{"type":"Point","coordinates":[-76.8622493628673,40.7981501670793]}},{"type":"Feature","properties":{"id":"us-rail-station-SSH","name":"Seaside, OR","station_code":"SSH","station_type":"Curbside Bus Stop only (no shelter)","aliases":""},"geometry":{"type":"Point","coordinates":[-123.920975773396,46.000099361995]}},{"type":"Feature","properties":{"id":"us-rail-station-SSM","name":"Selma-Smithfield, NC","station_code":"SSM","station_type":"Station Building (with waiting room)","aliases":"Smithfield"},"geometry":{"type":"Point","coordinates":[-78.2801014871921,35.5327930383311]}},{"type":"Feature","properties":{"id":"us-rail-station-SSW","name":"Stevens Pass, WA","station_code":"SSW","station_type":"Curbside Bus Stop only (no shelter)","aliases":""},"geometry":{"type":"Point","coordinates":[-121.088401723218,47.7466397605026]}},{"type":"Feature","properties":{"id":"us-rail-station-STA","name":"Staunton, VA","station_code":"STA","station_type":"Station Building (with waiting room)","aliases":""},"geometry":{"type":"Point","coordinates":[-79.0717788769464,38.1476465562568]}},{"type":"Feature","properties":{"id":"us-rail-station-STC","name":"State College, PA","station_code":"STC","station_type":"Station Building (with waiting room)","aliases":"Penn State,Happy Valley"},"geometry":{"type":"Point","coordinates":[-77.8677366787216,40.7922941254336]}},{"type":"Feature","properties":{"id":"us-rail-station-STG","name":"St. George, UT","station_code":"STG","station_type":"Curbside Bus Stop only (no shelter)","aliases":"St George,Saint George,George"},"geometry":{"type":"Point","coordinates":[-113.584437632588,37.0946664922696]}},{"type":"Feature","properties":{"id":"us-rail-station-STI","name":"St. Ignace, MI","station_code":"STI","station_type":"Station Building (with waiting room)","aliases":"St Ignace,Saint Ignace,Ignace"},"geometry":{"type":"Point","coordinates":[-84.7211583002486,45.8585646739926]}},{"type":"Feature","properties":{"id":"us-rail-station-STL","name":"St. Louis, MO","station_code":"STL","station_type":"Station Building (with waiting room)","aliases":"St Louis,Saint Louis,Louis"},"geometry":{"type":"Point","coordinates":[-90.2039791903787,38.6242021406577]}},{"type":"Feature","properties":{"id":"us-rail-station-STM","name":"Stamford, CT","station_code":"STM","station_type":"Station Building (with waiting room)","aliases":""},"geometry":{"type":"Point","coordinates":[-73.542161320187,41.0471383380395]}},{"type":"Feature","properties":{"id":"us-rail-station-STN","name":"Stanley, ND","station_code":"STN","station_type":"Station Building (with waiting room)","aliases":""},"geometry":{"type":"Point","coordinates":[-102.389389814643,48.3198206918447]}},{"type":"Feature","properties":{"id":"us-rail-station-STO","name":"Sisters, OR","station_code":"STO","station_type":"Curbside Bus Stop only (no shelter)","aliases":""},"geometry":{"type":"Point","coordinates":[-121.56248606392,44.297481501018]}},{"type":"Feature","properties":{"id":"us-rail-station-STP","name":"St. Petersburg, FL","station_code":"STP","station_type":"Curbside Bus Stop only (no shelter)","aliases":"St Petersburg,Saint Petersburg,Petersburg,Clearwater,Pinellas Park,Pinella's Park,Pinelas Park,Pinelas Park"},"geometry":{"type":"Point","coordinates":[-82.6444314516744,27.8430341419882]}},{"type":"Feature","properties":{"id":"us-rail-station-STS","name":"New Haven, CT","station_code":"STS","station_type":"Station Building (with waiting room)","aliases":""},"geometry":{"type":"Point","coordinates":[-72.9220871354408,41.3052614090689]}},{"type":"Feature","properties":{"id":"us-rail-station-STW","name":"Stanwood, WA","station_code":"STW","station_type":"Platform only (no shelter)","aliases":""},"geometry":{"type":"Point","coordinates":[-122.34995005226,48.2426436475985]}},{"type":"Feature","properties":{"id":"us-rail-station-SUI","name":"Suisun-Fairfield, CA","station_code":"SUI","station_type":"Station Building (with waiting room)","aliases":"Fairfield"},"geometry":{"type":"Point","coordinates":[-122.041112213935,38.2434060106104]}},{"type":"Feature","properties":{"id":"us-rail-station-SUN","name":"Sunriver, OR","station_code":"SUN","station_type":"Curbside Bus Stop only (no shelter)","aliases":""},"geometry":{"type":"Point","coordinates":[-121.446110966373,43.8738634841425]}},{"type":"Feature","properties":{"id":"us-rail-station-SUR","name":"Sunbury, PA","station_code":"SUR","station_type":"Curbside Bus Stop only (no shelter)","aliases":""},"geometry":{"type":"Point","coordinates":[-76.7849273437073,40.8752331848337]}},{"type":"Feature","properties":{"id":"us-rail-station-SUT","name":"Sun City-Menifee, CA","station_code":"SUT","station_type":"Curbside Bus Stop only (no shelter)","aliases":"Menifee"},"geometry":{"type":"Point","coordinates":[-117.189823980836,33.7109718757823]}},{"type":"Feature","properties":{"id":"us-rail-station-SVF","name":"Seattle, WA","station_code":"SVF","station_type":"Station Building (with waiting room)","aliases":""},"geometry":{"type":"Point","coordinates":[-122.353015899018,47.6136286149318]}},{"type":"Feature","properties":{"id":"us-rail-station-SVP","name":"Stevens Point, WI","station_code":"SVP","station_type":"Curbside Bus Stop only (no shelter)","aliases":""},"geometry":{"type":"Point","coordinates":[-89.5755416193704,44.5331661715157]}},{"type":"Feature","properties":{"id":"us-rail-station-SVT","name":"Sturtevant, WI","station_code":"SVT","station_type":"Station Building (with waiting room)","aliases":""},"geometry":{"type":"Point","coordinates":[-87.9063059179148,42.7182999799969]}},{"type":"Feature","properties":{"id":"us-rail-station-SVU","name":"Stevens Point, WI","station_code":"SVU","station_type":"Curbside Bus Stop only (no shelter)","aliases":""},"geometry":{"type":"Point","coordinates":[-89.571584617799,44.5289491715422]}},{"type":"Feature","properties":{"id":"us-rail-station-SVY","name":"Scotts Valley, CA","station_code":"SVY","station_type":"Curbside Bus Stop only (no shelter)","aliases":""},"geometry":{"type":"Point","coordinates":[-122.027960075082,37.0489889107265]}},{"type":"Feature","properties":{"id":"us-rail-station-SWB","name":"Swansboro, NC","station_code":"SWB","station_type":"Curbside Bus Stop only (no shelter)","aliases":""},"geometry":{"type":"Point","coordinates":[-77.1396320995287,34.6970818934991]}},{"type":"Feature","properties":{"id":"us-rail-station-SWD","name":"Stanwood, MI","station_code":"SWD","station_type":"Curbside Bus Stop only (no shelter)","aliases":""},"geometry":{"type":"Point","coordinates":[-85.451242271356,43.5786352625549]}},{"type":"Feature","properties":{"id":"us-rail-station-SYA","name":"Syracuse, NY","station_code":"SYA","station_type":"Curbside Bus Stop only (no shelter)","aliases":""},"geometry":{"type":"Point","coordinates":[-76.1122452889621,43.1132966304577]}},{"type":"Feature","properties":{"id":"us-rail-station-SYK","name":"Sykesville, PA","station_code":"SYK","station_type":"Curbside Bus Stop only (no shelter)","aliases":""},"geometry":{"type":"Point","coordinates":[-78.8226939969994,41.0502441351469]}},{"type":"Feature","properties":{"id":"us-rail-station-SYR","name":"Syracuse, NY","station_code":"SYR","station_type":"Station Building (with waiting room)","aliases":""},"geometry":{"type":"Point","coordinates":[-76.169246304281,43.0765566217]}},{"type":"Feature","properties":{"id":"us-rail-station-TAB","name":"Tacoma, Washington","station_code":"TAB","station_type":"Curbside Bus Stop only (no shelter)","aliases":""},"geometry":{"type":"Point","coordinates":[-122.424759822235,47.2405175868449]}},{"type":"Feature","properties":{"id":"us-rail-station-TAC","name":"Tacoma, WA","station_code":"TAC","station_type":"Station Building (with waiting room)","aliases":""},"geometry":{"type":"Point","coordinates":[-122.428113822485,47.2398085868977]}},{"type":"Feature","properties":{"id":"us-rail-station-TAY","name":"Taylor, TX","station_code":"TAY","station_type":"Platform only (no shelter)","aliases":""},"geometry":{"type":"Point","coordinates":[-97.4077705568808,30.5676722865155]}},{"type":"Feature","properties":{"id":"us-rail-station-TCA","name":"Toccoa, GA","station_code":"TCA","station_type":"Station Building (with waiting room)","aliases":""},"geometry":{"type":"Point","coordinates":[-83.3315459412838,34.5784626510316]}},{"type":"Feature","properties":{"id":"us-rail-station-TCL","name":"Tuscaloosa, AL","station_code":"TCL","station_type":"Station Building (with waiting room)","aliases":""},"geometry":{"type":"Point","coordinates":[-87.5602330763533,33.1931711967906]}},{"type":"Feature","properties":{"id":"us-rail-station-TDO","name":"Toledo, OR","station_code":"TDO","station_type":"Curbside Bus Stop only (no shelter)","aliases":""},"geometry":{"type":"Point","coordinates":[-123.939477492055,44.6241892858737]}},{"type":"Feature","properties":{"id":"us-rail-station-TEH","name":"Tehachapi, CA","station_code":"TEH","station_type":"Curbside Bus Stop only (no shelter)","aliases":""},"geometry":{"type":"Point","coordinates":[-118.451155314634,35.1327769607077]}},{"type":"Feature","properties":{"id":"us-rail-station-TEM","name":"Tempe, AZ","station_code":"TEM","station_type":"Curbside Bus Stop only (no shelter)","aliases":""},"geometry":{"type":"Point","coordinates":[-111.959770993249,33.4074151171533]}},{"type":"Feature","properties":{"id":"us-rail-station-TFI","name":"Twin Falls, ID","station_code":"TFI","station_type":"Curbside Bus Stop only (no shelter)","aliases":""},"geometry":{"type":"Point","coordinates":[-114.459637511834,42.5865000155641]}},{"type":"Feature","properties":{"id":"us-rail-station-THD","name":"The Dalles, OR","station_code":"THD","station_type":"Curbside Bus Stop only (no shelter)","aliases":"Bingen-White Salmon,White Salmon,Dalles,Wishram"},"geometry":{"type":"Point","coordinates":[-121.180289259957,45.6012096230031]}},{"type":"Feature","properties":{"id":"us-rail-station-THN","name":"Thurmond, WV","station_code":"THN","station_type":"Platform with Shelter","aliases":""},"geometry":{"type":"Point","coordinates":[-81.0787574752846,37.9569934373909]}},{"type":"Feature","properties":{"id":"us-rail-station-TOH","name":"Tomah, WI","station_code":"TOH","station_type":"Station Building (with waiting room)","aliases":""},"geometry":{"type":"Point","coordinates":[-90.5053378254294,43.9860150273712]}},{"type":"Feature","properties":{"id":"us-rail-station-TOL","name":"Toledo, OH","station_code":"TOL","station_type":"Station Building (with waiting room)","aliases":""},"geometry":{"type":"Point","coordinates":[-83.5417255022329,41.6383530270303]}},{"type":"Feature","properties":{"id":"us-rail-station-TOP","name":"Topeka, KS","station_code":"TOP","station_type":"Station Building (with waiting room)","aliases":""},"geometry":{"type":"Point","coordinates":[-95.6649237192117,39.0514219117768]}},{"type":"Feature","properties":{"id":"us-rail-station-TPA","name":"Tampa, FL","station_code":"TPA","station_type":"Station Building (with waiting room)","aliases":"Union Station"},"geometry":{"type":"Point","coordinates":[-82.4507803996764,27.9524971732848]}},{"type":"Feature","properties":{"id":"us-rail-station-TPL","name":"Temple, TX","station_code":"TPL","station_type":"Station Building (with waiting room)","aliases":""},"geometry":{"type":"Point","coordinates":[-97.3457995682351,31.0958883917776]}},{"type":"Feature","properties":{"id":"us-rail-station-TPR","name":"Tillamook, OR","station_code":"TPR","station_type":"Curbside Bus Stop only (no shelter)","aliases":""},"geometry":{"type":"Point","coordinates":[-123.82464964377,45.4564913430571]}},{"type":"Feature","properties":{"id":"us-rail-station-TRA","name":"Tracy, CA","station_code":"TRA","station_type":"Curbside Bus Stop only (no shelter)","aliases":""},"geometry":{"type":"Point","coordinates":[-121.436107064162,37.7614140148847]}},{"type":"Feature","properties":{"id":"us-rail-station-TRC","name":"Tracy, CA","station_code":"TRC","station_type":"Platform with Shelter","aliases":""},"geometry":{"type":"Point","coordinates":[-121.433983056064,37.6962160092425]}},{"type":"Feature","properties":{"id":"us-rail-station-TRE","name":"Trenton, NJ","station_code":"TRE","station_type":"Station Building (with waiting room)","aliases":""},"geometry":{"type":"Point","coordinates":[-74.7544416570654,40.2190191324944]}},{"type":"Feature","properties":{"id":"us-rail-station-TRF","name":"Florence, OR","station_code":"TRF","station_type":"Platform only (no shelter)","aliases":""},"geometry":{"type":"Point","coordinates":[-124.087011390953,43.982232234687]}},{"type":"Feature","properties":{"id":"us-rail-station-TRI","name":"Trinidad, CO","station_code":"TRI","station_type":"Platform only (no shelter)","aliases":""},"geometry":{"type":"Point","coordinates":[-104.507990726481,37.1726940821346]}},{"type":"Feature","properties":{"id":"us-rail-station-TRK","name":"Turlock-Denair, CA","station_code":"TRK","station_type":"Platform with Shelter","aliases":"Denair"},"geometry":{"type":"Point","coordinates":[-120.798021938244,37.5272340399888]}},{"type":"Feature","properties":{"id":"us-rail-station-TRM","name":"Troy, MI","station_code":"TRM","station_type":"Station Building (with waiting room)","aliases":""},"geometry":{"type":"Point","coordinates":[-83.191030476395,42.5425632047]}},{"type":"Feature","properties":{"id":"us-rail-station-TRR","name":"Trout Run, PA","station_code":"TRR","station_type":"Curbside Bus Stop only (no shelter)","aliases":""},"geometry":{"type":"Point","coordinates":[-77.0616084664874,41.3818742706244]}},{"type":"Feature","properties":{"id":"us-rail-station-TRU","name":"Truckee, CA","station_code":"TRU","station_type":"Station Building (with waiting room)","aliases":""},"geometry":{"type":"Point","coordinates":[-120.185400058517,39.3276212442778]}},{"type":"Feature","properties":{"id":"us-rail-station-TRV","name":"Traverse City, MI","station_code":"TRV","station_type":"Curbside Bus Stop only (no shelter)","aliases":""},"geometry":{"type":"Point","coordinates":[-85.6278504552409,44.765177447642]}},{"type":"Feature","properties":{"id":"us-rail-station-TTC","name":"Tillamook, OR","station_code":"TTC","station_type":"Curbside Bus Stop only (no shelter)","aliases":""},"geometry":{"type":"Point","coordinates":[-123.842336646163,45.4569393417051]}},{"type":"Feature","properties":{"id":"us-rail-station-TUA","name":"Tualatin, OR","station_code":"TUA","station_type":"Curbside Bus Stop only (no shelter)","aliases":""},"geometry":{"type":"Point","coordinates":[-122.748803467628,45.3947654505366]}},{"type":"Feature","properties":{"id":"us-rail-station-TUK","name":"Tukwila, WA","station_code":"TUK","station_type":"Platform with Shelter","aliases":""},"geometry":{"type":"Point","coordinates":[-122.240268844477,47.4610866186681]}},{"type":"Feature","properties":{"id":"us-rail-station-TUS","name":"Tucson, AZ","station_code":"TUS","station_type":"Station Building (with waiting room)","aliases":""},"geometry":{"type":"Point","coordinates":[-110.966780714437,32.2229820001109]}},{"type":"Feature","properties":{"id":"us-rail-station-TVF","name":"The Villages-Lady Lake, FL","station_code":"TVF","station_type":"Curbside Bus Stop only (no shelter)","aliases":"Lady Lake,Villages"},"geometry":{"type":"Point","coordinates":[-81.9579922912411,28.9530724265349]}},{"type":"Feature","properties":{"id":"us-rail-station-TWC","name":"Tawas City, MI","station_code":"TWC","station_type":"Curbside Bus Stop only (no shelter)","aliases":""},"geometry":{"type":"Point","coordinates":[-83.5310637502652,44.2572894810095]}},{"type":"Feature","properties":{"id":"us-rail-station-TWO","name":"Toronto, ON","station_code":"TWO","station_type":"Station Building (with waiting room)","aliases":"Ontario,Union"},"geometry":{"type":"Point","coordinates":[-79.3807653828574,43.645435584051]}},{"type":"Feature","properties":{"id":"us-rail-station-TXA","name":"Texarkana, AR","station_code":"TXA","station_type":"Station Building (with waiting room)","aliases":""},"geometry":{"type":"Point","coordinates":[-94.0430888526178,33.4200729786149]}},{"type":"Feature","properties":{"id":"us-rail-station-TYL","name":"Tyler, TX","station_code":"TYL","station_type":"Curbside Bus Stop only (no shelter)","aliases":""},"geometry":{"type":"Point","coordinates":[-95.2994791163833,32.354647718584]}},{"type":"Feature","properties":{"id":"us-rail-station-TYR","name":"Tyrone, PA","station_code":"TYR","station_type":"Platform with Shelter","aliases":""},"geometry":{"type":"Point","coordinates":[-78.2404727872352,40.6677130862211]}},{"type":"Feature","properties":{"id":"us-rail-station-UCA","name":"Utica, NY","station_code":"UCA","station_type":"Station Building (with waiting room)","aliases":""},"geometry":{"type":"Point","coordinates":[-75.2234360005354,43.1039006643967]}},{"type":"Feature","properties":{"id":"us-rail-station-UKH","name":"Ukiah, CA","station_code":"UKH","station_type":"Curbside Bus Stop only (no shelter)","aliases":"Mendocino College"},"geometry":{"type":"Point","coordinates":[-123.199080499465,39.1528769936331]}},{"type":"Feature","properties":{"id":"us-rail-station-UWS","name":"Winston-Salem, NC","station_code":"UWS","station_type":"Curbside Bus Stop only (no shelter)","aliases":""},"geometry":{"type":"Point","coordinates":[-80.1340820752211,36.0539630831312]}},{"type":"Feature","properties":{"id":"us-rail-station-VAB","name":"Virginia Beach, VA","station_code":"VAB","station_type":"Curbside Bus Stop only (no shelter)","aliases":""},"geometry":{"type":"Point","coordinates":[-75.9854138527115,36.8459203981508]}},{"type":"Feature","properties":{"id":"us-rail-station-VAC","name":"Vancouver, BC Canada","station_code":"VAC","station_type":"Station Building (with waiting room)","aliases":"Pacific Central,British Columbia"},"geometry":{"type":"Point","coordinates":[-123.098351440968,49.2737626112165]}},{"type":"Feature","properties":{"id":"us-rail-station-VAE","name":"Vale, OR","station_code":"VAE","station_type":"Curbside Bus Stop only (no shelter)","aliases":""},"geometry":{"type":"Point","coordinates":[-117.241657267701,43.9810488898488]}},{"type":"Feature","properties":{"id":"us-rail-station-VAL","name":"Vallejo, CA","station_code":"VAL","station_type":"Curbside Bus Stop only (no shelter)","aliases":""},"geometry":{"type":"Point","coordinates":[-122.259253229735,38.1002669830587]}},{"type":"Feature","properties":{"id":"us-rail-station-VAN","name":"Vancouver, WA USA","station_code":"VAN","station_type":"Station Building (with waiting room)","aliases":""},"geometry":{"type":"Point","coordinates":[-122.686558506296,45.6289064701607]}},{"type":"Feature","properties":{"id":"us-rail-station-VAS","name":"Livermore, CA","station_code":"VAS","station_type":"Platform with Shelter","aliases":""},"geometry":{"type":"Point","coordinates":[-121.718359099957,37.6969909889103]}},{"type":"Feature","properties":{"id":"us-rail-station-VBC","name":"Victoria, BC","station_code":"VBC","station_type":"Curbside Bus Stop only (no shelter)","aliases":""},"geometry":{"type":"Point","coordinates":[-123.366112258841,48.4209605416968]}},{"type":"Feature","properties":{"id":"us-rail-station-VEC","name":"Ventura, CA","station_code":"VEC","station_type":"Platform with Shelter","aliases":""},"geometry":{"type":"Point","coordinates":[-119.299930380228,34.2769338198213]}},{"type":"Feature","properties":{"id":"us-rail-station-VIF","name":"Victoria, BC","station_code":"VIF","station_type":"Station Building (with waiting room)","aliases":""},"geometry":{"type":"Point","coordinates":[-123.374189260394,48.4224315406736]}},{"type":"Feature","properties":{"id":"us-rail-station-VIS","name":"Visalia, CA","station_code":"VIS","station_type":"Station Building (with waiting room)","aliases":""},"geometry":{"type":"Point","coordinates":[-119.28843656822,36.3318970310204]}},{"type":"Feature","properties":{"id":"us-rail-station-VKS","name":"Vicksburg, MS","station_code":"VKS","station_type":"Station Building (with waiting room)","aliases":""},"geometry":{"type":"Point","coordinates":[-90.8638339415687,32.3294618900123]}},{"type":"Feature","properties":{"id":"us-rail-station-VNA","name":"Vienna, IL","station_code":"VNA","station_type":"Curbside Bus Stop only (no shelter)","aliases":""},"geometry":{"type":"Point","coordinates":[-88.8976547249708,37.4153909826715]}},{"type":"Feature","properties":{"id":"us-rail-station-VNC","name":"Van Nuys, CA","station_code":"VNC","station_type":"Station Building (with waiting room)","aliases":""},"geometry":{"type":"Point","coordinates":[-118.448218234185,34.2112988621933]}},{"type":"Feature","properties":{"id":"us-rail-station-VRN","name":"Ferrisburgh-Vergennes, VT","station_code":"VRN","station_type":"Station Building (with waiting room)","aliases":"vergennes"},"geometry":{"type":"Point","coordinates":[-73.2488254302427,44.1809299345437]}},{"type":"Feature","properties":{"id":"us-rail-station-VRV","name":"Victorville, CA","station_code":"VRV","station_type":"Platform only (no shelter)","aliases":""},"geometry":{"type":"Point","coordinates":[-117.292968065651,34.5372049647021]}},{"type":"Feature","properties":{"id":"us-rail-station-VTA","name":"Veneta, OR","station_code":"VTA","station_type":"Platform only (no shelter)","aliases":""},"geometry":{"type":"Point","coordinates":[-123.352315294904,44.0512523109043]}},{"type":"Feature","properties":{"id":"us-rail-station-WAB","name":"Waterbury-Stowe, VT","station_code":"WAB","station_type":"Station Building (with waiting room)","aliases":"Stowe"},"geometry":{"type":"Point","coordinates":[-72.751807276407,44.3350199800155]}},{"type":"Feature","properties":{"id":"us-rail-station-WAC","name":"Wasco, CA","station_code":"WAC","station_type":"Platform with Shelter","aliases":""},"geometry":{"type":"Point","coordinates":[-119.332321503061,35.5940969539127]}},{"type":"Feature","properties":{"id":"us-rail-station-WAG","name":"Wallingford, VT","station_code":"WAG","station_type":"Curbside Bus Stop only (no shelter)","aliases":""},"geometry":{"type":"Point","coordinates":[-72.9766052917561,43.4760558164896]}},{"type":"Feature","properties":{"id":"us-rail-station-WAH","name":"Washington, MO","station_code":"WAH","station_type":"Station Building (with waiting room)","aliases":""},"geometry":{"type":"Point","coordinates":[-91.0127234108063,38.5614730871784]}},{"type":"Feature","properties":{"id":"us-rail-station-WAR","name":"Warrensburg, MO","station_code":"WAR","station_type":"Station Building (with waiting room)","aliases":""},"geometry":{"type":"Point","coordinates":[-93.7409071775106,38.7627569733639]}},{"type":"Feature","properties":{"id":"us-rail-station-WAS","name":"Washington, DC","station_code":"WAS","station_type":"Station Building (with waiting room)","aliases":"Union Station"},"geometry":{"type":"Point","coordinates":[-77.0064242857458,38.8970007864616]}},{"type":"Feature","properties":{"id":"us-rail-station-WAU","name":"Waupaca, WI","station_code":"WAU","station_type":"Curbside Bus Stop only (no shelter)","aliases":""},"geometry":{"type":"Point","coordinates":[-89.1197644626619,44.3568051727116]}},{"type":"Feature","properties":{"id":"us-rail-station-WBG","name":"Williamsburg, VA","station_code":"WBG","station_type":"Station Building (with waiting room)","aliases":""},"geometry":{"type":"Point","coordinates":[-76.7085660987948,37.2764214641219]}},{"type":"Feature","properties":{"id":"us-rail-station-WBN","name":"Woodburn, OR","station_code":"WBN","station_type":"Platform with Shelter","aliases":""},"geometry":{"type":"Point","coordinates":[-122.876396437186,45.151594423042]}},{"type":"Feature","properties":{"id":"us-rail-station-WCH","name":"Westchester, CA","station_code":"WCH","station_type":"Curbside Bus Stop only (no shelter)","aliases":""},"geometry":{"type":"Point","coordinates":[-118.39240220632,33.9758298390657]}},{"type":"Feature","properties":{"id":"us-rail-station-WCX","name":"Waco, TX","station_code":"WCX","station_type":"Curbside Bus Stop only (no shelter)","aliases":""},"geometry":{"type":"Point","coordinates":[-97.132352539052,31.5522444890974]}},{"type":"Feature","properties":{"id":"us-rail-station-WDB","name":"Woodbridge, VA","station_code":"WDB","station_type":"Platform with Shelter","aliases":""},"geometry":{"type":"Point","coordinates":[-77.2478543462723,38.6589227293134]}},{"type":"Feature","properties":{"id":"us-rail-station-WDL","name":"Wisconsin Dells, WI","station_code":"WDL","station_type":"Station Building (with waiting room)","aliases":""},"geometry":{"type":"Point","coordinates":[-89.777457569936,43.6265170168132]}},{"type":"Feature","properties":{"id":"us-rail-station-WDO","name":"Waldo, FL","station_code":"WDO","station_type":"Station Building (with waiting room)","aliases":""},"geometry":{"type":"Point","coordinates":[-82.1667303822476,29.7905126188559]}},{"type":"Feature","properties":{"id":"us-rail-station-WDR","name":"Waldoboro, ME","station_code":"WDR","station_type":"Curbside Bus Stop only (no shelter)","aliases":""},"geometry":{"type":"Point","coordinates":[-69.3821121356288,44.1014800496469]}},{"type":"Feature","properties":{"id":"us-rail-station-WEC","name":"Wenatchee, WA","station_code":"WEC","station_type":"Curbside Bus Stop only (no shelter)","aliases":""},"geometry":{"type":"Point","coordinates":[-120.307320513806,47.4210678262795]}},{"type":"Feature","properties":{"id":"us-rail-station-WEL","name":"Wellington, KS","station_code":"WEL","station_type":"Curbside Bus Stop only (no shelter)","aliases":""},"geometry":{"type":"Point","coordinates":[-97.3818500026325,37.2749355146925]}},{"type":"Feature","properties":{"id":"us-rail-station-WEM","name":"Wells, ME","station_code":"WEM","station_type":"Station Building (with waiting room)","aliases":""},"geometry":{"type":"Point","coordinates":[-70.6121925000304,43.3208448680801]}},{"type":"Feature","properties":{"id":"us-rail-station-WEN","name":"Wenatchee, WA","station_code":"WEN","station_type":"Platform with Shelter","aliases":""},"geometry":{"type":"Point","coordinates":[-120.30656651377,47.4215618258592]}},{"type":"Feature","properties":{"id":"us-rail-station-WES","name":"Westwood UCLA, CA","station_code":"WES","station_type":"Curbside Bus Stop only (no shelter)","aliases":""},"geometry":{"type":"Point","coordinates":[-118.448991222809,34.0687768461057]}},{"type":"Feature","properties":{"id":"us-rail-station-WFD","name":"Wallingford, CT","station_code":"WFD","station_type":"Platform with Shelter","aliases":""},"geometry":{"type":"Point","coordinates":[-72.8252221136629,41.4569774419783]}},{"type":"Feature","properties":{"id":"us-rail-station-WFH","name":"Whitefish, MT","station_code":"WFH","station_type":"Station Building (with waiting room)","aliases":""},"geometry":{"type":"Point","coordinates":[-114.335588625142,48.4134805292061]}},{"type":"Feature","properties":{"id":"us-rail-station-WFR","name":"Westfir, OR","station_code":"WFR","station_type":"Platform only (no shelter)","aliases":""},"geometry":{"type":"Point","coordinates":[-122.529520115485,43.7573943720508]}},{"type":"Feature","properties":{"id":"us-rail-station-WGL","name":"West Glacier, MT","station_code":"WGL","station_type":"Platform only (no shelter)","aliases":"glacier"},"geometry":{"type":"Point","coordinates":[-113.979177571541,48.4962245731381]}},{"type":"Feature","properties":{"id":"us-rail-station-WHL","name":"Whitehall, NY","station_code":"WHL","station_type":"Platform only (no shelter)","aliases":""},"geometry":{"type":"Point","coordinates":[-73.4032084370057,43.5547028154658]}},{"type":"Feature","properties":{"id":"us-rail-station-WIC","name":"Wichita, KS","station_code":"WIC","station_type":"Platform with Shelter","aliases":""},"geometry":{"type":"Point","coordinates":[-97.3340660264205,37.6847125869129]}},{"type":"Feature","properties":{"id":"us-rail-station-WIH","name":"Wishram, WA","station_code":"WIH","station_type":"Platform only (no shelter)","aliases":"Dalles,The Dalles"},"geometry":{"type":"Point","coordinates":[-120.966156236799,45.6576746483731]}},{"type":"Feature","properties":{"id":"us-rail-station-WIL","name":"Wilmington, DE","station_code":"WIL","station_type":"Station Building (with waiting room)","aliases":""},"geometry":{"type":"Point","coordinates":[-75.5510968804053,39.7372710082252]}},{"type":"Feature","properties":{"id":"us-rail-station-WIN","name":"Winona, MN","station_code":"WIN","station_type":"Platform with Shelter","aliases":""},"geometry":{"type":"Point","coordinates":[-91.6400801621023,44.044411963296]}},{"type":"Feature","properties":{"id":"us-rail-station-WIP","name":"Fraser-Winter Park, CO","station_code":"WIP","station_type":"Platform with Shelter","aliases":"Winter Park"},"geometry":{"type":"Point","coordinates":[-105.817398323132,39.9475723896333]}},{"type":"Feature","properties":{"id":"us-rail-station-WIT","name":"Wittenberg, WI","station_code":"WIT","station_type":"Curbside Bus Stop only (no shelter)","aliases":""},"geometry":{"type":"Point","coordinates":[-89.1212075208259,44.8227582452358]}},{"type":"Feature","properties":{"id":"us-rail-station-WKB","name":"Wilkes-Barre, PA","station_code":"WKB","station_type":"Station Building (with waiting room)","aliases":""},"geometry":{"type":"Point","coordinates":[-75.883198082419,41.2450322904086]}},{"type":"Feature","properties":{"id":"us-rail-station-WLC","name":"Welches, OR","station_code":"WLC","station_type":"Curbside Bus Stop only (no shelter)","aliases":""},"geometry":{"type":"Point","coordinates":[-121.962914334678,45.3475515273368]}},{"type":"Feature","properties":{"id":"us-rail-station-WLM","name":"Williamsport, PA","station_code":"WLM","station_type":"Station Building (with waiting room)","aliases":"Lockhaven University,Pennsylvania College,Lycoming College"},"geometry":{"type":"Point","coordinates":[-77.0008084372044,41.2403552457473]}},{"type":"Feature","properties":{"id":"us-rail-station-WLN","name":"Wilson, NC","station_code":"WLN","station_type":"Station Building (with waiting room)","aliases":"Goldsboro"},"geometry":{"type":"Point","coordinates":[-77.9080313842402,35.7231420922931]}},{"type":"Feature","properties":{"id":"us-rail-station-WLO","name":"Winslow, AZ","station_code":"WLO","station_type":"Platform with Shelter","aliases":""},"geometry":{"type":"Point","coordinates":[-110.694991869695,35.0216714074285]}},{"type":"Feature","properties":{"id":"us-rail-station-WLY","name":"Westerly, RI","station_code":"WLY","station_type":"Platform with Shelter","aliases":""},"geometry":{"type":"Point","coordinates":[-71.82978078609,41.3810894604892]}},{"type":"Feature","properties":{"id":"us-rail-station-WMD","name":"Williams, CA","station_code":"WMD","station_type":"Curbside Bus Stop only (no shelter)","aliases":""},"geometry":{"type":"Point","coordinates":[-122.147011343692,39.1570880766792]}},{"type":"Feature","properties":{"id":"us-rail-station-WMH","name":"Williams, AZ","station_code":"WMH","station_type":"Station Building (with waiting room)","aliases":""},"geometry":{"type":"Point","coordinates":[-112.198146188921,35.2511453504614]}},{"type":"Feature","properties":{"id":"us-rail-station-WMN","name":"Wilmington, NC","station_code":"WMN","station_type":"Station Building (with waiting room)","aliases":""},"geometry":{"type":"Point","coordinates":[-77.8748973007683,34.2511987710133]}},{"type":"Feature","properties":{"id":"us-rail-station-WMS","name":"Warm Springs, OR","station_code":"WMS","station_type":"Curbside Bus Stop only (no shelter)","aliases":""},"geometry":{"type":"Point","coordinates":[-121.263791105265,44.7638895607694]}},{"type":"Feature","properties":{"id":"us-rail-station-WND","name":"Windsor, CT","station_code":"WND","station_type":"Platform with Shelter","aliases":""},"geometry":{"type":"Point","coordinates":[-72.6422540776536,41.8520215245715]}},{"type":"Feature","properties":{"id":"us-rail-station-WNL","name":"Windsor Locks, CT","station_code":"WNL","station_type":"Platform with Shelter","aliases":""},"geometry":{"type":"Point","coordinates":[-72.6261020759944,41.9139645366161]}},{"type":"Feature","properties":{"id":"us-rail-station-WNM","name":"Windsor-Mt. Ascutney, VT","station_code":"WNM","station_type":"Platform only (no shelter)","aliases":"Mt. Ascutney,Mt Ascutney,mount ascutney"},"geometry":{"type":"Point","coordinates":[-72.3849860961356,43.4799168380847]}},{"type":"Feature","properties":{"id":"us-rail-station-WNN","name":"Winnemucca, NV","station_code":"WNN","station_type":"Platform with Shelter","aliases":""},"geometry":{"type":"Point","coordinates":[-117.732222869563,40.9690495870687]}},{"type":"Feature","properties":{"id":"us-rail-station-WNO","name":"Windsor, ON","station_code":"WNO","station_type":"Station Building (with waiting room)","aliases":""},"geometry":{"type":"Point","coordinates":[-83.0430774110097,42.3178421724488]}},{"type":"Feature","properties":{"id":"us-rail-station-WNR","name":"Walnut Ridge, AR","station_code":"WNR","station_type":"Station Building (with waiting room)","aliases":""},"geometry":{"type":"Point","coordinates":[-90.956772199966,36.0676666277317]}},{"type":"Feature","properties":{"id":"us-rail-station-WNS","name":"Winston-Salem, NC","station_code":"WNS","station_type":"Station Building (with waiting room)","aliases":""},"geometry":{"type":"Point","coordinates":[-80.2455641113997,36.0997860887475]}},{"type":"Feature","properties":{"id":"us-rail-station-WNT","name":"Warrenton, OR","station_code":"WNT","station_type":"Curbside Bus Stop only (no shelter)","aliases":""},"geometry":{"type":"Point","coordinates":[-123.901897805244,46.1614663724754]}},{"type":"Feature","properties":{"id":"us-rail-station-WOB","name":"Woburn, MA","station_code":"WOB","station_type":"Station Building (with waiting room)","aliases":""},"geometry":{"type":"Point","coordinates":[-71.1438236275021,42.5173667002656]}},{"type":"Feature","properties":{"id":"us-rail-station-WOR","name":"Worcester, MA","station_code":"WOR","station_type":"Station Building (with waiting room)","aliases":"Union Station"},"geometry":{"type":"Point","coordinates":[-71.7948128261014,42.2614866305491]}},{"type":"Feature","properties":{"id":"us-rail-station-WPB","name":"West Palm Beach, FL","station_code":"WPB","station_type":"Station Building (with waiting room)","aliases":""},"geometry":{"type":"Point","coordinates":[-80.0621866673013,26.7125589258113]}},{"type":"Feature","properties":{"id":"us-rail-station-WPK","name":"Winter Park, FL","station_code":"WPK","station_type":"Station Building (with waiting room)","aliases":""},"geometry":{"type":"Point","coordinates":[-81.3519961020807,28.5971043575676]}},{"type":"Feature","properties":{"id":"us-rail-station-WPR","name":"Winter Park, CO","station_code":"WPR","station_type":"Platform with Shelter","aliases":"ski train"},"geometry":{"type":"Point","coordinates":[-105.763255303279,39.8875903853225]}},{"type":"Feature","properties":{"id":"us-rail-station-WPS","name":"Winter Park, CO","station_code":"WPS","station_type":"Curbside Bus Stop only (no shelter)","aliases":""},"geometry":{"type":"Point","coordinates":[-105.761846302942,39.8836963845539]}},{"type":"Feature","properties":{"id":"us-rail-station-WPT","name":"Wolf Point, MT","station_code":"WPT","station_type":"Station Building (with waiting room)","aliases":""},"geometry":{"type":"Point","coordinates":[-105.642747591607,48.0916793676117]}},{"type":"Feature","properties":{"id":"us-rail-station-WRJ","name":"White River Junction, VT","station_code":"WRJ","station_type":"Station Building (with waiting room)","aliases":""},"geometry":{"type":"Point","coordinates":[-72.3172730851769,43.6477938710369]}},{"type":"Feature","properties":{"id":"us-rail-station-WRT","name":"Watertown, NY","station_code":"WRT","station_type":"Station Building (with waiting room)","aliases":""},"geometry":{"type":"Point","coordinates":[-75.9326012979818,43.9844807948853]}},{"type":"Feature","properties":{"id":"us-rail-station-WSB","name":"Westbrook, CT","station_code":"WSB","station_type":"Station Building (with waiting room)","aliases":""},"geometry":{"type":"Point","coordinates":[-72.4480009810404,41.2887954222026]}},{"type":"Feature","properties":{"id":"us-rail-station-WSJ","name":"Wausau, WI","station_code":"WSJ","station_type":"Curbside Bus Stop only (no shelter)","aliases":""},"geometry":{"type":"Point","coordinates":[-89.6246346879881,44.9594642341999]}},{"type":"Feature","properties":{"id":"us-rail-station-WSP","name":"Westport, NY","station_code":"WSP","station_type":"Station Building (with waiting room)","aliases":""},"geometry":{"type":"Point","coordinates":[-73.4517744972839,44.1872969281983]}},{"type":"Feature","properties":{"id":"us-rail-station-WSS","name":"White Sulphur Springs, WV","station_code":"WSS","station_type":"Platform with Shelter","aliases":""},"geometry":{"type":"Point","coordinates":[-80.3040072299734,37.7864504345839]}},{"type":"Feature","properties":{"id":"us-rail-station-WST","name":"Wiscasset, ME","station_code":"WST","station_type":"Curbside Bus Stop only (no shelter)","aliases":""},"geometry":{"type":"Point","coordinates":[-69.7092302372344,43.9759750169666]}},{"type":"Feature","properties":{"id":"us-rail-station-WSU","name":"Wausau-Rothschild, WI","station_code":"WSU","station_type":"Station Building (with waiting room)","aliases":"Rothschild"},"geometry":{"type":"Point","coordinates":[-89.6356496772884,44.854332217725]}},{"type":"Feature","properties":{"id":"us-rail-station-WTH","name":"Winter Haven, FL","station_code":"WTH","station_type":"Station Building (with waiting room)","aliases":""},"geometry":{"type":"Point","coordinates":[-81.7348811943163,28.0021512034766]}},{"type":"Feature","properties":{"id":"us-rail-station-WTI","name":"Waterloo, IN","station_code":"WTI","station_type":"Station Building (with waiting room)","aliases":""},"geometry":{"type":"Point","coordinates":[-85.0243029325096,41.431823915143]}},{"type":"Feature","properties":{"id":"us-rail-station-WTN","name":"Williston, ND","station_code":"WTN","station_type":"Station Building (with waiting room)","aliases":""},"geometry":{"type":"Point","coordinates":[-103.620937095564,48.1430075605057]}},{"type":"Feature","properties":{"id":"us-rail-station-WTS","name":"Willits, CA","station_code":"WTS","station_type":"Curbside Bus Stop only (no shelter)","aliases":""},"geometry":{"type":"Point","coordinates":[-123.35101655648,39.4126020007436]}},{"type":"Feature","properties":{"id":"us-rail-station-WWA","name":"Walla Walla, WA","station_code":"WWA","station_type":"Curbside Bus Stop only (no shelter)","aliases":"Pasco"},"geometry":{"type":"Point","coordinates":[-118.341515870427,46.0659949422605]}},{"type":"Feature","properties":{"id":"us-rail-station-WWD","name":"Wildwood, FL","station_code":"WWD","station_type":"Station Building (with waiting room)","aliases":""},"geometry":{"type":"Point","coordinates":[-82.0395213113195,28.866169403312]}},{"type":"Feature","properties":{"id":"us-rail-station-YAZ","name":"Yazoo City, MS","station_code":"YAZ","station_type":"Platform with Shelter","aliases":""},"geometry":{"type":"Point","coordinates":[-90.415235847523,32.8484830143877]}},{"type":"Feature","properties":{"id":"us-rail-station-YCH","name":"Yachats, OR","station_code":"YCH","station_type":"Curbside Bus Stop only (no shelter)","aliases":""},"geometry":{"type":"Point","coordinates":[-124.105471455631,44.3117072515437]}},{"type":"Feature","properties":{"id":"us-rail-station-YEM","name":"Yemassee, SC","station_code":"YEM","station_type":"Platform with Shelter","aliases":""},"geometry":{"type":"Point","coordinates":[-80.8469041159485,32.6882923250902]}},{"type":"Feature","properties":{"id":"us-rail-station-YNY","name":"Yonkers, NY","station_code":"YNY","station_type":"Station Building (with waiting room)","aliases":""},"geometry":{"type":"Point","coordinates":[-73.9022644289449,40.9355943034225]}},{"type":"Feature","properties":{"id":"us-rail-station-YOC","name":"Yosemite National Park, CA","station_code":"YOC","station_type":"Curbside Bus Stop only (no shelter)","aliases":""},"geometry":{"type":"Point","coordinates":[-119.570617765566,37.737735147406]}},{"type":"Feature","properties":{"id":"us-rail-station-YOF","name":"Yosemite National Park, CA","station_code":"YOF","station_type":"Curbside Bus Stop only (no shelter)","aliases":""},"geometry":{"type":"Point","coordinates":[-119.797157803796,37.7531391320867]}},{"type":"Feature","properties":{"id":"us-rail-station-YOH","name":"Yosemite National Park, CA","station_code":"YOH","station_type":"Curbside Bus Stop only (no shelter)","aliases":""},"geometry":{"type":"Point","coordinates":[-119.657575756759,37.5376591221941]}},{"type":"Feature","properties":{"id":"us-rail-station-YOM","name":"Yosemite National Park, CA","station_code":"YOM","station_type":"Curbside Bus Stop only (no shelter)","aliases":""},"geometry":{"type":"Point","coordinates":[-119.63035374848,37.5068391210042]}},{"type":"Feature","properties":{"id":"us-rail-station-YOS","name":"Yosemite National Park, CA","station_code":"YOS","station_type":"Curbside Bus Stop only (no shelter)","aliases":""},"geometry":{"type":"Point","coordinates":[-119.599343770125,37.7426511452423]}},{"type":"Feature","properties":{"id":"us-rail-station-YOT","name":"Yosemite National Park, CA","station_code":"YOT","station_type":"Curbside Bus Stop only (no shelter)","aliases":""},"geometry":{"type":"Point","coordinates":[-119.373813748194,37.8722451736741]}},{"type":"Feature","properties":{"id":"us-rail-station-YOV","name":"Yosemite National Park, CA","station_code":"YOV","station_type":"Curbside Bus Stop only (no shelter)","aliases":""},"geometry":{"type":"Point","coordinates":[-119.586330768631,37.7480471471144]}},{"type":"Feature","properties":{"id":"us-rail-station-YOW","name":"Yosemite National Park, CA","station_code":"YOW","station_type":"Curbside Bus Stop only (no shelter)","aliases":""},"geometry":{"type":"Point","coordinates":[-119.64930579349,37.8696411536054]}},{"type":"Feature","properties":{"id":"us-rail-station-YUM","name":"Yuma, AZ","station_code":"YUM","station_type":"Platform only (no shelter)","aliases":""},"geometry":{"type":"Point","coordinates":[-114.615582448127,32.7231438904693]}}]}