{"type":"FeatureCollection","features":[{"type":"Feature","properties":{"id":"us-arealm-1105598663768","name":"Hanford Reservation","zone_type":"industrial_park","site_class":"industrial_landuse","coastal_inland_label":"inland","state_fips":"53","mtfcc":"K2362","aland":1137354471,"awater":25854180},"geometry":{"type":"Polygon","coordinates":[[[-119.802069,46.598744],[-119.801941,46.601846],[-119.801929,46.601932],[-119.801895,46.602191],[-119.801884,46.602278],[-119.801815,46.603923],[-119.801688,46.606949],[-119.801621,46.608551],[-119.801608,46.608859],[-119.801539,46.610505],[-119.801539,46.611267],[-119.801538,46.612754],[-119.801538,46.613471],[-119.801537,46.615516],[-119.801535,46.617978],[-119.801535,46.619501],[-119.801535,46.621751],[-119.801526,46.622215],[-119.801503,46.62361],[-119.801496,46.624075],[-119.801495,46.624855],[-119.801162,46.624855],[-119.800639,46.624855],[-119.80054,46.627667],[-119.800501,46.628779],[-119.800496,46.629106],[-119.800484,46.630086],[-119.800516,46.630554],[-119.799839,46.63065],[-119.797872,46.630928],[-119.794273,46.631578],[-119.792893,46.631787],[-119.790589,46.632048],[-119.788116,46.632326],[-119.787153,46.632532],[-119.785635,46.632855],[-119.784972,46.633007],[-119.782696,46.633425],[-119.781235,46.633584],[-119.780871,46.633598],[-119.776649,46.63374],[-119.775461,46.633817],[-119.774209,46.633974],[-119.771731,46.634373],[-119.768978,46.634721],[-119.767705,46.63487],[-119.765458,46.635167],[-119.763601,46.635324],[-119.761458,46.635417],[-119.757859,46.635428],[-119.752883,46.635671],[-119.751833,46.635644],[-119.75145,46.635634],[-119.750972,46.635662],[-119.750759,46.635723],[-119.748358,46.636406],[-119.747509,46.636648],[-119.743387,46.63782],[-119.74297,46.637939],[-119.740366,46.639064],[-119.736297,46.641084],[-119.733482,46.642308],[-119.732824,46.642545],[-119.731748,46.642935],[-119.729779,46.643652],[-119.728799,46.644055],[-119.727081,46.644763],[-119.723398,46.645986],[-119.720448,46.647068],[-119.719053,46.647449],[-119.717216,46.647815],[-119.712074,46.648689],[-119.711057,46.648818],[-119.710104,46.648886],[-119.708436,46.648908],[-119.705946,46.648941],[-119.704461,46.648926],[-119.696366,46.648573],[-119.694372,46.648442],[-119.694226,46.648436],[-119.693429,46.64835],[-119.692194,46.648217],[-119.689484,46.64784],[-119.684842,46.647097],[-119.681122,46.646502],[-119.679661,46.646199],[-119.678123,46.64575],[-119.677125,46.645367],[-119.675144,46.644444],[-119.673616,46.643844],[-119.671058,46.642953],[-119.668929,46.642305],[-119.66554,46.641417],[-119.66392,46.64105],[-119.661772,46.64067],[-119.659189,46.640333],[-119.6576,46.640206],[-119.657041,46.64016],[-119.654893,46.640073],[-119.651966,46.640062],[-119.649819,46.640133],[-119.647805,46.640355],[-119.644568,46.641101],[-119.642882,46.641239],[-119.642708,46.641248],[-119.641236,46.641327],[-119.640402,46.641437],[-119.639719,46.641592],[-119.637982,46.642142],[-119.637154,46.642355],[-119.635989,46.642542],[-119.633388,46.642813],[-119.632327,46.642965],[-119.63003,46.643422],[-119.627711,46.644004],[-119.625522,46.644669],[-119.624929,46.64488],[-119.623187,46.645498],[-119.621782,46.646077],[-119.620951,46.646419],[-119.618479,46.647583],[-119.613603,46.650381],[-119.607584,46.65391],[-119.601135,46.657309],[-119.598084,46.659328],[-119.595396,46.661109],[-119.589001,46.664871],[-119.582039,46.669657],[-119.581684,46.669906],[-119.579831,46.67158],[-119.57427,46.676731],[-119.572735,46.678099],[-119.571219,46.679432],[-119.565955,46.684758],[-119.562434,46.688121],[-119.558437,46.691382],[-119.554284,46.694233],[-119.549933,46.697732],[-119.549055,46.698488],[-119.545764,46.701508],[-119.539878,46.706376],[-119.539469,46.706714],[-119.537081,46.708175],[-119.535854,46.708927],[-119.534681,46.709644],[-119.533008,46.712277],[-119.532652,46.712772],[-119.53098,46.715096],[-119.529302,46.717916],[-119.52613,46.721163],[-119.524147,46.72275],[-119.52318,46.72335],[-119.522462,46.723793],[-119.520522,46.725409],[-119.518456,46.726781],[-119.516582,46.727638],[-119.516426,46.727646],[-119.514171,46.727763],[-119.511388,46.727687],[-119.508586,46.726966],[-119.505016,46.726158],[-119.501828,46.72497],[-119.501118,46.724705],[-119.500711,46.724455],[-119.498693,46.723212],[-119.496298,46.721737],[-119.495072,46.720981],[-119.493204,46.720341],[-119.491527,46.719587],[-119.489066,46.718146],[-119.488855,46.718002],[-119.487113,46.716814],[-119.485763,46.715668],[-119.484333,46.714228],[-119.483974,46.713867],[-119.483038,46.712784],[-119.482013,46.711297],[-119.481479,46.710656],[-119.479305,46.708785],[-119.478067,46.707669],[-119.477385,46.707055],[-119.47682,46.706545],[-119.474418,46.704566],[-119.473273,46.703625],[-119.472418,46.702918],[-119.469586,46.700591],[-119.464873,46.696913],[-119.462088,46.694969],[-119.460307,46.693831],[-119.458598,46.692838],[-119.455957,46.691441],[-119.454495,46.690654],[-119.453371,46.689953],[-119.452288,46.689196],[-119.451742,46.688676],[-119.45141,46.68836],[-119.450535,46.687268],[-119.450459,46.68714],[-119.450234,46.686761],[-119.450163,46.686641],[-119.450112,46.686554],[-119.449926,46.686241],[-119.449693,46.685516],[-119.449727,46.684785],[-119.449734,46.684737],[-119.450191,46.683058],[-119.450505,46.682264],[-119.450577,46.68213],[-119.450918,46.681488],[-119.451706,46.680504],[-119.4529,46.679468],[-119.453108,46.6793],[-119.45319,46.679243],[-119.453698,46.678883],[-119.455875,46.677343],[-119.45612,46.677122],[-119.456612,46.676679],[-119.456993,46.67623],[-119.457287,46.675647],[-119.457479,46.674749],[-119.457535,46.673926],[-119.457459,46.673096],[-119.45724,46.672286],[-119.457,46.671968],[-119.456766,46.671663],[-119.455993,46.671033],[-119.45441,46.67004],[-119.453582,46.669591],[-119.452742,46.669135],[-119.447935,46.666626],[-119.445533,46.665478],[-119.44356,46.664538],[-119.44293,46.664252],[-119.439716,46.663021],[-119.436088,46.661535],[-119.434791,46.661067],[-119.433264,46.660516],[-119.431346,46.659949],[-119.428725,46.659233],[-119.424936,46.658452],[-119.422884,46.657915],[-119.42075,46.657275],[-119.419843,46.657002],[-119.418976,46.656654],[-119.418772,46.656574],[-119.417985,46.656203],[-119.416925,46.655619],[-119.415813,46.65487],[-119.415606,46.654703],[-119.415248,46.654413],[-119.414839,46.654081],[-119.413046,46.652631],[-119.412818,46.65239],[-119.412005,46.651311],[-119.411562,46.650465],[-119.411353,46.650072],[-119.410494,46.649249],[-119.409798,46.64841],[-119.408777,46.646881],[-119.408216,46.645451],[-119.407698,46.643691],[-119.407412,46.642473],[-119.407135,46.640428],[-119.407123,46.637864],[-119.407311,46.635435],[-119.40763,46.633926],[-119.407791,46.633154],[-119.408082,46.630942],[-119.408122,46.628561],[-119.408007,46.626773],[-119.407804,46.625404],[-119.407633,46.624595],[-119.407321,46.623064],[-119.407057,46.620849],[-119.406816,46.619676],[-119.405294,46.616039],[-119.404667,46.61494],[-119.404012,46.614079],[-119.403042,46.613043],[-119.400293,46.610421],[-119.397952,46.608343],[-119.397258,46.607818],[-119.395452,46.606619],[-119.395103,46.606279],[-119.393652,46.604943],[-119.390727,46.602783],[-119.388239,46.600804],[-119.386753,46.599625],[-119.381477,46.595782],[-119.379043,46.59384],[-119.378224,46.593092],[-119.376407,46.591434],[-119.373157,46.588369],[-119.372406,46.587562],[-119.371621,46.586451],[-119.37131,46.5861],[-119.370739,46.585662],[-119.369297,46.584814],[-119.368666,46.584274],[-119.367987,46.583517],[-119.367361,46.582656],[-119.365797,46.581521],[-119.364956,46.580936],[-119.363915,46.580263],[-119.362078,46.579078],[-119.357592,46.576597],[-119.356772,46.576175],[-119.354972,46.575251],[-119.354106,46.574806],[-119.351826,46.573743],[-119.348498,46.57219],[-119.346851,46.571499],[-119.3461,46.571248],[-119.34156,46.569731],[-119.341023,46.569552],[-119.335278,46.56744],[-119.332372,46.566481],[-119.331228,46.566033],[-119.32975,46.565277],[-119.328329,46.564397],[-119.326732,46.563247],[-119.325822,46.562489],[-119.325413,46.562143],[-119.323558,46.560659],[-119.323323,46.56046],[-119.323089,46.560266],[-119.322341,46.559644],[-119.319847,46.557206],[-119.31828,46.555453],[-119.316636,46.553922],[-119.315918,46.553172],[-119.314042,46.550959],[-119.312112,46.548568],[-119.310804,46.546857],[-119.310264,46.54603],[-119.309485,46.544839],[-119.309072,46.544208],[-119.309,46.544097],[-119.308329,46.543161],[-119.307645,46.542295],[-119.306333,46.540841],[-119.305656,46.53983],[-119.305233,46.539361],[-119.304584,46.538871],[-119.303956,46.53849],[-119.302294,46.537637],[-119.300431,46.536684],[-119.296693,46.535183],[-119.294856,46.534306],[-119.291654,46.53283],[-119.289361,46.531949],[-119.286991,46.530979],[-119.28353,46.529351],[-119.280998,46.528159],[-119.280127,46.527749],[-119.277555,46.526634],[-119.276993,46.526343],[-119.276282,46.525977],[-119.2752,46.525332],[-119.273914,46.524414],[-119.273561,46.524125],[-119.272062,46.522895],[-119.271394,46.522348],[-119.27032,46.521311],[-119.269766,46.520518],[-119.269654,46.520357],[-119.269181,46.519446],[-119.269042,46.51917],[-119.268036,46.516031],[-119.267457,46.514434],[-119.265268,46.509711],[-119.263671,46.505581],[-119.263433,46.504969],[-119.262238,46.502509],[-119.261708,46.500848],[-119.260934,46.499057],[-119.259852,46.496554],[-119.259392,46.4951],[-119.258551,46.490902],[-119.25849,46.49019],[-119.258433,46.489465],[-119.258473,46.488231],[-119.25867,46.487121],[-119.258805,46.486356],[-119.259013,46.485797],[-119.259343,46.485219],[-119.26004,46.48445],[-119.263187,46.481702],[-119.263447,46.481397],[-119.263608,46.4812],[-119.263886,46.480666],[-119.264063,46.479853],[-119.264058,46.478702],[-119.263809,46.477396],[-119.263434,46.476382],[-119.263402,46.476291],[-119.263268,46.475886],[-119.263071,46.475289],[-119.262986,46.474979],[-119.262869,46.474553],[-119.262722,46.473954],[-119.262463,46.47313],[-119.262302,46.472754],[-119.262028,46.472114],[-119.261647,46.470995],[-119.261568,46.470761],[-119.261427,46.470345],[-119.261271,46.469422],[-119.261113,46.468273],[-119.261078,46.467558],[-119.2611,46.467005],[-119.261116,46.466515],[-119.261128,46.466045],[-119.261244,46.465105],[-119.261328,46.464506],[-119.261489,46.463609],[-119.261696,46.462542],[-119.261794,46.462176],[-119.26187,46.461897],[-119.26193,46.461678],[-119.262045,46.461047],[-119.262206,46.460093],[-119.262336,46.459505],[-119.262536,46.458476],[-119.262643,46.4577],[-119.262767,46.456704],[-119.262796,46.456468],[-119.262832,46.456183],[-119.263021,46.45517],[-119.263136,46.454631],[-119.263341,46.453723],[-119.263331,46.452134],[-119.26318,46.451257],[-119.262976,46.449786],[-119.262802,46.448803],[-119.262485,46.44755],[-119.262422,46.446566],[-119.262386,46.446292],[-119.262239,46.445164],[-119.262032,46.443889],[-119.261819,46.442894],[-119.261483,46.441598],[-119.26108,46.440323],[-119.260508,46.438873],[-119.260111,46.437988],[-119.259551,46.43689],[-119.259381,46.43638],[-119.259161,46.435726],[-119.259069,46.434747],[-119.259141,46.433647],[-119.259279,46.432837],[-119.259363,46.432344],[-119.259472,46.431752],[-119.259506,46.431573],[-119.259633,46.430858],[-119.260103,46.428531],[-119.260564,46.426308],[-119.260742,46.425632],[-119.260911,46.424994],[-119.261256,46.423925],[-119.261333,46.423707],[-119.261846,46.421873],[-119.26214,46.420491],[-119.262283,46.420002],[-119.262412,46.419561],[-119.26266,46.418593],[-119.262902,46.417141],[-119.263059,46.41642],[-119.26321,46.415336],[-119.263281,46.414757],[-119.263309,46.41455],[-119.263769,46.413549],[-119.264108,46.412986],[-119.26472,46.411785],[-119.26548,46.410194],[-119.265686,46.409415],[-119.265939,46.408172],[-119.266237,46.406948],[-119.266396,46.405922],[-119.266401,46.40589],[-119.266407,46.405853],[-119.266697,46.404439],[-119.266856,46.403284],[-119.266882,46.402462],[-119.266889,46.402255],[-119.266862,46.40159],[-119.26664,46.400551],[-119.266331,46.399732],[-119.266035,46.39892],[-119.265752,46.397938],[-119.265524,46.397151],[-119.265337,46.396068],[-119.265209,46.394936],[-119.265122,46.39377],[-119.265062,46.393116],[-119.265025,46.392667],[-119.264992,46.392247],[-119.265059,46.391312],[-119.265004,46.390334],[-119.265031,46.389569],[-119.265158,46.387819],[-119.265185,46.387435],[-119.265196,46.387335],[-119.265225,46.387094],[-119.265312,46.386341],[-119.265337,46.385047],[-119.26536,46.383789],[-119.265411,46.383118],[-119.265477,46.382486],[-119.265591,46.381385],[-119.265602,46.381224],[-119.265662,46.381033],[-119.266438,46.378564],[-119.26657,46.378342],[-119.266691,46.378135],[-119.266784,46.377978],[-119.267521,46.376986],[-119.267971,46.376463],[-119.268381,46.376044],[-119.26864,46.375548],[-119.268898,46.375146],[-119.269156,46.374885],[-119.269275,46.374585],[-119.269316,46.374503],[-119.269452,46.374225],[-119.269543,46.373775],[-119.269607,46.373172],[-119.269594,46.372939],[-119.269575,46.372633],[-119.269563,46.371925],[-119.26954,46.371309],[-119.269475,46.370819],[-119.269368,46.370295],[-119.269336,46.370147],[-119.269126,46.369463],[-119.268871,46.368894],[-119.268635,46.368286],[-119.268378,46.367552],[-119.26822,46.367039],[-119.267771,46.365781],[-119.267568,46.365108],[-119.267206,46.364191],[-119.266882,46.363119],[-119.266499,46.361759],[-119.266199,46.360887],[-119.266047,46.360083],[-119.265806,46.359113],[-119.265678,46.358488],[-119.265568,46.358086],[-119.265428,46.357608],[-119.265141,46.356528],[-119.264773,46.355292],[-119.264528,46.354679],[-119.264089,46.35341],[-119.263807,46.352752],[-119.26345,46.352258],[-119.26302,46.351736],[-119.26267,46.351333],[-119.262774,46.351331],[-119.264391,46.351291],[-119.265152,46.351272],[-119.266009,46.351251],[-119.266132,46.351252],[-119.266501,46.351255],[-119.266625,46.351257],[-119.2671,46.351273],[-119.268527,46.351323],[-119.269003,46.35134],[-119.269208,46.351341],[-119.269489,46.351344],[-119.269825,46.351345],[-119.270031,46.351347],[-119.270656,46.351346],[-119.272172,46.351344],[-119.272518,46.351249],[-119.273122,46.351084],[-119.273325,46.351031],[-119.273534,46.350987],[-119.273746,46.350953],[-119.273778,46.350949],[-119.273961,46.35093],[-119.274178,46.350917],[-119.274287,46.350914],[-119.27579,46.350925],[-119.276461,46.350931],[-119.277907,46.350936],[-119.278077,46.350936],[-119.28225,46.350955],[-119.283698,46.350961],[-119.283838,46.350961],[-119.284022,46.350963],[-119.284261,46.350964],[-119.284402,46.350966],[-119.286304,46.350979],[-119.291635,46.351017],[-119.292012,46.35102],[-119.293915,46.351034],[-119.298197,46.351078],[-119.298301,46.351079],[-119.304642,46.351144],[-119.311044,46.35121],[-119.314642,46.351218],[-119.315348,46.35122],[-119.320537,46.351323],[-119.321205,46.351364],[-119.321727,46.351446],[-119.324588,46.352019],[-119.326883,46.3526],[-119.330672,46.353453],[-119.330753,46.353471],[-119.365644,46.361298],[-119.365851,46.361344],[-119.365977,46.361373],[-119.374554,46.363297],[-119.37659,46.363749],[-119.383083,46.365193],[-119.386225,46.365888],[-119.388603,46.366419],[-119.389212,46.366556],[-119.391179,46.367004],[-119.391536,46.367077],[-119.391879,46.367132],[-119.392197,46.36722],[-119.392254,46.367236],[-119.393059,46.367461],[-119.393252,46.367461],[-119.393391,46.367461],[-119.393781,46.367462],[-119.394361,46.367778],[-119.394815,46.368025],[-119.39792,46.369716],[-119.398806,46.370198],[-119.398955,46.37028],[-119.399034,46.370324],[-119.40001,46.370863],[-119.400326,46.371037],[-119.403171,46.372608],[-119.404459,46.373278],[-119.405121,46.373622],[-119.405839,46.374022],[-119.406956,46.374643],[-119.407409,46.374895],[-119.407492,46.374939],[-119.408167,46.375296],[-119.409465,46.376021],[-119.411031,46.376895],[-119.412463,46.377668],[-119.412475,46.377675],[-119.412952,46.377926],[-119.414114,46.37859],[-119.415854,46.379527],[-119.417959,46.380662],[-119.42107,46.382352],[-119.422808,46.383296],[-119.422909,46.383224],[-119.423027,46.383144],[-119.423157,46.383073],[-119.423296,46.383011],[-119.423444,46.38296],[-119.423651,46.382908],[-119.423812,46.382882],[-119.425678,46.38269],[-119.427908,46.38246],[-119.43456,46.381777],[-119.437521,46.381473],[-119.438886,46.381333],[-119.439166,46.381298],[-119.439442,46.381251],[-119.439713,46.38119],[-119.439977,46.381117],[-119.440234,46.381031],[-119.440481,46.380934],[-119.44073,46.380821],[-119.44098,46.380693],[-119.441217,46.380553],[-119.441439,46.380402],[-119.441646,46.380241],[-119.441837,46.380071],[-119.442011,46.379892],[-119.442167,46.379706],[-119.442304,46.379513],[-119.442422,46.379313],[-119.444283,46.375335],[-119.445257,46.373255],[-119.445343,46.373073],[-119.445555,46.373065],[-119.446191,46.373042],[-119.446404,46.373035],[-119.446463,46.372907],[-119.446475,46.372713],[-119.446475,46.372491],[-119.446447,46.372285],[-119.446352,46.372117],[-119.446237,46.371964],[-119.446125,46.371871],[-119.446015,46.371865],[-119.445895,46.371892],[-119.446001,46.371666],[-119.446659,46.370268],[-119.448616,46.366109],[-119.451484,46.360016],[-119.452271,46.358344],[-119.452705,46.357423],[-119.453157,46.356631],[-119.453472,46.356253],[-119.453618,46.356099],[-119.454082,46.355692],[-119.454911,46.355123],[-119.455586,46.354725],[-119.456514,46.354239],[-119.457253,46.35387],[-119.458576,46.35326],[-119.46045,46.352431],[-119.461737,46.351854],[-119.462288,46.351607],[-119.465077,46.350359],[-119.467125,46.349192],[-119.468337,46.348304],[-119.468939,46.347863],[-119.469533,46.347382],[-119.470166,46.346803],[-119.470688,46.346288],[-119.471515,46.345472],[-119.472265,46.344823],[-119.472988,46.34416],[-119.473684,46.343483],[-119.474351,46.342793],[-119.4748,46.342368],[-119.475267,46.341953],[-119.47575,46.341547],[-119.476251,46.341151],[-119.476767,46.340765],[-119.4782,46.339844],[-119.48202,46.337617],[-119.487766,46.334268],[-119.488402,46.333832],[-119.489019,46.333382],[-119.489614,46.332919],[-119.490189,46.332443],[-119.490741,46.331955],[-119.491272,46.331455],[-119.491642,46.331047],[-119.491999,46.330633],[-119.492392,46.330146],[-119.492381,46.336864],[-119.49237,46.344841],[-119.501085,46.344844],[-119.501087,46.344554],[-119.504262,46.344597],[-119.510981,46.344689],[-119.511275,46.344692],[-119.512157,46.344704],[-119.512451,46.344708],[-119.51269,46.344711],[-119.513408,46.34472],[-119.513648,46.344724],[-119.514431,46.344734],[-119.51678,46.344765],[-119.517564,46.344776],[-119.519692,46.344797],[-119.526076,46.344861],[-119.528205,46.344883],[-119.528698,46.344892],[-119.530181,46.34492],[-119.530675,46.34493],[-119.531875,46.344953],[-119.534782,46.345009],[-119.534758,46.345702],[-119.534718,46.346902],[-119.534662,46.34854],[-119.534496,46.353457],[-119.534441,46.355096],[-119.534424,46.355584],[-119.534375,46.357049],[-119.534359,46.357538],[-119.534302,46.359229],[-119.534289,46.359622],[-119.534655,46.359633],[-119.53897,46.359733],[-119.540662,46.359773],[-119.541516,46.359792],[-119.544078,46.359852],[-119.544933,46.359872],[-119.546733,46.359913],[-119.552135,46.360039],[-119.553936,46.360081],[-119.55397,46.360082],[-119.554075,46.360085],[-119.55411,46.360086],[-119.554122,46.360608],[-119.554141,46.361435],[-119.554237,46.365483],[-119.554269,46.366833],[-119.554273,46.366885],[-119.554285,46.367041],[-119.554289,46.367093],[-119.554311,46.367401],[-119.554322,46.36755],[-119.554429,46.368923],[-119.554465,46.369381],[-119.554475,46.36973],[-119.554506,46.37078],[-119.554517,46.37113],[-119.55452,46.371446],[-119.554532,46.372393],[-119.554536,46.37271],[-119.554539,46.37297],[-119.554548,46.373751],[-119.554552,46.374012],[-119.554789,46.374012],[-119.5555,46.374012],[-119.555737,46.374013],[-119.55739,46.374013],[-119.56235,46.374016],[-119.564004,46.374017],[-119.565138,46.374017],[-119.568542,46.37402],[-119.569677,46.374021],[-119.570303,46.374021],[-119.572182,46.374023],[-119.572809,46.374024],[-119.573636,46.374024],[-119.575247,46.374025],[-119.576119,46.374026],[-119.576947,46.374027],[-119.577405,46.374027],[-119.578781,46.374028],[-119.57924,46.374029],[-119.579556,46.374029],[-119.580506,46.37403],[-119.580823,46.374031],[-119.582232,46.374082],[-119.586462,46.374238],[-119.587872,46.37429],[-119.588184,46.374292],[-119.589122,46.374298],[-119.589435,46.374301],[-119.58985,46.374314],[-119.591095,46.374353],[-119.59151,46.374367],[-119.59665,46.374529],[-119.596645,46.374795],[-119.596644,46.374847],[-119.596646,46.374918],[-119.596923,46.385626],[-119.597014,46.389093],[-119.598252,46.389104],[-119.602306,46.389141],[-119.603854,46.389156],[-119.605039,46.389168],[-119.608595,46.389207],[-119.609781,46.38922],[-119.610943,46.389231],[-119.614428,46.389266],[-119.615591,46.389278],[-119.616111,46.389283],[-119.617671,46.389298],[-119.618192,46.389304],[-119.618195,46.389532],[-119.618207,46.390184],[-119.618254,46.392824],[-119.61827,46.393705],[-119.618293,46.394699],[-119.618301,46.395089],[-119.618321,46.395918],[-119.618363,46.397681],[-119.618387,46.398676],[-119.618394,46.398982],[-119.618416,46.399902],[-119.618424,46.400209],[-119.618474,46.402332],[-119.618502,46.403479],[-119.618478,46.403867],[-119.618472,46.403978],[-119.621402,46.40391],[-119.621551,46.403907],[-119.623195,46.403869],[-119.623408,46.403864],[-119.625319,46.403821],[-119.626141,46.403802],[-119.627055,46.403808],[-119.632263,46.403846],[-119.634,46.403859],[-119.634928,46.403864],[-119.637274,46.40388],[-119.637712,46.403883],[-119.638641,46.40389],[-119.638687,46.403891],[-119.638825,46.403897],[-119.638871,46.4039],[-119.639268,46.403918],[-119.639498,46.403929],[-119.639501,46.406229],[-119.639508,46.411444],[-119.639513,46.415014],[-119.639517,46.417943],[-119.639523,46.418249],[-119.639532,46.418716],[-119.639541,46.419167],[-119.639548,46.419474],[-119.63955,46.419984],[-119.639556,46.421514],[-119.639559,46.422024],[-119.640845,46.422035],[-119.644703,46.422069],[-119.645989,46.422081],[-119.647367,46.422076],[-119.651503,46.422063],[-119.652882,46.422059],[-119.653023,46.422059],[-119.653446,46.42206],[-119.653588,46.422061],[-119.653948,46.422067],[-119.65503,46.422087],[-119.655391,46.422094],[-119.655689,46.422091],[-119.656584,46.422083],[-119.656883,46.422081],[-119.657497,46.422075],[-119.659343,46.422059],[-119.659958,46.422054],[-119.660004,46.422053],[-119.660145,46.422052],[-119.660192,46.422052],[-119.66412,46.422017],[-119.675905,46.421913],[-119.679834,46.421879],[-119.683954,46.421842],[-119.696315,46.421734],[-119.700436,46.421698],[-119.702621,46.42168],[-119.702708,46.419544],[-119.70276,46.418246],[-119.702767,46.418099],[-119.714288,46.41816],[-119.718611,46.418184],[-119.722304,46.418163],[-119.733385,46.418102],[-119.737079,46.418082],[-119.738329,46.418049],[-119.738646,46.418041],[-119.74208,46.41807],[-119.743331,46.418081],[-119.743755,46.418054],[-119.745027,46.417977],[-119.745184,46.417967],[-119.74525,46.421691],[-119.75049,46.42165],[-119.759944,46.421814],[-119.764961,46.421738],[-119.76522,46.421731],[-119.766,46.421714],[-119.76626,46.421709],[-119.766276,46.422436],[-119.766327,46.424619],[-119.766336,46.424999],[-119.766435,46.425168],[-119.766583,46.425203],[-119.766247,46.428658],[-119.766244,46.432206],[-119.776773,46.432297],[-119.776901,46.439036],[-119.776914,46.439755],[-119.776933,46.440817],[-119.776938,46.441111],[-119.780235,46.443178],[-119.780388,46.44322],[-119.780847,46.443349],[-119.781001,46.443392],[-119.781322,46.443293],[-119.782287,46.442998],[-119.782609,46.4429],[-119.782966,46.442836],[-119.784038,46.442648],[-119.784396,46.442585],[-119.78544,46.442611],[-119.787068,46.442653],[-119.787125,46.444156],[-119.787165,46.4452],[-119.787198,46.44591],[-119.787226,46.446519],[-119.787299,46.44804],[-119.787333,46.44875],[-119.787418,46.450761],[-119.787673,46.456794],[-119.787759,46.458806],[-119.787864,46.461285],[-119.788179,46.468725],[-119.788285,46.471205],[-119.788357,46.472918],[-119.788503,46.47637],[-119.788575,46.478059],[-119.788648,46.479773],[-119.788637,46.480759],[-119.788608,46.48372],[-119.788599,46.484708],[-119.788557,46.484754],[-119.78843,46.484894],[-119.788389,46.484941],[-119.788429,46.485536],[-119.788472,46.486843],[-119.7885,46.487664],[-119.788569,46.489386],[-119.788674,46.492554],[-119.788676,46.4926],[-119.78876,46.494457],[-119.788819,46.495755],[-119.788819,46.496493],[-119.788819,46.496882],[-119.788928,46.499369],[-119.788968,46.502008],[-119.789012,46.502604],[-119.789059,46.503231],[-119.789114,46.50464],[-119.789155,46.505673],[-119.789162,46.50612],[-119.789169,46.506498],[-119.789284,46.509293],[-119.789314,46.510561],[-119.789342,46.511735],[-119.789356,46.512042],[-119.789356,46.512058],[-119.789359,46.512109],[-119.78936,46.512126],[-119.789362,46.512181],[-119.789369,46.512346],[-119.789372,46.512401],[-119.789387,46.512751],[-119.789435,46.513801],[-119.789451,46.514152],[-119.789482,46.514838],[-119.789527,46.516088],[-119.789567,46.517437],[-119.789643,46.519924],[-119.789663,46.520307],[-119.789682,46.520827],[-119.789708,46.521194],[-119.789681,46.521648],[-119.789688,46.521788],[-119.789725,46.521975],[-119.789715,46.522149],[-119.789638,46.522401],[-119.789654,46.522556],[-119.789704,46.522769],[-119.789727,46.52293],[-119.78959,46.52344],[-119.789455,46.523683],[-119.789358,46.52376],[-119.789258,46.523942],[-119.789249,46.524139],[-119.78923,46.524383],[-119.789194,46.524652],[-119.789211,46.524837],[-119.789306,46.525173],[-119.789426,46.525696],[-119.789461,46.52624],[-119.789573,46.526742],[-119.789611,46.527098],[-119.789646,46.527419],[-119.789671,46.52774],[-119.789855,46.528079],[-119.789893,46.528202],[-119.789923,46.528349],[-119.789936,46.528652],[-119.789972,46.530327],[-119.790086,46.530923],[-119.790431,46.532711],[-119.790546,46.533307],[-119.790552,46.533832],[-119.790559,46.534448],[-119.790572,46.535407],[-119.790579,46.535933],[-119.790655,46.539086],[-119.790886,46.548547],[-119.790963,46.551701],[-119.79103,46.554072],[-119.791234,46.561184],[-119.791302,46.563556],[-119.791318,46.564146],[-119.791366,46.565918],[-119.791382,46.566509],[-119.791324,46.567067],[-119.791154,46.568742],[-119.791097,46.569301],[-119.791147,46.569415],[-119.791267,46.569683],[-119.791284,46.569762],[-119.791311,46.569885],[-119.791343,46.570029],[-119.791346,46.570146],[-119.791373,46.57094],[-119.791377,46.571042],[-119.791376,46.571205],[-119.791373,46.571789],[-119.791372,46.572089],[-119.791382,46.57231],[-119.791388,46.57243],[-119.791435,46.573777],[-119.791485,46.574311],[-119.791501,46.574793],[-119.791516,46.575625],[-119.791538,46.576731],[-119.791449,46.576827],[-119.791186,46.577116],[-119.791098,46.577213],[-119.791187,46.577213],[-119.7914,46.577213],[-119.791457,46.577214],[-119.791547,46.577218],[-119.791605,46.578683],[-119.791782,46.583078],[-119.791841,46.584544],[-119.791805,46.585738],[-119.791697,46.58932],[-119.791662,46.590515],[-119.791632,46.59078],[-119.791569,46.591345],[-119.791542,46.591575],[-119.791512,46.591841],[-119.792595,46.591833],[-119.795845,46.591813],[-119.796929,46.591807],[-119.800033,46.591782],[-119.802359,46.591764],[-119.802069,46.598744]],[[-119.278277,46.525027],[-119.278211,46.524958],[-119.278178,46.524707],[-119.277847,46.524067],[-119.277814,46.523976],[-119.277748,46.523907],[-119.277781,46.52377],[-119.277649,46.523679],[-119.277549,46.52345],[-119.277384,46.52329],[-119.277318,46.52313],[-119.276888,46.522582],[-119.276061,46.521964],[-119.275267,46.521416],[-119.273679,46.519473],[-119.273084,46.518673],[-119.272985,46.518582],[-119.272886,46.518353],[-119.272423,46.51769],[-119.271795,46.51673],[-119.271695,46.516479],[-119.271596,46.51641],[-119.27153,46.516182],[-119.271398,46.515976],[-119.271167,46.515428],[-119.270803,46.514879],[-119.269943,46.513713],[-119.269646,46.513393],[-119.269447,46.513347],[-119.269149,46.513347],[-119.269083,46.513416],[-119.26895,46.513621],[-119.26895,46.514376],[-119.269016,46.514467],[-119.269148,46.514878],[-119.269379,46.515564],[-119.269445,46.515633],[-119.269577,46.516135],[-119.269412,46.516387],[-119.269081,46.516249],[-119.269048,46.516044],[-119.268949,46.515975],[-119.268883,46.515724],[-119.268618,46.515038],[-119.268486,46.514878],[-119.268387,46.51481],[-119.268056,46.514855],[-119.268056,46.515266],[-119.268287,46.515472],[-119.268386,46.516203],[-119.26865,46.516798],[-119.268882,46.517003],[-119.268848,46.51714],[-119.268915,46.517209],[-119.269047,46.517666],[-119.269146,46.517735],[-119.269179,46.518032],[-119.269443,46.518603],[-119.269741,46.5189],[-119.269906,46.51906],[-119.270468,46.519769],[-119.270997,46.520272],[-119.27199,46.521369],[-119.272254,46.52178],[-119.272453,46.521963],[-119.272585,46.522146],[-119.273313,46.522855],[-119.274173,46.523586],[-119.274867,46.524409],[-119.276721,46.525598],[-119.277349,46.525849],[-119.278045,46.52585],[-119.278376,46.525667],[-119.278277,46.525027]]]}},{"type":"Feature","properties":{"id":"us-arealm-1103018975076","name":"Wolf Creek Nuclear Operating Ctr","zone_type":"industrial_park","site_class":"industrial_landuse","coastal_inland_label":"inland","state_fips":"20","mtfcc":"K2362","aland":23128447,"awater":0},"geometry":{"type":"Polygon","coordinates":[[[-95.730404,38.260144],[-95.728653,38.260949],[-95.728545,38.260889],[-95.728502,38.260825],[-95.72854,38.260743],[-95.728631,38.260716],[-95.728736,38.260746],[-95.728911,38.260766],[-95.728993,38.260732],[-95.729132,38.260599],[-95.729167,38.260427],[-95.729189,38.2602],[-95.729172,38.260013],[-95.729127,38.259909],[-95.72906,38.259788],[-95.728996,38.259733],[-95.728913,38.259719],[-95.72885,38.25968],[-95.728827,38.259623],[-95.728837,38.259527],[-95.72886,38.259387],[-95.728919,38.259312],[-95.729029,38.259229],[-95.729202,38.259184],[-95.7292,38.259119],[-95.729136,38.259072],[-95.729064,38.259049],[-95.728977,38.258946],[-95.728996,38.258896],[-95.729057,38.258863],[-95.729085,38.258797],[-95.729053,38.258765],[-95.729001,38.25875],[-95.728969,38.258735],[-95.728916,38.258695],[-95.728807,38.258535],[-95.72875,38.25839],[-95.728505,38.258169],[-95.728347,38.258067],[-95.72824,38.257972],[-95.728055,38.257708],[-95.72802,38.257579],[-95.728026,38.257465],[-95.728003,38.257401],[-95.72795,38.257361],[-95.727857,38.257355],[-95.727672,38.257368],[-95.727608,38.257304],[-95.727553,38.257208],[-95.727452,38.257007],[-95.727351,38.256782],[-95.727158,38.256568],[-95.727113,38.256479],[-95.727079,38.256383],[-95.727034,38.256286],[-95.726816,38.255974],[-95.726709,38.255855],[-95.726302,38.255434],[-95.726152,38.255291],[-95.726011,38.255092],[-95.725858,38.254852],[-95.725791,38.254715],[-95.725765,38.254578],[-95.725749,38.254424],[-95.725723,38.25427],[-95.725656,38.254142],[-95.725601,38.254062],[-95.725599,38.253989],[-95.725612,38.253785],[-95.72564,38.253711],[-95.725637,38.253647],[-95.725605,38.253615],[-95.725512,38.253609],[-95.725153,38.253625],[-95.724697,38.253563],[-95.724393,38.253432],[-95.724138,38.253202],[-95.723997,38.253027],[-95.723864,38.25277],[-95.723803,38.252503],[-95.72377,38.252195],[-95.723736,38.251815],[-95.723705,38.251555],[-95.723628,38.251411],[-95.723572,38.251282],[-95.723558,38.251185],[-95.723492,38.251089],[-95.723377,38.251043],[-95.723262,38.250989],[-95.723065,38.250953],[-95.722927,38.250859],[-95.722935,38.250793],[-95.722991,38.250638],[-95.723098,38.250457],[-95.723124,38.250334],[-95.72311,38.250237],[-95.723056,38.250173],[-95.722849,38.250138],[-95.722675,38.250158],[-95.72251,38.25017],[-95.722374,38.250116],[-95.722299,38.250032],[-95.722268,38.249841],[-95.722181,38.249482],[-95.722122,38.249382],[-95.722046,38.249298],[-95.721915,38.249214],[-95.721858,38.249172],[-95.721838,38.249129],[-95.721777,38.248957],[-95.721757,38.248915],[-95.721752,38.24877],[-95.721712,38.248685],[-95.721656,38.248657],[-95.721584,38.248688],[-95.721514,38.248776],[-95.721498,38.248834],[-95.721462,38.248864],[-95.72137,38.248851],[-95.721258,38.248796],[-95.721165,38.248741],[-95.721108,38.248699],[-95.720852,38.24869],[-95.720778,38.248692],[-95.720741,38.248678],[-95.720684,38.248622],[-95.720571,38.248538],[-95.720515,38.24851],[-95.720406,38.248513],[-95.720297,38.248544],[-95.720245,38.248632],[-95.720248,38.248704],[-95.720232,38.248777],[-95.720199,38.248864],[-95.720147,38.248952],[-95.720132,38.249024],[-95.720097,38.249069],[-95.720071,38.24909],[-95.720008,38.249143],[-95.719881,38.249175],[-95.719774,38.249249],[-95.719574,38.249425],[-95.719475,38.249536],[-95.719165,38.249544],[-95.718953,38.249413],[-95.718881,38.249333],[-95.718775,38.249254],[-95.718635,38.249203],[-95.718222,38.249212],[-95.718118,38.249187],[-95.718046,38.249108],[-95.717904,38.249002],[-95.717829,38.248841],[-95.717819,38.248569],[-95.717844,38.248324],[-95.718064,38.247748],[-95.718124,38.247502],[-95.718152,38.247339],[-95.718142,38.247067],[-95.71817,38.246903],[-95.718166,38.246795],[-95.718085,38.246471],[-95.718012,38.246364],[-95.717764,38.246179],[-95.717593,38.24621],[-95.717424,38.246296],[-95.717322,38.246325],[-95.717012,38.246332],[-95.716875,38.246363],[-95.716297,38.246566],[-95.716023,38.2466],[-95.715849,38.246577],[-95.715601,38.246392],[-95.715561,38.24623],[-95.715523,38.246149],[-95.715508,38.245742],[-95.715639,38.245549],[-95.715735,38.245356],[-95.715898,38.245108],[-95.716164,38.244857],[-95.716191,38.244639],[-95.716291,38.244555],[-95.716495,38.244469],[-95.716527,38.244414],[-95.716694,38.244274],[-95.716932,38.244187],[-95.716964,38.244132],[-95.716895,38.244107],[-95.716826,38.244108],[-95.71662,38.24414],[-95.716347,38.244201],[-95.71614,38.244206],[-95.715967,38.244182],[-95.715897,38.244157],[-95.715755,38.244052],[-95.715405,38.243897],[-95.715163,38.243875],[-95.714886,38.243827],[-95.714776,38.243667],[-95.714772,38.243558],[-95.714837,38.243448],[-95.714933,38.243255],[-95.715135,38.243115],[-95.715339,38.243056],[-95.715545,38.243024],[-95.715854,38.242989],[-95.716439,38.242976],[-95.716541,38.242946],[-95.716743,38.242806],[-95.716843,38.242722],[-95.716875,38.242667],[-95.716732,38.242507],[-95.716662,38.242481],[-95.71659,38.242402],[-95.716576,38.242021],[-95.716601,38.241776],[-95.716622,38.241423],[-95.716547,38.241261],[-95.716781,38.241066],[-95.716839,38.240765],[-95.716762,38.24055],[-95.716752,38.240278],[-95.716775,38.239979],[-95.716871,38.239759],[-95.71707,38.239564],[-95.71717,38.23948],[-95.717265,38.239261],[-95.717258,38.239071],[-95.717152,38.238992],[-95.71694,38.238861],[-95.716731,38.238784],[-95.716346,38.23863],[-95.715996,38.238475],[-95.715818,38.238316],[-95.715635,38.238048],[-95.715424,38.237917],[-95.715282,38.237812],[-95.715212,38.237786],[-95.715145,38.237842],[-95.715048,38.238008],[-95.714988,38.238254],[-95.71496,38.238417],[-95.714929,38.238527],[-95.714797,38.238666],[-95.714628,38.238751],[-95.714288,38.238868],[-95.714185,38.238897],[-95.7136,38.238911],[-95.713427,38.238888],[-95.713255,38.238892],[-95.713152,38.238921],[-95.712942,38.238817],[-95.713034,38.238516],[-95.713163,38.238269],[-95.713256,38.237995],[-95.713321,38.237885],[-95.71342,38.237774],[-95.713518,38.237635],[-95.713549,38.237553],[-95.713544,38.237417],[-95.713503,38.237228],[-95.713466,38.237175],[-95.71332,38.236933],[-95.713264,38.236831],[-95.713274,38.236629],[-95.713248,38.2364],[-95.713279,38.236255],[-95.713313,38.236182],[-95.713343,38.236009],[-95.713392,38.235878],[-95.713408,38.235821],[-95.713367,38.235692],[-95.713383,38.235634],[-95.713382,38.235605],[-95.713362,38.235563],[-95.71336,38.235505],[-95.713322,38.235463],[-95.713303,38.235434],[-95.713229,38.235422],[-95.713157,38.235423],[-95.713102,38.235439],[-95.713012,38.235456],[-95.71294,38.235486],[-95.71287,38.23556],[-95.712779,38.235562],[-95.712613,38.235522],[-95.712538,38.235467],[-95.712481,38.235396],[-95.712478,38.235338],[-95.712458,38.235281],[-95.712456,38.235224],[-95.712437,38.235196],[-95.712393,38.234995],[-95.712387,38.234851],[-95.712435,38.234663],[-95.712539,38.234517],[-95.71259,38.234415],[-95.712588,38.234357],[-95.712548,38.234272],[-95.712492,38.23423],[-95.712419,38.234217],[-95.712144,38.23418],[-95.711908,38.234215],[-95.711728,38.234291],[-95.711621,38.234351],[-95.711568,38.234395],[-95.711211,38.234605],[-95.711085,38.234665],[-95.710978,38.234725],[-95.710908,38.234799],[-95.710838,38.234887],[-95.710731,38.234961],[-95.710589,38.235051],[-95.710499,38.235053],[-95.710389,38.235027],[-95.710332,38.234956],[-95.710311,38.234899],[-95.710307,38.234784],[-95.710285,38.234684],[-95.710243,38.234541],[-95.710205,38.234484],[-95.710148,38.234428],[-95.710107,38.234314],[-95.710103,38.234199],[-95.710082,38.234142],[-95.710098,38.234055],[-95.710076,38.233955],[-95.710109,38.233868],[-95.710141,38.233752],[-95.710159,38.233737],[-95.710266,38.233677],[-95.710301,38.233633],[-95.710351,38.233517],[-95.710514,38.233484],[-95.710548,38.233411],[-95.710634,38.233309],[-95.710665,38.233179],[-95.710717,38.233091],[-95.71075,38.233018],[-95.710821,38.232959],[-95.710855,38.232886],[-95.710903,38.232713],[-95.710882,38.232641],[-95.710844,38.232599],[-95.710688,38.232315],[-95.710591,38.232159],[-95.710533,38.232074],[-95.710547,38.231973],[-95.710645,38.231639],[-95.710692,38.231437],[-95.710724,38.231335],[-95.71072,38.23122],[-95.710682,38.231164],[-95.710623,38.23105],[-95.710546,38.230951],[-95.710518,38.230693],[-95.710511,38.230506],[-95.710544,38.230419],[-95.710593,38.230259],[-95.710606,38.230101],[-95.710598,38.2299],[-95.710577,38.229814],[-95.710557,38.229771],[-95.710499,38.229686],[-95.710442,38.22963],[-95.710314,38.229575],[-95.710259,38.229562],[-95.710187,38.229593],[-95.710064,38.229725],[-95.709993,38.229755],[-95.709938,38.229757],[-95.709846,38.229744],[-95.709717,38.229704],[-95.709606,38.229664],[-95.709532,38.229622],[-95.709458,38.229595],[-95.709402,38.229568],[-95.709364,38.229525],[-95.709182,38.229529],[-95.709058,38.229633],[-95.709023,38.229691],[-95.70899,38.229764],[-95.708938,38.229837],[-95.708903,38.229896],[-95.708851,38.229954],[-95.708782,38.230057],[-95.708657,38.230146],[-95.708443,38.230266],[-95.708227,38.230357],[-95.708065,38.230404],[-95.707993,38.230435],[-95.707975,38.230449],[-95.707886,38.230495],[-95.70785,38.230524],[-95.70778,38.230598],[-95.707727,38.230642],[-95.707657,38.23073],[-95.707552,38.230848],[-95.707501,38.23095],[-95.707415,38.231067],[-95.707344,38.23114],[-95.707275,38.231243],[-95.707187,38.231331],[-95.707046,38.231449],[-95.706973,38.231465],[-95.706918,38.231452],[-95.706881,38.231439],[-95.706861,38.231382],[-95.706892,38.231251],[-95.706957,38.231034],[-95.706991,38.230961],[-95.707085,38.230556],[-95.707213,38.230064],[-95.707223,38.229834],[-95.707219,38.229733],[-95.707194,38.229561],[-95.707191,38.229475],[-95.707233,38.229128],[-95.707246,38.22897],[-95.707277,38.228825],[-95.707287,38.228624],[-95.7073,38.228479],[-95.707297,38.228379],[-95.707275,38.228293],[-95.707244,38.22827],[-95.7072,38.228237],[-95.706939,38.228085],[-95.706608,38.228006],[-95.706516,38.227994],[-95.70637,38.227983],[-95.706075,38.227903],[-95.705759,38.227752],[-95.705667,38.227726],[-95.705647,38.227669],[-95.705662,38.227596],[-95.705696,38.227524],[-95.705719,38.227163],[-95.70577,38.227061],[-95.70582,38.226931],[-95.705889,38.226814],[-95.705954,38.226611],[-95.705987,38.226524],[-95.706035,38.226322],[-95.706174,38.226132],[-95.706225,38.226045],[-95.70637,38.226013],[-95.706495,38.225967],[-95.706639,38.22592],[-95.706745,38.225832],[-95.706972,38.225568],[-95.707005,38.225467],[-95.707019,38.225366],[-95.707014,38.225237],[-95.706994,38.22518],[-95.706989,38.225051],[-95.70695,38.224966],[-95.706944,38.224808],[-95.706995,38.22472],[-95.707044,38.224576],[-95.707096,38.224488],[-95.707146,38.224358],[-95.707161,38.224286],[-95.70712,38.224172],[-95.707136,38.2241],[-95.707208,38.224069],[-95.707243,38.22404],[-95.707277,38.223967],[-95.707311,38.223909],[-95.707271,38.223809],[-95.707195,38.223739],[-95.707141,38.223741],[-95.707086,38.223728],[-95.707013,38.223729],[-95.706791,38.223634],[-95.706677,38.223507],[-95.706596,38.223294],[-95.706454,38.222895],[-95.706355,38.222668],[-95.706279,38.222597],[-95.706112,38.222501],[-95.706039,38.222488],[-95.70593,38.222491],[-95.70582,38.222479],[-95.705747,38.222481],[-95.705657,38.222497],[-95.705603,38.222513],[-95.705532,38.222557],[-95.705462,38.222631],[-95.705408,38.222661],[-95.705354,38.222676],[-95.705191,38.222694],[-95.704938,38.222758],[-95.704849,38.222803],[-95.704798,38.22289],[-95.704691,38.22295],[-95.704638,38.223009],[-95.704622,38.223066],[-95.704569,38.223111],[-95.704498,38.223141],[-95.704408,38.223186],[-95.704318,38.223217],[-95.704245,38.22319],[-95.704116,38.223164],[-95.704002,38.223023],[-95.703832,38.222869],[-95.703789,38.222698],[-95.703802,38.222554],[-95.703872,38.222466],[-95.70387,38.222409],[-95.703813,38.222338],[-95.703775,38.222311],[-95.703748,38.222082],[-95.703707,38.221953],[-95.703651,38.221911],[-95.703505,38.221886],[-95.703414,38.221888],[-95.70334,38.221876],[-95.703177,38.221879],[-95.703068,38.221896],[-95.70296,38.221927],[-95.702907,38.221957],[-95.702834,38.221973],[-95.702764,38.222032],[-95.70271,38.222062],[-95.702639,38.222093],[-95.702584,38.222094],[-95.702457,38.222111],[-95.702221,38.222117],[-95.702183,38.222089],[-95.702108,38.222019],[-95.702069,38.221948],[-95.702008,38.221777],[-95.702004,38.221662],[-95.701962,38.221505],[-95.702013,38.221432],[-95.702063,38.221288],[-95.702094,38.221158],[-95.702182,38.221055],[-95.702249,38.220924],[-95.702282,38.220823],[-95.702351,38.220707],[-95.702384,38.22062],[-95.702435,38.220532],[-95.702469,38.22046],[-95.702484,38.220373],[-95.702482,38.220316],[-95.702426,38.220274],[-95.702334,38.220247],[-95.702243,38.220264],[-95.702155,38.220338],[-95.702046,38.220355],[-95.701992,38.22037],[-95.701738,38.220376],[-95.701628,38.220393],[-95.701486,38.220454],[-95.701361,38.220514],[-95.701289,38.220544],[-95.701127,38.220591],[-95.700892,38.22064],[-95.700801,38.220642],[-95.700638,38.22066],[-95.70044,38.220707],[-95.700118,38.22064],[-95.700014,38.220537],[-95.699941,38.220381],[-95.699936,38.220249],[-95.700061,38.220009],[-95.700155,38.219849],[-95.700381,38.219633],[-95.700506,38.219393],[-95.700531,38.219182],[-95.70049,38.218972],[-95.700419,38.218868],[-95.700382,38.218764],[-95.700174,38.218558],[-95.700038,38.218482],[-95.6999,38.21838],[-95.699796,38.218277],[-95.699723,38.218094],[-95.699614,38.217859],[-95.699606,38.217649],[-95.699566,38.217465],[-95.699457,38.217231],[-95.699388,38.217153],[-95.699222,38.217183],[-95.699127,38.217317],[-95.699032,38.217478],[-95.698936,38.217585],[-95.698806,38.217667],[-95.698673,38.217697],[-95.698306,38.217705],[-95.698103,38.217631],[-95.697753,38.217191],[-95.697541,38.21688],[-95.697563,38.216563],[-95.697753,38.216295],[-95.697773,38.215926],[-95.697753,38.2154],[-95.69786,38.214659],[-95.697872,38.214425],[-95.698027,38.213662],[-95.698143,38.213436],[-95.69828,38.213321],[-95.698556,38.213105],[-95.698676,38.213004],[-95.698832,38.212917],[-95.699006,38.212843],[-95.699058,38.2128],[-95.699182,38.212797],[-95.699253,38.212809],[-95.699308,38.21285],[-95.699557,38.2129],[-95.699665,38.212953],[-95.699719,38.212966],[-95.699808,38.212978],[-95.699875,38.212977],[-95.699886,38.212928],[-95.69991,38.212864],[-95.699924,38.212766],[-95.699921,38.212668],[-95.699897,38.212515],[-95.699854,38.212307],[-95.699851,38.212223],[-95.69983,38.212126],[-95.699827,38.212056],[-95.699857,38.211915],[-95.699891,38.211794],[-95.699853,38.211689],[-95.699881,38.211531],[-95.699978,38.211449],[-95.7001,38.211295],[-95.700219,38.211167],[-95.700323,38.211094],[-95.700392,38.211065],[-95.700622,38.211046],[-95.700762,38.211],[-95.700827,38.210845],[-95.700873,38.210663],[-95.700179,38.207675],[-95.700049,38.207036],[-95.700019,38.206715],[-95.700093,38.206328],[-95.700108,38.206252],[-95.700358,38.205827],[-95.700613,38.205542],[-95.700965,38.205016],[-95.701132,38.204746],[-95.701276,38.204324],[-95.701339,38.204113],[-95.701405,38.203972],[-95.701432,38.203748],[-95.701478,38.203551],[-95.701629,38.203338],[-95.701778,38.203041],[-95.701861,38.2029],[-95.701906,38.202689],[-95.701864,38.202508],[-95.701786,38.202315],[-95.701673,38.202136],[-95.701505,38.201888],[-95.701223,38.201448],[-95.700593,38.200694],[-95.70043,38.200427],[-95.700273,38.20017],[-95.699731,38.199401],[-95.699419,38.198995],[-95.699118,38.198604],[-95.698765,38.198166],[-95.698675,38.198126],[-95.698335,38.198022],[-95.698191,38.197955],[-95.697993,38.197876],[-95.697828,38.197712],[-95.697789,38.197615],[-95.697783,38.197448],[-95.697788,38.197275],[-95.697837,38.197176],[-95.697868,38.197064],[-95.697847,38.196952],[-95.697565,38.196525],[-95.697232,38.196127],[-95.696949,38.195673],[-95.69669,38.195371],[-95.696558,38.19515],[-95.696352,38.194847],[-95.696225,38.194766],[-95.696009,38.194688],[-95.6928,38.193835],[-95.690169,38.193144],[-95.689847,38.193053],[-95.689687,38.193038],[-95.689615,38.193031],[-95.686621,38.193029],[-95.682814,38.193075],[-95.679659,38.193141],[-95.679554,38.193215],[-95.679455,38.193444],[-95.679409,38.193672],[-95.679327,38.193886],[-95.679223,38.193988],[-95.679152,38.194018],[-95.678937,38.194023],[-95.678391,38.193837],[-95.678189,38.193699],[-95.678115,38.193644],[-95.678059,38.193589],[-95.677948,38.193507],[-95.677711,38.193399],[-95.67742,38.193306],[-95.677112,38.193228],[-95.676715,38.19318],[-95.676552,38.193156],[-95.676483,38.193242],[-95.676449,38.193252],[-95.67643,38.193258],[-95.676392,38.193202],[-95.676337,38.193161],[-95.67621,38.193135],[-95.675708,38.193161],[-95.675386,38.193196],[-95.674908,38.193392],[-95.674696,38.193496],[-95.674518,38.193599],[-95.674207,38.193946],[-95.674141,38.194104],[-95.67409,38.19419],[-95.673951,38.194321],[-95.673828,38.194394],[-95.673706,38.194496],[-95.673546,38.194528],[-95.673404,38.194574],[-95.673296,38.194577],[-95.673205,38.194536],[-95.673129,38.194439],[-95.67299,38.194073],[-95.672948,38.193904],[-95.67291,38.193848],[-95.672889,38.193764],[-95.672852,38.193736],[-95.672692,38.193768],[-95.672034,38.193953],[-95.671802,38.194001],[-95.671661,38.194075],[-95.671519,38.194107],[-95.671412,38.194138],[-95.671288,38.194183],[-95.671253,38.194212],[-95.671258,38.19434],[-95.671321,38.194607],[-95.671362,38.194748],[-95.671347,38.194834],[-95.671296,38.194892],[-95.671172,38.194951],[-95.671048,38.194996],[-95.670891,38.195113],[-95.670784,38.195144],[-95.670625,38.195205],[-95.670519,38.195264],[-95.670414,38.195337],[-95.67029,38.195382],[-95.670203,38.195455],[-95.670081,38.195571],[-95.67003,38.195643],[-95.669925,38.195731],[-95.669837,38.195761],[-95.669712,38.195792],[-95.669552,38.195838],[-95.669464,38.195883],[-95.669377,38.195956],[-95.669254,38.19603],[-95.669131,38.196132],[-95.669026,38.196205],[-95.668762,38.196338],[-95.668587,38.19647],[-95.668535,38.196528],[-95.668485,38.196642],[-95.668453,38.196728],[-95.668458,38.19687],[-95.66848,38.196997],[-95.668501,38.197067],[-95.668578,38.197222],[-95.668799,38.197358],[-95.669045,38.197429],[-95.669175,38.197526],[-95.66945,38.197676],[-95.669779,38.19781],[-95.669961,38.197902],[-95.670237,38.198041],[-95.670456,38.198136],[-95.670675,38.198202],[-95.670911,38.198267],[-95.671092,38.198306],[-95.67122,38.19836],[-95.67135,38.198456],[-95.671477,38.198496],[-95.671659,38.198563],[-95.671787,38.198616],[-95.671878,38.198643],[-95.672187,38.198721],[-95.672353,38.198845],[-95.672573,38.198939],[-95.672814,38.199147],[-95.672948,38.199357],[-95.673028,38.199582],[-95.672999,38.199781],[-95.672916,38.199954],[-95.67283,38.200083],[-95.672633,38.200102],[-95.672415,38.200036],[-95.672126,38.2],[-95.671908,38.199948],[-95.671673,38.199911],[-95.671205,38.199922],[-95.670883,38.199972],[-95.670723,38.200018],[-95.670599,38.200063],[-95.670373,38.200281],[-95.670287,38.200397],[-95.67024,38.200583],[-95.670232,38.200853],[-95.670206,38.201137],[-95.670142,38.201366],[-95.670129,38.201494],[-95.67008,38.201623],[-95.670048,38.201723],[-95.66998,38.201838],[-95.669909,38.201868],[-95.669837,38.20187],[-95.669799,38.201814],[-95.669738,38.201616],[-95.669662,38.201519],[-95.669553,38.201479],[-95.66946,38.20141],[-95.669312,38.201285],[-95.669236,38.201188],[-95.669105,38.201034],[-95.668862,38.200799],[-95.668634,38.200463],[-95.668331,38.200044],[-95.66829,38.199903],[-95.668212,38.199748],[-95.668058,38.199468],[-95.667855,38.199331],[-95.667729,38.199319],[-95.667603,38.199336],[-95.667567,38.199323],[-95.667423,38.199326],[-95.667334,38.199357],[-95.667228,38.199402],[-95.667158,38.199446],[-95.667142,38.199517],[-95.667109,38.199589],[-95.667044,38.199775],[-95.666927,38.200019],[-95.666805,38.20015],[-95.666493,38.200469],[-95.66635,38.20064],[-95.666263,38.200728],[-95.666228,38.200757],[-95.666102,38.200788],[-95.666013,38.200805],[-95.665847,38.200848],[-95.665727,38.200897],[-95.665693,38.20094],[-95.665604,38.200971],[-95.665551,38.201015],[-95.665536,38.201067],[-95.665519,38.201129],[-95.665508,38.201329],[-95.665535,38.201431],[-95.665571,38.20157],[-95.66567,38.20181],[-95.665662,38.20208],[-95.665706,38.202307],[-95.665656,38.202408],[-95.665585,38.202453],[-95.665531,38.202454],[-95.665441,38.202456],[-95.665208,38.202504],[-95.66501,38.202523],[-95.664884,38.202525],[-95.664759,38.202557],[-95.664544,38.202619],[-95.664436,38.202621],[-95.664309,38.202595],[-95.664216,38.202526],[-95.664143,38.202514],[-95.664017,38.202502],[-95.663849,38.20235],[-95.663528,38.201972],[-95.663472,38.201917],[-95.663343,38.201862],[-95.66327,38.201821],[-95.663195,38.201752],[-95.663156,38.201667],[-95.663148,38.20144],[-95.662901,38.201118],[-95.66275,38.200936],[-95.662598,38.200726],[-95.662445,38.200501],[-95.6622,38.200208],[-95.662085,38.200025],[-95.662061,38.199869],[-95.66191,38.199687],[-95.661655,38.199622],[-95.661528,38.199596],[-95.661257,38.199602],[-95.661221,38.199589],[-95.661185,38.19959],[-95.661132,38.199619],[-95.660969,38.199623],[-95.660877,38.199554],[-95.660766,38.199485],[-95.660727,38.199415],[-95.660635,38.19936],[-95.660598,38.199332],[-95.660544,38.199348],[-95.660528,38.199391],[-95.660548,38.199447],[-95.660549,38.19949],[-95.66057,38.199575],[-95.660556,38.199675],[-95.660523,38.199761],[-95.6605,38.199764],[-95.660362,38.199808],[-95.660164,38.199812],[-95.660146,38.199827],[-95.660076,38.199885],[-95.660007,38.199958],[-95.660028,38.200057],[-95.660125,38.200226],[-95.660184,38.200353],[-95.660294,38.200422],[-95.660351,38.200477],[-95.660375,38.200648],[-95.660291,38.200821],[-95.660279,38.200978],[-95.66032,38.201133],[-95.660432,38.201216],[-95.660615,38.201298],[-95.660786,38.201522],[-95.660924,38.20186],[-95.660934,38.202117],[-95.660904,38.202302],[-95.660909,38.202416],[-95.66093,38.202515],[-95.660989,38.202628],[-95.661,38.202955],[-95.660986,38.203056],[-95.660935,38.203142],[-95.66083,38.20323],[-95.660776,38.203245],[-95.660687,38.203262],[-95.660468,38.20321],[-95.66034,38.20317],[-95.660249,38.203129],[-95.660086,38.203119],[-95.659924,38.203137],[-95.659855,38.203224],[-95.65984,38.203309],[-95.65986,38.203366],[-95.659938,38.203535],[-95.659943,38.203649],[-95.659927,38.203721],[-95.659929,38.203777],[-95.659988,38.203904],[-95.660082,38.204002],[-95.660232,38.204169],[-95.660381,38.20428],[-95.660656,38.204402],[-95.661023,38.204579],[-95.661673,38.205059],[-95.661746,38.205086],[-95.661837,38.205112],[-95.66191,38.205139],[-95.661976,38.205451],[-95.662002,38.205664],[-95.661935,38.205823],[-95.661848,38.20591],[-95.661636,38.206043],[-95.661496,38.206146],[-95.661389,38.206191],[-95.661175,38.206253],[-95.661013,38.206285],[-95.660924,38.206316],[-95.660707,38.206306],[-95.660565,38.206366],[-95.660392,38.20657],[-95.660368,38.206912],[-95.660431,38.207139],[-95.660543,38.20725],[-95.660689,38.207304],[-95.660745,38.207331],[-95.660817,38.207344],[-95.660853,38.207343],[-95.661034,38.207353],[-95.661107,38.20738],[-95.661182,38.207449],[-95.661334,38.207659],[-95.661428,38.207743],[-95.66156,38.207896],[-95.661691,38.208022],[-95.661692,38.208064],[-95.661676,38.208122],[-95.661607,38.208195],[-95.661575,38.208323],[-95.661577,38.20838],[-95.661599,38.208494],[-95.661605,38.20865],[-95.661661,38.208692],[-95.661843,38.208731],[-95.662021,38.208655],[-95.662128,38.208624],[-95.662199,38.208608],[-95.662287,38.208549],[-95.662375,38.208476],[-95.662516,38.208388],[-95.662637,38.208228],[-95.662725,38.208169],[-95.662813,38.208096],[-95.662939,38.208093],[-95.663084,38.208104],[-95.6633,38.208099],[-95.663446,38.208139],[-95.663645,38.208163],[-95.663791,38.208188],[-95.663973,38.208241],[-95.664173,38.208265],[-95.664714,38.208252],[-95.664895,38.208277],[-95.664968,38.208303],[-95.665078,38.208329],[-95.66517,38.208399],[-95.665264,38.208482],[-95.66551,38.208665],[-95.665542,38.208689],[-95.665617,38.208712],[-95.66567,38.208729],[-95.665743,38.208742],[-95.665833,38.20874],[-95.665923,38.208723],[-95.66603,38.208692],[-95.666136,38.208633],[-95.666205,38.20856],[-95.666239,38.208488],[-95.666271,38.208388],[-95.66634,38.208301],[-95.666495,38.208084],[-95.666662,38.207724],[-95.666699,38.207575],[-95.666751,38.207532],[-95.666838,38.207444],[-95.666872,38.207387],[-95.666994,38.207299],[-95.667118,38.207239],[-95.667278,38.207193],[-95.667401,38.207091],[-95.667559,38.207002],[-95.667807,38.206883],[-95.66793,38.206795],[-95.668054,38.206749],[-95.66827,38.206759],[-95.668525,38.206824],[-95.668763,38.206946],[-95.668967,38.207126],[-95.669248,38.207404],[-95.669509,38.207653],[-95.670566,38.208041],[-95.671165,38.208184],[-95.671455,38.208234],[-95.671708,38.208256],[-95.671999,38.208335],[-95.672217,38.208387],[-95.672365,38.208497],[-95.672407,38.208667],[-95.672395,38.208837],[-95.672292,38.208981],[-95.672045,38.209115],[-95.671889,38.20926],[-95.671514,38.209354],[-95.671281,38.209374],[-95.670976,38.209409],[-95.670831,38.20937],[-95.670704,38.20933],[-95.670575,38.209262],[-95.670395,38.209266],[-95.670287,38.209254],[-95.670017,38.20926],[-95.669802,38.209294],[-95.669556,38.209441],[-95.669395,38.209473],[-95.669269,38.209462],[-95.668831,38.209302],[-95.668759,38.209289],[-95.668615,38.209307],[-95.668508,38.209337],[-95.668384,38.209383],[-95.66819,38.209501],[-95.668036,38.209703],[-95.667985,38.209789],[-95.667922,38.210046],[-95.667789,38.210319],[-95.667721,38.210434],[-95.667561,38.210509],[-95.6674,38.210527],[-95.667238,38.210531],[-95.666985,38.210494],[-95.666798,38.210456],[-95.666689,38.210444],[-95.666507,38.210391],[-95.666236,38.210397],[-95.665988,38.210517],[-95.665848,38.210648],[-95.665709,38.210794],[-95.665574,38.211053],[-95.665497,38.21113],[-95.665383,38.211243],[-95.665277,38.211331],[-95.665081,38.211378],[-95.664918,38.211381],[-95.664719,38.211372],[-95.664539,38.21139],[-95.664395,38.211393],[-95.66427,38.211439],[-95.664147,38.211513],[-95.663949,38.211546],[-95.663769,38.21155],[-95.663481,38.211585],[-95.663352,38.211684],[-95.663196,38.211858],[-95.663181,38.211944],[-95.663223,38.212099],[-95.663284,38.212283],[-95.663398,38.212451],[-95.663438,38.21255],[-95.66348,38.212719],[-95.663468,38.212876],[-95.663399,38.212963],[-95.663077,38.213041],[-95.662898,38.21306],[-95.662717,38.213064],[-95.662646,38.213079],[-95.662466,38.213098],[-95.662145,38.21319],[-95.661803,38.213198],[-95.66175,38.213214],[-95.661659,38.213216],[-95.661589,38.21326],[-95.661572,38.213289],[-95.661502,38.213347],[-95.661512,38.213368],[-95.661541,38.213432],[-95.661598,38.213501],[-95.661714,38.213712],[-95.661769,38.213739],[-95.661825,38.213795],[-95.661883,38.213907],[-95.661887,38.214007],[-95.661871,38.214078],[-95.661732,38.214209],[-95.661467,38.214358],[-95.661221,38.214548],[-95.661081,38.214651],[-95.660978,38.214795],[-95.660893,38.214925],[-95.660844,38.215083],[-95.660723,38.215214],[-95.660633,38.21523],[-95.660291,38.215238],[-95.660274,38.215252],[-95.660275,38.215295],[-95.660276,38.215309],[-95.66035,38.215364],[-95.660386,38.215378],[-95.660531,38.215403],[-95.66064,38.215415],[-95.660766,38.215412],[-95.660855,38.215381],[-95.660927,38.215365],[-95.661071,38.215362],[-95.661107,38.215376],[-95.661113,38.215532],[-95.661169,38.215588],[-95.661224,38.215615],[-95.661297,38.215627],[-95.661387,38.215625],[-95.661494,38.215609],[-95.66187,38.215529],[-95.662014,38.215526],[-95.662213,38.215535],[-95.662433,38.215658],[-95.66262,38.215839],[-95.662774,38.216106],[-95.662814,38.216219],[-95.662816,38.216275],[-95.662802,38.216361],[-95.662808,38.216546],[-95.662864,38.216587],[-95.662938,38.216628],[-95.662974,38.216627],[-95.663063,38.216611],[-95.663152,38.216581],[-95.663223,38.216536],[-95.663311,38.216492],[-95.663382,38.216462],[-95.66347,38.216389],[-95.66363,38.216328],[-95.663771,38.21624],[-95.664235,38.215973],[-95.664554,38.215795],[-95.664826,38.215803],[-95.665115,38.215796],[-95.665242,38.215808],[-95.665498,38.215887],[-95.66559,38.215942],[-95.665645,38.215954],[-95.665772,38.215981],[-95.666014,38.216161],[-95.66613,38.216372],[-95.666139,38.216615],[-95.666079,38.216958],[-95.665752,38.217408],[-95.665697,38.21749],[-95.665615,38.217611],[-95.665526,38.217656],[-95.665459,38.2178],[-95.665391,38.217915],[-95.665359,38.218045],[-95.66533,38.218231],[-95.665298,38.218331],[-95.665211,38.218447],[-95.665126,38.218592],[-95.665076,38.218693],[-95.665081,38.218835],[-95.665104,38.218963],[-95.665132,38.219248],[-95.665152,38.219305],[-95.665121,38.219434],[-95.66502,38.21965],[-95.665044,38.219806],[-95.665086,38.219976],[-95.66511,38.220119],[-95.665151,38.220246],[-95.665176,38.220459],[-95.665183,38.220645],[-95.665151,38.220759],[-95.665101,38.22086],[-95.665126,38.22106],[-95.665147,38.22113],[-95.665313,38.221227],[-95.665423,38.221267],[-95.665466,38.221249],[-95.665494,38.221237],[-95.665655,38.22119],[-95.665743,38.221117],[-95.665885,38.221042],[-95.666308,38.220762],[-95.666538,38.2206],[-95.666695,38.220453],[-95.666837,38.220379],[-95.667015,38.220303],[-95.667267,38.220283],[-95.667541,38.220349],[-95.667795,38.220371],[-95.667996,38.220424],[-95.668088,38.220465],[-95.668542,38.22054],[-95.66887,38.220589],[-95.668979,38.220601],[-95.669051,38.2206],[-95.66914,38.220569],[-95.669228,38.22051],[-95.669297,38.220394],[-95.669328,38.220265],[-95.66932,38.220051],[-95.669399,38.219721],[-95.669513,38.219391],[-95.669765,38.218857],[-95.669868,38.218727],[-95.669988,38.218538],[-95.670129,38.218435],[-95.670375,38.218244],[-95.67057,38.218126],[-95.670675,38.218052],[-95.670765,38.218021],[-95.670872,38.217976],[-95.671016,38.217973],[-95.671127,38.218027],[-95.671184,38.218126],[-95.67126,38.218224],[-95.671342,38.218465],[-95.6715,38.218832],[-95.6716,38.219115],[-95.671787,38.219781],[-95.671847,38.219937],[-95.671906,38.22005],[-95.672001,38.220176],[-95.672093,38.220231],[-95.672166,38.220243],[-95.672311,38.22024],[-95.672418,38.220209],[-95.672579,38.220177],[-95.67285,38.220171],[-95.673049,38.220152],[-95.673119,38.220107],[-95.673171,38.220049],[-95.673187,38.219978],[-95.67322,38.219891],[-95.673324,38.21976],[-95.673657,38.219482],[-95.673832,38.219321],[-95.674301,38.219068],[-95.674478,38.218964],[-95.674584,38.21889],[-95.674674,38.218874],[-95.674727,38.218844],[-95.674887,38.218783],[-95.674993,38.218695],[-95.675116,38.218607],[-95.675399,38.218444],[-95.67554,38.218341],[-95.675645,38.218253],[-95.675805,38.218178],[-95.675913,38.218147],[-95.67613,38.218142],[-95.676257,38.218167],[-95.676368,38.218222],[-95.676477,38.218248],[-95.676552,38.218332],[-95.676576,38.218474],[-95.67658,38.218602],[-95.676608,38.218858],[-95.676595,38.218987],[-95.676618,38.219143],[-95.676605,38.219272],[-95.676665,38.219427],[-95.676709,38.219642],[-95.67675,38.21977],[-95.67703,38.220006],[-95.677438,38.220296],[-95.67748,38.220452],[-95.677499,38.22048],[-95.677578,38.220649],[-95.677635,38.220734],[-95.677691,38.220775],[-95.677732,38.220903],[-95.677682,38.221032],[-95.677686,38.221146],[-95.677798,38.221243],[-95.677909,38.221298],[-95.678057,38.221394],[-95.678482,38.221656],[-95.678684,38.221722],[-95.678885,38.221775],[-95.679356,38.221821],[-95.67965,38.221929],[-95.679889,38.222037],[-95.680077,38.222233],[-95.680082,38.222375],[-95.67989,38.222551],[-95.679486,38.222888],[-95.679259,38.223107],[-95.679047,38.223255],[-95.678819,38.223431],[-95.678713,38.223505],[-95.678516,38.223566],[-95.678356,38.223641],[-95.678233,38.22373],[-95.678152,38.223988],[-95.678028,38.224062],[-95.677871,38.224223],[-95.677786,38.224353],[-95.677793,38.224539],[-95.67783,38.224581],[-95.677905,38.224636],[-95.67798,38.22472],[-95.678075,38.224846],[-95.678192,38.225086],[-95.678425,38.225523],[-95.67878,38.225814],[-95.679131,38.226034],[-95.679204,38.226047],[-95.679314,38.226073],[-95.679387,38.2261],[-95.679426,38.22617],[-95.679498,38.226183],[-95.67959,38.226209],[-95.679663,38.226236],[-95.679739,38.22632],[-95.679688,38.226407],[-95.6796,38.226494],[-95.679424,38.226612],[-95.679301,38.226715],[-95.67893,38.226952],[-95.678735,38.22707],[-95.67863,38.227144],[-95.678523,38.227189],[-95.678344,38.227236],[-95.678219,38.227282],[-95.678057,38.227314],[-95.677858,38.227304],[-95.677585,38.227254],[-95.677366,38.227202],[-95.67698,38.227025],[-95.676645,38.226776],[-95.676331,38.226598],[-95.676164,38.226487],[-95.675958,38.226292],[-95.675866,38.226251],[-95.675791,38.226168],[-95.675771,38.226111],[-95.67566,38.226056],[-95.675513,38.225974],[-95.675385,38.225934],[-95.675309,38.225851],[-95.675251,38.225738],[-95.675193,38.225639],[-95.675099,38.225556],[-95.675008,38.225515],[-95.674935,38.225517],[-95.674918,38.225531],[-95.67487,38.225718],[-95.674912,38.22586],[-95.674921,38.226116],[-95.674888,38.226202],[-95.674838,38.226303],[-95.674823,38.226389],[-95.67479,38.226476],[-95.674738,38.226548],[-95.674615,38.226651],[-95.674445,38.226683],[-95.674354,38.226671],[-95.674299,38.226644],[-95.674172,38.226618],[-95.674082,38.226635],[-95.673918,38.22661],[-95.673809,38.226584],[-95.673718,38.226572],[-95.673608,38.226545],[-95.673497,38.226462],[-95.67344,38.226407],[-95.673366,38.226351],[-95.673238,38.226297],[-95.673129,38.2263],[-95.673076,38.226344],[-95.67306,38.226401],[-95.673101,38.226529],[-95.673155,38.226586],[-95.673269,38.226726],[-95.673408,38.227065],[-95.67343,38.227164],[-95.673432,38.227236],[-95.673382,38.227337],[-95.673276,38.22741],[-95.673062,38.227486],[-95.672758,38.227565],[-95.672415,38.227572],[-95.672344,38.227603],[-95.672326,38.227617],[-95.672346,38.227674],[-95.67242,38.227715],[-95.672404,38.227772],[-95.672369,38.227801],[-95.672315,38.227803],[-95.672244,38.227847],[-95.67221,38.227891],[-95.672157,38.227935],[-95.672124,38.228021],[-95.672035,38.228066],[-95.671965,38.22811],[-95.671875,38.228126],[-95.671695,38.228145],[-95.671689,38.228473],[-95.671855,38.228568],[-95.671983,38.228623],[-95.672146,38.228633],[-95.672164,38.228618],[-95.672307,38.228587],[-95.67236,38.228557],[-95.67256,38.228567],[-95.672689,38.228635],[-95.672743,38.228648],[-95.672816,38.228675],[-95.67291,38.228772],[-95.672932,38.228872],[-95.67297,38.228914],[-95.673025,38.228941],[-95.673116,38.228967],[-95.673356,38.22909],[-95.673539,38.229157],[-95.673669,38.229268],[-95.673725,38.229324],[-95.673765,38.229409],[-95.673786,38.229494],[-95.673773,38.229622],[-95.673757,38.229679],[-95.673668,38.229739],[-95.673542,38.229741],[-95.67338,38.229759],[-95.673111,38.229822],[-95.672791,38.229944],[-95.672365,38.230167],[-95.672209,38.230342],[-95.671998,38.230489],[-95.671822,38.230636],[-95.671683,38.230767],[-95.671476,38.231057],[-95.671409,38.231187],[-95.671359,38.231316],[-95.671081,38.231622],[-95.670993,38.231681],[-95.670837,38.231855],[-95.670767,38.231914],[-95.670678,38.231959],[-95.670589,38.231975],[-95.670497,38.231934],[-95.67046,38.231907],[-95.670439,38.23185],[-95.670258,38.231826],[-95.67015,38.231828],[-95.670006,38.23186],[-95.669808,38.231879],[-95.669648,38.231939],[-95.669489,38.232043],[-95.669453,38.232058],[-95.6694,38.232073],[-95.669217,38.232006],[-95.669179,38.231978],[-95.669088,38.231938],[-95.669013,38.231882],[-95.668956,38.231812],[-95.668754,38.231717],[-95.668663,38.231691],[-95.66855,38.231565],[-95.668459,38.231553],[-95.668425,38.231611],[-95.668393,38.231711],[-95.668382,38.231911],[-95.668386,38.232025],[-95.668406,38.232067],[-95.668426,38.232124],[-95.668482,38.23218],[-95.668503,38.23225],[-95.668415,38.232324],[-95.668345,38.232396],[-95.668168,38.232486],[-95.667989,38.232519],[-95.667827,38.232536],[-95.667737,38.232567],[-95.667631,38.232626],[-95.667525,38.2327],[-95.667365,38.232761],[-95.667222,38.232793],[-95.667006,38.232826],[-95.666823,38.232773],[-95.666767,38.232703],[-95.66673,38.232675],[-95.666658,38.232706],[-95.666575,38.232846],[-95.666504,38.232923],[-95.666344,38.233012],[-95.666293,38.233099],[-95.666312,38.233127],[-95.666368,38.233168],[-95.666404,38.233167],[-95.666476,38.233152],[-95.666638,38.233134],[-95.666855,38.233143],[-95.667037,38.233182],[-95.667328,38.233218],[-95.66751,38.233256],[-95.668231,38.233226],[-95.668484,38.23322],[-95.668593,38.233246],[-95.668756,38.233242],[-95.669027,38.23325],[-95.669245,38.233274],[-95.669301,38.233315],[-95.669394,38.233413],[-95.669488,38.233496],[-95.669496,38.233724],[-95.669427,38.233797],[-95.669362,38.234012],[-95.669293,38.234085],[-95.669169,38.234173],[-95.66903,38.234329],[-95.668767,38.234549],[-95.668717,38.234664],[-95.66844,38.234984],[-95.668369,38.235028],[-95.668282,38.235102],[-95.668247,38.235145],[-95.668196,38.235232],[-95.668217,38.235303],[-95.668218,38.235345],[-95.668131,38.235419],[-95.668059,38.235434],[-95.667987,38.235436],[-95.667969,38.235451],[-95.667897,38.235452],[-95.667823,38.235411],[-95.667786,38.235369],[-95.667712,38.235343],[-95.667604,38.235345],[-95.66748,38.235419],[-95.667411,38.235492],[-95.667415,38.235606],[-95.667436,38.235677],[-95.667419,38.23572],[-95.667423,38.235819],[-95.667531,38.235817],[-95.667584,38.235773],[-95.667601,38.235744],[-95.667617,38.235687],[-95.667668,38.235614],[-95.667739,38.23557],[-95.667831,38.235611],[-95.667868,38.235638],[-95.667904,38.235652],[-95.667978,38.235693],[-95.668105,38.235704],[-95.668214,38.23573],[-95.668287,38.235743],[-95.668323,38.235742],[-95.668377,38.235727],[-95.6685,38.235624],[-95.668553,38.235608],[-95.66868,38.23562],[-95.668954,38.235685],[-95.669026,38.235683],[-95.66908,38.235696],[-95.669209,38.23575],[-95.669266,38.23582],[-95.669586,38.236184],[-95.669698,38.236281],[-95.669774,38.236379],[-95.66994,38.236475],[-95.670069,38.236543],[-95.67016,38.236569],[-95.670234,38.236596],[-95.670361,38.236608],[-95.670394,38.236632],[-95.670398,38.23665],[-95.670382,38.236693],[-95.670275,38.236752],[-95.670151,38.236798],[-95.670117,38.23687],[-95.670263,38.236895],[-95.670353,38.236893],[-95.670478,38.236862],[-95.670602,38.236787],[-95.670619,38.236744],[-95.670688,38.236671],[-95.67074,38.236599],[-95.670737,38.236528],[-95.670717,38.236471],[-95.670659,38.236373],[-95.670618,38.236246],[-95.670651,38.236159],[-95.67072,38.236058],[-95.67086,38.235941],[-95.671087,38.235722],[-95.671492,38.235428],[-95.671849,38.235305],[-95.672137,38.23527],[-95.672461,38.235263],[-95.672842,38.235297],[-95.673113,38.235305],[-95.673295,38.235329],[-95.673661,38.235464],[-95.673771,38.23549],[-95.673843,38.235502],[-95.674024,38.235512],[-95.674096,38.235496],[-95.674295,38.235492],[-95.674456,38.23546],[-95.674509,38.235416],[-95.674544,38.235401],[-95.674617,38.235399],[-95.674726,38.235425],[-95.674783,38.235495],[-95.674821,38.235551],[-95.674824,38.235637],[-95.674813,38.235836],[-95.674817,38.235936],[-95.674785,38.236037],[-95.674771,38.236151],[-95.674687,38.236324],[-95.674585,38.236497],[-95.674516,38.236599],[-95.674343,38.236802],[-95.674202,38.236905],[-95.674149,38.236949],[-95.674028,38.237094],[-95.673835,38.237255],[-95.673732,38.2374],[-95.6737,38.237501],[-95.673577,38.237589],[-95.673471,38.237677],[-95.673329,38.237737],[-95.673205,38.237797],[-95.673096,38.237799],[-95.673006,38.237787],[-95.672915,38.237789],[-95.672862,38.237805],[-95.672811,38.237891],[-95.672815,38.238005],[-95.672978,38.2385],[-95.67304,38.238727],[-95.67306,38.238769],[-95.673085,38.238954],[-95.672985,38.239199],[-95.672883,38.239372],[-95.672897,38.239742],[-95.672886,38.239942],[-95.672909,38.24007],[-95.672967,38.240197],[-95.673065,38.240394],[-95.673197,38.240548],[-95.673282,38.240902],[-95.673323,38.241029],[-95.673352,38.241314],[-95.673395,38.241498],[-95.673324,38.241557],[-95.673164,38.241603],[-95.673057,38.241662],[-95.672949,38.241679],[-95.672896,38.241709],[-95.6727,38.24177],[-95.672701,38.241799],[-95.672756,38.241812],[-95.672864,38.241809],[-95.672936,38.241793],[-95.673098,38.241776],[-95.67317,38.241788],[-95.673264,38.241886],[-95.673269,38.242014],[-95.673308,38.242084],[-95.673345,38.242112],[-95.673365,38.242183],[-95.673332,38.242269],[-95.673317,38.242341],[-95.67334,38.242467],[-95.673404,38.242604],[-95.673438,38.242629],[-95.673491,38.242707],[-95.673565,38.242915],[-95.673569,38.243021],[-95.673504,38.243062],[-95.673455,38.243076],[-95.673388,38.243077],[-95.673287,38.243066],[-95.673254,38.243067],[-95.673205,38.243095],[-95.673158,38.243161],[-95.673158,38.243188],[-95.673145,38.243267],[-95.673098,38.243347],[-95.673084,38.243426],[-95.673069,38.243479],[-95.673049,38.243509],[-95.673006,38.243573],[-95.672958,38.243626],[-95.672944,38.243719],[-95.67293,38.243772],[-95.672949,38.243837],[-95.672985,38.243928],[-95.673021,38.243993],[-95.673074,38.244058],[-95.673077,38.24415],[-95.673028,38.244177],[-95.672979,38.244218],[-95.672939,38.244277],[-95.672949,38.244284],[-95.673097,38.244241],[-95.673146,38.244201],[-95.673175,38.244082],[-95.673155,38.244003],[-95.673151,38.243898],[-95.673132,38.24382],[-95.673129,38.243741],[-95.673142,38.243662],[-95.673174,38.243608],[-95.673205,38.243542],[-95.673238,38.243514],[-95.673334,38.243434],[-95.67343,38.243326],[-95.673513,38.243311],[-95.673646,38.243308],[-95.673696,38.243294],[-95.673762,38.243266],[-95.67381,38.243226],[-95.67401,38.243221],[-95.674043,38.243207],[-95.674075,38.24318],[-95.67411,38.243028],[-95.674109,38.242999],[-95.67409,38.242957],[-95.674053,38.242943],[-95.674069,38.242885],[-95.674102,38.242799],[-95.674155,38.242769],[-95.674244,38.242695],[-95.67426,38.242652],[-95.674296,38.242622],[-95.674367,38.242592],[-95.674403,38.242591],[-95.674475,38.242561],[-95.674566,38.242559],[-95.674621,38.242572],[-95.674659,38.242614],[-95.674678,38.242628],[-95.674716,38.242684],[-95.674721,38.242813],[-95.674687,38.242886],[-95.674621,38.242927],[-95.674598,38.242931],[-95.674508,38.242976],[-95.674491,38.242991],[-95.674494,38.243076],[-95.674514,38.243119],[-95.674552,38.243176],[-95.674664,38.243259],[-95.674739,38.2433],[-95.674869,38.243398],[-95.674979,38.24341],[-95.674977,38.243367],[-95.674903,38.243325],[-95.674865,38.243283],[-95.674845,38.243226],[-95.674789,38.243184],[-95.674677,38.243115],[-95.674675,38.243058],[-95.674764,38.243013],[-95.674782,38.242998],[-95.674871,38.242953],[-95.674961,38.242922],[-95.674996,38.242893],[-95.674995,38.24285],[-95.675011,38.242792],[-95.675028,38.242778],[-95.675083,38.242791],[-95.675137,38.242775],[-95.675136,38.242746],[-95.67508,38.24269],[-95.67506,38.242633],[-95.675041,38.24262],[-95.675021,38.242577],[-95.675002,38.242549],[-95.674933,38.242485],[-95.674851,38.242132],[-95.674732,38.241725],[-95.674798,38.241642],[-95.674862,38.241581],[-95.675066,38.24139],[-95.675166,38.241279],[-95.675233,38.241223],[-95.67537,38.241192],[-95.675439,38.241191],[-95.675572,38.241024],[-95.675602,38.240914],[-95.675594,38.240695],[-95.675625,38.240586],[-95.675655,38.240448],[-95.67599,38.240168],[-95.676126,38.240083],[-95.676227,38.239998],[-95.676526,38.239664],[-95.676661,38.239579],[-95.676764,38.239574],[-95.676794,38.239557],[-95.676835,38.23954],[-95.676948,38.239529],[-95.677041,38.239535],[-95.677299,38.239562],[-95.677414,38.2396],[-95.677662,38.239651],[-95.677798,38.239688],[-95.678267,38.239865],[-95.678498,38.239989],[-95.678624,38.240043],[-95.678782,38.240129],[-95.678898,38.240207],[-95.679026,38.240326],[-95.679069,38.240398],[-95.679138,38.240575],[-95.679212,38.240639],[-95.679309,38.24075],[-95.679383,38.240797],[-95.679456,38.240836],[-95.679488,38.24086],[-95.67954,38.240883],[-95.679582,38.240914],[-95.679635,38.240946],[-95.6797,38.241033],[-95.679702,38.241074],[-95.679693,38.241123],[-95.679675,38.24118],[-95.679655,38.241213],[-95.679595,38.241247],[-95.679576,38.241304],[-95.679588,38.241336],[-95.679651,38.241392],[-95.679694,38.241423],[-95.679724,38.241426],[-95.679756,38.24143],[-95.679797,38.241429],[-95.679858,38.241411],[-95.679888,38.241386],[-95.679907,38.241353],[-95.679905,38.241297],[-95.67993,38.241126],[-95.679983,38.240963],[-95.680071,38.240773],[-95.680121,38.240723],[-95.680129,38.240666],[-95.680116,38.240577],[-95.680044,38.240295],[-95.680022,38.240263],[-95.679998,38.240182],[-95.679996,38.240117],[-95.680013,38.240028],[-95.680077,38.239799],[-95.680124,38.239416],[-95.680116,38.239189],[-95.68009,38.239052],[-95.680055,38.238939],[-95.680019,38.238777],[-95.680005,38.238667],[-95.680226,38.238596],[-95.680847,38.238555],[-95.681259,38.238464],[-95.681916,38.238421],[-95.682054,38.238418],[-95.682228,38.238441],[-95.68237,38.238547],[-95.682509,38.238544],[-95.682574,38.238434],[-95.682573,38.238406],[-95.682603,38.238269],[-95.682631,38.238105],[-95.682622,38.237859],[-95.68258,38.237669],[-95.682543,38.237588],[-95.682506,38.237534],[-95.682435,38.237481],[-95.682258,38.237376],[-95.682149,38.237242],[-95.682145,38.237133],[-95.682104,38.236943],[-95.682078,38.236233],[-95.682103,38.235987],[-95.68202,38.235607],[-95.682047,38.235387],[-95.682041,38.235224],[-95.682074,38.235196],[-95.682247,38.235192],[-95.682317,38.235217],[-95.682525,38.235213],[-95.682664,38.235237],[-95.682768,38.235234],[-95.682873,38.235259],[-95.683019,38.235474],[-95.683091,38.235555],[-95.683375,38.235645],[-95.683937,38.235736],[-95.684298,38.235727],[-95.684429,38.235699],[-95.684558,38.235644],[-95.684655,38.23559],[-95.68475,38.23551],[-95.684815,38.235482],[-95.684911,38.235402],[-95.685004,38.235245],[-95.68503,38.235063],[-95.685091,38.234932],[-95.68515,38.234749],[-95.685145,38.234619],[-95.685237,38.234436],[-95.685391,38.234147],[-95.685517,38.234014],[-95.685579,38.233909],[-95.685681,38.233803],[-95.685648,38.233438],[-95.685481,38.232789],[-95.685432,38.232449],[-95.685157,38.230851],[-95.683925,38.224277],[-95.683862,38.224023],[-95.683685,38.223118],[-95.683024,38.219335],[-95.682896,38.218785],[-95.682809,38.218389],[-95.682691,38.218122],[-95.682551,38.217742],[-95.682408,38.217277],[-95.68162,38.214931],[-95.681482,38.214607],[-95.681284,38.214101],[-95.681062,38.213438],[-95.680816,38.212621],[-95.680473,38.21162],[-95.67928,38.208041],[-95.679188,38.207987],[-95.679112,38.207889],[-95.679073,38.20779],[-95.679124,38.207704],[-95.679211,38.207645],[-95.679445,38.207626],[-95.679536,38.207652],[-95.679629,38.207735],[-95.679633,38.207863],[-95.6796,38.207949],[-95.679762,38.208428],[-95.679967,38.209119],[-95.680291,38.210105],[-95.680755,38.211458],[-95.681137,38.212542],[-95.681382,38.213346],[-95.681626,38.214093],[-95.681982,38.214979],[-95.682568,38.216733],[-95.682732,38.217269],[-95.682868,38.217536],[-95.682948,38.217747],[-95.683111,38.218283],[-95.683419,38.219802],[-95.683537,38.220566],[-95.683626,38.221033],[-95.683762,38.221796],[-95.683964,38.222885],[-95.68425,38.224298],[-95.684532,38.226095],[-95.684797,38.227409],[-95.685068,38.228922],[-95.685423,38.230746],[-95.685631,38.23199],[-95.685803,38.232739],[-95.685955,38.233445],[-95.685964,38.233704],[-95.686031,38.233692],[-95.686064,38.233691],[-95.686099,38.233742],[-95.686167,38.233818],[-95.686237,38.23392],[-95.686339,38.234022],[-95.68641,38.23415],[-95.686519,38.234432],[-95.686558,38.234613],[-95.686569,38.234898],[-95.686647,38.235233],[-95.686717,38.235361],[-95.686821,38.235514],[-95.686894,38.235694],[-95.686928,38.235745],[-95.687069,38.236001],[-95.687238,38.236127],[-95.687438,38.2362],[-95.687503,38.236173],[-95.687665,38.236117],[-95.687793,38.23601],[-95.687887,38.235879],[-95.688014,38.235772],[-95.688077,38.235693],[-95.688176,38.235691],[-95.688306,38.235662],[-95.688335,38.235557],[-95.688298,38.235454],[-95.688197,38.235379],[-95.688095,38.235278],[-95.687958,38.235125],[-95.687919,38.23497],[-95.687916,38.234893],[-95.687974,38.234684],[-95.688033,38.234501],[-95.68806,38.234345],[-95.688055,38.234216],[-95.688084,38.234085],[-95.688115,38.234059],[-95.688278,38.234003],[-95.688475,38.233998],[-95.688739,38.234044],[-95.688871,38.234041],[-95.68897,38.234065],[-95.689259,38.234193],[-95.689304,38.234213],[-95.689471,38.234261],[-95.689602,38.234258],[-95.689831,38.234227],[-95.689959,38.234146],[-95.690087,38.234039],[-95.690408,38.233825],[-95.690918,38.233398],[-95.691079,38.233317],[-95.69121,38.233288],[-95.691604,38.233279],[-95.691909,38.233531],[-95.692011,38.233632],[-95.692281,38.233807],[-95.692351,38.233935],[-95.692454,38.234063],[-95.692594,38.234293],[-95.692662,38.234343],[-95.692841,38.234728],[-95.692944,38.234855],[-95.693115,38.235033],[-95.693216,38.235108],[-95.693415,38.235156],[-95.69368,38.235201],[-95.693778,38.235199],[-95.693781,38.235277],[-95.69319,38.23529],[-95.693061,38.235345],[-95.692933,38.235452],[-95.692804,38.235532],[-95.692775,38.235637],[-95.69275,38.235845],[-95.692835,38.236361],[-95.692936,38.236437],[-95.693005,38.236513],[-95.693006,38.236539],[-95.692914,38.236723],[-95.692852,38.236828],[-95.692793,38.237011],[-95.692731,38.237116],[-95.692704,38.237272],[-95.692742,38.237401],[-95.692875,38.237449],[-95.693068,38.237341],[-95.693163,38.237235],[-95.693394,38.237256],[-95.693561,38.23733],[-95.693627,38.237328],[-95.693757,38.237299],[-95.693855,38.237271],[-95.693986,38.237268],[-95.694086,38.237292],[-95.694186,38.237341],[-95.694394,38.237622],[-95.694463,38.237724],[-95.694566,38.237851],[-95.694639,38.238031],[-95.694648,38.23829],[-95.694619,38.238394],[-95.694524,38.238474],[-95.694427,38.238529],[-95.694297,38.238557],[-95.694298,38.238583],[-95.69417,38.23869],[-95.694073,38.238744],[-95.693978,38.238824],[-95.693916,38.238929],[-95.693787,38.238984],[-95.693758,38.239114],[-95.693861,38.239216],[-95.693996,38.239316],[-95.694096,38.23934],[-95.694197,38.239415],[-95.694296,38.239439],[-95.69443,38.239488],[-95.694564,38.239562],[-95.694598,38.239588],[-95.694634,38.23969],[-95.694705,38.239818],[-95.694743,38.239947],[-95.694878,38.240048],[-95.69495,38.240228],[-95.694986,38.240305],[-95.694956,38.240428],[-95.694935,38.24052],[-95.694901,38.24067],[-95.694723,38.240831],[-95.694588,38.24088],[-95.69451,38.240882],[-95.694452,38.240914],[-95.694434,38.240961],[-95.694397,38.241024],[-95.694399,38.241086],[-95.694382,38.241148],[-95.694384,38.241194],[-95.694406,38.241256],[-95.694411,38.241395],[-95.694376,38.241519],[-95.694319,38.241551],[-95.694103,38.241556],[-95.693828,38.241532],[-95.693336,38.241481],[-95.69302,38.241411],[-95.692939,38.241351],[-95.692864,38.241338],[-95.692841,38.241338],[-95.692762,38.241324],[-95.692683,38.241326],[-95.692604,38.241312],[-95.692566,38.241329],[-95.692529,38.241407],[-95.692572,38.241499],[-95.692612,38.241529],[-95.692654,38.24159],[-95.692715,38.24165],[-95.692775,38.241695],[-95.692836,38.241755],[-95.692957,38.24183],[-95.693017,38.241859],[-95.693097,38.241904],[-95.693158,38.241964],[-95.693218,38.241994],[-95.693258,38.242024],[-95.693361,38.242161],[-95.693421,38.24219],[-95.693541,38.242265],[-95.69351,38.242482],[-95.693239,38.242581],[-95.693261,38.242642],[-95.693263,38.242704],[-95.693323,38.242734],[-95.693422,38.242747],[-95.693461,38.242746],[-95.69354,38.24276],[-95.693682,38.24288],[-95.693639,38.243329],[-95.693649,38.243592],[-95.693675,38.243777],[-95.693661,38.243916],[-95.693721,38.243946],[-95.693782,38.244006],[-95.693901,38.24405],[-95.693961,38.244064],[-95.694002,38.244079],[-95.694026,38.244074],[-95.694127,38.244096],[-95.694243,38.244137],[-95.694376,38.244193],[-95.694546,38.244246],[-95.694709,38.244284],[-95.694879,38.244317],[-95.694929,38.244335],[-95.695005,38.244375],[-95.695041,38.244404],[-95.695089,38.244457],[-95.695144,38.244502],[-95.695176,38.244541],[-95.695193,38.244575],[-95.695196,38.244636],[-95.69519,38.244663],[-95.695179,38.24468],[-95.695063,38.244747],[-95.69501,38.244765],[-95.694972,38.244823],[-95.695008,38.244866],[-95.695025,38.244902],[-95.695039,38.244954],[-95.695037,38.244978],[-95.695014,38.245021],[-95.694977,38.245112],[-95.694938,38.24517],[-95.694808,38.245278],[-95.694766,38.245299],[-95.69473,38.245334],[-95.694724,38.24544],[-95.694703,38.245469],[-95.694667,38.245495],[-95.694643,38.24552],[-95.694606,38.245526],[-95.694575,38.245541],[-95.694513,38.245547],[-95.694435,38.245544],[-95.694302,38.245557],[-95.694231,38.245571],[-95.694108,38.245621],[-95.693999,38.245625],[-95.693961,38.24562],[-95.693884,38.245622],[-95.693845,38.245593],[-95.693796,38.245586],[-95.693786,38.245564],[-95.693756,38.245526],[-95.693696,38.24549],[-95.693658,38.245491],[-95.693619,38.245484],[-95.693554,38.245485],[-95.693428,38.245519],[-95.6934,38.245542],[-95.693364,38.245596],[-95.693337,38.245665],[-95.693319,38.245696],[-95.693243,38.245728],[-95.693214,38.245721],[-95.693185,38.245699],[-95.693146,38.2457],[-95.693088,38.245693],[-95.692915,38.245697],[-95.692868,38.245721],[-95.692472,38.24595],[-95.692388,38.246013],[-95.69225,38.246175],[-95.692232,38.246214],[-95.692185,38.246253],[-95.692168,38.246299],[-95.692151,38.246367],[-95.692172,38.246405],[-95.692182,38.246435],[-95.692175,38.246496],[-95.692158,38.246549],[-95.69213,38.246596],[-95.692123,38.246641],[-95.692104,38.246672],[-95.69202,38.246742],[-95.691984,38.246796],[-95.691976,38.246842],[-95.691898,38.247079],[-95.69189,38.247125],[-95.691872,38.247163],[-95.691817,38.247225],[-95.691751,38.247257],[-95.691693,38.247266],[-95.691616,38.247267],[-95.691558,38.247254],[-95.691431,38.247196],[-95.691401,38.247174],[-95.691372,38.247159],[-95.691314,38.247153],[-95.691275,38.247139],[-95.691198,38.24714],[-95.691141,38.247157],[-95.691084,38.247181],[-95.691056,38.247204],[-95.691038,38.247235],[-95.691001,38.247266],[-95.690978,38.247276],[-95.690942,38.247256],[-95.690938,38.247164],[-95.690916,38.247102],[-95.690857,38.247088],[-95.690739,38.247075],[-95.690623,38.247109],[-95.690566,38.247157],[-95.690567,38.247203],[-95.69053,38.247266],[-95.690393,38.247253],[-95.690314,38.24724],[-95.690218,38.247288],[-95.690238,38.247319],[-95.690319,38.247379],[-95.690379,38.247408],[-95.690522,38.24756],[-95.690563,38.247621],[-95.690605,38.247697],[-95.690629,38.247835],[-95.690638,38.247852],[-95.690678,38.247869],[-95.690744,38.247924],[-95.690745,38.247955],[-95.690714,38.247981],[-95.690604,38.247983],[-95.690581,38.248009],[-95.690582,38.24804],[-95.690615,38.248083],[-95.690737,38.248173],[-95.690814,38.248333],[-95.690855,38.248376],[-95.690882,38.248469],[-95.690899,38.248506],[-95.690909,38.248555],[-95.690911,38.248599],[-95.690929,38.248667],[-95.690954,38.248697],[-95.690963,38.248722],[-95.69094,38.248748],[-95.690697,38.248791],[-95.690627,38.248823],[-95.690597,38.248868],[-95.690551,38.248918],[-95.690497,38.248945],[-95.690427,38.248959],[-95.690239,38.249013],[-95.690185,38.249033],[-95.690087,38.248966],[-95.690032,38.248974],[-95.690001,38.248987],[-95.689971,38.249025],[-95.68991,38.249083],[-95.689888,38.249127],[-95.689881,38.249152],[-95.689882,38.249183],[-95.689837,38.249252],[-95.689823,38.249296],[-95.689793,38.249322],[-95.689755,38.249366],[-95.689715,38.249367],[-95.689628,38.249344],[-95.689556,38.249333],[-95.689509,38.249335],[-95.689447,38.249367],[-95.689401,38.249412],[-95.689379,38.24945],[-95.689338,38.249631],[-95.689339,38.249668],[-95.689348,38.249699],[-95.689349,38.249724],[-95.689338,38.249765],[-95.68935,38.249813],[-95.689274,38.249876],[-95.689238,38.249922],[-95.689147,38.250037],[-95.689132,38.250058],[-95.689071,38.250143],[-95.688869,38.250369],[-95.688668,38.250607],[-95.688502,38.250733],[-95.688381,38.250834],[-95.688325,38.251013],[-95.688367,38.251086],[-95.688423,38.251128],[-95.688489,38.251138],[-95.688703,38.251134],[-95.688726,38.251127],[-95.688858,38.251106],[-95.688967,38.251122],[-95.689007,38.251145],[-95.689078,38.251168],[-95.689164,38.251172],[-95.689225,38.251146],[-95.689285,38.251077],[-95.689413,38.250964],[-95.689578,38.250788],[-95.689699,38.2507],[-95.689789,38.250612],[-95.68992,38.25059],[-95.690016,38.250643],[-95.690133,38.250724],[-95.690223,38.250786],[-95.690279,38.250809],[-95.690318,38.250808],[-95.690371,38.250789],[-95.690462,38.250713],[-95.69056,38.250619],[-95.690635,38.250555],[-95.690797,38.250521],[-95.690999,38.250516],[-95.691115,38.250489],[-95.691214,38.250432],[-95.691305,38.25035],[-95.691419,38.250292],[-95.691853,38.250239],[-95.692038,38.250186],[-95.69238,38.250172],[-95.692673,38.250104],[-95.692843,38.250037],[-95.692923,38.249976],[-95.693052,38.249878],[-95.693146,38.249825],[-95.693192,38.249808],[-95.693201,38.249791],[-95.693245,38.249754],[-95.693362,38.249686],[-95.693417,38.24967],[-95.693509,38.249668],[-95.693665,38.249658],[-95.69382,38.249639],[-95.693902,38.249609],[-95.694056,38.24954],[-95.694082,38.24951],[-95.694216,38.249413],[-95.694299,38.249411],[-95.694401,38.24943],[-95.694474,38.249421],[-95.694519,38.249406],[-95.694602,38.24939],[-95.694831,38.249384],[-95.695016,38.249416],[-95.695147,38.249471],[-95.695231,38.249513],[-95.695288,38.249569],[-95.695327,38.249627],[-95.695348,38.249677],[-95.695387,38.249748],[-95.695401,38.249784],[-95.695564,38.249968],[-95.695624,38.250036],[-95.695602,38.250161],[-95.695555,38.250339],[-95.695536,38.250545],[-95.695474,38.250808],[-95.695481,38.250999],[-95.695446,38.251283],[-95.695403,38.25157],[-95.695324,38.251848],[-95.695283,38.252196],[-95.695238,38.252437],[-95.69519,38.252615],[-95.695203,38.252721],[-95.695242,38.252805],[-95.695362,38.252887],[-95.695499,38.252941],[-95.695572,38.252996],[-95.695601,38.253045],[-95.69555,38.253131],[-95.695464,38.253218],[-95.69537,38.253347],[-95.695269,38.253519],[-95.695087,38.253948],[-95.695012,38.254105],[-95.694988,38.254177],[-95.694982,38.254248],[-95.695011,38.254304],[-95.695067,38.254366],[-95.69515,38.254435],[-95.695199,38.254536],[-95.695213,38.254685],[-95.695172,38.254785],[-95.69512,38.254828],[-95.695085,38.254872],[-95.69508,38.254971],[-95.6951,38.25502],[-95.695115,38.255182],[-95.695038,38.255283],[-95.694943,38.255391],[-95.694878,38.255577],[-95.694856,38.255712],[-95.69478,38.255848],[-95.694792,38.255911],[-95.694753,38.256075],[-95.694675,38.256148],[-95.694551,38.256193],[-95.694444,38.256217],[-95.69431,38.256234],[-95.694158,38.256237],[-95.694061,38.256296],[-95.693987,38.256387],[-95.693932,38.256455],[-95.693782,38.256763],[-95.693713,38.256828],[-95.693651,38.256865],[-95.69359,38.256894],[-95.693536,38.256903],[-95.693428,38.256884],[-95.693402,38.256913],[-95.693434,38.257046],[-95.693481,38.257116],[-95.693646,38.257218],[-95.693722,38.257316],[-95.693781,38.257463],[-95.693775,38.257541],[-95.693795,38.257583],[-95.693985,38.257635],[-95.694103,38.257682],[-95.694132,38.257738],[-95.694144,38.257809],[-95.694137,38.257872],[-95.694066,38.257895],[-95.693941,38.257912],[-95.693754,38.257931],[-95.693664,38.257947],[-95.693481,38.258078],[-95.693404,38.258186],[-95.693345,38.258294],[-95.693322,38.258408],[-95.69328,38.258465],[-95.693255,38.258522],[-95.693228,38.258688],[-95.693226,38.2587],[-95.693153,38.258914],[-95.693183,38.25899],[-95.693253,38.258961],[-95.693353,38.25874],[-95.693393,38.258693],[-95.694547,38.259412],[-95.694569,38.259426],[-95.694768,38.25955],[-95.694774,38.259426],[-95.694893,38.257006],[-95.69494,38.257005],[-95.695057,38.257009],[-95.695252,38.256962],[-95.69535,38.256932],[-95.695464,38.256851],[-95.695594,38.256728],[-95.69567,38.256613],[-95.695798,38.25644],[-95.695887,38.256176],[-95.695962,38.256012],[-95.696067,38.255932],[-95.696199,38.255879],[-95.696352,38.25589],[-95.696549,38.255857],[-95.696619,38.255827],[-95.696662,38.255755],[-95.696622,38.25565],[-95.696547,38.255581],[-95.696506,38.25544],[-95.696518,38.255263],[-95.696572,38.255036],[-95.69664,38.254942],[-95.696746,38.254876],[-95.696796,38.254776],[-95.696839,38.254729],[-95.696919,38.254706],[-95.697027,38.25471],[-95.697108,38.254722],[-95.69718,38.254721],[-95.697322,38.254696],[-95.697375,38.254667],[-95.6974,38.254617],[-95.697406,38.254539],[-95.697438,38.254418],[-95.697525,38.254352],[-95.697613,38.254307],[-95.697684,38.254285],[-95.697744,38.25422],[-95.697818,38.254034],[-95.697878,38.253948],[-95.697945,38.253819],[-95.698091,38.253645],[-95.698165,38.253453],[-95.698274,38.253266],[-95.698393,38.253087],[-95.698569,38.252983],[-95.698752,38.252831],[-95.698979,38.252663],[-95.69913,38.252617],[-95.699265,38.252621],[-95.699491,38.252679],[-95.699599,38.252684],[-95.699661,38.252675],[-95.699713,38.252625],[-95.699728,38.252539],[-95.699696,38.252391],[-95.699609,38.252217],[-95.699553,38.251928],[-95.699578,38.251644],[-95.699633,38.251409],[-95.699758,38.251159],[-95.700047,38.250968],[-95.700099,38.25091],[-95.70014,38.250817],[-95.700118,38.250705],[-95.700044,38.250643],[-95.699941,38.250539],[-95.699906,38.250313],[-95.699937,38.250178],[-95.700021,38.250036],[-95.700127,38.249715],[-95.700187,38.249613],[-95.700404,38.249432],[-95.70053,38.249379],[-95.70088,38.249371],[-95.70107,38.249341],[-95.70108,38.249306],[-95.701099,38.24924],[-95.70106,38.249065],[-95.700831,38.248894],[-95.700867,38.248662],[-95.70112,38.248031],[-95.701412,38.247535],[-95.701467,38.247181],[-95.701492,38.246908],[-95.70147,38.246311],[-95.701427,38.246095],[-95.70145,38.245795],[-95.701502,38.245332],[-95.701499,38.24525],[-95.701562,38.245086],[-95.701592,38.244977],[-95.701584,38.244759],[-95.701615,38.24465],[-95.701603,38.244324],[-95.701521,38.243973],[-95.701515,38.24381],[-95.701543,38.243646],[-95.701641,38.243508],[-95.701709,38.243479],[-95.701954,38.243582],[-95.702067,38.243824],[-95.702143,38.244013],[-95.702582,38.244709],[-95.702759,38.244841],[-95.702934,38.244918],[-95.703143,38.244968],[-95.703488,38.244987],[-95.70364,38.245364],[-95.703611,38.245501],[-95.703724,38.24577],[-95.704006,38.245954],[-95.704182,38.246031],[-95.704679,38.246427],[-95.70497,38.246855],[-95.704911,38.247128],[-95.704846,38.247211],[-95.704641,38.247271],[-95.704166,38.247472],[-95.704135,38.247554],[-95.704173,38.247662],[-95.704318,38.247849],[-95.704564,38.247979],[-95.704778,38.248164],[-95.705059,38.248321],[-95.705239,38.248534],[-95.705486,38.248691],[-95.705629,38.248824],[-95.705667,38.248905],[-95.70581,38.249064],[-95.705922,38.249279],[-95.705892,38.249416],[-95.705791,38.249472],[-95.705586,38.249532],[-95.705451,38.249589],[-95.705384,38.249645],[-95.705283,38.249702],[-95.705215,38.24973],[-95.705182,38.249785],[-95.705201,38.250035],[-95.705274,38.250089],[-95.705369,38.2502],[-95.705517,38.250325],[-95.705631,38.250485],[-95.70568,38.25059],[-95.705677,38.250775],[-95.705618,38.250875],[-95.705419,38.251064],[-95.705271,38.251195],[-95.705185,38.251303],[-95.705136,38.251453],[-95.705105,38.251575],[-95.705137,38.251709],[-95.705205,38.251863],[-95.705307,38.251946],[-95.705687,38.252001],[-95.705942,38.25208],[-95.706097,38.25214],[-95.706297,38.252206],[-95.706406,38.252232],[-95.706622,38.252256],[-95.706773,38.252202],[-95.706843,38.252144],[-95.706967,38.252106],[-95.707199,38.252044],[-95.707416,38.252074],[-95.707545,38.252163],[-95.707585,38.252269],[-95.707607,38.252382],[-95.707632,38.25258],[-95.707674,38.252742],[-95.70777,38.25291],[-95.707809,38.252994],[-95.707823,38.253128],[-95.707792,38.253256],[-95.707792,38.253497],[-95.707716,38.253634],[-95.707682,38.253677],[-95.707629,38.253714],[-95.707392,38.253854],[-95.707233,38.253922],[-95.707171,38.253958],[-95.706961,38.254105],[-95.706812,38.254222],[-95.706674,38.254381],[-95.706461,38.254684],[-95.70639,38.254721],[-95.70631,38.254744],[-95.706256,38.254738],[-95.706122,38.254748],[-95.706032,38.254764],[-95.705924,38.25476],[-95.7058,38.254805],[-95.705706,38.254942],[-95.705691,38.25502],[-95.705693,38.255077],[-95.705641,38.255135],[-95.705554,38.255194],[-95.705493,38.255259],[-95.705487,38.25533],[-95.705544,38.255407],[-95.705645,38.255468],[-95.705763,38.255508],[-95.705917,38.25554],[-95.705973,38.255595],[-95.705985,38.255666],[-95.706005,38.255722],[-95.706052,38.255778],[-95.706188,38.255824],[-95.706369,38.255848],[-95.706593,38.255822],[-95.706807,38.255767],[-95.706986,38.255756],[-95.707051,38.255804],[-95.707088,38.255839],[-95.707169,38.255844],[-95.707212,38.2558],[-95.707256,38.255771],[-95.707328,38.255777],[-95.70742,38.255831],[-95.707485,38.255886],[-95.707659,38.255967],[-95.707869,38.256048],[-95.708131,38.256098],[-95.708268,38.256141],[-95.708386,38.256167],[-95.708476,38.256172],[-95.708513,38.256213],[-95.708516,38.256277],[-95.708473,38.256342],[-95.70843,38.256386],[-95.708334,38.256459],[-95.708236,38.256489],[-95.707865,38.256668],[-95.707628,38.256822],[-95.707551,38.256923],[-95.707517,38.256988],[-95.707468,38.25711],[-95.707433,38.257139],[-95.707372,38.257204],[-95.707339,38.257283],[-95.707295,38.257305],[-95.70728,38.257383],[-95.707301,38.257454],[-95.707253,38.257632],[-95.707196,38.257768],[-95.707067,38.257934],[-95.70698,38.258021],[-95.706804,38.258124],[-95.706302,38.258405],[-95.706055,38.258524],[-95.70593,38.258549],[-95.705786,38.258545],[-95.705742,38.25856],[-95.705689,38.258597],[-95.705611,38.258662],[-95.705497,38.258743],[-95.705279,38.258932],[-95.705168,38.259084],[-95.705118,38.259191],[-95.705032,38.259307],[-95.704954,38.259379],[-95.704857,38.259424],[-95.704779,38.259511],[-95.704692,38.25962],[-95.704583,38.259806],[-95.704437,38.259994],[-95.704315,38.260089],[-95.704138,38.260178],[-95.703998,38.260259],[-95.70391,38.260332],[-95.703814,38.260653],[-95.70378,38.260703],[-95.703786,38.26072],[-95.703801,38.260767],[-95.703866,38.260822],[-95.704019,38.26084],[-95.704153,38.260822],[-95.704215,38.260793],[-95.704287,38.260798],[-95.704352,38.260853],[-95.704466,38.261],[-95.704505,38.261105],[-95.704552,38.261154],[-95.704633,38.261159],[-95.704784,38.261113],[-95.704988,38.261023],[-95.70513,38.260981],[-95.705407,38.260918],[-95.705548,38.260843],[-95.705696,38.260712],[-95.705907,38.260594],[-95.706121,38.26054],[-95.706398,38.260512],[-95.706598,38.26055],[-95.706735,38.260625],[-95.706903,38.260798],[-95.707039,38.261057],[-95.707104,38.261346],[-95.707129,38.261551],[-95.707161,38.261685],[-95.707201,38.261776],[-95.707195,38.262103],[-95.707182,38.262252],[-95.707143,38.262395],[-95.707137,38.26248],[-95.707178,38.262635],[-95.707229,38.262775],[-95.70727,38.26293],[-95.707255,38.263002],[-95.707221,38.263059],[-95.707215,38.26313],[-95.707254,38.263207],[-95.707266,38.263285],[-95.707314,38.26339],[-95.707328,38.263524],[-95.707313,38.263589],[-95.707366,38.263807],[-95.707379,38.263906],[-95.707409,38.26399],[-95.707484,38.264095],[-95.707615,38.264475],[-95.707734,38.26477],[-95.70775,38.26494],[-95.707756,38.265109],[-95.707806,38.265477],[-95.707763,38.265535],[-95.70771,38.265564],[-95.707548,38.265575],[-95.707406,38.265607],[-95.707354,38.265658],[-95.707274,38.265695],[-95.707079,38.265763],[-95.707034,38.265757],[-95.706988,38.265744],[-95.706952,38.265724],[-95.70687,38.265697],[-95.706771,38.265699],[-95.706682,38.265723],[-95.706602,38.265767],[-95.70655,38.265811],[-95.706479,38.265841],[-95.706408,38.265849],[-95.706309,38.265852],[-95.706266,38.265895],[-95.706241,38.265953],[-95.706242,38.265988],[-95.706373,38.266127],[-95.706456,38.266167],[-95.706572,38.266158],[-95.706659,38.266085],[-95.706811,38.26606],[-95.706884,38.26608],[-95.706986,38.266162],[-95.707042,38.266225],[-95.707134,38.266279],[-95.707208,38.266334],[-95.707284,38.266453],[-95.707405,38.266798],[-95.707434,38.266854],[-95.707498,38.266888],[-95.707638,38.267019],[-95.70782,38.267072],[-95.70792,38.267119],[-95.708023,38.267209],[-95.708081,38.267317],[-95.70812,38.267408],[-95.708114,38.267501],[-95.7081,38.267586],[-95.708075,38.267658],[-95.708087,38.267742],[-95.708119,38.267869],[-95.708115,38.268004],[-95.708092,38.268097],[-95.708096,38.26821],[-95.708154,38.268556],[-95.708159,38.268705],[-95.708173,38.268832],[-95.708223,38.268966],[-95.708314,38.269247],[-95.708366,38.269444],[-95.708402,38.26967],[-95.708379,38.269784],[-95.708295,38.269935],[-95.708176,38.270115],[-95.708143,38.270204],[-95.708184,38.270345],[-95.708217,38.270515],[-95.708193,38.270586],[-95.708114,38.270637],[-95.707972,38.27069],[-95.70782,38.270715],[-95.707684,38.27069],[-95.707322,38.270613],[-95.706917,38.270594],[-95.706647,38.2706],[-95.706622,38.270632],[-95.706613,38.270644],[-95.706686,38.270685],[-95.70702,38.270712],[-95.707167,38.270787],[-95.707279,38.270919],[-95.70732,38.271046],[-95.707332,38.271138],[-95.707398,38.271207],[-95.707498,38.271226],[-95.707569,38.271203],[-95.707614,38.271202],[-95.707724,38.271263],[-95.707864,38.271395],[-95.708084,38.271517],[-95.708284,38.27159],[-95.708618,38.271618],[-95.708806,38.271586],[-95.708942,38.271632],[-95.709278,38.271702],[-95.709423,38.271748],[-95.709497,38.271789],[-95.709536,38.271888],[-95.709512,38.271966],[-95.709478,38.272009],[-95.709399,38.272054],[-95.709302,38.27212],[-95.709261,38.272213],[-95.709165,38.272307],[-95.709051,38.272381],[-95.708659,38.272723],[-95.708554,38.272803],[-95.70853,38.272868],[-95.708515,38.272967],[-95.708482,38.273046],[-95.708448,38.273082],[-95.708423,38.273133],[-95.708426,38.273211],[-95.70841,38.273282],[-95.70835,38.273368],[-95.708326,38.273447],[-95.708339,38.273553],[-95.708432,38.273629],[-95.708668,38.27368],[-95.709253,38.273695],[-95.710431,38.273703],[-95.710783,38.273723],[-95.710909,38.273741],[-95.711001,38.273803],[-95.711049,38.273873],[-95.711038,38.273939],[-95.711034,38.273965],[-95.710991,38.274023],[-95.710859,38.274076],[-95.710618,38.274131],[-95.710421,38.274157],[-95.709745,38.274116],[-95.709493,38.274122],[-95.709352,38.274189],[-95.70922,38.274263],[-95.70914,38.274279],[-95.708986,38.274268],[-95.70886,38.274264],[-95.708611,38.27434],[-95.708418,38.274458],[-95.708331,38.274545],[-95.708299,38.274652],[-95.708285,38.274752],[-95.708252,38.274838],[-95.708156,38.274918],[-95.708069,38.274977],[-95.70799,38.275042],[-95.707921,38.275115],[-95.707825,38.275202],[-95.707748,38.275296],[-95.707486,38.275501],[-95.707425,38.275573],[-95.707393,38.275666],[-95.707404,38.275729],[-95.707502,38.275933],[-95.707533,38.276052],[-95.707605,38.276134],[-95.707694,38.276161],[-95.70779,38.276228],[-95.707832,38.276341],[-95.707809,38.276406],[-95.707748,38.276437],[-95.707712,38.276492],[-95.707702,38.276552],[-95.707698,38.276611],[-95.707709,38.276734],[-95.707669,38.276859],[-95.707596,38.276915],[-95.707329,38.276976],[-95.707153,38.276965],[-95.707063,38.276912],[-95.707003,38.27682],[-95.706963,38.276583],[-95.706891,38.276511],[-95.70685,38.276489],[-95.706796,38.276471],[-95.706694,38.276446],[-95.706607,38.276458],[-95.706527,38.276505],[-95.706455,38.276595],[-95.706446,38.276646],[-95.70639,38.276688],[-95.706204,38.276724],[-95.706147,38.276745],[-95.706069,38.276831],[-95.705984,38.276911],[-95.70594,38.277013],[-95.705916,38.277083],[-95.70591,38.277097],[-95.705914,38.277184],[-95.705933,38.277218],[-95.705955,38.277233],[-95.705978,38.277249],[-95.706126,38.277283],[-95.706207,38.277278],[-95.706276,38.277265],[-95.706315,38.277241],[-95.706371,38.277165],[-95.706391,38.277127],[-95.706422,38.277048],[-95.706447,38.27703],[-95.706534,38.277014],[-95.706622,38.27702],[-95.706713,38.277059],[-95.706806,38.277255],[-95.706793,38.277413],[-95.706834,38.277516],[-95.706891,38.277564],[-95.706931,38.277598],[-95.707122,38.277673],[-95.707332,38.277742],[-95.707414,38.277745],[-95.707526,38.277718],[-95.70758,38.277657],[-95.707648,38.277468],[-95.707672,38.277442],[-95.707846,38.277399],[-95.707928,38.277407],[-95.707974,38.27745],[-95.707996,38.277539],[-95.707976,38.277692],[-95.707892,38.277798],[-95.707756,38.277841],[-95.70759,38.277929],[-95.707425,38.278046],[-95.707211,38.27821],[-95.707003,38.278353],[-95.706906,38.278434],[-95.706847,38.278529],[-95.706742,38.278757],[-95.706735,38.2789],[-95.706701,38.278995],[-95.706705,38.279089],[-95.70674,38.279187],[-95.706811,38.27925],[-95.707151,38.279282],[-95.707215,38.279315],[-95.707249,38.279398],[-95.707215,38.279493],[-95.707068,38.279575],[-95.706975,38.279607],[-95.706907,38.279648],[-95.706871,38.279698],[-95.706841,38.279724],[-95.706698,38.279757],[-95.706589,38.279798],[-95.706531,38.27982],[-95.706491,38.27993],[-95.706415,38.280075],[-95.706318,38.280161],[-95.706246,38.280267],[-95.706233,38.2804],[-95.706255,38.280504],[-95.706295,38.280572],[-95.706353,38.280591],[-95.706648,38.280604],[-95.706807,38.280654],[-95.706827,38.280703],[-95.70683,38.280772],[-95.706812,38.280798],[-95.706683,38.28088],[-95.706502,38.280904],[-95.706322,38.280937],[-95.706254,38.280983],[-95.706231,38.281043],[-95.706234,38.281117],[-95.706254,38.281157],[-95.706369,38.281213],[-95.706378,38.281287],[-95.706362,38.281357],[-95.706277,38.281418],[-95.706082,38.281586],[-95.705979,38.281687],[-95.705859,38.281821],[-95.705764,38.281966],[-95.705743,38.282086],[-95.705745,38.28214],[-95.70581,38.282193],[-95.705908,38.282304],[-95.705924,38.282403],[-95.705909,38.282497],[-95.705694,38.282952],[-95.705567,38.283084],[-95.70555,38.283133],[-95.705566,38.28316],[-95.705632,38.283141],[-95.705853,38.282859],[-95.705996,38.282648],[-95.706065,38.282469],[-95.706082,38.282256],[-95.706053,38.282158],[-95.706006,38.28208],[-95.705972,38.282011],[-95.705989,38.281946],[-95.706085,38.28184],[-95.706214,38.281748],[-95.706371,38.281606],[-95.706486,38.281492],[-95.706537,38.281343],[-95.706581,38.281179],[-95.706591,38.281099],[-95.706639,38.281044],[-95.70672,38.281027],[-95.706834,38.281044],[-95.706971,38.281021],[-95.707093,38.280939],[-95.707134,38.280888],[-95.707189,38.280818],[-95.707199,38.280734],[-95.707157,38.280636],[-95.706952,38.280507],[-95.706647,38.280401],[-95.706544,38.280344],[-95.706517,38.28029],[-95.706588,38.28018],[-95.706727,38.280018],[-95.7068,38.279957],[-95.70693,38.279934],[-95.707027,38.279996],[-95.707094,38.280297],[-95.707179,38.280379],[-95.707482,38.280421],[-95.707599,38.280369],[-95.70766,38.280313],[-95.707694,38.280213],[-95.707726,38.280074],[-95.707832,38.279884],[-95.707875,38.279868],[-95.707925,38.279857],[-95.707962,38.279841],[-95.707986,38.279811],[-95.707964,38.279723],[-95.707866,38.279626],[-95.707844,38.279547],[-95.707846,38.279419],[-95.7079,38.279358],[-95.708011,38.279291],[-95.708104,38.279264],[-95.708153,38.279234],[-95.708183,38.279198],[-95.708194,38.279163],[-95.708237,38.279128],[-95.708293,38.279127],[-95.708478,38.279201],[-95.708594,38.279278],[-95.708663,38.279286],[-95.708686,38.279231],[-95.708613,38.279134],[-95.708528,38.279037],[-95.708324,38.278953],[-95.707948,38.278947],[-95.707841,38.278959],[-95.707707,38.278881],[-95.707504,38.278836],[-95.707341,38.278835],[-95.707229,38.278862],[-95.707156,38.278918],[-95.70707,38.278969],[-95.70697,38.278972],[-95.706918,38.278914],[-95.706922,38.278864],[-95.707001,38.278798],[-95.707068,38.278732],[-95.707214,38.27861],[-95.707275,38.278569],[-95.707367,38.278522],[-95.707488,38.278554],[-95.70752,38.278593],[-95.707627,38.278596],[-95.707726,38.278559],[-95.707774,38.278503],[-95.707849,38.278309],[-95.708007,38.278186],[-95.70803,38.278131],[-95.708052,38.278047],[-95.7081,38.277991],[-95.708192,38.277915],[-95.708257,38.277819],[-95.708318,38.277605],[-95.70836,38.277565],[-95.708423,38.277549],[-95.708479,38.277557],[-95.708618,38.277564],[-95.708787,38.277555],[-95.708963,38.277576],[-95.709113,38.277572],[-95.709182,38.277546],[-95.709211,38.277496],[-95.709202,38.277417],[-95.709143,38.277186],[-95.709102,38.277093],[-95.709092,38.276984],[-95.709138,38.276889],[-95.709249,38.276842],[-95.709291,38.276772],[-95.709269,38.276688],[-95.709131,38.276528],[-95.709047,38.276446],[-95.70907,38.276396],[-95.709137,38.276345],[-95.709192,38.276314],[-95.709287,38.276322],[-95.709325,38.276356],[-95.709341,38.276444],[-95.709343,38.276496],[-95.709364,38.27655],[-95.709397,38.276594],[-95.709461,38.276632],[-95.709544,38.276665],[-95.709629,38.276757],[-95.709725,38.276967],[-95.709831,38.277474],[-95.709799,38.277628],[-95.709783,38.277683],[-95.709806,38.277806],[-95.709859,38.277884],[-95.709955,38.277931],[-95.710126,38.277977],[-95.710243,38.278078],[-95.710295,38.278136],[-95.710323,38.278219],[-95.710285,38.278383],[-95.710245,38.278493],[-95.710198,38.278563],[-95.710119,38.278629],[-95.710098,38.278739],[-95.710108,38.278837],[-95.710131,38.278951],[-95.710091,38.27906],[-95.709988,38.279147],[-95.709894,38.279342],[-95.709811,38.279462],[-95.709767,38.279563],[-95.709759,38.279582],[-95.709676,38.279703],[-95.709531,38.279859],[-95.709316,38.279978],[-95.709292,38.280023],[-95.709301,38.280072],[-95.709315,38.280083],[-95.709346,38.280106],[-95.709403,38.28012],[-95.709565,38.280111],[-95.709727,38.280068],[-95.709894,38.280014],[-95.710067,38.279926],[-95.710225,38.279809],[-95.710328,38.279698],[-95.710405,38.279621],[-95.711728,38.278672],[-95.71182,38.278649],[-95.711954,38.278552],[-95.712048,38.278377],[-95.712196,38.278151],[-95.712311,38.27804],[-95.712468,38.277863],[-95.712581,38.277702],[-95.71265,38.277532],[-95.712665,38.27727],[-95.712623,38.276979],[-95.712642,38.276801],[-95.712868,38.276489],[-95.712946,38.276398],[-95.712989,38.276372],[-95.713058,38.276361],[-95.71311,38.276409],[-95.713141,38.276557],[-95.713124,38.276607],[-95.713069,38.276653],[-95.713033,38.276713],[-95.713045,38.277014],[-95.713076,38.277177],[-95.713135,38.277244],[-95.713262,38.277291],[-95.713439,38.277336],[-95.713755,38.277393],[-95.713911,38.277375],[-95.714157,38.27725],[-95.714381,38.277023],[-95.714669,38.276828],[-95.714901,38.27666],[-95.715074,38.276601],[-95.715163,38.276629],[-95.715184,38.276693],[-95.715168,38.276772],[-95.715128,38.276877],[-95.715082,38.276972],[-95.715085,38.277066],[-95.715125,38.277119],[-95.715247,38.2772],[-95.715317,38.277224],[-95.715373,38.277202],[-95.715377,38.277186],[-95.715384,38.277163],[-95.715345,38.277139],[-95.715243,38.277092],[-95.715204,38.277043],[-95.715207,38.276974],[-95.715261,38.276908],[-95.715302,38.276809],[-95.715324,38.276734],[-95.715321,38.276655],[-95.715292,38.276547],[-95.715232,38.276464],[-95.715149,38.276412],[-95.715044,38.276381],[-95.715026,38.276374],[-95.714959,38.276376],[-95.714584,38.276573],[-95.714292,38.276639],[-95.714105,38.276673],[-95.714023,38.276665],[-95.713965,38.276642],[-95.71395,38.276563],[-95.71396,38.276508],[-95.714012,38.276383],[-95.714059,38.276293],[-95.714068,38.276194],[-95.71403,38.276089],[-95.714105,38.275884],[-95.714245,38.275751],[-95.71459,38.275621],[-95.71468,38.275538],[-95.71479,38.275454],[-95.714972,38.275377],[-95.715062,38.275301],[-95.715172,38.275193],[-95.715209,38.275079],[-95.715275,38.274931],[-95.715372,38.274766],[-95.715438,38.274586],[-95.715463,38.274439],[-95.715418,38.274335],[-95.71526,38.274257],[-95.714751,38.274147],[-95.712639,38.274139],[-95.711938,38.274123],[-95.711772,38.274086],[-95.711687,38.274015],[-95.711611,38.273945],[-95.711601,38.273931],[-95.711608,38.27383],[-95.711718,38.273746],[-95.712005,38.273707],[-95.715302,38.27372],[-95.715363,38.273686],[-95.715459,38.273505],[-95.715464,38.273367],[-95.7154,38.273036],[-95.715238,38.272552],[-95.715101,38.272198],[-95.715062,38.271971],[-95.715084,38.271735],[-95.71511,38.271605],[-95.71508,38.271337],[-95.715058,38.271046],[-95.71508,38.27081],[-95.715148,38.270678],[-95.715284,38.270472],[-95.715488,38.270126],[-95.715504,38.270093],[-95.715622,38.269847],[-95.715704,38.269569],[-95.71576,38.269421],[-95.715755,38.269283],[-95.715696,38.26909],[-95.715682,38.268968],[-95.715721,38.268919],[-95.715792,38.268893],[-95.715864,38.268883],[-95.715945,38.268848],[-95.715994,38.268774],[-95.716021,38.268684],[-95.716017,38.268579],[-95.71602,38.268384],[-95.716068,38.268277],[-95.716146,38.26817],[-95.71621,38.267957],[-95.716286,38.267776],[-95.716318,38.267532],[-95.716371,38.267287],[-95.716449,38.267172],[-95.716516,38.26704],[-95.716508,38.267009],[-95.716504,38.266992],[-95.716461,38.266944],[-95.716388,38.266913],[-95.716324,38.266858],[-95.716343,38.266809],[-95.716388,38.266629],[-95.716514,38.266431],[-95.716606,38.266128],[-95.716728,38.265801],[-95.716902,38.265512],[-95.717071,38.265346],[-95.717382,38.265128],[-95.717695,38.264958],[-95.717824,38.264809],[-95.717859,38.264646],[-95.717825,38.264557],[-95.717752,38.264534],[-95.717648,38.26452],[-95.717564,38.264482],[-95.717613,38.264408],[-95.717725,38.264356],[-95.717746,38.264335],[-95.717874,38.264215],[-95.718012,38.264065],[-95.718061,38.263991],[-95.718048,38.263918],[-95.717919,38.263783],[-95.717748,38.263592],[-95.717624,38.263319],[-95.717593,38.263044],[-95.717556,38.26259],[-95.717571,38.262443],[-95.717654,38.262193],[-95.71772,38.262029],[-95.717839,38.261913],[-95.71804,38.261778],[-95.718375,38.261633],[-95.718741,38.261494],[-95.718901,38.261369],[-95.718988,38.261228],[-95.719002,38.261058],[-95.718946,38.260913],[-95.718859,38.260809],[-95.718709,38.260658],[-95.718511,38.26059],[-95.718384,38.260495],[-95.718247,38.260409],[-95.718017,38.260317],[-95.717879,38.260206],[-95.717783,38.260111],[-95.717715,38.259967],[-95.717718,38.259763],[-95.717757,38.259657],[-95.717784,38.259583],[-95.717859,38.259472],[-95.71794,38.259352],[-95.717996,38.259213],[-95.718078,38.258919],[-95.718114,38.258772],[-95.718108,38.258617],[-95.71808,38.258407],[-95.718083,38.258228],[-95.71811,38.258122],[-95.718189,38.258014],[-95.718235,38.257883],[-95.718219,38.257729],[-95.718157,38.257455],[-95.718153,38.257349],[-95.718211,38.257234],[-95.718205,38.25708],[-95.71817,38.256967],[-95.718155,38.256838],[-95.718189,38.256634],[-95.718227,38.25656],[-95.718364,38.256378],[-95.718503,38.25622],[-95.718643,38.25612],[-95.718765,38.25606],[-95.718988,38.255982],[-95.719173,38.255953],[-95.71942,38.255947],[-95.719586,38.255992],[-95.719795,38.256077],[-95.719941,38.256122],[-95.720036,38.256185],[-95.720264,38.256204],[-95.720491,38.256239],[-95.720691,38.256348],[-95.720862,38.256499],[-95.72098,38.256642],[-95.721045,38.256714],[-95.72109,38.256834],[-95.721113,38.256883],[-95.721176,38.256914],[-95.72124,38.256969],[-95.721273,38.257041],[-95.721317,38.257097],[-95.721515,38.257166],[-95.721702,38.257202],[-95.72186,38.257304],[-95.721957,38.257407],[-95.721941,38.257538],[-95.721868,38.257783],[-95.721835,38.258011],[-95.721863,38.258222],[-95.721903,38.258172],[-95.721988,38.257967],[-95.722123,38.257728],[-95.722212,38.257637],[-95.722322,38.257537],[-95.722443,38.257469],[-95.722564,38.257409],[-95.72273,38.25743],[-95.72278,38.257396],[-95.722918,38.257227],[-95.723026,38.257078],[-95.723112,38.256905],[-95.723263,38.256812],[-95.723392,38.256671],[-95.723473,38.256645],[-95.723616,38.256617],[-95.72374,38.256631],[-95.723834,38.256661],[-95.723888,38.256733],[-95.723989,38.256942],[-95.724128,38.257093],[-95.724224,38.257164],[-95.724421,38.257208],[-95.724682,38.257283],[-95.72485,38.257385],[-95.725039,38.257486],[-95.725124,38.257549],[-95.725157,38.257613],[-95.72515,38.257678],[-95.725163,38.257767],[-95.72516,38.257946],[-95.72512,38.258004],[-95.725061,38.258078],[-95.725003,38.258177],[-95.725006,38.258258],[-95.725059,38.258298],[-95.725132,38.25832],[-95.725214,38.258294],[-95.725242,38.258236],[-95.725281,38.258171],[-95.725321,38.258137],[-95.725392,38.258103],[-95.725629,38.258114],[-95.725732,38.258103],[-95.725764,38.258127],[-95.725797,38.258191],[-95.725936,38.258326],[-95.726085,38.258461],[-95.726108,38.258517],[-95.72612,38.258573],[-95.726152,38.258605],[-95.726183,38.258604],[-95.726254,38.258562],[-95.726293,38.258521],[-95.726345,38.258519],[-95.726461,38.25859],[-95.72675,38.258608],[-95.726843,38.258605],[-95.726875,38.258637],[-95.726844,38.258654],[-95.726793,38.258663],[-95.726773,38.25868],[-95.726786,38.258737],[-95.726787,38.258777],[-95.72677,38.258875],[-95.726733,38.258982],[-95.726636,38.259146],[-95.726659,38.259194],[-95.726732,38.259241],[-95.726785,38.259256],[-95.726825,38.259247],[-95.726916,38.259188],[-95.727028,38.259161],[-95.727153,38.259183],[-95.727236,38.259222],[-95.727301,38.259285],[-95.727335,38.259366],[-95.727462,38.259468],[-95.727565,38.259458],[-95.727656,38.259431],[-95.727705,38.259365],[-95.727649,38.259228],[-95.727567,38.258978],[-95.727503,38.258907],[-95.727447,38.258786],[-95.72743,38.2586],[-95.727487,38.258493],[-95.727568,38.258442],[-95.727661,38.258448],[-95.727766,38.258511],[-95.727862,38.25859],[-95.727977,38.258636],[-95.728112,38.258681],[-95.728154,38.258705],[-95.728125,38.258754],[-95.728024,38.258805],[-95.727924,38.258865],[-95.727865,38.258939],[-95.72783,38.25911],[-95.727865,38.259215],[-95.72793,38.259319],[-95.727997,38.259448],[-95.727989,38.259513],[-95.727987,38.259547],[-95.725577,38.259528],[-95.72194,38.259646],[-95.720748,38.259626],[-95.719703,38.259737],[-95.719699,38.261286],[-95.719699,38.261509],[-95.719687,38.261706],[-95.718483,38.261706],[-95.718465,38.261726],[-95.718209,38.261975],[-95.71821,38.263091],[-95.719629,38.263105],[-95.719611,38.263766],[-95.719607,38.2648],[-95.719601,38.266173],[-95.719596,38.267064],[-95.719546,38.269555],[-95.719552,38.26999],[-95.719559,38.270468],[-95.719565,38.270961],[-95.719568,38.271131],[-95.719574,38.271575],[-95.719533,38.273999],[-95.719534,38.274428],[-95.719537,38.275065],[-95.719569,38.281315],[-95.718677,38.281296],[-95.715107,38.281237],[-95.71517,38.288515],[-95.710899,38.288472],[-95.71074,38.288489],[-95.710666,38.288501],[-95.710609,38.288519],[-95.710572,38.288541],[-95.710557,38.288592],[-95.71055,38.288664],[-95.710528,38.289181],[-95.710513,38.291013],[-95.710466,38.296548],[-95.710517,38.299334],[-95.707382,38.299363],[-95.705493,38.29938],[-95.701523,38.299417],[-95.69209,38.299538],[-95.692082,38.296231],[-95.692082,38.296072],[-95.692069,38.291177],[-95.692063,38.288571],[-95.692067,38.287729],[-95.692068,38.287437],[-95.692061,38.284921],[-95.692064,38.283423],[-95.692067,38.282499],[-95.692065,38.282358],[-95.692063,38.281956],[-95.692063,38.281805],[-95.69206,38.281283],[-95.701327,38.281264],[-95.701326,38.28115],[-95.701308,38.279543],[-95.701289,38.27768],[-95.701256,38.275338],[-95.701248,38.273955],[-95.696738,38.273973],[-95.696668,38.270344],[-95.700241,38.270384],[-95.700641,38.270388],[-95.70097,38.270392],[-95.70127,38.270394],[-95.701342,38.270394],[-95.701375,38.270393],[-95.701475,38.270421],[-95.701894,38.270435],[-95.702064,38.270431],[-95.702133,38.270406],[-95.702166,38.270388],[-95.702346,38.270392],[-95.702521,38.270381],[-95.703476,38.27038],[-95.70459,38.270371],[-95.70486,38.27037],[-95.704859,38.270244],[-95.70486,38.269799],[-95.707007,38.269799],[-95.706975,38.266479],[-95.705851,38.266244],[-95.705851,38.266712],[-95.701276,38.266741],[-95.701264,38.26556],[-95.701262,38.265312],[-95.70126,38.264933],[-95.70125,38.263051],[-95.698526,38.263053],[-95.696667,38.263054],[-95.696601,38.263055],[-95.696667,38.266711],[-95.694961,38.266711],[-95.691976,38.266712],[-95.692012,38.273975],[-95.690095,38.273974],[-95.687523,38.27398],[-95.687359,38.273967],[-95.686798,38.273921],[-95.685945,38.273697],[-95.685143,38.273359],[-95.685029,38.273311],[-95.684328,38.272857],[-95.683646,38.272185],[-95.683326,38.27172],[-95.683091,38.271249],[-95.682962,38.270842],[-95.68287,38.270422],[-95.682787,38.265575],[-95.682866,38.265133],[-95.683141,38.264497],[-95.683595,38.263555],[-95.683992,38.262802],[-95.684155,38.262355],[-95.684265,38.261798],[-95.684244,38.26094],[-95.684229,38.259423],[-95.682591,38.259417],[-95.679186,38.259443],[-95.675056,38.259427],[-95.674964,38.254624],[-95.672695,38.254631],[-95.665838,38.254656],[-95.665837,38.253524],[-95.662839,38.253535],[-95.662774,38.253495],[-95.662567,38.253435],[-95.662366,38.253416],[-95.66206,38.253402],[-95.661844,38.253407],[-95.661504,38.253399],[-95.661288,38.253403],[-95.661086,38.253389],[-95.661065,38.250308],[-95.661053,38.247274],[-95.66105,38.246427],[-95.661033,38.24247],[-95.661012,38.23714],[-95.661006,38.236044],[-95.661375,38.236214],[-95.661003,38.235684],[-95.661001,38.235182],[-95.665554,38.235211],[-95.665526,38.22957],[-95.665519,38.228145],[-95.665518,38.227901],[-95.670828,38.228035],[-95.670906,38.22793],[-95.671582,38.227934],[-95.671596,38.227006],[-95.671611,38.226058],[-95.671636,38.224306],[-95.665487,38.224278],[-95.656341,38.224236],[-95.656341,38.213358],[-95.656342,38.198798],[-95.663934,38.198825],[-95.66425,38.198825],[-95.664591,38.198798],[-95.664856,38.198754],[-95.664868,38.198752],[-95.665183,38.19864],[-95.665389,38.198562],[-95.665486,38.19905],[-95.665477,38.198528],[-95.665545,38.198492],[-95.665675,38.198423],[-95.665939,38.19825],[-95.666267,38.197988],[-95.666389,38.197834],[-95.666566,38.197613],[-95.666699,38.197368],[-95.66684,38.196951],[-95.666879,38.196693],[-95.666869,38.196423],[-95.666828,38.196134],[-95.666748,38.195919],[-95.666612,38.195631],[-95.666311,38.194998],[-95.666176,38.194725],[-95.665772,38.193908],[-95.665613,38.193602],[-95.665562,38.193438],[-95.665541,38.193369],[-95.665495,38.193018],[-95.665496,38.191541],[-95.674677,38.191532],[-95.674659,38.189788],[-95.67464,38.187927],[-95.683849,38.187926],[-95.683852,38.188233],[-95.683886,38.191532],[-95.687096,38.191585],[-95.689617,38.191621],[-95.693027,38.191671],[-95.695286,38.191704],[-95.701898,38.191763],[-95.701886,38.197109],[-95.701889,38.19904],[-95.702191,38.199042],[-95.702365,38.199043],[-95.703949,38.19904],[-95.703959,38.199956],[-95.703949,38.201518],[-95.703927,38.205042],[-95.70388,38.205242],[-95.703774,38.205372],[-95.703524,38.205747],[-95.703449,38.20604],[-95.703403,38.206304],[-95.702526,38.206295],[-95.702152,38.206295],[-95.701992,38.206295],[-95.701917,38.206306],[-95.701892,38.206317],[-95.701872,38.206325],[-95.701821,38.206355],[-95.701756,38.20644],[-95.701746,38.206779],[-95.701736,38.209915],[-95.70173,38.212037],[-95.701716,38.213878],[-95.701691,38.217226],[-95.707009,38.217252],[-95.708658,38.217259],[-95.715518,38.217293],[-95.715524,38.217854],[-95.715528,38.218201],[-95.715506,38.218251],[-95.715511,38.21838],[-95.715531,38.218437],[-95.715531,38.218496],[-95.715531,38.218556],[-95.715501,38.218595],[-95.71543,38.218654],[-95.715472,38.218811],[-95.71551,38.218854],[-95.715536,38.218916],[-95.715537,38.219004],[-95.715538,38.219077],[-95.715556,38.220879],[-95.720014,38.220917],[-95.720012,38.222354],[-95.720011,38.225899],[-95.720005,38.226507],[-95.719993,38.2277],[-95.719997,38.228121],[-95.711688,38.228111],[-95.710862,38.22811],[-95.710273,38.228136],[-95.711127,38.228897],[-95.711309,38.229126],[-95.711418,38.229483],[-95.712272,38.232238],[-95.712418,38.23261],[-95.712636,38.232895],[-95.713036,38.233209],[-95.713908,38.233723],[-95.714272,38.234009],[-95.714599,38.234394],[-95.715486,38.235393],[-95.716911,38.235389],[-95.718119,38.235386],[-95.720004,38.235389],[-95.720005,38.235474],[-95.719998,38.237568],[-95.719997,38.2379],[-95.720001,38.239614],[-95.720003,38.24053],[-95.720026,38.242692],[-95.72208,38.242696],[-95.722619,38.242697],[-95.72417,38.242692],[-95.724656,38.242693],[-95.724648,38.246089],[-95.724649,38.247363],[-95.725426,38.247363],[-95.726993,38.247363],[-95.72702,38.249973],[-95.727045,38.252212],[-95.727065,38.253312],[-95.72722,38.253642],[-95.729243,38.253614],[-95.729273,38.253663],[-95.729289,38.254998],[-95.729343,38.258172],[-95.729366,38.259522],[-95.72997,38.259517],[-95.730404,38.260144]],[[-95.719639,38.236093],[-95.719584,38.236066],[-95.719528,38.236053],[-95.719418,38.236041],[-95.719291,38.236044],[-95.719271,38.236042],[-95.719181,38.236032],[-95.719076,38.236164],[-95.719061,38.236236],[-95.719049,38.236395],[-95.719017,38.236525],[-95.719022,38.236655],[-95.719352,38.236704],[-95.71944,38.236616],[-95.719457,38.236573],[-95.719528,38.236528],[-95.719561,38.236441],[-95.719596,38.236397],[-95.719629,38.236295],[-95.719644,38.236208],[-95.719639,38.236093]],[[-95.719509,38.227045],[-95.719489,38.22701],[-95.719457,38.226982],[-95.719411,38.226951],[-95.719337,38.226925],[-95.71931,38.226925],[-95.719243,38.226945],[-95.719199,38.22697],[-95.719168,38.226996],[-95.719133,38.227004],[-95.719073,38.227011],[-95.719047,38.227017],[-95.719021,38.227046],[-95.719009,38.227071],[-95.719046,38.227095],[-95.719163,38.227096],[-95.719301,38.227164],[-95.719369,38.22718],[-95.719405,38.227176],[-95.719485,38.227142],[-95.719506,38.227092],[-95.719509,38.227045]],[[-95.719323,38.264413],[-95.719269,38.264325],[-95.719174,38.264262],[-95.719028,38.264233],[-95.718749,38.264207],[-95.718633,38.264144],[-95.71857,38.264105],[-95.718489,38.264131],[-95.718297,38.26425],[-95.718178,38.26435],[-95.718152,38.264403],[-95.71813,38.264448],[-95.718095,38.264612],[-95.718108,38.264684],[-95.718232,38.264706],[-95.718541,38.264691],[-95.718815,38.264595],[-95.719021,38.264598],[-95.719114,38.264604],[-95.719217,38.264594],[-95.719279,38.264566],[-95.719326,38.264494],[-95.719323,38.264413]],[[-95.718722,38.278844],[-95.718675,38.278819],[-95.718533,38.27878],[-95.718444,38.278773],[-95.718378,38.278768],[-95.718298,38.27878],[-95.718233,38.278813],[-95.718201,38.278851],[-95.718202,38.278893],[-95.71821,38.27893],[-95.718265,38.278955],[-95.71848,38.278982],[-95.718614,38.278979],[-95.718699,38.278945],[-95.718731,38.278902],[-95.718722,38.278844]],[[-95.718573,38.274264],[-95.718532,38.274223],[-95.717949,38.274173],[-95.71783,38.274192],[-95.717711,38.274242],[-95.717674,38.274311],[-95.717683,38.27438],[-95.717747,38.274483],[-95.717836,38.274539],[-95.717977,38.274578],[-95.718178,38.274579],[-95.718244,38.274572],[-95.71835,38.274533],[-95.718447,38.274457],[-95.718481,38.274418],[-95.718549,38.274338],[-95.718573,38.274264]],[[-95.718481,38.27323],[-95.718465,38.273151],[-95.71843,38.27311],[-95.718355,38.273069],[-95.718295,38.273071],[-95.718083,38.273102],[-95.717937,38.273132],[-95.717826,38.273208],[-95.717815,38.273266],[-95.718052,38.273355],[-95.718247,38.273403],[-95.718327,38.273386],[-95.718445,38.273341],[-95.718477,38.273282],[-95.718481,38.27323]],[[-95.717797,38.272425],[-95.717706,38.27251],[-95.717294,38.272894],[-95.717601,38.273082],[-95.717653,38.273028],[-95.718038,38.272619],[-95.717797,38.272425]],[[-95.717488,38.271837],[-95.717454,38.271868],[-95.716823,38.272442],[-95.717328,38.272746],[-95.717934,38.272148],[-95.717488,38.271837]],[[-95.717403,38.277018],[-95.717373,38.27695],[-95.717319,38.276919],[-95.717198,38.276922],[-95.717146,38.276955],[-95.717104,38.277072],[-95.7171,38.277162],[-95.71713,38.27724],[-95.717212,38.277281],[-95.717259,38.27728],[-95.717343,38.277214],[-95.717394,38.277139],[-95.717396,38.277111],[-95.717403,38.277018]],[[-95.715664,38.237106],[-95.715589,38.237065],[-95.71551,38.237046],[-95.715479,38.237039],[-95.715407,38.237069],[-95.715391,38.237142],[-95.715412,38.237199],[-95.715414,38.237256],[-95.715451,38.237284],[-95.715633,38.237251],[-95.715703,38.237177],[-95.715664,38.237106]],[[-95.715293,38.225735],[-95.715198,38.225636],[-95.715162,38.225637],[-95.715054,38.225654],[-95.714982,38.225685],[-95.714909,38.225672],[-95.714871,38.22563],[-95.714851,38.225587],[-95.714775,38.225503],[-95.714708,38.225453],[-95.714681,38.225433],[-95.714571,38.225407],[-95.714535,38.225408],[-95.714481,38.225423],[-95.714519,38.22548],[-95.714595,38.225564],[-95.714599,38.225665],[-95.714547,38.225752],[-95.714514,38.225839],[-95.714501,38.225969],[-95.714522,38.226054],[-95.714598,38.226124],[-95.714709,38.226179],[-95.714818,38.226162],[-95.714871,38.226118],[-95.71496,38.226073],[-95.715049,38.226013],[-95.715119,38.225954],[-95.715244,38.22588],[-95.715296,38.225807],[-95.715293,38.225735]],[[-95.714662,38.22373],[-95.714611,38.223679],[-95.714578,38.22367],[-95.714552,38.223645],[-95.714549,38.223548],[-95.714515,38.223533],[-95.714455,38.223579],[-95.714431,38.223603],[-95.71442,38.223638],[-95.714365,38.22367],[-95.714317,38.223698],[-95.714269,38.223775],[-95.714251,38.223837],[-95.714269,38.223862],[-95.714319,38.2239],[-95.714357,38.223919],[-95.7144,38.223859],[-95.714432,38.223849],[-95.714535,38.223843],[-95.7146,38.223826],[-95.714656,38.223789],[-95.714676,38.223765],[-95.714662,38.22373]],[[-95.712178,38.287521],[-95.712148,38.287437],[-95.712073,38.287348],[-95.711912,38.287239],[-95.711825,38.287218],[-95.711741,38.287277],[-95.71166,38.287414],[-95.711679,38.287515],[-95.711782,38.287592],[-95.711956,38.287667],[-95.712043,38.287687],[-95.712114,38.287663],[-95.712182,38.287583],[-95.712178,38.287521]],[[-95.70884,38.217543],[-95.70871,38.217474],[-95.708512,38.217432],[-95.708343,38.217397],[-95.708216,38.217385],[-95.708107,38.217402],[-95.708073,38.21746],[-95.708029,38.217749],[-95.707997,38.217864],[-95.707926,38.217923],[-95.707837,38.217968],[-95.707821,38.218026],[-95.707877,38.218068],[-95.707951,38.218095],[-95.70799,38.21818],[-95.707994,38.218281],[-95.707979,38.218353],[-95.707926,38.218397],[-95.707874,38.21847],[-95.707858,38.218542],[-95.707794,38.218773],[-95.707781,38.218917],[-95.707783,38.218975],[-95.707821,38.219017],[-95.707908,38.218914],[-95.707923,38.218814],[-95.707975,38.218755],[-95.708064,38.218681],[-95.708151,38.218593],[-95.708275,38.218504],[-95.708364,38.21843],[-95.70838,38.218387],[-95.708376,38.218272],[-95.708355,38.218186],[-95.708351,38.2181],[-95.708386,38.218056],[-95.708602,38.217994],[-95.708655,38.217935],[-95.708814,38.217802],[-95.708916,38.217628],[-95.70884,38.217543]],[[-95.708702,38.22313],[-95.708663,38.223059],[-95.708589,38.223047],[-95.708519,38.223106],[-95.708499,38.223131],[-95.708484,38.22315],[-95.708468,38.223193],[-95.708505,38.223235],[-95.708616,38.223276],[-95.708688,38.22326],[-95.708705,38.223216],[-95.708702,38.22313]],[[-95.707841,38.222114],[-95.707828,38.222054],[-95.707795,38.222029],[-95.70763,38.222024],[-95.707586,38.22203],[-95.707554,38.222035],[-95.7075,38.22207],[-95.707502,38.222122],[-95.707526,38.222174],[-95.707604,38.222215],[-95.707768,38.222211],[-95.707844,38.222175],[-95.707841,38.222114]],[[-95.706583,38.273607],[-95.706551,38.273569],[-95.706515,38.273554],[-95.706456,38.273559],[-95.706378,38.273597],[-95.706352,38.27365],[-95.706294,38.273813],[-95.706261,38.273956],[-95.706578,38.273953],[-95.706583,38.273607]],[[-95.706377,38.272445],[-95.706348,38.272377],[-95.706292,38.272312],[-95.706228,38.272298],[-95.706105,38.272319],[-95.706073,38.272365],[-95.706093,38.272538],[-95.706122,38.272601],[-95.70616,38.272621],[-95.706227,38.27262],[-95.706325,38.27258],[-95.70637,38.272516],[-95.706377,38.272445]],[[-95.704996,38.251783],[-95.704962,38.251613],[-95.704896,38.25153],[-95.704789,38.251532],[-95.704701,38.251598],[-95.704605,38.251703],[-95.704537,38.251779],[-95.704511,38.251815],[-95.704523,38.251893],[-95.70457,38.251927],[-95.704707,38.251988],[-95.704824,38.252006],[-95.704904,38.251976],[-95.704973,38.25189],[-95.704996,38.251783]],[[-95.704334,38.266264],[-95.704281,38.266186],[-95.704221,38.266164],[-95.704152,38.266189],[-95.704114,38.266253],[-95.704087,38.266317],[-95.704083,38.26636],[-95.70408,38.266396],[-95.704151,38.266425],[-95.704259,38.266399],[-95.704357,38.266342],[-95.704334,38.266264]],[[-95.702104,38.275945],[-95.702038,38.275871],[-95.701985,38.275856],[-95.70187,38.275892],[-95.701767,38.275952],[-95.701748,38.276011],[-95.701804,38.276076],[-95.701868,38.276108],[-95.701953,38.276123],[-95.702047,38.276104],[-95.702129,38.276044],[-95.702104,38.275945]],[[-95.697217,38.292004],[-95.697159,38.291954],[-95.697076,38.291927],[-95.696929,38.291945],[-95.696839,38.291991],[-95.696808,38.292033],[-95.696795,38.29205],[-95.696761,38.29213],[-95.696765,38.292224],[-95.696814,38.292325],[-95.696908,38.29238],[-95.697029,38.292392],[-95.697084,38.292391],[-95.697181,38.29228],[-95.697228,38.292076],[-95.697217,38.292004]],[[-95.696824,38.28698],[-95.696778,38.286852],[-95.696605,38.28662],[-95.696307,38.28636],[-95.696191,38.286273],[-95.696066,38.286244],[-95.696005,38.286261],[-95.695945,38.286303],[-95.695857,38.286443],[-95.695831,38.286557],[-95.695803,38.286631],[-95.695743,38.286681],[-95.695631,38.286724],[-95.69551,38.286784],[-95.69544,38.286842],[-95.695348,38.286852],[-95.695265,38.286838],[-95.695173,38.286856],[-95.695064,38.286964],[-95.695046,38.287029],[-95.695122,38.287149],[-95.695259,38.287235],[-95.695342,38.287258],[-95.695518,38.28727],[-95.695672,38.287275],[-95.695844,38.287198],[-95.695956,38.287163],[-95.696315,38.28713],[-95.696583,38.287148],[-95.696706,38.287121],[-95.696786,38.287071],[-95.696824,38.28698]],[[-95.696286,38.25693],[-95.696247,38.256907],[-95.696203,38.256898],[-95.696154,38.256822],[-95.696133,38.256738],[-95.696154,38.256673],[-95.696149,38.256597],[-95.696073,38.256496],[-95.695979,38.256467],[-95.69591,38.256471],[-95.695856,38.256518],[-95.695642,38.256842],[-95.695595,38.256933],[-95.695646,38.256955],[-95.695721,38.25696],[-95.69579,38.256958],[-95.695842,38.256946],[-95.695877,38.256954],[-95.695963,38.257042],[-95.696039,38.257152],[-95.696115,38.257181],[-95.696155,38.257173],[-95.696167,38.257157],[-95.696165,38.257108],[-95.696172,38.25709],[-95.696248,38.257046],[-95.696293,38.256978],[-95.696286,38.25693]],[[-95.696199,38.297377],[-95.696168,38.297326],[-95.696095,38.297281],[-95.695968,38.297209],[-95.695854,38.297175],[-95.695712,38.297178],[-95.695624,38.297199],[-95.695537,38.297261],[-95.695526,38.297299],[-95.695534,38.297332],[-95.695558,38.297354],[-95.695606,38.297367],[-95.695628,38.297368],[-95.695844,38.297381],[-95.695934,38.297416],[-95.696,38.297447],[-95.696102,38.297468],[-95.696184,38.297433],[-95.696199,38.297377]],[[-95.695687,38.193171],[-95.695668,38.193129],[-95.695594,38.193047],[-95.69554,38.193021],[-95.695469,38.193008],[-95.695398,38.19301],[-95.695325,38.19306],[-95.695279,38.193138],[-95.695246,38.193223],[-95.695266,38.193278],[-95.695321,38.193333],[-95.695535,38.193356],[-95.695622,38.193326],[-95.695673,38.193269],[-95.695687,38.193171]],[[-95.695071,38.249796],[-95.693466,38.249796],[-95.693485,38.250139],[-95.693315,38.250136],[-95.693313,38.251087],[-95.693682,38.251074],[-95.694039,38.251088],[-95.694422,38.251075],[-95.694562,38.25109],[-95.695065,38.251095],[-95.695071,38.249796]],[[-95.69418,38.261696],[-95.694152,38.26168],[-95.693964,38.261668],[-95.693729,38.26169],[-95.693676,38.26174],[-95.693666,38.261844],[-95.693677,38.261948],[-95.693858,38.261971],[-95.693947,38.261947],[-95.693987,38.261919],[-95.69404,38.261836],[-95.694093,38.261791],[-95.694148,38.261768],[-95.694173,38.261744],[-95.694188,38.261729],[-95.69418,38.261696]],[[-95.693642,38.192477],[-95.693622,38.192421],[-95.693474,38.192243],[-95.693366,38.192204],[-95.693278,38.19222],[-95.693265,38.192255],[-95.693246,38.192304],[-95.693303,38.192401],[-95.693305,38.192471],[-95.693362,38.192553],[-95.693523,38.192605],[-95.693646,38.192575],[-95.693642,38.192477]],[[-95.690865,38.251735],[-95.690808,38.251662],[-95.690769,38.251651],[-95.690715,38.251671],[-95.690628,38.251716],[-95.690616,38.251722],[-95.690534,38.251816],[-95.69052,38.251871],[-95.690562,38.251938],[-95.690641,38.251991],[-95.69072,38.252008],[-95.690767,38.251993],[-95.690781,38.251988],[-95.69084,38.251901],[-95.690869,38.251833],[-95.690865,38.251735]],[[-95.689553,38.246643],[-95.68951,38.246611],[-95.689425,38.246596],[-95.689085,38.246579],[-95.688936,38.246566],[-95.688874,38.246572],[-95.688725,38.246587],[-95.688492,38.246576],[-95.688396,38.246553],[-95.688256,38.246481],[-95.688176,38.246341],[-95.688173,38.246249],[-95.688178,38.24609],[-95.688192,38.245898],[-95.688179,38.245548],[-95.688202,38.245322],[-95.688187,38.244904],[-95.688174,38.244838],[-95.688152,38.24483],[-95.688014,38.2448],[-95.68795,38.244801],[-95.68777,38.244789],[-95.687621,38.244784],[-95.687114,38.244812],[-95.686838,38.244777],[-95.68671,38.244771],[-95.686583,38.244774],[-95.686521,38.244792],[-95.686449,38.244852],[-95.686439,38.244886],[-95.686435,38.245053],[-95.686413,38.245321],[-95.686377,38.245489],[-95.686352,38.24569],[-95.686345,38.246349],[-95.68634,38.246492],[-95.686351,38.2468],[-95.686335,38.246951],[-95.686331,38.24711],[-95.686315,38.24726],[-95.686297,38.247336],[-95.686298,38.247386],[-95.686281,38.247486],[-95.686285,38.247603],[-95.686312,38.247753],[-95.686314,38.247811],[-95.686306,38.24787],[-95.686319,38.247945],[-95.686385,38.248018],[-95.686449,38.248034],[-95.686576,38.248031],[-95.687054,38.248053],[-95.687362,38.248096],[-95.687438,38.248145],[-95.687476,38.248311],[-95.687554,38.248418],[-95.68765,38.24844],[-95.688437,38.248523],[-95.68878,38.24854],[-95.689475,38.24854],[-95.689556,38.246702],[-95.689553,38.246643]],[[-95.688667,38.265328],[-95.688637,38.265225],[-95.688556,38.265155],[-95.688489,38.265105],[-95.688397,38.265096],[-95.688346,38.265129],[-95.688257,38.265213],[-95.688223,38.265262],[-95.688183,38.265318],[-95.688172,38.26539],[-95.688201,38.265472],[-95.688295,38.265522],[-95.688374,38.26553],[-95.688504,38.265507],[-95.688568,38.265474],[-95.688644,38.265411],[-95.688667,38.265328]],[[-95.688171,38.242302],[-95.686286,38.242286],[-95.686269,38.242678],[-95.686262,38.242844],[-95.686244,38.243421],[-95.686228,38.243937],[-95.688107,38.243938],[-95.688129,38.243408],[-95.688152,38.242864],[-95.68816,38.242679],[-95.688161,38.242587],[-95.688171,38.242302]],[[-95.687075,38.255285],[-95.686915,38.255142],[-95.686837,38.255088],[-95.686823,38.255078],[-95.686753,38.255085],[-95.686646,38.255143],[-95.686578,38.255241],[-95.686512,38.255354],[-95.686509,38.255445],[-95.686555,38.255485],[-95.686634,38.255518],[-95.686757,38.255541],[-95.686809,38.25556],[-95.686981,38.255526],[-95.687062,38.255458],[-95.687084,38.255361],[-95.687075,38.255285]],[[-95.685517,38.258362],[-95.685496,38.258322],[-95.685444,38.258298],[-95.685233,38.258313],[-95.685067,38.258352],[-95.685045,38.258454],[-95.685047,38.258525],[-95.685094,38.25858],[-95.68516,38.258619],[-95.685289,38.258616],[-95.685331,38.258605],[-95.685422,38.258582],[-95.685491,38.258525],[-95.685521,38.258453],[-95.685517,38.258362]],[[-95.685265,38.272442],[-95.68522,38.272288],[-95.685147,38.272073],[-95.685079,38.272023],[-95.685001,38.272025],[-95.684937,38.272058],[-95.684913,38.27213],[-95.684877,38.272203],[-95.684853,38.272266],[-95.684882,38.272337],[-95.684886,38.272353],[-95.684897,38.272399],[-95.684901,38.272502],[-95.684928,38.272543],[-95.684969,38.272583],[-95.685048,38.272591],[-95.685152,38.272568],[-95.685241,38.272505],[-95.685265,38.272442]],[[-95.67958,38.244423],[-95.679541,38.244366],[-95.67945,38.244368],[-95.679287,38.244372],[-95.679233,38.244388],[-95.679234,38.244416],[-95.679254,38.244459],[-95.67931,38.244515],[-95.679369,38.244643],[-95.67946,38.244626],[-95.679549,38.244581],[-95.679582,38.244495],[-95.67958,38.244423]],[[-95.676627,38.255367],[-95.67659,38.255323],[-95.676447,38.255309],[-95.676269,38.255336],[-95.67625,38.255398],[-95.676267,38.255465],[-95.676319,38.255537],[-95.676393,38.255592],[-95.676447,38.255605],[-95.676479,38.255612],[-95.676515,38.255606],[-95.676534,38.255566],[-95.676547,38.255526],[-95.67663,38.25544],[-95.676627,38.255367]],[[-95.675863,38.253776],[-95.675814,38.253614],[-95.675773,38.253559],[-95.675404,38.253511],[-95.675233,38.253515],[-95.675149,38.253562],[-95.675147,38.253697],[-95.675151,38.253826],[-95.675138,38.254034],[-95.675146,38.254085],[-95.675176,38.254118],[-95.675261,38.254093],[-95.675288,38.254059],[-95.675342,38.253968],[-95.675404,38.253916],[-95.675481,38.253875],[-95.67556,38.253884],[-95.675725,38.25392],[-95.675803,38.253907],[-95.675858,38.253855],[-95.675863,38.253776]],[[-95.675482,38.188941],[-95.675441,38.188814],[-95.675351,38.188802],[-95.675215,38.188821],[-95.675154,38.188835],[-95.675084,38.188879],[-95.675033,38.188951],[-95.675036,38.189036],[-95.675075,38.18912],[-95.675309,38.189143],[-95.675398,38.189113],[-95.675449,38.189026],[-95.675482,38.188941]],[[-95.674048,38.247442],[-95.674029,38.247376],[-95.67396,38.247299],[-95.673892,38.247274],[-95.673842,38.247289],[-95.673754,38.247338],[-95.673744,38.247343],[-95.673729,38.247383],[-95.673733,38.247475],[-95.673834,38.247512],[-95.673918,38.247524],[-95.673951,38.247523],[-95.673984,38.247509],[-95.674,38.247495],[-95.674034,38.247508],[-95.674048,38.247442]],[[-95.671988,38.22082],[-95.671915,38.220807],[-95.671716,38.220783],[-95.671625,38.220785],[-95.67157,38.220797],[-95.671554,38.220801],[-95.671557,38.220886],[-95.671668,38.22097],[-95.671742,38.220996],[-95.671868,38.220993],[-95.671974,38.220934],[-95.672026,38.220876],[-95.671988,38.22082]],[[-95.671534,38.228191],[-95.671172,38.228185],[-95.671085,38.228187],[-95.671046,38.228188],[-95.67103,38.228231],[-95.671103,38.228258],[-95.671232,38.228326],[-95.671287,38.228339],[-95.67154,38.228362],[-95.671534,38.228191]],[[-95.670019,38.238775],[-95.669984,38.238748],[-95.669916,38.238687],[-95.669805,38.238588],[-95.669561,38.238539],[-95.669007,38.238552],[-95.668731,38.238586],[-95.668666,38.238696],[-95.66868,38.239078],[-95.668618,38.239271],[-95.668557,38.239491],[-95.668494,38.239656],[-95.668428,38.239767],[-95.668431,38.239848],[-95.668469,38.239929],[-95.668541,38.24001],[-95.668579,38.240091],[-95.668518,38.240311],[-95.668553,38.240337],[-95.668692,38.240334],[-95.66876,38.240305],[-95.668861,38.240248],[-95.668993,38.240054],[-95.668991,38.239999],[-95.668882,38.239865],[-95.66881,38.239785],[-95.668841,38.239675],[-95.669045,38.239589],[-95.669663,38.239438],[-95.66993,38.239189],[-95.669964,38.239158],[-95.669994,38.239021],[-95.670019,38.238775]],[[-95.669722,38.254397],[-95.6697,38.254368],[-95.669586,38.254344],[-95.669461,38.25429],[-95.669316,38.254124],[-95.669049,38.25409],[-95.668898,38.2541],[-95.668872,38.254194],[-95.668879,38.25427],[-95.668957,38.254325],[-95.669097,38.254351],[-95.669189,38.254346],[-95.669248,38.254325],[-95.669299,38.25434],[-95.669369,38.254405],[-95.66951,38.25445],[-95.669526,38.254455],[-95.669627,38.254449],[-95.669711,38.254424],[-95.669722,38.254397]],[[-95.669386,38.220863],[-95.669311,38.220793],[-95.669256,38.220766],[-95.669093,38.220755],[-95.668966,38.220758],[-95.668962,38.220779],[-95.668951,38.22083],[-95.668989,38.220886],[-95.669064,38.22097],[-95.669265,38.221023],[-95.669408,38.220977],[-95.669386,38.220863]],[[-95.668261,38.246074],[-95.668192,38.245997],[-95.668137,38.245853],[-95.667997,38.245699],[-95.66791,38.245582],[-95.667807,38.245519],[-95.667742,38.245547],[-95.667412,38.245646],[-95.667297,38.245688],[-95.667215,38.24573],[-95.667216,38.245769],[-95.667234,38.245795],[-95.667351,38.245819],[-95.66742,38.245857],[-95.667538,38.245893],[-95.667605,38.245918],[-95.667656,38.24593],[-95.667723,38.245955],[-95.667725,38.246008],[-95.667677,38.246061],[-95.667644,38.246075],[-95.667629,38.246115],[-95.667631,38.246154],[-95.66765,38.24622],[-95.667635,38.246286],[-95.66757,38.246314],[-95.667522,38.24638],[-95.667475,38.24646],[-95.66746,38.246513],[-95.667512,38.246552],[-95.667594,38.246523],[-95.667727,38.24652],[-95.66776,38.246506],[-95.667796,38.246571],[-95.667797,38.246598],[-95.667815,38.24665],[-95.667833,38.246676],[-95.667884,38.246701],[-95.667952,38.246726],[-95.667968,38.246712],[-95.668017,38.246685],[-95.668014,38.246606],[-95.668043,38.246487],[-95.668139,38.246379],[-95.668221,38.246338],[-95.668282,38.246192],[-95.668261,38.246074]],[[-95.668089,38.231319],[-95.66807,38.231291],[-95.667997,38.231279],[-95.667889,38.231267],[-95.667775,38.2313],[-95.667728,38.231313],[-95.667657,38.231343],[-95.66766,38.231429],[-95.667698,38.231499],[-95.667755,38.231569],[-95.667846,38.231581],[-95.667883,38.231595],[-95.668009,38.231606],[-95.668077,38.231476],[-95.668092,38.23139],[-95.668089,38.231319]],[[-95.667105,38.192513],[-95.665931,38.192505],[-95.665931,38.193204],[-95.666184,38.193841],[-95.666207,38.193895],[-95.667105,38.193862],[-95.667105,38.192513]],[[-95.665863,38.242396],[-95.665607,38.242161],[-95.665566,38.242452],[-95.665654,38.242462],[-95.665721,38.242446],[-95.665863,38.242396]],[[-95.665021,38.238828],[-95.664948,38.238801],[-95.664803,38.238734],[-95.664773,38.238727],[-95.664694,38.238708],[-95.66455,38.238683],[-95.664353,38.238687],[-95.664246,38.238718],[-95.664193,38.238748],[-95.664195,38.23879],[-95.664233,38.238846],[-95.664306,38.238886],[-95.664379,38.238913],[-95.664398,38.238941],[-95.664364,38.238998],[-95.664312,38.239042],[-95.664211,38.239242],[-95.664143,38.239343],[-95.664111,38.239442],[-95.664342,38.239366],[-95.664729,38.239174],[-95.664922,38.23907],[-95.665078,38.238911],[-95.665021,38.238828]],[[-95.664858,38.222151],[-95.664836,38.222038],[-95.664779,38.221968],[-95.664706,38.221941],[-95.664624,38.221961],[-95.664581,38.221972],[-95.664456,38.222032],[-95.66444,38.222075],[-95.664426,38.222204],[-95.664447,38.222261],[-95.664503,38.222331],[-95.664596,38.222386],[-95.664687,38.222398],[-95.664793,38.222353],[-95.664863,38.222265],[-95.664858,38.222151]],[[-95.664234,38.222895],[-95.664191,38.222866],[-95.664152,38.222859],[-95.66414,38.222858],[-95.66411,38.222857],[-95.664079,38.22286],[-95.664037,38.222858],[-95.663964,38.222874],[-95.663947,38.222907],[-95.663948,38.222938],[-95.663939,38.222974],[-95.663944,38.223004],[-95.663966,38.223043],[-95.663985,38.223067],[-95.66402,38.223088],[-95.664086,38.22307],[-95.664183,38.223024],[-95.66422,38.222987],[-95.66424,38.222959],[-95.664234,38.222895]],[[-95.66376,38.208331],[-95.66365,38.208276],[-95.663432,38.208239],[-95.663312,38.208241],[-95.663252,38.208271],[-95.663257,38.208399],[-95.663294,38.208441],[-95.663387,38.20851],[-95.663461,38.208551],[-95.663551,38.208549],[-95.663675,38.208489],[-95.663781,38.208416],[-95.66376,38.208331]],[[-95.662183,38.247204],[-95.662085,38.246955],[-95.661926,38.246959],[-95.661838,38.246975],[-95.661805,38.247032],[-95.661846,38.247184],[-95.661867,38.247211],[-95.661901,38.247253],[-95.661956,38.247293],[-95.66196,38.247391],[-95.662065,38.247374],[-95.662134,38.247331],[-95.662185,38.247274],[-95.662183,38.247204]],[[-95.662101,38.199469],[-95.66208,38.199398],[-95.662024,38.199328],[-95.661932,38.199288],[-95.661768,38.199249],[-95.661641,38.199237],[-95.661516,38.199254],[-95.661457,38.199292],[-95.661445,38.199299],[-95.661411,38.199357],[-95.661468,38.199426],[-95.661505,38.199454],[-95.661687,38.199493],[-95.661994,38.199514],[-95.662084,38.199512],[-95.662101,38.199469]],[[-95.66205,38.199057],[-95.661959,38.199031],[-95.661889,38.199043],[-95.661779,38.199063],[-95.661745,38.199107],[-95.661783,38.199163],[-95.661946,38.199188],[-95.662018,38.199186],[-95.662072,38.199156],[-95.66205,38.199057]],[[-95.658981,38.19954],[-95.658905,38.199456],[-95.658813,38.199401],[-95.658541,38.19935],[-95.658359,38.199326],[-95.658249,38.199286],[-95.658214,38.199301],[-95.658215,38.199329],[-95.658181,38.199401],[-95.658219,38.199443],[-95.658256,38.199471],[-95.658294,38.199527],[-95.65846,38.199623],[-95.658698,38.199717],[-95.658772,38.199758],[-95.658916,38.199755],[-95.658981,38.19954]]]}},{"type":"Feature","properties":{"id":"us-arealm-110928298845","name":"Tulalip Storage Dep","zone_type":"industrial_park","site_class":"industrial_landuse","coastal_inland_label":"inland","state_fips":"53","mtfcc":"K2362","aland":7977856,"awater":0},"geometry":{"type":"Polygon","coordinates":[[[-122.226308,48.097296],[-122.225756,48.097289],[-122.225325,48.097298],[-122.222382,48.097356],[-122.222083,48.097362],[-122.221405,48.097366],[-122.220546,48.097371],[-122.220485,48.097363],[-122.217699,48.097238],[-122.216771,48.097197],[-122.216325,48.097184],[-122.214988,48.097148],[-122.214543,48.097136],[-122.214427,48.097136],[-122.214079,48.097136],[-122.213963,48.097136],[-122.21236,48.097126],[-122.207553,48.097099],[-122.205951,48.09709],[-122.205738,48.09709],[-122.204288,48.097097],[-122.204074,48.097087],[-122.201766,48.096984],[-122.19556,48.096708],[-122.19554,48.096968],[-122.195533,48.097067],[-122.195484,48.097724],[-122.195302,48.097722],[-122.194971,48.097719],[-122.191991,48.097689],[-122.191848,48.097687],[-122.190156,48.09767],[-122.18597,48.097628],[-122.185821,48.097627],[-122.185519,48.097625],[-122.185526,48.097483],[-122.185534,48.097335],[-122.185469,48.092976],[-122.185401,48.088362],[-122.18534,48.083477],[-122.185284,48.079304],[-122.185277,48.07871],[-122.185272,48.077374],[-122.185294,48.077317],[-122.185361,48.077167],[-122.18544,48.077019],[-122.185532,48.076876],[-122.185637,48.076737],[-122.185852,48.076489],[-122.185908,48.076438],[-122.186035,48.076278],[-122.186082,48.076212],[-122.186148,48.076057],[-122.186173,48.075956],[-122.186181,48.075919],[-122.186184,48.07591],[-122.186189,48.075808],[-122.186192,48.075771],[-122.186805,48.0758],[-122.187012,48.075799],[-122.187222,48.075789],[-122.187584,48.075795],[-122.187903,48.075793],[-122.18809,48.075792],[-122.188821,48.07587],[-122.189145,48.075891],[-122.189275,48.075893],[-122.189937,48.075906],[-122.190718,48.075916],[-122.191236,48.075918],[-122.192296,48.075942],[-122.192638,48.075936],[-122.193037,48.075941],[-122.193708,48.075951],[-122.194303,48.075953],[-122.19475,48.075955],[-122.194749,48.075887],[-122.194747,48.075775],[-122.194747,48.075685],[-122.194747,48.075618],[-122.196038,48.075648],[-122.199194,48.075723],[-122.199912,48.075741],[-122.200179,48.075747],[-122.200443,48.075754],[-122.200477,48.074994],[-122.200613,48.07458],[-122.200612,48.074484],[-122.200607,48.072891],[-122.200606,48.07236],[-122.201632,48.072344],[-122.204713,48.0723],[-122.20574,48.072286],[-122.209606,48.072306],[-122.210201,48.07231],[-122.211236,48.072315],[-122.213273,48.072327],[-122.217062,48.072373],[-122.223585,48.072453],[-122.223912,48.072457],[-122.226108,48.072484],[-122.22611,48.072608],[-122.226149,48.074422],[-122.226139,48.077845],[-122.226139,48.07812],[-122.226139,48.078459],[-122.226143,48.078996],[-122.226149,48.079715],[-122.226235,48.089303],[-122.226251,48.091133],[-122.226266,48.092721],[-122.226274,48.093678],[-122.226299,48.096394],[-122.226308,48.097296]]]}},{"type":"Feature","properties":{"id":"us-arealm-110468262305","name":"Quonset Davisville Port and Commerce","zone_type":"industrial_park","site_class":"industrial_landuse","coastal_inland_label":"inland","state_fips":"44","mtfcc":"K2362","aland":4477819,"awater":5004},"geometry":{"type":"Polygon","coordinates":[[[-71.455658,41.607197],[-71.455147,41.607281],[-71.454781,41.60733],[-71.454048,41.607441],[-71.453062,41.607583],[-71.452354,41.607677],[-71.452122,41.607713],[-71.451912,41.607746],[-71.451759,41.607768],[-71.451446,41.607813],[-71.451225,41.607845],[-71.450974,41.607891],[-71.450508,41.607979],[-71.450333,41.608009],[-71.449821,41.608082],[-71.449704,41.608093],[-71.448792,41.608185],[-71.447906,41.608246],[-71.447388,41.60828],[-71.446732,41.60833],[-71.445808,41.608433],[-71.445389,41.608505],[-71.444962,41.608627],[-71.443928,41.609033],[-71.443321,41.609268],[-71.443062,41.609356],[-71.4422,41.609467],[-71.441849,41.609501],[-71.441643,41.609516],[-71.441414,41.60952],[-71.44117,41.609509],[-71.440903,41.609486],[-71.440552,41.609447],[-71.440018,41.609375],[-71.439941,41.609367],[-71.43959,41.60931],[-71.439352,41.609278],[-71.439204,41.609157],[-71.436886,41.609419],[-71.434618,41.609767],[-71.434527,41.609783],[-71.4349,41.611033],[-71.434888,41.611462],[-71.434827,41.611907],[-71.434687,41.612203],[-71.434534,41.612475],[-71.434541,41.613441],[-71.434626,41.61459],[-71.434814,41.615337],[-71.435364,41.617621],[-71.43537,41.617834],[-71.435282,41.617848],[-71.434958,41.617889],[-71.434911,41.61791],[-71.434759,41.617946],[-71.434022,41.618066],[-71.43318,41.618193],[-71.432443,41.618313],[-71.432263,41.618356],[-71.430511,41.61863],[-71.430195,41.618675],[-71.430227,41.618516],[-71.430229,41.61842],[-71.430206,41.618168],[-71.430168,41.617832],[-71.430107,41.617413],[-71.430099,41.617264],[-71.430092,41.617226],[-71.430077,41.617188],[-71.430069,41.617149],[-71.430023,41.617023],[-71.429985,41.616875],[-71.429985,41.616859],[-71.429529,41.616964],[-71.428917,41.617065],[-71.425453,41.617634],[-71.426035,41.619301],[-71.425827,41.619335],[-71.424316,41.619537],[-71.423782,41.619762],[-71.42318,41.619953],[-71.422806,41.620075],[-71.421844,41.620445],[-71.421104,41.620754],[-71.420441,41.62104],[-71.420365,41.621133],[-71.419846,41.62175],[-71.419762,41.621841],[-71.419222,41.622476],[-71.419113,41.622604],[-71.418152,41.623714],[-71.41748,41.62447],[-71.416985,41.625057],[-71.416443,41.625683],[-71.415741,41.626507],[-71.414883,41.627489],[-71.414696,41.627705],[-71.413765,41.628788],[-71.4133,41.629318],[-71.412827,41.629848],[-71.412796,41.629875],[-71.412732,41.629949],[-71.412405,41.630338],[-71.412315,41.630444],[-71.412071,41.630703],[-71.411797,41.631012],[-71.411683,41.631152],[-71.411975,41.63164],[-71.411972,41.631725],[-71.41201,41.631859],[-71.41217,41.63224],[-71.412254,41.632549],[-71.412354,41.632854],[-71.412529,41.633335],[-71.412109,41.63345],[-71.412027,41.633471],[-71.411903,41.633503],[-71.409874,41.633907],[-71.408432,41.63419],[-71.407852,41.634285],[-71.407768,41.634308],[-71.407095,41.634392],[-71.407094,41.634361],[-71.407133,41.6343],[-71.40716,41.634244],[-71.407177,41.634176],[-71.407176,41.634061],[-71.407163,41.633946],[-71.407095,41.633585],[-71.407049,41.63346],[-71.406903,41.633141],[-71.406735,41.63283],[-71.406697,41.632772],[-71.406662,41.632706],[-71.406558,41.632533],[-71.406441,41.63237],[-71.406377,41.632256],[-71.406326,41.632146],[-71.406257,41.632026],[-71.406221,41.631978],[-71.406184,41.631941],[-71.406096,41.631831],[-71.406013,41.631708],[-71.405821,41.631465],[-71.405765,41.631415],[-71.405693,41.631368],[-71.405619,41.631345],[-71.405559,41.631307],[-71.405518,41.631257],[-71.405506,41.631195],[-71.405561,41.631215],[-71.405592,41.631205],[-71.405598,41.631148],[-71.405613,41.631094],[-71.405656,41.630984],[-71.405655,41.630959],[-71.405654,41.630926],[-71.405683,41.630747],[-71.405768,41.630454],[-71.405776,41.630397],[-71.405771,41.63015],[-71.405757,41.630031],[-71.405646,41.629742],[-71.405624,41.629683],[-71.405566,41.629505],[-71.405512,41.62939],[-71.405409,41.629221],[-71.405314,41.629114],[-71.40508,41.628834],[-71.404971,41.628724],[-71.404924,41.628664],[-71.40477,41.628496],[-71.40467,41.628379],[-71.404613,41.628327],[-71.404291,41.627979],[-71.404065,41.627754],[-71.403883,41.627529],[-71.403785,41.627419],[-71.40368,41.627315],[-71.403586,41.627208],[-71.403498,41.627099],[-71.403456,41.62704],[-71.40339,41.626923],[-71.403368,41.626863],[-71.403321,41.626692],[-71.403237,41.626517],[-71.403189,41.626399],[-71.403156,41.626282],[-71.403152,41.626108],[-71.403156,41.62605],[-71.403167,41.625992],[-71.403185,41.625936],[-71.403233,41.625821],[-71.403266,41.62576],[-71.403316,41.625702],[-71.403447,41.625592],[-71.403517,41.625541],[-71.403575,41.625486],[-71.403698,41.625297],[-71.403827,41.625179],[-71.403899,41.625123],[-71.403967,41.625063],[-71.404109,41.624951],[-71.404242,41.624838],[-71.404486,41.624596],[-71.404614,41.624483],[-71.404741,41.624385],[-71.404878,41.62429],[-71.405167,41.624117],[-71.405356,41.623977],[-71.405475,41.62388],[-71.405797,41.623664],[-71.405924,41.62357],[-71.406148,41.623355],[-71.406266,41.623255],[-71.40638,41.62315],[-71.406436,41.623109],[-71.406484,41.623108],[-71.406491,41.6232],[-71.406539,41.623177],[-71.406663,41.623095],[-71.406774,41.623011],[-71.40692,41.622937],[-71.407002,41.622904],[-71.407088,41.622882],[-71.407262,41.622829],[-71.407348,41.622796],[-71.407523,41.622713],[-71.407685,41.622621],[-71.407837,41.622544],[-71.408137,41.62238],[-71.408207,41.622333],[-71.408333,41.622235],[-71.40839,41.622184],[-71.408494,41.622079],[-71.408546,41.622035],[-71.40862,41.622],[-71.408698,41.621976],[-71.408776,41.621959],[-71.408858,41.621952],[-71.408952,41.621959],[-71.409014,41.622],[-71.408993,41.622063],[-71.408919,41.622176],[-71.408896,41.62224],[-71.408888,41.622306],[-71.408884,41.622503],[-71.408899,41.622561],[-71.408982,41.622685],[-71.408996,41.62275],[-71.40898,41.622805],[-71.408918,41.622826],[-71.408844,41.622813],[-71.408776,41.622782],[-71.40874,41.622801],[-71.408739,41.622844],[-71.408787,41.622897],[-71.40891,41.622965],[-71.408971,41.623003],[-71.409177,41.623078],[-71.409232,41.623116],[-71.409289,41.623162],[-71.409363,41.623194],[-71.409424,41.623233],[-71.40948,41.623285],[-71.409541,41.623325],[-71.409713,41.623301],[-71.409779,41.623326],[-71.40984,41.623362],[-71.409911,41.623387],[-71.409985,41.623395],[-71.410139,41.623372],[-71.410295,41.623387],[-71.410446,41.623381],[-71.410681,41.623331],[-71.410755,41.62332],[-71.410819,41.623294],[-71.410866,41.623245],[-71.410892,41.623183],[-71.410886,41.623125],[-71.410901,41.623099],[-71.410952,41.623143],[-71.411024,41.623154],[-71.411103,41.623173],[-71.411147,41.623257],[-71.411214,41.623285],[-71.411291,41.62331],[-71.411372,41.623327],[-71.411399,41.623375],[-71.411391,41.623486],[-71.411394,41.623545],[-71.411389,41.623604],[-71.411346,41.623655],[-71.411322,41.623705],[-71.411315,41.623766],[-71.41134,41.623821],[-71.411349,41.623894],[-71.411378,41.623945],[-71.411435,41.623981],[-71.411503,41.624017],[-71.411557,41.624059],[-71.41156,41.624116],[-71.411571,41.624174],[-71.411627,41.624297],[-71.411659,41.62442],[-71.411639,41.624475],[-71.411554,41.62459],[-71.411494,41.624708],[-71.411378,41.624886],[-71.411338,41.624939],[-71.411304,41.624995],[-71.411283,41.625049],[-71.411272,41.625111],[-71.411275,41.625235],[-71.41129,41.625297],[-71.411318,41.62535],[-71.411363,41.625403],[-71.411427,41.625442],[-71.41153,41.625533],[-71.411595,41.625579],[-71.411699,41.625682],[-71.411761,41.625731],[-71.411835,41.625772],[-71.411913,41.625801],[-71.412003,41.625815],[-71.412095,41.625821],[-71.41235,41.625854],[-71.412423,41.625859],[-71.412511,41.625873],[-71.412589,41.625895],[-71.412698,41.625946],[-71.412734,41.625962],[-71.412808,41.625992],[-71.412967,41.62601],[-71.413043,41.626009],[-71.413117,41.626029],[-71.413267,41.626078],[-71.413405,41.626137],[-71.41354,41.626202],[-71.413668,41.626283],[-71.413836,41.626416],[-71.413892,41.626454],[-71.413967,41.626487],[-71.414128,41.626527],[-71.414375,41.626565],[-71.414445,41.626579],[-71.414533,41.626605],[-71.414595,41.626638],[-71.414658,41.626687],[-71.414709,41.626738],[-71.414704,41.626782],[-71.414659,41.626834],[-71.414627,41.626893],[-71.414638,41.626912],[-71.414649,41.626931],[-71.414695,41.626909],[-71.414741,41.626863],[-71.414803,41.626831],[-71.414892,41.626736],[-71.414923,41.626681],[-71.414941,41.626622],[-71.41501,41.6266],[-71.415028,41.626542],[-71.415097,41.62651],[-71.415147,41.626542],[-71.415178,41.626491],[-71.415228,41.626452],[-71.415296,41.626428],[-71.415368,41.626419],[-71.415532,41.626414],[-71.415554,41.626358],[-71.415589,41.6263],[-71.415643,41.626261],[-71.415678,41.626213],[-71.415692,41.626144],[-71.415681,41.626076],[-71.415642,41.625954],[-71.415636,41.625895],[-71.41565,41.625764],[-71.415683,41.6257],[-71.415792,41.625603],[-71.415902,41.625516],[-71.415945,41.625469],[-71.41598,41.625403],[-71.416028,41.625273],[-71.416036,41.625214],[-71.416032,41.625143],[-71.416023,41.625089],[-71.416002,41.625035],[-71.415902,41.624865],[-71.415951,41.624841],[-71.415997,41.624799],[-71.416074,41.624606],[-71.416095,41.624538],[-71.416154,41.624264],[-71.416156,41.624193],[-71.416145,41.624123],[-71.416105,41.624001],[-71.416085,41.623861],[-71.416088,41.623721],[-71.416075,41.62365],[-71.416103,41.623518],[-71.416094,41.623386],[-71.416095,41.623061],[-71.416109,41.622949],[-71.416166,41.622753],[-71.41617,41.62264],[-71.41618,41.622585],[-71.416205,41.62253],[-71.416292,41.622431],[-71.416346,41.622383],[-71.416589,41.622204],[-71.416703,41.622111],[-71.416769,41.622071],[-71.416834,41.622042],[-71.416908,41.622023],[-71.416987,41.622016],[-71.417144,41.622013],[-71.417235,41.622018],[-71.41739,41.622041],[-71.417571,41.622042],[-71.417663,41.622051],[-71.417831,41.622093],[-71.417915,41.622102],[-71.417995,41.622117],[-71.418081,41.622147],[-71.418208,41.622223],[-71.418279,41.622254],[-71.418324,41.622207],[-71.418365,41.622153],[-71.41839,41.622086],[-71.418405,41.622018],[-71.41841,41.621946],[-71.418402,41.621803],[-71.418385,41.621739],[-71.418337,41.621686],[-71.418259,41.621661],[-71.418187,41.621662],[-71.418105,41.621671],[-71.418037,41.621657],[-71.418087,41.621619],[-71.418237,41.621561],[-71.418403,41.621522],[-71.418475,41.621512],[-71.418561,41.621516],[-71.418649,41.621531],[-71.41873,41.621527],[-71.418904,41.621508],[-71.418994,41.621507],[-71.419062,41.621541],[-71.41912,41.621596],[-71.419189,41.621639],[-71.41926,41.621637],[-71.419324,41.62159],[-71.419381,41.621533],[-71.41942,41.621478],[-71.419563,41.621308],[-71.419617,41.621258],[-71.419679,41.621225],[-71.419756,41.621203],[-71.419811,41.621163],[-71.419848,41.62111],[-71.419902,41.621075],[-71.419975,41.621081],[-71.420038,41.621119],[-71.420117,41.621137],[-71.420199,41.621111],[-71.420211,41.621087],[-71.420222,41.621062],[-71.420175,41.621012],[-71.420039,41.620952],[-71.419968,41.620984],[-71.419887,41.620982],[-71.41981,41.621003],[-71.419685,41.621076],[-71.419609,41.621106],[-71.419531,41.621128],[-71.419451,41.621157],[-71.419305,41.621225],[-71.419248,41.621261],[-71.419179,41.621283],[-71.419097,41.621286],[-71.419017,41.621281],[-71.418934,41.621294],[-71.418774,41.621334],[-71.418632,41.621391],[-71.418557,41.621408],[-71.418483,41.621411],[-71.418409,41.621397],[-71.418372,41.621362],[-71.418407,41.621323],[-71.418632,41.621247],[-71.418686,41.621206],[-71.418736,41.621157],[-71.418799,41.621121],[-71.418859,41.621069],[-71.418911,41.620949],[-71.418927,41.620887],[-71.418878,41.620878],[-71.418807,41.620895],[-71.418728,41.62092],[-71.418501,41.621012],[-71.418421,41.621028],[-71.418342,41.621022],[-71.418275,41.620984],[-71.418268,41.620943],[-71.418317,41.620893],[-71.418372,41.620852],[-71.418347,41.620802],[-71.418304,41.620753],[-71.418242,41.620702],[-71.41818,41.620667],[-71.418098,41.620631],[-71.417935,41.620593],[-71.417866,41.620571],[-71.417772,41.620549],[-71.417684,41.620537],[-71.417358,41.620541],[-71.417266,41.620556],[-71.417193,41.62059],[-71.417131,41.620637],[-71.41708,41.620684],[-71.417017,41.62073],[-71.416948,41.620765],[-71.416889,41.620815],[-71.416845,41.620871],[-71.41678,41.62091],[-71.416704,41.620939],[-71.416613,41.621034],[-71.416545,41.621045],[-71.416473,41.621028],[-71.416407,41.620999],[-71.416349,41.620962],[-71.416241,41.620865],[-71.416253,41.620803],[-71.416292,41.620757],[-71.416323,41.620696],[-71.416357,41.620648],[-71.416419,41.620543],[-71.416438,41.620475],[-71.4164,41.62043],[-71.416329,41.620434],[-71.416269,41.620473],[-71.416219,41.620525],[-71.41616,41.620564],[-71.416089,41.62058],[-71.415839,41.620585],[-71.41576,41.620608],[-71.41573,41.620646],[-71.415786,41.62068],[-71.415776,41.620699],[-71.4157,41.62073],[-71.415687,41.620762],[-71.415726,41.620817],[-71.415797,41.620846],[-71.415888,41.620847],[-71.415971,41.620827],[-71.416022,41.620775],[-71.416067,41.620721],[-71.416117,41.620714],[-71.4161,41.620818],[-71.416145,41.620928],[-71.416127,41.620985],[-71.416068,41.621033],[-71.415992,41.621063],[-71.41592,41.621071],[-71.415855,41.621105],[-71.415778,41.621136],[-71.415704,41.621144],[-71.415621,41.621148],[-71.415537,41.621167],[-71.415463,41.621201],[-71.415409,41.621237],[-71.415363,41.62128],[-71.415314,41.621342],[-71.415277,41.621397],[-71.415231,41.621454],[-71.41518,41.621505],[-71.415147,41.621566],[-71.415107,41.621627],[-71.414977,41.621788],[-71.41491,41.621828],[-71.414858,41.621811],[-71.414775,41.621714],[-71.414661,41.621628],[-71.414641,41.621568],[-71.414615,41.621452],[-71.415725,41.62029],[-71.416164,41.618227],[-71.416519,41.616047],[-71.416565,41.615742],[-71.416473,41.615765],[-71.41626,41.61581],[-71.416078,41.615854],[-71.415901,41.615906],[-71.415497,41.616013],[-71.415367,41.616043],[-71.415085,41.616116],[-71.41494,41.616138],[-71.414833,41.61615],[-71.414779,41.616151],[-71.414675,41.616407],[-71.414134,41.617738],[-71.413997,41.617726],[-71.413913,41.617725],[-71.413742,41.617753],[-71.413654,41.61776],[-71.41358,41.617761],[-71.413513,41.617741],[-71.413428,41.617708],[-71.413356,41.617691],[-71.413264,41.617676],[-71.413178,41.617655],[-71.413093,41.617623],[-71.413028,41.617588],[-71.41298,41.617614],[-71.412926,41.617658],[-71.412884,41.617703],[-71.412786,41.617793],[-71.412652,41.617937],[-71.412517,41.618104],[-71.412463,41.618153],[-71.41241,41.618191],[-71.412369,41.618238],[-71.412315,41.618287],[-71.412277,41.61834],[-71.412296,41.618397],[-71.412352,41.618435],[-71.412561,41.618544],[-71.412621,41.618589],[-71.412712,41.618686],[-71.412748,41.618736],[-71.412758,41.618798],[-71.412758,41.618856],[-71.41275,41.618916],[-71.412722,41.618975],[-71.412673,41.619026],[-71.412642,41.61908],[-71.412638,41.619148],[-71.412598,41.619385],[-71.412575,41.61944],[-71.412537,41.619558],[-71.412466,41.619733],[-71.412505,41.619763],[-71.412125,41.620277],[-71.412132,41.620329],[-71.41216,41.620352],[-71.412118,41.620391],[-71.412055,41.620373],[-71.41201,41.620422],[-71.41201,41.620475],[-71.41205,41.620524],[-71.41201,41.62055],[-71.411934,41.620569],[-71.41187,41.6206],[-71.411832,41.620654],[-71.411769,41.620769],[-71.411719,41.620814],[-71.411656,41.62085],[-71.411503,41.620996],[-71.411558,41.621083],[-71.411202,41.621295],[-71.411571,41.621693],[-71.41149,41.621747],[-71.411083,41.621383],[-71.410856,41.621484],[-71.411291,41.621946],[-71.411032,41.622131],[-71.410973,41.622167],[-71.410818,41.622309],[-71.410751,41.62235],[-71.410683,41.622382],[-71.410604,41.622407],[-71.410514,41.622418],[-71.410358,41.622423],[-71.410286,41.622399],[-71.410171,41.622244],[-71.410102,41.622134],[-71.410051,41.622074],[-71.410026,41.622022],[-71.409975,41.621837],[-71.409945,41.621783],[-71.409903,41.621728],[-71.409791,41.621642],[-71.409757,41.621582],[-71.409703,41.621467],[-71.409673,41.621417],[-71.409629,41.621368],[-71.409518,41.621283],[-71.409451,41.62125],[-71.409367,41.621244],[-71.409293,41.621247],[-71.409214,41.621257],[-71.409129,41.621261],[-71.409055,41.62125],[-71.408993,41.621221],[-71.408927,41.621177],[-71.408757,41.62104],[-71.408723,41.620981],[-71.408733,41.620923],[-71.40875,41.620866],[-71.408779,41.620809],[-71.408841,41.620801],[-71.409081,41.620801],[-71.409159,41.620779],[-71.409199,41.620727],[-71.409224,41.62067],[-71.409262,41.620542],[-71.409294,41.620406],[-71.409304,41.620344],[-71.409341,41.620297],[-71.409409,41.620274],[-71.409493,41.620266],[-71.40957,41.620249],[-71.409541,41.6202],[-71.409481,41.620156],[-71.409429,41.620103],[-71.409391,41.620053],[-71.409392,41.619997],[-71.409423,41.61987],[-71.409407,41.619806],[-71.409349,41.619762],[-71.40928,41.619743],[-71.409125,41.619715],[-71.408976,41.619696],[-71.408956,41.619797],[-71.408416,41.619718],[-71.408292,41.62019],[-71.408263,41.620196],[-71.408234,41.620334],[-71.408213,41.620336],[-71.408132,41.620586],[-71.408197,41.620595],[-71.408284,41.620824],[-71.408268,41.620835],[-71.408196,41.620866],[-71.408113,41.62085],[-71.408041,41.620816],[-71.407989,41.620825],[-71.407948,41.620877],[-71.407929,41.620929],[-71.407885,41.620986],[-71.407811,41.620995],[-71.407735,41.620968],[-71.407682,41.620918],[-71.407653,41.620857],[-71.407632,41.620829],[-71.40761,41.620799],[-71.407543,41.620766],[-71.407495,41.620721],[-71.407477,41.620653],[-71.407485,41.620585],[-71.407514,41.62052],[-71.407579,41.620472],[-71.407663,41.620435],[-71.40772,41.620391],[-71.407727,41.620331],[-71.407723,41.620154],[-71.407685,41.619905],[-71.407657,41.61978],[-71.407594,41.619602],[-71.407558,41.619473],[-71.407512,41.619351],[-71.407315,41.618908],[-71.407288,41.618858],[-71.40721,41.618754],[-71.40714,41.618637],[-71.4071,41.618586],[-71.40706,41.618505],[-71.40655,41.617994],[-71.406483,41.617943],[-71.40628,41.617821],[-71.406193,41.617785],[-71.406102,41.617771],[-71.406022,41.617788],[-71.405954,41.617819],[-71.405876,41.617846],[-71.405788,41.617865],[-71.405684,41.617871],[-71.405621,41.617789],[-71.405543,41.617754],[-71.405434,41.617718],[-71.405202,41.617656],[-71.40499,41.617587],[-71.404838,41.617529],[-71.40476,41.617492],[-71.404762,41.617481],[-71.404809,41.617481],[-71.404882,41.617488],[-71.404969,41.617484],[-71.404978,41.617455],[-71.404941,41.617403],[-71.404794,41.617342],[-71.404773,41.617305],[-71.40516,41.617386],[-71.405428,41.617467],[-71.405703,41.617539],[-71.405875,41.617573],[-71.405956,41.617583],[-71.406036,41.617588],[-71.406209,41.617567],[-71.406294,41.617571],[-71.406374,41.617585],[-71.40645,41.617619],[-71.40651,41.617672],[-71.406712,41.617769],[-71.406782,41.617794],[-71.406855,41.617813],[-71.407004,41.617836],[-71.4071,41.617865],[-71.407148,41.617907],[-71.40722,41.617942],[-71.4073,41.617971],[-71.407391,41.617985],[-71.407497,41.617959],[-71.407536,41.61791],[-71.407556,41.617833],[-71.407557,41.617755],[-71.40752,41.61768],[-71.407451,41.617696],[-71.407405,41.617695],[-71.407365,41.61765],[-71.407342,41.61758],[-71.407365,41.617498],[-71.407397,41.617419],[-71.407441,41.617259],[-71.407468,41.617192],[-71.407458,41.617139],[-71.407408,41.617093],[-71.407334,41.617047],[-71.407174,41.616962],[-71.407153,41.616978],[-71.407024,41.617443],[-71.406995,41.617525],[-71.406953,41.617604],[-71.406903,41.617673],[-71.406842,41.617724],[-71.406759,41.617743],[-71.406739,41.617711],[-71.406834,41.617655],[-71.406866,41.617593],[-71.406886,41.617407],[-71.406895,41.61727],[-71.406914,41.617146],[-71.406883,41.616948],[-71.406845,41.616878],[-71.406774,41.616857],[-71.406775,41.616887],[-71.406754,41.616934],[-71.406715,41.616997],[-71.406686,41.617073],[-71.406691,41.617148],[-71.406772,41.61735],[-71.406737,41.617373],[-71.406659,41.617378],[-71.406582,41.617336],[-71.406469,41.61723],[-71.406426,41.617177],[-71.406421,41.617052],[-71.406374,41.616981],[-71.406329,41.616931],[-71.40637,41.616812],[-71.406374,41.616751],[-71.406362,41.616684],[-71.406334,41.616609],[-71.403495,41.615397],[-71.403392,41.615359],[-71.403333,41.615328],[-71.403274,41.61531],[-71.403199,41.615338],[-71.403195,41.61535],[-71.403173,41.615351],[-71.403106,41.615322],[-71.40308,41.615307],[-71.403016,41.615376],[-71.402957,41.615424],[-71.402212,41.615102],[-71.402175,41.615077],[-71.402131,41.615029],[-71.402136,41.614974],[-71.40321,41.613568],[-71.403249,41.613522],[-71.403321,41.61351],[-71.403361,41.613518],[-71.407064,41.615107],[-71.407098,41.615065],[-71.407056,41.615037],[-71.407112,41.614957],[-71.407152,41.614975],[-71.40775,41.614114],[-71.407917,41.613907],[-71.404213,41.612324],[-71.404185,41.612304],[-71.404174,41.612269],[-71.404189,41.612223],[-71.404252,41.612147],[-71.404494,41.611856],[-71.4046,41.611728],[-71.404622,41.611707],[-71.404635,41.611701],[-71.404657,41.611702],[-71.404752,41.611746],[-71.408445,41.613299],[-71.408848,41.612766],[-71.409067,41.612477],[-71.409314,41.612149],[-71.409559,41.611825],[-71.409861,41.611426],[-71.4118,41.612301],[-71.4127,41.612701],[-71.413724,41.612214],[-71.414391,41.612128],[-71.415386,41.612001],[-71.417001,41.611759],[-71.417236,41.611743],[-71.417487,41.611751],[-71.417738,41.61179],[-71.420615,41.612979],[-71.420959,41.613094],[-71.420967,41.613198],[-71.420983,41.613306],[-71.421787,41.613189],[-71.421892,41.613178],[-71.424198,41.612855],[-71.425415,41.612667],[-71.426147,41.612503],[-71.426637,41.612371],[-71.426879,41.612298],[-71.427167,41.612202],[-71.427733,41.611992],[-71.431808,41.610437],[-71.431676,41.610445],[-71.430653,41.610832],[-71.42943,41.611299],[-71.428357,41.611713],[-71.428676,41.611562],[-71.428826,41.611478],[-71.42894,41.611399],[-71.429047,41.611316],[-71.429146,41.611228],[-71.429219,41.611155],[-71.429287,41.611077],[-71.429347,41.610994],[-71.429398,41.610908],[-71.429481,41.610717],[-71.429565,41.610494],[-71.429979,41.609396],[-71.429138,41.608382],[-71.42846,41.607474],[-71.428459,41.607437],[-71.428414,41.60738],[-71.428368,41.607311],[-71.428315,41.60721],[-71.428231,41.606509],[-71.428219,41.606427],[-71.428169,41.606084],[-71.427497,41.603275],[-71.4278,41.603282],[-71.427805,41.602036],[-71.427853,41.601393],[-71.428611,41.601287],[-71.429413,41.601311],[-71.430613,41.601323],[-71.431257,41.601333],[-71.43277,41.60136],[-71.433121,41.601368],[-71.433556,41.601368],[-71.434471,41.601383],[-71.435105,41.60139],[-71.435638,41.601395],[-71.435875,41.601395],[-71.437187,41.60141],[-71.437651,41.601425],[-71.43779,41.601425],[-71.437958,41.601433],[-71.438087,41.601444],[-71.438217,41.601471],[-71.438309,41.601501],[-71.438796,41.60173],[-71.439087,41.601868],[-71.439824,41.602236],[-71.440419,41.602553],[-71.440865,41.602885],[-71.441129,41.602891],[-71.441183,41.602837],[-71.441271,41.602749],[-71.441419,41.602641],[-71.441568,41.602479],[-71.441656,41.602317],[-71.441683,41.602211],[-71.44192,41.60204],[-71.441935,41.602092],[-71.441961,41.602132],[-71.442034,41.602201],[-71.442802,41.602175],[-71.442925,41.602172],[-71.443268,41.602165],[-71.443634,41.602158],[-71.444136,41.602155],[-71.444219,41.602155],[-71.444359,41.602124],[-71.444587,41.602013],[-71.444725,41.602104],[-71.446395,41.602846],[-71.446865,41.602837],[-71.447675,41.603113],[-71.449024,41.603428],[-71.449685,41.603583],[-71.449783,41.603607],[-71.450021,41.603513],[-71.450039,41.603506],[-71.450631,41.603272],[-71.451707,41.602864],[-71.452424,41.602595],[-71.452585,41.60253],[-71.452746,41.602477],[-71.452935,41.602424],[-71.452988,41.602418],[-71.453133,41.6025],[-71.453455,41.602682],[-71.453579,41.602854],[-71.453657,41.602969],[-71.453777,41.603224],[-71.453801,41.603279],[-71.453819,41.603334],[-71.453824,41.603348],[-71.453842,41.603401],[-71.453972,41.603748],[-71.453982,41.603771],[-71.454102,41.604034],[-71.454178,41.604198],[-71.4543,41.604484],[-71.454359,41.604625],[-71.454391,41.604698],[-71.454411,41.60473],[-71.45448,41.604897],[-71.454534,41.605029],[-71.454606,41.60518],[-71.454933,41.605507],[-71.45507,41.605652],[-71.455125,41.605756],[-71.455174,41.605771],[-71.455245,41.605794],[-71.4554,41.606231],[-71.455732,41.607166],[-71.455658,41.607197]]]}},{"type":"Feature","properties":{"id":"us-arealm-1101584239360","name":"Chevron Oil Refinery","zone_type":"industrial_park","site_class":"industrial_landuse","coastal_inland_label":"inland","state_fips":"06","mtfcc":"K2362","aland":3946331,"awater":1020},"geometry":{"type":"Polygon","coordinates":[[[-118.427552,33.916321],[-118.422221,33.916329],[-118.420605,33.916345],[-118.419456,33.916346],[-118.41935,33.91595],[-118.41835,33.915949],[-118.418449,33.916349],[-118.418304,33.91635],[-118.417131,33.916356],[-118.416538,33.916358],[-118.416054,33.916359],[-118.416035,33.916349],[-118.415912,33.916349],[-118.415286,33.916351],[-118.414692,33.916352],[-118.414099,33.916353],[-118.413506,33.916355],[-118.412912,33.916357],[-118.412336,33.916359],[-118.411759,33.916361],[-118.411182,33.916363],[-118.410605,33.916365],[-118.410028,33.916367],[-118.409452,33.916369],[-118.408875,33.916371],[-118.408298,33.916372],[-118.407721,33.916374],[-118.407144,33.916376],[-118.406568,33.916378],[-118.405692,33.916379],[-118.40481,33.916383],[-118.403718,33.916386],[-118.402635,33.916388],[-118.401542,33.916389],[-118.400472,33.916391],[-118.399383,33.916391],[-118.398304,33.916394],[-118.397385,33.916398],[-118.395969,33.9164],[-118.395968,33.916365],[-118.395916,33.91166],[-118.395912,33.909912],[-118.395896,33.909675],[-118.39589,33.908138],[-118.395883,33.907815],[-118.395876,33.907368],[-118.395887,33.906768],[-118.395911,33.906627],[-118.396007,33.90617],[-118.396133,33.905057],[-118.39616,33.90473],[-118.39617,33.904423],[-118.396169,33.904312],[-118.396167,33.903334],[-118.396173,33.901866],[-118.397165,33.901868],[-118.397203,33.90187],[-118.397423,33.901883],[-118.398083,33.901949],[-118.398102,33.901951],[-118.398264,33.901961],[-118.39858,33.901968],[-118.398983,33.901966],[-118.39989,33.901965],[-118.400777,33.901964],[-118.401701,33.90196],[-118.402582,33.90195],[-118.403485,33.901946],[-118.404357,33.901942],[-118.407176,33.901929],[-118.409672,33.901918],[-118.412505,33.901905],[-118.414413,33.901896],[-118.414643,33.901888],[-118.414872,33.901867],[-118.415042,33.901842],[-118.41521,33.90181],[-118.415431,33.901757],[-118.415502,33.901735],[-118.415604,33.901891],[-118.416545,33.901777],[-118.417426,33.901671],[-118.417476,33.901774],[-118.418411,33.903713],[-118.419625,33.906141],[-118.419666,33.906126],[-118.420561,33.905828],[-118.420638,33.905882],[-118.42085,33.906028],[-118.421074,33.906197],[-118.421193,33.906311],[-118.421319,33.906461],[-118.421445,33.906632],[-118.421559,33.90679],[-118.421746,33.907125],[-118.421926,33.90747],[-118.422391,33.908407],[-118.422474,33.908575],[-118.422533,33.908744],[-118.423184,33.910058],[-118.423501,33.91067],[-118.423569,33.910811],[-118.423647,33.910948],[-118.423736,33.911079],[-118.423839,33.911203],[-118.424022,33.911391],[-118.424473,33.911722],[-118.424684,33.911871],[-118.425115,33.912161],[-118.425268,33.912293],[-118.425578,33.912644],[-118.425834,33.913109],[-118.425906,33.913238],[-118.425987,33.913384],[-118.426136,33.913651],[-118.426432,33.914172],[-118.426617,33.91455],[-118.426722,33.914754],[-118.426856,33.915014],[-118.427552,33.916321]]]}},{"type":"Feature","properties":{"id":"us-arealm-1103024138727","name":"Industrial Building or Industrial Park","zone_type":"industrial_park","site_class":"industrial_landuse","coastal_inland_label":"inland","state_fips":"21","mtfcc":"K2362","aland":3588594,"awater":26582},"geometry":{"type":"Polygon","coordinates":[[[-85.66005,38.161512],[-85.660039,38.161947],[-85.659877,38.164156],[-85.65986,38.164272],[-85.659853,38.164393],[-85.659854,38.164525],[-85.659845,38.164584],[-85.659604,38.167835],[-85.65942,38.170311],[-85.659392,38.170828],[-85.659389,38.170876],[-85.659382,38.171333],[-85.659382,38.171383],[-85.659384,38.171679],[-85.659384,38.171735],[-85.659387,38.172011],[-85.659388,38.17221],[-85.659399,38.173789],[-85.659403,38.174214],[-85.659406,38.174648],[-85.65941,38.175068],[-85.65942,38.176443],[-85.659419,38.176516],[-85.659417,38.176791],[-85.659399,38.177525],[-85.659396,38.178082],[-85.659386,38.178211],[-85.659384,38.17832],[-85.659378,38.178775],[-85.658888,38.178602],[-85.658777,38.178592],[-85.658605,38.178566],[-85.658412,38.178531],[-85.658246,38.178508],[-85.657949,38.178466],[-85.657654,38.178433],[-85.657434,38.178414],[-85.657039,38.178385],[-85.656335,38.178345],[-85.655289,38.178286],[-85.653601,38.178197],[-85.653165,38.178184],[-85.652394,38.178141],[-85.652163,38.178125],[-85.651801,38.178094],[-85.651238,38.178079],[-85.649841,38.178011],[-85.649466,38.177996],[-85.649045,38.177956],[-85.648616,38.177997],[-85.648501,38.178009],[-85.646821,38.177908],[-85.644392,38.177736],[-85.644383,38.177916],[-85.638869,38.177758],[-85.638985,38.176459],[-85.639099,38.175183],[-85.639176,38.174652],[-85.63921,38.174492],[-85.639313,38.174022],[-85.639372,38.173803],[-85.63976,38.172548],[-85.639826,38.17224],[-85.63986,38.172058],[-85.639889,38.171942],[-85.639909,38.171745],[-85.63997,38.170943],[-85.640193,38.168558],[-85.640478,38.165466],[-85.640486,38.165387],[-85.640523,38.164942],[-85.640688,38.164641],[-85.640786,38.164407],[-85.640954,38.163993],[-85.641098,38.163641],[-85.641135,38.163534],[-85.641242,38.163228],[-85.641351,38.162682],[-85.641342,38.162585],[-85.641175,38.161873],[-85.640946,38.161434],[-85.64083,38.161211],[-85.641598,38.16068],[-85.641626,38.160658],[-85.642234,38.160229],[-85.64252,38.160024],[-85.643194,38.159541],[-85.644144,38.158884],[-85.644795,38.158438],[-85.645819,38.157756],[-85.645971,38.157881],[-85.646125,38.158021],[-85.646441,38.158205],[-85.646815,38.158366],[-85.646909,38.158368],[-85.651211,38.158583],[-85.654397,38.158745],[-85.655164,38.15878],[-85.655443,38.158804],[-85.655599,38.158821],[-85.655876,38.158862],[-85.656221,38.158938],[-85.656472,38.159008],[-85.656847,38.159139],[-85.657214,38.159293],[-85.658467,38.159873],[-85.658581,38.159922],[-85.658811,38.159999],[-85.659029,38.160047],[-85.659203,38.160069],[-85.659402,38.160077],[-85.659554,38.160073],[-85.659755,38.160061],[-85.659843,38.160052],[-85.659971,38.16003],[-85.65999,38.160309],[-85.659993,38.160345],[-85.660042,38.161273],[-85.66005,38.161512]]]}},{"type":"Feature","properties":{"id":"us-arealm-110788663879","name":"I-Ind Park","zone_type":"industrial_park","site_class":"industrial_landuse","coastal_inland_label":"inland","state_fips":"36","mtfcc":"K2362","aland":3444611,"awater":0},"geometry":{"type":"Polygon","coordinates":[[[-74.223186,41.498092],[-74.223056,41.498541],[-74.222572,41.499754],[-74.222312,41.500358],[-74.222129,41.500672],[-74.221928,41.500952],[-74.221748,41.501156],[-74.221499,41.501408],[-74.221449,41.501455],[-74.220228,41.502594],[-74.2199,41.502971],[-74.219812,41.503097],[-74.219609,41.50343],[-74.219482,41.503672],[-74.219308,41.504098],[-74.219077,41.504773],[-74.218903,41.505132],[-74.218679,41.505454],[-74.218599,41.505547],[-74.218347,41.505778],[-74.218088,41.505966],[-74.218,41.506017],[-74.217549,41.506833],[-74.2173,41.50693],[-74.214549,41.507992],[-74.211542,41.509157],[-74.207158,41.510852],[-74.207217,41.511238],[-74.207232,41.511332],[-74.207293,41.511726],[-74.207486,41.512997],[-74.207704,41.514522],[-74.207797,41.515117],[-74.207868,41.515662],[-74.207872,41.515893],[-74.207836,41.516121],[-74.207762,41.51635],[-74.207644,41.516578],[-74.207541,41.516734],[-74.207179,41.517226],[-74.207093,41.51734],[-74.207,41.517463],[-74.20662,41.517986],[-74.206543,41.518081],[-74.20651,41.518122],[-74.20648,41.518159],[-74.206085,41.518639],[-74.206066,41.51866],[-74.205684,41.519082],[-74.20548,41.519282],[-74.205214,41.519489],[-74.204935,41.519665],[-74.204123,41.520093],[-74.203627,41.520359],[-74.20339,41.52051],[-74.203249,41.520615],[-74.203065,41.520782],[-74.202813,41.521052],[-74.201525,41.522825],[-74.201372,41.523059],[-74.201244,41.523315],[-74.201178,41.523494],[-74.200765,41.52354],[-74.200776,41.523379],[-74.199609,41.523413],[-74.199357,41.524038],[-74.196897,41.523985],[-74.197008,41.523543],[-74.195841,41.523472],[-74.195633,41.523978],[-74.192943,41.523754],[-74.193131,41.524162],[-74.193247,41.524586],[-74.193265,41.525082],[-74.193237,41.525362],[-74.192947,41.525365],[-74.192821,41.525367],[-74.190436,41.525392],[-74.189725,41.525397],[-74.189817,41.52478],[-74.189627,41.524792],[-74.189114,41.524849],[-74.188924,41.524953],[-74.18877,41.525118],[-74.188623,41.525281],[-74.18853,41.525405],[-74.18814,41.525405],[-74.187816,41.525393],[-74.187561,41.525377],[-74.187237,41.525348],[-74.186903,41.525303],[-74.186531,41.52523],[-74.18599,41.525107],[-74.185626,41.525016],[-74.185318,41.524939],[-74.184717,41.524806],[-74.184693,41.524802],[-74.184682,41.524676],[-74.184613,41.524589],[-74.184502,41.52451],[-74.184286,41.524403],[-74.184172,41.524715],[-74.18414,41.52471],[-74.18371,41.524666],[-74.183557,41.524005],[-74.18355,41.523827],[-74.183603,41.52355],[-74.183706,41.523324],[-74.184103,41.522687],[-74.184475,41.52215],[-74.18428,41.522123],[-74.184364,41.522002],[-74.184596,41.52169],[-74.185213,41.520881],[-74.185829,41.520178],[-74.186552,41.519347],[-74.187066,41.518825],[-74.18766,41.518284],[-74.188229,41.517792],[-74.188336,41.517707],[-74.188632,41.517468],[-74.189177,41.517082],[-74.189571,41.516806],[-74.190209,41.516388],[-74.190813,41.516004],[-74.19145,41.515617],[-74.191666,41.515497],[-74.193819,41.514379],[-74.194369,41.514079],[-74.19455,41.513971],[-74.194694,41.513878],[-74.195134,41.513594],[-74.197948,41.511714],[-74.198931,41.511069],[-74.199784,41.510478],[-74.201137,41.50958],[-74.202059,41.509001],[-74.202783,41.508494],[-74.203036,41.508296],[-74.203322,41.508035],[-74.203646,41.507688],[-74.203748,41.507562],[-74.203874,41.507381],[-74.203932,41.507299],[-74.203984,41.507213],[-74.204117,41.50686],[-74.204457,41.505841],[-74.20447,41.505789],[-74.204574,41.505407],[-74.204909,41.504593],[-74.205158,41.501737],[-74.20564,41.502051],[-74.206698,41.50274],[-74.20892,41.504062],[-74.209816,41.502699],[-74.210767,41.503239],[-74.21159,41.501857],[-74.210704,41.501347],[-74.2114,41.500288],[-74.212075,41.499427],[-74.212856,41.500096],[-74.213306,41.50037],[-74.213616,41.500095],[-74.215033,41.498677],[-74.217122,41.496589],[-74.216687,41.496334],[-74.21797,41.494904],[-74.223264,41.497697],[-74.223186,41.498092]]]}},{"type":"Feature","properties":{"id":"us-arealm-110495910842","name":"Gas Storage-Northern Natural Gas Co","zone_type":"industrial_park","site_class":"industrial_landuse","coastal_inland_label":"inland","state_fips":"19","mtfcc":"K2362","aland":2596192,"awater":0},"geometry":{"type":"Polygon","coordinates":[[[-94.183556,41.658658],[-94.183556,41.662272],[-94.183556,41.665978],[-94.183464,41.669409],[-94.183507,41.673194],[-94.178644,41.673169],[-94.173876,41.673144],[-94.170352,41.67309],[-94.164233,41.672996],[-94.164251,41.665756],[-94.164251,41.662605],[-94.164251,41.662068],[-94.164251,41.658548],[-94.166138,41.658495],[-94.176424,41.658572],[-94.183556,41.658658]]]}},{"type":"Feature","properties":{"id":"us-arealm-1103396707155","name":"Fort Sill Indl Park","zone_type":"industrial_park","site_class":"industrial_landuse","coastal_inland_label":"inland","state_fips":"40","mtfcc":"K2362","aland":2579697,"awater":0},"geometry":{"type":"Polygon","coordinates":[[[-98.317099,34.782442],[-98.31627,34.782445],[-98.315172,34.782437],[-98.314954,34.782434],[-98.314917,34.782434],[-98.314752,34.782433],[-98.313142,34.782422],[-98.312846,34.782419],[-98.312396,34.782416],[-98.308303,34.782432],[-98.308228,34.782431],[-98.307278,34.782418],[-98.307027,34.782415],[-98.306968,34.782407],[-98.30652,34.78236],[-98.30602,34.78238],[-98.305876,34.782292],[-98.305787,34.782227],[-98.305734,34.782166],[-98.305667,34.782031],[-98.305591,34.78238],[-98.304548,34.782351],[-98.304408,34.782351],[-98.302438,34.782353],[-98.301787,34.782355],[-98.300844,34.782358],[-98.30042,34.782377],[-98.300111,34.782392],[-98.299429,34.782391],[-98.299442,34.781424],[-98.299458,34.780438],[-98.29941,34.778504],[-98.299433,34.777494],[-98.299439,34.777206],[-98.299452,34.776644],[-98.299435,34.775709],[-98.299431,34.775504],[-98.299441,34.775251],[-98.299446,34.774705],[-98.29947,34.772016],[-98.299462,34.770313],[-98.299441,34.768809],[-98.299438,34.768627],[-98.299482,34.767941],[-98.307305,34.767944],[-98.316661,34.767948],[-98.316973,34.767949],[-98.316946,34.771651],[-98.31695,34.771752],[-98.317034,34.77391],[-98.317028,34.775111],[-98.317028,34.775291],[-98.31705,34.776675],[-98.31705,34.776723],[-98.31706,34.77878],[-98.317087,34.780498],[-98.317099,34.782442]]]}},{"type":"Feature","properties":{"id":"us-arealm-110374250828","name":"Abbott Laboratories","zone_type":"industrial_park","site_class":"industrial_landuse","coastal_inland_label":"inland","state_fips":"17","mtfcc":"K2362","aland":2568623,"awater":125331},"geometry":{"type":"Polygon","coordinates":[[[-87.904542,42.291239],[-87.90419,42.291864],[-87.903885,42.292446],[-87.903582,42.293114],[-87.903308,42.293746],[-87.903104,42.294366],[-87.902905,42.295101],[-87.902764,42.295876],[-87.902645,42.296692],[-87.902596,42.297458],[-87.902598,42.298212],[-87.902598,42.298262],[-87.90262,42.298818],[-87.902669,42.299264],[-87.902829,42.300347],[-87.903046,42.301633],[-87.90314,42.302287],[-87.903896,42.306716],[-87.904035,42.308232],[-87.904016,42.309034],[-87.90398,42.309248],[-87.903861,42.309664],[-87.903653,42.310102],[-87.903256,42.310882],[-87.903184,42.311023],[-87.903153,42.311233],[-87.903168,42.311374],[-87.902577,42.31131],[-87.902188,42.311262],[-87.902043,42.311244],[-87.901987,42.311237],[-87.901563,42.311184],[-87.898742,42.310868],[-87.898144,42.310783],[-87.897212,42.310626],[-87.896142,42.310404],[-87.893514,42.309736],[-87.892415,42.309463],[-87.891773,42.307138],[-87.891434,42.30591],[-87.888578,42.305882],[-87.888028,42.305877],[-87.888024,42.30628],[-87.886168,42.306263],[-87.886151,42.307848],[-87.885394,42.307848],[-87.885399,42.30753],[-87.885477,42.299698],[-87.887399,42.299712],[-87.888907,42.299723],[-87.889106,42.30046],[-87.889153,42.300634],[-87.889182,42.300634],[-87.889195,42.301101],[-87.890186,42.301066],[-87.889828,42.299669],[-87.889548,42.298372],[-87.889474,42.298089],[-87.888938,42.296038],[-87.888853,42.295712],[-87.888518,42.294421],[-87.888239,42.293344],[-87.888031,42.292751],[-87.887925,42.292464],[-87.887833,42.292217],[-87.887786,42.292091],[-87.887657,42.291811],[-87.887582,42.291669],[-87.887455,42.291427],[-87.887381,42.291286],[-87.887261,42.291102],[-87.88707,42.290806],[-87.889921,42.290835],[-87.890143,42.290837],[-87.890508,42.29084],[-87.891171,42.290848],[-87.891255,42.290849],[-87.891448,42.290851],[-87.89941,42.290931],[-87.89952,42.290933],[-87.899578,42.290934],[-87.899628,42.290935],[-87.89969,42.290936],[-87.899734,42.290936],[-87.899963,42.290939],[-87.900007,42.290939],[-87.904346,42.290983],[-87.904705,42.290987],[-87.904542,42.291239]]]}},{"type":"Feature","properties":{"id":"us-arealm-110372723797","name":"Hanover Estates Indl Park","zone_type":"industrial_park","site_class":"industrial_landuse","coastal_inland_label":"inland","state_fips":"42","mtfcc":"K2362","aland":2415051,"awater":0},"geometry":{"type":"Polygon","coordinates":[[[-75.939391,41.207942],[-75.939193,41.20808],[-75.939156,41.208107],[-75.938146,41.208692],[-75.937796,41.208895],[-75.937417,41.209104],[-75.93656,41.209581],[-75.936285,41.209739],[-75.936242,41.209765],[-75.935923,41.209975],[-75.935838,41.210033],[-75.93578,41.210079],[-75.935603,41.210216],[-75.935514,41.210294],[-75.935294,41.21053],[-75.935282,41.210544],[-75.93496,41.210933],[-75.934045,41.212065],[-75.933871,41.212256],[-75.933777,41.212345],[-75.933665,41.212434],[-75.933591,41.212486],[-75.933537,41.212525],[-75.93336,41.212637],[-75.932859,41.212938],[-75.932392,41.213217],[-75.932235,41.213312],[-75.931249,41.213829],[-75.93095,41.213981],[-75.930466,41.21423],[-75.930369,41.213978],[-75.930313,41.213901],[-75.929739,41.213119],[-75.929616,41.21311],[-75.929253,41.213084],[-75.927483,41.21342],[-75.925539,41.214339],[-75.925289,41.214458],[-75.924685,41.214744],[-75.924081,41.21503],[-75.923109,41.21549],[-75.917915,41.218617],[-75.915679,41.217247],[-75.91534,41.217586],[-75.91255,41.220383],[-75.912461,41.220335],[-75.912196,41.220194],[-75.912108,41.220148],[-75.912182,41.220056],[-75.912533,41.219632],[-75.912612,41.219519],[-75.913577,41.218147],[-75.912918,41.217805],[-75.912796,41.217742],[-75.912167,41.217515],[-75.911298,41.216658],[-75.91015,41.215526],[-75.909066,41.217262],[-75.908421,41.218298],[-75.90833,41.218272],[-75.908244,41.218248],[-75.908166,41.218216],[-75.908102,41.218183],[-75.908069,41.218165],[-75.907988,41.218111],[-75.908006,41.218102],[-75.908034,41.218075],[-75.90805,41.218059],[-75.90806,41.218049],[-75.908084,41.218026],[-75.90813,41.217982],[-75.908524,41.217602],[-75.908599,41.217529],[-75.908651,41.217479],[-75.908707,41.217425],[-75.908785,41.21734],[-75.908862,41.217236],[-75.90887,41.217224],[-75.908925,41.217152],[-75.908948,41.217122],[-75.909011,41.217039],[-75.909051,41.216983],[-75.909072,41.216933],[-75.910898,41.212641],[-75.911009,41.212446],[-75.911124,41.212097],[-75.911351,41.211414],[-75.911373,41.211115],[-75.911363,41.211032],[-75.911345,41.210879],[-75.911326,41.210718],[-75.911321,41.210668],[-75.911542,41.210604],[-75.914032,41.210264],[-75.914594,41.20995],[-75.915028,41.209709],[-75.918593,41.207265],[-75.919645,41.207388],[-75.922999,41.204721],[-75.923102,41.20464],[-75.922704,41.204121],[-75.922578,41.201741],[-75.922567,41.201522],[-75.922592,41.2015],[-75.922671,41.201435],[-75.922697,41.201414],[-75.923454,41.201168],[-75.924186,41.200931],[-75.925621,41.201295],[-75.925755,41.201328],[-75.926405,41.201492],[-75.926523,41.201523],[-75.926606,41.201576],[-75.926654,41.201607],[-75.926969,41.201809],[-75.928289,41.20266],[-75.92873,41.202944],[-75.92906,41.203042],[-75.930052,41.203337],[-75.930383,41.203436],[-75.931622,41.203532],[-75.932333,41.203587],[-75.934202,41.204815],[-75.934793,41.204527],[-75.934898,41.204586],[-75.935948,41.205254],[-75.935966,41.205266],[-75.93602,41.205304],[-75.936039,41.205317],[-75.93623,41.205449],[-75.936666,41.205768],[-75.936735,41.205819],[-75.937151,41.206129],[-75.937582,41.206443],[-75.938059,41.206795],[-75.938446,41.207083],[-75.938571,41.207175],[-75.938807,41.207349],[-75.938866,41.207393],[-75.939198,41.207634],[-75.939515,41.207835],[-75.939391,41.207942]]]}},{"type":"Feature","properties":{"id":"us-arealm-110166799412","name":"Ellyson Indl Park","zone_type":"industrial_park","site_class":"industrial_landuse","coastal_inland_label":"inland","state_fips":"12","mtfcc":"K2362","aland":2250549,"awater":0},"geometry":{"type":"Polygon","coordinates":[[[-87.20396,30.517768],[-87.203933,30.518504],[-87.203903,30.519321],[-87.203852,30.520711],[-87.203635,30.526976],[-87.203588,30.528339],[-87.203079,30.528171],[-87.200941,30.533019],[-87.188159,30.529626],[-87.187942,30.52954],[-87.187729,30.529456],[-87.187815,30.529148],[-87.187875,30.528864],[-87.188216,30.523311],[-87.188534,30.52308],[-87.189987,30.522581],[-87.190068,30.52034],[-87.190072,30.520073],[-87.189558,30.520057],[-87.18759,30.520049],[-87.187511,30.520049],[-87.187508,30.51992],[-87.187427,30.517519],[-87.187665,30.517514],[-87.191779,30.517401],[-87.191779,30.517285],[-87.191779,30.517201],[-87.193268,30.517237],[-87.201606,30.517439],[-87.203969,30.517495],[-87.20396,30.517768]]]}},{"type":"Feature","properties":{"id":"us-arealm-110499268568","name":"Azalea City Indl Park","zone_type":"industrial_park","site_class":"industrial_landuse","coastal_inland_label":"inland","state_fips":"13","mtfcc":"K2362","aland":2132559,"awater":100717},"geometry":{"type":"Polygon","coordinates":[[[-83.2914,30.802115],[-83.290644,30.802484],[-83.290411,30.802597],[-83.291353,30.803895],[-83.291323,30.804431],[-83.291317,30.804552],[-83.290878,30.804552],[-83.291298,30.804899],[-83.291217,30.806229],[-83.291238,30.806786],[-83.290094,30.806841],[-83.286306,30.806917],[-83.286089,30.806918],[-83.286036,30.80692],[-83.284327,30.806996],[-83.280258,30.806982],[-83.27902,30.806978],[-83.279247,30.806128],[-83.279337,30.805793],[-83.279219,30.805791],[-83.278644,30.805783],[-83.276154,30.805782],[-83.275267,30.805784],[-83.274929,30.805792],[-83.274563,30.805771],[-83.274797,30.807052],[-83.274658,30.807115],[-83.274409,30.80576],[-83.274294,30.805175],[-83.274203,30.804641],[-83.274191,30.80457],[-83.27413,30.804251],[-83.273978,30.803533],[-83.273865,30.803],[-83.273838,30.802842],[-83.273768,30.802428],[-83.273697,30.802041],[-83.273641,30.801709],[-83.27361,30.801521],[-83.273559,30.801235],[-83.27353,30.801068],[-83.2734,30.80035],[-83.273117,30.798872],[-83.273058,30.798567],[-83.272921,30.79786],[-83.272613,30.796143],[-83.27255,30.795823],[-83.272545,30.795792],[-83.272627,30.795777],[-83.272702,30.795763],[-83.272805,30.795744],[-83.272875,30.795747],[-83.272918,30.795738],[-83.273148,30.795672],[-83.273215,30.795663],[-83.273284,30.795659],[-83.273315,30.795662],[-83.273342,30.79567],[-83.273426,30.795718],[-83.273486,30.795732],[-83.273565,30.795793],[-83.2736,30.795812],[-83.273711,30.795837],[-83.27393,30.795871],[-83.274015,30.79587],[-83.274152,30.795818],[-83.27421,30.795812],[-83.274265,30.795825],[-83.274343,30.795868],[-83.274423,30.795903],[-83.274483,30.795914],[-83.274617,30.795902],[-83.274871,30.795815],[-83.274904,30.79581],[-83.274938,30.795812],[-83.274977,30.795822],[-83.275003,30.795834],[-83.275079,30.79588],[-83.275104,30.795891],[-83.275129,30.795896],[-83.275226,30.795867],[-83.275246,30.795848],[-83.275265,30.795806],[-83.275282,30.795789],[-83.275359,30.795754],[-83.275437,30.795728],[-83.27551,30.795709],[-83.275633,30.795696],[-83.275676,30.795685],[-83.275774,30.795649],[-83.275825,30.79564],[-83.275909,30.795638],[-83.275959,30.795641],[-83.275995,30.795633],[-83.276094,30.795624],[-83.276231,30.795621],[-83.276422,30.795628],[-83.276689,30.795685],[-83.276851,30.795693],[-83.276926,30.795686],[-83.277002,30.795665],[-83.277066,30.795627],[-83.277193,30.795574],[-83.277238,30.795564],[-83.277284,30.795564],[-83.277376,30.795574],[-83.27743,30.795593],[-83.277663,30.795628],[-83.277702,30.795629],[-83.277773,30.795617],[-83.27791,30.795564],[-83.277952,30.795551],[-83.278022,30.795532],[-83.278249,30.795511],[-83.278286,30.795517],[-83.278399,30.795552],[-83.278462,30.795562],[-83.278522,30.795547],[-83.278581,30.795523],[-83.278608,30.795506],[-83.27872,30.795416],[-83.278787,30.795383],[-83.278823,30.795371],[-83.278949,30.795329],[-83.279197,30.795285],[-83.279303,30.795284],[-83.279561,30.795369],[-83.279591,30.795375],[-83.279703,30.795385],[-83.27984,30.795409],[-83.279896,30.795407],[-83.279949,30.795395],[-83.279992,30.795376],[-83.280056,30.795322],[-83.280104,30.795265],[-83.280145,30.795227],[-83.280218,30.795178],[-83.280278,30.795155],[-83.280384,30.795134],[-83.280459,30.795147],[-83.28049,30.795148],[-83.280537,30.795141],[-83.280573,30.795131],[-83.280633,30.795097],[-83.280692,30.795082],[-83.280787,30.795049],[-83.28086,30.795047],[-83.280887,30.795039],[-83.280988,30.794993],[-83.281064,30.794964],[-83.28114,30.79495],[-83.281201,30.794944],[-83.281265,30.794929],[-83.281329,30.794923],[-83.28145,30.794936],[-83.281541,30.794924],[-83.28163,30.794905],[-83.281877,30.794812],[-83.281949,30.794775],[-83.281997,30.794759],[-83.282059,30.794751],[-83.282125,30.794757],[-83.282146,30.794753],[-83.282197,30.794773],[-83.282217,30.794789],[-83.282389,30.794772],[-83.282431,30.794779],[-83.28248,30.794778],[-83.28253,30.794763],[-83.282569,30.794757],[-83.282673,30.794756],[-83.282714,30.794759],[-83.282767,30.79477],[-83.282925,30.794779],[-83.283026,30.794811],[-83.283107,30.794811],[-83.283129,30.794808],[-83.283151,30.794798],[-83.283198,30.794766],[-83.283227,30.79476],[-83.283273,30.794739],[-83.283321,30.794728],[-83.283375,30.794726],[-83.28347,30.794759],[-83.283495,30.79476],[-83.283667,30.794699],[-83.28374,30.794668],[-83.28385,30.794639],[-83.283909,30.794611],[-83.283979,30.794615],[-83.284128,30.794646],[-83.284189,30.794664],[-83.284221,30.794679],[-83.284301,30.794691],[-83.284449,30.79475],[-83.284478,30.794757],[-83.284511,30.794758],[-83.284578,30.794752],[-83.284655,30.794732],[-83.284866,30.794651],[-83.284953,30.794625],[-83.285081,30.794628],[-83.28516,30.79462],[-83.285243,30.794591],[-83.285273,30.794575],[-83.285308,30.794558],[-83.285346,30.794539],[-83.285411,30.794516],[-83.285446,30.794494],[-83.28556,30.79444],[-83.285621,30.794429],[-83.285686,30.79443],[-83.285776,30.794452],[-83.285867,30.794466],[-83.285925,30.794462],[-83.286015,30.794447],[-83.286153,30.79439],[-83.286258,30.794388],[-83.286349,30.794396],[-83.286373,30.794393],[-83.286419,30.794373],[-83.286436,30.794357],[-83.286444,30.794339],[-83.286546,30.794252],[-83.28668,30.794203],[-83.286757,30.794186],[-83.287082,30.794073],[-83.287219,30.794054],[-83.287363,30.794048],[-83.287403,30.794042],[-83.287511,30.794006],[-83.287699,30.793918],[-83.287841,30.793882],[-83.287888,30.793879],[-83.287938,30.793879],[-83.287964,30.793862],[-83.288001,30.793811],[-83.288056,30.793768],[-83.288136,30.793687],[-83.288167,30.793667],[-83.288383,30.793565],[-83.288788,30.793391],[-83.289028,30.793249],[-83.289325,30.793097],[-83.289481,30.793006],[-83.289544,30.793],[-83.289727,30.792913],[-83.289846,30.792846],[-83.289903,30.792837],[-83.290025,30.792827],[-83.29023,30.792826],[-83.290395,30.792798],[-83.290706,30.792801],[-83.290914,30.792809],[-83.290969,30.792811],[-83.291502,30.800455],[-83.2914,30.802115]]]}},{"type":"Feature","properties":{"id":"us-arealm-110509767646","name":"Kahe Power Plant","zone_type":"industrial_park","site_class":"industrial_landuse","coastal_inland_label":"inland","state_fips":"15","mtfcc":"K2362","aland":1979403,"awater":0},"geometry":{"type":"Polygon","coordinates":[[[-158.1336253570644,21.3647348673458],[-158.1329753569267,21.364859867397637],[-158.13175835667397,21.365234867529775],[-158.1288583561266,21.367635868219693],[-158.12757935584122,21.36748586822317],[-158.12337235490247,21.36699086823422],[-158.12205835460924,21.36683586823755],[-158.12109135433442,21.365097867835935],[-158.11978635396355,21.362752867294056],[-158.1194813538748,21.362146867153],[-158.1186593536219,21.360136866679074],[-158.11945135376584,21.359328866452778],[-158.11948235376127,21.359015866373902],[-158.11917735367567,21.358496866254498],[-158.11890235359303,21.357878866109495],[-158.11905935362225,21.357736866069153],[-158.11907835362422,21.35767786605387],[-158.1191773536349,21.35737486597532],[-158.1196043536968,21.35650586574549],[-158.11984835372064,21.355692865535428],[-158.12009235375666,21.355212865408213],[-158.12045835382384,21.35485786530823],[-158.1206113538432,21.354468865206556],[-158.12100835390896,21.353887865049337],[-158.12134335396524,21.353418864921977],[-158.12149635398913,21.353154864851415],[-158.12167935402215,21.352960864797307],[-158.12195435408094,21.352922864779085],[-158.1221673541234,21.352807864743685],[-158.12241235416815,21.35256386467517],[-158.12256435418922,21.35222786458672],[-158.12293035426615,21.35214086455341],[-158.1231593543161,21.352135864544866],[-158.12329735433786,21.35190386448275],[-158.12363235440105,21.351625864402894],[-158.1237163544168,21.351553864382307],[-158.12424335451578,21.351102864253292],[-158.12482235462767,21.350694864133327],[-158.12512835469354,21.350663864115866],[-158.12561635480654,21.350835864143104],[-158.1262263549442,21.350950864152267],[-158.12680635507002,21.350919864126073],[-158.1272643551704,21.350923864112467],[-158.12747835519926,21.35042786398224],[-158.12833235537556,21.350137863882868],[-158.12909435553104,21.349827863781446],[-158.1292223555578,21.349792863768656],[-158.12924135556315,21.349825863776257],[-158.12940935561346,21.350198863863707],[-158.12948635563853,21.35042586391772],[-158.12955635566064,21.350611863961774],[-158.12961135567997,21.35081286401002],[-158.12965035569425,21.350970864048094],[-158.12968135570682,21.351129864086666],[-158.12976735574435,21.351644864212044],[-158.12979235575693,21.351840864260016],[-158.129801355763,21.351953864287843],[-158.12981535577833,21.352291864371495],[-158.1298163557885,21.352564864439383],[-158.1298133557977,21.352836864507154],[-158.1298043558045,21.3530778645674],[-158.1298043558052,21.353096864572123],[-158.12979635580837,21.35323186460596],[-158.12976735581623,21.353622864704167],[-158.12971635582977,21.354303864875227],[-158.1297093558349,21.35448686492098],[-158.12969135583987,21.35473186498251],[-158.12969235584671,21.354913865027758],[-158.12969735585676,21.35516086508905],[-158.12971235586843,21.355391865146046],[-158.129747355884,21.35560886519892],[-158.1297873559,21.355807865247154],[-158.1298633559276,21.356109865319873],[-158.12992035594615,21.356277865359846],[-158.1301983560326,21.356982865526394],[-158.13024235604627,21.357093865552606],[-158.13036735608546,21.357418865629484],[-158.13059135615532,21.357992865765148],[-158.13072735619937,21.358385865858587],[-158.13100135628508,21.359093866026],[-158.13112035632204,21.359394866097094],[-158.13124535636086,21.35970986617149],[-158.13132535638593,21.35991786622068],[-158.13153935645352,21.360488866355926],[-158.13172135651067,21.36096486646855],[-158.13191135656896,21.361425866577193],[-158.13201235659963,21.36166086663244],[-158.13214935663947,21.36193186669549],[-158.13228635667787,21.362163866748844],[-158.13242035671598,21.362404866804532],[-158.13297035687194,21.36338386703056],[-158.13336335698116,21.36402286717701],[-158.13375935709294,21.364712867336053],[-158.1336253570644,21.3647348673458]]]}},{"type":"Feature","properties":{"id":"us-arealm-1103024141637","name":"Ford Truck Plnt","zone_type":"industrial_park","site_class":"industrial_landuse","coastal_inland_label":"inland","state_fips":"21","mtfcc":"K2362","aland":1626593,"awater":3031},"geometry":{"type":"Polygon","coordinates":[[[-85.541704,38.299315],[-85.541356,38.299395],[-85.54078,38.29955],[-85.54045,38.299645],[-85.539477,38.299931],[-85.538976,38.300079],[-85.538715,38.300166],[-85.535209,38.301223],[-85.532789,38.301957],[-85.532648,38.302009],[-85.532564,38.302034],[-85.532438,38.302069],[-85.53231,38.302099],[-85.531804,38.30224],[-85.531203,38.302399],[-85.529794,38.302772],[-85.526882,38.29652],[-85.526806,38.296358],[-85.526711,38.296152],[-85.526694,38.296113],[-85.526614,38.295923],[-85.526541,38.295732],[-85.526316,38.295283],[-85.526283,38.295214],[-85.526249,38.295142],[-85.525938,38.29449],[-85.525809,38.294217],[-85.524942,38.292371],[-85.524828,38.292125],[-85.522833,38.287801],[-85.527291,38.288265],[-85.529226,38.288461],[-85.530553,38.288602],[-85.530832,38.288639],[-85.531126,38.288684],[-85.531469,38.288745],[-85.532043,38.288869],[-85.532498,38.288979],[-85.532809,38.289064],[-85.533374,38.289238],[-85.533932,38.289435],[-85.534396,38.289615],[-85.534822,38.289802],[-85.535313,38.290038],[-85.535721,38.290254],[-85.536058,38.290449],[-85.536317,38.290606],[-85.538087,38.291723],[-85.538252,38.291832],[-85.538498,38.292014],[-85.538773,38.292252],[-85.539049,38.292532],[-85.539277,38.292818],[-85.539469,38.293107],[-85.539574,38.293303],[-85.539648,38.29346],[-85.540204,38.29472],[-85.541079,38.296733],[-85.541163,38.29695],[-85.541212,38.297109],[-85.541271,38.297371],[-85.541326,38.297721],[-85.541312,38.297903],[-85.541328,38.298064],[-85.541355,38.298253],[-85.541429,38.298547],[-85.541601,38.29908],[-85.541704,38.299315]]]}},{"type":"Feature","properties":{"id":"us-arealm-1101584239328","name":"Mobil Oil Refinery","zone_type":"industrial_park","site_class":"industrial_landuse","coastal_inland_label":"inland","state_fips":"06","mtfcc":"K2362","aland":1574999,"awater":1644},"geometry":{"type":"Polygon","coordinates":[[[-118.34427,33.852691],[-118.344031,33.853093],[-118.34391,33.853358],[-118.343794,33.853683],[-118.343745,33.853889],[-118.343694,33.854178],[-118.343694,33.854452],[-118.343651,33.857496],[-118.343671,33.858244],[-118.34368,33.858324],[-118.342342,33.858322],[-118.341514,33.858324],[-118.341082,33.858315],[-118.340679,33.858323],[-118.339843,33.858318],[-118.339258,33.858311],[-118.338773,33.858319],[-118.338064,33.858317],[-118.337579,33.858322],[-118.337517,33.858324],[-118.336838,33.858327],[-118.335973,33.858329],[-118.335475,33.858324],[-118.335096,33.858322],[-118.334203,33.858324],[-118.333322,33.858327],[-118.332886,33.858322],[-118.332456,33.858314],[-118.332038,33.85832],[-118.329761,33.858314],[-118.328839,33.85831],[-118.328055,33.858329],[-118.327972,33.858326],[-118.327884,33.858327],[-118.327918,33.858276],[-118.3282,33.857866],[-118.328428,33.85748],[-118.32855,33.857255],[-118.328619,33.857082],[-118.328659,33.856894],[-118.328685,33.856705],[-118.328691,33.856486],[-118.328685,33.854891],[-118.328689,33.854607],[-118.328706,33.853439],[-118.328696,33.85279],[-118.328692,33.852553],[-118.328683,33.851948],[-118.328687,33.850361],[-118.328695,33.848702],[-118.328682,33.847274],[-118.328678,33.846947],[-118.328677,33.846816],[-118.328746,33.846831],[-118.328827,33.846847],[-118.328828,33.846925],[-118.329157,33.846977],[-118.329411,33.84701],[-118.329732,33.847036],[-118.329968,33.847042],[-118.330235,33.84705],[-118.33148,33.847023],[-118.331446,33.847277],[-118.336606,33.847284],[-118.337279,33.847374],[-118.338031,33.847587],[-118.338308,33.847802],[-118.339123,33.848401],[-118.340052,33.849096],[-118.341984,33.850563],[-118.342621,33.851038],[-118.344458,33.852407],[-118.34427,33.852691]]]}},{"type":"Feature","properties":{"id":"us-arealm-1101206440515","name":"Sequoyah Nuclear Plant (Tva)","zone_type":"industrial_park","site_class":"industrial_landuse","coastal_inland_label":"inland","state_fips":"47","mtfcc":"K2362","aland":1558475,"awater":0},"geometry":{"type":"Polygon","coordinates":[[[-85.099301,35.226899],[-85.098895,35.227545],[-85.097862,35.229191],[-85.097552,35.229677],[-85.097159,35.230295],[-85.097097,35.230384],[-85.097077,35.23041],[-85.097017,35.230491],[-85.096998,35.230518],[-85.096718,35.230992],[-85.096665,35.23107],[-85.09653,35.231275],[-85.09569,35.232639],[-85.095651,35.232717],[-85.095544,35.232936],[-85.095498,35.233146],[-85.095492,35.233333],[-85.095279,35.233321],[-85.094921,35.233302],[-85.09464,35.233299],[-85.094428,35.233297],[-85.094211,35.233231],[-85.093982,35.233232],[-85.092614,35.233239],[-85.092159,35.233242],[-85.092074,35.233242],[-85.091921,35.233244],[-85.091823,35.233269],[-85.091742,35.233291],[-85.091589,35.233326],[-85.091573,35.233324],[-85.091487,35.233323],[-85.089931,35.234652],[-85.089608,35.234697],[-85.089364,35.2345],[-85.088934,35.234611],[-85.088611,35.234811],[-85.087887,35.234812],[-85.087589,35.234481],[-85.087695,35.23393],[-85.088933,35.233927],[-85.089014,35.233771],[-85.088662,35.233485],[-85.08877,35.233265],[-85.088446,35.233134],[-85.088473,35.233],[-85.089037,35.232823],[-85.089064,35.232625],[-85.089414,35.232557],[-85.08952,35.232469],[-85.089465,35.232137],[-85.089815,35.231783],[-85.089868,35.231628],[-85.089464,35.23163],[-85.088793,35.231873],[-85.088337,35.232274],[-85.087852,35.232495],[-85.087773,35.232804],[-85.087585,35.232959],[-85.087397,35.232981],[-85.087342,35.232695],[-85.086696,35.2321],[-85.08672,35.23146],[-85.086587,35.231328],[-85.086558,35.231086],[-85.087795,35.231081],[-85.088253,35.231236],[-85.089786,35.231144],[-85.090351,35.231185],[-85.090432,35.231119],[-85.090081,35.230833],[-85.090188,35.230634],[-85.090565,35.230544],[-85.09086,35.230345],[-85.090993,35.229926],[-85.090832,35.229904],[-85.090349,35.230061],[-85.090294,35.229995],[-85.090642,35.229574],[-85.09032,35.229442],[-85.08981,35.22973],[-85.089406,35.229819],[-85.088705,35.229446],[-85.088678,35.229314],[-85.088945,35.228585],[-85.088702,35.228189],[-85.088646,35.227791],[-85.088539,35.227725],[-85.087707,35.228301],[-85.087626,35.228478],[-85.08709,35.228921],[-85.086526,35.229143],[-85.085827,35.229254],[-85.085612,35.229101],[-85.085475,35.228659],[-85.085124,35.227998],[-85.085095,35.227293],[-85.084851,35.226543],[-85.084849,35.226145],[-85.085119,35.225902],[-85.085118,35.225704],[-85.084955,35.225482],[-85.0849,35.224844],[-85.08514,35.223982],[-85.086076,35.222214],[-85.087692,35.220286],[-85.087819,35.220135],[-85.088141,35.219957],[-85.088949,35.219866],[-85.089647,35.21949],[-85.090157,35.2194],[-85.09075,35.219862],[-85.090806,35.220304],[-85.090914,35.220479],[-85.090889,35.221053],[-85.090722,35.221203],[-85.090776,35.221708],[-85.090809,35.221725],[-85.090964,35.221708],[-85.091318,35.22167],[-85.091318,35.221571],[-85.091794,35.221494],[-85.092021,35.221428],[-85.092423,35.221191],[-85.092631,35.221109],[-85.092871,35.221103],[-85.092892,35.221103],[-85.093561,35.221229],[-85.093626,35.221242],[-85.093692,35.221254],[-85.093728,35.22126],[-85.093742,35.221263],[-85.093724,35.221197],[-85.093705,35.221127],[-85.093675,35.221015],[-85.093628,35.220922],[-85.093579,35.220795],[-85.093519,35.220637],[-85.093286,35.220208],[-85.092893,35.219815],[-85.092942,35.219456],[-85.0928,35.219201],[-85.092508,35.21895],[-85.092373,35.218661],[-85.092452,35.218152],[-85.0922,35.217909],[-85.092229,35.217683],[-85.09224,35.217601],[-85.092373,35.217469],[-85.092449,35.217081],[-85.092331,35.216813],[-85.091889,35.216778],[-85.091919,35.216626],[-85.092373,35.216502],[-85.092393,35.21651],[-85.09253,35.216538],[-85.093365,35.216196],[-85.093566,35.216097],[-85.093707,35.21607],[-85.093834,35.216191],[-85.093981,35.216455],[-85.094008,35.216542],[-85.094008,35.21696],[-85.094076,35.217108],[-85.094156,35.217141],[-85.094209,35.21713],[-85.094317,35.217037],[-85.09437,35.216965],[-85.094437,35.216921],[-85.094598,35.216916],[-85.095113,35.216784],[-85.095481,35.216789],[-85.095708,35.216847],[-85.09593,35.216905],[-85.096519,35.216948],[-85.096694,35.216992],[-85.096801,35.217075],[-85.096995,35.217355],[-85.097022,35.217432],[-85.097075,35.217498],[-85.097323,35.217613],[-85.097343,35.217734],[-85.09725,35.217877],[-85.097256,35.218009],[-85.097283,35.218036],[-85.097477,35.218097],[-85.097585,35.21819],[-85.097625,35.218278],[-85.097638,35.218421],[-85.097739,35.218761],[-85.097759,35.218981],[-85.097739,35.219064],[-85.097692,35.219141],[-85.097565,35.219234],[-85.097424,35.219273],[-85.097364,35.219316],[-85.097357,35.219382],[-85.097391,35.219437],[-85.097525,35.219553],[-85.097692,35.219619],[-85.097813,35.219718],[-85.097813,35.219811],[-85.097759,35.219904],[-85.097625,35.22002],[-85.097625,35.220102],[-85.097753,35.220223],[-85.097753,35.220311],[-85.097646,35.220426],[-85.097545,35.220465],[-85.097277,35.220481],[-85.097197,35.220509],[-85.09713,35.220564],[-85.097103,35.220608],[-85.097103,35.220745],[-85.097164,35.220905],[-85.09717,35.22113],[-85.09711,35.221234],[-85.097057,35.221278],[-85.096963,35.221311],[-85.096842,35.221317],[-85.096635,35.221245],[-85.096608,35.221262],[-85.096608,35.221328],[-85.096668,35.221454],[-85.096702,35.221784],[-85.096756,35.221833],[-85.097003,35.221916],[-85.097064,35.221982],[-85.097077,35.222135],[-85.09705,35.222212],[-85.096816,35.222427],[-85.096548,35.222542],[-85.096026,35.222696],[-85.095939,35.22274],[-85.095939,35.222806],[-85.096066,35.222833],[-85.096294,35.222965],[-85.096327,35.22302],[-85.096334,35.22324],[-85.096301,35.223322],[-85.096294,35.223427],[-85.096361,35.223487],[-85.096435,35.223498],[-85.096515,35.223465],[-85.096609,35.223383],[-85.09689,35.223064],[-85.096997,35.222965],[-85.097118,35.222905],[-85.097231,35.222905],[-85.097479,35.223047],[-85.097586,35.223135],[-85.097586,35.223224],[-85.097586,35.223251],[-85.097519,35.223328],[-85.097345,35.223432],[-85.097319,35.223548],[-85.097352,35.223641],[-85.097513,35.223839],[-85.097567,35.223938],[-85.097567,35.224124],[-85.097547,35.224179],[-85.097346,35.224361],[-85.097138,35.22446],[-85.097085,35.224498],[-85.097085,35.224581],[-85.097185,35.224822],[-85.097226,35.224866],[-85.097225,35.224976],[-85.096944,35.22518],[-85.096998,35.225388],[-85.097427,35.22541],[-85.09748,35.225432],[-85.097567,35.225553],[-85.097654,35.226037],[-85.097655,35.226273],[-85.097655,35.226328],[-85.097534,35.226509],[-85.097427,35.226548],[-85.097199,35.226575],[-85.097065,35.226553],[-85.097005,35.226619],[-85.096978,35.226779],[-85.09691,35.226934],[-85.096791,35.227207],[-85.096651,35.227685],[-85.096738,35.228301],[-85.096812,35.228592],[-85.096838,35.228603],[-85.096845,35.228625],[-85.096946,35.228625],[-85.09706,35.228542],[-85.097133,35.228421],[-85.09716,35.228147],[-85.097233,35.228004],[-85.0973,35.227932],[-85.097602,35.227822],[-85.097709,35.227751],[-85.097796,35.227658],[-85.097849,35.227449],[-85.097867,35.227413],[-85.097943,35.227273],[-85.09813,35.227141],[-85.098164,35.22708],[-85.09817,35.226723],[-85.098284,35.226602],[-85.098467,35.226546],[-85.098643,35.226604],[-85.099171,35.226778],[-85.099347,35.226837],[-85.099301,35.226899]]]}},{"type":"Feature","properties":{"id":"us-arealm-110167290538","name":"Sandia National Laboratories","zone_type":"industrial_park","site_class":"industrial_landuse","coastal_inland_label":"inland","state_fips":"06","mtfcc":"K2362","aland":1543315,"awater":0},"geometry":{"type":"Polygon","coordinates":[[[-121.713922,37.671244],[-121.713922,37.671393],[-121.713922,37.672271],[-121.713921,37.673356],[-121.71392,37.673782],[-121.713917,37.678318],[-121.713916,37.679754],[-121.713916,37.67983],[-121.711785,37.67982],[-121.711662,37.679819],[-121.708917,37.67981],[-121.705637,37.6798],[-121.705581,37.6798],[-121.702823,37.679792],[-121.698351,37.679779],[-121.698351,37.679732],[-121.698353,37.679077],[-121.698363,37.676972],[-121.698367,37.67633],[-121.698367,37.676271],[-121.698366,37.676208],[-121.698344,37.674964],[-121.698278,37.671043],[-121.698256,37.669737],[-121.698251,37.669579],[-121.698249,37.66949],[-121.698631,37.669505],[-121.698789,37.669512],[-121.700935,37.669571],[-121.701204,37.669578],[-121.701235,37.669579],[-121.702238,37.669607],[-121.705686,37.669702],[-121.706879,37.669734],[-121.707211,37.669743],[-121.707376,37.669747],[-121.709523,37.669807],[-121.71002,37.669805],[-121.711514,37.669802],[-121.712012,37.669801],[-121.712889,37.669795],[-121.713431,37.669792],[-121.713923,37.669796],[-121.713922,37.671244]]]}},{"type":"Feature","properties":{"id":"us-arealm-1102617813618","name":"Fayette Indl Park","zone_type":"industrial_park","site_class":"industrial_landuse","coastal_inland_label":"inland","state_fips":"42","mtfcc":"K2362","aland":1502556,"awater":95},"geometry":{"type":"Polygon","coordinates":[[[-79.783169,39.804152],[-79.783122,39.804938],[-79.783111,39.805107],[-79.783004,39.806008],[-79.782876,39.806888],[-79.782679,39.807949],[-79.782589,39.808509],[-79.782482,39.809189],[-79.782335,39.809954],[-79.782304,39.81011],[-79.782096,39.810791],[-79.781848,39.811501],[-79.781812,39.811582],[-79.78151,39.812282],[-79.7814,39.812503],[-79.780982,39.813314],[-79.780584,39.813985],[-79.780136,39.814666],[-79.779528,39.815458],[-79.779117,39.815925],[-79.778939,39.816129],[-79.77873,39.81636],[-79.77859,39.81641],[-79.77844,39.8165],[-79.77823,39.81665],[-79.77793,39.81688],[-79.77754,39.81714],[-79.777209,39.817347],[-79.77714,39.81739],[-79.77671,39.81763],[-79.77589,39.81802],[-79.77575,39.81812],[-79.77561,39.81827],[-79.77554,39.81837],[-79.774798,39.818142],[-79.77443,39.81803],[-79.773871,39.81785],[-79.7734,39.8177],[-79.7731,39.81757],[-79.77262,39.81732],[-79.772296,39.817088],[-79.7722,39.81702],[-79.77188,39.81675],[-79.77184,39.81672],[-79.77151,39.81635],[-79.77128,39.816],[-79.77113,39.81563],[-79.770949,39.815025],[-79.77081,39.81456],[-79.77065,39.81404],[-79.770542,39.813661],[-79.77036,39.81302],[-79.77026,39.81263],[-79.7702,39.81244],[-79.76977,39.8116],[-79.769491,39.811067],[-79.76933,39.81076],[-79.76905,39.81024],[-79.769023,39.810185],[-79.768942,39.810019],[-79.768916,39.809965],[-79.768874,39.80988],[-79.76884,39.80981],[-79.768731,39.809636],[-79.768682,39.809557],[-79.768611,39.809442],[-79.76856,39.80936],[-79.768363,39.809125],[-79.7683,39.80905],[-79.76828,39.80902],[-79.77077,39.807622],[-79.77131,39.80732],[-79.77229,39.80674],[-79.773,39.80626],[-79.77355,39.80576],[-79.77387,39.8054],[-79.7749,39.80415],[-79.77517,39.80386],[-79.77546,39.80361],[-79.77571,39.80343],[-79.77636,39.80312],[-79.77732,39.8027],[-79.777554,39.8026],[-79.77845,39.80222],[-79.78019,39.8015],[-79.78031,39.80145],[-79.780728,39.80132],[-79.78099,39.80124],[-79.782387,39.800931],[-79.78244,39.80092],[-79.782856,39.80082],[-79.782883,39.800944],[-79.782961,39.80132],[-79.782989,39.801446],[-79.783004,39.801522],[-79.783023,39.801693],[-79.783099,39.802346],[-79.783107,39.802438],[-79.783132,39.802687],[-79.783166,39.803137],[-79.783178,39.804007],[-79.783169,39.804152]]]}},{"type":"Feature","properties":{"id":"us-arealm-110373150503","name":"International Center Indl Park","zone_type":"industrial_park","site_class":"industrial_landuse","coastal_inland_label":"inland","state_fips":"17","mtfcc":"K2362","aland":1436080,"awater":4051},"geometry":{"type":"Polygon","coordinates":[[[-88.02948,41.701553],[-88.028698,41.701399],[-88.027944,41.701251],[-88.027992,41.701623],[-88.02746,41.701692],[-88.026874,41.701862],[-88.02646,41.702011],[-88.026066,41.702253],[-88.0258,41.702471],[-88.025543,41.702361],[-88.025387,41.702523],[-88.025638,41.702822],[-88.025573,41.703027],[-88.025611,41.703583],[-88.025589,41.703786],[-88.025756,41.704354],[-88.025706,41.704591],[-88.02555,41.704864],[-88.025414,41.705081],[-88.025333,41.70523],[-88.02524,41.705392],[-88.025184,41.705479],[-88.025044,41.705623],[-88.024948,41.705808],[-88.024861,41.705988],[-88.024916,41.706113],[-88.024855,41.706168],[-88.024694,41.70628],[-88.024544,41.706329],[-88.02434,41.706336],[-88.024066,41.706261],[-88.023958,41.706168],[-88.023827,41.705975],[-88.023588,41.705659],[-88.023458,41.70569],[-88.023134,41.70578],[-88.023113,41.705746],[-88.022797,41.705243],[-88.022358,41.704583],[-88.021454,41.703307],[-88.021024,41.7027],[-88.020508,41.70194],[-88.020259,41.701944],[-88.020229,41.701945],[-88.017403,41.701995],[-88.017272,41.701997],[-88.017053,41.702001],[-88.01109,41.702104],[-88.011002,41.702106],[-88.010915,41.702107],[-88.006397,41.702185],[-88.006385,41.701768],[-88.006383,41.701721],[-88.006382,41.701687],[-88.006346,41.70047],[-88.006323,41.70029],[-88.00632,41.700165],[-88.006319,41.700148],[-88.006314,41.699961],[-88.006304,41.699616],[-88.006286,41.698989],[-88.006279,41.698739],[-88.006269,41.698371],[-88.006261,41.698067],[-88.006255,41.697861],[-88.006222,41.696687],[-88.006216,41.696472],[-88.006213,41.696357],[-88.007551,41.696334],[-88.007904,41.696342],[-88.008055,41.696342],[-88.0092,41.696322],[-88.009646,41.696309],[-88.010049,41.696281],[-88.010415,41.696376],[-88.011265,41.696362],[-88.011497,41.696366],[-88.011728,41.696375],[-88.011959,41.696391],[-88.012272,41.696422],[-88.013124,41.696537],[-88.013371,41.696576],[-88.013596,41.696612],[-88.014825,41.696792],[-88.015045,41.696816],[-88.015252,41.696831],[-88.015552,41.696839],[-88.015707,41.696838],[-88.016005,41.696823],[-88.016152,41.69681],[-88.016515,41.696765],[-88.017416,41.696574],[-88.017592,41.69654],[-88.017833,41.696503],[-88.018007,41.696483],[-88.01876,41.69636],[-88.019118,41.69639],[-88.020069,41.696502],[-88.020124,41.696512],[-88.020777,41.696586],[-88.02113,41.696619],[-88.021417,41.696633],[-88.021704,41.696635],[-88.021991,41.696625],[-88.02228,41.696604],[-88.022447,41.696586],[-88.022803,41.696534],[-88.022975,41.696502],[-88.023304,41.696427],[-88.02362,41.696338],[-88.023955,41.696225],[-88.024227,41.696116],[-88.024487,41.695997],[-88.02475,41.69586],[-88.025049,41.695679],[-88.025308,41.695511],[-88.02526,41.69503],[-88.025894,41.694995],[-88.026086,41.694782],[-88.026182,41.694663],[-88.026276,41.694537],[-88.026405,41.694342],[-88.026517,41.69415],[-88.02704,41.693092],[-88.027122,41.692939],[-88.027195,41.692817],[-88.027316,41.692637],[-88.027454,41.692457],[-88.027598,41.692293],[-88.02776,41.692129],[-88.028318,41.691712],[-88.028691,41.691462],[-88.029119,41.691302],[-88.029166,41.691283],[-88.029168,41.691487],[-88.0292,41.692513],[-88.029285,41.695259],[-88.029293,41.695548],[-88.029368,41.697912],[-88.029414,41.699379],[-88.029422,41.699658],[-88.029427,41.699793],[-88.029427,41.699811],[-88.029442,41.700313],[-88.02947,41.701309],[-88.02948,41.701553]]]}},{"type":"Feature","properties":{"id":"us-arealm-110468262306","name":"Quonset Davisville Port and Commerce","zone_type":"industrial_park","site_class":"industrial_landuse","coastal_inland_label":"inland","state_fips":"44","mtfcc":"K2362","aland":1420449,"awater":8074},"geometry":{"type":"Polygon","coordinates":[[[-71.480058,41.60314],[-71.479607,41.604035],[-71.478458,41.606293],[-71.478177,41.606854],[-71.477952,41.607304],[-71.47709,41.609025],[-71.476984,41.609239],[-71.476204,41.610751],[-71.475793,41.611548],[-71.475552,41.612031],[-71.475494,41.612074],[-71.475022,41.612385],[-71.474439,41.612604],[-71.474423,41.61261],[-71.47427,41.612655],[-71.474245,41.612662],[-71.474194,41.612678],[-71.47407,41.612692],[-71.473938,41.612694],[-71.473923,41.612522],[-71.473907,41.612427],[-71.473862,41.612247],[-71.473793,41.612083],[-71.473694,41.611813],[-71.473564,41.611519],[-71.473488,41.611362],[-71.473343,41.611092],[-71.47319,41.610874],[-71.473053,41.610722],[-71.472984,41.610653],[-71.472923,41.6106],[-71.472893,41.61058],[-71.472855,41.610546],[-71.472786,41.610497],[-71.472694,41.610439],[-71.472504,41.610336],[-71.472282,41.610229],[-71.47197,41.610096],[-71.471863,41.610058],[-71.471535,41.609921],[-71.471291,41.609818],[-71.470963,41.609686],[-71.470606,41.609542],[-71.470247,41.6094],[-71.469429,41.609077],[-71.46891,41.608879],[-71.468498,41.60873],[-71.468155,41.608616],[-71.467659,41.608467],[-71.467316,41.608372],[-71.466858,41.608261],[-71.466525,41.60819],[-71.466232,41.608131],[-71.465526,41.608014],[-71.465225,41.607964],[-71.464607,41.607849],[-71.464485,41.607822],[-71.464363,41.6078],[-71.464325,41.607792],[-71.464119,41.607746],[-71.463783,41.607658],[-71.463585,41.607594],[-71.463203,41.607452],[-71.463019,41.607378],[-71.462967,41.607357],[-71.462631,41.607235],[-71.462463,41.607166],[-71.461716,41.606865],[-71.461472,41.606773],[-71.460739,41.606499],[-71.460274,41.606331],[-71.459358,41.606007],[-71.45929,41.605984],[-71.458664,41.605759],[-71.457962,41.605499],[-71.457619,41.605362],[-71.457289,41.605215],[-71.457299,41.605154],[-71.457017,41.605082],[-71.456802,41.604977],[-71.456535,41.604828],[-71.456429,41.604759],[-71.456406,41.604748],[-71.456375,41.604725],[-71.456169,41.604584],[-71.455787,41.604371],[-71.455196,41.604036],[-71.455242,41.603719],[-71.455246,41.603693],[-71.455282,41.603648],[-71.455508,41.603371],[-71.455685,41.603177],[-71.455539,41.603059],[-71.454643,41.602928],[-71.45448,41.602904],[-71.45451,41.602559],[-71.454548,41.602569],[-71.454601,41.602588],[-71.454669,41.602612],[-71.455344,41.602856],[-71.45665,41.603294],[-71.456887,41.603372],[-71.456933,41.603302],[-71.456963,41.603289],[-71.457011,41.603267],[-71.457063,41.603245],[-71.457132,41.603203],[-71.457189,41.60316],[-71.457243,41.603105],[-71.457288,41.60305],[-71.457392,41.602943],[-71.457434,41.602906],[-71.458147,41.600277],[-71.459143,41.600137],[-71.464043,41.599667],[-71.463616,41.600675],[-71.460754,41.601693],[-71.461114,41.603206],[-71.462252,41.603469],[-71.463059,41.60365],[-71.463867,41.603814],[-71.465392,41.604189],[-71.466319,41.60432],[-71.466884,41.604011],[-71.467021,41.603765],[-71.466683,41.600377],[-71.465765,41.600483],[-71.465654,41.600085],[-71.466202,41.599926],[-71.467054,41.599848],[-71.467786,41.599823],[-71.468167,41.599805],[-71.468385,41.599785],[-71.468866,41.599767],[-71.469224,41.59979],[-71.469554,41.599861],[-71.470019,41.599942],[-71.470498,41.600058],[-71.470782,41.600122],[-71.47111,41.600148],[-71.471213,41.600336],[-71.471371,41.600695],[-71.47248,41.602634],[-71.473635,41.602347],[-71.473853,41.602176],[-71.474241,41.602333],[-71.474949,41.602281],[-71.475332,41.60219],[-71.476294,41.602014],[-71.476951,41.601877],[-71.477622,41.601801],[-71.478339,41.601725],[-71.478934,41.601709],[-71.479438,41.601717],[-71.479703,41.602101],[-71.480042,41.603094],[-71.480058,41.60314]]]}},{"type":"Feature","properties":{"id":"us-arealm-110343119478","name":"Caterpillar Manufacturing","zone_type":"industrial_park","site_class":"industrial_landuse","coastal_inland_label":"inland","state_fips":"17","mtfcc":"K2362","aland":1385462,"awater":0},"geometry":{"type":"Polygon","coordinates":[[[-88.371192,41.718539],[-88.37114,41.71854],[-88.3709,41.71855],[-88.37076,41.71855],[-88.370452,41.718556],[-88.369791,41.718569],[-88.368637,41.718591],[-88.3661,41.71864],[-88.36603,41.71864],[-88.36586,41.71864],[-88.365176,41.718654],[-88.364023,41.71868],[-88.363709,41.718686],[-88.36311,41.7187],[-88.36277,41.718703],[-88.362457,41.718706],[-88.36206,41.71871],[-88.36147,41.71872],[-88.36134,41.71873],[-88.361033,41.718734],[-88.35933,41.71876],[-88.356763,41.718806],[-88.35657,41.71881],[-88.35534,41.71883],[-88.355165,41.718843],[-88.355293,41.718319],[-88.355328,41.717767],[-88.355335,41.717462],[-88.3554,41.71622],[-88.355699,41.715843],[-88.35621,41.7152],[-88.356905,41.714297],[-88.35816,41.71267],[-88.36082,41.70931],[-88.361498,41.708593],[-88.36171,41.70837],[-88.36249,41.70761],[-88.363253,41.706896],[-88.363557,41.706897],[-88.364771,41.706901],[-88.369327,41.706919],[-88.370846,41.706925],[-88.37087,41.70702],[-88.371171,41.717361],[-88.371192,41.718539]]]}},{"type":"Feature","properties":{"id":"us-arealm-110372723796","name":"Hanover Estates Indl Park","zone_type":"industrial_park","site_class":"industrial_landuse","coastal_inland_label":"inland","state_fips":"42","mtfcc":"K2362","aland":1337656,"awater":0},"geometry":{"type":"Polygon","coordinates":[[[-75.953295,41.195345],[-75.952967,41.195506],[-75.952881,41.195548],[-75.95164,41.196158],[-75.951227,41.196362],[-75.951074,41.196875],[-75.951054,41.196943],[-75.951749,41.198313],[-75.951992,41.198791],[-75.951531,41.198951],[-75.951062,41.199175],[-75.950691,41.199353],[-75.950428,41.199437],[-75.949682,41.199679],[-75.949888,41.199942],[-75.948846,41.200449],[-75.947938,41.200851],[-75.946896,41.201217],[-75.946225,41.201447],[-75.945618,41.201689],[-75.945665,41.201842],[-75.94581,41.202317],[-75.945926,41.202683],[-75.94462,41.202937],[-75.944306,41.202996],[-75.944024,41.203038],[-75.943688,41.203077],[-75.943357,41.203103],[-75.943006,41.203114],[-75.940803,41.203143],[-75.940642,41.203147],[-75.939313,41.203181],[-75.936838,41.203173],[-75.935303,41.203169],[-75.934735,41.203152],[-75.934243,41.203123],[-75.933774,41.203079],[-75.933312,41.203019],[-75.932905,41.202953],[-75.932497,41.202873],[-75.932001,41.202756],[-75.931533,41.202626],[-75.930567,41.202326],[-75.929561,41.202005],[-75.92829,41.201599],[-75.928012,41.20151],[-75.927358,41.201302],[-75.927168,41.201242],[-75.927134,41.20123],[-75.927069,41.201209],[-75.926742,41.201104],[-75.92597,41.200859],[-75.925436,41.200688],[-75.924994,41.200548],[-75.924914,41.200522],[-75.924677,41.200446],[-75.924598,41.200421],[-75.92464,41.200356],[-75.924786,41.200132],[-75.925652,41.199876],[-75.926626,41.199736],[-75.926771,41.199755],[-75.927866,41.199909],[-75.931724,41.199228],[-75.933801,41.198862],[-75.934282,41.198777],[-75.934422,41.198752],[-75.936424,41.1984],[-75.93663,41.198332],[-75.937248,41.198131],[-75.937455,41.198064],[-75.937314,41.197819],[-75.937244,41.197698],[-75.938614,41.197071],[-75.939915,41.196475],[-75.941216,41.195906],[-75.943055,41.195102],[-75.942947,41.194826],[-75.943682,41.194559],[-75.945543,41.193884],[-75.945668,41.193853],[-75.946636,41.193611],[-75.949915,41.192793],[-75.951009,41.192521],[-75.951036,41.192549],[-75.951117,41.192636],[-75.951145,41.192665],[-75.951422,41.193055],[-75.95171,41.193461],[-75.952234,41.194211],[-75.952247,41.19423],[-75.952415,41.19447],[-75.952522,41.194623],[-75.952434,41.194657],[-75.952174,41.194759],[-75.952087,41.194794],[-75.952288,41.195051],[-75.952449,41.195257],[-75.95306,41.195029],[-75.953102,41.195081],[-75.953212,41.195217],[-75.953295,41.195345]]]}},{"type":"Feature","properties":{"id":"us-arealm-11074867353","name":"Crosspoint Commercial Park","zone_type":"industrial_park","site_class":"industrial_landuse","coastal_inland_label":"inland","state_fips":"18","mtfcc":"K2362","aland":1303095,"awater":6480},"geometry":{"type":"Polygon","coordinates":[[[-86.035882,39.927534],[-86.033925,39.930755],[-86.033067,39.931985],[-86.032998,39.932063],[-86.032314,39.932987],[-86.030995,39.934865],[-86.026261,39.941737],[-86.024825,39.943999],[-86.024308,39.944927],[-86.021746,39.948596],[-86.016004,39.94909],[-86.015976,39.948758],[-86.015924,39.948274],[-86.015812,39.948032],[-86.015555,39.947804],[-86.015292,39.947549],[-86.01516,39.947487],[-86.01927,39.941857],[-86.025795,39.933301],[-86.027628,39.930776],[-86.027932,39.930356],[-86.029362,39.929782],[-86.029956,39.929323],[-86.031204,39.928286],[-86.03173,39.927354],[-86.032985,39.927371],[-86.034956,39.927399],[-86.035278,39.92742],[-86.035882,39.927534]]]}},{"type":"Feature","properties":{"id":"us-arealm-110380385772","name":"United Parcel Service","zone_type":"industrial_park","site_class":"industrial_landuse","coastal_inland_label":"inland","state_fips":"17","mtfcc":"K2362","aland":1283105,"awater":0},"geometry":{"type":"Polygon","coordinates":[[[-87.88662,41.753406],[-87.884719,41.753445],[-87.884671,41.753446],[-87.880898,41.753518],[-87.880755,41.753527],[-87.880397,41.753572],[-87.880287,41.753581],[-87.879631,41.753592],[-87.879021,41.753602],[-87.878825,41.753606],[-87.87843,41.753608],[-87.878136,41.753619],[-87.87806,41.75362],[-87.877392,41.753636],[-87.877277,41.753638],[-87.877121,41.753642],[-87.876013,41.753664],[-87.874487,41.753696],[-87.87427,41.7537],[-87.873982,41.753686],[-87.873815,41.753664],[-87.873661,41.753631],[-87.873451,41.753566],[-87.873269,41.753493],[-87.872771,41.753259],[-87.872727,41.753238],[-87.872382,41.753076],[-87.872178,41.752968],[-87.871984,41.752872],[-87.871802,41.752799],[-87.87177,41.752789],[-87.871682,41.75276],[-87.871512,41.752704],[-87.871417,41.752682],[-87.871345,41.752666],[-87.871328,41.752662],[-87.871029,41.752588],[-87.870919,41.752553],[-87.870816,41.752521],[-87.87077,41.752506],[-87.870569,41.752436],[-87.870102,41.752223],[-87.87003,41.752187],[-87.869752,41.752063],[-87.869367,41.751891],[-87.86931,41.751943],[-87.869174,41.752069],[-87.869143,41.752101],[-87.868911,41.752349],[-87.867207,41.75157],[-87.868524,41.750276],[-87.87164,41.747354],[-87.872521,41.74653],[-87.873062,41.746005],[-87.873465,41.745657],[-87.874294,41.74489],[-87.876077,41.743242],[-87.876796,41.74257],[-87.877605,41.741829],[-87.879797,41.739802],[-87.880269,41.739366],[-87.880281,41.739355],[-87.881495,41.739148],[-87.881389,41.739257],[-87.880297,41.740375],[-87.879228,41.74149],[-87.879167,41.741473],[-87.877814,41.743217],[-87.877457,41.743731],[-87.877657,41.743931],[-87.877957,41.744031],[-87.87788,41.744148],[-87.877138,41.745299],[-87.876891,41.745683],[-87.87659,41.746148],[-87.875957,41.747131],[-87.876418,41.747308],[-87.876936,41.747508],[-87.877099,41.747571],[-87.878557,41.748131],[-87.878801,41.747676],[-87.882006,41.741725],[-87.882897,41.740072],[-87.883075,41.739742],[-87.883152,41.73974],[-87.883307,41.739736],[-87.884006,41.73972],[-87.88424,41.739716],[-87.884228,41.739729],[-87.883986,41.740144],[-87.883949,41.740211],[-87.885372,41.740182],[-87.885873,41.740173],[-87.885879,41.740391],[-87.8859,41.741047],[-87.885907,41.741266],[-87.885936,41.742256],[-87.885997,41.74432],[-87.886023,41.745229],[-87.886053,41.746221],[-87.885705,41.746218],[-87.8856,41.746395],[-87.885525,41.746521],[-87.885569,41.746625],[-87.885089,41.747259],[-87.884846,41.747666],[-87.884794,41.748113],[-87.884766,41.748371],[-87.883175,41.750484],[-87.881524,41.753247],[-87.883834,41.75319],[-87.886608,41.753114],[-87.886609,41.753148],[-87.886614,41.753265],[-87.886615,41.753293],[-87.886618,41.753377],[-87.88662,41.753406]]]}},{"type":"Feature","properties":{"id":"us-arealm-11074867345","name":"Exit 5 Commercial Park","zone_type":"industrial_park","site_class":"industrial_landuse","coastal_inland_label":"inland","state_fips":"18","mtfcc":"K2362","aland":1185426,"awater":51925},"geometry":{"type":"Polygon","coordinates":[[[-86.013833,39.947294],[-86.013717,39.947787],[-86.013744,39.947953],[-86.013706,39.947963],[-86.013694,39.947969],[-86.01368,39.947995],[-86.013713,39.948064],[-86.013712,39.948083],[-86.013701,39.948299],[-86.012695,39.949467],[-86.009902,39.953155],[-86.00902,39.953716],[-86.007235,39.955155],[-86.006101,39.955402],[-86.006035,39.956347],[-86.005548,39.956386],[-86.005429,39.954545],[-86.004879,39.954362],[-86.004045,39.954243],[-86.003113,39.954241],[-86.003046,39.954068],[-86.002828,39.953507],[-86.00258,39.953471],[-85.999852,39.953544],[-85.999935,39.949478],[-86.000007,39.946214],[-86.001783,39.946225],[-86.005077,39.946279],[-86.00552,39.946255],[-86.005275,39.945887],[-86.005353,39.945742],[-86.005484,39.94554],[-86.005585,39.944824],[-86.00561,39.944724],[-86.005661,39.944543],[-86.005691,39.944399],[-86.00571,39.944281],[-86.005729,39.944024],[-86.005732,39.943785],[-86.005733,39.943726],[-86.005741,39.943634],[-86.005761,39.943547],[-86.005565,39.94306],[-86.005732,39.942258],[-86.005929,39.942195],[-86.006094,39.94191],[-86.007793,39.941886],[-86.010591,39.941846],[-86.012791,39.941849],[-86.013361,39.941688],[-86.01337,39.941962],[-86.013371,39.942738],[-86.0134,39.946782],[-86.013763,39.947223],[-86.013833,39.947294]]]}},{"type":"Feature","properties":{"id":"us-arealm-1101110616168","name":"Standard Oil Tank Frm","zone_type":"industrial_park","site_class":"industrial_landuse","coastal_inland_label":"inland","state_fips":"06","mtfcc":"K2362","aland":1155594,"awater":0},"geometry":{"type":"Polygon","coordinates":[[[-119.411727,35.226758],[-119.411699,35.229482],[-119.411615,35.230146],[-119.411615,35.230806],[-119.411615,35.231314],[-119.410638,35.231245],[-119.409941,35.231474],[-119.409271,35.231382],[-119.408016,35.231519],[-119.406761,35.230603],[-119.406175,35.230534],[-119.400735,35.230327],[-119.399843,35.230121],[-119.397763,35.230147],[-119.396272,35.230166],[-119.395324,35.229868],[-119.393928,35.229684],[-119.393811,35.226905],[-119.393923,35.224351],[-119.398071,35.224203],[-119.403566,35.224095],[-119.41131,35.223943],[-119.411784,35.224012],[-119.411727,35.226758]]]}},{"type":"Feature","properties":{"id":"us-arealm-11074867344","name":"Exit 5 Commercial Park","zone_type":"industrial_park","site_class":"industrial_landuse","coastal_inland_label":"inland","state_fips":"18","mtfcc":"K2362","aland":1137821,"awater":67197},"geometry":{"type":"Polygon","coordinates":[[[-86.006346,39.957909],[-86.005067,39.959572],[-86.00412,39.960236],[-86.002175,39.962423],[-86.002161,39.963707],[-86.001124,39.965135],[-86.000148,39.965726],[-85.999251,39.965832],[-85.997578,39.966332],[-85.996616,39.966407],[-85.995592,39.966421],[-85.995497,39.966404],[-85.99535,39.966392],[-85.995196,39.966394],[-85.994734,39.966431],[-85.994639,39.96641],[-85.994165,39.966401],[-85.994086,39.966402],[-85.993925,39.966402],[-85.993678,39.966483],[-85.993479,39.966836],[-85.992465,39.966921],[-85.989352,39.96731],[-85.989411,39.965929],[-85.989423,39.965032],[-85.989416,39.964414],[-85.98938,39.960792],[-85.989511,39.95741],[-85.991196,39.95738],[-85.993077,39.957347],[-85.994864,39.957315],[-86.00082,39.95716],[-86.002553,39.957319],[-86.004592,39.957323],[-86.006807,39.957329],[-86.006346,39.957909]]]}},{"type":"Feature","properties":{"id":"us-arealm-1101042398719","name":"Consolidated Edison Nuclear Generating Sta","zone_type":"industrial_park","site_class":"industrial_landuse","coastal_inland_label":"inland","state_fips":"36","mtfcc":"K2362","aland":1126554,"awater":9784},"geometry":{"type":"Polygon","coordinates":[[[-73.960206,41.26528],[-73.960097,41.265338],[-73.960076,41.265345],[-73.959988,41.265373],[-73.959847,41.265444],[-73.959754,41.265526],[-73.959707,41.265608],[-73.959661,41.265643],[-73.959629,41.265725],[-73.959396,41.265924],[-73.958835,41.266322],[-73.958493,41.266486],[-73.958321,41.266591],[-73.958228,41.266603],[-73.958119,41.266661],[-73.958057,41.26672],[-73.957932,41.266802],[-73.957122,41.267176],[-73.957029,41.26727],[-73.956748,41.267446],[-73.956702,41.267481],[-73.956639,41.267586],[-73.956655,41.267715],[-73.956702,41.267809],[-73.956702,41.267914],[-73.956671,41.267984],[-73.956499,41.268078],[-73.955939,41.268534],[-73.955425,41.269003],[-73.955067,41.269284],[-73.954833,41.269494],[-73.954817,41.2696],[-73.954537,41.269869],[-73.954506,41.269881],[-73.954459,41.269881],[-73.954397,41.269834],[-73.954368,41.269845],[-73.95435,41.269857],[-73.95435,41.269928],[-73.954335,41.269963],[-73.954288,41.269998],[-73.954085,41.270255],[-73.95407,41.270302],[-73.954194,41.270419],[-73.954194,41.270443],[-73.953649,41.270923],[-73.953603,41.270923],[-73.953447,41.270806],[-73.953244,41.270911],[-73.953198,41.270946],[-73.953198,41.27111],[-73.953151,41.271204],[-73.952886,41.271379],[-73.952653,41.271543],[-73.952217,41.271719],[-73.952061,41.271883],[-73.952014,41.271976],[-73.951952,41.272281],[-73.951905,41.27241],[-73.951734,41.272597],[-73.951438,41.272737],[-73.951298,41.272773],[-73.95122,41.272784],[-73.951127,41.272784],[-73.950971,41.272831],[-73.950877,41.27289],[-73.950613,41.273147],[-73.95047,41.273258],[-73.950017,41.273565],[-73.949916,41.273578],[-73.949604,41.273531],[-73.949502,41.273531],[-73.949381,41.273572],[-73.949347,41.273619],[-73.94932,41.273693],[-73.949313,41.273856],[-73.949272,41.273944],[-73.949225,41.274012],[-73.949161,41.274135],[-73.949093,41.274207],[-73.949083,41.274216],[-73.949066,41.274227],[-73.949054,41.274234],[-73.949041,41.274239],[-73.949025,41.274246],[-73.949012,41.274251],[-73.948999,41.274257],[-73.948981,41.274263],[-73.948966,41.274267],[-73.948945,41.274272],[-73.948932,41.274275],[-73.948909,41.274279],[-73.948892,41.274281],[-73.948875,41.274283],[-73.948862,41.274284],[-73.948849,41.274285],[-73.948821,41.274279],[-73.948791,41.274285],[-73.948774,41.274293],[-73.948759,41.274298],[-73.948736,41.274299],[-73.948723,41.274297],[-73.948707,41.274293],[-73.94868,41.274275],[-73.948662,41.274262],[-73.948647,41.274255],[-73.948627,41.274253],[-73.948576,41.274259],[-73.948539,41.27427],[-73.948516,41.274279],[-73.948488,41.27429],[-73.948446,41.274308],[-73.94841,41.274324],[-73.948349,41.274351],[-73.94828,41.274378],[-73.948257,41.274386],[-73.948245,41.27439],[-73.948208,41.2744],[-73.948147,41.274414],[-73.948114,41.274422],[-73.9481,41.274427],[-73.948089,41.274436],[-73.948085,41.274445],[-73.948043,41.274459],[-73.948025,41.274464],[-73.948006,41.274467],[-73.947992,41.27447],[-73.94798,41.274471],[-73.947965,41.274475],[-73.947952,41.274479],[-73.947934,41.274484],[-73.947915,41.274489],[-73.947899,41.274492],[-73.947887,41.274494],[-73.947868,41.274495],[-73.947842,41.274496],[-73.947828,41.274496],[-73.947815,41.274496],[-73.947801,41.274495],[-73.947784,41.274493],[-73.947766,41.27449],[-73.94775,41.274488],[-73.947726,41.274489],[-73.947711,41.27449],[-73.947696,41.274492],[-73.947673,41.274494],[-73.947656,41.274496],[-73.947583,41.274509],[-73.947563,41.274513],[-73.947549,41.274516],[-73.947533,41.27452],[-73.947511,41.274526],[-73.947486,41.274532],[-73.947447,41.274542],[-73.947434,41.274545],[-73.947405,41.274551],[-73.947391,41.274556],[-73.947379,41.274565],[-73.94737,41.274578],[-73.947362,41.274585],[-73.947346,41.274595],[-73.947335,41.274601],[-73.947325,41.274608],[-73.947314,41.274616],[-73.947302,41.274627],[-73.947293,41.274638],[-73.947278,41.274655],[-73.947271,41.274663],[-73.94726,41.274674],[-73.947251,41.274682],[-73.947238,41.274693],[-73.94723,41.274701],[-73.94722,41.274711],[-73.947213,41.274719],[-73.9472,41.274732],[-73.947191,41.274743],[-73.947173,41.274765],[-73.947162,41.274779],[-73.947155,41.274787],[-73.947144,41.274794],[-73.947133,41.274802],[-73.94712,41.27481],[-73.94711,41.274815],[-73.9471,41.27482],[-73.947082,41.274826],[-73.947071,41.274837],[-73.94699,41.274871],[-73.946915,41.274858],[-73.946881,41.274844],[-73.946864,41.274845],[-73.946836,41.274842],[-73.946812,41.274827],[-73.946803,41.27482],[-73.946793,41.274813],[-73.946778,41.274809],[-73.946763,41.27481],[-73.946745,41.274815],[-73.94673,41.274818],[-73.946713,41.274822],[-73.946701,41.274826],[-73.94667,41.274831],[-73.946641,41.274834],[-73.946611,41.274836],[-73.946592,41.274835],[-73.946579,41.274831],[-73.946564,41.274823],[-73.946549,41.274813],[-73.946539,41.274804],[-73.946528,41.274794],[-73.946514,41.274762],[-73.946507,41.274743],[-73.946502,41.274734],[-73.946493,41.27472],[-73.946488,41.274711],[-73.946477,41.274692],[-73.94647,41.274681],[-73.946459,41.27467],[-73.946451,41.274663],[-73.946439,41.274653],[-73.94643,41.274646],[-73.946417,41.274637],[-73.946402,41.274626],[-73.946391,41.274617],[-73.946375,41.274605],[-73.946366,41.274598],[-73.946357,41.274591],[-73.946345,41.274582],[-73.946336,41.274575],[-73.946325,41.274567],[-73.946309,41.274558],[-73.946295,41.274552],[-73.94627,41.27454],[-73.946242,41.274529],[-73.946228,41.274525],[-73.946206,41.274521],[-73.946178,41.274521],[-73.94616,41.27452],[-73.946147,41.274521],[-73.946113,41.274523],[-73.946092,41.274524],[-73.946075,41.274526],[-73.946048,41.27456],[-73.945974,41.274614],[-73.945859,41.274614],[-73.945809,41.274564],[-73.945797,41.274563],[-73.945783,41.274562],[-73.94577,41.27456],[-73.945745,41.274553],[-73.945729,41.274549],[-73.945714,41.274547],[-73.945694,41.274545],[-73.945666,41.274542],[-73.945641,41.274541],[-73.945629,41.274541],[-73.945605,41.274541],[-73.945579,41.27454],[-73.945547,41.274533],[-73.945518,41.274526],[-73.945489,41.274518],[-73.945455,41.274506],[-73.945441,41.2745],[-73.945425,41.274493],[-73.945411,41.274487],[-73.945391,41.274478],[-73.945365,41.274469],[-73.945338,41.274457],[-73.945315,41.274445],[-73.945292,41.274432],[-73.945283,41.274425],[-73.945274,41.274415],[-73.94527,41.274403],[-73.945264,41.274363],[-73.945209,41.27434],[-73.945195,41.274332],[-73.945184,41.274322],[-73.945178,41.274314],[-73.945167,41.274291],[-73.945155,41.274279],[-73.945129,41.274264],[-73.945099,41.274247],[-73.945088,41.274238],[-73.945077,41.274228],[-73.945069,41.274215],[-73.944968,41.274194],[-73.944907,41.27413],[-73.944907,41.274101],[-73.94489,41.274091],[-73.944882,41.274081],[-73.944873,41.274072],[-73.944851,41.274063],[-73.944837,41.27406],[-73.944812,41.274056],[-73.944787,41.274055],[-73.944774,41.274054],[-73.94476,41.274053],[-73.944714,41.274048],[-73.944707,41.274033],[-73.944706,41.274024],[-73.944707,41.274013],[-73.944712,41.273995],[-73.944677,41.273985],[-73.944609,41.273944],[-73.944555,41.273876],[-73.944534,41.273812],[-73.944521,41.273176],[-73.944473,41.273034],[-73.944457,41.272927],[-73.944427,41.27286],[-73.944411,41.27284],[-73.944396,41.272821],[-73.944378,41.272801],[-73.944359,41.272781],[-73.944341,41.272762],[-73.944324,41.272744],[-73.944302,41.272724],[-73.944274,41.272701],[-73.944245,41.272694],[-73.944214,41.272691],[-73.944193,41.27269],[-73.944169,41.272694],[-73.944152,41.272696],[-73.944133,41.272699],[-73.944102,41.272704],[-73.94407,41.272712],[-73.944036,41.272719],[-73.944007,41.272729],[-73.943975,41.272738],[-73.943951,41.272744],[-73.943924,41.272752],[-73.943906,41.272756],[-73.943894,41.272758],[-73.943878,41.272761],[-73.94386,41.27276],[-73.943844,41.272773],[-73.943806,41.272773],[-73.943783,41.272749],[-73.943771,41.272717],[-73.943748,41.272723],[-73.943741,41.272733],[-73.943734,41.272743],[-73.943726,41.272753],[-73.943716,41.272762],[-73.943702,41.272773],[-73.943691,41.27279],[-73.94364,41.272808],[-73.943636,41.27282],[-73.943625,41.272837],[-73.943631,41.272861],[-73.943631,41.272871],[-73.943641,41.272891],[-73.943645,41.272912],[-73.943647,41.272923],[-73.943638,41.272935],[-73.943639,41.272944],[-73.943644,41.272973],[-73.94364,41.272985],[-73.943642,41.273],[-73.94364,41.273017],[-73.943638,41.273027],[-73.943636,41.273039],[-73.94363,41.273047],[-73.94362,41.273059],[-73.94361,41.273068],[-73.943596,41.273075],[-73.94358,41.273081],[-73.943566,41.273089],[-73.943556,41.273098],[-73.943553,41.273117],[-73.943555,41.273131],[-73.943559,41.273148],[-73.943572,41.273169],[-73.943584,41.273191],[-73.943596,41.273213],[-73.943597,41.273239],[-73.943596,41.273267],[-73.943589,41.273311],[-73.943559,41.273359],[-73.943505,41.273402],[-73.943437,41.27343],[-73.943339,41.273419],[-73.943319,41.273382],[-73.943312,41.273338],[-73.943291,41.273318],[-73.943186,41.273291],[-73.94318,41.273186],[-73.943193,41.273132],[-73.943234,41.27304],[-73.94322,41.272898],[-73.943207,41.272878],[-73.94254,41.272556],[-73.94247,41.272546],[-73.942397,41.272536],[-73.94233,41.272543],[-73.942259,41.272587],[-73.942147,41.272607],[-73.942068,41.272605],[-73.942011,41.272604],[-73.94192,41.272573],[-73.941825,41.272509],[-73.941581,41.272313],[-73.941463,41.272289],[-73.941422,41.272289],[-73.941721,41.271334],[-73.942019,41.271058],[-73.943699,41.269391],[-73.94394,41.26915],[-73.944079,41.269026],[-73.944288,41.268818],[-73.944833,41.26825],[-73.945551,41.267488],[-73.945914,41.267122],[-73.946794,41.266187],[-73.947093,41.265854],[-73.947289,41.265654],[-73.947587,41.265383],[-73.947884,41.265136],[-73.94829,41.264765],[-73.949128,41.263945],[-73.949462,41.263613],[-73.949825,41.263215],[-73.950199,41.262841],[-73.950687,41.262334],[-73.951033,41.261975],[-73.954885,41.263565],[-73.956964,41.261357],[-73.958213,41.2627],[-73.960463,41.265107],[-73.960206,41.26528]]]}},{"type":"Feature","properties":{"id":"us-arealm-1101931426590","name":"Industrial Building or Industrial Park","zone_type":"industrial_park","site_class":"industrial_landuse","coastal_inland_label":"inland","state_fips":"42","mtfcc":"K2362","aland":1126167,"awater":10366},"geometry":{"type":"Polygon","coordinates":[[[-74.856987,40.131466],[-74.856751,40.131666],[-74.856644,40.131757],[-74.855822,40.132117],[-74.853884,40.1327],[-74.846183,40.135708],[-74.846123,40.135638],[-74.845359,40.134749],[-74.839998,40.128777],[-74.841783,40.128342],[-74.843441,40.126859],[-74.846441,40.125417],[-74.845174,40.124059],[-74.844016,40.122524],[-74.844883,40.122126],[-74.8451,40.12202],[-74.84512,40.122013],[-74.845228,40.121973],[-74.845329,40.121947],[-74.845397,40.121939],[-74.845494,40.121941],[-74.845562,40.121951],[-74.845607,40.121964],[-74.846424,40.122276],[-74.84685,40.122438],[-74.84753,40.122722],[-74.848133,40.123229],[-74.84954,40.123837],[-74.850552,40.123872],[-74.8507,40.123413],[-74.851352,40.124257],[-74.851518,40.124465],[-74.852462,40.125705],[-74.853301,40.12681],[-74.853832,40.127501],[-74.854117,40.127872],[-74.855118,40.129183],[-74.855489,40.129652],[-74.856955,40.131428],[-74.856987,40.131466]]]}},{"type":"Feature","properties":{"id":"us-arealm-110416664821","name":"S P A Indl Park","zone_type":"industrial_park","site_class":"industrial_landuse","coastal_inland_label":"inland","state_fips":"13","mtfcc":"K2362","aland":1091819,"awater":0},"geometry":{"type":"Polygon","coordinates":[[[-81.224757,32.111632],[-81.224688,32.111854],[-81.223381,32.115467],[-81.223174,32.116111],[-81.222532,32.117988],[-81.222418,32.118321],[-81.221196,32.121892],[-81.219907,32.120798],[-81.217753,32.118972],[-81.21444,32.116163],[-81.215029,32.111207],[-81.215361,32.108421],[-81.215483,32.107387],[-81.215733,32.10668],[-81.2158,32.106494],[-81.219994,32.107563],[-81.221359,32.108104],[-81.223081,32.108787],[-81.225436,32.109719],[-81.224757,32.111632]]]}},{"type":"Feature","properties":{"id":"us-arealm-11052359588","name":"Suwannee Mine","zone_type":"industrial_park","site_class":"industrial_landuse","coastal_inland_label":"inland","state_fips":"12","mtfcc":"K2362","aland":1078840,"awater":0},"geometry":{"type":"Polygon","coordinates":[[[-82.98394,30.3274],[-82.983202,30.327288],[-82.9831,30.327272],[-82.9831,30.327282],[-82.983161,30.328491],[-82.983243,30.328796],[-82.98317,30.329579],[-82.983016,30.329798],[-82.982523,30.330503],[-82.978434,30.330761],[-82.975507,30.330947],[-82.973335,30.330996],[-82.972856,30.331007],[-82.972295,30.331007],[-82.972313,30.330137],[-82.972203,30.329532],[-82.972103,30.329398],[-82.972088,30.329107],[-82.972651,30.32828],[-82.974718,30.325837],[-82.974879,30.325648],[-82.9751,30.325492],[-82.975494,30.324889],[-82.977262,30.32331],[-82.977212,30.322826],[-82.977892,30.322266],[-82.978658,30.321637],[-82.979717,30.320685],[-82.979862,30.320506],[-82.980418,30.319822],[-82.980761,30.319387],[-82.981194,30.318837],[-82.98144,30.318274],[-82.981898,30.317229],[-82.982051,30.315293],[-82.98218,30.313879],[-82.9836,30.313658],[-82.9836,30.31371],[-82.9836,30.313867],[-82.9836,30.31392],[-82.983611,30.314295],[-82.98362,30.31458],[-82.98363,30.31563],[-82.98364,30.31582],[-82.98366,30.31655],[-82.9837,30.317855],[-82.98376,30.3198],[-82.983815,30.321319],[-82.98383,30.32173],[-82.98387,30.32329],[-82.983917,30.325879],[-82.98394,30.32713],[-82.98394,30.3274]]]}},{"type":"Feature","properties":{"id":"us-arealm-110374250877","name":"Industrial Building or Industrial Park","zone_type":"industrial_park","site_class":"industrial_landuse","coastal_inland_label":"inland","state_fips":"17","mtfcc":"K2362","aland":1039682,"awater":0},"geometry":{"type":"Polygon","coordinates":[[[-87.815985,42.446179],[-87.815984,42.446215],[-87.815944,42.446367],[-87.815751,42.446625],[-87.815715,42.446751],[-87.815735,42.446982],[-87.815723,42.449722],[-87.807175,42.449674],[-87.806478,42.44967],[-87.804708,42.449658],[-87.80352,42.449662],[-87.803067,42.449681],[-87.801468,42.44971],[-87.79998,42.449702],[-87.799678,42.449801],[-87.799701,42.449746],[-87.799727,42.449615],[-87.799741,42.449544],[-87.799769,42.44941],[-87.799811,42.449217],[-87.799871,42.449051],[-87.799939,42.448851],[-87.799943,42.448841],[-87.799964,42.448674],[-87.799967,42.448646],[-87.799972,42.448596],[-87.79997,42.448478],[-87.799956,42.448353],[-87.799954,42.448248],[-87.799967,42.448201],[-87.799976,42.448168],[-87.800016,42.448072],[-87.800043,42.448008],[-87.800083,42.447938],[-87.800108,42.447894],[-87.800162,42.44778],[-87.800191,42.44772],[-87.800222,42.44763],[-87.800226,42.44732],[-87.80023,42.446818],[-87.800257,42.446646],[-87.8003,42.446411],[-87.800363,42.446229],[-87.800401,42.446168],[-87.800445,42.446151],[-87.80043,42.446201],[-87.80038,42.446341],[-87.800347,42.446452],[-87.800338,42.446513],[-87.800313,42.446649],[-87.800295,42.446746],[-87.800286,42.446806],[-87.800316,42.44696],[-87.800328,42.44702],[-87.800354,42.447041],[-87.800376,42.446969],[-87.800361,42.446875],[-87.800345,42.446798],[-87.800335,42.446694],[-87.800342,42.446644],[-87.800351,42.446597],[-87.800391,42.446523],[-87.800413,42.446481],[-87.800444,42.446344],[-87.800477,42.44617],[-87.800532,42.4457],[-87.800545,42.445611],[-87.80054,42.4454],[-87.800555,42.445257],[-87.800566,42.445162],[-87.800577,42.444974],[-87.800571,42.444955],[-87.800579,42.444939],[-87.800572,42.444866],[-87.800571,42.444827],[-87.800573,42.444793],[-87.800575,42.444762],[-87.80058,42.444728],[-87.800597,42.444665],[-87.80061,42.444607],[-87.800618,42.44457],[-87.800625,42.444513],[-87.800628,42.44448],[-87.800636,42.444419],[-87.800642,42.444389],[-87.800651,42.444347],[-87.800654,42.444328],[-87.800664,42.444184],[-87.800681,42.444099],[-87.800719,42.443974],[-87.800736,42.443926],[-87.800769,42.443892],[-87.800795,42.443861],[-87.800827,42.443801],[-87.800842,42.443756],[-87.800866,42.443686],[-87.800901,42.443624],[-87.800937,42.443584],[-87.800975,42.443545],[-87.800987,42.443524],[-87.800999,42.443502],[-87.801041,42.443426],[-87.801061,42.443381],[-87.801099,42.443288],[-87.801137,42.443216],[-87.801156,42.44318],[-87.801192,42.443112],[-87.801196,42.443085],[-87.80121,42.443029],[-87.801229,42.44293],[-87.80124,42.442869],[-87.801241,42.442791],[-87.80124,42.442729],[-87.801236,42.442673],[-87.801234,42.442647],[-87.801237,42.442604],[-87.801251,42.442568],[-87.801257,42.442525],[-87.801267,42.442505],[-87.801311,42.44249],[-87.801333,42.442479],[-87.801394,42.44244],[-87.801426,42.442424],[-87.801473,42.442397],[-87.801516,42.442374],[-87.801549,42.442358],[-87.801574,42.442346],[-87.801603,42.442322],[-87.801631,42.442307],[-87.801646,42.442303],[-87.801759,42.442277],[-87.801787,42.442268],[-87.801825,42.44225],[-87.801848,42.442238],[-87.801907,42.442055],[-87.802923,42.442227],[-87.80319,42.442226],[-87.803456,42.442238],[-87.803723,42.442224],[-87.803855,42.442208],[-87.803918,42.442193],[-87.804035,42.442142],[-87.804096,42.442126],[-87.804294,42.442113],[-87.80454,42.442113],[-87.80503,42.442114],[-87.805829,42.442142],[-87.806161,42.442165],[-87.806425,42.442193],[-87.806624,42.442206],[-87.806891,42.442204],[-87.807557,42.442174],[-87.808025,42.442164],[-87.808156,42.442174],[-87.808467,42.442235],[-87.808671,42.442279],[-87.808737,42.442287],[-87.808869,42.442289],[-87.809877,42.442226],[-87.809891,42.442223],[-87.815731,42.442558],[-87.815736,42.444177],[-87.815736,42.444255],[-87.815759,42.444361],[-87.815765,42.444388],[-87.815789,42.444421],[-87.815814,42.444457],[-87.815984,42.444673],[-87.816004,42.444825],[-87.815985,42.446179]]]}},{"type":"Feature","properties":{"id":"us-arealm-11016953656765","name":"Lyondellbasell Industries","zone_type":"industrial_park","site_class":"industrial_landuse","coastal_inland_label":"inland","state_fips":"19","mtfcc":"K2362","aland":1032266,"awater":0},"geometry":{"type":"Polygon","coordinates":[[[-90.302122,41.80968],[-90.302053,41.810392],[-90.301887,41.810975],[-90.30166,41.811513],[-90.301504,41.811647],[-90.301376,41.811938],[-90.301153,41.812297],[-90.300991,41.812745],[-90.301003,41.813575],[-90.301178,41.813978],[-90.301184,41.814007],[-90.30126,41.814361],[-90.30135,41.814427],[-90.301347,41.814606],[-90.301671,41.815077],[-90.301889,41.815309],[-90.300909,41.815302],[-90.300793,41.815301],[-90.297662,41.815294],[-90.297504,41.815292],[-90.296409,41.815281],[-90.296409,41.815172],[-90.296409,41.814849],[-90.29641,41.814644],[-90.29777,41.814649],[-90.297795,41.814649],[-90.297796,41.81451],[-90.297798,41.814219],[-90.297788,41.814128],[-90.297788,41.813496],[-90.296457,41.813489],[-90.296463,41.813035],[-90.297809,41.812773],[-90.297813,41.812442],[-90.297818,41.811885],[-90.295955,41.811878],[-90.295954,41.813247],[-90.295929,41.813251],[-90.295865,41.813173],[-90.295821,41.813121],[-90.295718,41.813013],[-90.29561,41.812912],[-90.295496,41.812815],[-90.295411,41.81275],[-90.295375,41.812722],[-90.295248,41.812635],[-90.295086,41.812534],[-90.294863,41.812402],[-90.293979,41.811914],[-90.293495,41.811648],[-90.293489,41.811252],[-90.293488,41.811175],[-90.294236,41.810357],[-90.294269,41.810322],[-90.294416,41.810007],[-90.293837,41.81],[-90.292338,41.809984],[-90.292157,41.809829],[-90.292125,41.809801],[-90.291941,41.809298],[-90.291941,41.807064],[-90.291941,41.805649],[-90.291944,41.801936],[-90.292128,41.801707],[-90.293407,41.80169],[-90.295641,41.801662],[-90.295641,41.801534],[-90.295641,41.801152],[-90.295641,41.801025],[-90.295833,41.801024],[-90.296408,41.801023],[-90.296601,41.801023],[-90.296608,41.801186],[-90.296777,41.801189],[-90.297064,41.801195],[-90.297776,41.801212],[-90.29811,41.80122],[-90.298719,41.80122],[-90.300548,41.80122],[-90.301362,41.80122],[-90.301336,41.80779],[-90.301334,41.80827],[-90.301896,41.808273],[-90.302,41.808642],[-90.302022,41.809002],[-90.302169,41.809203],[-90.302122,41.80968]]]}},{"type":"Feature","properties":{"id":"us-arealm-110277139730","name":"Beloit Indl Park","zone_type":"industrial_park","site_class":"industrial_landuse","coastal_inland_label":"inland","state_fips":"55","mtfcc":"K2362","aland":964840,"awater":4062},"geometry":{"type":"Polygon","coordinates":[[[-88.99773,42.508651],[-88.997019,42.509015],[-88.996443,42.50931],[-88.994973,42.510072],[-88.994912,42.510103],[-88.994787,42.510168],[-88.994758,42.510183],[-88.994043,42.510554],[-88.993261,42.510959],[-88.987929,42.513723],[-88.98777,42.513775],[-88.984981,42.515225],[-88.984822,42.515297],[-88.983288,42.51611],[-88.983152,42.516177],[-88.982287,42.516629],[-88.981584,42.516985],[-88.981478,42.517033],[-88.980861,42.517357],[-88.979955,42.517831],[-88.979874,42.517862],[-88.978289,42.5187],[-88.97817,42.518744],[-88.978067,42.518805],[-88.977575,42.519066],[-88.977108,42.519314],[-88.975527,42.520116],[-88.975536,42.519668],[-88.975728,42.517901],[-88.975861,42.517576],[-88.976391,42.517586],[-88.976877,42.516629],[-88.97764,42.515127],[-88.977874,42.514667],[-88.982406,42.510608],[-88.981615,42.510604],[-88.981752,42.510474],[-88.981984,42.510509],[-88.982158,42.510331],[-88.982161,42.510401],[-88.982287,42.510332],[-88.982975,42.51034],[-88.983335,42.510349],[-88.983621,42.510326],[-88.983896,42.510269],[-88.984099,42.51018],[-88.984668,42.50993],[-88.984822,42.509759],[-88.98492,42.509389],[-88.984912,42.508987],[-88.985008,42.508019],[-88.98509,42.507876],[-88.985206,42.507722],[-88.985356,42.507565],[-88.985537,42.507416],[-88.985747,42.507285],[-88.985987,42.507172],[-88.986257,42.507081],[-88.986554,42.50701],[-88.986871,42.506973],[-88.986934,42.506973],[-88.987187,42.506974],[-88.990365,42.506921],[-88.991794,42.506897],[-88.991942,42.506895],[-88.992065,42.506893],[-88.994696,42.50689],[-88.994744,42.50689],[-88.995132,42.50689],[-88.996197,42.50689],[-88.99633,42.50689],[-88.996716,42.506889],[-88.997404,42.506889],[-88.997404,42.506923],[-88.997412,42.507563],[-88.997713,42.507565],[-88.99773,42.508651]],[[-88.99008,42.507402],[-88.989939,42.507445],[-88.989607,42.507484],[-88.989559,42.50749],[-88.989451,42.507511],[-88.989407,42.507573],[-88.989408,42.50766],[-88.989049,42.507689],[-88.98903,42.507942],[-88.988496,42.507902],[-88.988442,42.50859],[-88.988984,42.508556],[-88.989088,42.508549],[-88.989418,42.508529],[-88.989881,42.508566],[-88.98995,42.508572],[-88.990069,42.508502],[-88.990124,42.508268],[-88.99008,42.507402]]]}},{"type":"Feature","properties":{"id":"us-arealm-110766590516","name":"Washington Co Indl Park","zone_type":"industrial_park","site_class":"industrial_landuse","coastal_inland_label":"inland","state_fips":"29","mtfcc":"K2362","aland":921524,"awater":0},"geometry":{"type":"Polygon","coordinates":[[[-90.760348,37.927059],[-90.760109,37.928059],[-90.76003,37.928393],[-90.759561,37.928489],[-90.758155,37.928778],[-90.757687,37.928875],[-90.757204,37.929128],[-90.755757,37.92989],[-90.755275,37.930144],[-90.752142,37.931617],[-90.749772,37.932399],[-90.749294,37.932376],[-90.748216,37.932461],[-90.747847,37.93249],[-90.745833,37.93265],[-90.742915,37.932881],[-90.741611,37.932984],[-90.743001,37.925309],[-90.744379,37.92552],[-90.744675,37.925544],[-90.746735,37.925713],[-90.748766,37.925809],[-90.750472,37.925873],[-90.751976,37.925969],[-90.752572,37.926022],[-90.752937,37.926055],[-90.760428,37.926726],[-90.760348,37.927059]]]}},{"type":"Feature","properties":{"id":"us-arealm-110479685480","name":"Cummings Oil Company","zone_type":"industrial_park","site_class":"industrial_landuse","coastal_inland_label":"inland","state_fips":"47","mtfcc":"K2362","aland":898799,"awater":0},"geometry":{"type":"Polygon","coordinates":[[[-83.992391,35.961514],[-83.992366,35.961846],[-83.992314,35.96255],[-83.992273,35.9631],[-83.992242,35.963518],[-83.992214,35.963916],[-83.992146,35.964915],[-83.992132,35.965113],[-83.992106,35.965512],[-83.992089,35.965686],[-83.992059,35.966069],[-83.99204,35.96633],[-83.991949,35.967743],[-83.991943,35.967849],[-83.991923,35.968302],[-83.991869,35.968291],[-83.991821,35.968253],[-83.99172,35.968225],[-83.991693,35.968209],[-83.991632,35.968193],[-83.991585,35.968165],[-83.991376,35.968099],[-83.991342,35.968077],[-83.991281,35.968061],[-83.99125,35.968046],[-83.991139,35.967995],[-83.991078,35.967979],[-83.991017,35.967946],[-83.990977,35.96794],[-83.990916,35.967907],[-83.990842,35.967885],[-83.990821,35.967869],[-83.990774,35.967853],[-83.9907,35.967809],[-83.990646,35.967798],[-83.990524,35.967732],[-83.9902,35.967507],[-83.990139,35.967458],[-83.98976,35.967211],[-83.98974,35.967227],[-83.989612,35.9672],[-83.98947,35.967178],[-83.989355,35.967172],[-83.989311,35.967173],[-83.988804,35.967192],[-83.98875,35.968179],[-83.989065,35.968204],[-83.98932,35.968219],[-83.989336,35.96822],[-83.990745,35.968007],[-83.991087,35.968087],[-83.991292,35.968165],[-83.991919,35.968405],[-83.991912,35.96855],[-83.991909,35.968646],[-83.991911,35.968846],[-83.991918,35.968987],[-83.991926,35.969133],[-83.991554,35.96926],[-83.991051,35.969389],[-83.990754,35.969435],[-83.990641,35.969446],[-83.990345,35.969478],[-83.989788,35.969523],[-83.989113,35.969573],[-83.988573,35.969619],[-83.988092,35.969697],[-83.987646,35.969805],[-83.98715,35.969979],[-83.986758,35.970155],[-83.986447,35.970297],[-83.985566,35.970734],[-83.985015,35.970952],[-83.984503,35.971085],[-83.984059,35.971139],[-83.983745,35.971149],[-83.98347,35.971135],[-83.983092,35.971095],[-83.982699,35.971011],[-83.982307,35.970885],[-83.982119,35.970792],[-83.98207,35.970768],[-83.980885,35.970092],[-83.980065,35.969604],[-83.980058,35.969556],[-83.979984,35.969254],[-83.979897,35.968987],[-83.979786,35.968727],[-83.979653,35.968473],[-83.979606,35.968392],[-83.979419,35.968111],[-83.979262,35.967902],[-83.978934,35.96752],[-83.978764,35.967336],[-83.978609,35.967168],[-83.977158,35.96562],[-83.976756,35.965169],[-83.976617,35.965005],[-83.976329,35.96465],[-83.976226,35.964523],[-83.975976,35.9642],[-83.975658,35.963741],[-83.975388,35.963325],[-83.974888,35.962492],[-83.974621,35.962042],[-83.974643,35.962041],[-83.974711,35.96204],[-83.974734,35.96204],[-83.974914,35.962037],[-83.975105,35.962045],[-83.975304,35.962065],[-83.9755,35.962096],[-83.975694,35.962137],[-83.975964,35.962211],[-83.976104,35.962256],[-83.976125,35.962263],[-83.9766,35.962454],[-83.977017,35.962614],[-83.977313,35.96273],[-83.977662,35.962843],[-83.977978,35.962904],[-83.978019,35.962913],[-83.978147,35.962925],[-83.979173,35.963025],[-83.979758,35.963099],[-83.979895,35.963131],[-83.980123,35.963184],[-83.980583,35.963355],[-83.981438,35.963746],[-83.981986,35.963998],[-83.982386,35.964133],[-83.982496,35.964174],[-83.982544,35.96418],[-83.982688,35.9642],[-83.982737,35.964207],[-83.982691,35.964757],[-83.982524,35.967397],[-83.98251,35.967614],[-83.98295,35.967614],[-83.983068,35.967582],[-83.983164,35.967518],[-83.98325,35.967422],[-83.983293,35.967299],[-83.983346,35.967154],[-83.983389,35.966437],[-83.985443,35.966514],[-83.985604,35.964896],[-83.985636,35.964853],[-83.9857,35.964779],[-83.985764,35.964674],[-83.985818,35.964532],[-83.985893,35.964393],[-83.986107,35.964201],[-83.986385,35.964051],[-83.98676,35.96389],[-83.987134,35.963848],[-83.988504,35.96388],[-83.989023,35.963885],[-83.989093,35.963036],[-83.98911,35.962842],[-83.989092,35.962467],[-83.989023,35.962232],[-83.988921,35.962012],[-83.989025,35.961985],[-83.989116,35.961962],[-83.989305,35.961891],[-83.989329,35.961882],[-83.989431,35.961848],[-83.989503,35.961823],[-83.989704,35.961761],[-83.989947,35.961691],[-83.989963,35.961686],[-83.990201,35.961627],[-83.990395,35.961584],[-83.990599,35.961545],[-83.990804,35.961512],[-83.991011,35.961485],[-83.991219,35.961464],[-83.991427,35.961448],[-83.991637,35.961439],[-83.991777,35.961437],[-83.992389,35.961429],[-83.992391,35.961514]]]}},{"type":"Feature","properties":{"id":"us-arealm-1101172736684","name":"Simi Valley Sanitary Landfill","zone_type":"industrial_park","site_class":"industrial_landuse","coastal_inland_label":"inland","state_fips":"06","mtfcc":"K2362","aland":777646,"awater":0},"geometry":{"type":"Polygon","coordinates":[[[-118.803052,34.293634],[-118.802313,34.294838],[-118.799525,34.298577],[-118.794815,34.299675],[-118.791584,34.29978],[-118.791588,34.299582],[-118.791647,34.296513],[-118.791668,34.295409],[-118.793438,34.293217],[-118.793838,34.292657],[-118.793934,34.292497],[-118.794142,34.292273],[-118.794494,34.29205],[-118.794878,34.291986],[-118.795166,34.291874],[-118.795358,34.291602],[-118.795534,34.291442],[-118.795934,34.291378],[-118.796254,34.291266],[-118.796414,34.291042],[-118.79659,34.290898],[-118.796798,34.290834],[-118.797182,34.290754],[-118.797001,34.290445],[-118.797381,34.290361],[-118.797804,34.290414],[-118.798068,34.290382],[-118.798353,34.29016],[-118.798616,34.289723],[-118.798715,34.289816],[-118.799476,34.290368],[-118.799832,34.290639],[-118.800083,34.290844],[-118.800234,34.290929],[-118.800439,34.29101],[-118.800487,34.291035],[-118.801268,34.290825],[-118.801441,34.291015],[-118.802693,34.292536],[-118.803052,34.293634]]]}},{"type":"Feature","properties":{"id":"us-arealm-11085481291","name":"Linden Indl Park","zone_type":"industrial_park","site_class":"industrial_landuse","coastal_inland_label":"inland","state_fips":"01","mtfcc":"K2362","aland":749339,"awater":28431},"geometry":{"type":"Polygon","coordinates":[[[-87.790334,32.291437],[-87.787324,32.291423],[-87.787292,32.294002],[-87.786382,32.293608],[-87.782891,32.292126],[-87.779096,32.290512],[-87.775834,32.289127],[-87.775845,32.286226],[-87.779551,32.286226],[-87.77954,32.281951],[-87.784977,32.286492],[-87.790338,32.290967],[-87.790334,32.291437]]]}},{"type":"Feature","properties":{"id":"us-arealm-11074867336","name":"Nxne Commercial Park","zone_type":"industrial_park","site_class":"industrial_landuse","coastal_inland_label":"inland","state_fips":"18","mtfcc":"K2362","aland":732106,"awater":27415},"geometry":{"type":"Polygon","coordinates":[[[-86.027426,39.928423],[-86.027053,39.929805],[-86.025543,39.932109],[-86.024292,39.933587],[-86.021144,39.934178],[-86.014303,39.934269],[-86.01417,39.932898],[-86.013969,39.929332],[-86.014268,39.9276],[-86.014612,39.927525],[-86.019263,39.927581],[-86.026425,39.927352],[-86.027689,39.927519],[-86.027426,39.928423]]]}},{"type":"Feature","properties":{"id":"us-arealm-1101172736694","name":"Santa Paula-Fillmore County Sanitary Landfill","zone_type":"industrial_park","site_class":"industrial_landuse","coastal_inland_label":"inland","state_fips":"06","mtfcc":"K2362","aland":702168,"awater":0},"geometry":{"type":"Polygon","coordinates":[[[-119.002026,34.403807],[-119.002025,34.404724],[-119.001876,34.406514],[-118.992243,34.406606],[-118.992415,34.399554],[-118.997188,34.399609],[-118.997942,34.399618],[-118.998151,34.399654],[-118.999341,34.399416],[-119.002499,34.399555],[-119.002026,34.403807]]]}},{"type":"Feature","properties":{"id":"us-arealm-110169761010","name":"Uss-Posco","zone_type":"industrial_park","site_class":"industrial_landuse","coastal_inland_label":"inland","state_fips":"06","mtfcc":"K2362","aland":647703,"awater":0},"geometry":{"type":"Polygon","coordinates":[[[-121.870982,38.023417],[-121.870921,38.023627],[-121.870776,38.023936],[-121.85745,38.020918],[-121.857131,38.020834],[-121.85682,38.020753],[-121.85848,38.016827],[-121.858583,38.016582],[-121.859007,38.016948],[-121.859134,38.017058],[-121.859234,38.017145],[-121.859282,38.017164],[-121.860195,38.017534],[-121.860642,38.016816],[-121.860731,38.016671],[-121.861116,38.016053],[-121.863036,38.016758],[-121.868796,38.018876],[-121.870443,38.019482],[-121.870721,38.019568],[-121.871976,38.020058],[-121.870982,38.023417]]]}},{"type":"Feature","properties":{"id":"us-arealm-1101042398250","name":"Con Edison","zone_type":"industrial_park","site_class":"industrial_landuse","coastal_inland_label":"inland","state_fips":"36","mtfcc":"K2362","aland":632757,"awater":131556},"geometry":{"type":"Polygon","coordinates":[[[-73.965793,41.256133],[-73.965752,41.256306],[-73.965654,41.256583],[-73.965623,41.256722],[-73.965583,41.256834],[-73.965586,41.256945],[-73.965613,41.256986],[-73.965664,41.25703],[-73.965671,41.257104],[-73.96563,41.25723],[-73.965562,41.257324],[-73.965434,41.257426],[-73.965417,41.257524],[-73.965383,41.257581],[-73.965132,41.258187],[-73.965054,41.258488],[-73.965058,41.258658],[-73.965098,41.258746],[-73.965085,41.258803],[-73.965112,41.258918],[-73.965112,41.258993],[-73.965031,41.259216],[-73.96498,41.259517],[-73.964976,41.259764],[-73.965,41.259879],[-73.965,41.259974],[-73.964976,41.260194],[-73.964922,41.260448],[-73.964851,41.260705],[-73.964709,41.261098],[-73.964279,41.261991],[-73.96415,41.262238],[-73.963784,41.26278],[-73.963429,41.263138],[-73.963165,41.263372],[-73.962888,41.263562],[-73.962629,41.26377],[-73.962557,41.263828],[-73.961171,41.264647],[-73.960782,41.264893],[-73.960463,41.265107],[-73.958213,41.2627],[-73.956964,41.261357],[-73.954885,41.263565],[-73.951033,41.261975],[-73.951727,41.261253],[-73.952065,41.260868],[-73.952595,41.260324],[-73.953064,41.259877],[-73.953169,41.259774],[-73.954192,41.258779],[-73.954487,41.258491],[-73.954912,41.258079],[-73.955084,41.257912],[-73.955623,41.257358],[-73.956235,41.256725],[-73.956741,41.25621],[-73.95732,41.255627],[-73.957561,41.25578],[-73.958104,41.256083],[-73.958926,41.256572],[-73.960439,41.257406],[-73.960533,41.257397],[-73.96056,41.257386],[-73.961043,41.256883],[-73.961608,41.256293],[-73.962196,41.255725],[-73.962542,41.255398],[-73.962813,41.255123],[-73.96294,41.254993],[-73.963272,41.25459],[-73.964003,41.255011],[-73.964419,41.25525],[-73.965733,41.255915],[-73.965896,41.256011],[-73.965793,41.256133]]]}},{"type":"Feature","properties":{"id":"us-arealm-110686317112","name":"San Onofre Nucleur Power Plant","zone_type":"industrial_park","site_class":"industrial_landuse","coastal_inland_label":"inland","state_fips":"06","mtfcc":"K2362","aland":602988,"awater":0},"geometry":{"type":"Polygon","coordinates":[[[-117.562981,33.371706],[-117.562546,33.373011],[-117.562401,33.373447],[-117.562365,33.373565],[-117.562261,33.373922],[-117.562227,33.374042],[-117.562113,33.374218],[-117.561774,33.374749],[-117.561661,33.374926],[-117.56163,33.374973],[-117.56154,33.375114],[-117.56151,33.375162],[-117.561501,33.37518],[-117.561481,33.375206],[-117.56139,33.375343],[-117.561361,33.375389],[-117.56078,33.37502],[-117.560284,33.374738],[-117.559725,33.374438],[-117.557156,33.373021],[-117.556045,33.372411],[-117.552007,33.370228],[-117.547744,33.367883],[-117.547767,33.367837],[-117.547839,33.367702],[-117.547864,33.36766],[-117.547892,33.367596],[-117.547978,33.367404],[-117.548007,33.367341],[-117.548036,33.367274],[-117.548124,33.367075],[-117.548154,33.367009],[-117.548311,33.366602],[-117.548782,33.365386],[-117.54894,33.364981],[-117.549219,33.365078],[-117.549481,33.365068],[-117.549678,33.365123],[-117.550104,33.365546],[-117.550294,33.365676],[-117.55032,33.365694],[-117.551283,33.366096],[-117.551814,33.366382],[-117.552797,33.366723],[-117.553419,33.367108],[-117.554709,33.367424],[-117.5557,33.367669],[-117.556158,33.368013],[-117.556748,33.368456],[-117.55682,33.36851],[-117.557259,33.368741],[-117.557836,33.369236],[-117.558611,33.369635],[-117.558904,33.369786],[-117.559301,33.369886],[-117.560095,33.370086],[-117.561237,33.370374],[-117.561663,33.370539],[-117.562372,33.370959],[-117.56258,33.371083],[-117.563127,33.371272],[-117.562981,33.371706]]]}},{"type":"Feature","properties":{"id":"us-arealm-1101138272565","name":"D A Industrial","zone_type":"industrial_park","site_class":"industrial_landuse","coastal_inland_label":"inland","state_fips":"18","mtfcc":"K2362","aland":595081,"awater":0},"geometry":{"type":"Polygon","coordinates":[[[-87.106039,41.63838],[-87.106037,41.63885],[-87.106038,41.639328],[-87.105305,41.639288],[-87.101607,41.639184],[-87.101427,41.639179],[-87.101439,41.636596],[-87.101158,41.63659],[-87.098315,41.636534],[-87.097818,41.636551],[-87.096794,41.636586],[-87.0944,41.63655],[-87.093107,41.63653],[-87.092007,41.636514],[-87.090439,41.63649],[-87.090385,41.635461],[-87.092934,41.634667],[-87.096209,41.633648],[-87.100202,41.632421],[-87.100589,41.632304],[-87.101908,41.631909],[-87.10233,41.631779],[-87.103144,41.631528],[-87.103199,41.631513],[-87.103414,41.631456],[-87.103464,41.631441],[-87.103684,41.631372],[-87.103708,41.631365],[-87.104396,41.631186],[-87.105306,41.630901],[-87.105844,41.630733],[-87.105813,41.630814],[-87.105722,41.631058],[-87.105692,41.63114],[-87.105657,41.631766],[-87.105654,41.631818],[-87.105633,41.632183],[-87.105628,41.632252],[-87.105625,41.632284],[-87.10559,41.632758],[-87.10541,41.635736],[-87.106043,41.637533],[-87.106039,41.63838]]]}},{"type":"Feature","properties":{"id":"us-arealm-1109093921009","name":"Enbridge Energy","zone_type":"industrial_park","site_class":"industrial_landuse","coastal_inland_label":"inland","state_fips":"17","mtfcc":"K2362","aland":591203,"awater":0},"geometry":{"type":"Polygon","coordinates":[[[-88.654287,40.946389],[-88.65411,40.94639],[-88.652777,40.946397],[-88.65063,40.94641],[-88.648249,40.946416],[-88.64674,40.94642],[-88.646336,40.946426],[-88.6461,40.94643],[-88.645126,40.946434],[-88.644723,40.946436],[-88.64472,40.94535],[-88.644711,40.942092],[-88.644708,40.941007],[-88.645119,40.940739],[-88.645744,40.940332],[-88.646352,40.939935],[-88.646681,40.939721],[-88.646765,40.939669],[-88.646842,40.939668],[-88.649615,40.939661],[-88.652972,40.939652],[-88.654276,40.939648],[-88.654282,40.943538],[-88.654287,40.946389]]]}},{"type":"Feature","properties":{"id":"us-arealm-110492702720","name":"Monroe Indl Park","zone_type":"industrial_park","site_class":"industrial_landuse","coastal_inland_label":"inland","state_fips":"55","mtfcc":"K2362","aland":574708,"awater":0},"geometry":{"type":"Polygon","coordinates":[[[-89.629398,42.6146],[-89.628732,42.615336],[-89.628356,42.615898],[-89.628349,42.615941],[-89.625848,42.615931],[-89.625846,42.616807],[-89.625844,42.617488],[-89.625837,42.617865],[-89.625564,42.617863],[-89.62465,42.617859],[-89.624514,42.617859],[-89.624165,42.61786],[-89.624042,42.61786],[-89.623673,42.61786],[-89.62355,42.617861],[-89.622904,42.617859],[-89.621194,42.617854],[-89.62097,42.617853],[-89.620325,42.617851],[-89.619524,42.617849],[-89.618568,42.617845],[-89.618591,42.615263],[-89.618618,42.612172],[-89.618632,42.610544],[-89.619453,42.610541],[-89.619561,42.61054],[-89.619627,42.61054],[-89.619849,42.610546],[-89.619885,42.610543],[-89.619993,42.610538],[-89.620363,42.610535],[-89.620538,42.610534],[-89.62054,42.609643],[-89.620541,42.609392],[-89.621199,42.609618],[-89.621862,42.609845],[-89.622181,42.609977],[-89.623142,42.610375],[-89.623463,42.610508],[-89.623523,42.610546],[-89.623704,42.610659],[-89.623765,42.610699],[-89.623854,42.610762],[-89.624127,42.610949],[-89.624218,42.611012],[-89.625329,42.611647],[-89.626519,42.612328],[-89.627807,42.613059],[-89.628661,42.61355],[-89.629772,42.614189],[-89.629398,42.6146]]]}},{"type":"Feature","properties":{"id":"us-arealm-110511362564","name":"Cips Lift Sta","zone_type":"industrial_park","site_class":"industrial_landuse","coastal_inland_label":"inland","state_fips":"17","mtfcc":"K2362","aland":546537,"awater":0},"geometry":{"type":"Polygon","coordinates":[[[-89.608943,39.59767],[-89.606907,39.597694],[-89.60061,39.597768],[-89.6006,39.596879],[-89.600528,39.592113],[-89.600508,39.590916],[-89.601985,39.590897],[-89.607242,39.590814],[-89.608874,39.590795],[-89.608876,39.590921],[-89.608877,39.591088],[-89.608923,39.595716],[-89.608943,39.59767]]]}},{"type":"Feature","properties":{"id":"us-arealm-110585075774","name":"Industrial Building or Industrial Park","zone_type":"industrial_park","site_class":"industrial_landuse","coastal_inland_label":"inland","state_fips":"18","mtfcc":"K2362","aland":543213,"awater":0},"geometry":{"type":"Polygon","coordinates":[[[-86.383041,40.715293],[-86.38266,40.7163],[-86.382614,40.716423],[-86.382099,40.7178],[-86.380341,40.717834],[-86.380393,40.718347],[-86.381138,40.718327],[-86.380389,40.720166],[-86.377594,40.720067],[-86.377723,40.721146],[-86.376974,40.721228],[-86.377,40.721679],[-86.375789,40.721682],[-86.375787,40.721131],[-86.374318,40.721119],[-86.374357,40.721683],[-86.37345,40.721682],[-86.372576,40.721677],[-86.372486,40.721676],[-86.372428,40.718895],[-86.372379,40.715863],[-86.372375,40.715623],[-86.372368,40.714794],[-86.372796,40.714792],[-86.374585,40.714783],[-86.376049,40.714775],[-86.377197,40.714714],[-86.3833,40.714611],[-86.383041,40.715293]]]}},{"type":"Feature","properties":{"id":"us-arealm-110194780479","name":"Industrial Building or Industrial Park","zone_type":"industrial_park","site_class":"industrial_landuse","coastal_inland_label":"inland","state_fips":"17","mtfcc":"K2362","aland":537667,"awater":0},"geometry":{"type":"Polygon","coordinates":[[[-88.128601,41.689483],[-88.128601,41.689555],[-88.128601,41.68958],[-88.128554,41.690252],[-88.128414,41.69227],[-88.128368,41.692943],[-88.128352,41.69321],[-88.128307,41.694013],[-88.128292,41.694281],[-88.12764,41.701867],[-88.127606,41.702025],[-88.127504,41.702499],[-88.127488,41.702575],[-88.12747,41.702657],[-88.126905,41.702699],[-88.126781,41.702709],[-88.12677,41.702661],[-88.126639,41.702062],[-88.125738,41.702211],[-88.12518,41.702305],[-88.124964,41.701758],[-88.124813,41.701411],[-88.124409,41.700288],[-88.123616,41.698286],[-88.123539,41.698117],[-88.123512,41.698057],[-88.123411,41.697851],[-88.123238,41.697539],[-88.123163,41.697404],[-88.1229,41.696974],[-88.122862,41.696924],[-88.122748,41.696774],[-88.12271,41.696725],[-88.122523,41.696531],[-88.121962,41.695949],[-88.121776,41.695755],[-88.1217,41.69524],[-88.121472,41.693698],[-88.121397,41.693184],[-88.121534,41.693187],[-88.121945,41.693196],[-88.122082,41.6932],[-88.122104,41.693111],[-88.122172,41.692846],[-88.122195,41.692758],[-88.122269,41.692706],[-88.122493,41.692552],[-88.122568,41.692501],[-88.122728,41.692476],[-88.12321,41.692403],[-88.123371,41.692379],[-88.123579,41.692266],[-88.123676,41.692218],[-88.123834,41.692141],[-88.124115,41.69202],[-88.124395,41.691906],[-88.124623,41.691799],[-88.124669,41.691779],[-88.124924,41.69163],[-88.125148,41.691463],[-88.125272,41.69135],[-88.125351,41.69128],[-88.12553,41.69108],[-88.125556,41.691044],[-88.12565,41.69091],[-88.125717,41.690795],[-88.125792,41.690641],[-88.12584,41.69049],[-88.125864,41.690392],[-88.125882,41.690317],[-88.125893,41.690197],[-88.125904,41.690094],[-88.125916,41.689751],[-88.125914,41.689714],[-88.125911,41.689604],[-88.12591,41.689568],[-88.126423,41.689547],[-88.127965,41.689487],[-88.128479,41.689468],[-88.128503,41.689466],[-88.128577,41.68946],[-88.128602,41.689459],[-88.128601,41.689483]]]}},{"type":"Feature","properties":{"id":"us-arealm-110342363254","name":"Dodge City Indl Park","zone_type":"industrial_park","site_class":"industrial_landuse","coastal_inland_label":"inland","state_fips":"20","mtfcc":"K2362","aland":537497,"awater":0},"geometry":{"type":"Polygon","coordinates":[[[-99.950387,37.764974],[-99.950379,37.765523],[-99.950378,37.765571],[-99.950378,37.765595],[-99.950322,37.767335],[-99.949985,37.767783],[-99.947462,37.771081],[-99.945847,37.773266],[-99.945347,37.773938],[-99.944273,37.775386],[-99.943708,37.776198],[-99.943343,37.776596],[-99.94298,37.776976],[-99.942932,37.776454],[-99.942767,37.774676],[-99.942772,37.768093],[-99.94277,37.767873],[-99.94277,37.767835],[-99.942769,37.767686],[-99.942765,37.767095],[-99.943279,37.766728],[-99.94343,37.76662],[-99.945665,37.765027],[-99.945951,37.764823],[-99.94594,37.764382],[-99.947389,37.764374],[-99.947418,37.764374],[-99.947476,37.764374],[-99.950395,37.764359],[-99.950387,37.764974]]]}},{"type":"Feature","properties":{"id":"us-arealm-110466991497","name":"Industrial Building or Industrial Park","zone_type":"industrial_park","site_class":"industrial_landuse","coastal_inland_label":"inland","state_fips":"42","mtfcc":"K2362","aland":537333,"awater":0},"geometry":{"type":"Polygon","coordinates":[[[-75.293533,39.865471],[-75.293525,39.865743],[-75.292375,39.866262],[-75.291632,39.866593],[-75.288353,39.867217],[-75.286704,39.867605],[-75.285567,39.868098],[-75.284891,39.867694],[-75.284362,39.867911],[-75.283943,39.867287],[-75.283742,39.867179],[-75.28319,39.86714],[-75.281238,39.866752],[-75.281198,39.866423],[-75.280939,39.866435],[-75.280569,39.865824],[-75.279942,39.866024],[-75.279803,39.86583],[-75.279755,39.865763],[-75.279638,39.865596],[-75.27945,39.865312],[-75.278896,39.864473],[-75.278889,39.864461],[-75.278781,39.864248],[-75.278754,39.864181],[-75.278743,39.864155],[-75.278682,39.864055],[-75.278733,39.863993],[-75.279052,39.863616],[-75.282906,39.863101],[-75.285167,39.86287],[-75.289521,39.862295],[-75.289889,39.862352],[-75.290895,39.862558],[-75.291851,39.86307],[-75.292413,39.863588],[-75.293556,39.86475],[-75.293533,39.865471]]]}},{"type":"Feature","properties":{"id":"us-arealm-110169620056","name":"Frasca Field Indl Park","zone_type":"industrial_park","site_class":"industrial_landuse","coastal_inland_label":"inland","state_fips":"17","mtfcc":"K2362","aland":528710,"awater":0},"geometry":{"type":"Polygon","coordinates":[[[-88.201852,40.134984],[-88.200763,40.135046],[-88.200778,40.13526],[-88.200776,40.135546],[-88.200782,40.135798],[-88.200785,40.13593],[-88.200792,40.13623],[-88.200793,40.136603],[-88.200799,40.138238],[-88.200799,40.138358],[-88.20082,40.140102],[-88.200811,40.140549],[-88.200826,40.141855],[-88.200819,40.141915],[-88.200738,40.141953],[-88.200681,40.141967],[-88.20062,40.141972],[-88.199742,40.141979],[-88.195303,40.142012],[-88.192738,40.142009],[-88.191098,40.142014],[-88.190907,40.142006],[-88.19081,40.142013],[-88.190685,40.142022],[-88.190928,40.141626],[-88.191028,40.141436],[-88.191083,40.141334],[-88.191306,40.140957],[-88.192132,40.139567],[-88.192391,40.139131],[-88.192424,40.139075],[-88.19268,40.138643],[-88.192734,40.138552],[-88.192849,40.138359],[-88.193799,40.136761],[-88.19414,40.136159],[-88.19455,40.135436],[-88.19458,40.135404],[-88.194639,40.135358],[-88.194662,40.135332],[-88.194674,40.135312],[-88.194695,40.135269],[-88.194743,40.135188],[-88.194731,40.135243],[-88.194732,40.135271],[-88.194738,40.135298],[-88.194747,40.13532],[-88.19476,40.135342],[-88.194775,40.135362],[-88.194794,40.135381],[-88.194817,40.135405],[-88.194842,40.135429],[-88.194916,40.135489],[-88.194982,40.135534],[-88.19503,40.135549],[-88.195177,40.135583],[-88.195335,40.135601],[-88.195473,40.135602],[-88.195606,40.135588],[-88.19575,40.135556],[-88.197601,40.13504],[-88.198373,40.134829],[-88.198592,40.134779],[-88.198807,40.134746],[-88.199024,40.134727],[-88.199225,40.134719],[-88.199426,40.134722],[-88.199657,40.134741],[-88.200728,40.134868],[-88.201007,40.134897],[-88.201619,40.134934],[-88.201822,40.134954],[-88.201884,40.13496],[-88.201852,40.134984]]]}},{"type":"Feature","properties":{"id":"us-arealm-110159013090","name":"North Indl Park","zone_type":"industrial_park","site_class":"industrial_landuse","coastal_inland_label":"inland","state_fips":"13","mtfcc":"K2362","aland":527509,"awater":0},"geometry":{"type":"Polygon","coordinates":[[[-83.661968,31.731339],[-83.661673,31.73182],[-83.66044,31.732781],[-83.660148,31.733201],[-83.660038,31.73336],[-83.658934,31.732401],[-83.659074,31.732071],[-83.657868,31.731453],[-83.657458,31.731157],[-83.654322,31.726992],[-83.654334,31.726561],[-83.654335,31.726504],[-83.654341,31.726296],[-83.654369,31.724833],[-83.654391,31.723662],[-83.659321,31.723675],[-83.659558,31.723676],[-83.659612,31.724102],[-83.661031,31.725454],[-83.661299,31.726301],[-83.661968,31.730217],[-83.661968,31.731339]]]}},{"type":"Feature","properties":{"id":"us-arealm-11072771908","name":"Industrail Park-South Phase II","zone_type":"industrial_park","site_class":"industrial_landuse","coastal_inland_label":"inland","state_fips":"19","mtfcc":"K2362","aland":520430,"awater":0},"geometry":{"type":"Polygon","coordinates":[[[-90.929164,41.600429],[-90.929164,41.602933],[-90.929164,41.602998],[-90.929164,41.603302],[-90.928504,41.603252],[-90.927343,41.603123],[-90.92645,41.602976],[-90.926185,41.602932],[-90.924667,41.602684],[-90.923904,41.602558],[-90.922813,41.602391],[-90.922284,41.602319],[-90.921902,41.602278],[-90.921443,41.602228],[-90.920493,41.602151],[-90.920297,41.602136],[-90.919733,41.602093],[-90.919384,41.602066],[-90.919153,41.602035],[-90.919164,41.601484],[-90.918096,41.601099],[-90.919312,41.597197],[-90.925229,41.597224],[-90.925773,41.597227],[-90.926016,41.597228],[-90.927065,41.597225],[-90.927169,41.597225],[-90.927274,41.597225],[-90.929165,41.59722],[-90.929164,41.600429]]]}},{"type":"Feature","properties":{"id":"us-arealm-11061922274","name":"Industrial Building or Industrial Park","zone_type":"industrial_park","site_class":"industrial_landuse","coastal_inland_label":"inland","state_fips":"26","mtfcc":"K2362","aland":511487,"awater":0},"geometry":{"type":"Polygon","coordinates":[[[-82.85608,42.596813],[-82.856071,42.597568],[-82.855969,42.599201],[-82.855823,42.601373],[-82.855506,42.605822],[-82.855478,42.605976],[-82.855394,42.606226],[-82.855379,42.6063],[-82.855358,42.606577],[-82.855301,42.60755],[-82.855283,42.607663],[-82.855257,42.60776],[-82.855218,42.607842],[-82.855114,42.607988],[-82.855002,42.60812],[-82.854941,42.608221],[-82.854903,42.608327],[-82.854879,42.608442],[-82.854855,42.608675],[-82.854773,42.609662],[-82.853296,42.609609],[-82.851888,42.609551],[-82.851626,42.60953],[-82.851537,42.609505],[-82.85147,42.609473],[-82.851453,42.609456],[-82.85142,42.609405],[-82.851403,42.609343],[-82.851529,42.607247],[-82.851661,42.605088],[-82.852365,42.593514],[-82.852385,42.593023],[-82.853339,42.592936],[-82.853499,42.592916],[-82.853637,42.592888],[-82.853763,42.592854],[-82.85396,42.59279],[-82.853722,42.596338],[-82.855638,42.596385],[-82.855769,42.596401],[-82.85586,42.596428],[-82.85594,42.596467],[-82.855977,42.59649],[-82.856035,42.596553],[-82.856066,42.596617],[-82.856074,42.59665],[-82.85608,42.596813]]]}},{"type":"Feature","properties":{"id":"us-arealm-110422546313","name":"Keyspan","zone_type":"industrial_park","site_class":"industrial_landuse","coastal_inland_label":"inland","state_fips":"36","mtfcc":"K2362","aland":509518,"awater":0},"geometry":{"type":"Polygon","coordinates":[[[-73.936504,40.721247],[-73.935041,40.721669],[-73.935284,40.722318],[-73.935589,40.722991],[-73.934012,40.723404],[-73.932441,40.723814],[-73.930871,40.72422],[-73.929195,40.724646],[-73.927806,40.72505],[-73.927743,40.724811],[-73.925579,40.720285],[-73.924848,40.720265],[-73.92418,40.72002],[-73.925237,40.71972],[-73.931605,40.71801],[-73.934704,40.717209],[-73.934983,40.717838],[-73.935287,40.718521],[-73.935606,40.719222],[-73.935883,40.719863],[-73.936209,40.720576],[-73.936504,40.721247]]]}},{"type":"Feature","properties":{"id":"us-arealm-110743269105","name":"Waste Water Treatment Faclty","zone_type":"industrial_park","site_class":"industrial_landuse","coastal_inland_label":"inland","state_fips":"06","mtfcc":"K2362","aland":507378,"awater":0},"geometry":{"type":"Polygon","coordinates":[[[-119.433136,36.535485],[-119.430482,36.535482],[-119.430458,36.53623],[-119.430409,36.538157],[-119.430385,36.538825],[-119.430274,36.538818],[-119.428251,36.538809],[-119.428224,36.538808],[-119.428144,36.538807],[-119.428118,36.538807],[-119.427846,36.538804],[-119.425031,36.538809],[-119.422564,36.538815],[-119.422536,36.536777],[-119.425338,36.536765],[-119.42536,36.534811],[-119.425395,36.531725],[-119.425526,36.531726],[-119.425919,36.53173],[-119.426051,36.531732],[-119.426929,36.531738],[-119.429564,36.531757],[-119.430443,36.531764],[-119.430537,36.531764],[-119.430822,36.531765],[-119.430891,36.531766],[-119.430917,36.531766],[-119.431036,36.531767],[-119.431394,36.531773],[-119.431514,36.531775],[-119.43156,36.531775],[-119.431701,36.531775],[-119.431748,36.531776],[-119.431907,36.531777],[-119.432384,36.53178],[-119.432544,36.531781],[-119.432544,36.532617],[-119.433124,36.532622],[-119.433136,36.535485]]]}},{"type":"Feature","properties":{"id":"us-arealm-110479944609","name":"Turnpike Indl Park","zone_type":"industrial_park","site_class":"industrial_landuse","coastal_inland_label":"inland","state_fips":"42","mtfcc":"K2362","aland":461105,"awater":0},"geometry":{"type":"Polygon","coordinates":[[[-76.786889,40.218192],[-76.78636,40.218606],[-76.786214,40.218738],[-76.786091,40.218942],[-76.785986,40.219356],[-76.785948,40.219511],[-76.785867,40.219928],[-76.785792,40.220177],[-76.785649,40.220438],[-76.785444,40.220661],[-76.785187,40.220867],[-76.784512,40.221323],[-76.78434,40.22144],[-76.783773,40.221766],[-76.783501,40.221889],[-76.783494,40.221837],[-76.783492,40.221814],[-76.783453,40.221589],[-76.783417,40.22147],[-76.783362,40.22136],[-76.783292,40.22125],[-76.783273,40.22123],[-76.783196,40.22115],[-76.783116,40.221079],[-76.782977,40.220984],[-76.782821,40.220915],[-76.782682,40.220864],[-76.782635,40.220847],[-76.781304,40.22046],[-76.78128,40.220453],[-76.780811,40.220324],[-76.780376,40.220195],[-76.780124,40.220121],[-76.779845,40.220047],[-76.779697,40.220024],[-76.779579,40.220014],[-76.779446,40.22001],[-76.77928,40.220011],[-76.77904,40.220023],[-76.778588,40.220048],[-76.778088,40.220074],[-76.777447,40.220109],[-76.777012,40.220122],[-76.776586,40.22016],[-76.776518,40.220167],[-76.7764,40.22018],[-76.776115,40.220235],[-76.776095,40.220239],[-76.77611,40.220128],[-76.776155,40.219799],[-76.776157,40.219786],[-76.77617,40.219689],[-76.776192,40.219427],[-76.776221,40.21909],[-76.776265,40.218645],[-76.776292,40.218385],[-76.776561,40.21839],[-76.776609,40.218384],[-76.776779,40.218365],[-76.777307,40.218246],[-76.777384,40.21819],[-76.777481,40.21811],[-76.777494,40.218093],[-76.777692,40.217844],[-76.777827,40.217672],[-76.778234,40.217159],[-76.77837,40.216988],[-76.778186,40.216877],[-76.778123,40.216845],[-76.778051,40.21681],[-76.777961,40.216772],[-76.777323,40.216545],[-76.777055,40.21645],[-76.777125,40.216327],[-76.777198,40.216213],[-76.777269,40.21613],[-76.777348,40.216063],[-76.777392,40.216027],[-76.777563,40.215898],[-76.77833,40.215346],[-76.778531,40.215189],[-76.778769,40.215005],[-76.778918,40.214889],[-76.779045,40.214913],[-76.779237,40.214948],[-76.779485,40.214989],[-76.779871,40.215053],[-76.78017,40.215086],[-76.780547,40.215139],[-76.780866,40.215174],[-76.781202,40.215201],[-76.781314,40.21521],[-76.781778,40.215238],[-76.782177,40.215276],[-76.782399,40.215294],[-76.782444,40.215298],[-76.782551,40.215308],[-76.782999,40.215318],[-76.78321,40.215314],[-76.783484,40.215342],[-76.784403,40.215342],[-76.784752,40.215379],[-76.785232,40.215431],[-76.785699,40.215495],[-76.785871,40.215585],[-76.786024,40.21568],[-76.786115,40.215799],[-76.786331,40.216175],[-76.786556,40.216787],[-76.786847,40.21758],[-76.786946,40.21803],[-76.786889,40.218192]]]}},{"type":"Feature","properties":{"id":"us-arealm-110372503216","name":"Henderson Twp Indl Park","zone_type":"industrial_park","site_class":"industrial_landuse","coastal_inland_label":"inland","state_fips":"42","mtfcc":"K2362","aland":455545,"awater":0},"geometry":{"type":"Polygon","coordinates":[[[-78.842681,41.017423],[-78.839461,41.018652],[-78.836275,41.021456],[-78.836107,41.021333],[-78.835452,41.020732],[-78.834957,41.020295],[-78.834431,41.019911],[-78.833999,41.019573],[-78.833776,41.01929],[-78.833465,41.018877],[-78.833241,41.018599],[-78.833113,41.01844],[-78.832691,41.017928],[-78.832304,41.017422],[-78.83196,41.016945],[-78.831832,41.016793],[-78.831207,41.016239],[-78.831037,41.016046],[-78.830968,41.015952],[-78.830913,41.015876],[-78.83062,41.015425],[-78.830296,41.014851],[-78.830155,41.014739],[-78.830235,41.014646],[-78.830469,41.014353],[-78.830639,41.014081],[-78.830648,41.014062],[-78.830833,41.013759],[-78.830943,41.013577],[-78.831087,41.013321],[-78.831307,41.012873],[-78.831965,41.013118],[-78.834968,41.014255],[-78.839974,41.016138],[-78.840127,41.016195],[-78.842918,41.01655],[-78.842681,41.017423]]]}},{"type":"Feature","properties":{"id":"us-arealm-110184909598","name":"Patuxent Indl Park","zone_type":"industrial_park","site_class":"industrial_landuse","coastal_inland_label":"inland","state_fips":"24","mtfcc":"K2362","aland":454055,"awater":1502},"geometry":{"type":"Polygon","coordinates":[[[-76.79184,39.14477],[-76.79181,39.144886],[-76.79178,39.14503],[-76.791753,39.145174],[-76.791745,39.145379],[-76.791741,39.145477],[-76.791725,39.1458],[-76.791713,39.146064],[-76.791693,39.146293],[-76.791655,39.146481],[-76.791619,39.146619],[-76.791569,39.146737],[-76.79152,39.146834],[-76.791429,39.146978],[-76.791349,39.147072],[-76.79125,39.14718],[-76.791088,39.147315],[-76.790947,39.147423],[-76.790815,39.147511],[-76.790637,39.147617],[-76.790474,39.147693],[-76.790149,39.147851],[-76.789493,39.148176],[-76.78856,39.148618],[-76.787732,39.149008],[-76.787037,39.149343],[-76.786609,39.149561],[-76.786031,39.149002],[-76.785403,39.148368],[-76.784758,39.147735],[-76.784123,39.147106],[-76.783462,39.146438],[-76.782899,39.145881],[-76.782725,39.145692],[-76.782611,39.145538],[-76.782505,39.14538],[-76.782452,39.145277],[-76.782403,39.145142],[-76.782382,39.145033],[-76.78236,39.144906],[-76.782365,39.14476],[-76.78239,39.144574],[-76.782621,39.143812],[-76.783158,39.143124],[-76.783256,39.142997],[-76.783476,39.142789],[-76.783647,39.142657],[-76.783795,39.142565],[-76.783972,39.142476],[-76.784146,39.142409],[-76.78433,39.142355],[-76.784485,39.14232],[-76.784727,39.142286],[-76.785052,39.142278],[-76.785415,39.142284],[-76.785855,39.142295],[-76.786793,39.14235],[-76.788155,39.142438],[-76.789465,39.14255],[-76.789863,39.142594],[-76.791872,39.144693],[-76.79184,39.14477]],[[-76.784691,39.146193],[-76.784486,39.14589],[-76.784468,39.145863],[-76.784153,39.145503],[-76.783836,39.145956],[-76.783593,39.146306],[-76.785015,39.146607],[-76.784691,39.146193]]]}},{"type":"Feature","properties":{"id":"us-arealm-1101931424682","name":"US Steel Indl Park","zone_type":"industrial_park","site_class":"industrial_landuse","coastal_inland_label":"inland","state_fips":"42","mtfcc":"K2362","aland":450710,"awater":0},"geometry":{"type":"Polygon","coordinates":[[[-74.772658,40.174651],[-74.771799,40.174845],[-74.770843,40.17505],[-74.770002,40.175242],[-74.769634,40.175322],[-74.76738,40.175812],[-74.767196,40.175859],[-74.766544,40.174117],[-74.766485,40.173945],[-74.766447,40.173858],[-74.766411,40.173777],[-74.766323,40.173614],[-74.766219,40.173455],[-74.7652,40.172103],[-74.764588,40.171264],[-74.764541,40.171206],[-74.764412,40.171027],[-74.764296,40.170842],[-74.764196,40.170653],[-74.764108,40.170459],[-74.764037,40.170262],[-74.76398,40.170062],[-74.763878,40.16957],[-74.763817,40.169299],[-74.763725,40.168893],[-74.764615,40.168772],[-74.766187,40.168572],[-74.769471,40.168146],[-74.770753,40.167983],[-74.771077,40.167945],[-74.771768,40.170928],[-74.771875,40.171334],[-74.771997,40.171737],[-74.772133,40.172138],[-74.772285,40.172536],[-74.77247,40.172991],[-74.773127,40.174549],[-74.772658,40.174651]]]}},{"type":"Feature","properties":{"id":"us-arealm-110471901403","name":"Rapho Indl Park","zone_type":"industrial_park","site_class":"industrial_landuse","coastal_inland_label":"inland","state_fips":"42","mtfcc":"K2362","aland":442315,"awater":0},"geometry":{"type":"Polygon","coordinates":[[[-76.477007,40.123536],[-76.476914,40.123548],[-76.476884,40.12355],[-76.476112,40.123614],[-76.475607,40.123644],[-76.47532,40.123669],[-76.473279,40.123817],[-76.472932,40.123845],[-76.472387,40.123907],[-76.471939,40.123972],[-76.471501,40.124047],[-76.471154,40.124118],[-76.470574,40.124247],[-76.470465,40.124223],[-76.47017,40.124188],[-76.469883,40.124141],[-76.469163,40.124018],[-76.469084,40.124005],[-76.468785,40.123938],[-76.468563,40.123878],[-76.468389,40.123823],[-76.46831,40.123653],[-76.463505,40.120708],[-76.465969,40.11862],[-76.466725,40.117979],[-76.468959,40.116581],[-76.469051,40.116684],[-76.46913,40.116809],[-76.469195,40.116961],[-76.46925,40.117212],[-76.469288,40.117417],[-76.469343,40.117625],[-76.469405,40.117876],[-76.469514,40.118086],[-76.469608,40.118297],[-76.469741,40.118543],[-76.469867,40.118744],[-76.46997,40.118848],[-76.470129,40.119007],[-76.470521,40.119244],[-76.471038,40.119535],[-76.471872,40.120144],[-76.472237,40.120397],[-76.473115,40.121019],[-76.473851,40.121549],[-76.474203,40.121825],[-76.474432,40.122002],[-76.47458,40.122061],[-76.474734,40.122118],[-76.474869,40.122148],[-76.47503,40.122182],[-76.475286,40.122231],[-76.475764,40.122316],[-76.475991,40.122357],[-76.47611,40.122382],[-76.476288,40.122439],[-76.476435,40.122506],[-76.476535,40.12255],[-76.476616,40.122608],[-76.476684,40.122664],[-76.476727,40.122717],[-76.476785,40.122785],[-76.476842,40.122865],[-76.476888,40.12295],[-76.4769,40.12299],[-76.476972,40.123223],[-76.477007,40.123536]]]}},{"type":"Feature","properties":{"id":"us-arealm-110440707299","name":"Schneidman Indl Park","zone_type":"industrial_park","site_class":"industrial_landuse","coastal_inland_label":"inland","state_fips":"17","mtfcc":"K2362","aland":436168,"awater":0},"geometry":{"type":"Polygon","coordinates":[[[-91.387026,39.959029],[-91.387012,39.959478],[-91.386974,39.962052],[-91.386967,39.962698],[-91.386967,39.962738],[-91.386953,39.963115],[-91.385687,39.963115],[-91.383753,39.963116],[-91.377376,39.963118],[-91.377378,39.96243],[-91.377378,39.96225],[-91.377379,39.962079],[-91.377379,39.961886],[-91.377379,39.96184],[-91.377387,39.961532],[-91.377406,39.960846],[-91.377404,39.960694],[-91.377404,39.960643],[-91.377403,39.960543],[-91.377414,39.959911],[-91.377422,39.959454],[-91.377427,39.958818],[-91.377427,39.958631],[-91.37743,39.958517],[-91.377471,39.958544],[-91.377621,39.958632],[-91.377824,39.958669],[-91.37822,39.95891],[-91.378296,39.958964],[-91.3787,39.958937],[-91.379067,39.958906],[-91.37937,39.958875],[-91.379623,39.958856],[-91.379949,39.958841],[-91.380332,39.958815],[-91.380482,39.958713],[-91.380697,39.958578],[-91.380817,39.958398],[-91.380829,39.958276],[-91.380939,39.958149],[-91.380958,39.957998],[-91.380954,39.95777],[-91.380959,39.957659],[-91.381051,39.957536],[-91.381158,39.957457],[-91.38136,39.957404],[-91.381644,39.957362],[-91.381833,39.957448],[-91.381993,39.957602],[-91.382124,39.957677],[-91.382443,39.957759],[-91.382773,39.95778],[-91.382965,39.95785],[-91.383081,39.957849],[-91.383745,39.958142],[-91.38408,39.958223],[-91.384528,39.958184],[-91.384596,39.958195],[-91.384981,39.958297],[-91.385208,39.958383],[-91.385651,39.958524],[-91.385856,39.958616],[-91.386146,39.95863],[-91.386428,39.958621],[-91.386686,39.958468],[-91.38674,39.958234],[-91.386808,39.958021],[-91.387022,39.957914],[-91.387026,39.959029]]]}},{"type":"Feature","properties":{"id":"us-arealm-1101438253330","name":"Salt Evaporators","zone_type":"industrial_park","site_class":"industrial_landuse","coastal_inland_label":"inland","state_fips":"06","mtfcc":"K2362","aland":433090,"awater":0},"geometry":{"type":"Polygon","coordinates":[[[-115.208451,34.260185],[-115.208443,34.2609],[-115.208444,34.261095],[-115.208447,34.26168],[-115.208449,34.261875],[-115.20845,34.261977],[-115.208448,34.262126],[-115.208439,34.262879],[-115.208437,34.263131],[-115.207947,34.263135],[-115.206477,34.263148],[-115.205988,34.263153],[-115.205949,34.263153],[-115.205834,34.263153],[-115.205796,34.263153],[-115.205312,34.263155],[-115.204591,34.263159],[-115.203863,34.263149],[-115.20338,34.263143],[-115.203342,34.263143],[-115.203232,34.263143],[-115.203195,34.263143],[-115.202691,34.263145],[-115.201944,34.263148],[-115.201182,34.263141],[-115.200679,34.263137],[-115.199499,34.263155],[-115.198076,34.263177],[-115.195962,34.263139],[-115.195206,34.263126],[-115.195113,34.263036],[-115.195191,34.262753],[-115.195295,34.262635],[-115.19561,34.262282],[-115.195715,34.262165],[-115.195729,34.26192],[-115.195772,34.261189],[-115.195787,34.260945],[-115.195426,34.260838],[-115.197992,34.260934],[-115.197362,34.260901],[-115.196052,34.260835],[-115.196183,34.260267],[-115.196323,34.259659],[-115.197141,34.259696],[-115.198111,34.259741],[-115.199595,34.2598],[-115.200414,34.259834],[-115.200475,34.259834],[-115.200658,34.259834],[-115.200719,34.259834],[-115.200904,34.259833],[-115.201462,34.25983],[-115.201649,34.25983],[-115.201937,34.259829],[-115.201951,34.259829],[-115.202858,34.259849],[-115.203161,34.259856],[-115.203196,34.259856],[-115.203304,34.259856],[-115.20334,34.259856],[-115.203824,34.259844],[-115.204538,34.259828],[-115.205277,34.259841],[-115.205762,34.25985],[-115.205799,34.259848],[-115.20591,34.259845],[-115.205948,34.259845],[-115.206662,34.259834],[-115.207152,34.259828],[-115.207733,34.25983],[-115.208456,34.259833],[-115.208451,34.260185]]]}},{"type":"Feature","properties":{"id":"us-arealm-11097796305","name":"Gretna Indl Park","zone_type":"industrial_park","site_class":"industrial_landuse","coastal_inland_label":"inland","state_fips":"12","mtfcc":"K2362","aland":431996,"awater":0},"geometry":{"type":"Polygon","coordinates":[[[-84.659284,30.593149],[-84.659002,30.594474],[-84.658847,30.595205],[-84.658839,30.595239],[-84.658691,30.595936],[-84.658691,30.596121],[-84.658691,30.596134],[-84.658558,30.596662],[-84.658544,30.596715],[-84.658513,30.596843],[-84.658412,30.597276],[-84.658118,30.598553],[-84.658124,30.598577],[-84.658245,30.599006],[-84.658175,30.599006],[-84.657964,30.599006],[-84.657895,30.599006],[-84.656909,30.599008],[-84.653954,30.599015],[-84.652969,30.599018],[-84.652924,30.597582],[-84.652789,30.593274],[-84.652749,30.592008],[-84.652745,30.591877],[-84.652744,30.591839],[-84.653425,30.591898],[-84.65526,30.59206],[-84.655469,30.59208],[-84.65598,30.59213],[-84.65607,30.59214],[-84.65615,30.59214],[-84.656806,30.592204],[-84.65807,30.59233],[-84.658266,30.592347],[-84.658776,30.592393],[-84.658942,30.592408],[-84.65913,30.592425],[-84.659433,30.592453],[-84.659284,30.593149]]]}},{"type":"Feature","properties":{"id":"us-arealm-110447021866","name":"Industrial Building or Industrial Park","zone_type":"industrial_park","site_class":"industrial_landuse","coastal_inland_label":"inland","state_fips":"12","mtfcc":"K2362","aland":427814,"awater":0},"geometry":{"type":"Polygon","coordinates":[[[-80.134734,26.094716],[-80.1347,26.094908],[-80.134598,26.095483],[-80.134565,26.095676],[-80.134526,26.09586],[-80.134411,26.096415],[-80.134373,26.0966],[-80.133983,26.096604],[-80.132937,26.096617],[-80.132814,26.096622],[-80.132658,26.09663],[-80.132425,26.096634],[-80.131644,26.096653],[-80.129303,26.096711],[-80.128523,26.096731],[-80.127683,26.096754],[-80.125163,26.096823],[-80.124324,26.096847],[-80.12432,26.096481],[-80.12431,26.095386],[-80.124307,26.095021],[-80.124298,26.094625],[-80.124283,26.093887],[-80.12429,26.093439],[-80.124295,26.093179],[-80.124296,26.093096],[-80.124297,26.093039],[-80.12434,26.093039],[-80.124466,26.093043],[-80.12451,26.09304],[-80.124674,26.093037],[-80.125015,26.093026],[-80.126531,26.092982],[-80.127037,26.092968],[-80.128391,26.09293],[-80.129218,26.092932],[-80.129469,26.092956],[-80.129643,26.092973],[-80.129995,26.093006],[-80.130398,26.093003],[-80.132335,26.09296],[-80.134511,26.092903],[-80.134718,26.092898],[-80.1347,26.09309],[-80.134648,26.093665],[-80.134631,26.093858],[-80.134651,26.094029],[-80.134713,26.094544],[-80.134734,26.094716]]]}},{"type":"Feature","properties":{"id":"us-arealm-110277139783","name":"General Motors Corp-Truck & Bus Plnt","zone_type":"industrial_park","site_class":"industrial_landuse","coastal_inland_label":"inland","state_fips":"55","mtfcc":"K2362","aland":425115,"awater":0},"geometry":{"type":"Polygon","coordinates":[[[-89.027127,42.667204],[-89.0267,42.667123],[-89.025839,42.666878],[-89.025005,42.666653],[-89.024239,42.666437],[-89.023242,42.666174],[-89.022846,42.666091],[-89.022464,42.665998],[-89.022123,42.665944],[-89.020253,42.665917],[-89.019846,42.665885],[-89.019744,42.665867],[-89.019506,42.665936],[-89.019321,42.665838],[-89.019178,42.665627],[-89.019148,42.664045],[-89.017746,42.66404],[-89.017673,42.66115],[-89.017651,42.660273],[-89.017639,42.659793],[-89.017637,42.659712],[-89.01838,42.659455],[-89.018563,42.659452],[-89.020047,42.659516],[-89.020657,42.65955],[-89.021147,42.659631],[-89.021576,42.659714],[-89.022215,42.659987],[-89.022567,42.660206],[-89.023517,42.660684],[-89.024035,42.661005],[-89.024552,42.661295],[-89.02478,42.661456],[-89.025173,42.661674],[-89.025278,42.661792],[-89.025424,42.661895],[-89.02555,42.662027],[-89.025696,42.662145],[-89.025769,42.662256],[-89.025803,42.662308],[-89.025834,42.662363],[-89.025868,42.662426],[-89.025913,42.662561],[-89.025999,42.662724],[-89.026066,42.662918],[-89.026097,42.663247],[-89.026123,42.664026],[-89.026112,42.664326],[-89.026143,42.664655],[-89.026133,42.664955],[-89.026141,42.665225],[-89.026114,42.66563],[-89.026103,42.665915],[-89.026088,42.666096],[-89.026095,42.66629],[-89.026141,42.666454],[-89.026247,42.666617],[-89.026373,42.666735],[-89.026462,42.666806],[-89.02654,42.666867],[-89.026725,42.666954],[-89.026953,42.667085],[-89.027045,42.66713],[-89.027127,42.667204]]]}},{"type":"Feature","properties":{"id":"us-arealm-1108311216197","name":"Walmart Distribution Ctr","zone_type":"industrial_park","site_class":"industrial_landuse","coastal_inland_label":"inland","state_fips":"10","mtfcc":"K2362","aland":424859,"awater":0},"geometry":{"type":"Polygon","coordinates":[[[-75.626076,39.286652],[-75.625128,39.288182],[-75.624072,39.28848],[-75.620415,39.286923],[-75.620347,39.286286],[-75.615728,39.284038],[-75.618532,39.280652],[-75.619656,39.280164],[-75.622848,39.282646],[-75.626564,39.28565],[-75.626076,39.286652]]]}},{"type":"Feature","properties":{"id":"us-arealm-110928298838","name":"Boeing Assembly Plnt","zone_type":"industrial_park","site_class":"industrial_landuse","coastal_inland_label":"inland","state_fips":"53","mtfcc":"K2362","aland":413697,"awater":0},"geometry":{"type":"Polygon","coordinates":[[[-122.277106,47.92678],[-122.275669,47.92678],[-122.275669,47.928734],[-122.271731,47.928734],[-122.268841,47.928734],[-122.268482,47.928734],[-122.268482,47.928306],[-122.266446,47.928306],[-122.266446,47.92381],[-122.266451,47.923582],[-122.266454,47.923486],[-122.273448,47.923487],[-122.277066,47.923489],[-122.277066,47.924854],[-122.274671,47.924854],[-122.274671,47.925844],[-122.277106,47.925844],[-122.277106,47.92678]]]}},{"type":"Feature","properties":{"id":"us-arealm-1103018971563","name":"Burlington Indl Park","zone_type":"industrial_park","site_class":"industrial_landuse","coastal_inland_label":"inland","state_fips":"20","mtfcc":"K2362","aland":409842,"awater":2098},"geometry":{"type":"Polygon","coordinates":[[[-95.74468,38.170834],[-95.744641,38.172213],[-95.744594,38.17388],[-95.74426,38.173887],[-95.741164,38.173873],[-95.7412,38.172487],[-95.741205,38.172198],[-95.741209,38.172008],[-95.738846,38.171999],[-95.73886,38.171145],[-95.738879,38.170143],[-95.738896,38.168676],[-95.738901,38.168334],[-95.738923,38.167021],[-95.738929,38.165017],[-95.73893,38.1646],[-95.73893,38.164461],[-95.73906,38.164448],[-95.739129,38.164447],[-95.739129,38.164505],[-95.73927,38.164505],[-95.73927,38.164452],[-95.739289,38.164452],[-95.740867,38.164456],[-95.743688,38.164463],[-95.743686,38.16493],[-95.743684,38.165027],[-95.743674,38.168387],[-95.742606,38.168388],[-95.742601,38.17019],[-95.742792,38.170193],[-95.74312,38.170197],[-95.743241,38.170199],[-95.744313,38.170192],[-95.744408,38.170191],[-95.744637,38.170189],[-95.744679,38.170189],[-95.744665,38.170323],[-95.744669,38.170776],[-95.74468,38.170834]]]}},{"type":"Feature","properties":{"id":"us-arealm-1103729373598","name":"Ford","zone_type":"industrial_park","site_class":"industrial_landuse","coastal_inland_label":"inland","state_fips":"26","mtfcc":"K2362","aland":408415,"awater":0},"geometry":{"type":"Polygon","coordinates":[[[-83.286279,42.178879],[-83.285109,42.178897],[-83.278635,42.179025],[-83.278553,42.179021],[-83.278455,42.179001],[-83.278406,42.178978],[-83.278375,42.178957],[-83.278344,42.178928],[-83.278327,42.178899],[-83.278315,42.178865],[-83.278309,42.17881],[-83.278204,42.176389],[-83.278183,42.175996],[-83.278171,42.175933],[-83.278146,42.175889],[-83.277707,42.175401],[-83.277687,42.175368],[-83.277678,42.17534],[-83.277674,42.175306],[-83.277631,42.173687],[-83.277634,42.173634],[-83.277657,42.173558],[-83.277695,42.173497],[-83.277724,42.17347],[-83.277791,42.173428],[-83.277869,42.173408],[-83.277938,42.173398],[-83.278074,42.173391],[-83.285126,42.173244],[-83.285319,42.173253],[-83.285393,42.173265],[-83.285463,42.173292],[-83.285528,42.173329],[-83.285593,42.173408],[-83.285613,42.173452],[-83.285627,42.173511],[-83.2857,42.174809],[-83.285712,42.174991],[-83.285745,42.175153],[-83.285836,42.175407],[-83.285946,42.175615],[-83.285994,42.175718],[-83.286056,42.175897],[-83.286079,42.175989],[-83.286095,42.176107],[-83.2861,42.176252],[-83.286095,42.17636],[-83.286055,42.176552],[-83.285953,42.176893],[-83.285915,42.177105],[-83.28589,42.177379],[-83.285895,42.177461],[-83.285929,42.17775],[-83.285958,42.177866],[-83.286023,42.178084],[-83.286064,42.17819],[-83.286179,42.178403],[-83.28624,42.178498],[-83.286264,42.17857],[-83.286274,42.178637],[-83.286279,42.178879]]]}},{"type":"Feature","properties":{"id":"us-arealm-110380385808","name":"Underwriters Laboritories","zone_type":"industrial_park","site_class":"industrial_landuse","coastal_inland_label":"inland","state_fips":"17","mtfcc":"K2362","aland":403349,"awater":0},"geometry":{"type":"Polygon","coordinates":[[[-87.848305,42.144262],[-87.848288,42.144768],[-87.848279,42.145249],[-87.848273,42.145579],[-87.847987,42.145575],[-87.847914,42.145625],[-87.847894,42.146366],[-87.847889,42.146625],[-87.847883,42.146934],[-87.847871,42.147438],[-87.84787,42.147728],[-87.847865,42.148256],[-87.847864,42.148422],[-87.847843,42.148774],[-87.847792,42.148868],[-87.847708,42.148937],[-87.84758,42.148984],[-87.847205,42.148988],[-87.846754,42.148981],[-87.845396,42.148947],[-87.844549,42.148922],[-87.844173,42.148908],[-87.843984,42.148895],[-87.843761,42.148859],[-87.843126,42.148749],[-87.8416,42.148473],[-87.841114,42.148385],[-87.84071,42.148316],[-87.840508,42.148243],[-87.840372,42.148193],[-87.839754,42.147949],[-87.839568,42.147866],[-87.839422,42.147802],[-87.839324,42.147745],[-87.839174,42.147618],[-87.839122,42.147562],[-87.839019,42.147423],[-87.838816,42.147105],[-87.838396,42.146423],[-87.838297,42.146239],[-87.838285,42.14621],[-87.838271,42.14615],[-87.838267,42.146085],[-87.83828,42.146001],[-87.838291,42.145972],[-87.83838,42.145836],[-87.838618,42.145507],[-87.838618,42.145474],[-87.838618,42.14545],[-87.838944,42.145464],[-87.838944,42.145229],[-87.838945,42.144987],[-87.83895,42.143871],[-87.83895,42.143774],[-87.840145,42.143791],[-87.840948,42.143803],[-87.841216,42.143801],[-87.841511,42.143823],[-87.841737,42.143831],[-87.84229,42.143851],[-87.842958,42.143881],[-87.843085,42.143887],[-87.843626,42.1439],[-87.844109,42.14391],[-87.844256,42.143914],[-87.8449,42.143919],[-87.845265,42.143922],[-87.845583,42.143923],[-87.84563,42.143924],[-87.846014,42.143926],[-87.846397,42.143928],[-87.847258,42.143933],[-87.847633,42.143933],[-87.848317,42.143933],[-87.848305,42.144262]]]}},{"type":"Feature","properties":{"id":"us-arealm-110455555875","name":"Industrial Building or Industrial Park","zone_type":"industrial_park","site_class":"industrial_landuse","coastal_inland_label":"inland","state_fips":"13","mtfcc":"K2362","aland":339892,"awater":0},"geometry":{"type":"Polygon","coordinates":[[[-84.933937,32.436168],[-84.933566,32.436349],[-84.933518,32.436547],[-84.933461,32.436919],[-84.93344,32.437135],[-84.933387,32.437408],[-84.933335,32.437773],[-84.929012,32.437751],[-84.927027,32.437776],[-84.926783,32.437778],[-84.926676,32.437019],[-84.926597,32.436459],[-84.926474,32.434793],[-84.926429,32.433567],[-84.929169,32.433626],[-84.92917,32.433577],[-84.92918,32.433239],[-84.929216,32.432674],[-84.929262,32.431334],[-84.929299,32.430856],[-84.929356,32.430652],[-84.930517,32.431426],[-84.931144,32.432287],[-84.931373,32.432583],[-84.932325,32.433996],[-84.932419,32.434123],[-84.933748,32.435904],[-84.933937,32.436168]]]}},{"type":"Feature","properties":{"id":"us-arealm-1101438252222","name":"Well","zone_type":"industrial_park","site_class":"industrial_landuse","coastal_inland_label":"inland","state_fips":"06","mtfcc":"K2362","aland":320771,"awater":0},"geometry":{"type":"Polygon","coordinates":[[[-115.173625,34.253621],[-115.173466,34.253951],[-115.173468,34.254191],[-115.173475,34.254806],[-115.17348,34.254914],[-115.173494,34.255155],[-115.173498,34.255235],[-115.173511,34.255475],[-115.173516,34.255556],[-115.173521,34.255651],[-115.173536,34.255937],[-115.173542,34.256033],[-115.173548,34.25615],[-115.173567,34.256502],[-115.173574,34.25662],[-115.17359,34.256919],[-115.173638,34.257819],[-115.17364,34.257845],[-115.173647,34.25812],[-115.173653,34.258392],[-115.173673,34.259169],[-115.173672,34.25921],[-115.173671,34.259483],[-115.173669,34.259776],[-115.173666,34.260224],[-115.173574,34.260235],[-115.173562,34.260573],[-115.173552,34.260866],[-115.17354,34.261185],[-115.173506,34.262141],[-115.173495,34.262461],[-115.173477,34.26295],[-115.173447,34.263819],[-115.172846,34.263828],[-115.172357,34.263837],[-115.172282,34.263783],[-115.17206,34.263622],[-115.171986,34.263569],[-115.171992,34.263627],[-115.172002,34.263706],[-115.172013,34.263801],[-115.172018,34.263842],[-115.17202,34.26386],[-115.171893,34.263858],[-115.171513,34.263853],[-115.171387,34.263852],[-115.170906,34.263859],[-115.170402,34.263868],[-115.17046,34.262932],[-115.170491,34.262453],[-115.17051,34.262144],[-115.170542,34.261653],[-115.170552,34.261219],[-115.17056,34.260911],[-115.170566,34.260628],[-115.170588,34.25978],[-115.170595,34.259498],[-115.1706,34.259247],[-115.170602,34.259191],[-115.170589,34.258497],[-115.170585,34.258247],[-115.170579,34.257926],[-115.170573,34.257593],[-115.170561,34.256966],[-115.170556,34.256646],[-115.170553,34.256485],[-115.170549,34.256234],[-115.170544,34.256005],[-115.170542,34.255846],[-115.170536,34.255571],[-115.17053,34.255195],[-115.170519,34.254943],[-115.17051,34.254747],[-115.170499,34.254473],[-115.170308,34.253919],[-115.170098,34.25331],[-115.171192,34.253499],[-115.171769,34.253599],[-115.171869,34.253599],[-115.172169,34.2536],[-115.17227,34.253601],[-115.172294,34.253601],[-115.172367,34.253601],[-115.172392,34.253601],[-115.17261,34.253447],[-115.172709,34.253452],[-115.17368,34.253508],[-115.173625,34.253621]]]}},{"type":"Feature","properties":{"id":"us-arealm-1101211370407","name":"Larsen Indl Park","zone_type":"industrial_park","site_class":"industrial_landuse","coastal_inland_label":"inland","state_fips":"17","mtfcc":"K2362","aland":313716,"awater":0},"geometry":{"type":"Polygon","coordinates":[[[-88.310115,42.195371],[-88.307549,42.195366],[-88.306779,42.195199],[-88.305267,42.195265],[-88.305196,42.195317],[-88.305101,42.195204],[-88.302828,42.192515],[-88.301552,42.190958],[-88.30108,42.190329],[-88.301085,42.189179],[-88.305947,42.189162],[-88.306643,42.189187],[-88.306667,42.18924],[-88.306751,42.189417],[-88.306886,42.189701],[-88.307219,42.190429],[-88.307281,42.19055],[-88.307318,42.190621],[-88.307492,42.190911],[-88.307604,42.191105],[-88.307902,42.191618],[-88.307942,42.191686],[-88.308057,42.19188],[-88.308253,42.192211],[-88.308309,42.192306],[-88.308326,42.192333],[-88.308466,42.192561],[-88.308828,42.193215],[-88.308835,42.193228],[-88.309027,42.193546],[-88.309232,42.19389],[-88.309785,42.194814],[-88.30985,42.194922],[-88.310056,42.195266],[-88.310115,42.195371]]]}},{"type":"Feature","properties":{"id":"us-arealm-1101042398672","name":"G M Assembly Division","zone_type":"industrial_park","site_class":"industrial_landuse","coastal_inland_label":"inland","state_fips":"36","mtfcc":"K2362","aland":308791,"awater":0},"geometry":{"type":"Polygon","coordinates":[[[-73.87392,41.082897],[-73.873799,41.083811],[-73.873617,41.085452],[-73.873579,41.085508],[-73.873546,41.085516],[-73.873157,41.084931],[-73.871853,41.086893],[-73.871701,41.086857],[-73.87009,41.088737],[-73.869731,41.08887],[-73.869724,41.089994],[-73.869471,41.090043],[-73.869274,41.088891],[-73.869204,41.088334],[-73.869166,41.08814],[-73.868904,41.087098],[-73.868706,41.086452],[-73.868593,41.086147],[-73.868457,41.085721],[-73.868262,41.085226],[-73.867932,41.084462],[-73.867676,41.08392],[-73.867573,41.083734],[-73.867355,41.083339],[-73.866981,41.08275],[-73.867527,41.082583],[-73.867792,41.082497],[-73.868096,41.082386],[-73.868226,41.082339],[-73.868585,41.082242],[-73.868791,41.082165],[-73.868909,41.082073],[-73.86894,41.082001],[-73.86896,41.081919],[-73.868971,41.081801],[-73.868961,41.081735],[-73.868955,41.081693],[-73.868937,41.08163],[-73.868873,41.08157],[-73.868572,41.08139],[-73.868159,41.081229],[-73.867882,41.08109],[-73.867656,41.080926],[-73.867543,41.080809],[-73.867391,41.080609],[-73.867239,41.080468],[-73.867931,41.08021],[-73.868011,41.08018],[-73.868373,41.080039],[-73.868352,41.080108],[-73.86839,41.080163],[-73.868563,41.080298],[-73.868636,41.080364],[-73.868674,41.08043],[-73.868714,41.080567],[-73.868763,41.080688],[-73.868804,41.080733],[-73.868936,41.080833],[-73.869005,41.080871],[-73.869071,41.080868],[-73.86924,41.080778],[-73.869337,41.080712],[-73.869396,41.080594],[-73.869441,41.08056],[-73.869587,41.080539],[-73.869709,41.080456],[-73.869747,41.080442],[-73.869808,41.080445],[-73.869871,41.080494],[-73.870219,41.080831],[-73.870454,41.081024],[-73.870696,41.081223],[-73.870866,41.081375],[-73.870942,41.08143],[-73.871046,41.081489],[-73.872497,41.082143],[-73.873882,41.082752],[-73.873907,41.082786],[-73.87392,41.082838],[-73.87392,41.082897]]]}},{"type":"Feature","properties":{"id":"us-arealm-1104690783938","name":"Industrial Building or Industrial Park","zone_type":"industrial_park","site_class":"industrial_landuse","coastal_inland_label":"inland","state_fips":"05","mtfcc":"K2362","aland":302244,"awater":0},"geometry":{"type":"Polygon","coordinates":[[[-91.561147,35.331294],[-91.561145,35.331385],[-91.561114,35.332911],[-91.561098,35.333476],[-91.560933,35.333476],[-91.560644,35.333476],[-91.560667,35.332676],[-91.555048,35.332595],[-91.554203,35.332583],[-91.552415,35.332558],[-91.552431,35.329218],[-91.553574,35.329225],[-91.554725,35.329229],[-91.558179,35.329244],[-91.559331,35.329249],[-91.559703,35.329235],[-91.560818,35.329193],[-91.561191,35.32918],[-91.561147,35.331294]]]}},{"type":"Feature","properties":{"id":"us-arealm-110440081607","name":"Savanna Army Dep","zone_type":"industrial_park","site_class":"industrial_landuse","coastal_inland_label":"inland","state_fips":"17","mtfcc":"K2362","aland":290186,"awater":88487},"geometry":{"type":"Polygon","coordinates":[[[-90.245797,42.17861],[-90.24571,42.178612],[-90.245682,42.178613],[-90.245613,42.178615],[-90.245522,42.178617],[-90.245371,42.178621],[-90.245046,42.178647],[-90.244888,42.17866],[-90.244791,42.178647],[-90.244692,42.178634],[-90.244502,42.178598],[-90.244407,42.17858],[-90.244244,42.178906],[-90.244133,42.179129],[-90.243876,42.179526],[-90.243691,42.179848],[-90.24351,42.180165],[-90.243472,42.180226],[-90.24336,42.180412],[-90.243324,42.180474],[-90.243214,42.180656],[-90.243013,42.180991],[-90.242884,42.181204],[-90.24281,42.181327],[-90.242774,42.181387],[-90.242719,42.181478],[-90.242555,42.18175],[-90.242501,42.181842],[-90.242373,42.182054],[-90.242249,42.182262],[-90.242013,42.182704],[-90.241925,42.18287],[-90.241894,42.182921],[-90.24186,42.182977],[-90.241758,42.183147],[-90.241725,42.183204],[-90.239897,42.182015],[-90.238442,42.181069],[-90.236507,42.178988],[-90.235431,42.177346],[-90.234694,42.176222],[-90.234177,42.175566],[-90.234745,42.175548],[-90.235606,42.175616],[-90.235784,42.175647],[-90.240548,42.17649],[-90.240893,42.176552],[-90.241815,42.17662],[-90.242153,42.17662],[-90.242158,42.176676],[-90.242173,42.176846],[-90.242179,42.176903],[-90.242355,42.176969],[-90.242883,42.177169],[-90.24306,42.177236],[-90.243656,42.177451],[-90.245399,42.17808],[-90.245432,42.178115],[-90.245669,42.17837],[-90.245826,42.17861],[-90.245797,42.17861]]]}},{"type":"Feature","properties":{"id":"us-arealm-110277282449","name":"Industrial Building or Industrial Park","zone_type":"industrial_park","site_class":"industrial_landuse","coastal_inland_label":"inland","state_fips":"48","mtfcc":"K2362","aland":285759,"awater":0},"geometry":{"type":"Polygon","coordinates":[[[-98.134083,27.233592],[-98.133947,27.234566],[-98.133582,27.237207],[-98.133151,27.238289],[-98.133095,27.238948],[-98.133044,27.239561],[-98.132971,27.240441],[-98.132495,27.240389],[-98.132428,27.240381],[-98.130951,27.240225],[-98.130801,27.240206],[-98.130653,27.240189],[-98.130259,27.240155],[-98.130244,27.240153],[-98.1302,27.24015],[-98.130186,27.240149],[-98.13036,27.23852],[-98.130584,27.236427],[-98.129509,27.236294],[-98.129744,27.234585],[-98.129968,27.232963],[-98.129978,27.2329],[-98.13001,27.232711],[-98.130022,27.232649],[-98.130848,27.232738],[-98.131856,27.232848],[-98.133327,27.232997],[-98.133778,27.233043],[-98.134154,27.233083],[-98.134083,27.233592]]]}},{"type":"Feature","properties":{"id":"us-arealm-11074867347","name":"Northeast Commerce Park","zone_type":"industrial_park","site_class":"industrial_landuse","coastal_inland_label":"inland","state_fips":"18","mtfcc":"K2362","aland":285610,"awater":7054},"geometry":{"type":"Polygon","coordinates":[[[-86.0134,39.96113],[-86.011693,39.963527],[-86.01058,39.965248],[-86.009709,39.966486],[-86.008295,39.966628],[-86.008222,39.964114],[-86.004384,39.964174],[-86.00453,39.963206],[-86.004822,39.962314],[-86.005271,39.961461],[-86.005865,39.960723],[-86.006982,39.960739],[-86.011982,39.960809],[-86.013412,39.960829],[-86.0134,39.96113]]]}},{"type":"Feature","properties":{"id":"us-arealm-1101445839667","name":"El Centro Waste Water Treatment Plnt","zone_type":"industrial_park","site_class":"industrial_landuse","coastal_inland_label":"inland","state_fips":"06","mtfcc":"K2362","aland":284326,"awater":0},"geometry":{"type":"Polygon","coordinates":[[[-115.585701,32.816038],[-115.585669,32.817864],[-115.585661,32.818311],[-115.584978,32.81832],[-115.584874,32.818303],[-115.584737,32.81832],[-115.584568,32.818309],[-115.584393,32.818314],[-115.584203,32.81832],[-115.583936,32.818303],[-115.583786,32.81832],[-115.580583,32.818326],[-115.579313,32.81833],[-115.579185,32.81833],[-115.578896,32.818331],[-115.578804,32.818326],[-115.578678,32.818323],[-115.578675,32.817746],[-115.578666,32.816015],[-115.578664,32.81544],[-115.578659,32.814552],[-115.578657,32.814283],[-115.579222,32.814249],[-115.580324,32.814313],[-115.582525,32.814443],[-115.585726,32.814631],[-115.585701,32.816038]]]}},{"type":"Feature","properties":{"id":"us-arealm-1109092717601","name":"Caterpillar","zone_type":"industrial_park","site_class":"industrial_landuse","coastal_inland_label":"inland","state_fips":"17","mtfcc":"K2362","aland":280210,"awater":0},"geometry":{"type":"Polygon","coordinates":[[[-88.65709,40.88751],[-88.65709,40.88817],[-88.654165,40.888173],[-88.65262,40.88819],[-88.651443,40.8882],[-88.651068,40.8882],[-88.65067,40.8882],[-88.65036,40.8882],[-88.650358,40.888103],[-88.650355,40.887814],[-88.649708,40.88782],[-88.649382,40.887823],[-88.648185,40.887836],[-88.647801,40.887841],[-88.647797,40.888216],[-88.647668,40.888217],[-88.64728,40.888221],[-88.646749,40.888227],[-88.64657,40.88823],[-88.64655,40.8876],[-88.64655,40.88708],[-88.64656,40.88699],[-88.6466,40.88691],[-88.64672,40.88682],[-88.6475,40.88639],[-88.64798,40.88616],[-88.64914,40.88555],[-88.64967,40.88524],[-88.64981,40.88518],[-88.64991,40.88517],[-88.65003,40.88517],[-88.65031,40.88516],[-88.65031,40.88495],[-88.65032,40.88491],[-88.65036,40.88485],[-88.65042,40.8848],[-88.65055,40.88477],[-88.65057,40.88472],[-88.65065,40.88467],[-88.651356,40.884299],[-88.65166,40.88414],[-88.65229,40.8838],[-88.65244,40.88373],[-88.65278,40.88371],[-88.6537,40.88371],[-88.65387,40.88372],[-88.65394,40.88374],[-88.65402,40.88378],[-88.654032,40.883794],[-88.65408,40.88385],[-88.6541,40.88392],[-88.6541,40.88472],[-88.65429,40.88472],[-88.65444,40.88475],[-88.65457,40.8848],[-88.65463,40.88484],[-88.65468,40.8849],[-88.65471,40.88497],[-88.65472,40.88508],[-88.6547,40.88526],[-88.654703,40.885519],[-88.65471,40.88592],[-88.65474,40.88595],[-88.65479,40.88598],[-88.65488,40.886],[-88.65521,40.886],[-88.65608,40.88599],[-88.65608,40.8862],[-88.65609,40.88626],[-88.65615,40.88632],[-88.65671,40.88671],[-88.65699,40.88691],[-88.65706,40.88699],[-88.65709,40.88727],[-88.65709,40.88751]]]}},{"type":"Feature","properties":{"id":"us-arealm-110422546399","name":"26th Ward Water Pollution Control Plnt","zone_type":"industrial_park","site_class":"industrial_landuse","coastal_inland_label":"inland","state_fips":"36","mtfcc":"K2362","aland":275133,"awater":0},"geometry":{"type":"Polygon","coordinates":[[[-73.882213,40.654498],[-73.880591,40.655196],[-73.879733,40.655563],[-73.879325,40.655029],[-73.876197,40.650697],[-73.873532,40.646998],[-73.873472,40.646926],[-73.873384,40.646821],[-73.873804,40.646374],[-73.873985,40.646177],[-73.874292,40.645852],[-73.87451,40.645576],[-73.874743,40.645283],[-73.874892,40.645095],[-73.875022,40.645205],[-73.876104,40.646215],[-73.876839,40.647198],[-73.877033,40.647456],[-73.8776,40.648213],[-73.878436,40.649327],[-73.879924,40.651444],[-73.879993,40.651543],[-73.881722,40.653754],[-73.882213,40.654498]]]}},{"type":"Feature","properties":{"id":"us-arealm-1103690719437","name":"Industrial Building or Industrial Park","zone_type":"industrial_park","site_class":"industrial_landuse","coastal_inland_label":"inland","state_fips":"42","mtfcc":"K2362","aland":269174,"awater":0},"geometry":{"type":"Polygon","coordinates":[[[-77.353968,40.12254],[-77.353588,40.122872],[-77.353304,40.123062],[-77.349557,40.124532],[-77.34913,40.12439],[-77.348466,40.123536],[-77.348038,40.12273],[-77.346853,40.120501],[-77.347043,40.119979],[-77.347422,40.119647],[-77.350695,40.118177],[-77.351027,40.118129],[-77.351406,40.118177],[-77.351691,40.118366],[-77.352783,40.120283],[-77.353825,40.122113],[-77.353968,40.12254]]]}},{"type":"Feature","properties":{"id":"us-arealm-11072771909","name":"Industrial Park Phase I","zone_type":"industrial_park","site_class":"industrial_landuse","coastal_inland_label":"inland","state_fips":"19","mtfcc":"K2362","aland":255924,"awater":0},"geometry":{"type":"Polygon","coordinates":[[[-90.926372,41.60554],[-90.926377,41.605922],[-90.926389,41.606751],[-90.926245,41.606751],[-90.919156,41.606778],[-90.919154,41.605951],[-90.919154,41.605885],[-90.919152,41.60548],[-90.920206,41.605499],[-90.920238,41.604306],[-90.920297,41.602136],[-90.920493,41.602151],[-90.921443,41.602228],[-90.921902,41.602278],[-90.922284,41.602319],[-90.922813,41.602391],[-90.923904,41.602558],[-90.924667,41.602684],[-90.926185,41.602932],[-90.92645,41.602976],[-90.926372,41.60554]]]}},{"type":"Feature","properties":{"id":"us-arealm-1101211377412","name":"Cary Industrial Ctr","zone_type":"industrial_park","site_class":"industrial_landuse","coastal_inland_label":"inland","state_fips":"17","mtfcc":"K2362","aland":239833,"awater":0},"geometry":{"type":"Polygon","coordinates":[[[-88.262796,42.217768],[-88.261314,42.217765],[-88.26134,42.21828],[-88.261381,42.219054],[-88.261383,42.219071],[-88.26139,42.219122],[-88.261393,42.219139],[-88.261177,42.219054],[-88.259846,42.218508],[-88.259401,42.218308],[-88.259017,42.218127],[-88.258476,42.217865],[-88.257936,42.217581],[-88.257468,42.21734],[-88.253463,42.215284],[-88.253098,42.215097],[-88.252004,42.214536],[-88.25164,42.214349],[-88.251783,42.214205],[-88.251847,42.214139],[-88.252016,42.213968],[-88.252462,42.213501],[-88.252666,42.213288],[-88.252805,42.213359],[-88.253224,42.213574],[-88.253364,42.213646],[-88.253923,42.212899],[-88.25479,42.213366],[-88.257134,42.214629],[-88.257389,42.214646],[-88.258629,42.21473],[-88.25952,42.214882],[-88.260105,42.215247],[-88.26125,42.215961],[-88.260888,42.2164],[-88.26124,42.216557],[-88.261313,42.21659],[-88.261399,42.216613],[-88.26149,42.216624],[-88.262156,42.216625],[-88.262386,42.216635],[-88.262453,42.216639],[-88.262748,42.216667],[-88.262771,42.21667],[-88.262788,42.217444],[-88.262796,42.217768]]]}},{"type":"Feature","properties":{"id":"us-arealm-1101931424683","name":"US Steel Indl Park","zone_type":"industrial_park","site_class":"industrial_landuse","coastal_inland_label":"inland","state_fips":"42","mtfcc":"K2362","aland":237187,"awater":0},"geometry":{"type":"Polygon","coordinates":[[[-74.805226,40.150734],[-74.80468,40.151215],[-74.79961,40.155729],[-74.799151,40.156152],[-74.798688,40.156603],[-74.798236,40.15706],[-74.798052,40.15726],[-74.797693,40.157663],[-74.797327,40.158091],[-74.797141,40.158318],[-74.796781,40.158776],[-74.796403,40.159288],[-74.796095,40.159734],[-74.7958,40.160186],[-74.795777,40.160224],[-74.795559,40.160583],[-74.795212,40.161184],[-74.794883,40.16179],[-74.792856,40.165716],[-74.792791,40.165745],[-74.792727,40.165779],[-74.792601,40.165847],[-74.790691,40.169284],[-74.790272,40.169405],[-74.790168,40.169386],[-74.789991,40.169355],[-74.789741,40.169072],[-74.789688,40.16894],[-74.789677,40.168924],[-74.789533,40.168885],[-74.78939,40.168863],[-74.789333,40.168831],[-74.789283,40.168776],[-74.789304,40.16866],[-74.789297,40.168561],[-74.789312,40.168545],[-74.789326,40.168517],[-74.789355,40.168501],[-74.789534,40.168506],[-74.789598,40.168484],[-74.789705,40.168408],[-74.789734,40.168375],[-74.789763,40.168325],[-74.789842,40.168243],[-74.78997,40.168166],[-74.790028,40.168117],[-74.790059,40.168085],[-74.790063,40.168067],[-74.790076,40.168051],[-74.7901,40.167984],[-74.790121,40.16788],[-74.790121,40.167837],[-74.790092,40.167721],[-74.790078,40.167705],[-74.790049,40.167622],[-74.790049,40.167512],[-74.790064,40.167463],[-74.790114,40.167392],[-74.790286,40.167249],[-74.790379,40.167183],[-74.790402,40.167157],[-74.790429,40.167084],[-74.790422,40.166996],[-74.790357,40.166799],[-74.790357,40.166694],[-74.790587,40.166529],[-74.790658,40.166464],[-74.79078,40.166365],[-74.790865,40.166318],[-74.790909,40.1663],[-74.790959,40.166288],[-74.791009,40.166255],[-74.791038,40.166211],[-74.791116,40.166129],[-74.791159,40.16609],[-74.791517,40.165876],[-74.791603,40.165832],[-74.791698,40.165765],[-74.791711,40.16575],[-74.791729,40.165738],[-74.791754,40.1657],[-74.791768,40.165662],[-74.79184,40.165574],[-74.791905,40.165529],[-74.791935,40.165501],[-74.791969,40.165453],[-74.79199,40.165415],[-74.792004,40.165323],[-74.791997,40.165305],[-74.79199,40.165212],[-74.792047,40.165113],[-74.792083,40.165069],[-74.79209,40.165047],[-74.792105,40.16503],[-74.792133,40.164981],[-74.792162,40.164943],[-74.792312,40.164662],[-74.792391,40.164454],[-74.792449,40.164207],[-74.792441,40.16419],[-74.79242,40.164174],[-74.792291,40.164042],[-74.792005,40.163965],[-74.791318,40.163998],[-74.791225,40.163959],[-74.791161,40.163923],[-74.791139,40.163915],[-74.791089,40.163877],[-74.79106,40.163838],[-74.791046,40.163773],[-74.791046,40.163674],[-74.791074,40.163487],[-74.791067,40.163426],[-74.791039,40.163366],[-74.791024,40.16335],[-74.790897,40.163268],[-74.790874,40.163262],[-74.790853,40.163251],[-74.790795,40.16324],[-74.790638,40.163223],[-74.79053,40.163196],[-74.790459,40.163157],[-74.790423,40.163113],[-74.790402,40.163047],[-74.790409,40.16296],[-74.790423,40.162943],[-74.79043,40.162921],[-74.790488,40.16285],[-74.790552,40.162795],[-74.790588,40.162773],[-74.790638,40.162762],[-74.790767,40.162745],[-74.790824,40.162734],[-74.790881,40.162718],[-74.790908,40.162702],[-74.790931,40.162696],[-74.790953,40.162679],[-74.791024,40.162658],[-74.791132,40.162647],[-74.791318,40.162652],[-74.79144,40.162623],[-74.791554,40.16257],[-74.791632,40.162524],[-74.791676,40.162504],[-74.791862,40.162466],[-74.791948,40.162476],[-74.791969,40.162493],[-74.791998,40.162498],[-74.792063,40.16252],[-74.792442,40.162537],[-74.792478,40.162548],[-74.792571,40.162586],[-74.792671,40.162581],[-74.7927,40.162575],[-74.792793,40.162575],[-74.793165,40.162592],[-74.793242,40.162563],[-74.793265,40.162559],[-74.793466,40.162493],[-74.793616,40.162389],[-74.793673,40.162356],[-74.793759,40.162208],[-74.793781,40.162043],[-74.79391,40.161922],[-74.793953,40.161807],[-74.793974,40.16162],[-74.793996,40.161604],[-74.794235,40.161485],[-74.794253,40.161472],[-74.794325,40.161346],[-74.794325,40.161164],[-74.794275,40.160956],[-74.794261,40.160868],[-74.794261,40.160703],[-74.794297,40.160642],[-74.794368,40.160599],[-74.79454,40.160544],[-74.794605,40.160504],[-74.794647,40.160483],[-74.794662,40.160467],[-74.794705,40.160439],[-74.794748,40.160379],[-74.794834,40.160214],[-74.794855,40.160104],[-74.794834,40.159989],[-74.794819,40.159967],[-74.794798,40.159951],[-74.794769,40.159901],[-74.794719,40.159857],[-74.794655,40.15983],[-74.794569,40.159813],[-74.79444,40.159852],[-74.79434,40.159846],[-74.79429,40.15983],[-74.794247,40.15972],[-74.794333,40.1595],[-74.794354,40.159396],[-74.794383,40.159363],[-74.79448,40.159306],[-74.794598,40.159253],[-74.794719,40.159193],[-74.794749,40.159186],[-74.794904,40.159172],[-74.794927,40.159176],[-74.795013,40.159313],[-74.794984,40.159412],[-74.794961,40.159418],[-74.79487,40.159456],[-74.794841,40.159473],[-74.794812,40.159555],[-74.794869,40.15967],[-74.794904,40.159691],[-74.794927,40.159698],[-74.794998,40.159738],[-74.795044,40.159758],[-74.795192,40.159758],[-74.795277,40.159665],[-74.795313,40.159632],[-74.795464,40.15939],[-74.795464,40.15916],[-74.7955,40.158984],[-74.7956,40.15888],[-74.795628,40.158836],[-74.795722,40.158611],[-74.795772,40.158556],[-74.795822,40.158512],[-74.795901,40.158468],[-74.795979,40.158446],[-74.796057,40.158413],[-74.79608,40.158407],[-74.796115,40.158385],[-74.796138,40.158379],[-74.796337,40.158215],[-74.796401,40.158175],[-74.796423,40.158166],[-74.796517,40.158109],[-74.796538,40.1581],[-74.796594,40.158057],[-74.796602,40.15804],[-74.796631,40.158018],[-74.796659,40.157974],[-74.796681,40.157924],[-74.796745,40.157831],[-74.796795,40.157776],[-74.796968,40.157648],[-74.797053,40.157606],[-74.79711,40.157567],[-74.797153,40.157529],[-74.797182,40.157457],[-74.797189,40.157375],[-74.797204,40.157298],[-74.797261,40.157227],[-74.797383,40.157117],[-74.79759,40.156952],[-74.797762,40.156804],[-74.797826,40.156711],[-74.797905,40.156568],[-74.797941,40.156524],[-74.798056,40.156403],[-74.798163,40.156315],[-74.798342,40.1562],[-74.798378,40.156172],[-74.798392,40.156156],[-74.798421,40.156134],[-74.798464,40.156079],[-74.798514,40.15603],[-74.798533,40.156005],[-74.79855,40.155991],[-74.798643,40.155881],[-74.798786,40.155673],[-74.798872,40.155596],[-74.799674,40.154915],[-74.799881,40.154728],[-74.799905,40.154701],[-74.799924,40.15469],[-74.799937,40.154674],[-74.800132,40.154503],[-74.80021,40.154426],[-74.800301,40.154325],[-74.800318,40.154311],[-74.800337,40.154286],[-74.800354,40.154272],[-74.800375,40.154245],[-74.800397,40.154228],[-74.800423,40.154193],[-74.80044,40.154179],[-74.800633,40.15397],[-74.80089,40.153822],[-74.801184,40.153646],[-74.801577,40.153372],[-74.801599,40.15335],[-74.801656,40.153273],[-74.801678,40.153256],[-74.801871,40.153053],[-74.802064,40.152866],[-74.802201,40.152751],[-74.802244,40.152707],[-74.802322,40.152339],[-74.802322,40.151916],[-74.802301,40.151614],[-74.802222,40.151406],[-74.802208,40.15127],[-74.802201,40.151252],[-74.802229,40.150851],[-74.802251,40.150807],[-74.802257,40.150763],[-74.802268,40.150729],[-74.802308,40.150604],[-74.802315,40.15051],[-74.802337,40.150499],[-74.802401,40.150493],[-74.803041,40.150436],[-74.803566,40.150389],[-74.80371,40.150455],[-74.803987,40.150582],[-74.804331,40.150738],[-74.805025,40.150738],[-74.805104,40.150738],[-74.805156,40.150738],[-74.805226,40.150734]]]}},{"type":"Feature","properties":{"id":"us-arealm-1101371230637","name":"Industrial Park","zone_type":"industrial_park","site_class":"industrial_landuse","coastal_inland_label":"inland","state_fips":"04","mtfcc":"K2362","aland":230617,"awater":0},"geometry":{"type":"Polygon","coordinates":[[[-111.549865,32.968626],[-111.54657,32.968635],[-111.546329,32.968635],[-111.546088,32.968637],[-111.545972,32.968637],[-111.545503,32.968638],[-111.543774,32.968587],[-111.541296,32.968649],[-111.541307,32.967453],[-111.541318,32.966096],[-111.549945,32.965977],[-111.549865,32.968626]]]}},{"type":"Feature","properties":{"id":"us-arealm-1103018971666","name":"Industrial Park","zone_type":"industrial_park","site_class":"industrial_landuse","coastal_inland_label":"inland","state_fips":"20","mtfcc":"K2362","aland":228573,"awater":0},"geometry":{"type":"Polygon","coordinates":[[[-95.744797,38.18291],[-95.74269,38.182898],[-95.742646,38.182898],[-95.742293,38.182897],[-95.741925,38.182893],[-95.741799,38.182893],[-95.741752,38.182892],[-95.741752,38.182947],[-95.741623,38.182947],[-95.740102,38.182942],[-95.739955,38.182945],[-95.739956,38.18288],[-95.739104,38.182884],[-95.73904,38.182886],[-95.738708,38.182829],[-95.738715,38.182327],[-95.738733,38.181043],[-95.738739,38.180666],[-95.738741,38.180556],[-95.738767,38.178646],[-95.738771,38.178338],[-95.739209,38.178332],[-95.739474,38.178329],[-95.740479,38.178321],[-95.740902,38.178312],[-95.742915,38.178305],[-95.74351,38.179761],[-95.744797,38.18291]]]}},{"type":"Feature","properties":{"id":"us-arealm-110342453985","name":"Murphysboro Indl Park","zone_type":"industrial_park","site_class":"industrial_landuse","coastal_inland_label":"inland","state_fips":"17","mtfcc":"K2362","aland":222563,"awater":6149},"geometry":{"type":"Polygon","coordinates":[[[-89.332126,37.789291],[-89.331255,37.789299],[-89.330704,37.7893],[-89.330029,37.789303],[-89.329181,37.789311],[-89.328896,37.789312],[-89.327796,37.789304],[-89.327472,37.789295],[-89.326801,37.789291],[-89.32626,37.789286],[-89.326273,37.789158],[-89.326218,37.789007],[-89.326152,37.788879],[-89.326134,37.788759],[-89.326143,37.78849],[-89.326242,37.787981],[-89.326597,37.785516],[-89.326643,37.785163],[-89.328812,37.785206],[-89.329543,37.785221],[-89.33211,37.785273],[-89.332083,37.786222],[-89.332091,37.786404],[-89.332096,37.786736],[-89.332075,37.787727],[-89.33207,37.787978],[-89.332076,37.788222],[-89.332077,37.788616],[-89.332126,37.789291]]]}},{"type":"Feature","properties":{"id":"us-arealm-110458305938","name":"Riverside Municipal Corporation Yard","zone_type":"industrial_park","site_class":"industrial_landuse","coastal_inland_label":"inland","state_fips":"06","mtfcc":"K2362","aland":214158,"awater":0},"geometry":{"type":"Polygon","coordinates":[[[-117.413404,33.926196],[-117.413236,33.926326],[-117.413181,33.92637],[-117.412663,33.926742],[-117.411112,33.927858],[-117.410595,33.928231],[-117.410453,33.928332],[-117.41003,33.928638],[-117.409889,33.92874],[-117.409801,33.92864],[-117.409538,33.92834],[-117.409451,33.928241],[-117.409206,33.927955],[-117.408892,33.92756],[-117.407248,33.925493],[-117.406701,33.924804],[-117.407073,33.92459],[-117.408192,33.92395],[-117.408565,33.923738],[-117.408929,33.923529],[-117.410022,33.922905],[-117.410387,33.922697],[-117.411001,33.923388],[-117.412846,33.925462],[-117.413461,33.926154],[-117.413404,33.926196]]]}},{"type":"Feature","properties":{"id":"us-arealm-1101042398716","name":"General Foods Division Offices","zone_type":"industrial_park","site_class":"industrial_landuse","coastal_inland_label":"inland","state_fips":"36","mtfcc":"K2362","aland":212400,"awater":0},"geometry":{"type":"Polygon","coordinates":[[[-73.750347,41.029906],[-73.750317,41.030041],[-73.750278,41.030129],[-73.749889,41.030431],[-73.748333,41.030017],[-73.748016,41.029981],[-73.747789,41.029966],[-73.747566,41.029973],[-73.747065,41.029981],[-73.746618,41.030046],[-73.746222,41.030118],[-73.746016,41.030149],[-73.745697,41.030194],[-73.745021,41.030191],[-73.7447,41.030189],[-73.74405,41.030097],[-73.743723,41.03003],[-73.74229,41.029652],[-73.742286,41.028245],[-73.742367,41.02817],[-73.742442,41.028072],[-73.742635,41.027625],[-73.74312,41.026677],[-73.743222,41.026435],[-73.743297,41.026305],[-73.743487,41.025977],[-73.743782,41.025737],[-73.743879,41.025625],[-73.744112,41.025741],[-73.744361,41.025846],[-73.744586,41.025953],[-73.744676,41.025991],[-73.745024,41.026171],[-73.745175,41.026296],[-73.745626,41.02664],[-73.745905,41.026824],[-73.746156,41.026962],[-73.746416,41.027113],[-73.747899,41.027782],[-73.748654,41.028118],[-73.749559,41.028574],[-73.749931,41.028837],[-73.750158,41.029021],[-73.750268,41.02921],[-73.750316,41.029353],[-73.750365,41.02968],[-73.750347,41.029906]]]}},{"type":"Feature","properties":{"id":"us-arealm-110411442904","name":"City of Salinas Wastewater Faclty","zone_type":"industrial_park","site_class":"industrial_landuse","coastal_inland_label":"inland","state_fips":"06","mtfcc":"K2362","aland":207006,"awater":0},"geometry":{"type":"Polygon","coordinates":[[[-121.685912,36.661695],[-121.685431,36.662289],[-121.685826,36.662443],[-121.68372,36.664941],[-121.682786,36.662707],[-121.682692,36.662401],[-121.68258,36.662121],[-121.682472,36.661884],[-121.682806,36.661288],[-121.682534,36.661184],[-121.681741,36.66088],[-121.681539,36.660677],[-121.681309,36.66048],[-121.681124,36.660339],[-121.680874,36.66017],[-121.681633,36.658555],[-121.681393,36.658476],[-121.681069,36.658971],[-121.680266,36.6589],[-121.681283,36.657704],[-121.684083,36.658954],[-121.685746,36.657074],[-121.68666,36.656042],[-121.686683,36.656054],[-121.686765,36.656096],[-121.686526,36.656368],[-121.685865,36.657122],[-121.684196,36.659013],[-121.686998,36.660492],[-121.685912,36.661695]]]}},{"type":"Feature","properties":{"id":"us-arealm-110184909758","name":"Baltimore-Washington Indl Park","zone_type":"industrial_park","site_class":"industrial_landuse","coastal_inland_label":"inland","state_fips":"24","mtfcc":"K2362","aland":193869,"awater":0},"geometry":{"type":"Polygon","coordinates":[[[-76.800598,39.147638],[-76.800207,39.148013],[-76.799978,39.148232],[-76.799475,39.148761],[-76.799168,39.148593],[-76.798905,39.148445],[-76.798481,39.148189],[-76.798198,39.148022],[-76.798027,39.147921],[-76.797406,39.147551],[-76.796827,39.147207],[-76.796448,39.146982],[-76.795768,39.146583],[-76.795513,39.146428],[-76.79539,39.146354],[-76.795086,39.14617],[-76.794721,39.145956],[-76.794599,39.145891],[-76.794501,39.145843],[-76.794368,39.145788],[-76.79424,39.145747],[-76.794135,39.145723],[-76.7939,39.145701],[-76.793707,39.145693],[-76.79347,39.145698],[-76.792809,39.14574],[-76.792498,39.145758],[-76.791905,39.145793],[-76.791725,39.1458],[-76.791741,39.145477],[-76.791745,39.145379],[-76.791753,39.145174],[-76.79178,39.14503],[-76.79181,39.144886],[-76.79184,39.14477],[-76.791872,39.144693],[-76.79218,39.144191],[-76.792276,39.144036],[-76.792485,39.143694],[-76.792701,39.143378],[-76.792851,39.143196],[-76.794392,39.14366],[-76.79456,39.143724],[-76.794798,39.143814],[-76.795164,39.143944],[-76.79556,39.144107],[-76.795833,39.144223],[-76.796028,39.144307],[-76.796453,39.1445],[-76.79697,39.144753],[-76.797502,39.145019],[-76.798347,39.145491],[-76.799285,39.14602],[-76.801106,39.147113],[-76.800598,39.147638]]]}},{"type":"Feature","properties":{"id":"us-arealm-11081572403","name":"Sewage Disposal","zone_type":"industrial_park","site_class":"industrial_landuse","coastal_inland_label":"inland","state_fips":"18","mtfcc":"K2362","aland":191617,"awater":0},"geometry":{"type":"Polygon","coordinates":[[[-86.158919,40.476077],[-86.15549,40.476062],[-86.15552,40.474808],[-86.153798,40.474551],[-86.153148,40.474385],[-86.153118,40.470775],[-86.156864,40.470624],[-86.157574,40.471288],[-86.157544,40.471998],[-86.157091,40.47227],[-86.157197,40.474778],[-86.159092,40.475438],[-86.158919,40.476077]]]}},{"type":"Feature","properties":{"id":"us-arealm-110190484400","name":"Easton Landfill","zone_type":"industrial_park","site_class":"industrial_landuse","coastal_inland_label":"inland","state_fips":"24","mtfcc":"K2362","aland":184192,"awater":0},"geometry":{"type":"Polygon","coordinates":[[[-76.008434,38.749339],[-76.008333,38.749636],[-76.001589,38.75004],[-76.001547,38.750001],[-76.001536,38.749911],[-76.001585,38.749904],[-76.0016,38.749868],[-76.001572,38.74983],[-76.001496,38.749787],[-76.001471,38.749743],[-76.001474,38.74969],[-76.001515,38.749546],[-76.001503,38.749495],[-76.001516,38.749441],[-76.001543,38.749436],[-76.001552,38.749404],[-76.001613,38.74935],[-76.001624,38.749301],[-76.001675,38.749237],[-76.001671,38.749173],[-76.001751,38.749137],[-76.001784,38.749107],[-76.001884,38.749051],[-76.002012,38.748969],[-76.002034,38.74891],[-76.002094,38.748838],[-76.002141,38.748825],[-76.002154,38.74881],[-76.00221,38.748763],[-76.002237,38.748676],[-76.002219,38.748624],[-76.002106,38.748437],[-76.002061,38.74839],[-76.001911,38.748291],[-76.001803,38.748236],[-76.001772,38.748209],[-76.001709,38.74816],[-76.001652,38.748161],[-76.001603,38.74813],[-76.001566,38.748143],[-76.001497,38.748112],[-76.001496,38.748089],[-76.001407,38.748029],[-76.001391,38.747929],[-76.001363,38.747892],[-76.001345,38.747881],[-76.001314,38.747862],[-76.001278,38.747801],[-76.001228,38.747783],[-76.001136,38.747706],[-76.000922,38.7475],[-76.001003,38.747514],[-76.001018,38.747528],[-76.001094,38.747555],[-76.001171,38.747627],[-76.001257,38.747652],[-76.00126,38.74767],[-76.001337,38.747728],[-76.001349,38.74776],[-76.001394,38.747774],[-76.001418,38.747761],[-76.001487,38.747822],[-76.001494,38.747854],[-76.001645,38.747882],[-76.001688,38.747841],[-76.001656,38.747784],[-76.001774,38.74779],[-76.001835,38.74778],[-76.001919,38.747749],[-76.002052,38.747816],[-76.002064,38.747855],[-76.002117,38.747878],[-76.002192,38.747884],[-76.002172,38.747856],[-76.002139,38.747864],[-76.002076,38.747823],[-76.002066,38.747787],[-76.00198,38.747751],[-76.001968,38.747731],[-76.001959,38.747561],[-76.001931,38.74752],[-76.001865,38.747464],[-76.001783,38.747352],[-76.001719,38.747332],[-76.001665,38.747269],[-76.001623,38.747255],[-76.001501,38.747112],[-76.001501,38.747094],[-76.001477,38.747073],[-76.001494,38.74706],[-76.001569,38.747049],[-76.001586,38.747032],[-76.001584,38.747009],[-76.001553,38.746994],[-76.001517,38.747002],[-76.001519,38.746983],[-76.001562,38.746942],[-76.001644,38.746877],[-76.001966,38.746612],[-76.002115,38.746443],[-76.002147,38.746367],[-76.002183,38.746347],[-76.002259,38.746336],[-76.002301,38.746351],[-76.002594,38.746512],[-76.002701,38.746556],[-76.002817,38.746574],[-76.002923,38.746565],[-76.003062,38.746512],[-76.003099,38.746508],[-76.003238,38.746648],[-76.003322,38.74669],[-76.003386,38.746689],[-76.003483,38.746657],[-76.003528,38.746613],[-76.003582,38.746525],[-76.003668,38.746238],[-76.00369,38.746111],[-76.00374,38.746008],[-76.003773,38.745986],[-76.003807,38.745989],[-76.003922,38.746064],[-76.003991,38.746064],[-76.004096,38.746017],[-76.004167,38.745928],[-76.004296,38.745794],[-76.004377,38.74568],[-76.004428,38.745549],[-76.004548,38.74552],[-76.0046,38.745567],[-76.004796,38.745674],[-76.004792,38.745696],[-76.004904,38.745766],[-76.004924,38.745832],[-76.004888,38.745884],[-76.004891,38.745945],[-76.00494,38.745973],[-76.004954,38.746018],[-76.00501,38.746032],[-76.005134,38.746005],[-76.00518,38.745975],[-76.005251,38.745976],[-76.005423,38.74608],[-76.005524,38.746105],[-76.00558,38.746145],[-76.005632,38.746245],[-76.005666,38.746353],[-76.005682,38.746377],[-76.005704,38.746408],[-76.005777,38.746431],[-76.005943,38.746449],[-76.005977,38.746515],[-76.005923,38.746609],[-76.00594,38.746673],[-76.006101,38.74674],[-76.006094,38.746765],[-76.006012,38.746825],[-76.006031,38.746882],[-76.006087,38.746957],[-76.006106,38.747095],[-76.006069,38.747227],[-76.006149,38.747303],[-76.006244,38.74737],[-76.006293,38.747332],[-76.006353,38.747335],[-76.006385,38.74736],[-76.006397,38.747498],[-76.006428,38.747529],[-76.006452,38.747593],[-76.006522,38.747629],[-76.006711,38.747786],[-76.006731,38.747844],[-76.006766,38.747855],[-76.006916,38.747956],[-76.006912,38.748025],[-76.006947,38.74805],[-76.007059,38.748076],[-76.007132,38.748204],[-76.007155,38.748273],[-76.007176,38.748303],[-76.007208,38.748306],[-76.007323,38.74836],[-76.007355,38.748397],[-76.007658,38.748754],[-76.008025,38.749143],[-76.008336,38.749277],[-76.00844,38.749318],[-76.008434,38.749339]]]}},{"type":"Feature","properties":{"id":"us-arealm-110454258541","name":"Chowchilla Indl Park","zone_type":"industrial_park","site_class":"industrial_landuse","coastal_inland_label":"inland","state_fips":"06","mtfcc":"K2362","aland":176722,"awater":0},"geometry":{"type":"Polygon","coordinates":[[[-120.257093,37.125044],[-120.256438,37.125517],[-120.255922,37.125907],[-120.255679,37.125738],[-120.255372,37.125524],[-120.254827,37.125145],[-120.254543,37.124948],[-120.254105,37.124618],[-120.252794,37.123629],[-120.252357,37.1233],[-120.251051,37.122166],[-120.247734,37.119287],[-120.247136,37.118763],[-120.247116,37.118746],[-120.247266,37.117051],[-120.248539,37.118098],[-120.252359,37.121241],[-120.253633,37.122289],[-120.254025,37.122611],[-120.255201,37.123579],[-120.255594,37.123902],[-120.255907,37.12414],[-120.256677,37.124727],[-120.256848,37.124857],[-120.257093,37.125044]]]}},{"type":"Feature","properties":{"id":"us-arealm-110422546400","name":"New Town Creek Water Pollution Control Plnt","zone_type":"industrial_park","site_class":"industrial_landuse","coastal_inland_label":"inland","state_fips":"36","mtfcc":"K2362","aland":174042,"awater":0},"geometry":{"type":"Polygon","coordinates":[[[-73.949803,40.734224],[-73.948191,40.734333],[-73.947072,40.734408],[-73.946609,40.734452],[-73.946628,40.734585],[-73.945049,40.734682],[-73.944559,40.734414],[-73.94293,40.73352],[-73.942812,40.732769],[-73.942795,40.732657],[-73.943001,40.732596],[-73.943719,40.732391],[-73.944612,40.732071],[-73.945512,40.73175],[-73.9464,40.731425],[-73.947895,40.730884],[-73.94877,40.730722],[-73.94922,40.730678],[-73.949338,40.731387],[-73.949451,40.732094],[-73.949573,40.732801],[-73.949684,40.733509],[-73.949803,40.734224]]]}},{"type":"Feature","properties":{"id":"us-arealm-1101371230651","name":"Sewage Treatment Plnt","zone_type":"industrial_park","site_class":"industrial_landuse","coastal_inland_label":"inland","state_fips":"04","mtfcc":"K2362","aland":173734,"awater":0},"geometry":{"type":"Polygon","coordinates":[[[-111.549805,32.970591],[-111.549687,32.970594],[-111.545683,32.970686],[-111.54463,32.97074],[-111.543819,32.970722],[-111.542365,32.97027],[-111.541315,32.970255],[-111.541282,32.970256],[-111.541283,32.970134],[-111.541287,32.969607],[-111.541296,32.968649],[-111.543774,32.968587],[-111.545503,32.968638],[-111.545972,32.968637],[-111.546088,32.968637],[-111.546329,32.968635],[-111.54657,32.968635],[-111.549865,32.968626],[-111.549805,32.970591]]]}},{"type":"Feature","properties":{"id":"us-arealm-110300265394","name":"Procter & Gamble","zone_type":"industrial_park","site_class":"industrial_landuse","coastal_inland_label":"inland","state_fips":"29","mtfcc":"K2362","aland":165732,"awater":0},"geometry":{"type":"Polygon","coordinates":[[[-89.513952,37.482234],[-89.513539,37.482353],[-89.51326,37.482435],[-89.513258,37.482708],[-89.51308,37.482785],[-89.513045,37.4828],[-89.512413,37.483088],[-89.512203,37.483185],[-89.512244,37.483285],[-89.512369,37.483585],[-89.512411,37.483686],[-89.512411,37.4838],[-89.512304,37.483837],[-89.511662,37.484064],[-89.511635,37.484074],[-89.51152,37.484235],[-89.511405,37.484253],[-89.511331,37.484265],[-89.51106,37.484307],[-89.510946,37.484326],[-89.510889,37.484463],[-89.510806,37.484502],[-89.510157,37.484815],[-89.509941,37.48492],[-89.509404,37.485138],[-89.509303,37.485237],[-89.509174,37.485367],[-89.508419,37.485538],[-89.508379,37.4855],[-89.508259,37.485389],[-89.50822,37.485352],[-89.508163,37.485303],[-89.507994,37.485156],[-89.507938,37.485108],[-89.50786,37.484568],[-89.50783,37.484353],[-89.507736,37.48381],[-89.507565,37.483253],[-89.507663,37.482988],[-89.507703,37.482883],[-89.508133,37.482837],[-89.50829,37.482738],[-89.508762,37.482445],[-89.508794,37.482426],[-89.508851,37.482289],[-89.509598,37.482149],[-89.510316,37.482015],[-89.510488,37.481877],[-89.51023,37.48142],[-89.510201,37.481237],[-89.510776,37.481001],[-89.511481,37.480713],[-89.511622,37.480654],[-89.512048,37.480481],[-89.51219,37.480423],[-89.512269,37.480391],[-89.512381,37.480363],[-89.512642,37.480299],[-89.512843,37.480567],[-89.512965,37.480728],[-89.513303,37.481179],[-89.513924,37.482006],[-89.513952,37.482234]]]}},{"type":"Feature","properties":{"id":"us-arealm-110391538058","name":"Subway Shops and Yard","zone_type":"industrial_park","site_class":"industrial_landuse","coastal_inland_label":"inland","state_fips":"36","mtfcc":"K2362","aland":162788,"awater":0},"geometry":{"type":"Polygon","coordinates":[[[-73.844671,40.845935],[-73.84462,40.846361],[-73.842885,40.846406],[-73.842779,40.846391],[-73.842477,40.846333],[-73.84223,40.846271],[-73.84196,40.846187],[-73.8417,40.846088],[-73.84146,40.845979],[-73.8408,40.845266],[-73.839484,40.843816],[-73.839287,40.8436],[-73.838937,40.843214],[-73.83834,40.842593],[-73.838487,40.842516],[-73.838669,40.842421],[-73.838813,40.842341],[-73.839146,40.842155],[-73.83987,40.841801],[-73.840078,40.84169],[-73.841082,40.84122],[-73.841431,40.841692],[-73.842136,40.842381],[-73.842393,40.84227],[-73.842837,40.842906],[-73.843276,40.843542],[-73.843775,40.844119],[-73.844291,40.844683],[-73.84491,40.845427],[-73.844671,40.845935]]]}},{"type":"Feature","properties":{"id":"us-arealm-1108661476139","name":"Industrial Building or Industrial Park","zone_type":"industrial_park","site_class":"industrial_landuse","coastal_inland_label":"inland","state_fips":"45","mtfcc":"K2362","aland":153759,"awater":0},"geometry":{"type":"Polygon","coordinates":[[[-80.884103,33.465344],[-80.88406,33.465673],[-80.884033,33.465857],[-80.884012,33.466081],[-80.883991,33.466401],[-80.883984,33.466595],[-80.883985,33.466642],[-80.883989,33.466782],[-80.883996,33.466986],[-80.884038,33.467526],[-80.884075,33.467913],[-80.884082,33.46799],[-80.884101,33.468186],[-80.884104,33.468223],[-80.884112,33.468301],[-80.883904,33.468502],[-80.883481,33.468913],[-80.883182,33.469005],[-80.882965,33.469108],[-80.882821,33.469143],[-80.882757,33.46915],[-80.881916,33.469248],[-80.881574,33.469316],[-80.881362,33.469398],[-80.881187,33.469517],[-80.881079,33.469636],[-80.880875,33.470104],[-80.880883,33.46965],[-80.880876,33.469426],[-80.880812,33.468939],[-80.880603,33.468922],[-80.88053,33.468918],[-80.88052,33.468809],[-80.880497,33.468543],[-80.880487,33.468486],[-80.880469,33.46838],[-80.880431,33.468155],[-80.880317,33.467481],[-80.880279,33.467258],[-80.880256,33.467125],[-80.880189,33.466728],[-80.880167,33.466596],[-80.880145,33.466468],[-80.880082,33.466091],[-80.880061,33.465965],[-80.879969,33.465426],[-80.880022,33.465418],[-80.881813,33.465204],[-80.882103,33.465171],[-80.883008,33.465063],[-80.883352,33.465038],[-80.883616,33.465034],[-80.883784,33.46504],[-80.884172,33.465072],[-80.884103,33.465344]]]}},{"type":"Feature","properties":{"id":"us-arealm-1101211367049","name":"D&s Indl Park","zone_type":"industrial_park","site_class":"industrial_landuse","coastal_inland_label":"inland","state_fips":"17","mtfcc":"K2362","aland":151489,"awater":0},"geometry":{"type":"Polygon","coordinates":[[[-88.292944,42.196254],[-88.292073,42.196141],[-88.29004,42.196241],[-88.289772,42.196241],[-88.286514,42.196244],[-88.286514,42.196076],[-88.286516,42.195842],[-88.286516,42.195739],[-88.286517,42.195498],[-88.286515,42.19543],[-88.286514,42.195328],[-88.286509,42.195024],[-88.286504,42.194602],[-88.286503,42.194115],[-88.286503,42.193812],[-88.286503,42.193723],[-88.286502,42.193523],[-88.286501,42.193002],[-88.286508,42.192659],[-88.286515,42.192372],[-88.286516,42.192307],[-88.286517,42.192286],[-88.286521,42.192111],[-88.286523,42.192047],[-88.286524,42.191975],[-88.286525,42.191928],[-88.28653,42.191758],[-88.286532,42.191687],[-88.286573,42.191704],[-88.286705,42.191759],[-88.286738,42.191774],[-88.286888,42.19184],[-88.287341,42.19204],[-88.287492,42.192107],[-88.287622,42.192165],[-88.288117,42.1924],[-88.288472,42.192586],[-88.288495,42.192598],[-88.288736,42.192738],[-88.288966,42.192888],[-88.289226,42.193071],[-88.289371,42.193178],[-88.28984,42.193557],[-88.290488,42.194121],[-88.291036,42.19459],[-88.291046,42.194598],[-88.291444,42.194933],[-88.291875,42.195309],[-88.29199,42.19541],[-88.292337,42.195716],[-88.292453,42.195818],[-88.292682,42.19602],[-88.292766,42.196095],[-88.292944,42.196254]]]}},{"type":"Feature","properties":{"id":"us-arealm-1109073256696","name":"U S Foodservice","zone_type":"industrial_park","site_class":"industrial_landuse","coastal_inland_label":"inland","state_fips":"17","mtfcc":"K2362","aland":148955,"awater":0},"geometry":{"type":"Polygon","coordinates":[[[-88.829713,41.102154],[-88.828946,41.10629],[-88.828922,41.106384],[-88.828902,41.106384],[-88.827457,41.106399],[-88.826366,41.106405],[-88.82556,41.106411],[-88.82555,41.105928],[-88.82555,41.105909],[-88.82555,41.105304],[-88.82555,41.10503],[-88.82555,41.10364],[-88.82555,41.10343],[-88.825548,41.103385],[-88.825524,41.102623],[-88.82552,41.10248],[-88.82551,41.10237],[-88.825505,41.102184],[-88.828994,41.102157],[-88.829713,41.102154]]]}},{"type":"Feature","properties":{"id":"us-arealm-110492803504","name":"Industrial Park","zone_type":"industrial_park","site_class":"industrial_landuse","coastal_inland_label":"inland","state_fips":"55","mtfcc":"K2362","aland":146775,"awater":0},"geometry":{"type":"Polygon","coordinates":[[[-88.540882,42.619194],[-88.539992,42.619199],[-88.537324,42.619214],[-88.536435,42.61922],[-88.536433,42.618398],[-88.536431,42.617152],[-88.536106,42.617136],[-88.535699,42.617117],[-88.535689,42.616961],[-88.535671,42.616632],[-88.535626,42.615812],[-88.536671,42.61581],[-88.539809,42.615806],[-88.540855,42.615806],[-88.540862,42.616373],[-88.540868,42.616779],[-88.540875,42.618076],[-88.540879,42.618644],[-88.540879,42.618754],[-88.540881,42.619084],[-88.540882,42.619194]]]}},{"type":"Feature","properties":{"id":"us-arealm-110417670137","name":"Water Treatment Plnt","zone_type":"industrial_park","site_class":"industrial_landuse","coastal_inland_label":"inland","state_fips":"08","mtfcc":"K2362","aland":142551,"awater":0},"geometry":{"type":"Polygon","coordinates":[[[-104.741333,40.101925],[-104.741328,40.102029],[-104.741314,40.102117],[-104.737345,40.102112],[-104.73485,40.102108],[-104.734848,40.099801],[-104.737621,40.099796],[-104.740357,40.099779],[-104.74133,40.099789],[-104.741341,40.100417],[-104.741333,40.101925]]]}},{"type":"Feature","properties":{"id":"us-arealm-1101211379100","name":"Industrial Building or Industrial Park","zone_type":"industrial_park","site_class":"industrial_landuse","coastal_inland_label":"inland","state_fips":"17","mtfcc":"K2362","aland":141433,"awater":0},"geometry":{"type":"Polygon","coordinates":[[[-88.305688,42.172258],[-88.305398,42.172605],[-88.304989,42.173095],[-88.304802,42.17332],[-88.304635,42.173275],[-88.304277,42.173639],[-88.303901,42.174023],[-88.30388,42.173998],[-88.303817,42.173923],[-88.303797,42.173899],[-88.303621,42.173956],[-88.303443,42.174014],[-88.302694,42.174256],[-88.302381,42.174359],[-88.302236,42.174405],[-88.302027,42.174474],[-88.301943,42.174508],[-88.301634,42.174635],[-88.301691,42.174365],[-88.301756,42.174067],[-88.301703,42.17346],[-88.301538,42.172987],[-88.30148,42.172819],[-88.301421,42.172703],[-88.301732,42.172486],[-88.302309,42.172088],[-88.302403,42.172074],[-88.302445,42.172068],[-88.302283,42.171883],[-88.302221,42.171812],[-88.302017,42.171559],[-88.301413,42.171303],[-88.30081,42.171123],[-88.300619,42.17085],[-88.300103,42.170112],[-88.299297,42.168987],[-88.300099,42.169099],[-88.300232,42.169101],[-88.300645,42.169108],[-88.301617,42.169516],[-88.302341,42.169547],[-88.302665,42.16967],[-88.302717,42.169699],[-88.303205,42.169971],[-88.303855,42.170315],[-88.304288,42.170798],[-88.304321,42.170987],[-88.304349,42.171144],[-88.304432,42.171553],[-88.304471,42.171742],[-88.304662,42.171813],[-88.305103,42.171978],[-88.305241,42.17202],[-88.305437,42.172081],[-88.305498,42.172103],[-88.305593,42.172137],[-88.305609,42.172143],[-88.305688,42.172258]]]}},{"type":"Feature","properties":{"id":"us-arealm-1109096539895","name":"Evapco Inc","zone_type":"industrial_park","site_class":"industrial_landuse","coastal_inland_label":"inland","state_fips":"17","mtfcc":"K2362","aland":140412,"awater":0},"geometry":{"type":"Polygon","coordinates":[[[-88.149988,39.249067],[-88.146288,39.249068],[-88.146234,39.24605],[-88.146226,39.245663],[-88.147809,39.244962],[-88.147839,39.244965],[-88.148116,39.24498],[-88.148392,39.244981],[-88.149293,39.244996],[-88.149709,39.245006],[-88.149953,39.245009],[-88.149988,39.249067]]]}},{"type":"Feature","properties":{"id":"us-arealm-110411442907","name":"King City Sewage Treatment Plnt","zone_type":"industrial_park","site_class":"industrial_landuse","coastal_inland_label":"inland","state_fips":"06","mtfcc":"K2362","aland":138142,"awater":213196},"geometry":{"type":"Polygon","coordinates":[[[-121.156032,36.224359],[-121.154295,36.224534],[-121.153325,36.224736],[-121.152411,36.22502],[-121.152393,36.224363],[-121.152285,36.223502],[-121.152092,36.222712],[-121.151985,36.22192],[-121.152127,36.220393],[-121.151536,36.219117],[-121.151722,36.217124],[-121.151585,36.216092],[-121.151292,36.21389],[-121.1539,36.213888],[-121.154526,36.213887],[-121.154751,36.213887],[-121.154756,36.214028],[-121.155013,36.22101],[-121.156032,36.224359]]]}},{"type":"Feature","properties":{"id":"us-arealm-1108296416620","name":"Folgers Coffee","zone_type":"industrial_park","site_class":"industrial_landuse","coastal_inland_label":"inland","state_fips":"22","mtfcc":"K2362","aland":135218,"awater":0},"geometry":{"type":"Polygon","coordinates":[[[-89.915743,30.033557],[-89.914877,30.033864],[-89.912782,30.034596],[-89.912459,30.034709],[-89.911468,30.035055],[-89.911224,30.035141],[-89.909988,30.035574],[-89.909774,30.03565],[-89.909569,30.035721],[-89.909215,30.035845],[-89.908982,30.035119],[-89.908848,30.034909],[-89.908797,30.034845],[-89.908712,30.034762],[-89.909029,30.03448],[-89.90951,30.034052],[-89.910477,30.033161],[-89.91065,30.033002],[-89.91123,30.032486],[-89.911837,30.031947],[-89.912495,30.031349],[-89.912716,30.031518],[-89.912827,30.031622],[-89.912874,30.031672],[-89.91291,30.031723],[-89.913042,30.031919],[-89.913096,30.032002],[-89.913212,30.032184],[-89.91346,30.032571],[-89.913931,30.033265],[-89.914124,30.033223],[-89.914264,30.033203],[-89.914553,30.033189],[-89.914826,30.033204],[-89.915363,30.033326],[-89.915634,30.033399],[-89.915672,30.033417],[-89.915743,30.033557]]]}},{"type":"Feature","properties":{"id":"us-arealm-11063430260","name":"Perry Twp Indl Park","zone_type":"industrial_park","site_class":"industrial_landuse","coastal_inland_label":"inland","state_fips":"26","mtfcc":"K2362","aland":127184,"awater":0},"geometry":{"type":"Polygon","coordinates":[[[-84.205322,42.839369],[-84.204942,42.841058],[-84.203995,42.841159],[-84.203354,42.84125],[-84.203241,42.83988],[-84.203066,42.837652],[-84.203058,42.837107],[-84.203187,42.836591],[-84.203369,42.83519],[-84.203352,42.834708],[-84.2031,42.834214],[-84.204268,42.834212],[-84.204658,42.834212],[-84.204856,42.834212],[-84.205275,42.834211],[-84.205225,42.834573],[-84.205316,42.83908],[-84.205322,42.839369]]]}},{"type":"Feature","properties":{"id":"us-arealm-110391538083","name":"Hunts Water Pollution Control Plnt","zone_type":"industrial_park","site_class":"industrial_landuse","coastal_inland_label":"inland","state_fips":"36","mtfcc":"K2362","aland":123580,"awater":0},"geometry":{"type":"Polygon","coordinates":[[[-73.884901,40.804813],[-73.883985,40.804951],[-73.883026,40.805094],[-73.881155,40.805369],[-73.880529,40.802564],[-73.883541,40.802129],[-73.883892,40.801746],[-73.884818,40.801902],[-73.88582,40.804673],[-73.884901,40.804813]]]}},{"type":"Feature","properties":{"id":"us-arealm-110725064012","name":"Industrial Building or Industrial Park","zone_type":"industrial_park","site_class":"industrial_landuse","coastal_inland_label":"inland","state_fips":"55","mtfcc":"K2362","aland":122712,"awater":0},"geometry":{"type":"Polygon","coordinates":[[[-91.225129,43.894807],[-91.225127,43.895116],[-91.225127,43.895218],[-91.225127,43.895356],[-91.225126,43.895434],[-91.225125,43.89567],[-91.225125,43.895749],[-91.225123,43.896105],[-91.225117,43.897174],[-91.225116,43.897531],[-91.225115,43.897654],[-91.225113,43.898023],[-91.225113,43.898147],[-91.22474,43.898152],[-91.223625,43.89817],[-91.223253,43.898177],[-91.222981,43.89817],[-91.222165,43.898151],[-91.221894,43.898145],[-91.221739,43.897733],[-91.221274,43.896497],[-91.221119,43.896086],[-91.220622,43.894908],[-91.220486,43.894586],[-91.223882,43.894661],[-91.225128,43.89467],[-91.22513,43.89478],[-91.225129,43.894807]]]}},{"type":"Feature","properties":{"id":"us-arealm-1101211373673","name":"Three Oaks Indl Park","zone_type":"industrial_park","site_class":"industrial_landuse","coastal_inland_label":"inland","state_fips":"17","mtfcc":"K2362","aland":109496,"awater":0},"geometry":{"type":"Polygon","coordinates":[[[-88.275343,42.222594],[-88.274961,42.222598],[-88.27217,42.222622],[-88.271933,42.22262],[-88.271915,42.219017],[-88.272051,42.219018],[-88.27207,42.219018],[-88.27213,42.219018],[-88.27215,42.219018],[-88.272359,42.219017],[-88.272988,42.219017],[-88.273198,42.219017],[-88.273606,42.219016],[-88.27483,42.219013],[-88.274969,42.219013],[-88.275239,42.219012],[-88.275238,42.219709],[-88.275236,42.221803],[-88.275236,42.222088],[-88.275339,42.222488],[-88.275343,42.222594]]]}},{"type":"Feature","properties":{"id":"us-arealm-11095229889","name":"Industrial Park","zone_type":"industrial_park","site_class":"industrial_landuse","coastal_inland_label":"inland","state_fips":"12","mtfcc":"K2362","aland":108558,"awater":0},"geometry":{"type":"Polygon","coordinates":[[[-86.480275,30.97841],[-86.478754,30.978382],[-86.477699,30.978363],[-86.476327,30.978341],[-86.476372,30.975457],[-86.477421,30.975621],[-86.477657,30.975658],[-86.477812,30.975682],[-86.477858,30.975689],[-86.478151,30.975735],[-86.478682,30.975819],[-86.478836,30.975844],[-86.478894,30.975853],[-86.479047,30.975878],[-86.479369,30.975924],[-86.479959,30.975991],[-86.480064,30.975998],[-86.480221,30.976008],[-86.480249,30.97612],[-86.480257,30.97621],[-86.480261,30.976545],[-86.480261,30.977681],[-86.480268,30.978043],[-86.480275,30.97841]]]}},{"type":"Feature","properties":{"id":"us-arealm-110413861348","name":"Sewage Treatment Plnt","zone_type":"industrial_park","site_class":"industrial_landuse","coastal_inland_label":"inland","state_fips":"06","mtfcc":"K2362","aland":106672,"awater":0},"geometry":{"type":"Polygon","coordinates":[[[-122.176912,37.497492],[-122.174597,37.496069],[-122.174466,37.495986],[-122.174324,37.495899],[-122.174183,37.495812],[-122.173365,37.495308],[-122.17339,37.493547],[-122.174346,37.493411],[-122.176858,37.493054],[-122.176861,37.49329],[-122.176871,37.494],[-122.176875,37.494237],[-122.176882,37.494865],[-122.176888,37.495375],[-122.176894,37.495886],[-122.176895,37.495969],[-122.176903,37.49663],[-122.176904,37.496773],[-122.17691,37.497291],[-122.176912,37.497492]]]}},{"type":"Feature","properties":{"id":"us-arealm-1103018968078","name":"New Strawn Indl Park","zone_type":"industrial_park","site_class":"industrial_landuse","coastal_inland_label":"inland","state_fips":"20","mtfcc":"K2362","aland":103784,"awater":0},"geometry":{"type":"Polygon","coordinates":[[[-95.73776,38.266765],[-95.737654,38.266772],[-95.73745,38.266779],[-95.737328,38.266784],[-95.736221,38.266822],[-95.736281,38.259536],[-95.736455,38.259537],[-95.736863,38.259538],[-95.737741,38.259549],[-95.737743,38.260475],[-95.737709,38.262412],[-95.737705,38.262653],[-95.737732,38.263368],[-95.737737,38.264458],[-95.737688,38.266598],[-95.737694,38.266672],[-95.737715,38.266718],[-95.737755,38.26675],[-95.737798,38.266767],[-95.73776,38.266765]]]}},{"type":"Feature","properties":{"id":"us-arealm-1101445839521","name":"Brawley Indl Park","zone_type":"industrial_park","site_class":"industrial_landuse","coastal_inland_label":"inland","state_fips":"06","mtfcc":"K2362","aland":100331,"awater":0},"geometry":{"type":"Polygon","coordinates":[[[-115.517766,32.988727],[-115.517752,32.988935],[-115.516383,32.988937],[-115.512306,32.988944],[-115.511818,32.988943],[-115.510358,32.988947],[-115.509871,32.988948],[-115.509752,32.988948],[-115.509587,32.988948],[-115.509398,32.988948],[-115.509281,32.988949],[-115.509281,32.988753],[-115.509283,32.988169],[-115.509284,32.987974],[-115.515871,32.987708],[-115.517787,32.987623],[-115.517766,32.988727]]]}},{"type":"Feature","properties":{"id":"us-arealm-110469404446","name":"Vinalhaven Land Fill","zone_type":"industrial_park","site_class":"industrial_landuse","coastal_inland_label":"inland","state_fips":"23","mtfcc":"K2362","aland":100013,"awater":0},"geometry":{"type":"Polygon","coordinates":[[[-68.812043,44.071804],[-68.808431,44.072183],[-68.807127,44.072321],[-68.807073,44.072182],[-68.807048,44.072118],[-68.806978,44.071959],[-68.806885,44.07178],[-68.80683,44.071674],[-68.806817,44.071649],[-68.806708,44.071434],[-68.806683,44.071369],[-68.806628,44.071224],[-68.806558,44.07101],[-68.806342,44.070506],[-68.806333,44.070483],[-68.806268,44.070375],[-68.806167,44.070253],[-68.807216,44.070091],[-68.810363,44.069607],[-68.810922,44.069521],[-68.811195,44.069935],[-68.811237,44.070011],[-68.811363,44.070241],[-68.811406,44.070318],[-68.811922,44.071523],[-68.812043,44.071804]]]}},{"type":"Feature","properties":{"id":"us-arealm-110273028925","name":"Fairmont Indl Park","zone_type":"industrial_park","site_class":"industrial_landuse","coastal_inland_label":"inland","state_fips":"27","mtfcc":"K2362","aland":96858,"awater":0},"geometry":{"type":"Polygon","coordinates":[[[-94.444375,43.661925],[-94.444347,43.662115],[-94.44435,43.662316],[-94.444373,43.663801],[-94.444381,43.664297],[-94.444139,43.664301],[-94.443541,43.664308],[-94.44348,43.664308],[-94.442918,43.664316],[-94.441718,43.664306],[-94.440777,43.664324],[-94.439877,43.664343],[-94.439873,43.664104],[-94.439867,43.663837],[-94.439838,43.662319],[-94.439832,43.661974],[-94.440756,43.661951],[-94.443531,43.661885],[-94.444456,43.661864],[-94.444375,43.661925]]]}},{"type":"Feature","properties":{"id":"us-arealm-110686316862","name":"Gamsay Ranch","zone_type":"industrial_park","site_class":"industrial_landuse","coastal_inland_label":"inland","state_fips":"06","mtfcc":"K2362","aland":89513,"awater":0},"geometry":{"type":"Polygon","coordinates":[[[-117.325843,33.449537],[-117.325819,33.449657],[-117.325818,33.449675],[-117.325803,33.449745],[-117.325789,33.449821],[-117.3257,33.449976],[-117.32569,33.449987],[-117.325633,33.450056],[-117.325532,33.450173],[-117.32549,33.450223],[-117.325243,33.450509],[-117.325236,33.450527],[-117.325195,33.450641],[-117.325195,33.450674],[-117.325195,33.450992],[-117.325198,33.451946],[-117.3252,33.452266],[-117.325198,33.452405],[-117.32523,33.452531],[-117.325236,33.452556],[-117.325333,33.452718],[-117.325471,33.452845],[-117.325629,33.452938],[-117.325748,33.453073],[-117.325761,33.453119],[-117.325785,33.453198],[-117.325771,33.453386],[-117.325525,33.4535],[-117.325501,33.453508],[-117.325349,33.453565],[-117.325121,33.453633],[-117.32496,33.453687],[-117.324754,33.453736],[-117.324651,33.453754],[-117.32464,33.453756],[-117.324441,33.453763],[-117.324358,33.453744],[-117.324091,33.453633],[-117.323961,33.453557],[-117.323936,33.453547],[-117.323778,33.453489],[-117.323701,33.45342],[-117.323617,33.453332],[-117.323549,33.453233],[-117.32345,33.45313],[-117.323358,33.452974],[-117.323259,33.452684],[-117.323103,33.452483],[-117.322908,33.45223],[-117.32287,33.45215],[-117.322855,33.452095],[-117.322832,33.452008],[-117.322824,33.451909],[-117.322824,33.451818],[-117.322855,33.451696],[-117.322888,33.451589],[-117.3229,33.451551],[-117.323129,33.451062],[-117.323305,33.450795],[-117.32348,33.450498],[-117.323518,33.450372],[-117.323583,33.450207],[-117.323671,33.449987],[-117.323671,33.449819],[-117.323666,33.449706],[-117.323814,33.449674],[-117.324094,33.449616],[-117.324258,33.449581],[-117.324406,33.44955],[-117.324504,33.449532],[-117.324623,33.449522],[-117.32528,33.449471],[-117.325499,33.449455],[-117.325618,33.449433],[-117.325838,33.449397],[-117.325848,33.449517],[-117.325843,33.449537]]]}},{"type":"Feature","properties":{"id":"us-arealm-110466336503","name":"Industrial Building or Industrial Park","zone_type":"industrial_park","site_class":"industrial_landuse","coastal_inland_label":"inland","state_fips":"38","mtfcc":"K2362","aland":88447,"awater":0},"geometry":{"type":"Polygon","coordinates":[[[-97.738234,48.383372],[-97.734571,48.383448],[-97.733796,48.380761],[-97.738075,48.380764],[-97.738165,48.381466],[-97.738176,48.3819],[-97.738437,48.383322],[-97.738234,48.383372]]]}},{"type":"Feature","properties":{"id":"us-arealm-11015922703235","name":"Molded Fiber Glass Co","zone_type":"industrial_park","site_class":"industrial_landuse","coastal_inland_label":"inland","state_fips":"39","mtfcc":"K2362","aland":87135,"awater":0},"geometry":{"type":"Polygon","coordinates":[[[-80.806614,41.874156],[-80.805986,41.874159],[-80.804597,41.874161],[-80.803446,41.874175],[-80.803436,41.873403],[-80.803172,41.873405],[-80.803181,41.873022],[-80.802986,41.873013],[-80.802904,41.871707],[-80.804355,41.871058],[-80.804586,41.871254],[-80.805895,41.871368],[-80.806377,41.871909],[-80.80655,41.872945],[-80.806614,41.874156]]]}},{"type":"Feature","properties":{"id":"us-arealm-11016953911297","name":"Midwest Industries Inc","zone_type":"industrial_park","site_class":"industrial_landuse","coastal_inland_label":"inland","state_fips":"19","mtfcc":"K2362","aland":81466,"awater":0},"geometry":{"type":"Polygon","coordinates":[[[-95.464506,42.348424],[-95.463909,42.348955],[-95.46377,42.349092],[-95.463583,42.349276],[-95.463492,42.349366],[-95.463056,42.349796],[-95.462325,42.349369],[-95.461508,42.34936],[-95.461495,42.348822],[-95.45943,42.347653],[-95.459233,42.347279],[-95.459478,42.347046],[-95.460006,42.346545],[-95.460241,42.346298],[-95.460446,42.346078],[-95.461648,42.346766],[-95.462457,42.34723],[-95.46391,42.348077],[-95.46419,42.348241],[-95.464506,42.348424]]]}},{"type":"Feature","properties":{"id":"us-arealm-110166535861","name":"Industrial Park","zone_type":"industrial_park","site_class":"industrial_landuse","coastal_inland_label":"inland","state_fips":"21","mtfcc":"K2362","aland":80582,"awater":412},"geometry":{"type":"Polygon","coordinates":[[[-84.845091,38.558878],[-84.843211,38.558881],[-84.843043,38.558882],[-84.842966,38.558883],[-84.842882,38.557689],[-84.842833,38.557134],[-84.842685,38.555027],[-84.842891,38.555029],[-84.844994,38.555185],[-84.845091,38.558878]]]}},{"type":"Feature","properties":{"id":"us-arealm-1104476794641","name":"Junkyard","zone_type":"industrial_park","site_class":"industrial_landuse","coastal_inland_label":"inland","state_fips":"46","mtfcc":"K2362","aland":79481,"awater":0},"geometry":{"type":"Polygon","coordinates":[[[-103.813891,43.311324],[-103.812303,43.311327],[-103.811574,43.311329],[-103.811545,43.310969],[-103.811509,43.310508],[-103.811503,43.310432],[-103.811524,43.310182],[-103.811445,43.307628],[-103.813903,43.307668],[-103.813891,43.311324]]]}},{"type":"Feature","properties":{"id":"us-arealm-110453591500","name":"Moundridge Indl Park","zone_type":"industrial_park","site_class":"industrial_landuse","coastal_inland_label":"inland","state_fips":"20","mtfcc":"K2362","aland":76535,"awater":0},"geometry":{"type":"Polygon","coordinates":[[[-97.50889,38.193321],[-97.508644,38.193157],[-97.506712,38.191849],[-97.506209,38.19151],[-97.505293,38.190892],[-97.505284,38.19077],[-97.50528,38.189589],[-97.505275,38.189341],[-97.50621,38.189626],[-97.506238,38.189635],[-97.507402,38.190014],[-97.50869,38.190425],[-97.508867,38.190481],[-97.508868,38.190632],[-97.50887,38.190722],[-97.50888,38.19228],[-97.508883,38.192918],[-97.508885,38.193187],[-97.50889,38.193321]]]}},{"type":"Feature","properties":{"id":"us-arealm-110431729928","name":"Sewage Disposal","zone_type":"industrial_park","site_class":"industrial_landuse","coastal_inland_label":"inland","state_fips":"18","mtfcc":"K2362","aland":75692,"awater":0},"geometry":{"type":"Polygon","coordinates":[[[-87.181697,40.923807],[-87.181636,40.925436],[-87.181895,40.926043],[-87.179911,40.925976],[-87.179816,40.923048],[-87.180358,40.923043],[-87.180551,40.922738],[-87.18066,40.922568],[-87.180581,40.920205],[-87.180899,40.920239],[-87.181216,40.920329],[-87.181288,40.920539],[-87.181408,40.921233],[-87.181896,40.923091],[-87.181697,40.923807]]]}},{"type":"Feature","properties":{"id":"us-arealm-110457684570","name":"Industrial Park","zone_type":"industrial_park","site_class":"industrial_landuse","coastal_inland_label":"inland","state_fips":"27","mtfcc":"K2362","aland":69983,"awater":0},"geometry":{"type":"Polygon","coordinates":[[[-94.585852,45.631757],[-94.585839,45.633613],[-94.585835,45.634232],[-94.58536,45.634408],[-94.583937,45.634938],[-94.583465,45.63512],[-94.583533,45.633953],[-94.58357,45.633337],[-94.584373,45.633357],[-94.584406,45.632886],[-94.583593,45.632887],[-94.583514,45.632092],[-94.5834,45.63093],[-94.583891,45.630975],[-94.58394,45.63098],[-94.58423,45.631],[-94.58494,45.63106],[-94.58535,45.63109],[-94.585366,45.631091],[-94.585857,45.631139],[-94.585852,45.631757]]]}},{"type":"Feature","properties":{"id":"us-arealm-1101584239544","name":"Los Angeles Glendale Water Reclamation Plnt","zone_type":"industrial_park","site_class":"industrial_landuse","coastal_inland_label":"inland","state_fips":"06","mtfcc":"K2362","aland":62542,"awater":16592},"geometry":{"type":"Polygon","coordinates":[[[-118.275894,34.139718],[-118.272679,34.139662],[-118.272746,34.136919],[-118.273208,34.136907],[-118.275126,34.136912],[-118.275147,34.136985],[-118.275338,34.137771],[-118.275894,34.139718]]]}},{"type":"Feature","properties":{"id":"us-arealm-1103404566607","name":"City of Eustis Wastwater Treatment","zone_type":"industrial_park","site_class":"industrial_landuse","coastal_inland_label":"inland","state_fips":"12","mtfcc":"K2362","aland":60931,"awater":1580},"geometry":{"type":"Polygon","coordinates":[[[-81.678286,28.860356],[-81.675393,28.860347],[-81.675376,28.858359],[-81.678297,28.858367],[-81.678286,28.860356]]]}},{"type":"Feature","properties":{"id":"us-arealm-11015922167441","name":"Jadcore Inc","zone_type":"industrial_park","site_class":"industrial_landuse","coastal_inland_label":"inland","state_fips":"18","mtfcc":"K2362","aland":57988,"awater":0},"geometry":{"type":"Polygon","coordinates":[[[-87.362796,39.479023],[-87.362787,39.479463],[-87.362767,39.47948],[-87.362692,39.479512],[-87.362561,39.479552],[-87.361961,39.479626],[-87.361663,39.479674],[-87.361074,39.479829],[-87.360706,39.479918],[-87.36035,39.479996],[-87.360275,39.48],[-87.360236,39.479994],[-87.360196,39.479975],[-87.360175,39.479944],[-87.360166,39.479903],[-87.360181,39.479895],[-87.360155,39.479247],[-87.360155,39.478932],[-87.360156,39.478881],[-87.360163,39.478559],[-87.360158,39.477964],[-87.360152,39.477786],[-87.360142,39.477422],[-87.360383,39.477424],[-87.360736,39.477428],[-87.361351,39.477437],[-87.361966,39.477441],[-87.362321,39.477443],[-87.362564,39.477445],[-87.362781,39.47745],[-87.362793,39.478686],[-87.362796,39.479023]]]}},{"type":"Feature","properties":{"id":"us-arealm-110381537530","name":"Sears Service Centerwarehouse","zone_type":"industrial_park","site_class":"industrial_landuse","coastal_inland_label":"inland","state_fips":"29","mtfcc":"K2362","aland":54568,"awater":0},"geometry":{"type":"Polygon","coordinates":[[[-94.523314,39.133117],[-94.520866,39.133296],[-94.520644,39.131263],[-94.520623,39.130738],[-94.522785,39.130795],[-94.523314,39.133117]]]}},{"type":"Feature","properties":{"id":"us-arealm-110457684898","name":"Industrial Building or Industrial Park","zone_type":"industrial_park","site_class":"industrial_landuse","coastal_inland_label":"inland","state_fips":"27","mtfcc":"K2362","aland":52116,"awater":0},"geometry":{"type":"Polygon","coordinates":[[[-94.588385,45.63139],[-94.588374,45.631515],[-94.588371,45.631557],[-94.588363,45.631735],[-94.588343,45.632272],[-94.588336,45.632451],[-94.588324,45.632743],[-94.588296,45.633456],[-94.588279,45.633493],[-94.588158,45.633528],[-94.588063,45.633569],[-94.58804,45.633564],[-94.588021,45.63356],[-94.587904,45.633463],[-94.587905,45.633418],[-94.587544,45.63356],[-94.586334,45.634036],[-94.585933,45.634196],[-94.585934,45.633586],[-94.585941,45.631757],[-94.585943,45.631148],[-94.58607,45.63116],[-94.586432,45.63119],[-94.58702,45.63124],[-94.5879,45.63131],[-94.58839,45.631349],[-94.588385,45.63139]]]}},{"type":"Feature","properties":{"id":"us-arealm-110169761429","name":"Industrial Building or Industrial Park","zone_type":"industrial_park","site_class":"industrial_landuse","coastal_inland_label":"inland","state_fips":"06","mtfcc":"K2362","aland":51269,"awater":0},"geometry":{"type":"Polygon","coordinates":[[[-121.877328,38.028279],[-121.877185,38.028775],[-121.877054,38.029103],[-121.877013,38.029168],[-121.876867,38.029396],[-121.876648,38.029608],[-121.876119,38.029841],[-121.875784,38.029891],[-121.875676,38.029908],[-121.874569,38.02992],[-121.875054,38.029112],[-121.875125,38.028995],[-121.876047,38.027463],[-121.876512,38.026688],[-121.876998,38.02588],[-121.87702,38.026053],[-121.877078,38.026226],[-121.877167,38.02679],[-121.877229,38.027071],[-121.877248,38.027153],[-121.877301,38.027786],[-121.877328,38.028279]]]}},{"type":"Feature","properties":{"id":"us-arealm-110511915755","name":"Industrial Building or Industrial Park","zone_type":"industrial_park","site_class":"industrial_landuse","coastal_inland_label":"inland","state_fips":"05","mtfcc":"K2362","aland":51246,"awater":0},"geometry":{"type":"Polygon","coordinates":[[[-92.386744,34.861056],[-92.384667,34.861075],[-92.383476,34.861055],[-92.383467,34.860006],[-92.383491,34.859899],[-92.383705,34.85971],[-92.384045,34.859394],[-92.384341,34.859161],[-92.384537,34.85929],[-92.384833,34.859436],[-92.384934,34.859474],[-92.385136,34.859535],[-92.385466,34.859604],[-92.385644,34.859626],[-92.385858,34.859636],[-92.386125,34.859628],[-92.386377,34.859598],[-92.386586,34.859556],[-92.386713,34.859522],[-92.386765,34.859684],[-92.386744,34.861056]]]}},{"type":"Feature","properties":{"id":"us-arealm-1108311237773","name":"Tupperware","zone_type":"industrial_park","site_class":"industrial_landuse","coastal_inland_label":"inland","state_fips":"12","mtfcc":"K2362","aland":50043,"awater":0},"geometry":{"type":"Polygon","coordinates":[[[-81.402849,28.346286],[-81.402847,28.346322],[-81.402837,28.346533],[-81.402787,28.347535],[-81.402731,28.347585],[-81.402575,28.347656],[-81.402407,28.347667],[-81.401244,28.347645],[-81.401076,28.347661],[-81.40097,28.347639],[-81.400946,28.346313],[-81.400921,28.345812],[-81.400952,28.34562],[-81.400953,28.345388],[-81.401002,28.345311],[-81.401108,28.345212],[-81.401214,28.34519],[-81.402321,28.345169],[-81.402532,28.345224],[-81.402626,28.345218],[-81.402657,28.345213],[-81.402769,28.345235],[-81.402806,28.345251],[-81.40285,28.345301],[-81.402849,28.346286]]]}},{"type":"Feature","properties":{"id":"us-arealm-11015922703289","name":"Chromaflo Technologies LLC","zone_type":"industrial_park","site_class":"industrial_landuse","coastal_inland_label":"inland","state_fips":"39","mtfcc":"K2362","aland":49983,"awater":0},"geometry":{"type":"Polygon","coordinates":[[[-80.806015,41.87754],[-80.80585,41.877436],[-80.803622,41.877436],[-80.803413,41.87599],[-80.803563,41.875295],[-80.805999,41.87525],[-80.806005,41.875694],[-80.806013,41.876315],[-80.806014,41.876921],[-80.806015,41.87754]]]}},{"type":"Feature","properties":{"id":"us-arealm-1108473320580","name":"Follett Llc","zone_type":"industrial_park","site_class":"industrial_landuse","coastal_inland_label":"inland","state_fips":"42","mtfcc":"K2362","aland":47628,"awater":0},"geometry":{"type":"Polygon","coordinates":[[[-75.236249,40.753519],[-75.2356,40.75361],[-75.235265,40.753886],[-75.232984,40.753798],[-75.232897,40.753095],[-75.232824,40.752362],[-75.234715,40.752228],[-75.236128,40.75212],[-75.236249,40.753519]]]}},{"type":"Feature","properties":{"id":"us-arealm-11052066330","name":"Wastewater Treatment Plnt","zone_type":"industrial_park","site_class":"industrial_landuse","coastal_inland_label":"inland","state_fips":"12","mtfcc":"K2362","aland":46637,"awater":0},"geometry":{"type":"Polygon","coordinates":[[[-81.310429,29.875709],[-81.310399,29.875749],[-81.309993,29.87643],[-81.307929,29.875539],[-81.30888,29.873854],[-81.310942,29.874733],[-81.310429,29.875709]]]}},{"type":"Feature","properties":{"id":"us-arealm-110431729927","name":"Sewage Disposal","zone_type":"industrial_park","site_class":"industrial_landuse","coastal_inland_label":"inland","state_fips":"18","mtfcc":"K2362","aland":46422,"awater":0},"geometry":{"type":"Polygon","coordinates":[[[-87.1794,40.926079],[-87.175951,40.926005],[-87.175882,40.924617],[-87.179364,40.924602],[-87.1794,40.926079]]]}},{"type":"Feature","properties":{"id":"us-arealm-1101445839653","name":"Imperial Waste Water Plnt","zone_type":"industrial_park","site_class":"industrial_landuse","coastal_inland_label":"inland","state_fips":"06","mtfcc":"K2362","aland":38751,"awater":0},"geometry":{"type":"Polygon","coordinates":[[[-115.563154,32.853946],[-115.563151,32.854478],[-115.56315,32.854656],[-115.563027,32.854656],[-115.562661,32.854657],[-115.562539,32.854658],[-115.562303,32.85466],[-115.561596,32.85467],[-115.561361,32.854673],[-115.561357,32.854497],[-115.561348,32.853971],[-115.561345,32.853796],[-115.561345,32.853555],[-115.561345,32.852835],[-115.561346,32.852595],[-115.56159,32.85259],[-115.562323,32.852581],[-115.562568,32.852579],[-115.562677,32.852576],[-115.563006,32.852573],[-115.563116,32.852574],[-115.563123,32.852812],[-115.563148,32.85353],[-115.563156,32.853769],[-115.563154,32.853946]]]}},{"type":"Feature","properties":{"id":"us-arealm-110192851937","name":"Herter Industrial","zone_type":"industrial_park","site_class":"industrial_landuse","coastal_inland_label":"inland","state_fips":"17","mtfcc":"K2362","aland":37430,"awater":0},"geometry":{"type":"Polygon","coordinates":[[[-90.184111,38.974543],[-90.183678,38.975686],[-90.183261,38.976787],[-90.182993,38.977105],[-90.182747,38.977256],[-90.182447,38.977318],[-90.182189,38.977324],[-90.181832,38.977257],[-90.181562,38.977146],[-90.181735,38.976734],[-90.181897,38.97616],[-90.182136,38.976052],[-90.182465,38.975772],[-90.182664,38.975396],[-90.182671,38.975365],[-90.182785,38.974872],[-90.182867,38.974307],[-90.183184,38.974262],[-90.18336,38.974274],[-90.183718,38.974392],[-90.184111,38.974543]]]}},{"type":"Feature","properties":{"id":"us-arealm-1101438253376","name":"Field Maintenence Area","zone_type":"industrial_park","site_class":"industrial_landuse","coastal_inland_label":"inland","state_fips":"06","mtfcc":"K2362","aland":36707,"awater":0},"geometry":{"type":"Polygon","coordinates":[[[-116.676114,35.262813],[-116.675201,35.263564],[-116.67386,35.262469],[-116.672763,35.261574],[-116.673675,35.260829],[-116.675688,35.262467],[-116.676114,35.262813]]]}},{"type":"Feature","properties":{"id":"us-arealm-110413802708","name":"Industrial Park","zone_type":"industrial_park","site_class":"industrial_landuse","coastal_inland_label":"inland","state_fips":"01","mtfcc":"K2362","aland":32103,"awater":0},"geometry":{"type":"Polygon","coordinates":[[[-85.176202,32.805715],[-85.17488,32.806189],[-85.173339,32.80731],[-85.173231,32.80726],[-85.173045,32.807201],[-85.172957,32.807192],[-85.172938,32.80554],[-85.176202,32.805529],[-85.176202,32.805715]]]}},{"type":"Feature","properties":{"id":"us-arealm-1103018952175","name":"Switchyard","zone_type":"industrial_park","site_class":"industrial_landuse","coastal_inland_label":"inland","state_fips":"20","mtfcc":"K2362","aland":30121,"awater":0},"geometry":{"type":"Polygon","coordinates":[[[-95.688161,38.242587],[-95.68816,38.242679],[-95.688152,38.242864],[-95.688129,38.243408],[-95.688107,38.243938],[-95.686228,38.243937],[-95.686244,38.243421],[-95.686262,38.242844],[-95.686269,38.242678],[-95.686286,38.242286],[-95.688171,38.242302],[-95.688161,38.242587]]]}},{"type":"Feature","properties":{"id":"us-arealm-110372723804","name":"Hanover Iestates Indl Park","zone_type":"industrial_park","site_class":"industrial_landuse","coastal_inland_label":"inland","state_fips":"42","mtfcc":"K2362","aland":29071,"awater":0},"geometry":{"type":"Polygon","coordinates":[[[-75.951009,41.192521],[-75.949915,41.192793],[-75.946636,41.193611],[-75.945668,41.193853],[-75.945543,41.193884],[-75.9455,41.193828],[-75.945423,41.193727],[-75.945409,41.193648],[-75.945399,41.193591],[-75.945447,41.193563],[-75.94575,41.193459],[-75.946418,41.193231],[-75.949483,41.192186],[-75.950505,41.191838],[-75.950605,41.191974],[-75.950908,41.192384],[-75.951009,41.192521]]]}},{"type":"Feature","properties":{"id":"us-arealm-11052359642","name":"Industrial Building or Industrial Park","zone_type":"industrial_park","site_class":"industrial_landuse","coastal_inland_label":"inland","state_fips":"12","mtfcc":"K2362","aland":28601,"awater":0},"geometry":{"type":"Polygon","coordinates":[[[-82.983937,30.328009],[-82.98393,30.329836],[-82.98393,30.33007],[-82.983932,30.330445],[-82.98365,30.330456],[-82.982804,30.330491],[-82.982523,30.330503],[-82.983016,30.329798],[-82.98317,30.329579],[-82.983243,30.328796],[-82.983161,30.328491],[-82.9831,30.327282],[-82.9831,30.327272],[-82.983202,30.327288],[-82.98394,30.3274],[-82.983937,30.328009]]]}},{"type":"Feature","properties":{"id":"us-arealm-110456817654","name":"North Shore Oil","zone_type":"industrial_park","site_class":"industrial_landuse","coastal_inland_label":"inland","state_fips":"27","mtfcc":"K2362","aland":24344,"awater":0},"geometry":{"type":"Polygon","coordinates":[[[-91.255549,47.295252],[-91.255292,47.295221],[-91.254523,47.29513],[-91.254267,47.2951],[-91.253894,47.2951],[-91.252879,47.2951],[-91.252886,47.29502],[-91.252887,47.294998],[-91.252921,47.294628],[-91.252978,47.294007],[-91.252981,47.29398],[-91.254821,47.294033],[-91.255444,47.294052],[-91.255477,47.294291],[-91.255543,47.294762],[-91.255546,47.29501],[-91.255549,47.295252]]]}},{"type":"Feature","properties":{"id":"us-arealm-110195421647","name":"Hoke Construction Company","zone_type":"industrial_park","site_class":"industrial_landuse","coastal_inland_label":"inland","state_fips":"17","mtfcc":"K2362","aland":22695,"awater":0},"geometry":{"type":"Polygon","coordinates":[[[-88.374785,39.790858],[-88.374708,39.791043],[-88.374699,39.791101],[-88.374693,39.791144],[-88.374676,39.791238],[-88.374677,39.791418],[-88.37469,39.791654],[-88.374451,39.791654],[-88.373738,39.791657],[-88.3735,39.791658],[-88.373379,39.791658],[-88.373016,39.791658],[-88.372895,39.791658],[-88.372877,39.791527],[-88.372858,39.791428],[-88.372846,39.791329],[-88.372845,39.791305],[-88.372845,39.791263],[-88.372854,39.791213],[-88.372828,39.790572],[-88.372831,39.790542],[-88.372854,39.790528],[-88.373129,39.790524],[-88.373486,39.790521],[-88.373516,39.790411],[-88.373547,39.790352],[-88.373614,39.790322],[-88.373727,39.790315],[-88.373914,39.790315],[-88.37434,39.790316],[-88.374782,39.790321],[-88.374796,39.790661],[-88.374785,39.790858]]]}},{"type":"Feature","properties":{"id":"us-arealm-1101167185737","name":"Glidden Indl Park","zone_type":"industrial_park","site_class":"industrial_landuse","coastal_inland_label":"inland","state_fips":"55","mtfcc":"K2362","aland":22069,"awater":0},"geometry":{"type":"Polygon","coordinates":[[[-90.56282,46.12515],[-90.5628,46.1252],[-90.56274,46.12528],[-90.56243,46.12548],[-90.56232,46.125384],[-90.562244,46.125318],[-90.562126,46.125216],[-90.562019,46.125122],[-90.561944,46.125057],[-90.56189,46.12501],[-90.561268,46.12453],[-90.56093,46.12427],[-90.55941,46.12307],[-90.559247,46.122944],[-90.55857,46.12242],[-90.55895,46.12221],[-90.55901,46.12222],[-90.55911,46.12223],[-90.55916,46.12224],[-90.55933,46.12234],[-90.559492,46.12246],[-90.56022,46.123],[-90.56164,46.12418],[-90.561939,46.12442],[-90.561953,46.124431],[-90.5625,46.12487],[-90.56276,46.125],[-90.562781,46.125029],[-90.56281,46.12507],[-90.56282,46.12515]]]}},{"type":"Feature","properties":{"id":"us-arealm-110411442879","name":"Water Polution Control Faclty","zone_type":"industrial_park","site_class":"industrial_landuse","coastal_inland_label":"inland","state_fips":"06","mtfcc":"K2362","aland":21508,"awater":0},"geometry":{"type":"Polygon","coordinates":[[[-121.873278,36.60279],[-121.871749,36.603354],[-121.871137,36.602204],[-121.871263,36.602158],[-121.871681,36.602001],[-121.872732,36.601596],[-121.873278,36.60279]]]}},{"type":"Feature","properties":{"id":"us-arealm-110452804226","name":"Parke County Highway Gravel Pit","zone_type":"industrial_park","site_class":"industrial_landuse","coastal_inland_label":"inland","state_fips":"18","mtfcc":"K2362","aland":21315,"awater":0},"geometry":{"type":"Polygon","coordinates":[[[-87.350061,39.785666],[-87.348705,39.785704],[-87.348636,39.785677],[-87.348467,39.785613],[-87.348111,39.785269],[-87.348081,39.784514],[-87.348259,39.784308],[-87.348733,39.784216],[-87.349638,39.784498],[-87.350061,39.785666]]]}},{"type":"Feature","properties":{"id":"us-arealm-110431729926","name":"Sewage Disposal","zone_type":"industrial_park","site_class":"industrial_landuse","coastal_inland_label":"inland","state_fips":"18","mtfcc":"K2362","aland":20477,"awater":0},"geometry":{"type":"Polygon","coordinates":[[[-87.179495,40.92428],[-87.176014,40.924207],[-87.176061,40.9229],[-87.176505,40.923024],[-87.177084,40.92343],[-87.177705,40.923901],[-87.178618,40.923913],[-87.17951,40.923821],[-87.179495,40.92428]]]}},{"type":"Feature","properties":{"id":"us-arealm-110518169459","name":"Industrial Building or Industrial Park","zone_type":"industrial_park","site_class":"industrial_landuse","coastal_inland_label":"inland","state_fips":"18","mtfcc":"K2362","aland":20467,"awater":0},"geometry":{"type":"Polygon","coordinates":[[[-87.252627,38.528659],[-87.250949,38.528531],[-87.250979,38.528474],[-87.250639,38.528387],[-87.250678,38.52812],[-87.250194,38.528002],[-87.250201,38.527724],[-87.250202,38.527702],[-87.250279,38.527705],[-87.250634,38.527716],[-87.250665,38.527611],[-87.250674,38.527578],[-87.250849,38.527545],[-87.25092,38.527326],[-87.251544,38.527396],[-87.252011,38.527449],[-87.251901,38.527862],[-87.252756,38.528068],[-87.252627,38.528659]]]}},{"type":"Feature","properties":{"id":"us-arealm-110514396870","name":"Cleveland Park","zone_type":"industrial_park","site_class":"industrial_landuse","coastal_inland_label":"inland","state_fips":"30","mtfcc":"K2362","aland":18985,"awater":0},"geometry":{"type":"Polygon","coordinates":[[[-111.858025,48.500296],[-111.858023,48.500361],[-111.857993,48.501514],[-111.856775,48.501484],[-111.856436,48.501476],[-111.856415,48.500039],[-111.857034,48.500039],[-111.857894,48.500039],[-111.858032,48.500039],[-111.858025,48.500296]]]}},{"type":"Feature","properties":{"id":"us-arealm-110412715993","name":"Power Substation","zone_type":"industrial_park","site_class":"industrial_landuse","coastal_inland_label":"inland","state_fips":"20","mtfcc":"K2362","aland":16799,"awater":0},"geometry":{"type":"Polygon","coordinates":[[[-101.735539,38.494792],[-101.733929,38.494807],[-101.733919,38.493744],[-101.734375,38.493735],[-101.73555,38.493715],[-101.735539,38.494792]]]}},{"type":"Feature","properties":{"id":"us-arealm-110481023240","name":"Industrial Building or Industrial Park","zone_type":"industrial_park","site_class":"industrial_landuse","coastal_inland_label":"inland","state_fips":"48","mtfcc":"K2362","aland":16684,"awater":0},"geometry":{"type":"Polygon","coordinates":[[[-97.891245,28.87908],[-97.890857,28.879857],[-97.889795,28.879439],[-97.8892,28.880593],[-97.888965,28.8805],[-97.889861,28.878653],[-97.890091,28.87869],[-97.891107,28.87901],[-97.891245,28.87908]]]}},{"type":"Feature","properties":{"id":"us-arealm-110165325673","name":"Corning Glass Co","zone_type":"industrial_park","site_class":"industrial_landuse","coastal_inland_label":"inland","state_fips":"21","mtfcc":"K2362","aland":16558,"awater":0},"geometry":{"type":"Polygon","coordinates":[[[-84.82907,37.757935],[-84.829047,37.757934],[-84.828185,37.757869],[-84.828046,37.756984],[-84.827687,37.75681],[-84.827707,37.756455],[-84.829335,37.756564],[-84.82907,37.757935]]]}},{"type":"Feature","properties":{"id":"us-arealm-110411442971","name":"Sewage Treatment Plant and Regional Pump Sta","zone_type":"industrial_park","site_class":"industrial_landuse","coastal_inland_label":"inland","state_fips":"06","mtfcc":"K2362","aland":15991,"awater":0},"geometry":{"type":"Polygon","coordinates":[[[-121.853938,36.615097],[-121.852859,36.61645],[-121.852026,36.615933],[-121.853151,36.614641],[-121.85342,36.614788],[-121.853938,36.615097]]]}},{"type":"Feature","properties":{"id":"us-arealm-1101445839579","name":"City Water Faclty","zone_type":"industrial_park","site_class":"industrial_landuse","coastal_inland_label":"inland","state_fips":"06","mtfcc":"K2362","aland":13553,"awater":0},"geometry":{"type":"Polygon","coordinates":[[[-115.579944,32.793903],[-115.579937,32.794691],[-115.579762,32.794697],[-115.579621,32.794698],[-115.579555,32.794693],[-115.579467,32.794686],[-115.579359,32.794657],[-115.579283,32.794649],[-115.579195,32.794643],[-115.579119,32.794642],[-115.579095,32.793855],[-115.579074,32.793134],[-115.579952,32.793142],[-115.579944,32.793903]]]}},{"type":"Feature","properties":{"id":"us-arealm-110510948099","name":"Dump Strip","zone_type":"industrial_park","site_class":"industrial_landuse","coastal_inland_label":"inland","state_fips":"12","mtfcc":"K2362","aland":10899,"awater":0},"geometry":{"type":"Polygon","coordinates":[[[-85.755439,30.572261],[-85.754436,30.57307],[-85.753897,30.572399],[-85.754533,30.571948],[-85.754882,30.571701],[-85.755439,30.572261]]]}},{"type":"Feature","properties":{"id":"us-arealm-1101174849775","name":"Southern Edison Company","zone_type":"industrial_park","site_class":"industrial_landuse","coastal_inland_label":"inland","state_fips":"06","mtfcc":"K2362","aland":10514,"awater":0},"geometry":{"type":"Polygon","coordinates":[[[-117.80313,33.73453],[-117.803089,33.734577],[-117.802807,33.734849],[-117.802498,33.735149],[-117.80242,33.73524],[-117.801588,33.734699],[-117.802301,33.733953],[-117.802607,33.734168],[-117.802637,33.73419],[-117.802651,33.734199],[-117.80319,33.73447],[-117.80313,33.73453]]]}},{"type":"Feature","properties":{"id":"us-arealm-1103849999719","name":"Storage Compound","zone_type":"industrial_park","site_class":"industrial_landuse","coastal_inland_label":"inland","state_fips":"29","mtfcc":"K2362","aland":8146,"awater":0},"geometry":{"type":"Polygon","coordinates":[[[-92.1514,36.65849],[-92.15134,36.65855],[-92.1497,36.65866],[-92.14967,36.65835],[-92.14968,36.65824],[-92.14975,36.65818],[-92.15039,36.65812],[-92.15091,36.65808],[-92.15124,36.6581],[-92.15137,36.65818],[-92.15142,36.65829],[-92.1514,36.65849]]]}},{"type":"Feature","properties":{"id":"us-arealm-110518169458","name":"Industrial Building or Industrial Park","zone_type":"industrial_park","site_class":"industrial_landuse","coastal_inland_label":"inland","state_fips":"18","mtfcc":"K2362","aland":7091,"awater":0},"geometry":{"type":"Polygon","coordinates":[[[-87.267621,38.520244],[-87.266769,38.520532],[-87.266673,38.520349],[-87.266383,38.519798],[-87.267173,38.519494],[-87.267621,38.520244]]]}},{"type":"Feature","properties":{"id":"us-arealm-110165325683","name":"Signet Systems Inc Plant 2","zone_type":"industrial_park","site_class":"industrial_landuse","coastal_inland_label":"inland","state_fips":"21","mtfcc":"K2362","aland":6191,"awater":0},"geometry":{"type":"Polygon","coordinates":[[[-84.844818,37.7762],[-84.843929,37.776223],[-84.843848,37.775522],[-84.844748,37.77549],[-84.844818,37.7762]]]}},{"type":"Feature","properties":{"id":"us-arealm-1101927871184","name":"Power Plnt","zone_type":"industrial_park","site_class":"industrial_landuse","coastal_inland_label":"inland","state_fips":"55","mtfcc":"K2362","aland":4860,"awater":0},"geometry":{"type":"Polygon","coordinates":[[[-88.86578,42.94858],[-88.86545,42.948574],[-88.864824,42.948564],[-88.864783,42.948014],[-88.865738,42.948007],[-88.86578,42.94858]]]}},{"type":"Feature","properties":{"id":"us-arealm-110165325686","name":"Cricketeer Manufacturing Co","zone_type":"industrial_park","site_class":"industrial_landuse","coastal_inland_label":"inland","state_fips":"21","mtfcc":"K2362","aland":3145,"awater":0},"geometry":{"type":"Polygon","coordinates":[[[-84.827619,37.761217],[-84.826609,37.761206],[-84.826624,37.760909],[-84.826984,37.760887],[-84.826984,37.760772],[-84.827143,37.760772],[-84.827157,37.760909],[-84.827576,37.760917],[-84.827619,37.761217]]]}},{"type":"Feature","properties":{"id":"us-arealm-110455402039","name":"Water Treatment Plnt","zone_type":"industrial_park","site_class":"industrial_landuse","coastal_inland_label":"inland","state_fips":"39","mtfcc":"K2362","aland":2821,"awater":0},"geometry":{"type":"Polygon","coordinates":[[[-83.135383,40.823813],[-83.134713,40.823825],[-83.134695,40.823382],[-83.135019,40.823374],[-83.135377,40.823366],[-83.135383,40.823813]]]}},{"type":"Feature","properties":{"id":"us-arealm-1101931426589","name":"Industrial Building or Industrial Park","zone_type":"industrial_park","site_class":"industrial_landuse","coastal_inland_label":"inland","state_fips":"42","mtfcc":"K2362","aland":2547,"awater":0},"geometry":{"type":"Polygon","coordinates":[[[-74.838558,40.134391],[-74.838361,40.134488],[-74.838146,40.134474],[-74.837835,40.134358],[-74.837952,40.134131],[-74.838161,40.133953],[-74.838304,40.133917],[-74.83855,40.134242],[-74.838558,40.134391]]]}},{"type":"Feature","properties":{"id":"us-arealm-1103410012013","name":"Water Dept","zone_type":"industrial_park","site_class":"industrial_landuse","coastal_inland_label":"inland","state_fips":"36","mtfcc":"K2362","aland":2396,"awater":0},"geometry":{"type":"Polygon","coordinates":[[[-77.036772,42.140791],[-77.036199,42.140697],[-77.036257,42.140254],[-77.036838,42.14035],[-77.036772,42.140791]]]}},{"type":"Feature","properties":{"id":"us-arealm-1103776140284","name":"Boneville Power Usa","zone_type":"industrial_park","site_class":"industrial_landuse","coastal_inland_label":"inland","state_fips":"53","mtfcc":"K2362","aland":1157,"awater":0},"geometry":{"type":"Polygon","coordinates":[[[-123.745648,46.714206],[-123.745266,46.714245],[-123.745119,46.714254],[-123.745103,46.714205],[-123.745089,46.71416],[-123.745036,46.713995],[-123.745245,46.713989],[-123.745603,46.71398],[-123.745648,46.714206]]]}},{"type":"Feature","properties":{"id":"us-arealm-110277140253","name":"Industrial Building or Industrial Park","zone_type":"industrial_park","site_class":"industrial_landuse","coastal_inland_label":"inland","state_fips":"55","mtfcc":"K2362","aland":41,"awater":0},"geometry":{"type":"Polygon","coordinates":[[[-88.982161,42.510401],[-88.982158,42.510331],[-88.982287,42.510332],[-88.982161,42.510401]]]}}]}