{"type":"FeatureCollection","features":[{"type":"Feature","properties":{"id":"DEBKGDL20000JCRV","name":"Kernkraftwerk Obrigheim","facility_type":"power_plant","facility_subtype":"thermal_power","status":"existing","source_function_code":"2530"},"geometry":{"type":"Point","coordinates":[9.076308227145752,49.36497437297747]}},{"type":"Feature","properties":{"id":"DEBKGDL20000PTN8","name":"Solarpark Deubach","facility_type":"power_plant","facility_subtype":"thermal_power","status":"existing","source_function_code":"2530"},"geometry":{"type":"Point","coordinates":[10.339328985567555,48.38922530402473]}},{"type":"Feature","properties":{"id":"DEBKGDL20000JBVG","name":"Wasserkraftwerk Ryburg-Schwörstadt","facility_type":"power_plant","facility_subtype":"thermal_power","status":"existing","source_function_code":"2530"},"geometry":{"type":"Point","coordinates":[7.835020716442268,47.587369313039666]}},{"type":"Feature","properties":{"id":"DEBKGDL20000JCRX","name":"Pumpspeicherkraftwerk Häusern","facility_type":"power_plant","facility_subtype":"thermal_power","status":"existing","source_function_code":"2530"},"geometry":{"type":"Point","coordinates":[8.187297140196854,47.75503142757263]}},{"type":"Feature","properties":{"id":"DEBKGDL20000U6EO","name":"Solarpark Bruhrain","facility_type":"power_plant","facility_subtype":"thermal_power","status":"existing","source_function_code":"2530"},"geometry":{"type":"Point","coordinates":[8.527357754142104,49.262356686448925]}},{"type":"Feature","properties":{"id":"DEBKGDL20000U6GS","name":"Solarfeld Krumbach","facility_type":"power_plant","facility_subtype":"thermal_power","status":"existing","source_function_code":"2530"},"geometry":{"type":"Point","coordinates":[10.342826453838754,48.22885831904274]}},{"type":"Feature","properties":{"id":"DEBKGDL2000124F2","name":"Photovoltaikfeld Sulzberg","facility_type":"power_plant","facility_subtype":"thermal_power","status":"existing","source_function_code":"2530"},"geometry":{"type":"Point","coordinates":[10.394783381875058,47.68075876106383]}},{"type":"Feature","properties":{"id":"DEBKGDL2000124YY","name":"Solarpark Vogtsburg","facility_type":"power_plant","facility_subtype":"thermal_power","status":"existing","source_function_code":"2530"},"geometry":{"type":"Point","coordinates":[7.605843186294655,48.074091968711684]}},{"type":"Feature","properties":{"id":"DEBKGDL20001CALB","name":"Erdgas- und Biomassekraftwerk Mannheim","facility_type":"power_plant","facility_subtype":"thermal_power","status":"existing","source_function_code":"2530"},"geometry":{"type":"Point","coordinates":[8.46450884706956,49.53626384796317]}},{"type":"Feature","properties":{"id":"DEBKGDL2000132NC","name":"Solarpark Schemmerhofen","facility_type":"power_plant","facility_subtype":"thermal_power","status":"existing","source_function_code":"2530"},"geometry":{"type":"Point","coordinates":[9.783038940767554,48.16106215984895]}},{"type":"Feature","properties":{"id":"DEBKGDL2000132NI","name":"Solarpark Iffezheim","facility_type":"power_plant","facility_subtype":"thermal_power","status":"existing","source_function_code":"2530"},"geometry":{"type":"Point","coordinates":[8.120690316731277,48.84405019636191]}},{"type":"Feature","properties":{"id":"DEBKGDL2000132NH","name":"Solarpark Mutlanger Heide","facility_type":"power_plant","facility_subtype":"thermal_power","status":"existing","source_function_code":"2530"},"geometry":{"type":"Point","coordinates":[9.804635980928278,48.81275322300435]}},{"type":"Feature","properties":{"id":"DEBKGDL2000132N8","name":"Solarpark Neuhaus","facility_type":"power_plant","facility_subtype":"thermal_power","status":"existing","source_function_code":"2530"},"geometry":{"type":"Point","coordinates":[9.154266699315468,48.1344647359683]}},{"type":"Feature","properties":{"id":"DEBKGDL2000132N6","name":"Solarpark Schelklingen","facility_type":"power_plant","facility_subtype":"thermal_power","status":"existing","source_function_code":"2530"},"geometry":{"type":"Point","coordinates":[9.641450242313516,48.3889059816936]}},{"type":"Feature","properties":{"id":"DEBKGDL2000132ND","name":"Energiepark Dürbheim","facility_type":"power_plant","facility_subtype":"thermal_power","status":"existing","source_function_code":"2530"},"geometry":{"type":"Point","coordinates":[8.796217750103068,48.07234156707214]}},{"type":"Feature","properties":{"id":"DEBKGDL200014VK1","name":"Solarpark Holzgünz","facility_type":"power_plant","facility_subtype":"thermal_power","status":"existing","source_function_code":"2530"},"geometry":{"type":"Point","coordinates":[10.269208991504817,48.023207459808255]}},{"type":"Feature","properties":{"id":"DEBKGDL200014VKJ","name":"Solarpark Wiedersbach","facility_type":"power_plant","facility_subtype":"thermal_power","status":"existing","source_function_code":"2530"},"geometry":{"type":"Point","coordinates":[10.446600440832066,49.30262195580167]}},{"type":"Feature","properties":{"id":"DEBKGDL200014VKY","name":"Solarpark Hohberg","facility_type":"power_plant","facility_subtype":"thermal_power","status":"existing","source_function_code":"2530"},"geometry":{"type":"Point","coordinates":[7.903063459339786,48.43821051770225]}},{"type":"Feature","properties":{"id":"DEBKGDL200014VLG","name":"Solarpark Roßberg","facility_type":"power_plant","facility_subtype":"thermal_power","status":"existing","source_function_code":"2530"},"geometry":{"type":"Point","coordinates":[9.783910922761581,47.87064772939363]}},{"type":"Feature","properties":{"id":"DEBKGDL200014VLM","name":"Solarpark Gutenzell-Hürbel","facility_type":"power_plant","facility_subtype":"thermal_power","status":"existing","source_function_code":"2530"},"geometry":{"type":"Point","coordinates":[9.967825667772633,48.128821875534925]}},{"type":"Feature","properties":{"id":"DEBKGDL200014VMZ","name":"Solarpark Clausen","facility_type":"power_plant","facility_subtype":"thermal_power","status":"existing","source_function_code":"2530"},"geometry":{"type":"Point","coordinates":[7.715529207646114,49.26562511007611]}},{"type":"Feature","properties":{"id":"DEBKGDL20001CALD","name":"Gaskraftwerk Bielefeld","facility_type":"power_plant","facility_subtype":"thermal_power","status":"existing","source_function_code":"2530"},"geometry":{"type":"Point","coordinates":[8.616950358755103,52.001345459502]}},{"type":"Feature","properties":{"id":"DEBKGDL20001CALF","name":"Kraftwerk Aluminium Oxid Stade","facility_type":"power_plant","facility_subtype":"thermal_power","status":"existing","source_function_code":"2530"},"geometry":{"type":"Point","coordinates":[9.497269590380583,53.65295269130915]}},{"type":"Feature","properties":{"id":"DEBKGDL20001CALE","name":"Gas- und Biomasseheizkraftwerk Augsburg","facility_type":"power_plant","facility_subtype":"thermal_power","status":"existing","source_function_code":"2530"},"geometry":{"type":"Point","coordinates":[10.93802092926382,48.40376276399991]}},{"type":"Feature","properties":{"id":"DEBKGDL200015ZSE","name":"Biomasse-Heizkraftwerk Buchen","facility_type":"power_plant","facility_subtype":"thermal_power","status":"existing","source_function_code":"2530"},"geometry":{"type":"Point","coordinates":[9.320738992735459,49.500299743586595]}},{"type":"Feature","properties":{"id":"DEBKGDL20001506H","name":"Abfallheizkraftwerk Neunkirchen","facility_type":"power_plant","facility_subtype":"thermal_power","status":"existing","source_function_code":"2530"},"geometry":{"type":"Point","coordinates":[7.168429353914879,49.337998919052346]}},{"type":"Feature","properties":{"id":"DEBKGDL200015NT4","name":"Solarpark Betzweiler","facility_type":"power_plant","facility_subtype":"thermal_power","status":"existing","source_function_code":"2530"},"geometry":{"type":"Point","coordinates":[8.474659207735257,48.351527109406526]}},{"type":"Feature","properties":{"id":"DEBKGDL200015QKO","name":"Solarpark Mooshof","facility_type":"power_plant","facility_subtype":"thermal_power","status":"existing","source_function_code":"2530"},"geometry":{"type":"Point","coordinates":[8.988467067756908,47.812897145525945]}},{"type":"Feature","properties":{"id":"DEBKGDL200015SXM","name":"Solarpark Sankt Nikolaus","facility_type":"power_plant","facility_subtype":"thermal_power","status":"existing","source_function_code":"2530"},"geometry":{"type":"Point","coordinates":[6.824667816744487,49.16620840310606]}},{"type":"Feature","properties":{"id":"DEBKGDL200015XE1","name":"Solarpark Harthausen","facility_type":"power_plant","facility_subtype":"thermal_power","status":"existing","source_function_code":"2530"},"geometry":{"type":"Point","coordinates":[10.348142212876066,48.44030831721426]}},{"type":"Feature","properties":{"id":"DEBKGDL200015ZMY","name":"Heizkraftwerk Stuttgart-Gaisburg","facility_type":"power_plant","facility_subtype":"thermal_power","status":"existing","source_function_code":"2530"},"geometry":{"type":"Point","coordinates":[9.230944932749644,48.7819138235826]}},{"type":"Feature","properties":{"id":"DEBKGDL200015ZR7","name":"Biomassekraftwerk Herbrechtingen","facility_type":"power_plant","facility_subtype":"thermal_power","status":"existing","source_function_code":"2530"},"geometry":{"type":"Point","coordinates":[10.200140146710819,48.628934484875685]}},{"type":"Feature","properties":{"id":"DEBKGDL200015ZSI","name":"Biomassekraftwerk Obrigheim","facility_type":"power_plant","facility_subtype":"thermal_power","status":"existing","source_function_code":"2530"},"geometry":{"type":"Point","coordinates":[9.078048347733551,49.362026505276695]}},{"type":"Feature","properties":{"id":"DEBKGDL200015ZT4","name":"Biomasse-Heizkraftwerk Ulm I+II","facility_type":"power_plant","facility_subtype":"thermal_power","status":"existing","source_function_code":"2530"},"geometry":{"type":"Point","coordinates":[9.965203862472485,48.397261086805024]}},{"type":"Feature","properties":{"id":"DEBKGDL200015ZSR","name":"Biomassekraftwerk Baden Airpark","facility_type":"power_plant","facility_subtype":"thermal_power","status":"existing","source_function_code":"2530"},"geometry":{"type":"Point","coordinates":[8.086609739778542,48.77113481155134]}},{"type":"Feature","properties":{"id":"DEBKGDL20001CAM0","name":"Heizkraftwerk Hiltrop","facility_type":"power_plant","facility_subtype":"thermal_power","status":"existing","source_function_code":"2530"},"geometry":{"type":"Point","coordinates":[7.250105639870731,51.508347549265075]}},{"type":"Feature","properties":{"id":"DEBKGDL20001CAQC","name":"Kraftwerk DK Duisburg","facility_type":"power_plant","facility_subtype":"thermal_power","status":"existing","source_function_code":"2530"},"geometry":{"type":"Point","coordinates":[6.739576691399284,51.419701032313824]}},{"type":"Feature","properties":{"id":"DEBKGDL20000JBVV","name":"Heizkraftwerk Nord München","facility_type":"power_plant","facility_subtype":"thermal_power","status":"existing","source_function_code":"2530"},"geometry":{"type":"Point","coordinates":[11.640377678792065,48.18027379163531]}},{"type":"Feature","properties":{"id":"DEBKGDL20001CAQI","name":"Heizkraftwerk Gera-Tinz","facility_type":"power_plant","facility_subtype":"thermal_power","status":"existing","source_function_code":"2530"},"geometry":{"type":"Point","coordinates":[12.063411831884771,50.90538122400409]}},{"type":"Feature","properties":{"id":"DEBKGDL200016051","name":"Müllheizkraftwerk Weißenhorn","facility_type":"power_plant","facility_subtype":"thermal_power","status":"existing","source_function_code":"2530"},"geometry":{"type":"Point","coordinates":[10.134381703495754,48.299397976804705]}},{"type":"Feature","properties":{"id":"DEBKGDL20001604Y","name":"Müllheizkraftwerk Kempten","facility_type":"power_plant","facility_subtype":"thermal_power","status":"existing","source_function_code":"2530"},"geometry":{"type":"Point","coordinates":[10.319128041932062,47.75869286933456]}},{"type":"Feature","properties":{"id":"DEBKGDL20001CAQJ","name":"Gas-und Dampfkraftwerk Nordland Dörpen","facility_type":"power_plant","facility_subtype":"thermal_power","status":"existing","source_function_code":"2530"},"geometry":{"type":"Point","coordinates":[7.359632911959466,52.97962559930327]}},{"type":"Feature","properties":{"id":"DEBKGDL20001CAQK","name":"Biomasseheizkraftwerk Wismar","facility_type":"power_plant","facility_subtype":"thermal_power","status":"existing","source_function_code":"2530"},"geometry":{"type":"Point","coordinates":[11.451752978129194,53.90575753166822]}},{"type":"Feature","properties":{"id":"DEBKGDL200018AMR","name":"Solarpark Elchingen/Salach","facility_type":"power_plant","facility_subtype":"thermal_power","status":"existing","source_function_code":"2530"},"geometry":{"type":"Point","coordinates":[10.242250622547441,48.80789651904002]}},{"type":"Feature","properties":{"id":"DEBKGDL200018ANH","name":"Solarpark Radelstetten","facility_type":"power_plant","facility_subtype":"thermal_power","status":"existing","source_function_code":"2530"},"geometry":{"type":"Point","coordinates":[9.874286718609822,48.52565357998977]}},{"type":"Feature","properties":{"id":"DEBKGDL200018ANX","name":"Photovoltaikanlage Bubesheim","facility_type":"power_plant","facility_subtype":"thermal_power","status":"existing","source_function_code":"2530"},"geometry":{"type":"Point","coordinates":[10.263106723441737,48.42750263952671]}},{"type":"Feature","properties":{"id":"DEBKGDL200018AOY","name":"Solarpark Linslerhof","facility_type":"power_plant","facility_subtype":"thermal_power","status":"existing","source_function_code":"2530"},"geometry":{"type":"Point","coordinates":[6.724635756776328,49.24751276526865]}},{"type":"Feature","properties":{"id":"DEBKGDL200018APF","name":"Solarpark Ulm-Eggingen","facility_type":"power_plant","facility_subtype":"thermal_power","status":"existing","source_function_code":"2530"},"geometry":{"type":"Point","coordinates":[9.871043454399056,48.355223952221955]}},{"type":"Feature","properties":{"id":"DEBKGDL20001C6DK","name":"Solarpark Spitalhöfe","facility_type":"power_plant","facility_subtype":"thermal_power","status":"existing","source_function_code":"2530"},"geometry":{"type":"Point","coordinates":[8.393486374530365,48.01477797409602]}},{"type":"Feature","properties":{"id":"DEBKGDL200018CJI","name":"Wasserkraftwerk Säckingen","facility_type":"power_plant","facility_subtype":"thermal_power","status":"existing","source_function_code":"2530"},"geometry":{"type":"Point","coordinates":[7.956719403159942,47.55769498758081]}},{"type":"Feature","properties":{"id":"DEBKGDL20001BRWZ","name":"Gaskraftwerk Leipheim","facility_type":"power_plant","facility_subtype":"thermal_power","status":"existing","source_function_code":"2530"},"geometry":{"type":"Point","coordinates":[10.232808663708806,48.434849301417486]}},{"type":"Feature","properties":{"id":"DEBKGDL20001C6BV","name":"Solarpark Altenstadt","facility_type":"power_plant","facility_subtype":"thermal_power","status":"existing","source_function_code":"2530"},"geometry":{"type":"Point","coordinates":[10.126361559067574,48.17614044810092]}},{"type":"Feature","properties":{"id":"DEBKGDL20001C6CB","name":"Solarpark Steißlingen","facility_type":"power_plant","facility_subtype":"thermal_power","status":"existing","source_function_code":"2530"},"geometry":{"type":"Point","coordinates":[8.93256384892286,47.77501986760988]}},{"type":"Feature","properties":{"id":"DEBKGDL20001C6DC","name":"Photovoltaik-Park Ranberg","facility_type":"power_plant","facility_subtype":"thermal_power","status":"existing","source_function_code":"2530"},"geometry":{"type":"Point","coordinates":[9.666011061081951,48.32974235470884]}},{"type":"Feature","properties":{"id":"DEBKGDL20001C6ET","name":"Photovoltaikanlage Seehaus","facility_type":"power_plant","facility_subtype":"thermal_power","status":"existing","source_function_code":"2530"},"geometry":{"type":"Point","coordinates":[9.400651338756836,49.29978665178106]}},{"type":"Feature","properties":{"id":"DEBKGDL20001CAR4","name":"Wasserkraftwerk Eitting","facility_type":"power_plant","facility_subtype":"thermal_power","status":"existing","source_function_code":"2530"},"geometry":{"type":"Point","coordinates":[11.881963222489329,48.35864821695666]}},{"type":"Feature","properties":{"id":"DEBKGDL2000153S0","name":"Solarpark Sembach","facility_type":"power_plant","facility_subtype":"thermal_power","status":"existing","source_function_code":"2530"},"geometry":{"type":"Point","coordinates":[7.883781705036483,49.509087415183174]}},{"type":"Feature","properties":{"id":"DEBKGDL20001CAR5","name":"Wasserkraftwerk Ering-Frauenstein","facility_type":"power_plant","facility_subtype":"thermal_power","status":"existing","source_function_code":"2530"},"geometry":{"type":"Point","coordinates":[13.16008075998663,48.29071718051247]}},{"type":"Feature","properties":{"id":"DEBKGDL20000U6LX","name":"Solarpark Rheinhessen","facility_type":"power_plant","facility_subtype":"thermal_power","status":"existing","source_function_code":"2530"},"geometry":{"type":"Point","coordinates":[8.132373274573762,49.829027690492744]}},{"type":"Feature","properties":{"id":"DEBKGDL20001CAQL","name":"Rheinkraftwerk Albbruck-Dogern","facility_type":"power_plant","facility_subtype":"thermal_power","status":"existing","source_function_code":"2530"},"geometry":{"type":"Point","coordinates":[8.132700519889909,47.58576743690533]}},{"type":"Feature","properties":{"id":"DEBKGDL200014VIP","name":"Solarpark Auf dem Hackenberg","facility_type":"power_plant","facility_subtype":"thermal_power","status":"existing","source_function_code":"2530"},"geometry":{"type":"Point","coordinates":[7.786753608988477,49.69620062157528]}},{"type":"Feature","properties":{"id":"DEBKGDL20001CAS6","name":"Wasserkraftwerk Pfrombach","facility_type":"power_plant","facility_subtype":"thermal_power","status":"existing","source_function_code":"2530"},"geometry":{"type":"Point","coordinates":[11.99317954563554,48.44135213028506]}},{"type":"Feature","properties":{"id":"DEBKGDL200014YFP","name":"Solarpark Kaisersesch","facility_type":"power_plant","facility_subtype":"thermal_power","status":"existing","source_function_code":"2530"},"geometry":{"type":"Point","coordinates":[7.163852651905974,50.2331354460947]}},{"type":"Feature","properties":{"id":"DEBKGDL20001CAS1","name":"Wasserkraftwerk Braunau-Simbach","facility_type":"power_plant","facility_subtype":"thermal_power","status":"existing","source_function_code":"2530"},"geometry":{"type":"Point","coordinates":[13.00573758819567,48.24548198504985]}},{"type":"Feature","properties":{"id":"DEBKGDL200015SVM","name":"Solarpark Niederöfflingen","facility_type":"power_plant","facility_subtype":"thermal_power","status":"existing","source_function_code":"2530"},"geometry":{"type":"Point","coordinates":[6.89710912300369,50.074445018556275]}},{"type":"Feature","properties":{"id":"DEBKGDL200015SVT","name":"Solarpark Longuich Jungenwald","facility_type":"power_plant","facility_subtype":"thermal_power","status":"existing","source_function_code":"2530"},"geometry":{"type":"Point","coordinates":[6.73956365473341,49.79745986637447]}},{"type":"Feature","properties":{"id":"DEBKGDL200015SWW","name":"Photovoltaikanlage Brönnchesthal","facility_type":"power_plant","facility_subtype":"thermal_power","status":"existing","source_function_code":"2530"},"geometry":{"type":"Point","coordinates":[7.108967029162603,49.342443666515194]}},{"type":"Feature","properties":{"id":"DEBKGDL200015SXC","name":"Solarpark Niersbach","facility_type":"power_plant","facility_subtype":"thermal_power","status":"existing","source_function_code":"2530"},"geometry":{"type":"Point","coordinates":[6.766799876511057,49.93940060257531]}},{"type":"Feature","properties":{"id":"DEBKGDL200015SXD","name":"Solarkraftwerk Bitburg-Irsch","facility_type":"power_plant","facility_subtype":"thermal_power","status":"existing","source_function_code":"2530"},"geometry":{"type":"Point","coordinates":[6.5625507340412685,49.987711095652074]}},{"type":"Feature","properties":{"id":"DEBKGDL200015SXN","name":"Solarpark Wadern-Büschfeld","facility_type":"power_plant","facility_subtype":"thermal_power","status":"existing","source_function_code":"2530"},"geometry":{"type":"Point","coordinates":[6.892080312195756,49.492433066955236]}},{"type":"Feature","properties":{"id":"DEBKGDL200015SY0","name":"Solarpark Freimersheim","facility_type":"power_plant","facility_subtype":"thermal_power","status":"existing","source_function_code":"2530"},"geometry":{"type":"Point","coordinates":[8.069341592180294,49.70269183641689]}},{"type":"Feature","properties":{"id":"DEBKGDL200015SXY","name":"Photovoltaikanlage Sengwald Kinheim","facility_type":"power_plant","facility_subtype":"thermal_power","status":"existing","source_function_code":"2530"},"geometry":{"type":"Point","coordinates":[7.0112093730830445,50.00375501886542]}},{"type":"Feature","properties":{"id":"DEBKGDL200015SYC","name":"Solarpark Am Frohnberg","facility_type":"power_plant","facility_subtype":"thermal_power","status":"existing","source_function_code":"2530"},"geometry":{"type":"Point","coordinates":[7.78319138249994,49.50190313248974]}},{"type":"Feature","properties":{"id":"DEBKGDL200015SYD","name":"Solarpark Waldböckelheim","facility_type":"power_plant","facility_subtype":"thermal_power","status":"existing","source_function_code":"2530"},"geometry":{"type":"Point","coordinates":[7.696768524693778,49.802273487177196]}},{"type":"Feature","properties":{"id":"DEBKGDL20001CAKG","name":"Wasserkraftwerk Töging","facility_type":"power_plant","facility_subtype":"thermal_power","status":"existing","source_function_code":"2530"},"geometry":{"type":"Point","coordinates":[12.585397452801567,48.2504629086515]}},{"type":"Feature","properties":{"id":"DEBKGDL20000JCRW","name":"Pumpspeicherkraftwerk Witznau","facility_type":"power_plant","facility_subtype":"thermal_power","status":"existing","source_function_code":"2530"},"geometry":{"type":"Point","coordinates":[8.250971624078288,47.68771151509538]}},{"type":"Feature","properties":{"id":"DEBKGDL200018AME","name":"Photovoltaikanlage Sengbüsch Kinheim","facility_type":"power_plant","facility_subtype":"thermal_power","status":"existing","source_function_code":"2530"},"geometry":{"type":"Point","coordinates":[7.020030926746106,50.00145084727442]}},{"type":"Feature","properties":{"id":"DEBKGDL20001C6BA","name":"Solarpark Wadern-Krettnich","facility_type":"power_plant","facility_subtype":"thermal_power","status":"existing","source_function_code":"2530"},"geometry":{"type":"Point","coordinates":[6.929050881963934,49.51805628899682]}},{"type":"Feature","properties":{"id":"DEBKGDL20001C6BB","name":"Solarpark Wadern-Krettnich","facility_type":"power_plant","facility_subtype":"thermal_power","status":"existing","source_function_code":"2530"},"geometry":{"type":"Point","coordinates":[7.129044767734264,49.552464713978885]}},{"type":"Feature","properties":{"id":"DEBKGDL20001C6EP","name":"Solarpark Niederlinxweiler","facility_type":"power_plant","facility_subtype":"thermal_power","status":"existing","source_function_code":"2530"},"geometry":{"type":"Point","coordinates":[7.17137826033646,49.4246669391523]}},{"type":"Feature","properties":{"id":"DEBKGDL20001C6EW","name":"Solarpark Merzig-Wellingen","facility_type":"power_plant","facility_subtype":"thermal_power","status":"existing","source_function_code":"2530"},"geometry":{"type":"Point","coordinates":[6.53972892389401,49.45353326391365]}},{"type":"Feature","properties":{"id":"DEBKGDL20001C6EU","name":"Solarpark Nunkirchen","facility_type":"power_plant","facility_subtype":"thermal_power","status":"existing","source_function_code":"2530"},"geometry":{"type":"Point","coordinates":[6.806726581313288,49.48387588382386]}},{"type":"Feature","properties":{"id":"DEBKGDL20001CAKK","name":"Wasserkraftwerk Bergheim","facility_type":"power_plant","facility_subtype":"thermal_power","status":"existing","source_function_code":"2530"},"geometry":{"type":"Point","coordinates":[11.274034974242856,48.75049641353769]}},{"type":"Feature","properties":{"id":"DEBKGDL20001CASF","name":"Alzwerk Burghausen","facility_type":"power_plant","facility_subtype":"thermal_power","status":"existing","source_function_code":"2530"},"geometry":{"type":"Point","coordinates":[12.853454253214299,48.18338127792855]}},{"type":"Feature","properties":{"id":"DEBKGDL20001CASJ","name":"Wasserkraftwerk Ingolstadt","facility_type":"power_plant","facility_subtype":"thermal_power","status":"existing","source_function_code":"2530"},"geometry":{"type":"Point","coordinates":[11.41157312545426,48.75039766841114]}},{"type":"Feature","properties":{"id":"DEBKGDL20001CASI","name":"Wasserkraftwerk Wyhlen","facility_type":"power_plant","facility_subtype":"thermal_power","status":"existing","source_function_code":"2530"},"geometry":{"type":"Point","coordinates":[7.7070703044957165,47.53813531855185]}},{"type":"Feature","properties":{"id":"DEBKGDL20001CASH","name":"Wasserkraftwerk Gars","facility_type":"power_plant","facility_subtype":"thermal_power","status":"existing","source_function_code":"2530"},"geometry":{"type":"Point","coordinates":[12.311938113239774,48.15371182257153]}},{"type":"Feature","properties":{"id":"DEBKGDL20001CASK","name":"Wasserkraftwerk Bittenbrunn","facility_type":"power_plant","facility_subtype":"thermal_power","status":"existing","source_function_code":"2530"},"geometry":{"type":"Point","coordinates":[11.14343056893468,48.734734559246924]}},{"type":"Feature","properties":{"id":"DEBKGDL200010Q5T","name":"Solarthermisches Versuchskraftwerk Jülich","facility_type":"power_plant","facility_subtype":"thermal_power","status":"existing","source_function_code":"2530"},"geometry":{"type":"Point","coordinates":[6.387866213621232,50.914888857898845]}},{"type":"Feature","properties":{"id":"DEBKGDL2000124XZ","name":"Solarpark Inden","facility_type":"power_plant","facility_subtype":"thermal_power","status":"existing","source_function_code":"2530"},"geometry":{"type":"Point","coordinates":[6.3398006651756145,50.84501824174855]}},{"type":"Feature","properties":{"id":"DEBKGDL20001CASL","name":"Wasserkraftwerk Neuötting","facility_type":"power_plant","facility_subtype":"thermal_power","status":"existing","source_function_code":"2530"},"geometry":{"type":"Point","coordinates":[12.691416961877874,48.24945273167057]}},{"type":"Feature","properties":{"id":"DEBKGDL20001CASP","name":"Wasserkraftwerk Geisling","facility_type":"power_plant","facility_subtype":"thermal_power","status":"existing","source_function_code":"2530"},"geometry":{"type":"Point","coordinates":[12.343854022140231,48.97423849580342]}},{"type":"Feature","properties":{"id":"DEBKGDL20001CASN","name":"Wasserkraftwerk Nußdorf","facility_type":"power_plant","facility_subtype":"thermal_power","status":"existing","source_function_code":"2530"},"geometry":{"type":"Point","coordinates":[12.133962209407805,47.744565400142974]}},{"type":"Feature","properties":{"id":"DEBKGDL200012AYO","name":"Heizkraftwerk Köln-Merkenich","facility_type":"power_plant","facility_subtype":"thermal_power","status":"existing","source_function_code":"2530"},"geometry":{"type":"Point","coordinates":[6.963792744125144,51.0176898392752]}},{"type":"Feature","properties":{"id":"DEBKGDL20001CASM","name":"Wasserkraftwerk Lehmen","facility_type":"power_plant","facility_subtype":"thermal_power","status":"existing","source_function_code":"2530"},"geometry":{"type":"Point","coordinates":[7.4610329006529135,50.274623994356425]}},{"type":"Feature","properties":{"id":"DEBKGDL20001CASO","name":"Wasserkraftwerk Aufkirchen","facility_type":"power_plant","facility_subtype":"thermal_power","status":"existing","source_function_code":"2530"},"geometry":{"type":"Point","coordinates":[11.857538108081883,48.30534811854639]}},{"type":"Feature","properties":{"id":"DEBKGDL20001CAST","name":"Wasserkraftwerk Feldkirchen","facility_type":"power_plant","facility_subtype":"thermal_power","status":"existing","source_function_code":"2530"},"geometry":{"type":"Point","coordinates":[12.15659100283261,47.96077849439324]}},{"type":"Feature","properties":{"id":"DEBKGDL20001CASS","name":"Wasserkraftwerk Rosenheim","facility_type":"power_plant","facility_subtype":"thermal_power","status":"existing","source_function_code":"2530"},"geometry":{"type":"Point","coordinates":[12.154401204388599,47.83803444500824]}},{"type":"Feature","properties":{"id":"DEBKGDL20001CASR","name":"Wasserkraftwerk Bertoldsheim","facility_type":"power_plant","facility_subtype":"thermal_power","status":"existing","source_function_code":"2530"},"geometry":{"type":"Point","coordinates":[11.01926941557542,48.73602475446031]}},{"type":"Feature","properties":{"id":"DEBKGDL200015SWX","name":"Solarpark Nauroth","facility_type":"power_plant","facility_subtype":"thermal_power","status":"existing","source_function_code":"2530"},"geometry":{"type":"Point","coordinates":[7.865103397800175,50.70310474870993]}},{"type":"Feature","properties":{"id":"DEBKGDL20001CASU","name":"Wasserkraftwerk Teufelsbruck","facility_type":"power_plant","facility_subtype":"thermal_power","status":"existing","source_function_code":"2530"},"geometry":{"type":"Point","coordinates":[12.27086636572694,48.11497193830596]}},{"type":"Feature","properties":{"id":"DEBKGDL200015ZSP","name":"Biomasseheizkraftwerk Flohr Neuwied","facility_type":"power_plant","facility_subtype":"thermal_power","status":"existing","source_function_code":"2530"},"geometry":{"type":"Point","coordinates":[7.459227372492802,50.44463889896539]}},{"type":"Feature","properties":{"id":"DEBKGDL2000160PH","name":"Kraftwerk Knapsack I","facility_type":"power_plant","facility_subtype":"thermal_power","status":"existing","source_function_code":"2530"},"geometry":{"type":"Point","coordinates":[6.841139211731773,50.859979392542385]}},{"type":"Feature","properties":{"id":"DEBKGDL200016053","name":"Restmüllverbrennungsanlage Köln","facility_type":"power_plant","facility_subtype":"thermal_power","status":"existing","source_function_code":"2530"},"geometry":{"type":"Point","coordinates":[6.949908290780544,51.005964728149344]}},{"type":"Feature","properties":{"id":"DEBKGDL2000160X5","name":"Biomasseheizkraftwerk Siegerland","facility_type":"power_plant","facility_subtype":"thermal_power","status":"existing","source_function_code":"2530"},"geometry":{"type":"Point","coordinates":[8.07372564521203,50.702170294192435]}},{"type":"Feature","properties":{"id":"DEBKGDL20001605M","name":"Industrieheizkraftwerk Andernach","facility_type":"power_plant","facility_subtype":"thermal_power","status":"existing","source_function_code":"2530"},"geometry":{"type":"Point","coordinates":[7.432129702377081,50.434757986869734]}},{"type":"Feature","properties":{"id":"DEBKGDL2000160PM","name":"Raffineriekraftwerk Köln-Godorf","facility_type":"power_plant","facility_subtype":"thermal_power","status":"existing","source_function_code":"2530"},"geometry":{"type":"Point","coordinates":[6.980508239422909,50.854761439445745]}},{"type":"Feature","properties":{"id":"DEBKGDL20001CASV","name":"Wasserkraftwerk Stammham","facility_type":"power_plant","facility_subtype":"thermal_power","status":"existing","source_function_code":"2530"},"geometry":{"type":"Point","coordinates":[12.865723087547817,48.24750305869408]}},{"type":"Feature","properties":{"id":"DEBKGDL20001CASW","name":"Wasserkraftwerk Straubing","facility_type":"power_plant","facility_subtype":"thermal_power","status":"existing","source_function_code":"2530"},"geometry":{"type":"Point","coordinates":[12.557653523163863,48.89713545783222]}},{"type":"Feature","properties":{"id":"DEBKGDL20000JD3K","name":"Kraftwerk BASF-Ludwigshafen","facility_type":"power_plant","facility_subtype":"thermal_power","status":"existing","source_function_code":"2530"},"geometry":{"type":"Point","coordinates":[8.43138293846818,49.51406907244771]}},{"type":"Feature","properties":{"id":"DEBKGDL2000124CK","name":"Solarpark Stalldorf","facility_type":"power_plant","facility_subtype":"thermal_power","status":"existing","source_function_code":"2530"},"geometry":{"type":"Point","coordinates":[9.934526802019175,49.573730291466326]}},{"type":"Feature","properties":{"id":"DEBKGDL2000124CL","name":"Solarfeld Riedenheim","facility_type":"power_plant","facility_subtype":"thermal_power","status":"existing","source_function_code":"2530"},"geometry":{"type":"Point","coordinates":[9.966324175884315,49.5686490356894]}},{"type":"Feature","properties":{"id":"DEBKGDL2000124CM","name":"Solarpark Gelchsheim","facility_type":"power_plant","facility_subtype":"thermal_power","status":"existing","source_function_code":"2530"},"geometry":{"type":"Point","coordinates":[10.000133867100665,49.57550227584446]}},{"type":"Feature","properties":{"id":"DEBKGDL2000124CP","name":"Solarpark Bolzhausen","facility_type":"power_plant","facility_subtype":"thermal_power","status":"existing","source_function_code":"2530"},"geometry":{"type":"Point","coordinates":[10.037955175085653,49.59618486929752]}},{"type":"Feature","properties":{"id":"DEBKGDL20000JDJF","name":"Müllheizkraftwerk Mannheim","facility_type":"power_plant","facility_subtype":"thermal_power","status":"existing","source_function_code":"2530"},"geometry":{"type":"Point","coordinates":[8.453191434166888,49.52210957253749]}},{"type":"Feature","properties":{"id":"DEBKGDL200014GOF","name":"Heizkraftwerk Heidelberg","facility_type":"power_plant","facility_subtype":"thermal_power","status":"existing","source_function_code":"2530"},"geometry":{"type":"Point","coordinates":[8.672867151860771,49.4215831656509]}},{"type":"Feature","properties":{"id":"DEBKGDL20001CASX","name":"Pumpspeicherwerk Pfreimd","facility_type":"power_plant","facility_subtype":"thermal_power","status":"existing","source_function_code":"2530"},"geometry":{"type":"Point","coordinates":[12.272592312984985,49.51832478449789]}},{"type":"Feature","properties":{"id":"DEBKGDL20001CASY","name":"Wasserkraftwerk Vohburg","facility_type":"power_plant","facility_subtype":"thermal_power","status":"existing","source_function_code":"2530"},"geometry":{"type":"Point","coordinates":[11.60067150318048,48.77832681200124]}},{"type":"Feature","properties":{"id":"DEBKGDL20001CASZ","name":"Uppenbornwerk Wang","facility_type":"power_plant","facility_subtype":"thermal_power","status":"existing","source_function_code":"2530"},"geometry":{"type":"Point","coordinates":[11.997916331296997,48.49243915143563]}},{"type":"Feature","properties":{"id":"DEBKGDL20001CAT0","name":"Wasserkraftwerk Wasserburg","facility_type":"power_plant","facility_subtype":"thermal_power","status":"existing","source_function_code":"2530"},"geometry":{"type":"Point","coordinates":[12.218805528173421,48.057632840343885]}},{"type":"Feature","properties":{"id":"DEBKGDL20001CAT1","name":"Wasserkraftwerk Wintrich","facility_type":"power_plant","facility_subtype":"thermal_power","status":"existing","source_function_code":"2530"},"geometry":{"type":"Point","coordinates":[6.949373935383015,49.87991234020441]}},{"type":"Feature","properties":{"id":"DEBKGDL20000JCSA","name":"Pumpspeicherwerk Waldeck","facility_type":"power_plant","facility_subtype":"thermal_power","status":"existing","source_function_code":"2530"},"geometry":{"type":"Point","coordinates":[9.046897368688365,51.16641116878349]}},{"type":"Feature","properties":{"id":"DEBKGDL20000SQA1","name":"Solarpark Homberg (Efze)","facility_type":"power_plant","facility_subtype":"thermal_power","status":"existing","source_function_code":"2530"},"geometry":{"type":"Point","coordinates":[9.392196740037972,51.01258457651305]}},{"type":"Feature","properties":{"id":"DEBKGDL2000124XW","name":"Solarpark Hohe Warte","facility_type":"power_plant","facility_subtype":"thermal_power","status":"existing","source_function_code":"2530"},"geometry":{"type":"Point","coordinates":[8.745629571797926,50.57130801545255]}},{"type":"Feature","properties":{"id":"DEBKGDL20000JD79","name":"Müllheizkraftwerk Frankfurt","facility_type":"power_plant","facility_subtype":"thermal_power","status":"existing","source_function_code":"2530"},"geometry":{"type":"Point","coordinates":[8.636620409203097,50.16237463918017]}},{"type":"Feature","properties":{"id":"DEBKGDL20000JD78","name":"Heizkraftwerk Niederrad","facility_type":"power_plant","facility_subtype":"thermal_power","status":"existing","source_function_code":"2530"},"geometry":{"type":"Point","coordinates":[8.627519955933654,50.08561479257477]}},{"type":"Feature","properties":{"id":"DEBKGDL20000JD7I","name":"Kraftwerk Industriepark Höchst","facility_type":"power_plant","facility_subtype":"thermal_power","status":"existing","source_function_code":"2530"},"geometry":{"type":"Point","coordinates":[8.530738640952862,50.09191933657809]}},{"type":"Feature","properties":{"id":"DEBKGDL20001C7J4","name":"Kraftwerk Plessa","facility_type":"power_plant","facility_subtype":"thermal_power","status":"existing","source_function_code":"2530"},"geometry":{"type":"Point","coordinates":[13.61190229977303,51.471209661041264]}},{"type":"Feature","properties":{"id":"DEBKGDL200014GP3","name":"Müllheizkraftwerk Offenbach","facility_type":"power_plant","facility_subtype":"thermal_power","status":"existing","source_function_code":"2530"},"geometry":{"type":"Point","coordinates":[8.768746935601252,50.065111484970345]}},{"type":"Feature","properties":{"id":"DEBKGDL20000JD3Z","name":"Kraftwerk Shamrock","facility_type":"power_plant","facility_subtype":"thermal_power","status":"existing","source_function_code":"2530"},"geometry":{"type":"Point","coordinates":[7.178821072317627,51.528363851570404]}},{"type":"Feature","properties":{"id":"DEBKGDL2000132NE","name":"Solarpark Roden","facility_type":"power_plant","facility_subtype":"thermal_power","status":"existing","source_function_code":"2530"},"geometry":{"type":"Point","coordinates":[9.604855849181995,49.89048609728221]}},{"type":"Feature","properties":{"id":"DEBKGDL20001C7OP","name":"Kraftwerk Buschhaus","facility_type":"power_plant","facility_subtype":"thermal_power","status":"existing","source_function_code":"2530"},"geometry":{"type":"Point","coordinates":[10.978901525783229,52.17237726530928]}},{"type":"Feature","properties":{"id":"DEBKGDL20001C7OW","name":"Kraftwerk Ensdorf","facility_type":"power_plant","facility_subtype":"thermal_power","status":"existing","source_function_code":"2530"},"geometry":{"type":"Point","coordinates":[6.771318738666221,49.293612177690505]}},{"type":"Feature","properties":{"id":"DEBKGDL200014VKF","name":"Solarpark Uettingen","facility_type":"power_plant","facility_subtype":"thermal_power","status":"existing","source_function_code":"2530"},"geometry":{"type":"Point","coordinates":[9.714259564330952,49.78804716243529]}},{"type":"Feature","properties":{"id":"DEBKGDL200014VKK","name":"Solarpark Düllstadt","facility_type":"power_plant","facility_subtype":"thermal_power","status":"existing","source_function_code":"2530"},"geometry":{"type":"Point","coordinates":[10.259283056868977,49.79155040553951]}},{"type":"Feature","properties":{"id":"DEBKGDL200014VKN","name":"Solarpark Alitzheim","facility_type":"power_plant","facility_subtype":"thermal_power","status":"existing","source_function_code":"2530"},"geometry":{"type":"Point","coordinates":[10.330146838209759,49.92991215701025]}},{"type":"Feature","properties":{"id":"DEBKGDL200014VKT","name":"Solarpark Mülldeponie Stockstadt","facility_type":"power_plant","facility_subtype":"thermal_power","status":"existing","source_function_code":"2530"},"geometry":{"type":"Point","coordinates":[9.05832916297313,49.993119024778835]}},{"type":"Feature","properties":{"id":"DEBKGDL200014VN6","name":"Solarpark am Wölfersheimer See","facility_type":"power_plant","facility_subtype":"thermal_power","status":"existing","source_function_code":"2530"},"geometry":{"type":"Point","coordinates":[8.827737863156644,50.395460421328686]}},{"type":"Feature","properties":{"id":"DEBKGDL200015SXO","name":"Solarpark Am Peterswald","facility_type":"power_plant","facility_subtype":"thermal_power","status":"existing","source_function_code":"2530"},"geometry":{"type":"Point","coordinates":[9.226335227761124,50.998258684976626]}},{"type":"Feature","properties":{"id":"DEBKGDL200015SZ3","name":"Solarpark Windeberger Landstraße","facility_type":"power_plant","facility_subtype":"thermal_power","status":"existing","source_function_code":"2530"},"geometry":{"type":"Point","coordinates":[10.474449178177586,51.2292105388228]}},{"type":"Feature","properties":{"id":"DEBKGDL20001605J","name":"Gemeinschafts-Müllheizkraftwerk Ludwigshafen","facility_type":"power_plant","facility_subtype":"thermal_power","status":"existing","source_function_code":"2530"},"geometry":{"type":"Point","coordinates":[8.426585898989499,49.48514093671808]}},{"type":"Feature","properties":{"id":"DEBKGDL200015ZSK","name":"Biomasseheizkraftwerk Fechenheim","facility_type":"power_plant","facility_subtype":"thermal_power","status":"existing","source_function_code":"2530"},"geometry":{"type":"Point","coordinates":[8.768308841296836,50.129328729701825]}},{"type":"Feature","properties":{"id":"DEBKGDL200015ZSL","name":"Biomasseheizkraftwerk Schameder","facility_type":"power_plant","facility_subtype":"thermal_power","status":"existing","source_function_code":"2530"},"geometry":{"type":"Point","coordinates":[8.320421022388006,50.99535506160216]}},{"type":"Feature","properties":{"id":"DEBKGDL200015ZS9","name":"Gasturbinenkraftwerk Darmstadt","facility_type":"power_plant","facility_subtype":"thermal_power","status":"existing","source_function_code":"2530"},"geometry":{"type":"Point","coordinates":[8.649212857519263,49.88565425318478]}},{"type":"Feature","properties":{"id":"DEBKGDL200015ZSX","name":"Biomassekraftwerk Flörsheim-Wicker","facility_type":"power_plant","facility_subtype":"thermal_power","status":"existing","source_function_code":"2530"},"geometry":{"type":"Point","coordinates":[8.376334475107056,50.023539399746745]}},{"type":"Feature","properties":{"id":"DEBKGDL200015ZR5","name":"Biomassekraftwerk Mannheim","facility_type":"power_plant","facility_subtype":"thermal_power","status":"existing","source_function_code":"2530"},"geometry":{"type":"Point","coordinates":[8.452014025049737,49.52429829866662]}},{"type":"Feature","properties":{"id":"DEBKGDL2000152K3","name":"Müllheizkraftwerk Darmstadt","facility_type":"power_plant","facility_subtype":"thermal_power","status":"existing","source_function_code":"2530"},"geometry":{"type":"Point","coordinates":[8.64606397696427,49.88397337944396]}},{"type":"Feature","properties":{"id":"DEBKGDL2000152K6","name":"Heizkraftwerk Offenbach","facility_type":"power_plant","facility_subtype":"thermal_power","status":"existing","source_function_code":"2530"},"geometry":{"type":"Point","coordinates":[8.745388403248366,50.1110818621041]}},{"type":"Feature","properties":{"id":"DEBKGDL2000160PE","name":"Heizkraftwerk an der Friedensbrücke","facility_type":"power_plant","facility_subtype":"thermal_power","status":"existing","source_function_code":"2530"},"geometry":{"type":"Point","coordinates":[9.923688745610093,49.80000661717728]}},{"type":"Feature","properties":{"id":"DEBKGDL2000160PG","name":"Kraftwerk Obernburg","facility_type":"power_plant","facility_subtype":"thermal_power","status":"existing","source_function_code":"2530"},"geometry":{"type":"Point","coordinates":[9.148249729657838,49.82895691751052]}},{"type":"Feature","properties":{"id":"DEBKGDL200018AOG","name":"Solarpark Roter Markstein-Hirschboden","facility_type":"power_plant","facility_subtype":"thermal_power","status":"existing","source_function_code":"2530"},"geometry":{"type":"Point","coordinates":[9.316838506546295,49.42573362327644]}},{"type":"Feature","properties":{"id":"DEBKGDL200018AOT","name":"Solarpark Gnötzheim","facility_type":"power_plant","facility_subtype":"thermal_power","status":"existing","source_function_code":"2530"},"geometry":{"type":"Point","coordinates":[10.170068606969629,49.61761455607045]}},{"type":"Feature","properties":{"id":"DEBKGDL200018AOI","name":"Solarpark Herlheim","facility_type":"power_plant","facility_subtype":"thermal_power","status":"existing","source_function_code":"2530"},"geometry":{"type":"Point","coordinates":[10.292647181144273,49.91521083950084]}},{"type":"Feature","properties":{"id":"DEBKGDL200018AOM","name":"Solarkraftwerk Großbardorf","facility_type":"power_plant","facility_subtype":"thermal_power","status":"existing","source_function_code":"2530"},"geometry":{"type":"Point","coordinates":[10.354889326796986,50.25789573662047]}},{"type":"Feature","properties":{"id":"DEBKGDL20001C6AT","name":"Solarpark Markt Bibart II","facility_type":"power_plant","facility_subtype":"thermal_power","status":"existing","source_function_code":"2530"},"geometry":{"type":"Point","coordinates":[10.408342960043292,49.65448247479963]}},{"type":"Feature","properties":{"id":"DEBKGDL20001C6BD","name":"Photovoltaikanlage Martinsheim-Rossgraben","facility_type":"power_plant","facility_subtype":"thermal_power","status":"existing","source_function_code":"2530"},"geometry":{"type":"Point","coordinates":[10.14033482658711,49.64773208873922]}},{"type":"Feature","properties":{"id":"DEBKGDL20001C6B8","name":"Photovoltaikanlage Martinsheim-Fuchsloch","facility_type":"power_plant","facility_subtype":"thermal_power","status":"existing","source_function_code":"2530"},"geometry":{"type":"Point","coordinates":[10.17978811374541,49.62821356244672]}},{"type":"Feature","properties":{"id":"DEBKGDL20001C6B6","name":"Solarpark Scheinfeld","facility_type":"power_plant","facility_subtype":"thermal_power","status":"existing","source_function_code":"2530"},"geometry":{"type":"Point","coordinates":[10.437857822958282,49.66478733149631]}},{"type":"Feature","properties":{"id":"DEBKGDL20001C6FA","name":"Solarpark Helmstadt-Holzkirchhausen","facility_type":"power_plant","facility_subtype":"thermal_power","status":"existing","source_function_code":"2530"},"geometry":{"type":"Point","coordinates":[9.678953881804874,49.766354579658206]}},{"type":"Feature","properties":{"id":"DEBKGDL20001C6G3","name":"Photovoltaikanlage Deponie Allendorf-Kloster","facility_type":"power_plant","facility_subtype":"thermal_power","status":"existing","source_function_code":"2530"},"geometry":{"type":"Point","coordinates":[10.26573601504565,50.8247267592534]}},{"type":"Feature","properties":{"id":"DEBKGDL20000JBXQ","name":"Solarpark Miegersbach","facility_type":"power_plant","facility_subtype":"thermal_power","status":"existing","source_function_code":"2530"},"geometry":{"type":"Point","coordinates":[11.201265006208198,48.323654211730904]}},{"type":"Feature","properties":{"id":"DEBKGDL20000JCSB","name":"Walchenseekraftwerk","facility_type":"power_plant","facility_subtype":"thermal_power","status":"existing","source_function_code":"2530"},"geometry":{"type":"Point","coordinates":[11.337316175034836,47.629675064934176]}},{"type":"Feature","properties":{"id":"DEBKGDL20000JNB1","name":"Solarpark Teisendorf","facility_type":"power_plant","facility_subtype":"thermal_power","status":"existing","source_function_code":"2530"},"geometry":{"type":"Point","coordinates":[12.756444773791356,47.84546631641947]}},{"type":"Feature","properties":{"id":"DEBKGDL20000PQID","name":"Pumpspeicherkraftwerk Leitzach","facility_type":"power_plant","facility_subtype":"thermal_power","status":"existing","source_function_code":"2530"},"geometry":{"type":"Point","coordinates":[11.870771577197898,47.873612970887415]}},{"type":"Feature","properties":{"id":"DEBKGDL20001246C","name":"Solarpark Haidlfing","facility_type":"power_plant","facility_subtype":"thermal_power","status":"existing","source_function_code":"2530"},"geometry":{"type":"Point","coordinates":[12.733704429272343,48.733162057041504]}},{"type":"Feature","properties":{"id":"DEBKGDL2000124CF","name":"Solarpark Ottmarsfeld Ost","facility_type":"power_plant","facility_subtype":"thermal_power","status":"existing","source_function_code":"2530"},"geometry":{"type":"Point","coordinates":[11.00634215044238,49.08477763887973]}},{"type":"Feature","properties":{"id":"DEBKGDL2000132NF","name":"Solarpark Am Rinderlaich","facility_type":"power_plant","facility_subtype":"thermal_power","status":"existing","source_function_code":"2530"},"geometry":{"type":"Point","coordinates":[10.897395242055024,48.548034738979304]}},{"type":"Feature","properties":{"id":"DEBKGDL2000132NK","name":"Solarpark Kleinaitingen","facility_type":"power_plant","facility_subtype":"thermal_power","status":"existing","source_function_code":"2530"},"geometry":{"type":"Point","coordinates":[10.86632518254528,48.21470161575905]}},{"type":"Feature","properties":{"id":"DEBKGDL2000132NG","name":"Solarpark Wisselsing","facility_type":"power_plant","facility_subtype":"thermal_power","status":"existing","source_function_code":"2530"},"geometry":{"type":"Point","coordinates":[12.973850688148435,48.69674900424779]}},{"type":"Feature","properties":{"id":"DEBKGDL2000132N7","name":"Solarpark Weichering","facility_type":"power_plant","facility_subtype":"thermal_power","status":"existing","source_function_code":"2530"},"geometry":{"type":"Point","coordinates":[11.288424793692146,48.71194192956674]}},{"type":"Feature","properties":{"id":"DEBKGDL200012Q70","name":"Geothermiekraftwerk Kirchstockach","facility_type":"power_plant","facility_subtype":"thermal_power","status":"existing","source_function_code":"2530"},"geometry":{"type":"Point","coordinates":[11.687501259580555,48.0272870594726]}},{"type":"Feature","properties":{"id":"DEBKGDL200012Q7L","name":"Geothermiekraftwerk Traunreut","facility_type":"power_plant","facility_subtype":"thermal_power","status":"existing","source_function_code":"2530"},"geometry":{"type":"Point","coordinates":[12.579533996127976,47.97302163270511]}},{"type":"Feature","properties":{"id":"DEBKGDL200012Q7I","name":"Geothermiekraftwerk Sauerlach","facility_type":"power_plant","facility_subtype":"thermal_power","status":"existing","source_function_code":"2530"},"geometry":{"type":"Point","coordinates":[11.668538275491102,47.97260761390185]}},{"type":"Feature","properties":{"id":"DEBKGDL200012Q7C","name":"Geothermiekraftwerk Laufzorn","facility_type":"power_plant","facility_subtype":"thermal_power","status":"existing","source_function_code":"2530"},"geometry":{"type":"Point","coordinates":[11.562688922004293,48.019825749691286]}},{"type":"Feature","properties":{"id":"DEBKGDL200014VJY","name":"Solarpark Dettenhofen","facility_type":"power_plant","facility_subtype":"thermal_power","status":"existing","source_function_code":"2530"},"geometry":{"type":"Point","coordinates":[11.029158900056615,47.97306836342008]}},{"type":"Feature","properties":{"id":"DEBKGDL200014VJO","name":"Solarpark Oberostendorf","facility_type":"power_plant","facility_subtype":"thermal_power","status":"existing","source_function_code":"2530"},"geometry":{"type":"Point","coordinates":[10.763630610466583,47.94923517746267]}},{"type":"Feature","properties":{"id":"DEBKGDL200014VJZ","name":"Solarpark Pflugdorf","facility_type":"power_plant","facility_subtype":"thermal_power","status":"existing","source_function_code":"2530"},"geometry":{"type":"Point","coordinates":[10.911424018572134,47.98041957342041]}},{"type":"Feature","properties":{"id":"DEBKGDL200014VJN","name":"Solarpark Hurlach","facility_type":"power_plant","facility_subtype":"thermal_power","status":"existing","source_function_code":"2530"},"geometry":{"type":"Point","coordinates":[10.853899163383334,48.107584564305704]}},{"type":"Feature","properties":{"id":"DEBKGDL200014VJM","name":"Solarpark Holzäcker","facility_type":"power_plant","facility_subtype":"thermal_power","status":"existing","source_function_code":"2530"},"geometry":{"type":"Point","coordinates":[11.061053024367615,48.17088502007333]}},{"type":"Feature","properties":{"id":"DEBKGDL200014VJW","name":"Solarpark Egling","facility_type":"power_plant","facility_subtype":"thermal_power","status":"existing","source_function_code":"2530"},"geometry":{"type":"Point","coordinates":[11.004428473545206,48.181703971764364]}},{"type":"Feature","properties":{"id":"DEBKGDL200014VJR","name":"Solarpark Schwabstadl","facility_type":"power_plant","facility_subtype":"thermal_power","status":"existing","source_function_code":"2530"},"geometry":{"type":"Point","coordinates":[10.852175252134531,48.150410451695876]}},{"type":"Feature","properties":{"id":"DEBKGDL200014VJP","name":"Solarpark Hörlkofen","facility_type":"power_plant","facility_subtype":"thermal_power","status":"existing","source_function_code":"2530"},"geometry":{"type":"Point","coordinates":[11.947359784635706,48.23899670950814]}},{"type":"Feature","properties":{"id":"DEBKGDL200014VJT","name":"Solarpark Unterbergen","facility_type":"power_plant","facility_subtype":"thermal_power","status":"existing","source_function_code":"2530"},"geometry":{"type":"Point","coordinates":[10.927927425068878,48.230672195169426]}},{"type":"Feature","properties":{"id":"DEBKGDL200014VK0","name":"Solarpark Malching","facility_type":"power_plant","facility_subtype":"thermal_power","status":"existing","source_function_code":"2530"},"geometry":{"type":"Point","coordinates":[11.217380926988051,48.20758045774093]}},{"type":"Feature","properties":{"id":"DEBKGDL200014VJX","name":"Solarpark Haimhausen","facility_type":"power_plant","facility_subtype":"thermal_power","status":"existing","source_function_code":"2530"},"geometry":{"type":"Point","coordinates":[11.534135489124818,48.316895298405996]}},{"type":"Feature","properties":{"id":"DEBKGDL200014VJQ","name":"Solarpark Miesberg","facility_type":"power_plant","facility_subtype":"thermal_power","status":"existing","source_function_code":"2530"},"geometry":{"type":"Point","coordinates":[11.131622454404468,48.312393472763745]}},{"type":"Feature","properties":{"id":"DEBKGDL200014VJS","name":"Solarpark Wurmsöd","facility_type":"power_plant","facility_subtype":"thermal_power","status":"existing","source_function_code":"2530"},"geometry":{"type":"Point","coordinates":[13.024063864168413,48.478391787225824]}},{"type":"Feature","properties":{"id":"DEBKGDL200014VJV","name":"Solarpark Igenhausen","facility_type":"power_plant","facility_subtype":"thermal_power","status":"existing","source_function_code":"2530"},"geometry":{"type":"Point","coordinates":[11.033061319404384,48.47214405346722]}},{"type":"Feature","properties":{"id":"DEBKGDL200014VK8","name":"Solarparks Köching","facility_type":"power_plant","facility_subtype":"thermal_power","status":"existing","source_function_code":"2530"},"geometry":{"type":"Point","coordinates":[13.022325962689607,48.55471220559777]}},{"type":"Feature","properties":{"id":"DEBKGDL200014VK6","name":"Solarparks Lechlingszell","facility_type":"power_plant","facility_subtype":"thermal_power","status":"existing","source_function_code":"2530"},"geometry":{"type":"Point","coordinates":[11.003700196789284,48.57955189563427]}},{"type":"Feature","properties":{"id":"DEBKGDL200014VK7","name":"Solarpark Wölflkofen","facility_type":"power_plant","facility_subtype":"thermal_power","status":"existing","source_function_code":"2530"},"geometry":{"type":"Point","coordinates":[12.196984931918962,48.65605080842797]}},{"type":"Feature","properties":{"id":"DEBKGDL200014VK3","name":"Solarpark Großköllnbach","facility_type":"power_plant","facility_subtype":"thermal_power","status":"existing","source_function_code":"2530"},"geometry":{"type":"Point","coordinates":[12.598524970744522,48.69447639441738]}},{"type":"Feature","properties":{"id":"DEBKGDL200014VK5","name":"Solarpark Engelbrechtsmünster","facility_type":"power_plant","facility_subtype":"thermal_power","status":"existing","source_function_code":"2530"},"geometry":{"type":"Point","coordinates":[11.653680894115903,48.688563265760095]}},{"type":"Feature","properties":{"id":"DEBKGDL200014VK2","name":"Solarpark Münster","facility_type":"power_plant","facility_subtype":"thermal_power","status":"existing","source_function_code":"2530"},"geometry":{"type":"Point","coordinates":[10.914559903452153,48.62551929273564]}},{"type":"Feature","properties":{"id":"DEBKGDL200014VKC","name":"Solarpark Bruck","facility_type":"power_plant","facility_subtype":"thermal_power","status":"existing","source_function_code":"2530"},"geometry":{"type":"Point","coordinates":[12.934877693503108,48.369028205059955]}},{"type":"Feature","properties":{"id":"DEBKGDL200014VK9","name":"Solarpark Pilsting-Schönthal","facility_type":"power_plant","facility_subtype":"thermal_power","status":"existing","source_function_code":"2530"},"geometry":{"type":"Point","coordinates":[12.571552851799654,48.697720160717594]}},{"type":"Feature","properties":{"id":"DEBKGDL200014VKD","name":"Solarpark Buttenwiesen","facility_type":"power_plant","facility_subtype":"thermal_power","status":"existing","source_function_code":"2530"},"geometry":{"type":"Point","coordinates":[10.773524668870495,48.61212914937271]}},{"type":"Feature","properties":{"id":"DEBKGDL200014VKA","name":"Photovoltaikanlage Schwindeck","facility_type":"power_plant","facility_subtype":"thermal_power","status":"existing","source_function_code":"2530"},"geometry":{"type":"Point","coordinates":[12.581472820943931,48.76538443186152]}},{"type":"Feature","properties":{"id":"DEBKGDL200014VKB","name":"Solarpark Winisau","facility_type":"power_plant","facility_subtype":"thermal_power","status":"existing","source_function_code":"2530"},"geometry":{"type":"Point","coordinates":[12.175926373026567,48.79283104440453]}},{"type":"Feature","properties":{"id":"DEBKGDL200014VKI","name":"Solarpark Unterhaselbach","facility_type":"power_plant","facility_subtype":"thermal_power","status":"existing","source_function_code":"2530"},"geometry":{"type":"Point","coordinates":[12.175005358950713,48.77136229938564]}},{"type":"Feature","properties":{"id":"DEBKGDL200014VKL","name":"Solarpark Salching","facility_type":"power_plant","facility_subtype":"thermal_power","status":"existing","source_function_code":"2530"},"geometry":{"type":"Point","coordinates":[12.576376411461887,48.831129369026755]}},{"type":"Feature","properties":{"id":"DEBKGDL200014VKM","name":"Solarpark Aiterhofen","facility_type":"power_plant","facility_subtype":"thermal_power","status":"existing","source_function_code":"2530"},"geometry":{"type":"Point","coordinates":[12.636309072815639,48.858586432175294]}},{"type":"Feature","properties":{"id":"DEBKGDL200014VKS","name":"Solarpark Dittenheim","facility_type":"power_plant","facility_subtype":"thermal_power","status":"existing","source_function_code":"2530"},"geometry":{"type":"Point","coordinates":[10.80158453016397,49.044666650100865]}},{"type":"Feature","properties":{"id":"DEBKGDL200014VKO","name":"Solarpark Biederbach","facility_type":"power_plant","facility_subtype":"thermal_power","status":"existing","source_function_code":"2530"},"geometry":{"type":"Point","coordinates":[10.733116207299256,49.2044446564713]}},{"type":"Feature","properties":{"id":"DEBKGDL200014VKH","name":"Solarpark Raitersaich","facility_type":"power_plant","facility_subtype":"thermal_power","status":"existing","source_function_code":"2530"},"geometry":{"type":"Point","coordinates":[10.856551440714847,49.36602945638321]}},{"type":"Feature","properties":{"id":"DEBKGDL200014VN5","name":"Solarpark Schutzendorf","facility_type":"power_plant","facility_subtype":"thermal_power","status":"existing","source_function_code":"2530"},"geometry":{"type":"Point","coordinates":[11.2895031377514,49.05750082916538]}},{"type":"Feature","properties":{"id":"DEBKGDL200014VN4","name":"Solaranlage Niederreith","facility_type":"power_plant","facility_subtype":"thermal_power","status":"existing","source_function_code":"2530"},"geometry":{"type":"Point","coordinates":[11.84813008370273,48.58265848310058]}},{"type":"Feature","properties":{"id":"DEBKGDL200015ZSM","name":"Heizkraftwerk Freimann","facility_type":"power_plant","facility_subtype":"thermal_power","status":"existing","source_function_code":"2530"},"geometry":{"type":"Point","coordinates":[11.595778902906245,48.188974997168586]}},{"type":"Feature","properties":{"id":"DEBKGDL200015ZS8","name":"BioEnergie Taufkirchen","facility_type":"power_plant","facility_subtype":"thermal_power","status":"existing","source_function_code":"2530"},"geometry":{"type":"Point","coordinates":[11.616080553770948,48.02805488376453]}},{"type":"Feature","properties":{"id":"DEBKGDL200015ZT0","name":"Biomasseheizkraftwerk Pfaffenhofen","facility_type":"power_plant","facility_subtype":"thermal_power","status":"existing","source_function_code":"2530"},"geometry":{"type":"Point","coordinates":[11.504239045559336,48.52143361026394]}},{"type":"Feature","properties":{"id":"DEBKGDL200015ZT2","name":"Dampfkraftwerk Schongau","facility_type":"power_plant","facility_subtype":"thermal_power","status":"existing","source_function_code":"2530"},"geometry":{"type":"Point","coordinates":[10.899906224747994,47.80735823678057]}},{"type":"Feature","properties":{"id":"DEBKGDL200015KV9","name":"Solarpark Fronberg","facility_type":"power_plant","facility_subtype":"thermal_power","status":"existing","source_function_code":"2530"},"geometry":{"type":"Point","coordinates":[12.133759763644996,49.346910070309896]}},{"type":"Feature","properties":{"id":"DEBKGDL200015PRX","name":"Solarpark Auerbach","facility_type":"power_plant","facility_subtype":"thermal_power","status":"existing","source_function_code":"2530"},"geometry":{"type":"Point","coordinates":[10.660896634638936,48.401101770323706]}},{"type":"Feature","properties":{"id":"DEBKGDL200015YGM","name":"Solarpark Heimpersdorf","facility_type":"power_plant","facility_subtype":"thermal_power","status":"existing","source_function_code":"2530"},"geometry":{"type":"Point","coordinates":[10.989201290468815,48.573671581595136]}},{"type":"Feature","properties":{"id":"DEBKGDL200015YHQ","name":"Solarpark Nordendorf","facility_type":"power_plant","facility_subtype":"thermal_power","status":"existing","source_function_code":"2530"},"geometry":{"type":"Point","coordinates":[10.844567112678183,48.58863196426179]}},{"type":"Feature","properties":{"id":"DEBKGDL2000160X4","name":"Heizkraftwerk Altenstadt","facility_type":"power_plant","facility_subtype":"thermal_power","status":"existing","source_function_code":"2530"},"geometry":{"type":"Point","coordinates":[10.858373293301486,47.796761271592146]}},{"type":"Feature","properties":{"id":"DEBKGDL200018CJO","name":"Wasserkraftwerk Schärding-Neuhaus","facility_type":"power_plant","facility_subtype":"thermal_power","status":"existing","source_function_code":"2530"},"geometry":{"type":"Point","coordinates":[13.439806902504555,48.43544662351349]}},{"type":"Feature","properties":{"id":"DEBKGDL200018AMV","name":"Photovoltaikanlage Kühnhausen","facility_type":"power_plant","facility_subtype":"thermal_power","status":"existing","source_function_code":"2530"},"geometry":{"type":"Point","coordinates":[11.782762441307655,49.20764148338808]}},{"type":"Feature","properties":{"id":"DEBKGDL200018AMP","name":"Photovoltaikanlage Hörmannsdorf","facility_type":"power_plant","facility_subtype":"thermal_power","status":"existing","source_function_code":"2530"},"geometry":{"type":"Point","coordinates":[11.745230864156945,49.20451993393501]}},{"type":"Feature","properties":{"id":"DEBKGDL200018AMS","name":"Solarpark Ponholz","facility_type":"power_plant","facility_subtype":"thermal_power","status":"existing","source_function_code":"2530"},"geometry":{"type":"Point","coordinates":[12.108310917204571,49.16398302489668]}},{"type":"Feature","properties":{"id":"DEBKGDL200018AMQ","name":"Solarpark Ellingen I und IV","facility_type":"power_plant","facility_subtype":"thermal_power","status":"existing","source_function_code":"2530"},"geometry":{"type":"Point","coordinates":[10.961385312739298,49.07564686170379]}},{"type":"Feature","properties":{"id":"DEBKGDL200018AMU","name":"Solarpark Kipfenberg","facility_type":"power_plant","facility_subtype":"thermal_power","status":"existing","source_function_code":"2530"},"geometry":{"type":"Point","coordinates":[11.419810525701022,48.96621584307225]}},{"type":"Feature","properties":{"id":"DEBKGDL200018AML","name":"Solarpark Denkendorf","facility_type":"power_plant","facility_subtype":"thermal_power","status":"existing","source_function_code":"2530"},"geometry":{"type":"Point","coordinates":[11.465159747338069,48.9199712846383]}},{"type":"Feature","properties":{"id":"DEBKGDL200018AMN","name":"Solarpark Schillwitzried","facility_type":"power_plant","facility_subtype":"thermal_power","status":"existing","source_function_code":"2530"},"geometry":{"type":"Point","coordinates":[11.646885448725621,48.70852953714274]}},{"type":"Feature","properties":{"id":"DEBKGDL200018AMT","name":"Solarpark Pfeffenhausen West","facility_type":"power_plant","facility_subtype":"thermal_power","status":"existing","source_function_code":"2530"},"geometry":{"type":"Point","coordinates":[11.938761756874976,48.66223521381287]}},{"type":"Feature","properties":{"id":"DEBKGDL200018AMO","name":"Solarpark Waidhofen","facility_type":"power_plant","facility_subtype":"thermal_power","status":"existing","source_function_code":"2530"},"geometry":{"type":"Point","coordinates":[11.339182188901635,48.54971456066983]}},{"type":"Feature","properties":{"id":"DEBKGDL200018ANN","name":"Solarpark Aichach","facility_type":"power_plant","facility_subtype":"thermal_power","status":"existing","source_function_code":"2530"},"geometry":{"type":"Point","coordinates":[11.087941268515484,48.43587521998538]}},{"type":"Feature","properties":{"id":"DEBKGDL200018AOJ","name":"Solarpark Wiedergeltingen","facility_type":"power_plant","facility_subtype":"thermal_power","status":"existing","source_function_code":"2530"},"geometry":{"type":"Point","coordinates":[10.691586544390427,48.03485519482536]}},{"type":"Feature","properties":{"id":"DEBKGDL200018AOH","name":"Solarpark Wattenbach","facility_type":"power_plant","facility_subtype":"thermal_power","status":"existing","source_function_code":"2530"},"geometry":{"type":"Point","coordinates":[10.711472314102114,49.26408701324897]}},{"type":"Feature","properties":{"id":"DEBKGDL200018AOK","name":"Photovoltaikanlage am Diendorfer Berg","facility_type":"power_plant","facility_subtype":"thermal_power","status":"existing","source_function_code":"2530"},"geometry":{"type":"Point","coordinates":[12.409195223416466,49.34134630590921]}},{"type":"Feature","properties":{"id":"DEBKGDL200018AOP","name":"Solarpark Wendsdorf","facility_type":"power_plant","facility_subtype":"thermal_power","status":"existing","source_function_code":"2530"},"geometry":{"type":"Point","coordinates":[10.808813662644768,49.38589398058725]}},{"type":"Feature","properties":{"id":"DEBKGDL200018AOC","name":"Solarpark Schongauer Norden I und II","facility_type":"power_plant","facility_subtype":"thermal_power","status":"existing","source_function_code":"2530"},"geometry":{"type":"Point","coordinates":[10.892310801508089,47.83684055025833]}},{"type":"Feature","properties":{"id":"DEBKGDL200018AP7","name":"Sonnenpark Althegnenberg","facility_type":"power_plant","facility_subtype":"thermal_power","status":"existing","source_function_code":"2530"},"geometry":{"type":"Point","coordinates":[11.083736271701797,48.23001841262326]}},{"type":"Feature","properties":{"id":"DEBKGDL20001BDY9","name":"Solarpark Olching","facility_type":"power_plant","facility_subtype":"thermal_power","status":"existing","source_function_code":"2530"},"geometry":{"type":"Point","coordinates":[11.310814895161327,48.21451787618335]}},{"type":"Feature","properties":{"id":"DEBKGDL20001C6B7","name":"Solarpark Treuchtlingen","facility_type":"power_plant","facility_subtype":"thermal_power","status":"existing","source_function_code":"2530"},"geometry":{"type":"Point","coordinates":[10.7714753185192,48.97304150921221]}},{"type":"Feature","properties":{"id":"DEBKGDL20001C6BF","name":"Solarpark Brunnen IV","facility_type":"power_plant","facility_subtype":"thermal_power","status":"existing","source_function_code":"2530"},"geometry":{"type":"Point","coordinates":[11.288576593643882,48.62640917877927]}},{"type":"Feature","properties":{"id":"DEBKGDL20001C6CC","name":"Solarpark Sachsenried","facility_type":"power_plant","facility_subtype":"thermal_power","status":"existing","source_function_code":"2530"},"geometry":{"type":"Point","coordinates":[10.788863652836094,47.84395415351154]}},{"type":"Feature","properties":{"id":"DEBKGDL20001C6D7","name":"Solarpark Germerswang Bahnhof-Ost","facility_type":"power_plant","facility_subtype":"thermal_power","status":"existing","source_function_code":"2530"},"geometry":{"type":"Point","coordinates":[11.238896272002773,48.216885584143796]}},{"type":"Feature","properties":{"id":"DEBKGDL20001C6DA","name":"Solarpark Bobingen","facility_type":"power_plant","facility_subtype":"thermal_power","status":"existing","source_function_code":"2530"},"geometry":{"type":"Point","coordinates":[10.833164766358685,48.25673181015714]}},{"type":"Feature","properties":{"id":"DEBKGDL20001C6DD","name":"Solarpark Staudach","facility_type":"power_plant","facility_subtype":"thermal_power","status":"existing","source_function_code":"2530"},"geometry":{"type":"Point","coordinates":[12.622891164590811,48.25926356233639]}},{"type":"Feature","properties":{"id":"DEBKGDL20001C6DJ","name":"Solarpark Neufahrner Gegenkurve","facility_type":"power_plant","facility_subtype":"thermal_power","status":"existing","source_function_code":"2530"},"geometry":{"type":"Point","coordinates":[11.679216725914339,48.334905528942244]}},{"type":"Feature","properties":{"id":"DEBKGDL20001C6D8","name":"Solarpark Taiting","facility_type":"power_plant","facility_subtype":"thermal_power","status":"existing","source_function_code":"2530"},"geometry":{"type":"Point","coordinates":[11.048491517118478,48.398299992720304]}},{"type":"Feature","properties":{"id":"DEBKGDL20001C6DB","name":"Solarpark Friedberg-Derching","facility_type":"power_plant","facility_subtype":"thermal_power","status":"existing","source_function_code":"2530"},"geometry":{"type":"Point","coordinates":[10.960883127730737,48.401406349195966]}},{"type":"Feature","properties":{"id":"DEBKGDL20001C6DF","name":"Solarpark Rotthalmünster","facility_type":"power_plant","facility_subtype":"thermal_power","status":"existing","source_function_code":"2530"},"geometry":{"type":"Point","coordinates":[13.192568913622035,48.37551008047951]}},{"type":"Feature","properties":{"id":"DEBKGDL20001C6D9","name":"Solarpark Kuffing I und II","facility_type":"power_plant","facility_subtype":"thermal_power","status":"existing","source_function_code":"2530"},"geometry":{"type":"Point","coordinates":[13.175837471492821,48.59761466245852]}},{"type":"Feature","properties":{"id":"DEBKGDL20001C6DH","name":"Solarpark Burgstall-West","facility_type":"power_plant","facility_subtype":"thermal_power","status":"existing","source_function_code":"2530"},"geometry":{"type":"Point","coordinates":[12.93685406386688,48.74432177495778]}},{"type":"Feature","properties":{"id":"DEBKGDL20001C6DN","name":"Photovoltaikanlage Hofdorf","facility_type":"power_plant","facility_subtype":"thermal_power","status":"existing","source_function_code":"2530"},"geometry":{"type":"Point","coordinates":[12.722396905756714,48.92581169463484]}},{"type":"Feature","properties":{"id":"DEBKGDL20001C6D6","name":"Solarpark Euerwang II","facility_type":"power_plant","facility_subtype":"thermal_power","status":"existing","source_function_code":"2530"},"geometry":{"type":"Point","coordinates":[11.31431086770492,49.008637057634076]}},{"type":"Feature","properties":{"id":"DEBKGDL20001C6DO","name":"Solarpark Euerwang I","facility_type":"power_plant","facility_subtype":"thermal_power","status":"existing","source_function_code":"2530"},"geometry":{"type":"Point","coordinates":[11.301554980720326,49.0138697500241]}},{"type":"Feature","properties":{"id":"DEBKGDL20001C6DI","name":"Solarpark Aichkirchen","facility_type":"power_plant","facility_subtype":"thermal_power","status":"existing","source_function_code":"2530"},"geometry":{"type":"Point","coordinates":[11.74855562741406,49.0017475071672]}},{"type":"Feature","properties":{"id":"DEBKGDL20001C6DT","name":"Solarfeld Göppersdorf","facility_type":"power_plant","facility_subtype":"thermal_power","status":"existing","source_function_code":"2530"},"geometry":{"type":"Point","coordinates":[11.032517686305386,49.084752359733585]}},{"type":"Feature","properties":{"id":"DEBKGDL20001C6DS","name":"Solarpark Hemau-Hagetshof","facility_type":"power_plant","facility_subtype":"thermal_power","status":"existing","source_function_code":"2530"},"geometry":{"type":"Point","coordinates":[11.754592097153312,49.10265767305149]}},{"type":"Feature","properties":{"id":"DEBKGDL20001C6EV","name":"Solarpark Richthof","facility_type":"power_plant","facility_subtype":"thermal_power","status":"existing","source_function_code":"2530"},"geometry":{"type":"Point","coordinates":[12.045383678633595,49.235663798921664]}},{"type":"Feature","properties":{"id":"DEBKGDL20001C6EN","name":"Solarpark Kammerstein","facility_type":"power_plant","facility_subtype":"thermal_power","status":"existing","source_function_code":"2530"},"geometry":{"type":"Point","coordinates":[10.967326707045048,49.296816158919185]}},{"type":"Feature","properties":{"id":"DEBKGDL20001C6ES","name":"Solarpark Trachenhöfstatt","facility_type":"power_plant","facility_subtype":"thermal_power","status":"existing","source_function_code":"2530"},"geometry":{"type":"Point","coordinates":[10.842232620248152,49.319360149599916]}},{"type":"Feature","properties":{"id":"DEBKGDL20001C6EQ","name":"Solarpark Altenschwand","facility_type":"power_plant","facility_subtype":"thermal_power","status":"existing","source_function_code":"2530"},"geometry":{"type":"Point","coordinates":[12.232732226380687,49.294003069870946]}},{"type":"Feature","properties":{"id":"DEBKGDL20001C6ER","name":"Solarpark Ursensollen-Eigentshofen","facility_type":"power_plant","facility_subtype":"thermal_power","status":"existing","source_function_code":"2530"},"geometry":{"type":"Point","coordinates":[11.823274311670616,49.34751108611921]}},{"type":"Feature","properties":{"id":"DEBKGDL200010R82","name":"Heizkraftwerk Erlangen","facility_type":"power_plant","facility_subtype":"thermal_power","status":"existing","source_function_code":"2530"},"geometry":{"type":"Point","coordinates":[11.000486146763636,49.59249979388791]}},{"type":"Feature","properties":{"id":"DEBKGDL20000PDXI","name":"Pumpspeicherwerk Happurg","facility_type":"power_plant","facility_subtype":"thermal_power","status":"existing","source_function_code":"2530"},"geometry":{"type":"Point","coordinates":[11.473733481804294,49.486454933321205]}},{"type":"Feature","properties":{"id":"DEBKGDL2000132NL","name":"Solarpark Schnaittenbach","facility_type":"power_plant","facility_subtype":"thermal_power","status":"existing","source_function_code":"2530"},"geometry":{"type":"Point","coordinates":[12.025295917619935,49.547168937223255]}},{"type":"Feature","properties":{"id":"DEBKGDL2000132NB","name":"Solarpark Hahnbach","facility_type":"power_plant","facility_subtype":"thermal_power","status":"existing","source_function_code":"2530"},"geometry":{"type":"Point","coordinates":[11.808746102706527,49.55048167375401]}},{"type":"Feature","properties":{"id":"DEBKGDL20000JBWE","name":"Solarstromkraftwerk Borna","facility_type":"power_plant","facility_subtype":"thermal_power","status":"existing","source_function_code":"2530"},"geometry":{"type":"Point","coordinates":[12.471566072178767,51.12740024740101]}},{"type":"Feature","properties":{"id":"DEBKGDL2000152RU","name":"Biomasse-Heizkraftwerk Dresden","facility_type":"power_plant","facility_subtype":"thermal_power","status":"existing","source_function_code":"2530"},"geometry":{"type":"Point","coordinates":[13.840707129659059,50.9964658907775]}},{"type":"Feature","properties":{"id":"DEBKGDL20000JD56","name":"Pumpspeicherwerk Markersbach","facility_type":"power_plant","facility_subtype":"thermal_power","status":"existing","source_function_code":"2530"},"geometry":{"type":"Point","coordinates":[12.881375513719592,50.51881577603208]}},{"type":"Feature","properties":{"id":"DEBKGDL20000JD70","name":"Biomassekraftwerk Brand-Erbisdorf","facility_type":"power_plant","facility_subtype":"thermal_power","status":"existing","source_function_code":"2530"},"geometry":{"type":"Point","coordinates":[13.333423088696401,50.87106905000108]}},{"type":"Feature","properties":{"id":"DEBKGDL20000U6DF","name":"Solarpark Bindlacher Berg","facility_type":"power_plant","facility_subtype":"thermal_power","status":"existing","source_function_code":"2530"},"geometry":{"type":"Point","coordinates":[11.63421976073065,49.99586806038878]}},{"type":"Feature","properties":{"id":"DEBKGDL200014GOG","name":"Heizkraftwerk Jena","facility_type":"power_plant","facility_subtype":"thermal_power","status":"existing","source_function_code":"2530"},"geometry":{"type":"Point","coordinates":[11.58659685618089,50.89686636724889]}},{"type":"Feature","properties":{"id":"DEBKGDL20000JD4H","name":"Pumpspeicherwerk Goldisthal","facility_type":"power_plant","facility_subtype":"thermal_power","status":"existing","source_function_code":"2530"},"geometry":{"type":"Point","coordinates":[11.004783342286824,50.50763820199855]}},{"type":"Feature","properties":{"id":"DEBKGDL2000122ZG","name":"Pumpspeicherkraftwerk Bleiloch","facility_type":"power_plant","facility_subtype":"thermal_power","status":"existing","source_function_code":"2530"},"geometry":{"type":"Point","coordinates":[11.715405887364446,50.52407357928807]}},{"type":"Feature","properties":{"id":"DEBKGDL20000JBYI","name":"Pumpspeicherwerk Hohenwarte I","facility_type":"power_plant","facility_subtype":"thermal_power","status":"existing","source_function_code":"2530"},"geometry":{"type":"Point","coordinates":[11.488841128334617,50.614636353402744]}},{"type":"Feature","properties":{"id":"DEBKGDL2000124AF","name":"Solarpark Untersteinach","facility_type":"power_plant","facility_subtype":"thermal_power","status":"existing","source_function_code":"2530"},"geometry":{"type":"Point","coordinates":[11.529240826195368,50.14192119252605]}},{"type":"Feature","properties":{"id":"DEBKGDL200014VLF","name":"Photovoltaikanlage Ulla","facility_type":"power_plant","facility_subtype":"thermal_power","status":"existing","source_function_code":"2530"},"geometry":{"type":"Point","coordinates":[11.248250895977423,50.97453727231596]}},{"type":"Feature","properties":{"id":"DEBKGDL200014VLN","name":"Solarpark Schleizer Dreieck","facility_type":"power_plant","facility_subtype":"thermal_power","status":"existing","source_function_code":"2530"},"geometry":{"type":"Point","coordinates":[11.820382726426017,50.56265941301346]}},{"type":"Feature","properties":{"id":"DEBKGDL200014VLW","name":"Solarpark Zeitz","facility_type":"power_plant","facility_subtype":"thermal_power","status":"existing","source_function_code":"2530"},"geometry":{"type":"Point","coordinates":[12.116015145273545,51.06189168173086]}},{"type":"Feature","properties":{"id":"DEBKGDL200014VMH","name":"Solarpark Oberrossau","facility_type":"power_plant","facility_subtype":"thermal_power","status":"existing","source_function_code":"2530"},"geometry":{"type":"Point","coordinates":[13.074263603160867,50.987710658730606]}},{"type":"Feature","properties":{"id":"DEBKGDL200014VM6","name":"Solarpark Auerbach","facility_type":"power_plant","facility_subtype":"thermal_power","status":"existing","source_function_code":"2530"},"geometry":{"type":"Point","coordinates":[12.92063990397963,50.6782710787127]}},{"type":"Feature","properties":{"id":"DEBKGDL200014VN8","name":"Solarpark Flugplatz Altenburg","facility_type":"power_plant","facility_subtype":"thermal_power","status":"existing","source_function_code":"2530"},"geometry":{"type":"Point","coordinates":[12.51017816730203,50.98967530664297]}},{"type":"Feature","properties":{"id":"DEBKGDL200014XCC","name":"Solarpark Reuthlos","facility_type":"power_plant","facility_subtype":"thermal_power","status":"existing","source_function_code":"2530"},"geometry":{"type":"Point","coordinates":[10.962843962623165,50.026717500390724]}},{"type":"Feature","properties":{"id":"DEBKGDL2000152PQ","name":"Heizkraftwerk Plauen","facility_type":"power_plant","facility_subtype":"thermal_power","status":"existing","source_function_code":"2530"},"geometry":{"type":"Point","coordinates":[12.150907376674837,50.50008706844742]}},{"type":"Feature","properties":{"id":"DEBKGDL2000152Q7","name":"Motor-Heizkraftwerk Chemnitz-Süd","facility_type":"power_plant","facility_subtype":"thermal_power","status":"existing","source_function_code":"2530"},"geometry":{"type":"Point","coordinates":[12.918903526810734,50.79908325913112]}},{"type":"Feature","properties":{"id":"DEBKGDL2000152PP","name":"Solarpark Ziegelscheune","facility_type":"power_plant","facility_subtype":"thermal_power","status":"existing","source_function_code":"2530"},"geometry":{"type":"Point","coordinates":[13.374249163571301,50.908598218329125]}},{"type":"Feature","properties":{"id":"DEBKGDL200015K4R","name":"Solarpark Blumroda","facility_type":"power_plant","facility_subtype":"thermal_power","status":"existing","source_function_code":"2530"},"geometry":{"type":"Point","coordinates":[12.479842026128903,51.08763178057748]}},{"type":"Feature","properties":{"id":"DEBKGDL200014VI7","name":"Solarpark Rohr","facility_type":"power_plant","facility_subtype":"thermal_power","status":"existing","source_function_code":"2530"},"geometry":{"type":"Point","coordinates":[10.488970305086019,50.57091259277738]}},{"type":"Feature","properties":{"id":"DEBKGDL200014VLH","name":"Solarpark Wachenbrunn","facility_type":"power_plant","facility_subtype":"thermal_power","status":"existing","source_function_code":"2530"},"geometry":{"type":"Point","coordinates":[10.565266410816479,50.49245761552041]}},{"type":"Feature","properties":{"id":"DEBKGDL200014VLR","name":"Solarpark Hildburghausen","facility_type":"power_plant","facility_subtype":"thermal_power","status":"existing","source_function_code":"2530"},"geometry":{"type":"Point","coordinates":[10.701873805744583,50.44090123811781]}},{"type":"Feature","properties":{"id":"DEBKGDL200015SLK","name":"Solarpark Bockelwitz I","facility_type":"power_plant","facility_subtype":"thermal_power","status":"existing","source_function_code":"2530"},"geometry":{"type":"Point","coordinates":[12.970945226223238,51.19624188992687]}},{"type":"Feature","properties":{"id":"DEBKGDL200015SXE","name":"Solarpark Arnstadt","facility_type":"power_plant","facility_subtype":"thermal_power","status":"existing","source_function_code":"2530"},"geometry":{"type":"Point","coordinates":[10.936666872430303,50.853845726293535]}},{"type":"Feature","properties":{"id":"DEBKGDL200015SZ4","name":"Solarpark Brandrübel","facility_type":"power_plant","facility_subtype":"thermal_power","status":"existing","source_function_code":"2530"},"geometry":{"type":"Point","coordinates":[12.339100073800267,50.85612176242592]}},{"type":"Feature","properties":{"id":"DEBKGDL200015T0G","name":"Solaranlage Lehma","facility_type":"power_plant","facility_subtype":"thermal_power","status":"existing","source_function_code":"2530"},"geometry":{"type":"Point","coordinates":[12.413630719251685,51.04136467501269]}},{"type":"Feature","properties":{"id":"DEBKGDL200015XY8","name":"Solarpark Deponie Erdmannsdorf","facility_type":"power_plant","facility_subtype":"thermal_power","status":"existing","source_function_code":"2530"},"geometry":{"type":"Point","coordinates":[11.789293226910779,50.83782863520811]}},{"type":"Feature","properties":{"id":"DEBKGDL200015YV0","name":"Solarpark Zultenberg","facility_type":"power_plant","facility_subtype":"thermal_power","status":"existing","source_function_code":"2530"},"geometry":{"type":"Point","coordinates":[11.314431758423165,50.048165283946716]}},{"type":"Feature","properties":{"id":"DEBKGDL20001605W","name":"Müllheizkraftwerk Coburg","facility_type":"power_plant","facility_subtype":"thermal_power","status":"existing","source_function_code":"2530"},"geometry":{"type":"Point","coordinates":[10.954548205524555,50.28407019893]}},{"type":"Feature","properties":{"id":"DEBKGDL200015ZS7","name":"Biomassekraftwerk Silbitz","facility_type":"power_plant","facility_subtype":"thermal_power","status":"existing","source_function_code":"2530"},"geometry":{"type":"Point","coordinates":[11.989436859901284,50.95940575988401]}},{"type":"Feature","properties":{"id":"DEBKGDL2000161BX","name":"Photovoltaikanlage Dörnhof","facility_type":"power_plant","facility_subtype":"thermal_power","status":"existing","source_function_code":"2530"},"geometry":{"type":"Point","coordinates":[11.605981191687995,50.135456102349366]}},{"type":"Feature","properties":{"id":"DEBKGDL200015ZS5","name":"Bio-Kraftwerk Schkölen","facility_type":"power_plant","facility_subtype":"thermal_power","status":"existing","source_function_code":"2530"},"geometry":{"type":"Point","coordinates":[11.840085378302039,51.04070760264524]}},{"type":"Feature","properties":{"id":"DEBKGDL200015ZT1","name":"Heizkraftwerk Gera-Lusan","facility_type":"power_plant","facility_subtype":"thermal_power","status":"existing","source_function_code":"2530"},"geometry":{"type":"Point","coordinates":[12.074098675375929,50.85331410913276]}},{"type":"Feature","properties":{"id":"DEBKGDL200015ZSA","name":"Biomasse-Heizkraftwerk Ilmenau","facility_type":"power_plant","facility_subtype":"thermal_power","status":"existing","source_function_code":"2530"},"geometry":{"type":"Point","coordinates":[10.941261730756317,50.697800931429526]}},{"type":"Feature","properties":{"id":"DEBKGDL200015ZSU","name":"Biomassekraftwerk Zapfendorf","facility_type":"power_plant","facility_subtype":"thermal_power","status":"existing","source_function_code":"2530"},"geometry":{"type":"Point","coordinates":[10.926393559835676,50.019076573056]}},{"type":"Feature","properties":{"id":"DEBKGDL2000160X6","name":"Papierfabrik Mercer Rosenthal","facility_type":"power_plant","facility_subtype":"thermal_power","status":"existing","source_function_code":"2530"},"geometry":{"type":"Point","coordinates":[11.70133508969947,50.405408070955964]}},{"type":"Feature","properties":{"id":"DEBKGDL2000160NN","name":"Heizkraftwerk Nossener Brücke","facility_type":"power_plant","facility_subtype":"thermal_power","status":"existing","source_function_code":"2530"},"geometry":{"type":"Point","coordinates":[13.710019948539541,51.042591075124434]}},{"type":"Feature","properties":{"id":"DEBKGDL2000172MC","name":"Solarpark Haidenaab","facility_type":"power_plant","facility_subtype":"thermal_power","status":"existing","source_function_code":"2530"},"geometry":{"type":"Point","coordinates":[11.831003115109796,49.88404614198003]}},{"type":"Feature","properties":{"id":"DEBKGDL200018AOL","name":"Photovoltaikanlage Fischbach","facility_type":"power_plant","facility_subtype":"thermal_power","status":"existing","source_function_code":"2530"},"geometry":{"type":"Point","coordinates":[10.777885579156282,50.12562957256127]}},{"type":"Feature","properties":{"id":"DEBKGDL200018AOS","name":"Photovoltaikanlage Obersdorf","facility_type":"power_plant","facility_subtype":"thermal_power","status":"existing","source_function_code":"2530"},"geometry":{"type":"Point","coordinates":[11.145186561044353,50.13747649893698]}},{"type":"Feature","properties":{"id":"DEBKGDL200018AOW","name":"Solarpark Friedmannsdorf","facility_type":"power_plant","facility_subtype":"thermal_power","status":"existing","source_function_code":"2530"},"geometry":{"type":"Point","coordinates":[11.759705421015072,50.14184912202612]}},{"type":"Feature","properties":{"id":"DEBKGDL200018AOQ","name":"Solarpark Scheibenberg","facility_type":"power_plant","facility_subtype":"thermal_power","status":"existing","source_function_code":"2530"},"geometry":{"type":"Point","coordinates":[12.903419670365144,50.545929008782345]}},{"type":"Feature","properties":{"id":"DEBKGDL200018AP0","name":"Solarpark Penig","facility_type":"power_plant","facility_subtype":"thermal_power","status":"existing","source_function_code":"2530"},"geometry":{"type":"Point","coordinates":[12.710761851405515,50.91851537375184]}},{"type":"Feature","properties":{"id":"DEBKGDL200018AP1","name":"Photovoltaikanlage Ballstädt","facility_type":"power_plant","facility_subtype":"thermal_power","status":"existing","source_function_code":"2530"},"geometry":{"type":"Point","coordinates":[10.725456267909175,51.027573967068506]}},{"type":"Feature","properties":{"id":"DEBKGDL200018AOE","name":"Solarpark Coswig-Brockwitz","facility_type":"power_plant","facility_subtype":"thermal_power","status":"existing","source_function_code":"2530"},"geometry":{"type":"Point","coordinates":[13.557187155761513,51.1300683820076]}},{"type":"Feature","properties":{"id":"DEBKGDL20001BAXK","name":"Solarpark Elsteraue","facility_type":"power_plant","facility_subtype":"thermal_power","status":"existing","source_function_code":"2530"},"geometry":{"type":"Point","coordinates":[12.147376708206027,51.07240816165746]}},{"type":"Feature","properties":{"id":"DEBKGDL20001C6AV","name":"Solarpark Uttenreuth","facility_type":"power_plant","facility_subtype":"thermal_power","status":"existing","source_function_code":"2530"},"geometry":{"type":"Point","coordinates":[11.092269529158097,49.57927603417175]}},{"type":"Feature","properties":{"id":"DEBKGDL20001C6BC","name":"Solarpark Walkersbrunn II","facility_type":"power_plant","facility_subtype":"thermal_power","status":"existing","source_function_code":"2530"},"geometry":{"type":"Point","coordinates":[11.203041133057933,49.67169833560794]}},{"type":"Feature","properties":{"id":"DEBKGDL20001C6EX","name":"Photovoltaikanlage Schlackenberg Luitpoldhütte","facility_type":"power_plant","facility_subtype":"thermal_power","status":"existing","source_function_code":"2530"},"geometry":{"type":"Point","coordinates":[11.842076798232167,49.46510274856717]}},{"type":"Feature","properties":{"id":"DEBKGDL20001C6EO","name":"Solarpark Unterulsenbach","facility_type":"power_plant","facility_subtype":"thermal_power","status":"existing","source_function_code":"2530"},"geometry":{"type":"Point","coordinates":[10.688844765242505,49.49236966123893]}},{"type":"Feature","properties":{"id":"DEBKGDL20001C6F7","name":"Solarpark Oberroßbach","facility_type":"power_plant","facility_subtype":"thermal_power","status":"existing","source_function_code":"2530"},"geometry":{"type":"Point","coordinates":[10.588088190956704,49.54955846592345]}},{"type":"Feature","properties":{"id":"DEBKGDL20001C6F8","name":"Solarpark Tännesberg","facility_type":"power_plant","facility_subtype":"thermal_power","status":"existing","source_function_code":"2530"},"geometry":{"type":"Point","coordinates":[12.329084496800773,49.54473647987388]}},{"type":"Feature","properties":{"id":"DEBKGDL20001C6F9","name":"Photovoltaikanlage Hellingen","facility_type":"power_plant","facility_subtype":"thermal_power","status":"existing","source_function_code":"2530"},"geometry":{"type":"Point","coordinates":[10.548342346624972,50.076613672235744]}},{"type":"Feature","properties":{"id":"DEBKGDL20001C6G0","name":"Solaranlage Tiefenbachhalde Altenberg","facility_type":"power_plant","facility_subtype":"thermal_power","status":"existing","source_function_code":"2530"},"geometry":{"type":"Point","coordinates":[13.773357211732897,50.759138132489916]}},{"type":"Feature","properties":{"id":"DEBKGDL20001C6G2","name":"Solarpark südlich der A4 Dennheritz","facility_type":"power_plant","facility_subtype":"thermal_power","status":"existing","source_function_code":"2530"},"geometry":{"type":"Point","coordinates":[12.482206960209556,50.82801941309918]}},{"type":"Feature","properties":{"id":"DEBKGDL20001C6G4","name":"Solarparks Ziegelscheune","facility_type":"power_plant","facility_subtype":"thermal_power","status":"existing","source_function_code":"2530"},"geometry":{"type":"Point","coordinates":[13.394870085122063,50.92434816238698]}},{"type":"Feature","properties":{"id":"DEBKGDL20001C6FZ","name":"Solarpark Starbach","facility_type":"power_plant","facility_subtype":"thermal_power","status":"existing","source_function_code":"2530"},"geometry":{"type":"Point","coordinates":[13.268629412874033,51.08334098272356]}},{"type":"Feature","properties":{"id":"DEBKGDL20001C6G1","name":"Solaranlage Heinersdorf","facility_type":"power_plant","facility_subtype":"thermal_power","status":"existing","source_function_code":"2530"},"geometry":{"type":"Point","coordinates":[12.623458550787252,51.12980807040706]}},{"type":"Feature","properties":{"id":"DEBKGDL20000PIRG","name":"Kraftwerk Hermann Wenzel","facility_type":"power_plant","facility_subtype":"thermal_power","status":"existing","source_function_code":"2530"},"geometry":{"type":"Point","coordinates":[6.730881380526001,51.45974489045043]}},{"type":"Feature","properties":{"id":"DEBKGDL20000JD34","name":"Trianel Gaskraftwerk Hamm","facility_type":"power_plant","facility_subtype":"thermal_power","status":"existing","source_function_code":"2530"},"geometry":{"type":"Point","coordinates":[7.929011505215712,51.67412990473576]}},{"type":"Feature","properties":{"id":"DEBKGDL20000JCSY","name":"Pumpspeicherkraftwerk Herdecke","facility_type":"power_plant","facility_subtype":"thermal_power","status":"existing","source_function_code":"2530"},"geometry":{"type":"Point","coordinates":[7.454564784447858,51.41123801247456]}},{"type":"Feature","properties":{"id":"DEBKGDL20000JD0U","name":"Kraftwerk Huckingen","facility_type":"power_plant","facility_subtype":"thermal_power","status":"existing","source_function_code":"2530"},"geometry":{"type":"Point","coordinates":[6.723884249783303,51.37540488264957]}},{"type":"Feature","properties":{"id":"DEBKGDL20000JDMO","name":"Heizkraftwerk Barmen","facility_type":"power_plant","facility_subtype":"thermal_power","status":"existing","source_function_code":"2530"},"geometry":{"type":"Point","coordinates":[7.20050422669004,51.26855546417214]}},{"type":"Feature","properties":{"id":"DEBKGDL20000JBXS","name":"Kraftwerk Bochum","facility_type":"power_plant","facility_subtype":"thermal_power","status":"existing","source_function_code":"2530"},"geometry":{"type":"Point","coordinates":[7.21949855474089,51.4514911556989]}},{"type":"Feature","properties":{"id":"DEBKGDL200014GP0","name":"Müllheizkraftwerk Karnap B","facility_type":"power_plant","facility_subtype":"thermal_power","status":"existing","source_function_code":"2530"},"geometry":{"type":"Point","coordinates":[6.994804690461345,51.51528957426847]}},{"type":"Feature","properties":{"id":"DEBKGDL20000PDXG","name":"Pumpspeicherwerk Rönkhausen I und II","facility_type":"power_plant","facility_subtype":"thermal_power","status":"existing","source_function_code":"2530"},"geometry":{"type":"Point","coordinates":[7.993402174772383,51.22487239241704]}},{"type":"Feature","properties":{"id":"DEBKGDL200015FZG","name":"Solarpark Twist","facility_type":"power_plant","facility_subtype":"thermal_power","status":"existing","source_function_code":"2530"},"geometry":{"type":"Point","coordinates":[7.106273777035883,52.64629473798735]}},{"type":"Feature","properties":{"id":"DEBKGDL200015ITN","name":"Solarpark Flamschen","facility_type":"power_plant","facility_subtype":"thermal_power","status":"existing","source_function_code":"2530"},"geometry":{"type":"Point","coordinates":[7.135830331336309,51.89995794213806]}},{"type":"Feature","properties":{"id":"DEBKGDL2000152P2","name":"Gemeinschafts-Müll-Verbrennungsanlage Niederrhein","facility_type":"power_plant","facility_subtype":"thermal_power","status":"existing","source_function_code":"2530"},"geometry":{"type":"Point","coordinates":[6.834597601494706,51.48545388152602]}},{"type":"Feature","properties":{"id":"DEBKGDL200015KWP","name":"Solarpark Fürstenau-Utdrift","facility_type":"power_plant","facility_subtype":"thermal_power","status":"existing","source_function_code":"2530"},"geometry":{"type":"Point","coordinates":[7.696704080049899,52.51358756028295]}},{"type":"Feature","properties":{"id":"DEBKGDL2000160PJ","name":"Heizkraftwerk III Duisburg","facility_type":"power_plant","facility_subtype":"thermal_power","status":"existing","source_function_code":"2530"},"geometry":{"type":"Point","coordinates":[6.748095158403686,51.39143404332372]}},{"type":"Feature","properties":{"id":"DEBKGDL200015ZMH","name":"Trianel Kohlekraftwerk Lünen","facility_type":"power_plant","facility_subtype":"thermal_power","status":"existing","source_function_code":"2530"},"geometry":{"type":"Point","coordinates":[7.461759010701507,51.614441757079945]}},{"type":"Feature","properties":{"id":"DEBKGDL2000160X8","name":"Biomasseheizkraftwerk Recklinghausen","facility_type":"power_plant","facility_subtype":"thermal_power","status":"existing","source_function_code":"2530"},"geometry":{"type":"Point","coordinates":[7.250389672475124,51.60421614091503]}},{"type":"Feature","properties":{"id":"DEBKGDL200015ZSV","name":"Bioenergiekraftwerk Emsland","facility_type":"power_plant","facility_subtype":"thermal_power","status":"existing","source_function_code":"2530"},"geometry":{"type":"Point","coordinates":[6.871759127434758,52.61841963423336]}},{"type":"Feature","properties":{"id":"DEBKGDL2000160NQ","name":"Biomassekraftwerk Bergkamen","facility_type":"power_plant","facility_subtype":"thermal_power","status":"existing","source_function_code":"2530"},"geometry":{"type":"Point","coordinates":[7.631083069342653,51.621648556790504]}},{"type":"Feature","properties":{"id":"DEBKGDL20001605P","name":"Abfallentsorgungszentrum Asdonkshof","facility_type":"power_plant","facility_subtype":"thermal_power","status":"existing","source_function_code":"2530"},"geometry":{"type":"Point","coordinates":[6.573899411716564,51.52260047438128]}},{"type":"Feature","properties":{"id":"DEBKGDL200015ZSH","name":"Biomasse-Heizkraftwerk Rieste","facility_type":"power_plant","facility_subtype":"thermal_power","status":"existing","source_function_code":"2530"},"geometry":{"type":"Point","coordinates":[8.057078611815935,52.48501371676398]}},{"type":"Feature","properties":{"id":"DEBKGDL200015ZR1","name":"Biomassekraftwerk Lünen","facility_type":"power_plant","facility_subtype":"thermal_power","status":"existing","source_function_code":"2530"},"geometry":{"type":"Point","coordinates":[7.472372869809819,51.61959825524367]}},{"type":"Feature","properties":{"id":"DEBKGDL200018AO6","name":"Solarkraftwerk Klausheide","facility_type":"power_plant","facility_subtype":"thermal_power","status":"existing","source_function_code":"2530"},"geometry":{"type":"Point","coordinates":[7.174364423352001,52.460288202272366]}},{"type":"Feature","properties":{"id":"DEBKGDL200018AO3","name":"Solarpark Bad Rothenfelde","facility_type":"power_plant","facility_subtype":"thermal_power","status":"existing","source_function_code":"2530"},"geometry":{"type":"Point","coordinates":[8.162274696674269,52.09082334073749]}},{"type":"Feature","properties":{"id":"DEBKGDL20000JCOR","name":"Heizkraftwerk Mittelfeld","facility_type":"power_plant","facility_subtype":"thermal_power","status":"existing","source_function_code":"2530"},"geometry":{"type":"Point","coordinates":[9.484642732334114,51.27783877335363]}},{"type":"Feature","properties":{"id":"DEBKGDL200014GOZ","name":"Müllverbrennungsanlage Bielefeld","facility_type":"power_plant","facility_subtype":"thermal_power","status":"existing","source_function_code":"2530"},"geometry":{"type":"Point","coordinates":[8.605900303905136,52.04304466090242]}},{"type":"Feature","properties":{"id":"DEBKGDL2000152ME","name":"Heizkraftwerk Bielefeld","facility_type":"power_plant","facility_subtype":"thermal_power","status":"existing","source_function_code":"2530"},"geometry":{"type":"Point","coordinates":[8.540377960961612,52.03527409879305]}},{"type":"Feature","properties":{"id":"DEBKGDL200016050","name":"Müllheizkraftwerk Kassel","facility_type":"power_plant","facility_subtype":"thermal_power","status":"existing","source_function_code":"2530"},"geometry":{"type":"Point","coordinates":[9.528200768470667,51.31567296464751]}},{"type":"Feature","properties":{"id":"DEBKGDL200015ZR8","name":"Biomassekraftwerk Bischofferode","facility_type":"power_plant","facility_subtype":"thermal_power","status":"existing","source_function_code":"2530"},"geometry":{"type":"Point","coordinates":[10.413171647273277,51.48882474078987]}},{"type":"Feature","properties":{"id":"DEBKGDL200015ZT3","name":"Biomasse-Heizkraftwerk Langelsheim","facility_type":"power_plant","facility_subtype":"thermal_power","status":"existing","source_function_code":"2530"},"geometry":{"type":"Point","coordinates":[10.336728145527978,51.93020803113831]}},{"type":"Feature","properties":{"id":"DEBKGDL200015SYZ","name":"Solarpark Arenborn","facility_type":"power_plant","facility_subtype":"thermal_power","status":"existing","source_function_code":"2530"},"geometry":{"type":"Point","coordinates":[9.633048040412408,51.61015101803746]}},{"type":"Feature","properties":{"id":"DEBKGDL200015ZSJ","name":"Biomassekraftwerk Bad Arolsen","facility_type":"power_plant","facility_subtype":"thermal_power","status":"existing","source_function_code":"2530"},"geometry":{"type":"Point","coordinates":[9.007863588821873,51.357311887701385]}},{"type":"Feature","properties":{"id":"DEBKGDL200015U0O","name":"Solarpark Tietelsen","facility_type":"power_plant","facility_subtype":"thermal_power","status":"existing","source_function_code":"2530"},"geometry":{"type":"Point","coordinates":[9.26199968347422,51.65862759491137]}},{"type":"Feature","properties":{"id":"DEBKGDL200015XW1","name":"Solarpark Wachstedt","facility_type":"power_plant","facility_subtype":"thermal_power","status":"existing","source_function_code":"2530"},"geometry":{"type":"Point","coordinates":[10.246763544226997,51.30013727180768]}},{"type":"Feature","properties":{"id":"DEBKGDL2000160S3","name":"Heizkraftwerk Witzenhausen","facility_type":"power_plant","facility_subtype":"thermal_power","status":"existing","source_function_code":"2530"},"geometry":{"type":"Point","coordinates":[9.849205350461933,51.31803414104057]}},{"type":"Feature","properties":{"id":"DEBKGDL20000JD7P","name":"Heizkraftwerk Linden","facility_type":"power_plant","facility_subtype":"thermal_power","status":"existing","source_function_code":"2530"},"geometry":{"type":"Point","coordinates":[9.714028092160492,52.37282151921341]}},{"type":"Feature","properties":{"id":"DEBKGDL20000JD7Q","name":"Kraftwerk Herrenhausen","facility_type":"power_plant","facility_subtype":"thermal_power","status":"existing","source_function_code":"2530"},"geometry":{"type":"Point","coordinates":[9.67972572523704,52.398164732220536]}},{"type":"Feature","properties":{"id":"DEBKGDL200014Y6U","name":"Solarpark Wietzendorf","facility_type":"power_plant","facility_subtype":"thermal_power","status":"existing","source_function_code":"2530"},"geometry":{"type":"Point","coordinates":[9.9960582763487,52.92667518725636]}},{"type":"Feature","properties":{"id":"DEBKGDL2000152MD","name":"Solarpark Steyerberg","facility_type":"power_plant","facility_subtype":"thermal_power","status":"existing","source_function_code":"2530"},"geometry":{"type":"Point","coordinates":[9.045004579140032,52.596752759758495]}},{"type":"Feature","properties":{"id":"DEBKGDL200015R81","name":"Solarpark Thedinghausen I","facility_type":"power_plant","facility_subtype":"thermal_power","status":"existing","source_function_code":"2530"},"geometry":{"type":"Point","coordinates":[9.067459024491182,52.96588073721117]}},{"type":"Feature","properties":{"id":"DEBKGDL200015SXZ","name":"Solarpark Nienburg Süd - Schäferhof","facility_type":"power_plant","facility_subtype":"thermal_power","status":"existing","source_function_code":"2530"},"geometry":{"type":"Point","coordinates":[9.205501983753209,52.61645827639355]}},{"type":"Feature","properties":{"id":"DEBKGDL20001604X","name":"Thermische Abfallverwertungsanlage Hannover","facility_type":"power_plant","facility_subtype":"thermal_power","status":"existing","source_function_code":"2530"},"geometry":{"type":"Point","coordinates":[9.854259163647253,52.41277895289544]}},{"type":"Feature","properties":{"id":"DEBKGDL2000160PB","name":"Kraftwerk Kirchlengern","facility_type":"power_plant","facility_subtype":"thermal_power","status":"existing","source_function_code":"2530"},"geometry":{"type":"Point","coordinates":[8.64837720839196,52.19492669666735]}},{"type":"Feature","properties":{"id":"DEBKGDL200018ANZ","name":"Solarpark Dedendorf","facility_type":"power_plant","facility_subtype":"thermal_power","status":"existing","source_function_code":"2530"},"geometry":{"type":"Point","coordinates":[9.142406462662738,52.79579756383836]}},{"type":"Feature","properties":{"id":"DEBKGDL20001C6H4","name":"Photovoltaikanlage Ströhen","facility_type":"power_plant","facility_subtype":"thermal_power","status":"existing","source_function_code":"2530"},"geometry":{"type":"Point","coordinates":[8.676547254238319,52.54935309579203]}},{"type":"Feature","properties":{"id":"DEBKGDL200015SX0","name":"Solarpark Norden","facility_type":"power_plant","facility_subtype":"thermal_power","status":"existing","source_function_code":"2530"},"geometry":{"type":"Point","coordinates":[7.2322090135153925,53.574850686977]}},{"type":"Feature","properties":{"id":"DEBKGDL200015ZR9","name":"Biomassekraftwerk Papenburg","facility_type":"power_plant","facility_subtype":"thermal_power","status":"existing","source_function_code":"2530"},"geometry":{"type":"Point","coordinates":[7.39456487957354,53.09767185359565]}},{"type":"Feature","properties":{"id":"DEBKGDL200018ANJ","name":"Solarpark Mederns","facility_type":"power_plant","facility_subtype":"thermal_power","status":"existing","source_function_code":"2530"},"geometry":{"type":"Point","coordinates":[7.890051845016862,53.6928719844868]}},{"type":"Feature","properties":{"id":"DEBKGDL200018ANU","name":"Photovoltaikanlage Edewecht Hübscher Berg","facility_type":"power_plant","facility_subtype":"thermal_power","status":"existing","source_function_code":"2530"},"geometry":{"type":"Point","coordinates":[7.872137228474781,53.130217044435824]}},{"type":"Feature","properties":{"id":"DEBKGDL200018ATE","name":"Solarpark Wilhelmshaven-Voslapp","facility_type":"power_plant","facility_subtype":"thermal_power","status":"existing","source_function_code":"2530"},"geometry":{"type":"Point","coordinates":[8.075743801086036,53.59996105008195]}},{"type":"Feature","properties":{"id":"DEBKGDL20001C6IO","name":"Solarpark Engerhafe","facility_type":"power_plant","facility_subtype":"thermal_power","status":"existing","source_function_code":"2530"},"geometry":{"type":"Point","coordinates":[7.301293895254283,53.490457500087906]}},{"type":"Feature","properties":{"id":"DEBKGDL200015F71","name":"Solarpark Tweelbäke","facility_type":"power_plant","facility_subtype":"thermal_power","status":"existing","source_function_code":"2530"},"geometry":{"type":"Point","coordinates":[8.262869997060479,53.10171672891537]}},{"type":"Feature","properties":{"id":"DEBKGDL200014GP4","name":"Müllverbrennungsanlage Stapelfeld","facility_type":"power_plant","facility_subtype":"thermal_power","status":"existing","source_function_code":"2530"},"geometry":{"type":"Point","coordinates":[10.224268183950976,53.61830604127463]}},{"type":"Feature","properties":{"id":"DEBKGDL20000JBWD","name":"Pumpspeicherwerk Geesthacht","facility_type":"power_plant","facility_subtype":"thermal_power","status":"existing","source_function_code":"2530"},"geometry":{"type":"Point","coordinates":[10.39282952920065,53.4188734311977]}},{"type":"Feature","properties":{"id":"DEBKGDL20000JBVT","name":"Heizkraftwerk Tiefstack","facility_type":"power_plant","facility_subtype":"thermal_power","status":"existing","source_function_code":"2530"},"geometry":{"type":"Point","coordinates":[10.06441936201325,53.52677037776249]}},{"type":"Feature","properties":{"id":"DEBKGDL20000JD3V","name":"Kraftwerk Mittelsbüren","facility_type":"power_plant","facility_subtype":"thermal_power","status":"existing","source_function_code":"2530"},"geometry":{"type":"Point","coordinates":[8.684744680282206,53.129118449586926]}},{"type":"Feature","properties":{"id":"DEBKGDL20000JBXP","name":"Heizkraftwerk Wedel","facility_type":"power_plant","facility_subtype":"thermal_power","status":"existing","source_function_code":"2530"},"geometry":{"type":"Point","coordinates":[9.725015114015504,53.56731336703962]}},{"type":"Feature","properties":{"id":"DEBKGDL200015FZD","name":"Solarpark Vollersode","facility_type":"power_plant","facility_subtype":"thermal_power","status":"existing","source_function_code":"2530"},"geometry":{"type":"Point","coordinates":[8.906218791239644,53.33311366443847]}},{"type":"Feature","properties":{"id":"DEBKGDL200015J4B","name":"Solarpark Krempel","facility_type":"power_plant","facility_subtype":"thermal_power","status":"existing","source_function_code":"2530"},"geometry":{"type":"Point","coordinates":[8.716641975770486,53.71745257566523]}},{"type":"Feature","properties":{"id":"DEBKGDL200015SYW","name":"Solarpark Nordholz","facility_type":"power_plant","facility_subtype":"thermal_power","status":"existing","source_function_code":"2530"},"geometry":{"type":"Point","coordinates":[8.626120095250627,53.764765256221715]}},{"type":"Feature","properties":{"id":"DEBKGDL2000160PF","name":"Kraftwerk Dow Stade","facility_type":"power_plant","facility_subtype":"thermal_power","status":"existing","source_function_code":"2530"},"geometry":{"type":"Point","coordinates":[9.512459113011845,53.63624141122866]}},{"type":"Feature","properties":{"id":"DEBKGDL20001605Q","name":"Müllheizkraftwerk Bremerhaven","facility_type":"power_plant","facility_subtype":"thermal_power","status":"existing","source_function_code":"2530"},"geometry":{"type":"Point","coordinates":[8.616010153194772,53.549241798465744]}},{"type":"Feature","properties":{"id":"DEBKGDL200015ZSB","name":"Müllverwertungsanlage Rugenberger Damm","facility_type":"power_plant","facility_subtype":"thermal_power","status":"existing","source_function_code":"2530"},"geometry":{"type":"Point","coordinates":[9.934235785039625,53.52032546654373]}},{"type":"Feature","properties":{"id":"DEBKGDL20001605Y","name":"Müllheizkraftwerk Bremen","facility_type":"power_plant","facility_subtype":"thermal_power","status":"existing","source_function_code":"2530"},"geometry":{"type":"Point","coordinates":[8.81696276928631,53.1142021970917]}},{"type":"Feature","properties":{"id":"DEBKGDL200015ZS2","name":"Druckluftspeicherkraftwerk Huntorf","facility_type":"power_plant","facility_subtype":"thermal_power","status":"existing","source_function_code":"2530"},"geometry":{"type":"Point","coordinates":[8.408368999590468,53.18987514203332]}},{"type":"Feature","properties":{"id":"DEBKGDL200015ZSY","name":"Biomasse-Heizkraftwerk Brunsbüttel","facility_type":"power_plant","facility_subtype":"thermal_power","status":"existing","source_function_code":"2530"},"geometry":{"type":"Point","coordinates":[9.183402988001966,53.90996935821792]}},{"type":"Feature","properties":{"id":"DEBKGDL200018ANF","name":"Solarpark Wilster","facility_type":"power_plant","facility_subtype":"thermal_power","status":"existing","source_function_code":"2530"},"geometry":{"type":"Point","coordinates":[9.361612636471977,53.917164997980414]}},{"type":"Feature","properties":{"id":"DEBKGDL200018ANW","name":"Solar-Energiepark Hassendorf","facility_type":"power_plant","facility_subtype":"thermal_power","status":"existing","source_function_code":"2530"},"geometry":{"type":"Point","coordinates":[9.261854658860063,53.103236412747954]}},{"type":"Feature","properties":{"id":"DEBKGDL20001BSAC","name":"Solarpark Deinste","facility_type":"power_plant","facility_subtype":"thermal_power","status":"existing","source_function_code":"2530"},"geometry":{"type":"Point","coordinates":[9.439841631482542,53.52164763052212]}},{"type":"Feature","properties":{"id":"DEBKGDL20001BSAB","name":"Solarpark Kutenholz","facility_type":"power_plant","facility_subtype":"thermal_power","status":"existing","source_function_code":"2530"},"geometry":{"type":"Point","coordinates":[9.327423020363693,53.49648438521823]}},{"type":"Feature","properties":{"id":"DEBKGDL20001C6IQ","name":"Solarpark Nordenham","facility_type":"power_plant","facility_subtype":"thermal_power","status":"existing","source_function_code":"2530"},"geometry":{"type":"Point","coordinates":[8.45594090336674,53.48709679211886]}},{"type":"Feature","properties":{"id":"DEBKGDL20000JD10","name":"Heizkraftwerk Flensburg","facility_type":"power_plant","facility_subtype":"thermal_power","status":"existing","source_function_code":"2530"},"geometry":{"type":"Point","coordinates":[9.432287300450374,54.80483628378506]}},{"type":"Feature","properties":{"id":"DEBKGDL200015JCO","name":"Solarpark Brekendorf","facility_type":"power_plant","facility_subtype":"thermal_power","status":"existing","source_function_code":"2530"},"geometry":{"type":"Point","coordinates":[9.626225623005077,54.41500836764081]}},{"type":"Feature","properties":{"id":"DEBKGDL200015KWQ","name":"Solarpark Horstedt","facility_type":"power_plant","facility_subtype":"thermal_power","status":"existing","source_function_code":"2530"},"geometry":{"type":"Point","coordinates":[9.093100466410666,54.51312340919485]}},{"type":"Feature","properties":{"id":"DEBKGDL20000PX0C","name":"Solarpark Cecilienkoog","facility_type":"power_plant","facility_subtype":"thermal_power","status":"existing","source_function_code":"2530"},"geometry":{"type":"Point","coordinates":[8.916422297635826,54.58448958874931]}},{"type":"Feature","properties":{"id":"DEBKGDL200015GPR","name":"Süderlügumer Solarpark Nordfriesland","facility_type":"power_plant","facility_subtype":"thermal_power","status":"existing","source_function_code":"2530"},"geometry":{"type":"Point","coordinates":[8.920673456679442,54.881858310230946]}},{"type":"Feature","properties":{"id":"DEBKGDL200015SWV","name":"Solarpark Klanxbüll","facility_type":"power_plant","facility_subtype":"thermal_power","status":"existing","source_function_code":"2530"},"geometry":{"type":"Point","coordinates":[8.648172321546218,54.864870468923115]}},{"type":"Feature","properties":{"id":"DEBKGDL200015SWY","name":"Solarpark Epenwöhrden","facility_type":"power_plant","facility_subtype":"thermal_power","status":"existing","source_function_code":"2530"},"geometry":{"type":"Point","coordinates":[9.078934628645856,54.10907428588591]}},{"type":"Feature","properties":{"id":"DEBKGDL200015SXX","name":"Solarpark Peissen","facility_type":"power_plant","facility_subtype":"thermal_power","status":"existing","source_function_code":"2530"},"geometry":{"type":"Point","coordinates":[9.607361061160036,54.03298714993629]}},{"type":"Feature","properties":{"id":"DEBKGDL200015SYV","name":"Solarpark Sankt Michaelisdonn","facility_type":"power_plant","facility_subtype":"thermal_power","status":"existing","source_function_code":"2530"},"geometry":{"type":"Point","coordinates":[9.108804833954087,53.99689268133931]}},{"type":"Feature","properties":{"id":"DEBKGDL200015SYT","name":"Solarpark Nindorf/Farnewinkel","facility_type":"power_plant","facility_subtype":"thermal_power","status":"existing","source_function_code":"2530"},"geometry":{"type":"Point","coordinates":[9.134399911384788,54.07718614499287]}},{"type":"Feature","properties":{"id":"DEBKGDL200015SYU","name":"Solarpark Bordelumer Koog","facility_type":"power_plant","facility_subtype":"thermal_power","status":"existing","source_function_code":"2530"},"geometry":{"type":"Point","coordinates":[8.933471418192799,54.61943877797857]}},{"type":"Feature","properties":{"id":"DEBKGDL200015SYY","name":"Bürgersolarpark Niebüll","facility_type":"power_plant","facility_subtype":"thermal_power","status":"existing","source_function_code":"2530"},"geometry":{"type":"Point","coordinates":[8.817293616178977,54.800236107775724]}},{"type":"Feature","properties":{"id":"DEBKGDL20001604V","name":"Müllverbrennungsanlage Kiel","facility_type":"power_plant","facility_subtype":"thermal_power","status":"existing","source_function_code":"2530"},"geometry":{"type":"Point","coordinates":[10.112140259444775,54.30706227491592]}},{"type":"Feature","properties":{"id":"DEBKGDL200015ZQ4","name":"Küstenkraftwerk Kiel","facility_type":"power_plant","facility_subtype":"thermal_power","status":"existing","source_function_code":"2530"},"geometry":{"type":"Point","coordinates":[10.17860367263606,54.34124386797054]}},{"type":"Feature","properties":{"id":"DEBKGDL2000160RY","name":"Heizkraftwerk Neumünster","facility_type":"power_plant","facility_subtype":"thermal_power","status":"existing","source_function_code":"2530"},"geometry":{"type":"Point","coordinates":[9.990673222512882,54.082729458845044]}},{"type":"Feature","properties":{"id":"DEBKGDL200018ANG","name":"Solarpark Schafflund","facility_type":"power_plant","facility_subtype":"thermal_power","status":"existing","source_function_code":"2530"},"geometry":{"type":"Point","coordinates":[9.133315864776494,54.768834445328984]}},{"type":"Feature","properties":{"id":"DEBKGDL200018AN4","name":"Solarpark Husby","facility_type":"power_plant","facility_subtype":"thermal_power","status":"existing","source_function_code":"2530"},"geometry":{"type":"Point","coordinates":[9.601631721489392,54.752422136649756]}},{"type":"Feature","properties":{"id":"DEBKGDL200018ANA","name":"Solarpark Sörup","facility_type":"power_plant","facility_subtype":"thermal_power","status":"existing","source_function_code":"2530"},"geometry":{"type":"Point","coordinates":[9.644366567281065,54.73255782736151]}},{"type":"Feature","properties":{"id":"DEBKGDL200018ANE","name":"Solarpark Hörup","facility_type":"power_plant","facility_subtype":"thermal_power","status":"existing","source_function_code":"2530"},"geometry":{"type":"Point","coordinates":[9.101754552730847,54.73044698669067]}},{"type":"Feature","properties":{"id":"DEBKGDL200018AN8","name":"Solarpark Oster-Ohrstedt","facility_type":"power_plant","facility_subtype":"thermal_power","status":"existing","source_function_code":"2530"},"geometry":{"type":"Point","coordinates":[9.237051295918013,54.50428917344219]}},{"type":"Feature","properties":{"id":"DEBKGDL200018AN1","name":"Solarpark Treia","facility_type":"power_plant","facility_subtype":"thermal_power","status":"existing","source_function_code":"2530"},"geometry":{"type":"Point","coordinates":[9.291915962821287,54.50250692941924]}},{"type":"Feature","properties":{"id":"DEBKGDL200018ANC","name":"Bürgersolarpark Stelle-Wittenwurth","facility_type":"power_plant","facility_subtype":"thermal_power","status":"existing","source_function_code":"2530"},"geometry":{"type":"Point","coordinates":[9.06448801389006,54.24870454683872]}},{"type":"Feature","properties":{"id":"DEBKGDL200018AN0","name":"Solarpark Mühbrook","facility_type":"power_plant","facility_subtype":"thermal_power","status":"existing","source_function_code":"2530"},"geometry":{"type":"Point","coordinates":[10.018608212374819,54.151124830903]}},{"type":"Feature","properties":{"id":"DEBKGDL200018AMY","name":"Solarpark Gokels","facility_type":"power_plant","facility_subtype":"thermal_power","status":"existing","source_function_code":"2530"},"geometry":{"type":"Point","coordinates":[9.477641754115673,54.11777213303014]}},{"type":"Feature","properties":{"id":"DEBKGDL20001C6JL","name":"Photovoltaikanlage Ellerdorf","facility_type":"power_plant","facility_subtype":"thermal_power","status":"existing","source_function_code":"2530"},"geometry":{"type":"Point","coordinates":[9.831218491832953,54.18983769187795]}},{"type":"Feature","properties":{"id":"DEBKGDL20001C6JI","name":"Solarpark Sande","facility_type":"power_plant","facility_subtype":"thermal_power","status":"existing","source_function_code":"2530"},"geometry":{"type":"Point","coordinates":[8.932159423135621,54.73111721454005]}},{"type":"Feature","properties":{"id":"DEBKGDL20000PDXF","name":"Pumpspeicherwerk Wendefurth","facility_type":"power_plant","facility_subtype":"thermal_power","status":"existing","source_function_code":"2530"},"geometry":{"type":"Point","coordinates":[10.907339594449857,51.7391757193717]}},{"type":"Feature","properties":{"id":"DEBKGDL20000JD7N","name":"Heizkraftwerk Halle-Trotha","facility_type":"power_plant","facility_subtype":"thermal_power","status":"existing","source_function_code":"2530"},"geometry":{"type":"Point","coordinates":[11.943269941454194,51.52366195951367]}},{"type":"Feature","properties":{"id":"DEBKGDL20000JDMB","name":"Raffineriekraftwerk Leuna","facility_type":"power_plant","facility_subtype":"thermal_power","status":"existing","source_function_code":"2530"},"geometry":{"type":"Point","coordinates":[12.000472006333439,51.2914110475408]}},{"type":"Feature","properties":{"id":"DEBKGDL200010PJ4","name":"Solaranlage Muldenstein I","facility_type":"power_plant","facility_subtype":"thermal_power","status":"existing","source_function_code":"2530"},"geometry":{"type":"Point","coordinates":[12.332274492688402,51.661290952570276]}},{"type":"Feature","properties":{"id":"DEBKGDL2000124SY","name":"Solarpark Allstedt-Birkenhof","facility_type":"power_plant","facility_subtype":"thermal_power","status":"existing","source_function_code":"2530"},"geometry":{"type":"Point","coordinates":[11.396129072373567,51.41737440736023]}},{"type":"Feature","properties":{"id":"DEBKGDL200014VLA","name":"Solarpark Hohenthurm","facility_type":"power_plant","facility_subtype":"thermal_power","status":"existing","source_function_code":"2530"},"geometry":{"type":"Point","coordinates":[12.107321500698406,51.51238131130011]}},{"type":"Feature","properties":{"id":"DEBKGDL200014VLT","name":"Solarpark Edersleben am Pfarrberg","facility_type":"power_plant","facility_subtype":"thermal_power","status":"existing","source_function_code":"2530"},"geometry":{"type":"Point","coordinates":[11.276063307007778,51.40786411133516]}},{"type":"Feature","properties":{"id":"DEBKGDL200014VLP","name":"Solarpark Sangerhausen Süd","facility_type":"power_plant","facility_subtype":"thermal_power","status":"existing","source_function_code":"2530"},"geometry":{"type":"Point","coordinates":[11.296955759098026,51.44990781600743]}},{"type":"Feature","properties":{"id":"DEBKGDL200014VL7","name":"Solarpark Göhren","facility_type":"power_plant","facility_subtype":"thermal_power","status":"existing","source_function_code":"2530"},"geometry":{"type":"Point","coordinates":[12.132946901981896,51.35193466980932]}},{"type":"Feature","properties":{"id":"DEBKGDL200014VLC","name":"Solarpark Bennungen","facility_type":"power_plant","facility_subtype":"thermal_power","status":"existing","source_function_code":"2530"},"geometry":{"type":"Point","coordinates":[11.12416198298745,51.46236973907511]}},{"type":"Feature","properties":{"id":"DEBKGDL200014VLV","name":"Solarpark Oberröblingen","facility_type":"power_plant","facility_subtype":"thermal_power","status":"existing","source_function_code":"2530"},"geometry":{"type":"Point","coordinates":[11.31383683340183,51.43497786199185]}},{"type":"Feature","properties":{"id":"DEBKGDL200014VLX","name":"Solarpark Wallhausen","facility_type":"power_plant","facility_subtype":"thermal_power","status":"existing","source_function_code":"2530"},"geometry":{"type":"Point","coordinates":[11.215786692262204,51.458182452939695]}},{"type":"Feature","properties":{"id":"DEBKGDL200014VLY","name":"Solarpark Sennewitz","facility_type":"power_plant","facility_subtype":"thermal_power","status":"existing","source_function_code":"2530"},"geometry":{"type":"Point","coordinates":[11.931567072371944,51.53162324130573]}},{"type":"Feature","properties":{"id":"DEBKGDL200014VM1","name":"Solarpark Glebitzsch","facility_type":"power_plant","facility_subtype":"thermal_power","status":"existing","source_function_code":"2530"},"geometry":{"type":"Point","coordinates":[12.193487609508832,51.58846100124366]}},{"type":"Feature","properties":{"id":"DEBKGDL200014VMK","name":"Photovoltaikkraftwerk Teutschenthal","facility_type":"power_plant","facility_subtype":"thermal_power","status":"existing","source_function_code":"2530"},"geometry":{"type":"Point","coordinates":[11.789965331647545,51.47392530419725]}},{"type":"Feature","properties":{"id":"DEBKGDL200014VM9","name":"Solarpark Oberförsterwerder","facility_type":"power_plant","facility_subtype":"thermal_power","status":"existing","source_function_code":"2530"},"geometry":{"type":"Point","coordinates":[12.660587724955581,51.475759472630195]}},{"type":"Feature","properties":{"id":"DEBKGDL2000152Q1","name":"Solarpark Althen","facility_type":"power_plant","facility_subtype":"thermal_power","status":"existing","source_function_code":"2530"},"geometry":{"type":"Point","coordinates":[12.51588701627373,51.34563664387085]}},{"type":"Feature","properties":{"id":"DEBKGDL2000152YK","name":"Solarpark Roitzsch","facility_type":"power_plant","facility_subtype":"thermal_power","status":"existing","source_function_code":"2530"},"geometry":{"type":"Point","coordinates":[12.273299418652691,51.57008642499316]}},{"type":"Feature","properties":{"id":"DEBKGDL20000JD7A","name":"Heizkraftwerk Dessau","facility_type":"power_plant","facility_subtype":"thermal_power","status":"existing","source_function_code":"2530"},"geometry":{"type":"Point","coordinates":[12.230393995456698,51.82688812125255]}},{"type":"Feature","properties":{"id":"DEBKGDL20000JDMF","name":"Biomasseheizkraftwerk Wittenberg-Piesteritz","facility_type":"power_plant","facility_subtype":"thermal_power","status":"existing","source_function_code":"2530"},"geometry":{"type":"Point","coordinates":[12.577929951089784,51.88055847051342]}},{"type":"Feature","properties":{"id":"DEBKGDL20001253Y","name":"Solarpark Magdeburg","facility_type":"power_plant","facility_subtype":"thermal_power","status":"existing","source_function_code":"2530"},"geometry":{"type":"Point","coordinates":[11.67959682793907,52.134138747140945]}},{"type":"Feature","properties":{"id":"DEBKGDL200014VLQ","name":"Solarparks Osternienburg","facility_type":"power_plant","facility_subtype":"thermal_power","status":"existing","source_function_code":"2530"},"geometry":{"type":"Point","coordinates":[12.018131121070855,51.80633754250378]}},{"type":"Feature","properties":{"id":"DEBKGDL200014VM0","name":"Solarpark Halberstadt","facility_type":"power_plant","facility_subtype":"thermal_power","status":"existing","source_function_code":"2530"},"geometry":{"type":"Point","coordinates":[11.09221770934184,51.89718776372088]}},{"type":"Feature","properties":{"id":"DEBKGDL200014VLB","name":"Solarpark Zahna","facility_type":"power_plant","facility_subtype":"thermal_power","status":"existing","source_function_code":"2530"},"geometry":{"type":"Point","coordinates":[12.765841072431398,51.91719092971794]}},{"type":"Feature","properties":{"id":"DEBKGDL200015SXF","name":"Solarpark Göllingen","facility_type":"power_plant","facility_subtype":"thermal_power","status":"existing","source_function_code":"2530"},"geometry":{"type":"Point","coordinates":[10.991700394136958,51.33916175135989]}},{"type":"Feature","properties":{"id":"DEBKGDL200015SXJ","name":"Solarpark Roßla","facility_type":"power_plant","facility_subtype":"thermal_power","status":"existing","source_function_code":"2530"},"geometry":{"type":"Point","coordinates":[11.055786496428686,51.46497924484779]}},{"type":"Feature","properties":{"id":"DEBKGDL200015SXI","name":"Solarpark Güsten","facility_type":"power_plant","facility_subtype":"thermal_power","status":"existing","source_function_code":"2530"},"geometry":{"type":"Point","coordinates":[11.600227331433802,51.786134540588826]}},{"type":"Feature","properties":{"id":"DEBKGDL200015SXQ","name":"Solarpark Artern","facility_type":"power_plant","facility_subtype":"thermal_power","status":"existing","source_function_code":"2530"},"geometry":{"type":"Point","coordinates":[11.313540968248276,51.360824135753155]}},{"type":"Feature","properties":{"id":"DEBKGDL200015SY1","name":"Solarpark Egeln-Süd","facility_type":"power_plant","facility_subtype":"thermal_power","status":"existing","source_function_code":"2530"},"geometry":{"type":"Point","coordinates":[11.401635708806282,51.91587610745888]}},{"type":"Feature","properties":{"id":"DEBKGDL200015SYP","name":"Solarpark Milzau","facility_type":"power_plant","facility_subtype":"thermal_power","status":"existing","source_function_code":"2530"},"geometry":{"type":"Point","coordinates":[11.87354777710463,51.35146256010511]}},{"type":"Feature","properties":{"id":"DEBKGDL200015SZ2","name":"Solarpark Halle-Queis","facility_type":"power_plant","facility_subtype":"thermal_power","status":"existing","source_function_code":"2530"},"geometry":{"type":"Point","coordinates":[12.100727973330276,51.4867562928112]}},{"type":"Feature","properties":{"id":"DEBKGDL200015SYO","name":"Solarpark Flugplatz Ballenstedt","facility_type":"power_plant","facility_subtype":"thermal_power","status":"existing","source_function_code":"2530"},"geometry":{"type":"Point","coordinates":[11.227140750361382,51.74704517903781]}},{"type":"Feature","properties":{"id":"DEBKGDL200015SYN","name":"Solarpark Reinstedt","facility_type":"power_plant","facility_subtype":"thermal_power","status":"existing","source_function_code":"2530"},"geometry":{"type":"Point","coordinates":[11.362443778704318,51.758407829581024]}},{"type":"Feature","properties":{"id":"DEBKGDL200015SYX","name":"Solarpark Dessau","facility_type":"power_plant","facility_subtype":"thermal_power","status":"existing","source_function_code":"2530"},"geometry":{"type":"Point","coordinates":[12.198471803619322,51.83527801799398]}},{"type":"Feature","properties":{"id":"DEBKGDL200015SYS","name":"Solarpark Stapelburg","facility_type":"power_plant","facility_subtype":"thermal_power","status":"existing","source_function_code":"2530"},"geometry":{"type":"Point","coordinates":[10.649314338497264,51.91239373680027]}},{"type":"Feature","properties":{"id":"DEBKGDL200015ZN0","name":"Biomassekraftwerk Delitzsch","facility_type":"power_plant","facility_subtype":"thermal_power","status":"existing","source_function_code":"2530"},"geometry":{"type":"Point","coordinates":[12.300573860122585,51.507429097246]}},{"type":"Feature","properties":{"id":"DEBKGDL200015ZSN","name":"Heizkraftwerk Leipzig Süd","facility_type":"power_plant","facility_subtype":"thermal_power","status":"existing","source_function_code":"2530"},"geometry":{"type":"Point","coordinates":[12.381952171294536,51.29628626630035]}},{"type":"Feature","properties":{"id":"DEBKGDL200016056","name":"Thermische Restabfallbehandlungsanlage Bitterfeld","facility_type":"power_plant","facility_subtype":"thermal_power","status":"existing","source_function_code":"2530"},"geometry":{"type":"Point","coordinates":[12.289086775051672,51.63016652880179]}},{"type":"Feature","properties":{"id":"DEBKGDL2000160S2","name":"Industriekraftwerk Bernburg","facility_type":"power_plant","facility_subtype":"thermal_power","status":"existing","source_function_code":"2530"},"geometry":{"type":"Point","coordinates":[11.751979095839715,51.8019855452298]}},{"type":"Feature","properties":{"id":"DEBKGDL200016203","name":"Solarpark Stassfurt","facility_type":"power_plant","facility_subtype":"thermal_power","status":"existing","source_function_code":"2530"},"geometry":{"type":"Point","coordinates":[11.60560564246372,51.864011479553675]}},{"type":"Feature","properties":{"id":"DEBKGDL200018AM7","name":"Solarpark Zerbst","facility_type":"power_plant","facility_subtype":"thermal_power","status":"existing","source_function_code":"2530"},"geometry":{"type":"Point","coordinates":[12.103188498163286,51.975306590625785]}},{"type":"Feature","properties":{"id":"DEBKGDL200018AOD","name":"Solarpark Kalbsrieth","facility_type":"power_plant","facility_subtype":"thermal_power","status":"existing","source_function_code":"2530"},"geometry":{"type":"Point","coordinates":[11.34941282894281,51.33840686993009]}},{"type":"Feature","properties":{"id":"DEBKGDL200018AOR","name":"Solarpark Panitzsch","facility_type":"power_plant","facility_subtype":"thermal_power","status":"existing","source_function_code":"2530"},"geometry":{"type":"Point","coordinates":[12.547520910351125,51.35402813347011]}},{"type":"Feature","properties":{"id":"DEBKGDL200018AOV","name":"Solarpark Delitzsch","facility_type":"power_plant","facility_subtype":"thermal_power","status":"existing","source_function_code":"2530"},"geometry":{"type":"Point","coordinates":[12.353019784528353,51.51563013538659]}},{"type":"Feature","properties":{"id":"DEBKGDL200018AOO","name":"Solarpark Phönix","facility_type":"power_plant","facility_subtype":"thermal_power","status":"existing","source_function_code":"2530"},"geometry":{"type":"Point","coordinates":[11.954127031338587,51.53165522827302]}},{"type":"Feature","properties":{"id":"DEBKGDL200018AOZ","name":"Solarpark Delitzsch Nord","facility_type":"power_plant","facility_subtype":"thermal_power","status":"existing","source_function_code":"2530"},"geometry":{"type":"Point","coordinates":[12.345830858568366,51.54824715520598]}},{"type":"Feature","properties":{"id":"DEBKGDL200018AP3","name":"Solarfeld Scherbelberg","facility_type":"power_plant","facility_subtype":"thermal_power","status":"existing","source_function_code":"2530"},"geometry":{"type":"Point","coordinates":[11.950749316743837,51.76595227377559]}},{"type":"Feature","properties":{"id":"DEBKGDL200018AP8","name":"Solarpark Wasserleben","facility_type":"power_plant","facility_subtype":"thermal_power","status":"existing","source_function_code":"2530"},"geometry":{"type":"Point","coordinates":[10.751961544312904,51.930038770539156]}},{"type":"Feature","properties":{"id":"DEBKGDL200018CKV","name":"Solarpark Röblingen","facility_type":"power_plant","facility_subtype":"thermal_power","status":"existing","source_function_code":"2530"},"geometry":{"type":"Point","coordinates":[11.675049330167292,51.45519405741113]}},{"type":"Feature","properties":{"id":"DEBKGDL200018CKW","name":"Solarpark Göhrendorf","facility_type":"power_plant","facility_subtype":"thermal_power","status":"existing","source_function_code":"2530"},"geometry":{"type":"Point","coordinates":[11.670466306637074,51.356275541422114]}},{"type":"Feature","properties":{"id":"DEBKGDL20001C6G6","name":"Solarpark Bahnhof Bitterfeld","facility_type":"power_plant","facility_subtype":"thermal_power","status":"existing","source_function_code":"2530"},"geometry":{"type":"Point","coordinates":[12.314823548910319,51.62306352918047]}},{"type":"Feature","properties":{"id":"DEBKGDL20000JD6V","name":"Heizkraftwerk Braunschweig-Mitte","facility_type":"power_plant","facility_subtype":"thermal_power","status":"existing","source_function_code":"2530"},"geometry":{"type":"Point","coordinates":[10.514722202700625,52.278568281216366]}},{"type":"Feature","properties":{"id":"DEBKGDL20000JD15","name":"Heizkraftwerk Wolfsburg Nord/Süd","facility_type":"power_plant","facility_subtype":"thermal_power","status":"existing","source_function_code":"2530"},"geometry":{"type":"Point","coordinates":[10.786285073819098,52.432424430669776]}},{"type":"Feature","properties":{"id":"DEBKGDL200014VGX","name":"Photovoltaikanlage Angern","facility_type":"power_plant","facility_subtype":"thermal_power","status":"existing","source_function_code":"2530"},"geometry":{"type":"Point","coordinates":[11.807569084642012,52.372785775689]}},{"type":"Feature","properties":{"id":"DEBKGDL200014VLS","name":"Solarpark Ferchland","facility_type":"power_plant","facility_subtype":"thermal_power","status":"existing","source_function_code":"2530"},"geometry":{"type":"Point","coordinates":[12.012425102421782,52.43099342779876]}},{"type":"Feature","properties":{"id":"DEBKGDL200014VLL","name":"Solarpark Salzwedel","facility_type":"power_plant","facility_subtype":"thermal_power","status":"existing","source_function_code":"2530"},"geometry":{"type":"Point","coordinates":[11.203178164109017,52.83435411609514]}},{"type":"Feature","properties":{"id":"DEBKGDL200014VLI","name":"Solarpark Kläden, Bülitzer Weg","facility_type":"power_plant","facility_subtype":"thermal_power","status":"existing","source_function_code":"2530"},"geometry":{"type":"Point","coordinates":[11.655379703000927,52.64179144493278]}},{"type":"Feature","properties":{"id":"DEBKGDL200014VLK","name":"Solarpark Kalbe","facility_type":"power_plant","facility_subtype":"thermal_power","status":"existing","source_function_code":"2530"},"geometry":{"type":"Point","coordinates":[11.371964552898133,52.6642023736029]}},{"type":"Feature","properties":{"id":"DEBKGDL200014VLU","name":"Solarpark Harbke","facility_type":"power_plant","facility_subtype":"thermal_power","status":"existing","source_function_code":"2530"},"geometry":{"type":"Point","coordinates":[11.037130423950309,52.20346765766585]}},{"type":"Feature","properties":{"id":"DEBKGDL200015KWD","name":"Solarpark Stendal-Ziegeleiweg","facility_type":"power_plant","facility_subtype":"thermal_power","status":"existing","source_function_code":"2530"},"geometry":{"type":"Point","coordinates":[11.873539906411438,52.600406454534756]}},{"type":"Feature","properties":{"id":"DEBKGDL200014VKQ","name":"Solarpark am Flugplatz Neuruppin","facility_type":"power_plant","facility_subtype":"thermal_power","status":"existing","source_function_code":"2530"},"geometry":{"type":"Point","coordinates":[12.79167260115204,52.94620819543282]}},{"type":"Feature","properties":{"id":"DEBKGDL200014VL3","name":"Solarpark Jerchel","facility_type":"power_plant","facility_subtype":"thermal_power","status":"existing","source_function_code":"2530"},"geometry":{"type":"Point","coordinates":[12.333432286914107,52.48839826819522]}},{"type":"Feature","properties":{"id":"DEBKGDL200015SZ1","name":"Solarpark Vahldorf","facility_type":"power_plant","facility_subtype":"thermal_power","status":"existing","source_function_code":"2530"},"geometry":{"type":"Point","coordinates":[11.500571729940194,52.247062995957634]}},{"type":"Feature","properties":{"id":"DEBKGDL200015YKE","name":"Solarpark Kläden, Möringer Weg","facility_type":"power_plant","facility_subtype":"thermal_power","status":"existing","source_function_code":"2530"},"geometry":{"type":"Point","coordinates":[11.669920719241095,52.62779016133642]}},{"type":"Feature","properties":{"id":"DEBKGDL200015ZR3","name":"Biomassekraftwerk Arneburg","facility_type":"power_plant","facility_subtype":"thermal_power","status":"existing","source_function_code":"2530"},"geometry":{"type":"Point","coordinates":[12.011619643458214,52.72708540169869]}},{"type":"Feature","properties":{"id":"DEBKGDL200016052","name":"Müllheizkraftwerk Rothensee","facility_type":"power_plant","facility_subtype":"thermal_power","status":"existing","source_function_code":"2530"},"geometry":{"type":"Point","coordinates":[11.6791611711712,52.185099645988466]}},{"type":"Feature","properties":{"id":"DEBKGDL200016054","name":"Müllheizkraftwerk Helmstedt","facility_type":"power_plant","facility_subtype":"thermal_power","status":"existing","source_function_code":"2530"},"geometry":{"type":"Point","coordinates":[10.978474637066086,52.170523124467806]}},{"type":"Feature","properties":{"id":"DEBKGDL20001605R","name":"Ersatzbrennstoffanlage Premitz","facility_type":"power_plant","facility_subtype":"thermal_power","status":"existing","source_function_code":"2530"},"geometry":{"type":"Point","coordinates":[12.359101528387335,52.52769459467706]}},{"type":"Feature","properties":{"id":"DEBKGDL200015ZSF","name":"Kraftwerk Kirchmöser","facility_type":"power_plant","facility_subtype":"thermal_power","status":"existing","source_function_code":"2530"},"geometry":{"type":"Point","coordinates":[12.418250061187264,52.39437316748239]}},{"type":"Feature","properties":{"id":"DEBKGDL200015ZSO","name":"Heizkraftwerk Braunschweig-Nord","facility_type":"power_plant","facility_subtype":"thermal_power","status":"existing","source_function_code":"2530"},"geometry":{"type":"Point","coordinates":[10.506763912209978,52.30553547031482]}},{"type":"Feature","properties":{"id":"DEBKGDL200018ANV","name":"Solarpark Kyritz-Süd","facility_type":"power_plant","facility_subtype":"thermal_power","status":"existing","source_function_code":"2530"},"geometry":{"type":"Point","coordinates":[12.395636713129864,52.92719785031725]}},{"type":"Feature","properties":{"id":"DEBKGDL200018AO0","name":"Photovoltaikanlage Rathenow-Nord","facility_type":"power_plant","facility_subtype":"thermal_power","status":"existing","source_function_code":"2530"},"geometry":{"type":"Point","coordinates":[12.351152254442786,52.63020976129455]}},{"type":"Feature","properties":{"id":"DEBKGDL200018AO9","name":"Solarpark Bindfelde","facility_type":"power_plant","facility_subtype":"thermal_power","status":"existing","source_function_code":"2530"},"geometry":{"type":"Point","coordinates":[11.893274556412505,52.59048151600972]}},{"type":"Feature","properties":{"id":"DEBKGDL200018AO8","name":"Solarpark Triangel","facility_type":"power_plant","facility_subtype":"thermal_power","status":"existing","source_function_code":"2530"},"geometry":{"type":"Point","coordinates":[10.598051004711886,52.50819679975919]}},{"type":"Feature","properties":{"id":"DEBKGDL200018AO2","name":"Solarkraftwerk Burg","facility_type":"power_plant","facility_subtype":"thermal_power","status":"existing","source_function_code":"2530"},"geometry":{"type":"Point","coordinates":[11.871809401794467,52.257435259954136]}},{"type":"Feature","properties":{"id":"DEBKGDL20001BAB6","name":"Solarpark Uchtdorf","facility_type":"power_plant","facility_subtype":"thermal_power","status":"existing","source_function_code":"2530"},"geometry":{"type":"Point","coordinates":[11.745708857571245,52.41851499167979]}},{"type":"Feature","properties":{"id":"DEBKGDL20001BLI2","name":"Solarpark Zabakuck","facility_type":"power_plant","facility_subtype":"thermal_power","status":"existing","source_function_code":"2530"},"geometry":{"type":"Point","coordinates":[12.223008179214078,52.46070893355863]}},{"type":"Feature","properties":{"id":"DEBKGDL20001C6H6","name":"Solaranlage Industrie- und Gewerbepark Altmark","facility_type":"power_plant","facility_subtype":"thermal_power","status":"existing","source_function_code":"2530"},"geometry":{"type":"Point","coordinates":[11.987915998325771,52.71987387743936]}},{"type":"Feature","properties":{"id":"DEBKGDL20001242I","name":"Solarpark Döbern","facility_type":"power_plant","facility_subtype":"thermal_power","status":"existing","source_function_code":"2530"},"geometry":{"type":"Point","coordinates":[14.616587016248564,51.61267734122924]}},{"type":"Feature","properties":{"id":"DEBKGDL2000132NJ","name":"Solarpark Königsbrück","facility_type":"power_plant","facility_subtype":"thermal_power","status":"existing","source_function_code":"2530"},"geometry":{"type":"Point","coordinates":[13.897870731354208,51.25778047341644]}},{"type":"Feature","properties":{"id":"DEBKGDL200014VM3","name":"Solarpark Sabrodt","facility_type":"power_plant","facility_subtype":"thermal_power","status":"existing","source_function_code":"2530"},"geometry":{"type":"Point","coordinates":[14.322271821594715,51.51425804443532]}},{"type":"Feature","properties":{"id":"DEBKGDL200014YSM","name":"Solarpark Spreewitz","facility_type":"power_plant","facility_subtype":"thermal_power","status":"existing","source_function_code":"2530"},"geometry":{"type":"Point","coordinates":[14.390489512589012,51.513355782694774]}},{"type":"Feature","properties":{"id":"DEBKGDL200014VKW","name":"Photovoltaikanlage Gröbitz","facility_type":"power_plant","facility_subtype":"thermal_power","status":"existing","source_function_code":"2530"},"geometry":{"type":"Point","coordinates":[13.696455146667963,51.653289969412896]}},{"type":"Feature","properties":{"id":"DEBKGDL200014VMF","name":"Solarpark Torgau-Nord","facility_type":"power_plant","facility_subtype":"thermal_power","status":"existing","source_function_code":"2530"},"geometry":{"type":"Point","coordinates":[12.98312760150346,51.57335008590801]}},{"type":"Feature","properties":{"id":"DEBKGDL2000152Q0","name":"Solarpark Torgau","facility_type":"power_plant","facility_subtype":"thermal_power","status":"existing","source_function_code":"2530"},"geometry":{"type":"Point","coordinates":[12.977678942981687,51.55859701218662]}},{"type":"Feature","properties":{"id":"DEBKGDL200014VKU","name":"Photovoltaikanlage Breite Wiesenweg","facility_type":"power_plant","facility_subtype":"thermal_power","status":"existing","source_function_code":"2530"},"geometry":{"type":"Point","coordinates":[13.408947565865901,51.87974023974904]}},{"type":"Feature","properties":{"id":"DEBKGDL200014VKZ","name":"Solarkraftwerk Frankenförde","facility_type":"power_plant","facility_subtype":"thermal_power","status":"existing","source_function_code":"2530"},"geometry":{"type":"Point","coordinates":[13.066411429908415,52.11263377497904]}},{"type":"Feature","properties":{"id":"DEBKGDL20001537Z","name":"Solarpark Schönewalde","facility_type":"power_plant","facility_subtype":"thermal_power","status":"existing","source_function_code":"2530"},"geometry":{"type":"Point","coordinates":[13.231578348104625,51.82174941983972]}},{"type":"Feature","properties":{"id":"DEBKGDL2000124CS","name":"Solarpark Cottbus-Dissenchen","facility_type":"power_plant","facility_subtype":"thermal_power","status":"existing","source_function_code":"2530"},"geometry":{"type":"Point","coordinates":[14.390883157011649,51.75677712437926]}},{"type":"Feature","properties":{"id":"DEBKGDL200015SYQ","name":"Solarpark Peitz","facility_type":"power_plant","facility_subtype":"thermal_power","status":"existing","source_function_code":"2530"},"geometry":{"type":"Point","coordinates":[14.411514790558202,51.867099279729715]}},{"type":"Feature","properties":{"id":"DEBKGDL200015Z8J","name":"Solarpark Hoyerswerda-Nardt","facility_type":"power_plant","facility_subtype":"thermal_power","status":"existing","source_function_code":"2530"},"geometry":{"type":"Point","coordinates":[14.21208360044865,51.449212317527994]}},{"type":"Feature","properties":{"id":"DEBKGDL200015ZSW","name":"Biomasse-Heizkraftwerk Elsterwerda","facility_type":"power_plant","facility_subtype":"thermal_power","status":"existing","source_function_code":"2530"},"geometry":{"type":"Point","coordinates":[13.504658670433736,51.46643838515197]}},{"type":"Feature","properties":{"id":"DEBKGDL2000161Y6","name":"Kraftwerk Schwarze Pumpe","facility_type":"power_plant","facility_subtype":"thermal_power","status":"existing","source_function_code":"2530"},"geometry":{"type":"Point","coordinates":[14.353499139152348,51.53623456518393]}},{"type":"Feature","properties":{"id":"DEBKGDL200015ZQL","name":"Biomasse-Heizkraftwerk Niesky","facility_type":"power_plant","facility_subtype":"thermal_power","status":"existing","source_function_code":"2530"},"geometry":{"type":"Point","coordinates":[14.822277665916086,51.30384338834753]}},{"type":"Feature","properties":{"id":"DEBKGDL200018AM6","name":"Solarpark Spremberg","facility_type":"power_plant","facility_subtype":"thermal_power","status":"existing","source_function_code":"2530"},"geometry":{"type":"Point","coordinates":[14.397806673577001,51.58091093168754]}},{"type":"Feature","properties":{"id":"DEBKGDL200018AO4","name":"Solarpark Rietzneuendorf-Staakow","facility_type":"power_plant","facility_subtype":"thermal_power","status":"existing","source_function_code":"2530"},"geometry":{"type":"Point","coordinates":[13.680956386178911,52.01766354375796]}},{"type":"Feature","properties":{"id":"DEBKGDL200018AP2","name":"Solarpark Glaubitz","facility_type":"power_plant","facility_subtype":"thermal_power","status":"existing","source_function_code":"2530"},"geometry":{"type":"Point","coordinates":[13.372662226624195,51.332337167358915]}},{"type":"Feature","properties":{"id":"DEBKGDL200018AOF","name":"Solarpark Ruhland","facility_type":"power_plant","facility_subtype":"thermal_power","status":"existing","source_function_code":"2530"},"geometry":{"type":"Point","coordinates":[13.887837987208204,51.4553472568811]}},{"type":"Feature","properties":{"id":"DEBKGDL200018AOX","name":"Solarpark Laubusch","facility_type":"power_plant","facility_subtype":"thermal_power","status":"existing","source_function_code":"2530"},"geometry":{"type":"Point","coordinates":[14.130870256640854,51.46867641900232]}},{"type":"Feature","properties":{"id":"DEBKGDL200018AOU","name":"Solarpark Greifenhain","facility_type":"power_plant","facility_subtype":"thermal_power","status":"existing","source_function_code":"2530"},"geometry":{"type":"Point","coordinates":[14.132759608631277,51.64889655039275]}},{"type":"Feature","properties":{"id":"DEBKGDL200018AP4","name":"Solarpark Gewerbegebiet Elster","facility_type":"power_plant","facility_subtype":"thermal_power","status":"existing","source_function_code":"2530"},"geometry":{"type":"Point","coordinates":[12.808811676400131,51.83436823937665]}},{"type":"Feature","properties":{"id":"DEBKGDL20001BA6I","name":"Solarpark Kraftwerkstraße","facility_type":"power_plant","facility_subtype":"thermal_power","status":"existing","source_function_code":"2530"},"geometry":{"type":"Point","coordinates":[14.384635542146333,51.536816365589985]}},{"type":"Feature","properties":{"id":"DEBKGDL20001BOBG","name":"Solarpark Bernsdorf","facility_type":"power_plant","facility_subtype":"thermal_power","status":"existing","source_function_code":"2530"},"geometry":{"type":"Point","coordinates":[14.087003208058169,51.38431850811412]}},{"type":"Feature","properties":{"id":"DEBKGDL20001C6GV","name":"Solarpark Sonnewalde","facility_type":"power_plant","facility_subtype":"thermal_power","status":"existing","source_function_code":"2530"},"geometry":{"type":"Point","coordinates":[13.648292606725763,51.67809519390988]}},{"type":"Feature","properties":{"id":"DEBKGDL20001C6GR","name":"Solarpark Kemmen","facility_type":"power_plant","facility_subtype":"thermal_power","status":"existing","source_function_code":"2530"},"geometry":{"type":"Point","coordinates":[13.91596637801726,51.724779453952394]}},{"type":"Feature","properties":{"id":"DEBKGDL20001C6GW","name":"Photovoltaikanlage Guben Nord I und II","facility_type":"power_plant","facility_subtype":"thermal_power","status":"existing","source_function_code":"2530"},"geometry":{"type":"Point","coordinates":[14.701321714545488,52.01208876726968]}},{"type":"Feature","properties":{"id":"DEBKGDL20000JCQS","name":"Heizkraftwerk Berlin-Charlottenburg","facility_type":"power_plant","facility_subtype":"thermal_power","status":"existing","source_function_code":"2530"},"geometry":{"type":"Point","coordinates":[13.310332269585045,52.5220289415867]}},{"type":"Feature","properties":{"id":"DEBKGDL2000124EW","name":"Solarpark Britz","facility_type":"power_plant","facility_subtype":"thermal_power","status":"existing","source_function_code":"2530"},"geometry":{"type":"Point","coordinates":[13.818279778757825,52.887406643086045]}},{"type":"Feature","properties":{"id":"DEBKGDL20000JD0S","name":"Gasturbinenkraftwerk Ahrensfelde","facility_type":"power_plant","facility_subtype":"thermal_power","status":"existing","source_function_code":"2530"},"geometry":{"type":"Point","coordinates":[13.559135554561344,52.589285703989326]}},{"type":"Feature","properties":{"id":"DEBKGDL200014VKE","name":"Solarpark Glau","facility_type":"power_plant","facility_subtype":"thermal_power","status":"existing","source_function_code":"2530"},"geometry":{"type":"Point","coordinates":[13.144840013298815,52.23970665122836]}},{"type":"Feature","properties":{"id":"DEBKGDL200014VKP","name":"Solarpark Herzfelde","facility_type":"power_plant","facility_subtype":"thermal_power","status":"existing","source_function_code":"2530"},"geometry":{"type":"Point","coordinates":[13.858390133069541,52.49373392267859]}},{"type":"Feature","properties":{"id":"DEBKGDL200014VL1","name":"Solarpark Rüdersdorf","facility_type":"power_plant","facility_subtype":"thermal_power","status":"existing","source_function_code":"2530"},"geometry":{"type":"Point","coordinates":[13.773388038575767,52.500549709170485]}},{"type":"Feature","properties":{"id":"DEBKGDL200014VL4","name":"Solarpark Freienwalder Chaussee","facility_type":"power_plant","facility_subtype":"thermal_power","status":"existing","source_function_code":"2530"},"geometry":{"type":"Point","coordinates":[13.751882446839979,52.64358660061623]}},{"type":"Feature","properties":{"id":"DEBKGDL200014VL0","name":"Solarpark Haselberg","facility_type":"power_plant","facility_subtype":"thermal_power","status":"existing","source_function_code":"2530"},"geometry":{"type":"Point","coordinates":[14.051977528017664,52.70548509455386]}},{"type":"Feature","properties":{"id":"DEBKGDL200014VL2","name":"Solarpark Vehlefanz","facility_type":"power_plant","facility_subtype":"thermal_power","status":"existing","source_function_code":"2530"},"geometry":{"type":"Point","coordinates":[13.1185944820185,52.70945102394268]}},{"type":"Feature","properties":{"id":"DEBKGDL200014VN0","name":"Solarpark Thöringswerder","facility_type":"power_plant","facility_subtype":"thermal_power","status":"existing","source_function_code":"2530"},"geometry":{"type":"Point","coordinates":[14.203794051717114,52.71102419848445]}},{"type":"Feature","properties":{"id":"DEBKGDL200015SA4","name":"Solarpark Neuenhagen","facility_type":"power_plant","facility_subtype":"thermal_power","status":"existing","source_function_code":"2530"},"geometry":{"type":"Point","coordinates":[13.711777641416763,52.531430913988096]}},{"type":"Feature","properties":{"id":"DEBKGDL200015SXW","name":"Solarpark Kremmen","facility_type":"power_plant","facility_subtype":"thermal_power","status":"existing","source_function_code":"2530"},"geometry":{"type":"Point","coordinates":[13.041979562951184,52.74752076870311]}},{"type":"Feature","properties":{"id":"DEBKGDL200015ZQ3","name":"Gasturbinenkraftwerk Thyrow","facility_type":"power_plant","facility_subtype":"thermal_power","status":"existing","source_function_code":"2530"},"geometry":{"type":"Point","coordinates":[13.303248828204314,52.230136232554784]}},{"type":"Feature","properties":{"id":"DEBKGDL200015ZN2","name":"Heizkraftwerk Berlin-Marzahn","facility_type":"power_plant","facility_subtype":"thermal_power","status":"existing","source_function_code":"2530"},"geometry":{"type":"Point","coordinates":[13.522174436125438,52.52397678255763]}},{"type":"Feature","properties":{"id":"DEBKGDL200015ZR6","name":"Holzheizkraftwerk Berlin-Neukölln","facility_type":"power_plant","facility_subtype":"thermal_power","status":"existing","source_function_code":"2530"},"geometry":{"type":"Point","coordinates":[13.516396448514477,52.42370868556379]}},{"type":"Feature","properties":{"id":"DEBKGDL200015ZST","name":"Heizkraftwerk Wallenroder Straße","facility_type":"power_plant","facility_subtype":"thermal_power","status":"existing","source_function_code":"2530"},"geometry":{"type":"Point","coordinates":[13.33977172858001,52.60273833969519]}},{"type":"Feature","properties":{"id":"DEBKGDL2000160S1","name":"Ersatzbrennstoff-Heizkraftwerk Eisenhüttenstadt","facility_type":"power_plant","facility_subtype":"thermal_power","status":"existing","source_function_code":"2530"},"geometry":{"type":"Point","coordinates":[14.639175295337848,52.172821824499756]}},{"type":"Feature","properties":{"id":"DEBKGDL2000160S4","name":"Industriekraftwerk Rüdersdorf","facility_type":"power_plant","facility_subtype":"thermal_power","status":"existing","source_function_code":"2530"},"geometry":{"type":"Point","coordinates":[13.830012893916873,52.4901947895824]}},{"type":"Feature","properties":{"id":"DEBKGDL200018AM5","name":"Solarpark Metzdorf","facility_type":"power_plant","facility_subtype":"thermal_power","status":"existing","source_function_code":"2530"},"geometry":{"type":"Point","coordinates":[14.157424084446737,52.654540976746254]}},{"type":"Feature","properties":{"id":"DEBKGDL200018AO7","name":"Solarpark Garzau-Garzin","facility_type":"power_plant","facility_subtype":"thermal_power","status":"existing","source_function_code":"2530"},"geometry":{"type":"Point","coordinates":[13.973949408721195,52.52706540555978]}},{"type":"Feature","properties":{"id":"DEBKGDL200018AO5","name":"Solarpark Libbenichen/Carzig","facility_type":"power_plant","facility_subtype":"thermal_power","status":"existing","source_function_code":"2530"},"geometry":{"type":"Point","coordinates":[14.446729899539672,52.47099912562894]}},{"type":"Feature","properties":{"id":"DEBKGDL200018AT7","name":"Solarpark Hinterste Plan","facility_type":"power_plant","facility_subtype":"thermal_power","status":"existing","source_function_code":"2530"},"geometry":{"type":"Point","coordinates":[13.535565790481545,52.25157691348048]}},{"type":"Feature","properties":{"id":"DEBKGDL200018AT8","name":"Solarpark Telzer Plan","facility_type":"power_plant","facility_subtype":"thermal_power","status":"existing","source_function_code":"2530"},"geometry":{"type":"Point","coordinates":[13.51462300173884,52.244794309127734]}},{"type":"Feature","properties":{"id":"DEBKGDL20001C6GQ","name":"Solarpark Fahlhorst","facility_type":"power_plant","facility_subtype":"thermal_power","status":"existing","source_function_code":"2530"},"geometry":{"type":"Point","coordinates":[13.167136005893878,52.30170510981802]}},{"type":"Feature","properties":{"id":"DEBKGDL2000124CI","name":"Solarpark Wismar","facility_type":"power_plant","facility_subtype":"thermal_power","status":"existing","source_function_code":"2530"},"geometry":{"type":"Point","coordinates":[11.485247380751638,53.898824699507806]}},{"type":"Feature","properties":{"id":"DEBKGDL200014VKV","name":"Solarpark Jännersdorf","facility_type":"power_plant","facility_subtype":"thermal_power","status":"existing","source_function_code":"2530"},"geometry":{"type":"Point","coordinates":[12.058371194955983,53.35638297628975]}},{"type":"Feature","properties":{"id":"DEBKGDL200014VMC","name":"Solarpark Flughafen Laage","facility_type":"power_plant","facility_subtype":"thermal_power","status":"existing","source_function_code":"2530"},"geometry":{"type":"Point","coordinates":[12.260201276302059,53.912411632697186]}},{"type":"Feature","properties":{"id":"DEBKGDL200014VMT","name":"Solarpark Strohkirchen","facility_type":"power_plant","facility_subtype":"thermal_power","status":"existing","source_function_code":"2530"},"geometry":{"type":"Point","coordinates":[11.355249428711403,53.39120411518936]}},{"type":"Feature","properties":{"id":"DEBKGDL200014VMY","name":"Solarpark Bandenitz","facility_type":"power_plant","facility_subtype":"thermal_power","status":"existing","source_function_code":"2530"},"geometry":{"type":"Point","coordinates":[11.28328222844852,53.4848854244689]}},{"type":"Feature","properties":{"id":"DEBKGDL2000152KR","name":"Biomasse-Heizkraftwerk Hagenow","facility_type":"power_plant","facility_subtype":"thermal_power","status":"existing","source_function_code":"2530"},"geometry":{"type":"Point","coordinates":[11.191261329377,53.41653544048574]}},{"type":"Feature","properties":{"id":"DEBKGDL200014B8U","name":"Solarpark Gnoien","facility_type":"power_plant","facility_subtype":"thermal_power","status":"existing","source_function_code":"2530"},"geometry":{"type":"Point","coordinates":[12.692349103439842,53.97802133629993]}},{"type":"Feature","properties":{"id":"DEBKGDL200014BBN","name":"Solarpark Tribsees","facility_type":"power_plant","facility_subtype":"thermal_power","status":"existing","source_function_code":"2530"},"geometry":{"type":"Point","coordinates":[12.778370572351516,54.086648919522545]}},{"type":"Feature","properties":{"id":"DEBKGDL200012436","name":"Solarpark Wiepkenhagen","facility_type":"power_plant","facility_subtype":"thermal_power","status":"existing","source_function_code":"2530"},"geometry":{"type":"Point","coordinates":[12.601619934866997,54.27841149579883]}},{"type":"Feature","properties":{"id":"DEBKGDL2000124AE","name":"Solarpark Saatel","facility_type":"power_plant","facility_subtype":"thermal_power","status":"existing","source_function_code":"2530"},"geometry":{"type":"Point","coordinates":[12.768314773998117,54.308766237011085]}},{"type":"Feature","properties":{"id":"DEBKGDL200014VMR","name":"Solarpark Stoltera","facility_type":"power_plant","facility_subtype":"thermal_power","status":"existing","source_function_code":"2530"},"geometry":{"type":"Point","coordinates":[12.019768569407463,54.17275661951359]}},{"type":"Feature","properties":{"id":"DEBKGDL200015ZS6","name":"Heizkraftwerk Schwerin-Lankow","facility_type":"power_plant","facility_subtype":"thermal_power","status":"existing","source_function_code":"2530"},"geometry":{"type":"Point","coordinates":[11.373007453641522,53.6540030909704]}},{"type":"Feature","properties":{"id":"DEBKGDL200015KW2","name":"Solarpark Plummendorf","facility_type":"power_plant","facility_subtype":"thermal_power","status":"existing","source_function_code":"2530"},"geometry":{"type":"Point","coordinates":[12.50505877394784,54.2506863484858]}},{"type":"Feature","properties":{"id":"DEBKGDL200015SVI","name":"Solarpark Kiesgrube Meyenburg","facility_type":"power_plant","facility_subtype":"thermal_power","status":"existing","source_function_code":"2530"},"geometry":{"type":"Point","coordinates":[12.229976115771688,53.33616073705461]}},{"type":"Feature","properties":{"id":"DEBKGDL200015SX1","name":"Solarpark Thunpadel","facility_type":"power_plant","facility_subtype":"thermal_power","status":"existing","source_function_code":"2530"},"geometry":{"type":"Point","coordinates":[11.032109968994046,53.08023102268166]}},{"type":"Feature","properties":{"id":"DEBKGDL200015TJ6","name":"Solarpark Lüttow-Valluhn","facility_type":"power_plant","facility_subtype":"thermal_power","status":"existing","source_function_code":"2530"},"geometry":{"type":"Point","coordinates":[10.880376878124105,53.51738339032224]}},{"type":"Feature","properties":{"id":"DEBKGDL200015ZSC","name":"Biomasse-Heizkraftwerk Malchin","facility_type":"power_plant","facility_subtype":"thermal_power","status":"existing","source_function_code":"2530"},"geometry":{"type":"Point","coordinates":[12.783232323902231,53.74185855340924]}},{"type":"Feature","properties":{"id":"DEBKGDL200016440","name":"Solarpark Warenshof","facility_type":"power_plant","facility_subtype":"thermal_power","status":"existing","source_function_code":"2530"},"geometry":{"type":"Point","coordinates":[12.63619071115908,53.538572575727954]}},{"type":"Feature","properties":{"id":"DEBKGDL2000160PI","name":"Heizkraftwerk Rostock Marienehe","facility_type":"power_plant","facility_subtype":"thermal_power","status":"existing","source_function_code":"2530"},"geometry":{"type":"Point","coordinates":[12.084604683302045,54.12741014045377]}},{"type":"Feature","properties":{"id":"DEBKGDL2000160S0","name":"Ersatzbrennstoff-Heizkraftwerk Rostock","facility_type":"power_plant","facility_subtype":"thermal_power","status":"existing","source_function_code":"2530"},"geometry":{"type":"Point","coordinates":[12.143866742953872,54.14437861923074]}},{"type":"Feature","properties":{"id":"DEBKGDL200018AN9","name":"Solarpark Kummerow","facility_type":"power_plant","facility_subtype":"thermal_power","status":"existing","source_function_code":"2530"},"geometry":{"type":"Point","coordinates":[12.896372978312415,54.30002839845875]}},{"type":"Feature","properties":{"id":"DEBKGDL200018AMZ","name":"Solarpark Purkshof","facility_type":"power_plant","facility_subtype":"thermal_power","status":"existing","source_function_code":"2530"},"geometry":{"type":"Point","coordinates":[12.21586323475438,54.166615440574546]}},{"type":"Feature","properties":{"id":"DEBKGDL200018AN3","name":"Solarpark Drechow","facility_type":"power_plant","facility_subtype":"thermal_power","status":"existing","source_function_code":"2530"},"geometry":{"type":"Point","coordinates":[12.805391572586048,54.1339829363001]}},{"type":"Feature","properties":{"id":"DEBKGDL200018AND","name":"Photovoltaikanlage Steinhausen-Hagebök","facility_type":"power_plant","facility_subtype":"thermal_power","status":"existing","source_function_code":"2530"},"geometry":{"type":"Point","coordinates":[11.607908407313287,53.949866845585916]}},{"type":"Feature","properties":{"id":"DEBKGDL200018AN5","name":"Solarpark Thürkow","facility_type":"power_plant","facility_subtype":"thermal_power","status":"existing","source_function_code":"2530"},"geometry":{"type":"Point","coordinates":[12.563135654796664,53.8318854466241]}},{"type":"Feature","properties":{"id":"DEBKGDL200018ANM","name":"Solarpark Güstrow","facility_type":"power_plant","facility_subtype":"thermal_power","status":"existing","source_function_code":"2530"},"geometry":{"type":"Point","coordinates":[12.255091648837624,53.80365085054257]}},{"type":"Feature","properties":{"id":"DEBKGDL200018ANK","name":"Solarpark Groß Roge","facility_type":"power_plant","facility_subtype":"thermal_power","status":"existing","source_function_code":"2530"},"geometry":{"type":"Point","coordinates":[12.473816171632553,53.795043152061645]}},{"type":"Feature","properties":{"id":"DEBKGDL200018ANL","name":"Solarpark Groß Stieten","facility_type":"power_plant","facility_subtype":"thermal_power","status":"existing","source_function_code":"2530"},"geometry":{"type":"Point","coordinates":[11.46355960466197,53.806593299137816]}},{"type":"Feature","properties":{"id":"DEBKGDL200018ANR","name":"Photovoltaikanlage am Bahngleis Vielist","facility_type":"power_plant","facility_subtype":"thermal_power","status":"existing","source_function_code":"2530"},"geometry":{"type":"Point","coordinates":[12.638333085641166,53.5450933487366]}},{"type":"Feature","properties":{"id":"DEBKGDL20001C6BG","name":"Solarpark Divitz","facility_type":"power_plant","facility_subtype":"thermal_power","status":"existing","source_function_code":"2530"},"geometry":{"type":"Point","coordinates":[12.703997191713466,54.34046492960447]}},{"type":"Feature","properties":{"id":"DEBKGDL20001C6BH","name":"Solarpark Schlamin","facility_type":"power_plant","facility_subtype":"thermal_power","status":"existing","source_function_code":"2530"},"geometry":{"type":"Point","coordinates":[10.869042279085438,54.172425985485944]}},{"type":"Feature","properties":{"id":"DEBKGDL20001C6IK","name":"Solarpark Karstädt","facility_type":"power_plant","facility_subtype":"thermal_power","status":"existing","source_function_code":"2530"},"geometry":{"type":"Point","coordinates":[11.738296578925791,53.1536585282982]}},{"type":"Feature","properties":{"id":"DEBKGDL20001C6IM","name":"Solarpark Techentin","facility_type":"power_plant","facility_subtype":"thermal_power","status":"existing","source_function_code":"2530"},"geometry":{"type":"Point","coordinates":[11.501604208712081,53.299530809617686]}},{"type":"Feature","properties":{"id":"DEBKGDL20001C6IN","name":"Solarpark Marnitz","facility_type":"power_plant","facility_subtype":"thermal_power","status":"existing","source_function_code":"2530"},"geometry":{"type":"Point","coordinates":[11.927350172180896,53.30421712332188]}},{"type":"Feature","properties":{"id":"DEBKGDL20001C6IP","name":"Solarpark Jännersdorf","facility_type":"power_plant","facility_subtype":"thermal_power","status":"existing","source_function_code":"2530"},"geometry":{"type":"Point","coordinates":[12.055150404988773,53.347932750989585]}},{"type":"Feature","properties":{"id":"DEBKGDL20001C6IT","name":"Solarpark Sülstorf","facility_type":"power_plant","facility_subtype":"thermal_power","status":"existing","source_function_code":"2530"},"geometry":{"type":"Point","coordinates":[11.38354914706186,53.521439256335555]}},{"type":"Feature","properties":{"id":"DEBKGDL20001C6J3","name":"Photovoltaikanlage Kieswerk Pinnow Süd","facility_type":"power_plant","facility_subtype":"thermal_power","status":"existing","source_function_code":"2530"},"geometry":{"type":"Point","coordinates":[11.533050992933017,53.581203819957764]}},{"type":"Feature","properties":{"id":"DEBKGDL20001C6J9","name":"Solarpark Strukdorf","facility_type":"power_plant","facility_subtype":"thermal_power","status":"existing","source_function_code":"2530"},"geometry":{"type":"Point","coordinates":[10.490777807094382,53.92208878538075]}},{"type":"Feature","properties":{"id":"DEBKGDL20001C6JN","name":"Solarpark Großenbrode","facility_type":"power_plant","facility_subtype":"thermal_power","status":"existing","source_function_code":"2530"},"geometry":{"type":"Point","coordinates":[11.013929748308248,54.34377422271261]}},{"type":"Feature","properties":{"id":"DEBKGDL2000124AD","name":"Solarpark Löcknitz","facility_type":"power_plant","facility_subtype":"thermal_power","status":"existing","source_function_code":"2530"},"geometry":{"type":"Point","coordinates":[14.191145847260064,53.461655737619395]}},{"type":"Feature","properties":{"id":"DEBKGDL2000124XV","name":"Solarpark Anklam","facility_type":"power_plant","facility_subtype":"thermal_power","status":"existing","source_function_code":"2530"},"geometry":{"type":"Point","coordinates":[13.666653711955194,53.83496054695287]}},{"type":"Feature","properties":{"id":"DEBKGDL200014VM5","name":"Solarpark Friedland Schwarzer Weg","facility_type":"power_plant","facility_subtype":"thermal_power","status":"existing","source_function_code":"2530"},"geometry":{"type":"Point","coordinates":[13.537257561934174,53.67316431183014]}},{"type":"Feature","properties":{"id":"DEBKGDL200014VMV","name":"Solarpark Lebbin","facility_type":"power_plant","facility_subtype":"thermal_power","status":"existing","source_function_code":"2530"},"geometry":{"type":"Point","coordinates":[13.227663805576732,53.626726016895134]}},{"type":"Feature","properties":{"id":"DEBKGDL200014VMJ","name":"Solarpark Woggersin","facility_type":"power_plant","facility_subtype":"thermal_power","status":"existing","source_function_code":"2530"},"geometry":{"type":"Point","coordinates":[13.226223747734318,53.601798951106154]}},{"type":"Feature","properties":{"id":"DEBKGDL200014VMO","name":"Solarparks Blumenthal","facility_type":"power_plant","facility_subtype":"thermal_power","status":"existing","source_function_code":"2530"},"geometry":{"type":"Point","coordinates":[13.910414284411296,53.673008398154714]}},{"type":"Feature","properties":{"id":"DEBKGDL200014VMP","name":"Solarpark am Haff","facility_type":"power_plant","facility_subtype":"thermal_power","status":"existing","source_function_code":"2530"},"geometry":{"type":"Point","coordinates":[14.077838962294091,53.71958118204108]}},{"type":"Feature","properties":{"id":"DEBKGDL200014WOY","name":"Solarpark Lindenhof","facility_type":"power_plant","facility_subtype":"thermal_power","status":"existing","source_function_code":"2530"},"geometry":{"type":"Point","coordinates":[13.326822030102878,53.51914849091331]}},{"type":"Feature","properties":{"id":"DEBKGDL200015JWF","name":"Solarpark Hohenmin","facility_type":"power_plant","facility_subtype":"thermal_power","status":"existing","source_function_code":"2530"},"geometry":{"type":"Point","coordinates":[13.291901105064053,53.63526348505598]}},{"type":"Feature","properties":{"id":"DEBKGDL200015KNW","name":"Solarpark Woldegk","facility_type":"power_plant","facility_subtype":"thermal_power","status":"existing","source_function_code":"2530"},"geometry":{"type":"Point","coordinates":[13.564817043344812,53.45979528518308]}},{"type":"Feature","properties":{"id":"DEBKGDL200014VKR","name":"Solarpark Vierraden","facility_type":"power_plant","facility_subtype":"thermal_power","status":"existing","source_function_code":"2530"},"geometry":{"type":"Point","coordinates":[14.284281652173831,53.09038902169927]}},{"type":"Feature","properties":{"id":"DEBKGDL200014VMU","name":"Solarpark Hildebrandshagen","facility_type":"power_plant","facility_subtype":"thermal_power","status":"existing","source_function_code":"2530"},"geometry":{"type":"Point","coordinates":[13.1536409319392,54.17847951927525]}},{"type":"Feature","properties":{"id":"DEBKGDL200014VMQ","name":"Photovoltaikanlage Hohendorf-Pritzier","facility_type":"power_plant","facility_subtype":"thermal_power","status":"existing","source_function_code":"2530"},"geometry":{"type":"Point","coordinates":[13.715081694042508,54.02689412459878]}},{"type":"Feature","properties":{"id":"DEBKGDL200014VM8","name":"Solarpark Leussin","facility_type":"power_plant","facility_subtype":"thermal_power","status":"existing","source_function_code":"2530"},"geometry":{"type":"Point","coordinates":[13.298823162447485,53.94611079258136]}},{"type":"Feature","properties":{"id":"DEBKGDL200015ZSZ","name":"Biomasseheizkraftwerk Neustrelitz","facility_type":"power_plant","facility_subtype":"thermal_power","status":"existing","source_function_code":"2530"},"geometry":{"type":"Point","coordinates":[13.089657305546037,53.36180475035818]}},{"type":"Feature","properties":{"id":"DEBKGDL20001605S","name":"Kraftwerk Schwedt-Kuhheide","facility_type":"power_plant","facility_subtype":"thermal_power","status":"existing","source_function_code":"2530"},"geometry":{"type":"Point","coordinates":[14.322689662658087,53.085137700481646]}},{"type":"Feature","properties":{"id":"DEBKGDL200018AN6","name":"Solarpark Kluiser Dreieck","facility_type":"power_plant","facility_subtype":"thermal_power","status":"existing","source_function_code":"2530"},"geometry":{"type":"Point","coordinates":[13.299242573552426,54.47044768019771]}},{"type":"Feature","properties":{"id":"DEBKGDL200018AN7","name":"Photovoltaikanlage Behrenhoff, Kammin","facility_type":"power_plant","facility_subtype":"thermal_power","status":"existing","source_function_code":"2530"},"geometry":{"type":"Point","coordinates":[13.40636548064829,53.972732129050065]}},{"type":"Feature","properties":{"id":"DEBKGDL200018ANB","name":"Solarpark Neppermin","facility_type":"power_plant","facility_subtype":"thermal_power","status":"existing","source_function_code":"2530"},"geometry":{"type":"Point","coordinates":[14.032153621300521,53.92177818135058]}},{"type":"Feature","properties":{"id":"DEBKGDL200018ANI","name":"Solarpark Friedland Bresewitz","facility_type":"power_plant","facility_subtype":"thermal_power","status":"existing","source_function_code":"2530"},"geometry":{"type":"Point","coordinates":[13.523153136041419,53.691911421145555]}},{"type":"Feature","properties":{"id":"DEBKGDL200018ANT","name":"Solarpark Hellfeld","facility_type":"power_plant","facility_subtype":"thermal_power","status":"existing","source_function_code":"2530"},"geometry":{"type":"Point","coordinates":[13.283808359559726,53.59481379082112]}},{"type":"Feature","properties":{"id":"DEBKGDL200018ANS","name":"Photovoltaikanlage Bahn Helpt","facility_type":"power_plant","facility_subtype":"thermal_power","status":"existing","source_function_code":"2530"},"geometry":{"type":"Point","coordinates":[13.60136816211593,53.512180678883155]}},{"type":"Feature","properties":{"id":"DEBKGDL200018AO1","name":"Photovoltaikanlage Cammin","facility_type":"power_plant","facility_subtype":"thermal_power","status":"existing","source_function_code":"2530"},"geometry":{"type":"Point","coordinates":[13.288654326337422,53.431787092916736]}},{"type":"Feature","properties":{"id":"DEBKGDL20001BAZ9","name":"Solarthermieanlage am Helmshäger Berg","facility_type":"power_plant","facility_subtype":"thermal_power","status":"existing","source_function_code":"2530"},"geometry":{"type":"Point","coordinates":[13.402501409534173,54.070453408367214]}},{"type":"Feature","properties":{"id":"DEBKGDL20001C6IL","name":"Solarpark Nadrensee","facility_type":"power_plant","facility_subtype":"thermal_power","status":"existing","source_function_code":"2530"},"geometry":{"type":"Point","coordinates":[14.325631214266648,53.325797249851526]}},{"type":"Feature","properties":{"id":"DEBKGDL20001C6IR","name":"Solarpark Sophienhof","facility_type":"power_plant","facility_subtype":"thermal_power","status":"existing","source_function_code":"2530"},"geometry":{"type":"Point","coordinates":[13.020340918111286,53.39113383435927]}},{"type":"Feature","properties":{"id":"DEBKGDL20001C6J5","name":"Photovoltaikanlage Stiftshof","facility_type":"power_plant","facility_subtype":"thermal_power","status":"existing","source_function_code":"2530"},"geometry":{"type":"Point","coordinates":[14.051747747560961,53.52004744380005]}},{"type":"Feature","properties":{"id":"DEBKGDL20001C6J4","name":"Photovoltaikanlage Alte Klärteiche Zuckerfabrik","facility_type":"power_plant","facility_subtype":"thermal_power","status":"existing","source_function_code":"2530"},"geometry":{"type":"Point","coordinates":[13.55852659697482,53.68062557469857]}},{"type":"Feature","properties":{"id":"DEBKGDL20001C6J6","name":"Solarpark Eggesin-Karpin","facility_type":"power_plant","facility_subtype":"thermal_power","status":"existing","source_function_code":"2530"},"geometry":{"type":"Point","coordinates":[14.11568153113545,53.660394027623184]}},{"type":"Feature","properties":{"id":"DEBKGDL20001C6JM","name":"Solarpark Spülfeld Peenemünde","facility_type":"power_plant","facility_subtype":"thermal_power","status":"existing","source_function_code":"2530"},"geometry":{"type":"Point","coordinates":[13.771113091078197,54.14647773681776]}},{"type":"Feature","properties":{"id":"DEBKGDL20001C92B","name":"Solarpark Borna","facility_type":"power_plant","facility_subtype":"thermal_power","status":"existing","source_function_code":"2530"},"geometry":{"type":"Point","coordinates":[12.516563971799938,51.13474403003736]}},{"type":"Feature","properties":{"id":"DEBKGDL20000JD7B","name":"Kraftwerk Erfurt","facility_type":"power_plant","facility_subtype":"thermal_power","status":"existing","source_function_code":"2530"},"geometry":{"type":"Point","coordinates":[11.039378799809626,51.01803719955566]}},{"type":"Feature","properties":{"id":"DEBKGDL20000JCEK","name":"Müllkraftwerk Hafen","facility_type":"power_plant","facility_subtype":"thermal_power","status":"existing","source_function_code":"2530"},"geometry":{"type":"Point","coordinates":[8.727254560666417,53.12406622992662]}},{"type":"Feature","properties":{"id":"DEBKGDL2000152HE","name":"Kraftwerk Stuttgart-Münster","facility_type":"power_plant","facility_subtype":"thermal_power","status":"existing","source_function_code":"2530"},"geometry":{"type":"Point","coordinates":[9.220326292875995,48.81495374569372]}},{"type":"Feature","properties":{"id":"DEBKGDL200015ZQM","name":"Heizkraftwerk II Oberhausen","facility_type":"power_plant","facility_subtype":"thermal_power","status":"existing","source_function_code":"2530"},"geometry":{"type":"Point","coordinates":[6.846867119337752,51.51134958345038]}},{"type":"Feature","properties":{"id":"DEBKGDL20000JCQQ","name":"Heizkraftwerk Sandreuth","facility_type":"power_plant","facility_subtype":"thermal_power","status":"existing","source_function_code":"2530"},"geometry":{"type":"Point","coordinates":[11.060358240463783,49.43727585506407]}},{"type":"Feature","properties":{"id":"DEBKGDL20000JD3U","name":"Kraftwerk Emden","facility_type":"power_plant","facility_subtype":"thermal_power","status":"existing","source_function_code":"2530"},"geometry":{"type":"Point","coordinates":[7.206118442731088,53.34123165284478]}},{"type":"Feature","properties":{"id":"DEBKGDL20000JD73","name":"Heizkraftwerk Cottbus","facility_type":"power_plant","facility_subtype":"thermal_power","status":"existing","source_function_code":"2530"},"geometry":{"type":"Point","coordinates":[14.370261134346373,51.7603432821448]}},{"type":"Feature","properties":{"id":"DEBKGDL2000152HU","name":"Heizkraftwerk West Karlsruhe","facility_type":"power_plant","facility_subtype":"thermal_power","status":"existing","source_function_code":"2530"},"geometry":{"type":"Point","coordinates":[8.347231640836704,49.01302689872979]}},{"type":"Feature","properties":{"id":"DEBKGDL20001C6WO","name":"Wärmekraftwerk Dortmund","facility_type":"power_plant","facility_subtype":"thermal_power","status":"existing","source_function_code":"2530"},"geometry":{"type":"Point","coordinates":[7.443191782764654,51.5445781775185]}},{"type":"Feature","properties":{"id":"DEBKGDL20001604Z","name":"Müllheizkraftwerk Pirmasens II","facility_type":"power_plant","facility_subtype":"thermal_power","status":"existing","source_function_code":"2530"},"geometry":{"type":"Point","coordinates":[7.596927684774651,49.22886714024723]}},{"type":"Feature","properties":{"id":"DEBKGDL20000JD0Y","name":"Heizkraftwerk Süd München","facility_type":"power_plant","facility_subtype":"thermal_power","status":"existing","source_function_code":"2530"},"geometry":{"type":"Point","coordinates":[11.55622592957411,48.11416903410704]}},{"type":"Feature","properties":{"id":"DEBKGDL2000152S4","name":"Heizkraftwerk Schwarza","facility_type":"power_plant","facility_subtype":"thermal_power","status":"existing","source_function_code":"2530"},"geometry":{"type":"Point","coordinates":[11.329123929926695,50.686278885607635]}},{"type":"Feature","properties":{"id":"DEBKGDL2000160X7","name":"Abfallverbrennungsanlage Hameln","facility_type":"power_plant","facility_subtype":"thermal_power","status":"existing","source_function_code":"2530"},"geometry":{"type":"Point","coordinates":[9.38868641053877,52.09829518003533]}},{"type":"Feature","properties":{"id":"DEBKGDL20001C6WR","name":"Heizkraftwerk Frankfurt (Oder)","facility_type":"power_plant","facility_subtype":"thermal_power","status":"existing","source_function_code":"2530"},"geometry":{"type":"Point","coordinates":[14.532337658081639,52.31865040967084]}},{"type":"Feature","properties":{"id":"DEBKGDL20001C6WQ","name":"Heizkraftwerk Pforzheim","facility_type":"power_plant","facility_subtype":"thermal_power","status":"existing","source_function_code":"2530"},"geometry":{"type":"Point","coordinates":[8.72552195812946,48.89652172274362]}},{"type":"Feature","properties":{"id":"DEBKGDL2000152NT","name":"Kraftwerk VI Chemiepark Marl","facility_type":"power_plant","facility_subtype":"thermal_power","status":"existing","source_function_code":"2530"},"geometry":{"type":"Point","coordinates":[7.10094560317255,51.684966473529016]}},{"type":"Feature","properties":{"id":"DEBKGDL20001C6WS","name":"Kraftwerk Ludwigshafen","facility_type":"power_plant","facility_subtype":"thermal_power","status":"existing","source_function_code":"2530"},"geometry":{"type":"Point","coordinates":[8.425982207274513,49.503369623758694]}},{"type":"Feature","properties":{"id":"DEBKGDL20001C6WX","name":"Kraftwerk VII Chemiepark Marl","facility_type":"power_plant","facility_subtype":"thermal_power","status":"existing","source_function_code":"2530"},"geometry":{"type":"Point","coordinates":[7.0860572696861075,51.68353967178057]}},{"type":"Feature","properties":{"id":"DEBKGDL20001C6WY","name":"Kraftwerk III Chemiepark Marl","facility_type":"power_plant","facility_subtype":"thermal_power","status":"existing","source_function_code":"2530"},"geometry":{"type":"Point","coordinates":[7.07779245587367,51.690368870304155]}},{"type":"Feature","properties":{"id":"DEBKGDL20001C6WZ","name":"Kraftwerk IV Chemiepark Marl","facility_type":"power_plant","facility_subtype":"thermal_power","status":"existing","source_function_code":"2530"},"geometry":{"type":"Point","coordinates":[7.090794734023253,51.68869015601997]}},{"type":"Feature","properties":{"id":"DEBKGDL20001C6X0","name":"Motor-Heizkraftwerk Chemnitz-Nord","facility_type":"power_plant","facility_subtype":"thermal_power","status":"existing","source_function_code":"2530"},"geometry":{"type":"Point","coordinates":[12.922097135172297,50.854487231527415]}},{"type":"Feature","properties":{"id":"DEBKGDL2000152HT","name":"Kraftwerk Marbach","facility_type":"power_plant","facility_subtype":"thermal_power","status":"existing","source_function_code":"2530"},"geometry":{"type":"Point","coordinates":[9.230199552587077,48.92750260537563]}},{"type":"Feature","properties":{"id":"DEBKGDL2000160PD","name":"Kraftwerk Fab Frechen","facility_type":"power_plant","facility_subtype":"thermal_power","status":"existing","source_function_code":"2530"},"geometry":{"type":"Point","coordinates":[6.7911806562936725,50.897593031347434]}},{"type":"Feature","properties":{"id":"DEBKGDL20000JD3L","name":"Kraftwerk Dortmund","facility_type":"power_plant","facility_subtype":"thermal_power","status":"existing","source_function_code":"2530"},"geometry":{"type":"Point","coordinates":[7.4766709976238825,51.518992606321035]}},{"type":"Feature","properties":{"id":"DEBKGDL20000JBWP","name":"Kraftwerk Walsum 10","facility_type":"power_plant","facility_subtype":"thermal_power","status":"existing","source_function_code":"2530"},"geometry":{"type":"Point","coordinates":[6.712565785490348,51.52840489026314]}},{"type":"Feature","properties":{"id":"DEBKGDL20000PDXE","name":"Pumpspeicherwerk Niederwartha","facility_type":"power_plant","facility_subtype":"thermal_power","status":"existing","source_function_code":"2530"},"geometry":{"type":"Point","coordinates":[13.610433058748843,51.09126828858313]}},{"type":"Feature","properties":{"id":"DEBKGDL20000JCDT","name":"Kraftwerk Rostock","facility_type":"power_plant","facility_subtype":"thermal_power","status":"existing","source_function_code":"2530"},"geometry":{"type":"Point","coordinates":[12.13128727134765,54.14185937609961]}},{"type":"Feature","properties":{"id":"DEBKGDL20000JDJD","name":"Heizkraftwerk Köln-Niehl","facility_type":"power_plant","facility_subtype":"thermal_power","status":"existing","source_function_code":"2530"},"geometry":{"type":"Point","coordinates":[6.987300609874939,50.974526698573]}},{"type":"Feature","properties":{"id":"DEBKGDL20001605K","name":"Kraftwerk Knapsack II","facility_type":"power_plant","facility_subtype":"thermal_power","status":"existing","source_function_code":"2530"},"geometry":{"type":"Point","coordinates":[6.848039805476193,50.86146921506592]}},{"type":"Feature","properties":{"id":"DEBKGDL20000JCSZ","name":"Kraftwerk Herdecke","facility_type":"power_plant","facility_subtype":"thermal_power","status":"existing","source_function_code":"2530"},"geometry":{"type":"Point","coordinates":[7.4153860324054355,51.40279567577966]}},{"type":"Feature","properties":{"id":"DEBKGDL20001C750","name":"Kraftwerk Werdohl-Elverlingsen","facility_type":"power_plant","facility_subtype":"thermal_power","status":"existing","source_function_code":"2530"},"geometry":{"type":"Point","coordinates":[7.705527310718923,51.27753254489776]}},{"type":"Feature","properties":{"id":"DEBKGDL20000PDXC","name":"Pumpspeicherwerk Erzhausen","facility_type":"power_plant","facility_subtype":"thermal_power","status":"existing","source_function_code":"2530"},"geometry":{"type":"Point","coordinates":[9.92549611025213,51.899517453979406]}},{"type":"Feature","properties":{"id":"DEBKGDL200012AYP","name":"Kraftwerk Fab Berrenrath","facility_type":"power_plant","facility_subtype":"thermal_power","status":"existing","source_function_code":"2530"},"geometry":{"type":"Point","coordinates":[6.826471785232158,50.865002124917346]}},{"type":"Feature","properties":{"id":"DEBKGDL20001C76M","name":"Kraftwerk Salzgitter","facility_type":"power_plant","facility_subtype":"thermal_power","status":"existing","source_function_code":"2530"},"geometry":{"type":"Point","coordinates":[10.390063954225894,52.15460106409431]}},{"type":"Feature","properties":{"id":"DEBKGDL200016MSU","name":"Kraftwerk Dormagen","facility_type":"power_plant","facility_subtype":"thermal_power","status":"existing","source_function_code":"2530"},"geometry":{"type":"Point","coordinates":[6.828722738650287,51.07929251822101]}},{"type":"Feature","properties":{"id":"DEBKGDL20000JCS9","name":"Kraftwerk Walheim","facility_type":"power_plant","facility_subtype":"thermal_power","status":"existing","source_function_code":"2530"},"geometry":{"type":"Point","coordinates":[9.157587889138401,49.01744070950439]}},{"type":"Feature","properties":{"id":"DEBKGDL20000JD3J","name":"Heizkraftwerk Hastedt","facility_type":"power_plant","facility_subtype":"thermal_power","status":"existing","source_function_code":"2530"},"geometry":{"type":"Point","coordinates":[8.872589967945347,53.05995126140273]}},{"type":"Feature","properties":{"id":"DEBKGDL20000JD13","name":"Heizkraftwerk Wolfsburg West","facility_type":"power_plant","facility_subtype":"thermal_power","status":"existing","source_function_code":"2530"},"geometry":{"type":"Point","coordinates":[10.764290190083251,52.44220849728546]}},{"type":"Feature","properties":{"id":"DEBKGDL200014GOY","name":"Heizkraftwerk Elberfeld","facility_type":"power_plant","facility_subtype":"thermal_power","status":"existing","source_function_code":"2530"},"geometry":{"type":"Point","coordinates":[7.118506032903631,51.248200501746645]}},{"type":"Feature","properties":{"id":"DEBKGDL20001C77I","name":"Kernkraftwerk Krümmel","facility_type":"power_plant","facility_subtype":"thermal_power","status":"existing","source_function_code":"2530"},"geometry":{"type":"Point","coordinates":[10.410266586296784,53.41130886543924]}},{"type":"Feature","properties":{"id":"DEBKGDL20000JBVR","name":"Pumpspeicherwerk Hohenwarte II","facility_type":"power_plant","facility_subtype":"thermal_power","status":"existing","source_function_code":"2530"},"geometry":{"type":"Point","coordinates":[11.47468022638831,50.604055440138275]}},{"type":"Feature","properties":{"id":"DEBKGDL200016SJX","name":"Wasserkraftwerk Passau-Ingling","facility_type":"power_plant","facility_subtype":"thermal_power","status":"existing","source_function_code":"2530"},"geometry":{"type":"Point","coordinates":[13.434955316612808,48.553540703590784]}},{"type":"Feature","properties":{"id":"DEBKGDL200016057","name":"Müllverwertungsanlage Ingolstadt","facility_type":"power_plant","facility_subtype":"thermal_power","status":"existing","source_function_code":"2530"},"geometry":{"type":"Point","coordinates":[11.491831635697883,48.764483063630145]}},{"type":"Feature","properties":{"id":"DEBKGDL2000152NM","name":"Heizkraftwerk Hamborn","facility_type":"power_plant","facility_subtype":"thermal_power","status":"existing","source_function_code":"2530"},"geometry":{"type":"Point","coordinates":[6.727612168403337,51.491018074522415]}},{"type":"Feature","properties":{"id":"DEBKGDL20001C77O","name":"Kraftwerk ArcelorMittal Eisenhüttenstadt","facility_type":"power_plant","facility_subtype":"thermal_power","status":"existing","source_function_code":"2530"},"geometry":{"type":"Point","coordinates":[14.634603035792475,52.162524542125155]}},{"type":"Feature","properties":{"id":"DEBKGDL200016MT4","name":"Wasserkraftwerk Roßhaupten","facility_type":"power_plant","facility_subtype":"thermal_power","status":"existing","source_function_code":"2530"},"geometry":{"type":"Point","coordinates":[10.749612182240849,47.654582952076936]}},{"type":"Feature","properties":{"id":"DEBKGDL2000152NU","name":"Müllheizkraftwerk Wuppertal","facility_type":"power_plant","facility_subtype":"thermal_power","status":"existing","source_function_code":"2530"},"geometry":{"type":"Point","coordinates":[7.142357665966218,51.22490241423896]}},{"type":"Feature","properties":{"id":"DEBKGDL20000JDK7","name":"Heizkraftwerk Hafen Münster","facility_type":"power_plant","facility_subtype":"thermal_power","status":"existing","source_function_code":"2530"},"geometry":{"type":"Point","coordinates":[7.64087476331617,51.95077026522875]}},{"type":"Feature","properties":{"id":"DEBKGDL200016SJN","name":"Wasserkraftwerk Egglfing-Obernberg","facility_type":"power_plant","facility_subtype":"thermal_power","status":"existing","source_function_code":"2530"},"geometry":{"type":"Point","coordinates":[13.319159217376669,48.31899310436086]}},{"type":"Feature","properties":{"id":"DEBKGDL200016MT6","name":"Wasserkraftwerk Kachlet","facility_type":"power_plant","facility_subtype":"thermal_power","status":"existing","source_function_code":"2530"},"geometry":{"type":"Point","coordinates":[13.408277560676154,48.58036004431518]}},{"type":"Feature","properties":{"id":"DEBKGDL200015ZS3","name":"Heizkraftwerk Hagen-Kabel","facility_type":"power_plant","facility_subtype":"thermal_power","status":"existing","source_function_code":"2530"},"geometry":{"type":"Point","coordinates":[7.489920770483042,51.411438376056765]}},{"type":"Feature","properties":{"id":"DEBKGDL200016MTI","name":"Wasserkraftwerk Jochenstein","facility_type":"power_plant","facility_subtype":"thermal_power","status":"existing","source_function_code":"2530"},"geometry":{"type":"Point","coordinates":[13.709846588023623,48.51890742477545]}},{"type":"Feature","properties":{"id":"DEBKGDL20001605L","name":"Kraftwerk Heringen","facility_type":"power_plant","facility_subtype":"thermal_power","status":"existing","source_function_code":"2530"},"geometry":{"type":"Point","coordinates":[10.000982772507705,50.89388010128828]}},{"type":"Feature","properties":{"id":"DEBKGDL2000189TY","name":"Gemeinschaftskraftwerk Hannover I und II","facility_type":"power_plant","facility_subtype":"thermal_power","status":"existing","source_function_code":"2530"},"geometry":{"type":"Point","coordinates":[9.647842307957706,52.4203627264391]}},{"type":"Feature","properties":{"id":"DEBKGDL20000JD7O","name":"Heizkraftwerk Halle-Dieselstraße","facility_type":"power_plant","facility_subtype":"thermal_power","status":"existing","source_function_code":"2530"},"geometry":{"type":"Point","coordinates":[11.992271467426166,51.45877656744929]}},{"type":"Feature","properties":{"id":"DEBKGDL2000152R6","name":"Heizkraftwerk Leipzig Nord","facility_type":"power_plant","facility_subtype":"thermal_power","status":"existing","source_function_code":"2530"},"geometry":{"type":"Point","coordinates":[12.378630316114114,51.35128781145063]}},{"type":"Feature","properties":{"id":"DEBKGDL200016MT1","name":"Raffineriekraftwerk Schwedt","facility_type":"power_plant","facility_subtype":"thermal_power","status":"existing","source_function_code":"2530"},"geometry":{"type":"Point","coordinates":[14.23594802657535,53.096134869397865]}},{"type":"Feature","properties":{"id":"DEBKGDL20001605V","name":"MüllverbrennungsanlageStavenhagen","facility_type":"power_plant","facility_subtype":"thermal_power","status":"existing","source_function_code":"2530"},"geometry":{"type":"Point","coordinates":[12.909081337661453,53.706810706449794]}},{"type":"Feature","properties":{"id":"DEBKGDL2000152S1","name":"Grubenheizkraftwerk Amsdorf","facility_type":"power_plant","facility_subtype":"thermal_power","status":"existing","source_function_code":"2530"},"geometry":{"type":"Point","coordinates":[11.718071965095278,51.461696265820066]}},{"type":"Feature","properties":{"id":"DEBKGDL200015ZN3","name":"Ersatzbrennstoffkraftwerk Großräschen","facility_type":"power_plant","facility_subtype":"thermal_power","status":"existing","source_function_code":"2530"},"geometry":{"type":"Point","coordinates":[13.976490340177772,51.581103318566704]}},{"type":"Feature","properties":{"id":"DEBKGDL2000152KP","name":"Heizkraftwerk Schwerin-Süd","facility_type":"power_plant","facility_subtype":"thermal_power","status":"existing","source_function_code":"2530"},"geometry":{"type":"Point","coordinates":[11.395887143444655,53.57823467432781]}},{"type":"Feature","properties":{"id":"DEBKGDL20000JD11","name":"Heizkraftwerk Berlin-Lichterfelde","facility_type":"power_plant","facility_subtype":"thermal_power","status":"existing","source_function_code":"2530"},"geometry":{"type":"Point","coordinates":[13.309152780320806,52.424492808721936]}},{"type":"Feature","properties":{"id":"DEBKGDL20000JD0X","name":"Heizkraftwerk Berlin-Moabit","facility_type":"power_plant","facility_subtype":"thermal_power","status":"existing","source_function_code":"2530"},"geometry":{"type":"Point","coordinates":[13.34748183060756,52.53751531090126]}},{"type":"Feature","properties":{"id":"DEBKGDL20000JCRY","name":"Pumpspeicherkraftwerk Waldshut","facility_type":"power_plant","facility_subtype":"thermal_power","status":"existing","source_function_code":"2530"},"geometry":{"type":"Point","coordinates":[8.192622704303162,47.617897598330934]}},{"type":"Feature","properties":{"id":"DEBKGDL20000JD60","name":"Pumpspeicherwerk Säckingen","facility_type":"power_plant","facility_subtype":"thermal_power","status":"existing","source_function_code":"2530"},"geometry":{"type":"Point","coordinates":[7.953728734975028,47.564692390555344]}},{"type":"Feature","properties":{"id":"DEBKGDL200015ZSD","name":"Kraftwerk Düsseldorf Behrenstraße","facility_type":"power_plant","facility_subtype":"thermal_power","status":"existing","source_function_code":"2530"},"geometry":{"type":"Point","coordinates":[6.81452368104865,51.22429509759479]}},{"type":"Feature","properties":{"id":"DEBKGDL20000JCSU","name":"Kernkraftwerk Rheinsberg","facility_type":"power_plant","facility_subtype":"thermal_power","status":"existing","source_function_code":"2530"},"geometry":{"type":"Point","coordinates":[12.990935071547838,53.14730257251123]}},{"type":"Feature","properties":{"id":"DEBKGDL20000PDXH","name":"Pumpspeicherwerk Glems","facility_type":"power_plant","facility_subtype":"thermal_power","status":"existing","source_function_code":"2530"},"geometry":{"type":"Point","coordinates":[9.287005995236054,48.50513432684358]}},{"type":"Feature","properties":{"id":"DEBKGDL20000JD66","name":"Pumpspeicherkraftwerk Wehr","facility_type":"power_plant","facility_subtype":"thermal_power","status":"existing","source_function_code":"2530"},"geometry":{"type":"Point","coordinates":[7.926895908095629,47.65222979496081]}},{"type":"Feature","properties":{"id":"DEBKGDL20000JD14","name":"Heizkraftwerk Frankfurt West","facility_type":"power_plant","facility_subtype":"thermal_power","status":"existing","source_function_code":"2530"},"geometry":{"type":"Point","coordinates":[8.653412393278808,50.0981139072345]}},{"type":"Feature","properties":{"id":"DEBKGDL20000JCQP","name":"Wasserkraftwerk Hemfurth","facility_type":"power_plant","facility_subtype":"thermal_power","status":"existing","source_function_code":"2530"},"geometry":{"type":"Point","coordinates":[9.058338837065849,51.18268852565475]}},{"type":"Feature","properties":{"id":"DEBKGDL200016MT5","name":"Rheinkraftwerk Iffezheim","facility_type":"power_plant","facility_subtype":"thermal_power","status":"existing","source_function_code":"2530"},"geometry":{"type":"Point","coordinates":[8.108021813369636,48.832051272685725]}},{"type":"Feature","properties":{"id":"DEBKGDL200015ZQU","name":"Müllheizkraftwerk Ulm-Donautal","facility_type":"power_plant","facility_subtype":"thermal_power","status":"existing","source_function_code":"2530"},"geometry":{"type":"Point","coordinates":[9.955180557049605,48.36418671919778]}},{"type":"Feature","properties":{"id":"DEBKGDL20001604U","name":"Thermische Restabfallbehandlungs- und Energieerzeugungsanlage Breisgau","facility_type":"power_plant","facility_subtype":"thermal_power","status":"existing","source_function_code":"2530"},"geometry":{"type":"Point","coordinates":[7.6163132117998025,47.89043936237756]}},{"type":"Feature","properties":{"id":"DEBKGDL20001604W","name":"Thermische Abfallverwertungsanlage Göppingen","facility_type":"power_plant","facility_subtype":"thermal_power","status":"existing","source_function_code":"2530"},"geometry":{"type":"Point","coordinates":[9.67103581660864,48.68264205362237]}},{"type":"Feature","properties":{"id":"DEBKGDL200014GOA","name":"Heizkraftwerk Berlin-Mitte","facility_type":"power_plant","facility_subtype":"thermal_power","status":"existing","source_function_code":"2530"},"geometry":{"type":"Point","coordinates":[13.420296491238075,52.51137652924484]}},{"type":"Feature","properties":{"id":"DEBKGDL2000122ZP","name":"Rudolf-Fettweis-Werk","facility_type":"power_plant","facility_subtype":"thermal_power","status":"existing","source_function_code":"2530"},"geometry":{"type":"Point","coordinates":[8.352771883671997,48.667996500308995]}},{"type":"Feature","properties":{"id":"DEBKGDL200014GOX","name":"Kraftwerk Römerbrücke","facility_type":"power_plant","facility_subtype":"thermal_power","status":"existing","source_function_code":"2530"},"geometry":{"type":"Point","coordinates":[7.015507504739264,49.22423905422587]}},{"type":"Feature","properties":{"id":"DEBKGDL20000PDVW","name":"Pumpspeicherkraftwerk Langenprozelten","facility_type":"power_plant","facility_subtype":"thermal_power","status":"existing","source_function_code":"2530"},"geometry":{"type":"Point","coordinates":[9.581902588000629,50.05326762765619]}},{"type":"Feature","properties":{"id":"DEBKGDL200018CJH","name":"Wasserkraftwerk Rheinfelden","facility_type":"power_plant","facility_subtype":"thermal_power","status":"existing","source_function_code":"2530"},"geometry":{"type":"Point","coordinates":[7.811172015422416,47.56953314242607]}},{"type":"Feature","properties":{"id":"DEBKGDL20000PQ35","name":"Pumpspeicherwerk Tanzmühle","facility_type":"power_plant","facility_subtype":"thermal_power","status":"existing","source_function_code":"2530"},"geometry":{"type":"Point","coordinates":[12.280465724848087,49.55163095979139]}},{"type":"Feature","properties":{"id":"DEBKGDL200012Q89","name":"Geothermiekraftwerk Insheim","facility_type":"power_plant","facility_subtype":"thermal_power","status":"existing","source_function_code":"2530"},"geometry":{"type":"Point","coordinates":[8.153131161579092,49.15412720526135]}},{"type":"Feature","properties":{"id":"DEBKGDL200012Q7B","name":"Geothermiekraftwerk Kirchweidach","facility_type":"power_plant","facility_subtype":"thermal_power","status":"existing","source_function_code":"2530"},"geometry":{"type":"Point","coordinates":[12.645626616342847,48.09957586765874]}},{"type":"Feature","properties":{"id":"DEBKGDL20001C9S5","name":"Geothermiekraftwerk Holzkirchen","facility_type":"power_plant","facility_subtype":"thermal_power","status":"existing","source_function_code":"2530"},"geometry":{"type":"Point","coordinates":[11.718743615037447,47.882892588666884]}},{"type":"Feature","properties":{"id":"DEBKGDL20000PQ37","name":"Pumpspeicherwerk Reisach","facility_type":"power_plant","facility_subtype":"thermal_power","status":"existing","source_function_code":"2530"},"geometry":{"type":"Point","coordinates":[12.28456454879511,49.530257385048884]}},{"type":"Feature","properties":{"id":"DEBKGDL20001C7BZ","name":"Geothermiekraftwerk Bruck","facility_type":"power_plant","facility_subtype":"thermal_power","status":"existing","source_function_code":"2530"},"geometry":{"type":"Point","coordinates":[12.570680334328422,48.118366367408896]}},{"type":"Feature","properties":{"id":"DEBKGDL200012Q8B","name":"Geox-Geothermie Landau","facility_type":"power_plant","facility_subtype":"thermal_power","status":"existing","source_function_code":"2530"},"geometry":{"type":"Point","coordinates":[8.123023209521886,49.18636458575852]}},{"type":"Feature","properties":{"id":"DEBKGDL200015ZSG","name":"Biomassekraftwerk Königs Wusterhausen","facility_type":"power_plant","facility_subtype":"thermal_power","status":"existing","source_function_code":"2530"},"geometry":{"type":"Point","coordinates":[13.636307598979965,52.30472034631502]}},{"type":"Feature","properties":{"id":"DEBKGDL200015ZQT","name":"Biomasseheizkraftwerk Borsigstraße Holz 24","facility_type":"power_plant","facility_subtype":"thermal_power","status":"existing","source_function_code":"2530"},"geometry":{"type":"Point","coordinates":[10.073520968089161,53.53160902876965]}},{"type":"Feature","properties":{"id":"DEBKGDL200010R83","name":"Biomasseheizkraftwerk Wiesbaden","facility_type":"power_plant","facility_subtype":"thermal_power","status":"existing","source_function_code":"2530"},"geometry":{"type":"Point","coordinates":[8.261709670377725,50.04362074726735]}},{"type":"Feature","properties":{"id":"DEBKGDL200012Q6X","name":"Geothermiekraftwerk Dürrnhaar","facility_type":"power_plant","facility_subtype":"thermal_power","status":"existing","source_function_code":"2530"},"geometry":{"type":"Point","coordinates":[11.72592703695011,47.996006478959615]}},{"type":"Feature","properties":{"id":"DEBKGDL200015ZS4","name":"Biomasseheizkraftwerke Kehl 1 und 2","facility_type":"power_plant","facility_subtype":"thermal_power","status":"existing","source_function_code":"2530"},"geometry":{"type":"Point","coordinates":[7.818692973621549,48.583289667483484]}},{"type":"Feature","properties":{"id":"DEBKGDL20001C77N","name":"Müllverbrennung TREA Leuna","facility_type":"power_plant","facility_subtype":"thermal_power","status":"existing","source_function_code":"2530"},"geometry":{"type":"Point","coordinates":[11.996237538285175,51.325207090465334]}},{"type":"Feature","properties":{"id":"DEBKGDL20001C77M","name":"Infra Leuna Kraftwerk","facility_type":"power_plant","facility_subtype":"thermal_power","status":"existing","source_function_code":"2530"},"geometry":{"type":"Point","coordinates":[11.998334682458205,51.30034746620131]}},{"type":"Feature","properties":{"id":"DEBKGDL20001CEZV","name":"Solarpark Ferschweiler","facility_type":"power_plant","facility_subtype":"thermal_power","status":"existing","source_function_code":"2530"},"geometry":{"type":"Point","coordinates":[6.39858142001643,49.87385967380415]}},{"type":"Feature","properties":{"id":"DEBKGDL20001CF57","name":"Photovoltaikanlage Zaisenholzäcker","facility_type":"power_plant","facility_subtype":"thermal_power","status":"existing","source_function_code":"2530"},"geometry":{"type":"Point","coordinates":[9.330365147588115,48.25147813507957]}},{"type":"Feature","properties":{"id":"DEBKGDL20001CEVA","name":"Solarpark Perl","facility_type":"power_plant","facility_subtype":"thermal_power","status":"existing","source_function_code":"2530"},"geometry":{"type":"Point","coordinates":[6.439877045715848,49.46891400294051]}},{"type":"Feature","properties":{"id":"DEBKGDL200014VLD","name":"Solarpark Lange Gewande","facility_type":"power_plant","facility_subtype":"thermal_power","status":"existing","source_function_code":"2530"},"geometry":{"type":"Point","coordinates":[9.991033468276646,48.698070169149844]}}]}