{"type":"FeatureCollection","features":[{"type":"Feature","properties":{"id":"ru-mrds-10024844","name":"Afrikanda Deposit","resource_type":"Producer","normalized_resource_group":"mineral_occurrence","commodity_codes":"TI_M FE V","grade":"B"},"geometry":{"type":"Point","coordinates":[32.66989000024918,67.24843000002525]}},{"type":"Feature","properties":{"id":"ru-mrds-10024388","name":"Botogolsk","resource_type":"Producer","normalized_resource_group":"mineral_occurrence","commodity_codes":"GRF","grade":"B"},"geometry":{"type":"Point","coordinates":[100.74968000013241,52.46443999979735]}},{"type":"Feature","properties":{"id":"ru-mrds-10069459","name":"Chita Oblast' Fluorspar Deposits","resource_type":"Producer","normalized_resource_group":"mineral_occurrence","commodity_codes":"F QTZ CA BA","grade":"B"},"geometry":{"type":"Point","coordinates":[117.99904000004385,50.99790000022318]}},{"type":"Feature","properties":{"id":"ru-mrds-10024714","name":"Dimitrovsk","resource_type":"Producer","normalized_resource_group":"mineral_occurrence","commodity_codes":"P","grade":"B"},"geometry":{"type":"Point","coordinates":[35.03531000013936,52.081619999759916]}},{"type":"Feature","properties":{"id":"ru-mrds-10231176","name":"Dzhida Tungsten-Moly Mine","resource_type":"Producer","normalized_resource_group":"metallic_minerals","commodity_codes":"MO W","grade":"B"},"geometry":{"type":"Point","coordinates":[103.3328900000238,50.331120000184626]}},{"type":"Feature","properties":{"id":"ru-mrds-10024846","name":"Gusevogorsk Deposit","resource_type":"Producer","normalized_resource_group":"mineral_occurrence","commodity_codes":"TI_M V FE","grade":"B"},"geometry":{"type":"Point","coordinates":[59.601519999954085,58.69789000030749]}},{"type":"Feature","properties":{"id":"ru-mrds-10021631","name":"Iul'Tin Mine","resource_type":"Producer","normalized_resource_group":"mineral_occurrence","commodity_codes":"W SN","grade":"B"},"geometry":{"type":"Point","coordinates":[178.92955000027322,67.71567999967127]}},{"type":"Feature","properties":{"id":"ru-mrds-10182351","name":"Khingansk","resource_type":"Producer","normalized_resource_group":"mineral_occurrence","commodity_codes":"SN","grade":"B"},"geometry":{"type":"Point","coordinates":[131.19864000026936,49.11475999977289]}},{"type":"Feature","properties":{"id":"ru-mrds-10024710","name":"Lepatinsk","resource_type":"Producer","normalized_resource_group":"mineral_occurrence","commodity_codes":"P","grade":"B"},"geometry":{"type":"Point","coordinates":[38.5019999997968,54.33153999958226]}},{"type":"Feature","properties":{"id":"ru-mrds-10038260","name":"Monchegorsk","resource_type":"Producer","normalized_resource_group":"metallic_minerals","commodity_codes":"NI CU PGE_PD PGE_PT CO TE BI","grade":"B"},"geometry":{"type":"Point","coordinates":[32.961360000415226,67.92843999970874]}},{"type":"Feature","properties":{"id":"ru-mrds-10024391","name":"Noginskoje","resource_type":"Producer","normalized_resource_group":"mineral_occurrence","commodity_codes":"GRF","grade":"B"},"geometry":{"type":"Point","coordinates":[91.2500899996372,64.4977199999924]}},{"type":"Feature","properties":{"id":"ru-mrds-10098408","name":"Noril'Sk I","resource_type":"Past Producer","normalized_resource_group":"metallic_minerals","commodity_codes":"NI CU PGE_PT PGE_PD CO AU ZN PB","grade":"B"},"geometry":{"type":"Point","coordinates":[88.19088999994968,69.34725000009284]}},{"type":"Feature","properties":{"id":"ru-mrds-10024711","name":"Schchigry","resource_type":"Producer","normalized_resource_group":"mineral_occurrence","commodity_codes":"P","grade":"B"},"geometry":{"type":"Point","coordinates":[36.90193000009857,51.831589999887456]}},{"type":"Feature","properties":{"id":"ru-mrds-10255365","name":"Sorsk","resource_type":"Producer","normalized_resource_group":"metallic_minerals","commodity_codes":"CU MO","grade":"B"},"geometry":{"type":"Point","coordinates":[90.20011000002458,54.01443000015023]}},{"type":"Feature","properties":{"id":"ru-mrds-10024393","name":"Soyusnoye","resource_type":"Producer","normalized_resource_group":"mineral_occurrence","commodity_codes":"GRF","grade":"B"},"geometry":{"type":"Point","coordinates":[130.93200999964245,47.91475999938289]}},{"type":"Feature","properties":{"id":"ru-mrds-10024386","name":"Tayginsk","resource_type":"Producer","normalized_resource_group":"mineral_occurrence","commodity_codes":"GRF","grade":"B"},"geometry":{"type":"Point","coordinates":[60.65135999982465,55.63122000020132]}},{"type":"Feature","properties":{"id":"ru-mrds-10182572","name":"Tyrny-Aux","resource_type":"Producer","normalized_resource_group":"metallic_minerals","commodity_codes":"MO W BI","grade":"B"},"geometry":{"type":"Point","coordinates":[42.918209999471976,43.39837999931873]}},{"type":"Feature","properties":{"id":"ru-mrds-10021632","name":"Tyrnyauz Mine","resource_type":"Producer","normalized_resource_group":"metallic_minerals","commodity_codes":"W MO","grade":"B"},"geometry":{"type":"Point","coordinates":[42.75151999965458,43.41505000032582]}},{"type":"Feature","properties":{"id":"ru-mrds-10107486","name":"Abakan","resource_type":"Producer","normalized_resource_group":"mineral_occurrence","commodity_codes":"FE","grade":"C"},"geometry":{"type":"Point","coordinates":[89.66680000033863,52.58107999995733]}},{"type":"Feature","properties":{"id":"ru-mrds-10038622","name":"Aleksandrovskii Log Area","resource_type":"Past Producer","normalized_resource_group":"metallic_minerals","commodity_codes":"PGE_PT PGE_OS PGE_IR PGE PGE_RH NI CU FE","grade":"C"},"geometry":{"type":"Point","coordinates":[59.79589999977086,57.620110000270635]}},{"type":"Feature","properties":{"id":"ru-mrds-10038253","name":"Aleksandrovskii Log Placer","resource_type":"Past Producer","normalized_resource_group":"mineral_occurrence","commodity_codes":"PGE_PT CR","grade":"C"},"geometry":{"type":"Point","coordinates":[59.75146000040735,57.619280000000536]}},{"type":"Feature","properties":{"id":"ru-mrds-10304442","name":"Antonovogorsk Mine","resource_type":"Producer","normalized_resource_group":"metallic_minerals","commodity_codes":"W BI CU PB MO","grade":"C"},"geometry":{"type":"Point","coordinates":[116.24909999931424,50.531180000022]}},{"type":"Feature","properties":{"id":"ru-mrds-10038613","name":"Awrorinskii Log 19","resource_type":"Past Producer","normalized_resource_group":"mineral_occurrence","commodity_codes":"PGE_PT CR","grade":"C"},"geometry":{"type":"Point","coordinates":[59.82118000042436,57.61566999943514]}},{"type":"Feature","properties":{"id":"ru-mrds-10207082","name":"Balcan","resource_type":"Producer","normalized_resource_group":"mineral_occurrence","commodity_codes":"W","grade":"C"},"geometry":{"type":"Point","coordinates":[59.60131999993753,53.447930000326544]}},{"type":"Feature","properties":{"id":"ru-mrds-10085897","name":"Belaya Gora","resource_type":"Producer","normalized_resource_group":"metallic_minerals","commodity_codes":"AU AG","grade":"C"},"geometry":{"type":"Point","coordinates":[140.31488999987246,53.581440000390856]}},{"type":"Feature","properties":{"id":"ru-mrds-10255453","name":"Belukha","resource_type":"Producer","normalized_resource_group":"mineral_occurrence","commodity_codes":"W","grade":"C"},"geometry":{"type":"Point","coordinates":[116.88236999990124,51.24787999973234]}},{"type":"Feature","properties":{"id":"ru-mrds-10085898","name":"Berezovo Deposit","resource_type":"Producer","normalized_resource_group":"metallic_minerals","commodity_codes":"AU PB ZN CU SB W","grade":"C"},"geometry":{"type":"Point","coordinates":[64.4345099998734,54.664529999693904]}},{"type":"Feature","properties":{"id":"ru-mrds-10103674","name":"Bobrowka River","resource_type":"Past Producer","normalized_resource_group":"metallic_minerals","commodity_codes":"PGE_PT AU","grade":"C"},"geometry":{"type":"Point","coordinates":[59.8056400003069,57.70927999963088]}},{"type":"Feature","properties":{"id":"ru-mrds-10038595","name":"Bolshaya Sosnovka","resource_type":"Past Producer","normalized_resource_group":"mineral_occurrence","commodity_codes":"PGE_PT","grade":"C"},"geometry":{"type":"Point","coordinates":[58.96158000029767,59.529289999920415]}},{"type":"Feature","properties":{"id":"ru-mrds-10038350","name":"Bolshoi Pokap River","resource_type":"Past Producer","normalized_resource_group":"metallic_minerals","commodity_codes":"PGE_PT AU","grade":"C"},"geometry":{"type":"Point","coordinates":[59.45736000078736,58.80873000021091]}},{"type":"Feature","properties":{"id":"ru-mrds-10106952","name":"Dalnegorsk","resource_type":"Producer","normalized_resource_group":"mineral_occurrence","commodity_codes":"B","grade":"C"},"geometry":{"type":"Point","coordinates":[135.4986400001699,44.498250000362475]}},{"type":"Feature","properties":{"id":"ru-mrds-10134375","name":"Degtyar Mine","resource_type":"Producer","normalized_resource_group":"metallic_minerals","commodity_codes":"CU ZN","grade":"C"},"geometry":{"type":"Point","coordinates":[60.08472000039149,56.68118999973403]}},{"type":"Feature","properties":{"id":"ru-mrds-10254985","name":"Gaya Mine","resource_type":"Producer","normalized_resource_group":"metallic_minerals","commodity_codes":"CU ZN","grade":"C"},"geometry":{"type":"Point","coordinates":[58.50129999959994,51.464670000244716]}},{"type":"Feature","properties":{"id":"ru-mrds-10039120","name":"Gosshakhta","resource_type":"Past Producer","normalized_resource_group":"metallic_minerals","commodity_codes":"PGE_PT CR AU","grade":"C"},"geometry":{"type":"Point","coordinates":[59.7889600003647,57.62705999975424]}},{"type":"Feature","properties":{"id":"ru-mrds-10038360","name":"Illinsky - Log","resource_type":"Past Producer","normalized_resource_group":"mineral_occurrence","commodity_codes":"PGE_PT","grade":"C"},"geometry":{"type":"Point","coordinates":[59.47291000005221,58.78207000017618]}},{"type":"Feature","properties":{"id":"ru-mrds-10039086","name":"Inaglinsk Placer","resource_type":"Past Producer","normalized_resource_group":"metallic_minerals","commodity_codes":"PGE_PT PGE_PD PGE_IR PGE_RH PGE_OS AU CU NI CR SB AS FE","grade":"C"},"geometry":{"type":"Point","coordinates":[124.66520999967196,58.675940000148024]}},{"type":"Feature","properties":{"id":"ru-mrds-10038603","name":"Iov River","resource_type":"Past Producer","normalized_resource_group":"mineral_occurrence","commodity_codes":"PGE_PT PGE_OS PGE_IR","grade":"C"},"geometry":{"type":"Point","coordinates":[59.15435999998211,59.683729999952284]}},{"type":"Feature","properties":{"id":"ru-mrds-10255235","name":"Iul'Tin","resource_type":"Producer","normalized_resource_group":"mineral_occurrence","commodity_codes":"SN W","grade":"C"},"geometry":{"type":"Point","coordinates":[-178.73710000030167,67.84906000026264]}},{"type":"Feature","properties":{"id":"ru-mrds-10038600","name":"Judinsky - Lojok","resource_type":"Past Producer","normalized_resource_group":"mineral_occurrence","commodity_codes":"PGE_PT","grade":"C"},"geometry":{"type":"Point","coordinates":[59.13129000045463,59.51512000035438]}},{"type":"Feature","properties":{"id":"ru-mrds-10039091","name":"Kachkanar Complex","resource_type":"Past Producer","normalized_resource_group":"metallic_minerals","commodity_codes":"PGE_PD PGE_PT PGE_IR PGE_OS NI CU FE","grade":"C"},"geometry":{"type":"Point","coordinates":[59.539849999929125,58.7356699996098]}},{"type":"Feature","properties":{"id":"ru-mrds-10024847","name":"Kachkanar Deposit","resource_type":"Producer","normalized_resource_group":"mineral_occurrence","commodity_codes":"TI_M V FE","grade":"C"},"geometry":{"type":"Point","coordinates":[59.484849999871905,58.664569999824785]}},{"type":"Feature","properties":{"id":"ru-mrds-10008236","name":"Kachkanar Mt. Kachkanar","resource_type":"Producer","normalized_resource_group":"mineral_occurrence","commodity_codes":"FE TI_M V","grade":"C"},"geometry":{"type":"Point","coordinates":[59.00155999992116,58.99790999976872]}},{"type":"Feature","properties":{"id":"ru-mrds-10107490","name":"Kiyalykh-Uzen'","resource_type":"Producer","normalized_resource_group":"metallic_minerals","commodity_codes":"MO CU AU","grade":"C"},"geometry":{"type":"Point","coordinates":[91.0000899996221,54.331060000037134]}},{"type":"Feature","properties":{"id":"ru-mrds-10039109","name":"Kondyorskii Placer","resource_type":"Past Producer","normalized_resource_group":"mineral_occurrence","commodity_codes":"PGE_PD PGE_PT CR PGE_OS PGE_IR","grade":"C"},"geometry":{"type":"Point","coordinates":[134.4490499996463,57.66633000020001]}},{"type":"Feature","properties":{"id":"ru-mrds-10038363","name":"Korobowsky Lojok","resource_type":"Past Producer","normalized_resource_group":"mineral_occurrence","commodity_codes":"PGE_PT CR","grade":"C"},"geometry":{"type":"Point","coordinates":[59.454029999928025,58.808460000319364]}},{"type":"Feature","properties":{"id":"ru-mrds-10038357","name":"Kossia River","resource_type":"Past Producer","normalized_resource_group":"metallic_minerals","commodity_codes":"PGE_PT AU","grade":"C"},"geometry":{"type":"Point","coordinates":[59.47345999987314,58.786230000453685]}},{"type":"Feature","properties":{"id":"ru-mrds-10038264","name":"Kossorgskii Log","resource_type":"Past Producer","normalized_resource_group":"mineral_occurrence","commodity_codes":"PGE_PT","grade":"C"},"geometry":{"type":"Point","coordinates":[59.833959999594875,57.67567000047869]}},{"type":"Feature","properties":{"id":"ru-mrds-10024704","name":"Kovdor","resource_type":"Producer","normalized_resource_group":"mineral_occurrence","commodity_codes":"P FE ZR","grade":"C"},"geometry":{"type":"Point","coordinates":[30.50333000000732,67.54847999994271]}},{"type":"Feature","properties":{"id":"ru-mrds-10159831","name":"Kovdor Phosphate","resource_type":"Producer","normalized_resource_group":"mineral_occurrence","commodity_codes":"P","grade":"C"},"geometry":{"type":"Point","coordinates":[30.403330000719922,67.56518000044952]}},{"type":"Feature","properties":{"id":"ru-mrds-10038610","name":"Krutoi Log","resource_type":"Past Producer","normalized_resource_group":"mineral_occurrence","commodity_codes":"PGE_PT CR","grade":"C"},"geometry":{"type":"Point","coordinates":[59.788129999262985,57.62344999966126]}},{"type":"Feature","properties":{"id":"ru-mrds-10038248","name":"Krutoi Log Placer","resource_type":"Past Producer","normalized_resource_group":"mineral_occurrence","commodity_codes":"PGE_PT CR","grade":"C"},"geometry":{"type":"Point","coordinates":[59.797849999707545,57.67206000004289]}},{"type":"Feature","properties":{"id":"ru-mrds-10107624","name":"Kusinskoye Kusinkoe Deposit","resource_type":"Producer","normalized_resource_group":"mineral_occurrence","commodity_codes":"FE V TI_M","grade":"C"},"geometry":{"type":"Point","coordinates":[58.50133000063546,52.331290000392514]}},{"type":"Feature","properties":{"id":"ru-mrds-10038361","name":"Log No. 1 -Propretschnoi","resource_type":"Past Producer","normalized_resource_group":"mineral_occurrence","commodity_codes":"PGE_PT","grade":"C"},"geometry":{"type":"Point","coordinates":[59.792900000421064,58.79955999993128]}},{"type":"Feature","properties":{"id":"ru-mrds-10038368","name":"Log No. 2","resource_type":"Past Producer","normalized_resource_group":"mineral_occurrence","commodity_codes":"PGE_PT","grade":"C"},"geometry":{"type":"Point","coordinates":[59.465419999926816,58.79233999964044]}},{"type":"Feature","properties":{"id":"ru-mrds-10038362","name":"Log No. 3","resource_type":"Past Producer","normalized_resource_group":"mineral_occurrence","commodity_codes":"PGE_PT","grade":"C"},"geometry":{"type":"Point","coordinates":[59.45791999975568,58.809839999860955]}},{"type":"Feature","properties":{"id":"ru-mrds-10038367","name":"Log No. 6","resource_type":"Past Producer","normalized_resource_group":"metallic_minerals","commodity_codes":"PGE_PT AU","grade":"C"},"geometry":{"type":"Point","coordinates":[59.30624999947375,58.77039999976803]}},{"type":"Feature","properties":{"id":"ru-mrds-10038358","name":"Log No. 7","resource_type":"Past Producer","normalized_resource_group":"metallic_minerals","commodity_codes":"PGE_PT AU","grade":"C"},"geometry":{"type":"Point","coordinates":[59.47401999973979,58.76429000032882]}},{"type":"Feature","properties":{"id":"ru-mrds-10038258","name":"Lojok No 1 and Lojok No 2","resource_type":"Past Producer","normalized_resource_group":"mineral_occurrence","commodity_codes":"PGE_PT","grade":"C"},"geometry":{"type":"Point","coordinates":[60.36332000007703,56.09372000031646]}},{"type":"Feature","properties":{"id":"ru-mrds-10038413","name":"Malaia Bobrowka River","resource_type":"Past Producer","normalized_resource_group":"mineral_occurrence","commodity_codes":"PGE_PT","grade":"C"},"geometry":{"type":"Point","coordinates":[59.76952999952128,57.70566999975146]}},{"type":"Feature","properties":{"id":"ru-mrds-10103686","name":"Malaia Koswa River","resource_type":"Past Producer","normalized_resource_group":"metallic_minerals","commodity_codes":"PGE_PT AU","grade":"C"},"geometry":{"type":"Point","coordinates":[59.03962999979089,59.47206999991253]}},{"type":"Feature","properties":{"id":"ru-mrds-10038356","name":"Malaia Prostokischenka","resource_type":"Past Producer","normalized_resource_group":"metallic_minerals","commodity_codes":"PGE_PT AU","grade":"C"},"geometry":{"type":"Point","coordinates":[59.41986000083,58.825399999825486]}},{"type":"Feature","properties":{"id":"ru-mrds-10038250","name":"Martian River","resource_type":"Past Producer","normalized_resource_group":"metallic_minerals","commodity_codes":"PGE_PT AU","grade":"C"},"geometry":{"type":"Point","coordinates":[59.662860000266164,57.68177999960057]}},{"type":"Feature","properties":{"id":"ru-mrds-10039073","name":"Niasma River","resource_type":"Past Producer","normalized_resource_group":"metallic_minerals","commodity_codes":"PGE_PT AU","grade":"C"},"geometry":{"type":"Point","coordinates":[59.60097000013319,58.952609999937025]}},{"type":"Feature","properties":{"id":"ru-mrds-10039123","name":"Nizhny - Tagil Massif","resource_type":"Past Producer","normalized_resource_group":"metallic_minerals","commodity_codes":"PGE_PD PGE_PT CR PGE_OS PGE_RU PGE_RH PGE_IR","grade":"C"},"geometry":{"type":"Point","coordinates":[59.782290000396976,57.638170000412295]}},{"type":"Feature","properties":{"id":"ru-mrds-60000602","name":"Noril'Sk-Talnakh District","resource_type":"Producer","normalized_resource_group":"metallic_minerals","commodity_codes":"PGE_RH NI PGE_RU CO PGE_IR CU PGE_PT PGE_PD PGE_OS","grade":"C"},"geometry":{"type":"Point","coordinates":[88.13364000038011,69.33111000016841]}},{"type":"Feature","properties":{"id":"ru-mrds-60000648","name":"Noril'Sk-Talnakh District","resource_type":"Producer","normalized_resource_group":"metallic_minerals","commodity_codes":"PGE_PT PGE_PD PGE_RH PGE_RU PGE_IR PGE_OS CU CO NI","grade":"C"},"geometry":{"type":"Point","coordinates":[88.13364000038011,69.33111000016841]}},{"type":"Feature","properties":{"id":"ru-mrds-10038246","name":"Novoi-Log","resource_type":"Past Producer","normalized_resource_group":"metallic_minerals","commodity_codes":"PGE_PT AU","grade":"C"},"geometry":{"type":"Point","coordinates":[59.723690000042005,57.648449999461015]}},{"type":"Feature","properties":{"id":"ru-mrds-10039077","name":"Oktyabrsky","resource_type":"Past Producer","normalized_resource_group":"metallic_minerals","commodity_codes":"PGE_PD CU NI AU AG","grade":"C"},"geometry":{"type":"Point","coordinates":[88.44531999956759,69.56448000014818]}},{"type":"Feature","properties":{"id":"ru-mrds-10085924","name":"Ol'Khovo","resource_type":"Producer","normalized_resource_group":"metallic_minerals","commodity_codes":"AU CU CO BI TE SE","grade":"C"},"geometry":{"type":"Point","coordinates":[92.00005000039788,53.99774000015289]}},{"type":"Feature","properties":{"id":"ru-mrds-10103647","name":"Omoutnaia River","resource_type":"Past Producer","normalized_resource_group":"mineral_occurrence","commodity_codes":"PGE_PT","grade":"C"},"geometry":{"type":"Point","coordinates":[60.39804999994001,56.092889999948376]}},{"type":"Feature","properties":{"id":"ru-mrds-60000601","name":"Pechenga District","resource_type":"Producer","normalized_resource_group":"metallic_minerals","commodity_codes":"AU AG CU SE NI TE","grade":"C"},"geometry":{"type":"Point","coordinates":[29.736929999503936,69.33183999972498]}},{"type":"Feature","properties":{"id":"ru-mrds-10008238","name":"Pervoual'Sk Pervouralskoe Deposit","resource_type":"Producer","normalized_resource_group":"mineral_occurrence","commodity_codes":"FE V TI_M","grade":"C"},"geometry":{"type":"Point","coordinates":[59.501450000346495,56.997910000282026]}},{"type":"Feature","properties":{"id":"ru-mrds-10103643","name":"Podmoskowoi-Log","resource_type":"Past Producer","normalized_resource_group":"metallic_minerals","commodity_codes":"PGE_PT AU","grade":"C"},"geometry":{"type":"Point","coordinates":[59.75563999976492,57.648449999461015]}},{"type":"Feature","properties":{"id":"ru-mrds-10038601","name":"Popowsky - Lojok","resource_type":"Past Producer","normalized_resource_group":"mineral_occurrence","commodity_codes":"PGE_PT","grade":"C"},"geometry":{"type":"Point","coordinates":[59.10462999977684,59.50483999991145]}},{"type":"Feature","properties":{"id":"ru-mrds-10038254","name":"Poupkov Log","resource_type":"Past Producer","normalized_resource_group":"mineral_occurrence","commodity_codes":"PGE_PT","grade":"C"},"geometry":{"type":"Point","coordinates":[59.834789999798254,57.619280000000536]}},{"type":"Feature","properties":{"id":"ru-mrds-10103644","name":"Roublewik River","resource_type":"Past Producer","normalized_resource_group":"metallic_minerals","commodity_codes":"PGE_PT AU","grade":"C"},"geometry":{"type":"Point","coordinates":[59.742029999492686,57.65816999984352]}},{"type":"Feature","properties":{"id":"ru-mrds-10255076","name":"Sadon and Zgidski Mines","resource_type":"Producer","normalized_resource_group":"metallic_minerals","commodity_codes":"PB ZN AG","grade":"C"},"geometry":{"type":"Point","coordinates":[44.001480000445476,42.7983799997801]}},{"type":"Feature","properties":{"id":"ru-mrds-10085928","name":"Shakhtaminsk","resource_type":"Producer","normalized_resource_group":"metallic_minerals","commodity_codes":"MO AU AG","grade":"C"},"geometry":{"type":"Point","coordinates":[117.7323600000865,51.34788000024765]}},{"type":"Feature","properties":{"id":"ru-mrds-10255015","name":"Sibai Mine","resource_type":"Producer","normalized_resource_group":"metallic_minerals","commodity_codes":"CU ZN","grade":"C"},"geometry":{"type":"Point","coordinates":[58.66803000049858,52.714650000064275]}},{"type":"Feature","properties":{"id":"ru-mrds-10038252","name":"Sirkov Log","resource_type":"Past Producer","normalized_resource_group":"mineral_occurrence","commodity_codes":"PGE_PT","grade":"C"},"geometry":{"type":"Point","coordinates":[59.76813000030383,57.638719999548215]}},{"type":"Feature","properties":{"id":"ru-mrds-10038249","name":"Solovyevskii Log","resource_type":"Past Producer","normalized_resource_group":"mineral_occurrence","commodity_codes":"PGE_PT CR","grade":"C"},"geometry":{"type":"Point","coordinates":[59.797849999707545,57.638719999548215]}},{"type":"Feature","properties":{"id":"ru-mrds-10038256","name":"Starichne-Log","resource_type":"Past Producer","normalized_resource_group":"mineral_occurrence","commodity_codes":"PGE_PT","grade":"C"},"geometry":{"type":"Point","coordinates":[60.39776999955755,56.045949999806105]}},{"type":"Feature","properties":{"id":"ru-mrds-10038268","name":"Syssim River","resource_type":"Past Producer","normalized_resource_group":"metallic_minerals","commodity_codes":"PGE_PT AU","grade":"C"},"geometry":{"type":"Point","coordinates":[59.25564999978045,57.55622999953012]}},{"type":"Feature","properties":{"id":"ru-mrds-10038448","name":"Talnakh Deposit","resource_type":"Past Producer","normalized_resource_group":"metallic_minerals","commodity_codes":"CU NI PGE_PD PGE_PT PGE_RH PGE_IR PGE_OS AU CO PGE_RU SN PB BI","grade":"C"},"geometry":{"type":"Point","coordinates":[88.44475999970093,69.56587000028958]}},{"type":"Feature","properties":{"id":"ru-mrds-10038591","name":"Tilai River","resource_type":"Past Producer","normalized_resource_group":"mineral_occurrence","commodity_codes":"PGE_PT","grade":"C"},"geometry":{"type":"Point","coordinates":[58.96825000026542,59.54067999978833]}},{"type":"Feature","properties":{"id":"ru-mrds-10038366","name":"Travenisty - Log","resource_type":"Past Producer","normalized_resource_group":"mineral_occurrence","commodity_codes":"PGE_PT","grade":"C"},"geometry":{"type":"Point","coordinates":[59.46401999981103,58.78095999989879]}},{"type":"Feature","properties":{"id":"ru-mrds-10038262","name":"Tsauch Riverpawlowsky Priisk","resource_type":"Past Producer","normalized_resource_group":"mineral_occurrence","commodity_codes":"PGE_PT","grade":"C"},"geometry":{"type":"Point","coordinates":[59.820900000041874,57.69010999972922]}},{"type":"Feature","properties":{"id":"ru-mrds-10133875","name":"Tsentralnyy","resource_type":"Producer","normalized_resource_group":"mineral_occurrence","commodity_codes":"P","grade":"C"},"geometry":{"type":"Point","coordinates":[33.73655000070237,67.74841999972558]}},{"type":"Feature","properties":{"id":"ru-mrds-10134040","name":"Uchali Mine","resource_type":"Producer","normalized_resource_group":"metallic_minerals","commodity_codes":"CU ZN","grade":"C"},"geometry":{"type":"Point","coordinates":[59.41805999978281,54.29791999998407]}},{"type":"Feature","properties":{"id":"ru-mrds-10038965","name":"Udachnaya","resource_type":"Producer","normalized_resource_group":"mineral_occurrence","commodity_codes":"GEM_D PGE_PT PGE_PD","grade":"C"},"geometry":{"type":"Point","coordinates":[110.11944000053504,66.88360999996478]}},{"type":"Feature","properties":{"id":"ru-mrds-10255123","name":"Urup Mine","resource_type":"Producer","normalized_resource_group":"metallic_minerals","commodity_codes":"CU","grade":"C"},"geometry":{"type":"Point","coordinates":[41.16825999959491,43.865080000165285]}},{"type":"Feature","properties":{"id":"ru-mrds-10038364","name":"Verkh-Kossinsky Priisk","resource_type":"Past Producer","normalized_resource_group":"mineral_occurrence","commodity_codes":"PGE_PT","grade":"C"},"geometry":{"type":"Point","coordinates":[59.48402000056681,58.79678999974908]}},{"type":"Feature","properties":{"id":"ru-mrds-10279467","name":"Verkhnaya Salda Tirus","resource_type":"Producer","normalized_resource_group":"mineral_occurrence","commodity_codes":"TI_M AL_C","grade":"C"},"geometry":{"type":"Point","coordinates":[61.001420000299916,57.497879999664285]}},{"type":"Feature","properties":{"id":"ru-mrds-10158389","name":"Volkovo Mine","resource_type":"Producer","normalized_resource_group":"metallic_minerals","commodity_codes":"CU FE PB V","grade":"C"},"geometry":{"type":"Point","coordinates":[60.00149999970712,58.4145900002626]}},{"type":"Feature","properties":{"id":"ru-mrds-10103649","name":"Wyssim River","resource_type":"Past Producer","normalized_resource_group":"mineral_occurrence","commodity_codes":"PGE_PT","grade":"C"},"geometry":{"type":"Point","coordinates":[59.59703000007682,57.67957000004451]}},{"type":"Feature","properties":{"id":"ru-mrds-10038247","name":"Zakharowka","resource_type":"Past Producer","normalized_resource_group":"metallic_minerals","commodity_codes":"PGE_PT AU","grade":"C"},"geometry":{"type":"Point","coordinates":[59.77090000039817,57.648449999461015]}},{"type":"Feature","properties":{"id":"ru-mrds-10206825","name":"Zmeinogorsk Mine","resource_type":"Producer","normalized_resource_group":"metallic_minerals","commodity_codes":"CU PB ZN","grade":"C"},"geometry":{"type":"Point","coordinates":[82.23371999967088,51.18110000027999]}},{"type":"Feature","properties":{"id":"ru-mrds-10038263","name":"Zotikha Lojok","resource_type":"Past Producer","normalized_resource_group":"mineral_occurrence","commodity_codes":"PGE_PT","grade":"C"},"geometry":{"type":"Point","coordinates":[59.81313000043233,57.67567000047869]}},{"type":"Feature","properties":{"id":"ru-mrds-10255062","name":"(Facility) Akatui Concentrator","resource_type":"Producer","normalized_resource_group":"metallic_minerals","commodity_codes":"PB ZN","grade":"D"},"geometry":{"type":"Point","coordinates":[117.78233999963874,51.03119000032803]}},{"type":"Feature","properties":{"id":"ru-mrds-10134263","name":"(Facility) Blagodat Concentrator","resource_type":"Producer","normalized_resource_group":"metallic_minerals","commodity_codes":"PB ZN","grade":"D"},"geometry":{"type":"Point","coordinates":[119.59896999999998,51.314599999650724]}},{"type":"Feature","properties":{"id":"ru-mrds-10255382","name":"(Facility) Fiagdon Concentrator","resource_type":"Producer","normalized_resource_group":"metallic_minerals","commodity_codes":"PB ZN","grade":"D"},"geometry":{"type":"Point","coordinates":[44.301470000058515,42.831680000118986]}},{"type":"Feature","properties":{"id":"ru-mrds-10303844","name":"(Facility) Gorevsky Ore Enrichment Center","resource_type":"Producer","normalized_resource_group":"metallic_minerals","commodity_codes":"PB ZN","grade":"D"},"geometry":{"type":"Point","coordinates":[94.66660999977167,58.08099999974849]}},{"type":"Feature","properties":{"id":"ru-mrds-10231206","name":"(Facility) Kadain Concentrator","resource_type":"Producer","normalized_resource_group":"metallic_minerals","commodity_codes":"PB ZN","grade":"D"},"geometry":{"type":"Point","coordinates":[119.29899000043264,50.91459999992648]}},{"type":"Feature","properties":{"id":"ru-mrds-10254969","name":"(Facility) Klichka Concentrator","resource_type":"Producer","normalized_resource_group":"metallic_minerals","commodity_codes":"PB ZN","grade":"D"},"geometry":{"type":"Point","coordinates":[118.01574000007757,50.41459999982467]}},{"type":"Feature","properties":{"id":"ru-mrds-10133961","name":"(Facility) Krasnorechenskaya Concentrator","resource_type":"Producer","normalized_resource_group":"metallic_minerals","commodity_codes":"PB ZN SN","grade":"D"},"geometry":{"type":"Point","coordinates":[135.29863999979844,44.664939999821385]}},{"type":"Feature","properties":{"id":"ru-mrds-10304225","name":"(Facility) Mizur Concentrator","resource_type":"Producer","normalized_resource_group":"metallic_minerals","commodity_codes":"PB ZN CU","grade":"D"},"geometry":{"type":"Point","coordinates":[44.05147000004342,42.84837999958902]}},{"type":"Feature","properties":{"id":"ru-mrds-10255197","name":"(Facility) Ozerny Ore Enrichment Center","resource_type":"Producer","normalized_resource_group":"metallic_minerals","commodity_codes":"PB ZN","grade":"D"},"geometry":{"type":"Point","coordinates":[113.99915000030529,52.99782999995301]}},{"type":"Feature","properties":{"id":"ru-mrds-10279779","name":"(Facility) Tzentralnaya Concentrator","resource_type":"Producer","normalized_resource_group":"metallic_minerals","commodity_codes":"PB ZN","grade":"D"},"geometry":{"type":"Point","coordinates":[135.51533000015783,44.51494999973997]}},{"type":"Feature","properties":{"id":"ru-mrds-10158175","name":"(Facility) Zolotushinskaya Concentrator","resource_type":"Producer","normalized_resource_group":"metallic_minerals","commodity_codes":"CU PB ZN","grade":"D"},"geometry":{"type":"Point","coordinates":[81.50044999979653,50.98110999991809]}},{"type":"Feature","properties":{"id":"ru-mrds-10207137","name":"Abagaytuy","resource_type":"Producer","normalized_resource_group":"mineral_occurrence","commodity_codes":"F","grade":"D"},"geometry":{"type":"Point","coordinates":[117.8323599993739,49.58121999985664]}},{"type":"Feature","properties":{"id":"ru-mrds-10182683","name":"Abakan Iron Enterprise","resource_type":"Producer","normalized_resource_group":"mineral_occurrence","commodity_codes":"FE","grade":"D"},"geometry":{"type":"Point","coordinates":[90.58338999974391,52.69774999945092]}},{"type":"Feature","properties":{"id":"ru-mrds-10038474","name":"Abakan River","resource_type":"Past Producer","normalized_resource_group":"metallic_minerals","commodity_codes":"PGE_PT AU","grade":"D"},"geometry":{"type":"Point","coordinates":[89.05683000033123,52.161370000473234]}},{"type":"Feature","properties":{"id":"ru-mrds-10254909","name":"Adycha River","resource_type":"Producer","normalized_resource_group":"metallic_minerals","commodity_codes":"AU","grade":"D"},"geometry":{"type":"Point","coordinates":[136.49751000045126,66.59811000018139]}},{"type":"Feature","properties":{"id":"ru-mrds-10206670","name":"Afrikanda","resource_type":"Producer","normalized_resource_group":"mineral_occurrence","commodity_codes":"TI FE V NB","grade":"D"},"geometry":{"type":"Point","coordinates":[32.68654000005419,67.41513000017027]}},{"type":"Feature","properties":{"id":"ru-mrds-10207198","name":"Aginsky Processing Plant","resource_type":"Producer","normalized_resource_group":"metallic_minerals","commodity_codes":"W NB REE TA","grade":"D"},"geometry":{"type":"Point","coordinates":[114.51585999951666,51.097859999962495]}},{"type":"Feature","properties":{"id":"ru-mrds-10038483","name":"Ak - Kaba River","resource_type":"Past Producer","normalized_resource_group":"mineral_occurrence","commodity_codes":"PGE_PT","grade":"D"},"geometry":{"type":"Point","coordinates":[82.21043000003537,52.147780000402825]}},{"type":"Feature","properties":{"id":"ru-mrds-10085869","name":"Ak-Tash","resource_type":"Producer","normalized_resource_group":"mineral_occurrence","commodity_codes":"HG","grade":"D"},"geometry":{"type":"Point","coordinates":[87.73353000003242,50.29779999936046]}},{"type":"Feature","properties":{"id":"ru-mrds-10207172","name":"Akatui","resource_type":"Producer","normalized_resource_group":"metallic_minerals","commodity_codes":"PB ZN","grade":"D"},"geometry":{"type":"Point","coordinates":[117.78233999963874,51.03119000032803]}},{"type":"Feature","properties":{"id":"ru-mrds-10230795","name":"Alapayevsk Bf","resource_type":"Producer","normalized_resource_group":"mineral_occurrence","commodity_codes":"FE","grade":"D"},"geometry":{"type":"Point","coordinates":[61.70139999971175,57.86456999985707]}},{"type":"Feature","properties":{"id":"ru-mrds-10158026","name":"Aldan","resource_type":"Producer","normalized_resource_group":"metallic_minerals","commodity_codes":"AU","grade":"D"},"geometry":{"type":"Point","coordinates":[125.3652200001193,58.61459000025612]}},{"type":"Feature","properties":{"id":"ru-mrds-10038457","name":"Aleksandrovka River","resource_type":"Past Producer","normalized_resource_group":"mineral_occurrence","commodity_codes":"PGE_PT","grade":"D"},"geometry":{"type":"Point","coordinates":[87.83355000030963,54.648289999874336]}},{"type":"Feature","properties":{"id":"ru-mrds-10206742","name":"Aleksandrovsk","resource_type":"Producer","normalized_resource_group":"mineral_occurrence","commodity_codes":"CR","grade":"D"},"geometry":{"type":"Point","coordinates":[58.36827000014099,58.89791000000821]}},{"type":"Feature","properties":{"id":"ru-mrds-10103696","name":"Aleksandrovskii Log 10","resource_type":"Past Producer","normalized_resource_group":"mineral_occurrence","commodity_codes":"PGE_PT CR","grade":"D"},"geometry":{"type":"Point","coordinates":[59.79563000033242,57.61956000019967]}},{"type":"Feature","properties":{"id":"ru-mrds-10038619","name":"Aleksandrovskii Log 6","resource_type":"Past Producer","normalized_resource_group":"mineral_occurrence","commodity_codes":"PGE_PT CR","grade":"D"},"geometry":{"type":"Point","coordinates":[59.79368000039574,57.61732999968435]}},{"type":"Feature","properties":{"id":"ru-mrds-10038621","name":"Aleksandrovskii Log 9","resource_type":"Past Producer","normalized_resource_group":"mineral_occurrence","commodity_codes":"PGE_PT CR","grade":"D"},"geometry":{"type":"Point","coordinates":[59.79867999991097,57.622889999818625]}},{"type":"Feature","properties":{"id":"ru-mrds-10038620","name":"Aleksandrovskii Logs 7,8","resource_type":"Past Producer","normalized_resource_group":"mineral_occurrence","commodity_codes":"PGE_PT","grade":"D"},"geometry":{"type":"Point","coordinates":[59.793129999676516,57.618719999864325]}},{"type":"Feature","properties":{"id":"ru-mrds-10103668","name":"Alexandrinsky - Priisk","resource_type":"Past Producer","normalized_resource_group":"mineral_occurrence","commodity_codes":"PGE_PT","grade":"D"},"geometry":{"type":"Point","coordinates":[59.75373000001118,58.816219999998175]}},{"type":"Feature","properties":{"id":"ru-mrds-10038384","name":"Alexandrowsky Laverie","resource_type":"Past Producer","normalized_resource_group":"mineral_occurrence","commodity_codes":"PGE_PT","grade":"D"},"geometry":{"type":"Point","coordinates":[59.582349999401686,58.85011000007171]}},{"type":"Feature","properties":{"id":"ru-mrds-10103662","name":"Alexandrowsky To Artelny Laverie","resource_type":"Past Producer","normalized_resource_group":"mineral_occurrence","commodity_codes":"PGE_PT","grade":"D"},"geometry":{"type":"Point","coordinates":[59.605960000500964,58.862609999930875]}},{"type":"Feature","properties":{"id":"ru-mrds-10103652","name":"Alexii-Olginsky Log","resource_type":"Past Producer","normalized_resource_group":"mineral_occurrence","commodity_codes":"PGE_PT","grade":"D"},"geometry":{"type":"Point","coordinates":[59.70790999972504,58.89955999984143]}},{"type":"Feature","properties":{"id":"ru-mrds-10134240","name":"Allakh-Yun","resource_type":"Producer","normalized_resource_group":"metallic_minerals","commodity_codes":"AU","grade":"D"},"geometry":{"type":"Point","coordinates":[137.6979500002008,60.47025999986522]}},{"type":"Feature","properties":{"id":"ru-mrds-10133977","name":"Allarechen","resource_type":"Past Producer","normalized_resource_group":"metallic_minerals","commodity_codes":"CU NI","grade":"D"},"geometry":{"type":"Point","coordinates":[30.30356000068801,69.01522000005063]}},{"type":"Feature","properties":{"id":"ru-mrds-10038941","name":"Amkan River","resource_type":"Past Producer","normalized_resource_group":"metallic_minerals","commodity_codes":"AU PGE_PT","grade":"D"},"geometry":{"type":"Point","coordinates":[129.48381000024267,54.22295999997663]}},{"type":"Feature","properties":{"id":"ru-mrds-10038501","name":"Amyl River Upper","resource_type":"Past Producer","normalized_resource_group":"mineral_occurrence","commodity_codes":"PGE_PT","grade":"D"},"geometry":{"type":"Point","coordinates":[93.74052000002985,52.99776000019186]}},{"type":"Feature","properties":{"id":"ru-mrds-10038539","name":"Angara River Tributaries","resource_type":"Past Producer","normalized_resource_group":"metallic_minerals","commodity_codes":"PGE_PT AU","grade":"D"},"geometry":{"type":"Point","coordinates":[99.71638999960943,52.27999000006724]}},{"type":"Feature","properties":{"id":"ru-mrds-10103684","name":"Anianowsky Lojok","resource_type":"Past Producer","normalized_resource_group":"mineral_occurrence","commodity_codes":"PGE_PT","grade":"D"},"geometry":{"type":"Point","coordinates":[59.99011999975408,58.942329999899776]}},{"type":"Feature","properties":{"id":"ru-mrds-10038394","name":"Anna - Josiphowsky Priisk","resource_type":"Past Producer","normalized_resource_group":"mineral_occurrence","commodity_codes":"PGE_PT","grade":"D"},"geometry":{"type":"Point","coordinates":[59.741520000753084,58.82067000016196]}},{"type":"Feature","properties":{"id":"ru-mrds-10254963","name":"Antonovsk","resource_type":"Producer","normalized_resource_group":"mineral_occurrence","commodity_codes":"FE","grade":"D"},"geometry":{"type":"Point","coordinates":[87.25023999918335,53.897740000311224]}},{"type":"Feature","properties":{"id":"ru-mrds-10038513","name":"Arbi River","resource_type":"Past Producer","normalized_resource_group":"metallic_minerals","commodity_codes":"PGE_PT AU","grade":"D"},"geometry":{"type":"Point","coordinates":[126.46920999975225,54.07875000035868]}},{"type":"Feature","properties":{"id":"ru-mrds-10038568","name":"Arkhangelskii Log","resource_type":"Past Producer","normalized_resource_group":"mineral_occurrence","commodity_codes":"PGE_PT","grade":"D"},"geometry":{"type":"Point","coordinates":[59.83733999978458,58.7778899996631]}},{"type":"Feature","properties":{"id":"ru-mrds-10038404","name":"Arkhangelskii-Priisk","resource_type":"Past Producer","normalized_resource_group":"mineral_occurrence","commodity_codes":"PGE_PT","grade":"D"},"geometry":{"type":"Point","coordinates":[59.84095000012807,58.77927999975541]}},{"type":"Feature","properties":{"id":"ru-mrds-10098385","name":"Arkhipowsky Log","resource_type":"Past Producer","normalized_resource_group":"mineral_occurrence","commodity_codes":"PGE_PT","grade":"D"},"geometry":{"type":"Point","coordinates":[59.742029999492686,57.65816999984352]}},{"type":"Feature","properties":{"id":"ru-mrds-10158495","name":"Arkhon","resource_type":"Producer","normalized_resource_group":"metallic_minerals","commodity_codes":"PB ZN","grade":"D"},"geometry":{"type":"Point","coordinates":[44.50146000038418,42.848369999986375]}},{"type":"Feature","properties":{"id":"ru-mrds-10038390","name":"Arsen - Witalewsky Priisk","resource_type":"Past Producer","normalized_resource_group":"mineral_occurrence","commodity_codes":"PGE_PT","grade":"D"},"geometry":{"type":"Point","coordinates":[59.71041000038096,58.82983000017935]}},{"type":"Feature","properties":{"id":"ru-mrds-10038386","name":"Artelny Laverie","resource_type":"Past Producer","normalized_resource_group":"metallic_minerals","commodity_codes":"PGE_PT AU","grade":"D"},"geometry":{"type":"Point","coordinates":[59.634580000262886,58.83927999959161]}},{"type":"Feature","properties":{"id":"ru-mrds-10231145","name":"Astrakhan","resource_type":"Producer","normalized_resource_group":"mineral_occurrence","commodity_codes":"GAS S","grade":"D"},"geometry":{"type":"Point","coordinates":[48.08477999994085,46.99820999959831]}},{"type":"Feature","properties":{"id":"ru-mrds-10157847","name":"Ayan-Maisky Group: Dan Region","resource_type":"Producer","normalized_resource_group":"metallic_minerals","commodity_codes":"AU","grade":"D"},"geometry":{"type":"Point","coordinates":[133.83154000018308,57.66469000016808]}},{"type":"Feature","properties":{"id":"ru-mrds-10231336","name":"Ayan-Maisky Group: Ket-Kap Region","resource_type":"Producer","normalized_resource_group":"metallic_minerals","commodity_codes":"AU","grade":"D"},"geometry":{"type":"Point","coordinates":[132.49830000023,57.49797999989444]}},{"type":"Feature","properties":{"id":"ru-mrds-10232418","name":"Ayan-Maisky Group: Odola Region","resource_type":"Producer","normalized_resource_group":"metallic_minerals","commodity_codes":"AU","grade":"D"},"geometry":{"type":"Point","coordinates":[135.33151000013643,57.1647200000231]}},{"type":"Feature","properties":{"id":"ru-mrds-10206955","name":"Ayan-Maisky Group: Tomptokan Region","resource_type":"Producer","normalized_resource_group":"metallic_minerals","commodity_codes":"AU","grade":"D"},"geometry":{"type":"Point","coordinates":[133.99828000022916,56.998010000226365]}},{"type":"Feature","properties":{"id":"ru-mrds-10038490","name":"Bachat River","resource_type":"Past Producer","normalized_resource_group":"mineral_occurrence","commodity_codes":"PGE_PT HG","grade":"D"},"geometry":{"type":"Point","coordinates":[86.28027999999043,54.39300999986895]}},{"type":"Feature","properties":{"id":"ru-mrds-10182870","name":"Bakal","resource_type":"Producer","normalized_resource_group":"mineral_occurrence","commodity_codes":"FE","grade":"D"},"geometry":{"type":"Point","coordinates":[58.80140000061448,54.93122000024976]}},{"type":"Feature","properties":{"id":"ru-mrds-10085834","name":"Bakchar","resource_type":"Producer","normalized_resource_group":"mineral_occurrence","commodity_codes":"FE","grade":"D"},"geometry":{"type":"Point","coordinates":[82.0838200002989,57.01439000047882]}},{"type":"Feature","properties":{"id":"ru-mrds-10038494","name":"Baliksa River","resource_type":"Past Producer","normalized_resource_group":"mineral_occurrence","commodity_codes":"PGE_PT","grade":"D"},"geometry":{"type":"Point","coordinates":[88.5290699999814,53.37773999987604]}},{"type":"Feature","properties":{"id":"ru-mrds-10068678","name":"Bauxite - Ussr","resource_type":"Producer","normalized_resource_group":"mineral_occurrence","commodity_codes":"AL","grade":"D"},"geometry":{"type":"Point","coordinates":[96.57749000006766,61.94383999959219]}},{"type":"Feature","properties":{"id":"ru-mrds-10255618","name":"Bayimski Placer Region","resource_type":"Producer","normalized_resource_group":"metallic_minerals","commodity_codes":"AU CU AG PGE","grade":"D"},"geometry":{"type":"Point","coordinates":[164.59662000005434,66.2153499999519]}},{"type":"Feature","properties":{"id":"ru-mrds-10134412","name":"Belogorsk Mine","resource_type":"Producer","normalized_resource_group":"mineral_occurrence","commodity_codes":"AL","grade":"D"},"geometry":{"type":"Point","coordinates":[88.43349000025107,54.997730000510884]}},{"type":"Feature","properties":{"id":"ru-mrds-10231187","name":"Berelokh River","resource_type":"Producer","normalized_resource_group":"metallic_minerals","commodity_codes":"AU","grade":"D"},"geometry":{"type":"Point","coordinates":[148.5641000003506,62.86495999968387]}},{"type":"Feature","properties":{"id":"ru-mrds-10038937","name":"Bereya River","resource_type":"Past Producer","normalized_resource_group":"metallic_minerals","commodity_codes":"AU PGE_PT","grade":"D"},"geometry":{"type":"Point","coordinates":[108.17718999957594,49.71368000037286]}},{"type":"Feature","properties":{"id":"ru-mrds-10207316","name":"Berezovo","resource_type":"Past Producer","normalized_resource_group":"mineral_occurrence","commodity_codes":"MN","grade":"D"},"geometry":{"type":"Point","coordinates":[60.50158000010325,60.83119000033512]}},{"type":"Feature","properties":{"id":"ru-mrds-10038585","name":"Berezowka","resource_type":"Past Producer","normalized_resource_group":"mineral_occurrence","commodity_codes":"PGE_PT","grade":"D"},"geometry":{"type":"Point","coordinates":[59.7682199998172,59.515109999919225]}},{"type":"Feature","properties":{"id":"ru-mrds-10038347","name":"Besimianni - Log","resource_type":"Past Producer","normalized_resource_group":"mineral_occurrence","commodity_codes":"PGE_PT","grade":"D"},"geometry":{"type":"Point","coordinates":[59.372089999708855,58.81595999979485]}},{"type":"Feature","properties":{"id":"ru-mrds-10098400","name":"Bezymyanni Klyuch","resource_type":"Past Producer","normalized_resource_group":"metallic_minerals","commodity_codes":"AU PGE_PT","grade":"D"},"geometry":{"type":"Point","coordinates":[123.09765000046158,54.42648999979908]}},{"type":"Feature","properties":{"id":"ru-mrds-10038341","name":"Bielaia River","resource_type":"Past Producer","normalized_resource_group":"mineral_occurrence","commodity_codes":"PGE_PT","grade":"D"},"geometry":{"type":"Point","coordinates":[59.76761999976759,58.81483000000458]}},{"type":"Feature","properties":{"id":"ru-mrds-10038594","name":"Bielaievskaia","resource_type":"Past Producer","normalized_resource_group":"mineral_occurrence","commodity_codes":"PGE_PT","grade":"D"},"geometry":{"type":"Point","coordinates":[59.070179999398036,59.39790000032089]}},{"type":"Feature","properties":{"id":"ru-mrds-10038255","name":"Bielgorsky Log","resource_type":"Past Producer","normalized_resource_group":"mineral_occurrence","commodity_codes":"PGE_PT","grade":"D"},"geometry":{"type":"Point","coordinates":[59.834789999798254,57.638719999548215]}},{"type":"Feature","properties":{"id":"ru-mrds-10098409","name":"Birkowsky Log","resource_type":"Past Producer","normalized_resource_group":"metallic_minerals","commodity_codes":"AU PGE_PT PGE_OS","grade":"D"},"geometry":{"type":"Point","coordinates":[59.57374000044132,58.706219999502025]}},{"type":"Feature","properties":{"id":"ru-mrds-10038543","name":"Biryusinski Region","resource_type":"Past Producer","normalized_resource_group":"mineral_occurrence","commodity_codes":"PGE_PT","grade":"D"},"geometry":{"type":"Point","coordinates":[97.48036000049413,53.83830000043633]}},{"type":"Feature","properties":{"id":"ru-mrds-10182185","name":"Blagodat","resource_type":"Producer","normalized_resource_group":"metallic_minerals","commodity_codes":"PB ZN","grade":"D"},"geometry":{"type":"Point","coordinates":[119.59896999999998,51.314599999650724]}},{"type":"Feature","properties":{"id":"ru-mrds-10038401","name":"Blagonadejny Priisk","resource_type":"Past Producer","normalized_resource_group":"mineral_occurrence","commodity_codes":"PGE_PT","grade":"D"},"geometry":{"type":"Point","coordinates":[59.770120000423496,58.782330000216945]}},{"type":"Feature","properties":{"id":"ru-mrds-10103653","name":"Blagoweschenskii Log","resource_type":"Past Producer","normalized_resource_group":"mineral_occurrence","commodity_codes":"PGE_PT","grade":"D"},"geometry":{"type":"Point","coordinates":[59.71041000038096,58.83705999965063]}},{"type":"Feature","properties":{"id":"ru-mrds-10231454","name":"Bodaibo River Deposit","resource_type":"Producer","normalized_resource_group":"metallic_minerals","commodity_codes":"AU","grade":"D"},"geometry":{"type":"Point","coordinates":[114.23231999969205,57.831080000543274]}},{"type":"Feature","properties":{"id":"ru-mrds-10103669","name":"Bogoiawlensky - Priisk","resource_type":"Past Producer","normalized_resource_group":"mineral_occurrence","commodity_codes":"PGE_PT","grade":"D"},"geometry":{"type":"Point","coordinates":[59.75401000039366,58.80928000026081]}},{"type":"Feature","properties":{"id":"ru-mrds-10281274","name":"Bogolovskkarpinsk","resource_type":"Producer","normalized_resource_group":"mineral_occurrence","commodity_codes":"FE","grade":"D"},"geometry":{"type":"Point","coordinates":[60.01824999996953,59.7478900003006]}},{"type":"Feature","properties":{"id":"ru-mrds-10103671","name":"Bokowoi - Priisk","resource_type":"Past Producer","normalized_resource_group":"mineral_occurrence","commodity_codes":"PGE_PT","grade":"D"},"geometry":{"type":"Point","coordinates":[59.7751199999387,58.77706000001724]}},{"type":"Feature","properties":{"id":"ru-mrds-10207140","name":"Bolchie Kuly","resource_type":"Producer","normalized_resource_group":"metallic_minerals","commodity_codes":"AU","grade":"D"},"geometry":{"type":"Point","coordinates":[121.53211999975727,54.28116999981615]}},{"type":"Feature","properties":{"id":"ru-mrds-10038409","name":"Bolshaya Beresowka River","resource_type":"Past Producer","normalized_resource_group":"metallic_minerals","commodity_codes":"AU PGE_PT","grade":"D"},"geometry":{"type":"Point","coordinates":[59.90728999995535,57.717059999582304]}},{"type":"Feature","properties":{"id":"ru-mrds-10038330","name":"Bolshaya Choumika River","resource_type":"Past Producer","normalized_resource_group":"mineral_occurrence","commodity_codes":"PGE_PT","grade":"D"},"geometry":{"type":"Point","coordinates":[59.618460000187305,58.82289000008154]}},{"type":"Feature","properties":{"id":"ru-mrds-10103645","name":"Bolshaya Chourpikha","resource_type":"Past Producer","normalized_resource_group":"mineral_occurrence","commodity_codes":"PGE_PT","grade":"D"},"geometry":{"type":"Point","coordinates":[59.801460000051044,57.619280000000536]}},{"type":"Feature","properties":{"id":"ru-mrds-10039122","name":"Bolshaya Gusevka","resource_type":"Past Producer","normalized_resource_group":"mineral_occurrence","commodity_codes":"PGE_PT PGE_PD PGE_IR PGE_RH PGE","grade":"D"},"geometry":{"type":"Point","coordinates":[59.618460000187305,58.795390000244744]}},{"type":"Feature","properties":{"id":"ru-mrds-10038581","name":"Bolshaya Kamenouchka","resource_type":"Past Producer","normalized_resource_group":"metallic_minerals","commodity_codes":"PGE_PT AU","grade":"D"},"geometry":{"type":"Point","coordinates":[59.54375000070083,58.94900000007038]}},{"type":"Feature","properties":{"id":"ru-mrds-10038559","name":"Bolshaya Laba River","resource_type":"Past Producer","normalized_resource_group":"metallic_minerals","commodity_codes":"PGE_PT AU","grade":"D"},"geometry":{"type":"Point","coordinates":[40.867679999977994,43.691999999867335]}},{"type":"Feature","properties":{"id":"ru-mrds-10255093","name":"Bolshaya Mogocha Group","resource_type":"Producer","normalized_resource_group":"metallic_minerals","commodity_codes":"AU","grade":"D"},"geometry":{"type":"Point","coordinates":[120.18217999977048,54.06455999969496]}},{"type":"Feature","properties":{"id":"ru-mrds-10038537","name":"Bolshaya Murozhnaya River","resource_type":"Past Producer","normalized_resource_group":"mineral_occurrence","commodity_codes":"PGE_PT","grade":"D"},"geometry":{"type":"Point","coordinates":[93.45303000010313,58.564080000132996]}},{"type":"Feature","properties":{"id":"ru-mrds-10038335","name":"Bolshaya Ossokina River","resource_type":"Past Producer","normalized_resource_group":"metallic_minerals","commodity_codes":"PGE_PT AU","grade":"D"},"geometry":{"type":"Point","coordinates":[59.845950000541606,58.830110000263076]}},{"type":"Feature","properties":{"id":"ru-mrds-10038352","name":"Bolshaya Prostokischenka","resource_type":"Past Producer","normalized_resource_group":"mineral_occurrence","commodity_codes":"PGE_PT","grade":"D"},"geometry":{"type":"Point","coordinates":[59.40681000042443,58.834840000181835]}},{"type":"Feature","properties":{"id":"ru-mrds-10038370","name":"Bolshaya Prostokischenka","resource_type":"Past Producer","normalized_resource_group":"mineral_occurrence","commodity_codes":"PGE_PT","grade":"D"},"geometry":{"type":"Point","coordinates":[59.41681000035315,58.8106799999873]}},{"type":"Feature","properties":{"id":"ru-mrds-10038609","name":"Bolshaya Solwa River","resource_type":"Past Producer","normalized_resource_group":"mineral_occurrence","commodity_codes":"PGE_PT","grade":"D"},"geometry":{"type":"Point","coordinates":[59.661589999846726,60.313460000272414]}},{"type":"Feature","properties":{"id":"ru-mrds-10038407","name":"Bolshaya Tcheremchanka River","resource_type":"Past Producer","normalized_resource_group":"metallic_minerals","commodity_codes":"PGE_PT AU","grade":"D"},"geometry":{"type":"Point","coordinates":[59.21205000066607,57.67483999978032]}},{"type":"Feature","properties":{"id":"ru-mrds-10038506","name":"Bolshoi & Maloi Oldoi Rivers","resource_type":"Past Producer","normalized_resource_group":"mineral_occurrence","commodity_codes":"PGE_PT","grade":"D"},"geometry":{"type":"Point","coordinates":[123.79872000036784,54.91732999999507]}},{"type":"Feature","properties":{"id":"ru-mrds-10038526","name":"Bolshoi Pit River","resource_type":"Past Producer","normalized_resource_group":"mineral_occurrence","commodity_codes":"PGE_PT","grade":"D"},"geometry":{"type":"Point","coordinates":[94.13326999994847,58.445189999467615]}},{"type":"Feature","properties":{"id":"ru-mrds-10038525","name":"Bolshoi Pit Tributaries","resource_type":"Past Producer","normalized_resource_group":"mineral_occurrence","commodity_codes":"PGE_PT","grade":"D"},"geometry":{"type":"Point","coordinates":[95.24987999981661,59.299909999787715]}},{"type":"Feature","properties":{"id":"ru-mrds-10038327","name":"Bolshoi Sakciam","resource_type":"Past Producer","normalized_resource_group":"metallic_minerals","commodity_codes":"PGE_PT AU","grade":"D"},"geometry":{"type":"Point","coordinates":[59.628460000116064,58.85095000009848]}},{"type":"Feature","properties":{"id":"ru-mrds-10279380","name":"Bom Gorkhom","resource_type":"Producer","normalized_resource_group":"mineral_occurrence","commodity_codes":"W","grade":"D"},"geometry":{"type":"Point","coordinates":[108.91606999995922,51.21451999983375]}},{"type":"Feature","properties":{"id":"ru-mrds-10038940","name":"Boma River","resource_type":"Past Producer","normalized_resource_group":"metallic_minerals","commodity_codes":"AU PGE_PT","grade":"D"},"geometry":{"type":"Point","coordinates":[130.2898999999413,54.12936000052736]}},{"type":"Feature","properties":{"id":"ru-mrds-10039136","name":"Boroundouka River","resource_type":"Past Producer","normalized_resource_group":"metallic_minerals","commodity_codes":"AU PGE_PT","grade":"D"},"geometry":{"type":"Point","coordinates":[59.80117999966855,57.66732999954265]}},{"type":"Feature","properties":{"id":"ru-mrds-10038371","name":"Borowskoe To Bezimianni-Log","resource_type":"Past Producer","normalized_resource_group":"mineral_occurrence","commodity_codes":"PGE_PT","grade":"D"},"geometry":{"type":"Point","coordinates":[59.44041999965581,58.8106799999873]}},{"type":"Feature","properties":{"id":"ru-mrds-10103679","name":"Bouran Laverie On Toura","resource_type":"Past Producer","normalized_resource_group":"mineral_occurrence","commodity_codes":"PGE_PT","grade":"D"},"geometry":{"type":"Point","coordinates":[59.88706999998984,58.776500000281885]}},{"type":"Feature","properties":{"id":"ru-mrds-10038593","name":"Boyandinskaia","resource_type":"Past Producer","normalized_resource_group":"mineral_occurrence","commodity_codes":"PGE_PT","grade":"D"},"geometry":{"type":"Point","coordinates":[59.037679999854205,59.46650999948236]}},{"type":"Feature","properties":{"id":"ru-mrds-10107489","name":"Bugdainsk","resource_type":"Producer","normalized_resource_group":"metallic_minerals","commodity_codes":"MO AU","grade":"D"},"geometry":{"type":"Point","coordinates":[114.99913000027425,51.99786000000148]}},{"type":"Feature","properties":{"id":"ru-mrds-10304042","name":"Bulgaust Mangan Jv","resource_type":"Producer","normalized_resource_group":"mineral_occurrence","commodity_codes":"MN","grade":"D"},"geometry":{"type":"Point","coordinates":[60.511280000456345,53.247920000098]}},{"type":"Feature","properties":{"id":"ru-mrds-10304292","name":"Buranov","resource_type":"Past Producer","normalized_resource_group":"mineral_occurrence","commodity_codes":"W","grade":"D"},"geometry":{"type":"Point","coordinates":[59.88460999951688,53.431220000491685]}},{"type":"Feature","properties":{"id":"ru-mrds-10158011","name":"Buribai Copper-Zinc Mining Complex","resource_type":"Producer","normalized_resource_group":"metallic_minerals","commodity_codes":"CU ZN","grade":"D"},"geometry":{"type":"Point","coordinates":[58.0013399997527,51.997979999830534]}},{"type":"Feature","properties":{"id":"ru-mrds-10098399","name":"Burinda River","resource_type":"Past Producer","normalized_resource_group":"metallic_minerals","commodity_codes":"PGE_PT AU","grade":"D"},"geometry":{"type":"Point","coordinates":[125.04871999954509,53.31458999973202]}},{"type":"Feature","properties":{"id":"ru-mrds-10133732","name":"Burmantovo","resource_type":"Past Producer","normalized_resource_group":"mineral_occurrence","commodity_codes":"MN","grade":"D"},"geometry":{"type":"Point","coordinates":[60.50159999929643,61.281190000297904]}},{"type":"Feature","properties":{"id":"ru-mrds-10134139","name":"Buruktal Anode Plant","resource_type":"Producer","normalized_resource_group":"metallic_minerals","commodity_codes":"NI_R","grade":"D"},"geometry":{"type":"Point","coordinates":[60.76791000025623,50.83126000012652]}},{"type":"Feature","properties":{"id":"ru-mrds-10158103","name":"Butugychag","resource_type":"Past Producer","normalized_resource_group":"mineral_occurrence","commodity_codes":"W","grade":"D"},"geometry":{"type":"Point","coordinates":[149.030819999964,61.28154999972131]}},{"type":"Feature","properties":{"id":"ru-mrds-10038541","name":"Byelaya River","resource_type":"Past Producer","normalized_resource_group":"metallic_minerals","commodity_codes":"PGE_PT AU","grade":"D"},"geometry":{"type":"Point","coordinates":[102.6109900000567,52.74193999950155]}},{"type":"Feature","properties":{"id":"ru-mrds-10038499","name":"Byelii Iyus River System","resource_type":"Past Producer","normalized_resource_group":"mineral_occurrence","commodity_codes":"PGE_PT","grade":"D"},"geometry":{"type":"Point","coordinates":[88.98044000034648,53.44801999966996]}},{"type":"Feature","properties":{"id":"ru-mrds-10230785","name":"Central Ural Group","resource_type":"Producer","normalized_resource_group":"metallic_minerals","commodity_codes":"NI","grade":"D"},"geometry":{"type":"Point","coordinates":[60.001399999249664,55.99791000027442]}},{"type":"Feature","properties":{"id":"ru-mrds-10038243","name":"Chaitanka River","resource_type":"Past Producer","normalized_resource_group":"mineral_occurrence","commodity_codes":"PGE_PT","grade":"D"},"geometry":{"type":"Point","coordinates":[59.57591000048603,57.57733999996674]}},{"type":"Feature","properties":{"id":"ru-mrds-10305807","name":"Chalilovo","resource_type":"Producer","normalized_resource_group":"metallic_minerals","commodity_codes":"NI","grade":"D"},"geometry":{"type":"Point","coordinates":[58.11800999983488,51.414679999850435]}},{"type":"Feature","properties":{"id":"ru-mrds-10038463","name":"Cheremoshkin River","resource_type":"Past Producer","normalized_resource_group":"metallic_minerals","commodity_codes":"PGE_PT AU","grade":"D"},"geometry":{"type":"Point","coordinates":[128.99853000017228,54.99794999991613]}},{"type":"Feature","properties":{"id":"ru-mrds-10038498","name":"Chernii Iyus River System","resource_type":"Past Producer","normalized_resource_group":"mineral_occurrence","commodity_codes":"PGE_PT","grade":"D"},"geometry":{"type":"Point","coordinates":[88.97377999952614,54.185789999791176]}},{"type":"Feature","properties":{"id":"ru-mrds-10038388","name":"Cherubinsky - Priisk","resource_type":"Past Producer","normalized_resource_group":"mineral_occurrence","commodity_codes":"PGE_PT","grade":"D"},"geometry":{"type":"Point","coordinates":[59.70430000027988,58.84066999973337]}},{"type":"Feature","properties":{"id":"ru-mrds-10103664","name":"Chestlevii - Priisk","resource_type":"Past Producer","normalized_resource_group":"metallic_minerals","commodity_codes":"PGE_PT AU","grade":"D"},"geometry":{"type":"Point","coordinates":[59.70538999987595,58.436500000123715]}},{"type":"Feature","properties":{"id":"ru-mrds-10038518","name":"Chibagala","resource_type":"Past Producer","normalized_resource_group":"metallic_minerals","commodity_codes":"PGE_PT AU","grade":"D"},"geometry":{"type":"Point","coordinates":[141.07692000014922,64.87454999995623]}},{"type":"Feature","properties":{"id":"ru-mrds-10038545","name":"Chibizhek River System","resource_type":"Past Producer","normalized_resource_group":"metallic_minerals","commodity_codes":"PGE_PT AU","grade":"D"},"geometry":{"type":"Point","coordinates":[93.8682900005809,54.41632999965498]}},{"type":"Feature","properties":{"id":"ru-mrds-10038505","name":"Chinga River","resource_type":"Past Producer","normalized_resource_group":"mineral_occurrence","commodity_codes":"PGE_PT","grade":"D"},"geometry":{"type":"Point","coordinates":[92.7636099995884,51.76777000031604]}},{"type":"Feature","properties":{"id":"ru-mrds-10255201","name":"Chirimba River","resource_type":"Producer","normalized_resource_group":"metallic_minerals","commodity_codes":"AU","grade":"D"},"geometry":{"type":"Point","coordinates":[93.88324999984188,59.430990000039706]}},{"type":"Feature","properties":{"id":"ru-mrds-10206671","name":"Dal'Polymetal Complex","resource_type":"Producer","normalized_resource_group":"metallic_minerals","commodity_codes":"PB ZN SN","grade":"D"},"geometry":{"type":"Point","coordinates":[135.49863000012414,44.54823999963074]}},{"type":"Feature","properties":{"id":"ru-mrds-10304104","name":"Dambuly","resource_type":"Producer","normalized_resource_group":"metallic_minerals","commodity_codes":"AU","grade":"D"},"geometry":{"type":"Point","coordinates":[136.49751000045126,66.59811000018139]}},{"type":"Feature","properties":{"id":"ru-mrds-10038527","name":"Dolongui","resource_type":"Past Producer","normalized_resource_group":"metallic_minerals","commodity_codes":"AU PGE_PT","grade":"D"},"geometry":{"type":"Point","coordinates":[109.05827000004183,49.54119000046459]}},{"type":"Feature","properties":{"id":"ru-mrds-10038269","name":"Doubnikine River","resource_type":"Past Producer","normalized_resource_group":"metallic_minerals","commodity_codes":"AU PGE_PT","grade":"D"},"geometry":{"type":"Point","coordinates":[59.76506999978126,57.502610000364285]}},{"type":"Feature","properties":{"id":"ru-mrds-10103661","name":"Downstream From Labaska","resource_type":"Past Producer","normalized_resource_group":"mineral_occurrence","commodity_codes":"PGE_PT","grade":"D"},"geometry":{"type":"Point","coordinates":[59.561239999856646,58.84345000049615]}},{"type":"Feature","properties":{"id":"ru-mrds-10103655","name":"Drougelioubny-Priisk-Kisslaia","resource_type":"Past Producer","normalized_resource_group":"metallic_minerals","commodity_codes":"PGE_PT AU","grade":"D"},"geometry":{"type":"Point","coordinates":[59.742899999879064,58.8117800002377]}},{"type":"Feature","properties":{"id":"ru-mrds-10158287","name":"Duet","resource_type":"Producer","normalized_resource_group":"metallic_minerals","commodity_codes":"AU","grade":"D"},"geometry":{"type":"Point","coordinates":[137.94798000035317,59.847460000084396]}},{"type":"Feature","properties":{"id":"ru-mrds-10255134","name":"Dukat Concentrator","resource_type":"Producer","normalized_resource_group":"metallic_minerals","commodity_codes":"AU AG","grade":"D"},"geometry":{"type":"Point","coordinates":[155.7305299994016,62.49840000016553]}},{"type":"Feature","properties":{"id":"ru-mrds-10134277","name":"Dukat Mine","resource_type":"Producer","normalized_resource_group":"metallic_minerals","commodity_codes":"AU AG","grade":"D"},"geometry":{"type":"Point","coordinates":[155.18054000067173,62.59839000030472]}},{"type":"Feature","properties":{"id":"ru-mrds-10098401","name":"Dyep River","resource_type":"Past Producer","normalized_resource_group":"metallic_minerals","commodity_codes":"AU PGE_PT","grade":"D"},"geometry":{"type":"Point","coordinates":[128.96799999975832,53.86739999965367]}},{"type":"Feature","properties":{"id":"ru-mrds-10103692","name":"Dyetkova Yama","resource_type":"Past Producer","normalized_resource_group":"mineral_occurrence","commodity_codes":"PGE_PT","grade":"D"},"geometry":{"type":"Point","coordinates":[59.81673999987749,57.61706000008943]}},{"type":"Feature","properties":{"id":"ru-mrds-10255208","name":"Dzhalinda Nizhnyaya","resource_type":"Producer","normalized_resource_group":"metallic_minerals","commodity_codes":"AU","grade":"D"},"geometry":{"type":"Point","coordinates":[127.68184000046507,55.71462000013177]}},{"type":"Feature","properties":{"id":"ru-mrds-10038514","name":"Dzhalinda River","resource_type":"Past Producer","normalized_resource_group":"metallic_minerals","commodity_codes":"PGE_PT AU","grade":"D"},"geometry":{"type":"Point","coordinates":[127.64243999990143,55.74208999945758]}},{"type":"Feature","properties":{"id":"ru-mrds-10038517","name":"Dzhana River","resource_type":"Past Producer","normalized_resource_group":"metallic_minerals","commodity_codes":"PGE_PT AU","grade":"D"},"geometry":{"type":"Point","coordinates":[134.95774999994683,55.343020000221806]}},{"type":"Feature","properties":{"id":"ru-mrds-10038519","name":"Dzhengdali Spring","resource_type":"Past Producer","normalized_resource_group":"metallic_minerals","commodity_codes":"PGE_PT AU","grade":"D"},"geometry":{"type":"Point","coordinates":[125.01225000070593,55.837890000057115]}},{"type":"Feature","properties":{"id":"ru-mrds-10305302","name":"Dzhetsky","resource_type":"Producer","normalized_resource_group":"metallic_minerals","commodity_codes":"MO CU W","grade":"D"},"geometry":{"type":"Point","coordinates":[92.1500300001358,54.96442000029432]}},{"type":"Feature","properties":{"id":"ru-mrds-10038528","name":"Dzhidy River and Tributaries","resource_type":"Past Producer","normalized_resource_group":"metallic_minerals","commodity_codes":"AU PGE_PT","grade":"D"},"geometry":{"type":"Point","coordinates":[103.15625999965383,50.741979999816664]}},{"type":"Feature","properties":{"id":"ru-mrds-10159797","name":"Dzhuza","resource_type":"Producer","normalized_resource_group":"metallic_minerals","commodity_codes":"CU","grade":"D"},"geometry":{"type":"Point","coordinates":[59.45126999987943,51.66466000027002]}},{"type":"Feature","properties":{"id":"ru-mrds-10191136","name":"Egor'Evsk","resource_type":"Producer","normalized_resource_group":"metallic_minerals","commodity_codes":"AU","grade":"D"},"geometry":{"type":"Point","coordinates":[84.6003599997518,54.514440000325195]}},{"type":"Feature","properties":{"id":"ru-mrds-10103682","name":"Ejowka","resource_type":"Past Producer","normalized_resource_group":"mineral_occurrence","commodity_codes":"PGE_PT","grade":"D"},"geometry":{"type":"Point","coordinates":[59.83233999937106,58.742060000140896]}},{"type":"Feature","properties":{"id":"ru-mrds-10038399","name":"Ekaterinbursky To Konioukowsky","resource_type":"Past Producer","normalized_resource_group":"mineral_occurrence","commodity_codes":"PGE_PT","grade":"D"},"geometry":{"type":"Point","coordinates":[59.75900999990887,58.79621999973934]}},{"type":"Feature","properties":{"id":"ru-mrds-10038398","name":"Ekaterinebursky Priisk","resource_type":"Past Producer","normalized_resource_group":"mineral_occurrence","commodity_codes":"PGE_PT","grade":"D"},"geometry":{"type":"Point","coordinates":[59.75040000005018,58.799829999756604]}},{"type":"Feature","properties":{"id":"ru-mrds-10038383","name":"Elisabethinsky-Priisk 1","resource_type":"Past Producer","normalized_resource_group":"mineral_occurrence","commodity_codes":"PGE_PT","grade":"D"},"geometry":{"type":"Point","coordinates":[59.581800000479085,58.8495599997925]}},{"type":"Feature","properties":{"id":"ru-mrds-10038403","name":"Elisabethinsky-Priisk 2","resource_type":"Past Producer","normalized_resource_group":"mineral_occurrence","commodity_codes":"PGE_PT","grade":"D"},"geometry":{"type":"Point","coordinates":[59.81623000023956,58.78010999942733]}},{"type":"Feature","properties":{"id":"ru-mrds-10038469","name":"Elyegesa River System","resource_type":"Past Producer","normalized_resource_group":"mineral_occurrence","commodity_codes":"PGE_PT","grade":"D"},"geometry":{"type":"Point","coordinates":[94.35716000000501,51.19778000058622]}},{"type":"Feature","properties":{"id":"ru-mrds-10158490","name":"Festival'Noe","resource_type":"Producer","normalized_resource_group":"metallic_minerals","commodity_codes":"SN CU W","grade":"D"},"geometry":{"type":"Point","coordinates":[136.36514000041805,50.764789999546466]}},{"type":"Feature","properties":{"id":"ru-mrds-10231074","name":"Fiagdon","resource_type":"Producer","normalized_resource_group":"metallic_minerals","commodity_codes":"PB ZN","grade":"D"},"geometry":{"type":"Point","coordinates":[44.334769999668495,42.781679999438204]}},{"type":"Feature","properties":{"id":"ru-mrds-10038487","name":"Fomikha River","resource_type":"Past Producer","normalized_resource_group":"mineral_occurrence","commodity_codes":"PGE_PT HG","grade":"D"},"geometry":{"type":"Point","coordinates":[84.28037000028125,54.39302000051532]}},{"type":"Feature","properties":{"id":"ru-mrds-10304315","name":"Gai Concentrator","resource_type":"Producer","normalized_resource_group":"metallic_minerals","commodity_codes":"CU ZN","grade":"D"},"geometry":{"type":"Point","coordinates":[58.45129999995624,51.481270000095584]}},{"type":"Feature","properties":{"id":"ru-mrds-10038365","name":"Galkinsky - Log","resource_type":"Past Producer","normalized_resource_group":"mineral_occurrence","commodity_codes":"PGE_PT","grade":"D"},"geometry":{"type":"Point","coordinates":[59.293199999966525,58.79957000046208]}},{"type":"Feature","properties":{"id":"ru-mrds-10038333","name":"Gavrinka River","resource_type":"Past Producer","normalized_resource_group":"metallic_minerals","commodity_codes":"AU PGE_PT","grade":"D"},"geometry":{"type":"Point","coordinates":[59.696800000108745,58.842889999828586]}},{"type":"Feature","properties":{"id":"ru-mrds-10038464","name":"Gilyui River","resource_type":"Past Producer","normalized_resource_group":"mineral_occurrence","commodity_codes":"PGE_PT","grade":"D"},"geometry":{"type":"Point","coordinates":[125.39865999947145,54.92818000030178]}},{"type":"Feature","properties":{"id":"ru-mrds-10038587","name":"Gloubokaia","resource_type":"Past Producer","normalized_resource_group":"mineral_occurrence","commodity_codes":"PGE_PT","grade":"D"},"geometry":{"type":"Point","coordinates":[58.6357599993119,59.50484999974448]}},{"type":"Feature","properties":{"id":"ru-mrds-10038346","name":"Gloubokaia","resource_type":"Past Producer","normalized_resource_group":"mineral_occurrence","commodity_codes":"PGE_PT","grade":"D"},"geometry":{"type":"Point","coordinates":[59.8062299994125,58.78260999983859]}},{"type":"Feature","properties":{"id":"ru-mrds-10038529","name":"Gondyba River","resource_type":"Past Producer","normalized_resource_group":"mineral_occurrence","commodity_codes":"PGE_PT","grade":"D"},"geometry":{"type":"Point","coordinates":[119.11008999963181,51.67039000015381]}},{"type":"Feature","properties":{"id":"ru-mrds-10039141","name":"Gorielaia","resource_type":"Past Producer","normalized_resource_group":"metallic_minerals","commodity_codes":"PGE_PT AU","grade":"D"},"geometry":{"type":"Point","coordinates":[59.818139999993285,57.745110000260446]}},{"type":"Feature","properties":{"id":"ru-mrds-10103683","name":"Gounina, Talitza","resource_type":"Past Producer","normalized_resource_group":"metallic_minerals","commodity_codes":"PGE_PT AU","grade":"D"},"geometry":{"type":"Point","coordinates":[59.90151000046545,58.8312200005206]}},{"type":"Feature","properties":{"id":"ru-mrds-10158441","name":"Grushveka","resource_type":"Producer","normalized_resource_group":"mineral_occurrence","commodity_codes":"MN","grade":"D"},"geometry":{"type":"Point","coordinates":[40.668390000159384,47.914979999953495]}},{"type":"Feature","properties":{"id":"ru-mrds-10182515","name":"Gubkin Pp","resource_type":"Producer","normalized_resource_group":"mineral_occurrence","commodity_codes":"FE","grade":"D"},"geometry":{"type":"Point","coordinates":[37.635189999927235,51.281559999499734]}},{"type":"Feature","properties":{"id":"ru-mrds-10279718","name":"Guryevsk","resource_type":"Producer","normalized_resource_group":"mineral_occurrence","commodity_codes":"FE","grade":"D"},"geometry":{"type":"Point","coordinates":[85.93359999970488,54.28102999985436]}},{"type":"Feature","properties":{"id":"ru-mrds-10134835","name":"Gusevo Gora","resource_type":"Producer","normalized_resource_group":"metallic_minerals","commodity_codes":"PGE_PT V FE PGE_PD REE TI","grade":"D"},"geometry":{"type":"Point","coordinates":[59.55151000026466,58.59788999982389]}},{"type":"Feature","properties":{"id":"ru-mrds-10038402","name":"Idea - Priisk","resource_type":"Past Producer","normalized_resource_group":"mineral_occurrence","commodity_codes":"PGE_PT","grade":"D"},"geometry":{"type":"Point","coordinates":[59.78873000021092,58.774279999800015]}},{"type":"Feature","properties":{"id":"ru-mrds-10231183","name":"Iengra Stream","resource_type":"Producer","normalized_resource_group":"metallic_minerals","commodity_codes":"AU","grade":"D"},"geometry":{"type":"Point","coordinates":[125.4153099992764,56.09789000015057]}},{"type":"Feature","properties":{"id":"ru-mrds-10038944","name":"Igakskii Spring","resource_type":"Past Producer","normalized_resource_group":"mineral_occurrence","commodity_codes":"PGE_PT","grade":"D"},"geometry":{"type":"Point","coordinates":[124.37957000012284,53.58596999945645]}},{"type":"Feature","properties":{"id":"ru-mrds-10182320","name":"Ikibzyakh Group","resource_type":"Producer","normalized_resource_group":"metallic_minerals","commodity_codes":"AU","grade":"D"},"geometry":{"type":"Point","coordinates":[113.63234999961337,57.44777999954626]}},{"type":"Feature","properties":{"id":"ru-mrds-10038504","name":"Ilikyema River Upper","resource_type":"Past Producer","normalized_resource_group":"mineral_occurrence","commodity_codes":"PGE_PT","grade":"D"},"geometry":{"type":"Point","coordinates":[93.43887000001001,51.88138000015683]}},{"type":"Feature","properties":{"id":"ru-mrds-10085909","name":"Ilintas","resource_type":"Producer","normalized_resource_group":"metallic_minerals","commodity_codes":"SN W CU CO AG AU IN","grade":"D"},"geometry":{"type":"Point","coordinates":[135.66427999967584,65.91475999971178]}},{"type":"Feature","properties":{"id":"ru-mrds-10038522","name":"Imperial Gavana","resource_type":"Past Producer","normalized_resource_group":"mineral_occurrence","commodity_codes":"PGE_PT","grade":"D"},"geometry":{"type":"Point","coordinates":[140.18643999980415,49.33900000015925]}},{"type":"Feature","properties":{"id":"ru-mrds-10085910","name":"Inagly","resource_type":"Producer","normalized_resource_group":"metallic_minerals","commodity_codes":"PGE_PT AU","grade":"D"},"geometry":{"type":"Point","coordinates":[124.53204000047091,54.34789999967979]}},{"type":"Feature","properties":{"id":"ru-mrds-10038468","name":"Ingoda River Upper","resource_type":"Past Producer","normalized_resource_group":"mineral_occurrence","commodity_codes":"PGE_PT","grade":"D"},"geometry":{"type":"Point","coordinates":[111.14458000060853,50.16368999981205]}},{"type":"Feature","properties":{"id":"ru-mrds-10279828","name":"Innakh Kuyra Placer Deposits","resource_type":"Producer","normalized_resource_group":"metallic_minerals","commodity_codes":"AU CU ZR","grade":"D"},"geometry":{"type":"Point","coordinates":[159.57989000047965,67.26526000000112]}},{"type":"Feature","properties":{"id":"ru-mrds-10098410","name":"Ipatikha River","resource_type":"Past Producer","normalized_resource_group":"metallic_minerals","commodity_codes":"PGE_PT AU","grade":"D"},"geometry":{"type":"Point","coordinates":[59.78479000015455,57.65067000009218]}},{"type":"Feature","properties":{"id":"ru-mrds-10256725","name":"Irokinda","resource_type":"Producer","normalized_resource_group":"metallic_minerals","commodity_codes":"AU","grade":"D"},"geometry":{"type":"Point","coordinates":[115.68230000004752,56.047799999621226]}},{"type":"Feature","properties":{"id":"ru-mrds-10038942","name":"Isakskii Klyuch","resource_type":"Past Producer","normalized_resource_group":"metallic_minerals","commodity_codes":"AU PGE_PT","grade":"D"},"geometry":{"type":"Point","coordinates":[124.40817999983899,53.4834699997808]}},{"type":"Feature","properties":{"id":"ru-mrds-10158415","name":"Isovo Region","resource_type":"Producer","normalized_resource_group":"mineral_occurrence","commodity_codes":"PGE_PT","grade":"D"},"geometry":{"type":"Point","coordinates":[59.76822999986295,59.08119000005314]}},{"type":"Feature","properties":{"id":"ru-mrds-60000957","name":"Iss River District","resource_type":"Past Producer","normalized_resource_group":"metallic_minerals","commodity_codes":"PGE_PT AU","grade":"D"},"geometry":{"type":"Point","coordinates":[59.640719999602865,58.8339900004914]}},{"type":"Feature","properties":{"id":"ru-mrds-10038389","name":"Issakiewsky Priisk","resource_type":"Past Producer","normalized_resource_group":"mineral_occurrence","commodity_codes":"PGE_PT","grade":"D"},"geometry":{"type":"Point","coordinates":[59.7068000000375,58.83566999971125]}},{"type":"Feature","properties":{"id":"ru-mrds-10038392","name":"Issowskoi - Priisk","resource_type":"Past Producer","normalized_resource_group":"mineral_occurrence","commodity_codes":"PGE_PT","grade":"D"},"geometry":{"type":"Point","coordinates":[59.71540999989619,58.82399999998076]}},{"type":"Feature","properties":{"id":"ru-mrds-10039142","name":"Istok Valley","resource_type":"Past Producer","normalized_resource_group":"metallic_minerals","commodity_codes":"PGE_PT AU","grade":"D"},"geometry":{"type":"Point","coordinates":[59.82369000022771,57.74233000056156]}},{"type":"Feature","properties":{"id":"ru-mrds-10038411","name":"Jegorova Kamenka","resource_type":"Past Producer","normalized_resource_group":"metallic_minerals","commodity_codes":"PGE_PT AU","grade":"D"},"geometry":{"type":"Point","coordinates":[59.921739999578385,57.559279999847064]}},{"type":"Feature","properties":{"id":"ru-mrds-10038572","name":"Jerusalimsky - Priisk","resource_type":"Past Producer","normalized_resource_group":"mineral_occurrence","commodity_codes":"PGE_PT","grade":"D"},"geometry":{"type":"Point","coordinates":[59.92068000011955,58.76760999938788]}},{"type":"Feature","properties":{"id":"ru-mrds-10103656","name":"Jourawlik River","resource_type":"Past Producer","normalized_resource_group":"metallic_minerals","commodity_codes":"PGE_PT AU","grade":"D"},"geometry":{"type":"Point","coordinates":[59.786230000453344,58.79317000039749]}},{"type":"Feature","properties":{"id":"ru-mrds-10038396","name":"Jouriewsky - Priisk","resource_type":"Past Producer","normalized_resource_group":"mineral_occurrence","commodity_codes":"PGE_PT","grade":"D"},"geometry":{"type":"Point","coordinates":[59.75512000008122,58.814279999578154]}},{"type":"Feature","properties":{"id":"ru-mrds-60000773","name":"Kachkanar","resource_type":"Past Producer","normalized_resource_group":"mineral_occurrence","commodity_codes":"V","grade":"D"},"geometry":{"type":"Point","coordinates":[59.48482000063299,58.66460000031108]}},{"type":"Feature","properties":{"id":"ru-mrds-10133713","name":"Kachkanar Pit I","resource_type":"Producer","normalized_resource_group":"mineral_occurrence","commodity_codes":"FE V","grade":"D"},"geometry":{"type":"Point","coordinates":[59.501519999768384,58.747899999857005]}},{"type":"Feature","properties":{"id":"ru-mrds-10182857","name":"Kachkanar Pit Ii","resource_type":"Producer","normalized_resource_group":"mineral_occurrence","commodity_codes":"FE V","grade":"D"},"geometry":{"type":"Point","coordinates":[59.951469999926196,57.91458999964502]}},{"type":"Feature","properties":{"id":"ru-mrds-10304080","name":"Kachkanar Pp","resource_type":"Producer","normalized_resource_group":"mineral_occurrence","commodity_codes":"FE V","grade":"D"},"geometry":{"type":"Point","coordinates":[59.501519999768384,58.747899999857005]}},{"type":"Feature","properties":{"id":"ru-mrds-10206693","name":"Kachkanar Sp","resource_type":"Producer","normalized_resource_group":"mineral_occurrence","commodity_codes":"FE V","grade":"D"},"geometry":{"type":"Point","coordinates":[59.501519999768384,58.747899999857005]}},{"type":"Feature","properties":{"id":"ru-mrds-10230797","name":"Kadain","resource_type":"Producer","normalized_resource_group":"metallic_minerals","commodity_codes":"PB ZN","grade":"D"},"geometry":{"type":"Point","coordinates":[119.29899000043264,50.91459999992648]}},{"type":"Feature","properties":{"id":"ru-mrds-10231039","name":"Kakadur","resource_type":"Producer","normalized_resource_group":"metallic_minerals","commodity_codes":"PB ZN","grade":"D"},"geometry":{"type":"Point","coordinates":[44.401470000244245,42.93166999947881]}},{"type":"Feature","properties":{"id":"ru-mrds-10279858","name":"Kalanguy","resource_type":"Producer","normalized_resource_group":"mineral_occurrence","commodity_codes":"F","grade":"D"},"geometry":{"type":"Point","coordinates":[116.49908000013619,51.0145800001994]}},{"type":"Feature","properties":{"id":"ru-mrds-10038582","name":"Kamenka","resource_type":"Past Producer","normalized_resource_group":"mineral_occurrence","commodity_codes":"PGE_PT","grade":"D"},"geometry":{"type":"Point","coordinates":[59.51514000008636,58.95123000029416]}},{"type":"Feature","properties":{"id":"ru-mrds-10038567","name":"Kamenka River","resource_type":"Past Producer","normalized_resource_group":"mineral_occurrence","commodity_codes":"PGE_PT","grade":"D"},"geometry":{"type":"Point","coordinates":[59.83594999971454,58.797610000038276]}},{"type":"Feature","properties":{"id":"ru-mrds-10039140","name":"Kamennaia River","resource_type":"Past Producer","normalized_resource_group":"metallic_minerals","commodity_codes":"PGE_PT AU","grade":"D"},"geometry":{"type":"Point","coordinates":[59.81535999985318,57.7465000002622]}},{"type":"Feature","properties":{"id":"ru-mrds-10038611","name":"Kamenny Log 15","resource_type":"Past Producer","normalized_resource_group":"mineral_occurrence","commodity_codes":"PGE_PT","grade":"D"},"geometry":{"type":"Point","coordinates":[59.81035000029222,57.62567000021346]}},{"type":"Feature","properties":{"id":"ru-mrds-10038612","name":"Kamenny Log 16","resource_type":"Past Producer","normalized_resource_group":"mineral_occurrence","commodity_codes":"PGE_PT CR","grade":"D"},"geometry":{"type":"Point","coordinates":[59.811740000362256,57.620110000270635]}},{"type":"Feature","properties":{"id":"ru-mrds-10038538","name":"Kana River Upper","resource_type":"Past Producer","normalized_resource_group":"metallic_minerals","commodity_codes":"PGE_PT AU","grade":"D"},"geometry":{"type":"Point","coordinates":[94.78408999996576,54.50939000049485]}},{"type":"Feature","properties":{"id":"ru-mrds-10133894","name":"Karamken Mine","resource_type":"Producer","normalized_resource_group":"metallic_minerals","commodity_codes":"AU AG","grade":"D"},"geometry":{"type":"Point","coordinates":[150.98083999963427,60.23157999982763]}},{"type":"Feature","properties":{"id":"ru-mrds-10038488","name":"Kasma River","resource_type":"Past Producer","normalized_resource_group":"mineral_occurrence","commodity_codes":"PGE_PT HG","grade":"D"},"geometry":{"type":"Point","coordinates":[84.93284999980699,54.97134000021028]}},{"type":"Feature","properties":{"id":"ru-mrds-10038556","name":"Katun River","resource_type":"Past Producer","normalized_resource_group":"mineral_occurrence","commodity_codes":"PGE_PT","grade":"D"},"geometry":{"type":"Point","coordinates":[96.33957000051264,53.61607000013074]}},{"type":"Feature","properties":{"id":"ru-mrds-10206716","name":"Kaula Kotselvaara","resource_type":"Producer","normalized_resource_group":"metallic_minerals","commodity_codes":"CU NI","grade":"D"},"geometry":{"type":"Point","coordinates":[30.23692000038672,69.39852999959894]}},{"type":"Feature","properties":{"id":"ru-mrds-10206989","name":"Kaura Bolshaya","resource_type":"Producer","normalized_resource_group":"metallic_minerals","commodity_codes":"AU","grade":"D"},"geometry":{"type":"Point","coordinates":[87.53352000051358,52.581059999985875]}},{"type":"Feature","properties":{"id":"ru-mrds-10038484","name":"Kayacha River","resource_type":"Past Producer","normalized_resource_group":"mineral_occurrence","commodity_codes":"PGE_PT","grade":"D"},"geometry":{"type":"Point","coordinates":[85.962770000186,50.9511200003961]}},{"type":"Feature","properties":{"id":"ru-mrds-10182244","name":"Kedrovka River","resource_type":"Producer","normalized_resource_group":"metallic_minerals","commodity_codes":"AU","grade":"D"},"geometry":{"type":"Point","coordinates":[134.98192000001447,45.89819000003659]}},{"type":"Feature","properties":{"id":"ru-mrds-10206705","name":"Kerbi Group","resource_type":"Producer","normalized_resource_group":"metallic_minerals","commodity_codes":"AU","grade":"D"},"geometry":{"type":"Point","coordinates":[135.66509999983347,52.498059999816235]}},{"type":"Feature","properties":{"id":"ru-mrds-10038523","name":"Khanka Lake","resource_type":"Past Producer","normalized_resource_group":"mineral_occurrence","commodity_codes":"PGE_PT","grade":"D"},"geometry":{"type":"Point","coordinates":[131.64040000069306,45.049569999643374]}},{"type":"Feature","properties":{"id":"ru-mrds-10038974","name":"Khatygyn - Uele River","resource_type":"Past Producer","normalized_resource_group":"metallic_minerals","commodity_codes":"PGE_PT PGE_PD CU NI PGE","grade":"D"},"geometry":{"type":"Point","coordinates":[117.49332000079818,72.23049999977933]}},{"type":"Feature","properties":{"id":"ru-mrds-60000694","name":"Khibiny","resource_type":"Producer","normalized_resource_group":"mineral_occurrence","commodity_codes":"P AL CEM","grade":"D"},"geometry":{"type":"Point","coordinates":[33.836539999944016,67.64841000008433]}},{"type":"Feature","properties":{"id":"ru-mrds-10038524","name":"Khilkochen River System","resource_type":"Past Producer","normalized_resource_group":"metallic_minerals","commodity_codes":"AU PGE_PT","grade":"D"},"geometry":{"type":"Point","coordinates":[108.56077999981495,50.7978300000519]}},{"type":"Feature","properties":{"id":"ru-mrds-10098398","name":"Khilkotoi River","resource_type":"Past Producer","normalized_resource_group":"metallic_minerals","commodity_codes":"AU PGE_PT","grade":"D"},"geometry":{"type":"Point","coordinates":[108.53495999938632,49.91201999962448]}},{"type":"Feature","properties":{"id":"ru-mrds-10038515","name":"Kholodnikan Spring","resource_type":"Past Producer","normalized_resource_group":"metallic_minerals","commodity_codes":"PGE_PT AU","grade":"D"},"geometry":{"type":"Point","coordinates":[124.64253000013181,56.09095000037789]}},{"type":"Feature","properties":{"id":"ru-mrds-10304269","name":"Kholtinsk","resource_type":"Producer","normalized_resource_group":"metallic_minerals","commodity_codes":"PB ZN","grade":"D"},"geometry":{"type":"Point","coordinates":[44.05147000004342,42.84837999958902]}},{"type":"Feature","properties":{"id":"ru-mrds-10182794","name":"Khovuaksy","resource_type":"Past Producer","normalized_resource_group":"metallic_minerals","commodity_codes":"CO AS CU NI","grade":"D"},"geometry":{"type":"Point","coordinates":[93.68326999956196,51.114479999948095]}},{"type":"Feature","properties":{"id":"ru-mrds-10134158","name":"Khrustalny","resource_type":"Producer","normalized_resource_group":"mineral_occurrence","commodity_codes":"SN","grade":"D"},"geometry":{"type":"Point","coordinates":[166.8470900005436,61.68080999986024]}},{"type":"Feature","properties":{"id":"ru-mrds-10038510","name":"Khugder River System","resource_type":"Past Producer","normalized_resource_group":"mineral_occurrence","commodity_codes":"PGE_PT","grade":"D"},"geometry":{"type":"Point","coordinates":[126.43557999953103,54.37931000029749]}},{"type":"Feature","properties":{"id":"ru-mrds-10038530","name":"Kii River Upper","resource_type":"Past Producer","normalized_resource_group":"mineral_occurrence","commodity_codes":"PGE_PT","grade":"D"},"geometry":{"type":"Point","coordinates":[115.41522000005709,51.904790000556744]}},{"type":"Feature","properties":{"id":"ru-mrds-10098387","name":"Kirgichansky Log","resource_type":"Past Producer","normalized_resource_group":"mineral_occurrence","commodity_codes":"PGE_PT","grade":"D"},"geometry":{"type":"Point","coordinates":[59.23730999943143,57.555680000510414]}},{"type":"Feature","properties":{"id":"ru-mrds-10304365","name":"Kirovgrad Concentrator","resource_type":"Producer","normalized_resource_group":"metallic_minerals","commodity_codes":"CU ZN S_P S S_A","grade":"D"},"geometry":{"type":"Point","coordinates":[60.00145999952413,57.46458999986748]}},{"type":"Feature","properties":{"id":"ru-mrds-10056350","name":"Kirovsk Mine","resource_type":"Producer","normalized_resource_group":"mineral_occurrence","commodity_codes":"P","grade":"D"},"geometry":{"type":"Point","coordinates":[33.66991000040109,67.61508000024094]}},{"type":"Feature","properties":{"id":"ru-mrds-10038339","name":"Kisslaia - Pervonatchainik","resource_type":"Past Producer","normalized_resource_group":"mineral_occurrence","commodity_codes":"PGE_PT","grade":"D"},"geometry":{"type":"Point","coordinates":[59.76263000029811,58.85177999984925]}},{"type":"Feature","properties":{"id":"ru-mrds-10103688","name":"Kitlim, Severniy Kitlim Rivers","resource_type":"Past Producer","normalized_resource_group":"mineral_occurrence","commodity_codes":"PGE_PT","grade":"D"},"geometry":{"type":"Point","coordinates":[59.185179999925985,59.508180000423096]}},{"type":"Feature","properties":{"id":"ru-mrds-10038540","name":"Kitoya River Upper","resource_type":"Past Producer","normalized_resource_group":"metallic_minerals","commodity_codes":"PGE_PT AU","grade":"D"},"geometry":{"type":"Point","coordinates":[101.74020000084612,52.14359999994011]}},{"type":"Feature","properties":{"id":"ru-mrds-10279839","name":"Kiya-Shaltyr","resource_type":"Producer","normalized_resource_group":"mineral_occurrence","commodity_codes":"AL","grade":"D"},"geometry":{"type":"Point","coordinates":[88.43349000025107,54.997730000510884]}},{"type":"Feature","properties":{"id":"ru-mrds-10134123","name":"Kiyembay","resource_type":"Producer","normalized_resource_group":"mineral_occurrence","commodity_codes":"ASB","grade":"D"},"geometry":{"type":"Point","coordinates":[59.91794000016243,51.014659999438166]}},{"type":"Feature","properties":{"id":"ru-mrds-10182759","name":"Klichka","resource_type":"Producer","normalized_resource_group":"metallic_minerals","commodity_codes":"PB ZN","grade":"D"},"geometry":{"type":"Point","coordinates":[118.01574000007757,50.41459999982467]}},{"type":"Feature","properties":{"id":"ru-mrds-10206666","name":"Klyuchi Deposit","resource_type":"Producer","normalized_resource_group":"metallic_minerals","commodity_codes":"AU","grade":"D"},"geometry":{"type":"Point","coordinates":[119.43221999990817,53.54786000033859]}},{"type":"Feature","properties":{"id":"ru-mrds-10239539","name":"Kma/Gubkin","resource_type":"Producer","normalized_resource_group":"mineral_occurrence","commodity_codes":"FE","grade":"D"},"geometry":{"type":"Point","coordinates":[37.635189999927235,51.281559999499734]}},{"type":"Feature","properties":{"id":"ru-mrds-10207125","name":"Kola Nepheline","resource_type":"Producer","normalized_resource_group":"mineral_occurrence","commodity_codes":"AL","grade":"D"},"geometry":{"type":"Point","coordinates":[33.36994000087953,67.56512000033554]}},{"type":"Feature","properties":{"id":"ru-mrds-10255150","name":"Kolin","resource_type":"Past Producer","normalized_resource_group":"mineral_occurrence","commodity_codes":"MN","grade":"D"},"geometry":{"type":"Point","coordinates":[60.00157000002731,59.99790000001452]}},{"type":"Feature","properties":{"id":"ru-mrds-10134183","name":"Komsomol'Skiy Mine","resource_type":"Producer","normalized_resource_group":"metallic_minerals","commodity_codes":"CU NI","grade":"D"},"geometry":{"type":"Point","coordinates":[109.99901000032152,64.99779000044515]}},{"type":"Feature","properties":{"id":"ru-mrds-10303980","name":"Komsomolsk","resource_type":"Producer","normalized_resource_group":"metallic_minerals","commodity_codes":"AU","grade":"D"},"geometry":{"type":"Point","coordinates":[87.93351999945979,55.6310200003094]}},{"type":"Feature","properties":{"id":"ru-mrds-10038496","name":"Kondoma River System","resource_type":"Past Producer","normalized_resource_group":"mineral_occurrence","commodity_codes":"PGE_PT","grade":"D"},"geometry":{"type":"Point","coordinates":[87.68354000043448,52.60581999987076]}},{"type":"Feature","properties":{"id":"ru-mrds-10280045","name":"Konstantinovka","resource_type":"Producer","normalized_resource_group":"metallic_minerals","commodity_codes":"AU","grade":"D"},"geometry":{"type":"Point","coordinates":[93.3832799999489,54.33102999942121]}},{"type":"Feature","properties":{"id":"ru-mrds-60000802","name":"Kopansk Deposit","resource_type":"Producer","normalized_resource_group":"mineral_occurrence","commodity_codes":"FE TI V","grade":"D"},"geometry":{"type":"Point","coordinates":[59.45137999948428,55.09791000037771]}},{"type":"Feature","properties":{"id":"ru-mrds-10038373","name":"Korobowsky To Kossia","resource_type":"Past Producer","normalized_resource_group":"mineral_occurrence","commodity_codes":"PGE_PT","grade":"D"},"geometry":{"type":"Point","coordinates":[59.469030000270315,58.798730000273906]}},{"type":"Feature","properties":{"id":"ru-mrds-10038372","name":"Korobowsky To Log No. 1","resource_type":"Past Producer","normalized_resource_group":"mineral_occurrence","commodity_codes":"PGE_PT","grade":"D"},"geometry":{"type":"Point","coordinates":[59.46403000075509,58.8048399997419]}},{"type":"Feature","properties":{"id":"ru-mrds-10182180","name":"Korpanskoe Iron Deposit","resource_type":"Producer","normalized_resource_group":"mineral_occurrence","commodity_codes":"FE","grade":"D"},"geometry":{"type":"Point","coordinates":[30.81965999980397,64.6817100005837]}},{"type":"Feature","properties":{"id":"ru-mrds-10255593","name":"Korshunovo","resource_type":"Producer","normalized_resource_group":"mineral_occurrence","commodity_codes":"FE","grade":"D"},"geometry":{"type":"Point","coordinates":[104.08279000051002,56.547729999984114]}},{"type":"Feature","properties":{"id":"ru-mrds-10038377","name":"Kossinsky Priisk","resource_type":"Past Producer","normalized_resource_group":"mineral_occurrence","commodity_codes":"PGE_PT","grade":"D"},"geometry":{"type":"Point","coordinates":[59.50262999945593,58.80733999962712]}},{"type":"Feature","properties":{"id":"ru-mrds-10038615","name":"Kossogorskii Log 21","resource_type":"Past Producer","normalized_resource_group":"mineral_occurrence","commodity_codes":"PGE_PT","grade":"D"},"geometry":{"type":"Point","coordinates":[59.815629999291616,57.64927999998686]}},{"type":"Feature","properties":{"id":"ru-mrds-10038354","name":"Kossoi - Log","resource_type":"Past Producer","normalized_resource_group":"mineral_occurrence","commodity_codes":"PGE_PT","grade":"D"},"geometry":{"type":"Point","coordinates":[59.41986000083,58.851509999638985]}},{"type":"Feature","properties":{"id":"ru-mrds-60000967","name":"Koswinskiy District","resource_type":"Past Producer","normalized_resource_group":"mineral_occurrence","commodity_codes":"PGE_PT","grade":"D"},"geometry":{"type":"Point","coordinates":[59.00158000001264,59.431199999842924]}},{"type":"Feature","properties":{"id":"ru-mrds-10098386","name":"Kotchkowatka Lojok","resource_type":"Past Producer","normalized_resource_group":"mineral_occurrence","commodity_codes":"PGE_PT","grade":"D"},"geometry":{"type":"Point","coordinates":[59.81313000043233,57.69010999972922]}},{"type":"Feature","properties":{"id":"ru-mrds-10038414","name":"Kotchkowatka Lojok","resource_type":"Past Producer","normalized_resource_group":"mineral_occurrence","commodity_codes":"PGE_PT","grade":"D"},"geometry":{"type":"Point","coordinates":[59.820349999322644,57.69788999969969]}},{"type":"Feature","properties":{"id":"ru-mrds-10207115","name":"Kovdor Iron","resource_type":"Producer","normalized_resource_group":"mineral_occurrence","commodity_codes":"FE","grade":"D"},"geometry":{"type":"Point","coordinates":[30.403330000719922,67.56518000044952]}},{"type":"Feature","properties":{"id":"ru-mrds-10038542","name":"Kozyre Vaya River","resource_type":"Past Producer","normalized_resource_group":"metallic_minerals","commodity_codes":"PGE_PT AU","grade":"D"},"geometry":{"type":"Point","coordinates":[98.16644999925126,53.803300000011355]}},{"type":"Feature","properties":{"id":"ru-mrds-10038328","name":"Krasnenskaya","resource_type":"Past Producer","normalized_resource_group":"mineral_occurrence","commodity_codes":"PGE_PT","grade":"D"},"geometry":{"type":"Point","coordinates":[59.58123999971414,58.8531699997965]}},{"type":"Feature","properties":{"id":"ru-mrds-10279589","name":"Krasnooktyabrsk","resource_type":"Producer","normalized_resource_group":"mineral_occurrence","commodity_codes":"AL","grade":"D"},"geometry":{"type":"Point","coordinates":[61.16790999920242,51.33124000023975]}},{"type":"Feature","properties":{"id":"ru-mrds-10038946","name":"Krestovka River","resource_type":"Past Producer","normalized_resource_group":"metallic_minerals","commodity_codes":"AU PGE_PT","grade":"D"},"geometry":{"type":"Point","coordinates":[124.14429000006749,54.169290000030955]}},{"type":"Feature","properties":{"id":"ru-mrds-10038618","name":"Kroutinskii Logs 15,16","resource_type":"Past Producer","normalized_resource_group":"mineral_occurrence","commodity_codes":"PGE_PT CR","grade":"D"},"geometry":{"type":"Point","coordinates":[59.81507000032326,57.622889999818625]}},{"type":"Feature","properties":{"id":"ru-mrds-10038359","name":"Kroutoi - Log","resource_type":"Past Producer","normalized_resource_group":"metallic_minerals","commodity_codes":"PGE_PT AU","grade":"D"},"geometry":{"type":"Point","coordinates":[59.47540999980982,58.77901000022543]}},{"type":"Feature","properties":{"id":"ru-mrds-10038259","name":"Kroutoyara River","resource_type":"Producer","normalized_resource_group":"mineral_occurrence","commodity_codes":"PGE_PT","grade":"D"},"geometry":{"type":"Point","coordinates":[60.41526999965742,56.0362199997282]}},{"type":"Feature","properties":{"id":"ru-mrds-10038557","name":"Kuban River","resource_type":"Past Producer","normalized_resource_group":"metallic_minerals","commodity_codes":"AU PGE_PT","grade":"D"},"geometry":{"type":"Point","coordinates":[42.15903000055387,43.576440000121934]}},{"type":"Feature","properties":{"id":"ru-mrds-10158092","name":"Kumak","resource_type":"Producer","normalized_resource_group":"metallic_minerals","commodity_codes":"AU","grade":"D"},"geometry":{"type":"Point","coordinates":[60.08453999956812,51.24795999957024]}},{"type":"Feature","properties":{"id":"ru-mrds-10134428","name":"Kurgazak","resource_type":"Producer","normalized_resource_group":"mineral_occurrence","commodity_codes":"AL","grade":"D"},"geometry":{"type":"Point","coordinates":[61.48459000060008,54.464599999970176]}},{"type":"Feature","properties":{"id":"ru-mrds-10304191","name":"Kusinsk","resource_type":"Past Producer","normalized_resource_group":"mineral_occurrence","commodity_codes":"TI","grade":"D"},"geometry":{"type":"Point","coordinates":[59.76808000007511,55.39790999982311]}},{"type":"Feature","properties":{"id":"ru-mrds-10207169","name":"Laba","resource_type":"Past Producer","normalized_resource_group":"mineral_occurrence","commodity_codes":"MN","grade":"D"},"geometry":{"type":"Point","coordinates":[40.501599999884576,44.73166000041421]}},{"type":"Feature","properties":{"id":"ru-mrds-10182362","name":"Langery Region","resource_type":"Producer","normalized_resource_group":"metallic_minerals","commodity_codes":"AU","grade":"D"},"geometry":{"type":"Point","coordinates":[143.16497999973774,50.014899999909105]}},{"type":"Feature","properties":{"id":"ru-mrds-10303802","name":"Lantar Group","resource_type":"Producer","normalized_resource_group":"metallic_minerals","commodity_codes":"AU","grade":"D"},"geometry":{"type":"Point","coordinates":[136.9982100000902,56.16474000039918]}},{"type":"Feature","properties":{"id":"ru-mrds-10038576","name":"Lazarewka","resource_type":"Past Producer","normalized_resource_group":"mineral_occurrence","commodity_codes":"PGE_PT","grade":"D"},"geometry":{"type":"Point","coordinates":[59.84095000012807,58.73400000006298]}},{"type":"Feature","properties":{"id":"ru-mrds-10038497","name":"Lebeda River","resource_type":"Past Producer","normalized_resource_group":"mineral_occurrence","commodity_codes":"PGE_PT","grade":"D"},"geometry":{"type":"Point","coordinates":[88.01269999963034,52.27832000002592]}},{"type":"Feature","properties":{"id":"ru-mrds-10182211","name":"Lebidi Pp","resource_type":"Producer","normalized_resource_group":"mineral_occurrence","commodity_codes":"FE","grade":"D"},"geometry":{"type":"Point","coordinates":[37.53519000063984,51.281559999499734]}},{"type":"Feature","properties":{"id":"ru-mrds-10231372","name":"Lebidinsk Iron Mine","resource_type":"Producer","normalized_resource_group":"mineral_occurrence","commodity_codes":"FE","grade":"D"},"geometry":{"type":"Point","coordinates":[37.53519000063984,51.281559999499734]}},{"type":"Feature","properties":{"id":"ru-mrds-10038472","name":"Left Lyllymakha","resource_type":"Past Producer","normalized_resource_group":"metallic_minerals","commodity_codes":"PGE_PT AU","grade":"D"},"geometry":{"type":"Point","coordinates":[124.92937999982597,58.2737100004381]}},{"type":"Feature","properties":{"id":"ru-mrds-10158244","name":"Lermontov","resource_type":"Producer","normalized_resource_group":"mineral_occurrence","commodity_codes":"W","grade":"D"},"geometry":{"type":"Point","coordinates":[133.99865000012497,46.04818000016034]}},{"type":"Feature","properties":{"id":"ru-mrds-10231407","name":"Levikhin Mine","resource_type":"Producer","normalized_resource_group":"metallic_minerals","commodity_codes":"CU ZN","grade":"D"},"geometry":{"type":"Point","coordinates":[59.91816000027045,57.58118999953946]}},{"type":"Feature","properties":{"id":"ru-mrds-10230929","name":"Lipestsk Bf Sov-Sokol Bf","resource_type":"Producer","normalized_resource_group":"mineral_occurrence","commodity_codes":"FE","grade":"D"},"geometry":{"type":"Point","coordinates":[39.58520000045012,52.61490999964596]}},{"type":"Feature","properties":{"id":"ru-mrds-10303882","name":"Lipovsk","resource_type":"Producer","normalized_resource_group":"metallic_minerals","commodity_codes":"CO NI","grade":"D"},"geometry":{"type":"Point","coordinates":[61.16810000007154,57.44787999970983]}},{"type":"Feature","properties":{"id":"ru-mrds-10038599","name":"Lobwa River","resource_type":"Past Producer","normalized_resource_group":"mineral_occurrence","commodity_codes":"PGE_PT","grade":"D"},"geometry":{"type":"Point","coordinates":[59.287960000251786,59.529289999920415]}},{"type":"Feature","properties":{"id":"ru-mrds-10039137","name":"Lodotschnik","resource_type":"Past Producer","normalized_resource_group":"mineral_occurrence","commodity_codes":"PGE_PT","grade":"D"},"geometry":{"type":"Point","coordinates":[59.798689999956686,57.686780000098004]}},{"type":"Feature","properties":{"id":"ru-mrds-10038597","name":"Logwinska","resource_type":"Past Producer","normalized_resource_group":"mineral_occurrence","commodity_codes":"PGE_PT","grade":"D"},"geometry":{"type":"Point","coordinates":[59.019910000315896,59.5178999999662]}},{"type":"Feature","properties":{"id":"ru-mrds-10098390","name":"Lojok At Bisserskaya & Tourinskaya","resource_type":"Past Producer","normalized_resource_group":"mineral_occurrence","commodity_codes":"PGE_PT","grade":"D"},"geometry":{"type":"Point","coordinates":[59.58123999971414,58.867889999754425]}},{"type":"Feature","properties":{"id":"ru-mrds-10038345","name":"Lojok Near Zemlianoi-Mostik","resource_type":"Past Producer","normalized_resource_group":"metallic_minerals","commodity_codes":"PGE_PT AU","grade":"D"},"geometry":{"type":"Point","coordinates":[59.77872999938386,58.780389999722374]}},{"type":"Feature","properties":{"id":"ru-mrds-10038598","name":"Lojok To E. Off Logwinska","resource_type":"Past Producer","normalized_resource_group":"mineral_occurrence","commodity_codes":"PGE_PT","grade":"D"},"geometry":{"type":"Point","coordinates":[59.02824999983785,59.52846000041816]}},{"type":"Feature","properties":{"id":"ru-mrds-10038257","name":"Lojoks","resource_type":"Past Producer","normalized_resource_group":"mineral_occurrence","commodity_codes":"PGE_PT CR","grade":"D"},"geometry":{"type":"Point","coordinates":[60.36332000007703,56.09372000031646]}},{"type":"Feature","properties":{"id":"ru-mrds-10158291","name":"Lovozero Massif","resource_type":"Past Producer","normalized_resource_group":"mineral_occurrence","commodity_codes":"NB","grade":"D"},"geometry":{"type":"Point","coordinates":[33.08674999996098,68.96516000033621]}},{"type":"Feature","properties":{"id":"ru-mrds-10231284","name":"Magnitogorsk Area","resource_type":"Past Producer","normalized_resource_group":"mineral_occurrence","commodity_codes":"MN","grade":"D"},"geometry":{"type":"Point","coordinates":[59.00135999990461,53.4979300000872]}},{"type":"Feature","properties":{"id":"ru-mrds-10038486","name":"Magoshayir River","resource_type":"Past Producer","normalized_resource_group":"mineral_occurrence","commodity_codes":"PGE_PT","grade":"D"},"geometry":{"type":"Point","coordinates":[85.23114999977436,52.82748000005442]}},{"type":"Feature","properties":{"id":"ru-mrds-10038340","name":"Main Valley of Kisslaia","resource_type":"Past Producer","normalized_resource_group":"metallic_minerals","commodity_codes":"PGE_PT AU","grade":"D"},"geometry":{"type":"Point","coordinates":[59.76345999960317,58.85538999980997]}},{"type":"Feature","properties":{"id":"ru-mrds-10038596","name":"Malaia - Sosnowka","resource_type":"Past Producer","normalized_resource_group":"mineral_occurrence","commodity_codes":"PGE_PT","grade":"D"},"geometry":{"type":"Point","coordinates":[58.97214000009307,59.51206999998114]}},{"type":"Feature","properties":{"id":"ru-mrds-10038408","name":"Malaia Beresowka River","resource_type":"Past Producer","normalized_resource_group":"metallic_minerals","commodity_codes":"PGE_PT AU","grade":"D"},"geometry":{"type":"Point","coordinates":[59.89868000009666,57.70927999963088]}},{"type":"Feature","properties":{"id":"ru-mrds-10038251","name":"Malaia Chourpikha","resource_type":"Past Producer","normalized_resource_group":"mineral_occurrence","commodity_codes":"PGE_PT","grade":"D"},"geometry":{"type":"Point","coordinates":[59.801460000051044,57.60956000034275]}},{"type":"Feature","properties":{"id":"ru-mrds-10103720","name":"Malaia Kamenouchka","resource_type":"Past Producer","normalized_resource_group":"mineral_occurrence","commodity_codes":"PGE_PT","grade":"D"},"geometry":{"type":"Point","coordinates":[59.52152999967159,58.93929000014711]}},{"type":"Feature","properties":{"id":"ru-mrds-10103691","name":"Malaia Solwa","resource_type":"Past Producer","normalized_resource_group":"mineral_occurrence","commodity_codes":"PGE_PT","grade":"D"},"geometry":{"type":"Point","coordinates":[59.662149999713385,60.322900000489824]}},{"type":"Feature","properties":{"id":"ru-mrds-10038406","name":"Malaia Tcheremchanka River","resource_type":"Past Producer","normalized_resource_group":"metallic_minerals","commodity_codes":"PGE_PT AU","grade":"D"},"geometry":{"type":"Point","coordinates":[59.21148999990109,57.659290000133346]}},{"type":"Feature","properties":{"id":"ru-mrds-10038336","name":"Malaii Ossokina","resource_type":"Past Producer","normalized_resource_group":"mineral_occurrence","commodity_codes":"PGE_PT","grade":"D"},"geometry":{"type":"Point","coordinates":[59.691799999695206,58.83149999960321]}},{"type":"Feature","properties":{"id":"ru-mrds-10038560","name":"Malaya Laba River","resource_type":"Past Producer","normalized_resource_group":"metallic_minerals","commodity_codes":"PGE_PT AU","grade":"D"},"geometry":{"type":"Point","coordinates":[40.63156999971928,43.74533000047001]}},{"type":"Feature","properties":{"id":"ru-mrds-10038507","name":"Malii Oldoi","resource_type":"Past Producer","normalized_resource_group":"mineral_occurrence","commodity_codes":"PGE_PT","grade":"D"},"geometry":{"type":"Point","coordinates":[123.86705999946221,54.29678000048203]}},{"type":"Feature","properties":{"id":"ru-mrds-10038329","name":"Malii Sakciam","resource_type":"Past Producer","normalized_resource_group":"mineral_occurrence","commodity_codes":"PGE_PT","grade":"D"},"geometry":{"type":"Point","coordinates":[59.6376299998414,58.843169999899665]}},{"type":"Feature","properties":{"id":"ru-mrds-10038558","name":"Malka River","resource_type":"Past Producer","normalized_resource_group":"metallic_minerals","commodity_codes":"PGE_PT AU","grade":"D"},"geometry":{"type":"Point","coordinates":[42.52901999966809,43.40670999988635]}},{"type":"Feature","properties":{"id":"ru-mrds-10231027","name":"Malmakan-Karantsay Group","resource_type":"Producer","normalized_resource_group":"metallic_minerals","commodity_codes":"AU","grade":"D"},"geometry":{"type":"Point","coordinates":[134.99831000042678,55.581319999958595]}},{"type":"Feature","properties":{"id":"ru-mrds-10103658","name":"Maloi Pokap","resource_type":"Past Producer","normalized_resource_group":"metallic_minerals","commodity_codes":"PGE_PT AU","grade":"D"},"geometry":{"type":"Point","coordinates":[59.37875000052918,58.82373000037305]}},{"type":"Feature","properties":{"id":"ru-mrds-10038570","name":"Malomalsky - Priisk","resource_type":"Past Producer","normalized_resource_group":"metallic_minerals","commodity_codes":"PGE_PT AU","grade":"D"},"geometry":{"type":"Point","coordinates":[59.85595000047034,58.77121999990514]}},{"type":"Feature","properties":{"id":"ru-mrds-10182409","name":"Maly Patom Group","resource_type":"Producer","normalized_resource_group":"metallic_minerals","commodity_codes":"AU","grade":"D"},"geometry":{"type":"Point","coordinates":[116.64886000075585,59.54779999999497]}},{"type":"Feature","properties":{"id":"ru-mrds-10231052","name":"Marakan Group","resource_type":"Producer","normalized_resource_group":"metallic_minerals","commodity_codes":"AU","grade":"D"},"geometry":{"type":"Point","coordinates":[114.73227000039188,58.68108000032313]}},{"type":"Feature","properties":{"id":"ru-mrds-10038400","name":"Mariinsky - Priisk","resource_type":"Past Producer","normalized_resource_group":"mineral_occurrence","commodity_codes":"PGE_PT","grade":"D"},"geometry":{"type":"Point","coordinates":[59.76900999983763,58.78455999988318]}},{"type":"Feature","properties":{"id":"ru-mrds-10206913","name":"Marsyat","resource_type":"Past Producer","normalized_resource_group":"mineral_occurrence","commodity_codes":"FE","grade":"D"},"geometry":{"type":"Point","coordinates":[60.451539999378305,60.04789000025794]}},{"type":"Feature","properties":{"id":"ru-mrds-10182724","name":"Marsyata","resource_type":"Past Producer","normalized_resource_group":"mineral_occurrence","commodity_codes":"MN","grade":"D"},"geometry":{"type":"Point","coordinates":[60.46824000031031,60.04789000025794]}},{"type":"Feature","properties":{"id":"ru-mrds-10038575","name":"Melnitschnaia","resource_type":"Past Producer","normalized_resource_group":"mineral_occurrence","commodity_codes":"PGE_PT","grade":"D"},"geometry":{"type":"Point","coordinates":[59.78873000021092,58.7112200001267]}},{"type":"Feature","properties":{"id":"ru-mrds-10038939","name":"Menza River","resource_type":"Past Producer","normalized_resource_group":"metallic_minerals","commodity_codes":"AU PGE_PT","grade":"D"},"geometry":{"type":"Point","coordinates":[108.8521700005134,49.47118999983271]}},{"type":"Feature","properties":{"id":"ru-mrds-10157895","name":"Miass","resource_type":"Past Producer","normalized_resource_group":"metallic_minerals","commodity_codes":"AU","grade":"D"},"geometry":{"type":"Point","coordinates":[60.10135000010498,54.99790999983293]}},{"type":"Feature","properties":{"id":"ru-mrds-10038512","name":"Michailo-Arkhangelskii Spring","resource_type":"Past Producer","normalized_resource_group":"metallic_minerals","commodity_codes":"PGE_PT AU","grade":"D"},"geometry":{"type":"Point","coordinates":[127.145050000132,52.881560000017444]}},{"type":"Feature","properties":{"id":"ru-mrds-10255001","name":"Mikhalovka Pp","resource_type":"Producer","normalized_resource_group":"mineral_occurrence","commodity_codes":"FE","grade":"D"},"geometry":{"type":"Point","coordinates":[35.351979999694635,52.24829000029204]}},{"type":"Feature","properties":{"id":"ru-mrds-10039125","name":"Miralioubiwy","resource_type":"Past Producer","normalized_resource_group":"metallic_minerals","commodity_codes":"AU PGE_IR PGE_OS","grade":"D"},"geometry":{"type":"Point","coordinates":[59.649009999794444,58.68399999999083]}},{"type":"Feature","properties":{"id":"ru-mrds-10038509","name":"Mogot River","resource_type":"Past Producer","normalized_resource_group":"mineral_occurrence","commodity_codes":"PGE_PT","grade":"D"},"geometry":{"type":"Point","coordinates":[125.27864000023506,55.54318000010233]}},{"type":"Feature","properties":{"id":"ru-mrds-10103695","name":"Mokroi-Otnogki Log 20","resource_type":"Past Producer","normalized_resource_group":"mineral_occurrence","commodity_codes":"PGE_PT","grade":"D"},"geometry":{"type":"Point","coordinates":[59.790350000434735,57.62149999945527]}},{"type":"Feature","properties":{"id":"ru-mrds-10038589","name":"Molitchowka","resource_type":"Past Producer","normalized_resource_group":"mineral_occurrence","commodity_codes":"PGE_PT","grade":"D"},"geometry":{"type":"Point","coordinates":[59.59568000018974,58.497889999904864]}},{"type":"Feature","properties":{"id":"ru-mrds-10206948","name":"Molodyozhni Mine","resource_type":"Producer","normalized_resource_group":"metallic_minerals","commodity_codes":"CU ZN","grade":"D"},"geometry":{"type":"Point","coordinates":[59.501359999934834,54.36462000008948]}},{"type":"Feature","properties":{"id":"ru-mrds-10039082","name":"Morozova Mine","resource_type":"Past Producer","normalized_resource_group":"mineral_occurrence","commodity_codes":"PGE_PD PGE_PT","grade":"D"},"geometry":{"type":"Point","coordinates":[88.16700000026452,69.29780000037252]}},{"type":"Feature","properties":{"id":"ru-mrds-10038245","name":"Morphine-Log","resource_type":"Past Producer","normalized_resource_group":"metallic_minerals","commodity_codes":"PGE_PT AU","grade":"D"},"geometry":{"type":"Point","coordinates":[59.742029999492686,57.648449999461015]}},{"type":"Feature","properties":{"id":"ru-mrds-10038334","name":"Motchalnik River","resource_type":"Past Producer","normalized_resource_group":"metallic_minerals","commodity_codes":"AU PGE_PT","grade":"D"},"geometry":{"type":"Point","coordinates":[59.68040999969646,58.8448300001478]}},{"type":"Feature","properties":{"id":"ru-mrds-10103670","name":"Mouth of Jourawlik","resource_type":"Past Producer","normalized_resource_group":"mineral_occurrence","commodity_codes":"PGE_PT","grade":"D"},"geometry":{"type":"Point","coordinates":[59.76651000008001,58.78705999974006]}},{"type":"Feature","properties":{"id":"ru-mrds-10038495","name":"Mrassa River System","resource_type":"Past Producer","normalized_resource_group":"mineral_occurrence","commodity_codes":"PGE_PT","grade":"D"},"geometry":{"type":"Point","coordinates":[87.80799000017197,52.83942000034569]}},{"type":"Feature","properties":{"id":"ru-mrds-10038395","name":"Nadezhdinskii Priisk","resource_type":"Past Producer","normalized_resource_group":"metallic_minerals","commodity_codes":"PGE_PT AU","grade":"D"},"geometry":{"type":"Point","coordinates":[59.745400000534985,58.81649999979019]}},{"type":"Feature","properties":{"id":"ru-mrds-10255400","name":"Naryn River","resource_type":"Producer","normalized_resource_group":"metallic_minerals","commodity_codes":"AU","grade":"D"},"geometry":{"type":"Point","coordinates":[96.31656000036129,50.14779999975637]}},{"type":"Feature","properties":{"id":"ru-mrds-10279546","name":"Natalka","resource_type":"Producer","normalized_resource_group":"metallic_minerals","commodity_codes":"AU","grade":"D"},"geometry":{"type":"Point","coordinates":[147.6808299997485,61.64823000017126]}},{"type":"Feature","properties":{"id":"ru-mrds-10039124","name":"Neptunowsky","resource_type":"Past Producer","normalized_resource_group":"metallic_minerals","commodity_codes":"AU PGE_OS PGE_PT","grade":"D"},"geometry":{"type":"Point","coordinates":[59.585399999878526,58.66483000037916]}},{"type":"Feature","properties":{"id":"ru-mrds-10279460","name":"Nerchinsk Group","resource_type":"Producer","normalized_resource_group":"metallic_minerals","commodity_codes":"PB ZN","grade":"D"},"geometry":{"type":"Point","coordinates":[119.58226999996627,51.29790000057073]}},{"type":"Feature","properties":{"id":"ru-mrds-10254945","name":"Nezhdanino","resource_type":"Producer","normalized_resource_group":"metallic_minerals","commodity_codes":"AU AG PGE","grade":"D"},"geometry":{"type":"Point","coordinates":[139.04216000002813,62.5147899996709]}},{"type":"Feature","properties":{"id":"ru-mrds-10038381","name":"Nijne - Issowskoi Laverie","resource_type":"Past Producer","normalized_resource_group":"mineral_occurrence","commodity_codes":"PGE_PT","grade":"D"},"geometry":{"type":"Point","coordinates":[59.539300000108234,58.83455999972626]}},{"type":"Feature","properties":{"id":"ru-mrds-10038380","name":"Nijne - Issowskoi Priisk","resource_type":"Past Producer","normalized_resource_group":"mineral_occurrence","commodity_codes":"PGE_PT","grade":"D"},"geometry":{"type":"Point","coordinates":[59.53874000024158,58.83317000038194]}},{"type":"Feature","properties":{"id":"ru-mrds-10103660","name":"Nijne - Issowskoi To Labaska","resource_type":"Past Producer","normalized_resource_group":"mineral_occurrence","commodity_codes":"PGE_PT","grade":"D"},"geometry":{"type":"Point","coordinates":[59.53874000024158,58.84206000034651]}},{"type":"Feature","properties":{"id":"ru-mrds-10103673","name":"Nikolaewsky - Priisk","resource_type":"Past Producer","normalized_resource_group":"mineral_occurrence","commodity_codes":"PGE_PT","grade":"D"},"geometry":{"type":"Point","coordinates":[59.84844999940089,58.77261000008839]}},{"type":"Feature","properties":{"id":"ru-mrds-10038571","name":"Nikolai - Tschoudotworsky","resource_type":"Past Producer","normalized_resource_group":"mineral_occurrence","commodity_codes":"PGE_PT","grade":"D"},"geometry":{"type":"Point","coordinates":[59.869569999889976,58.76538999992977]}},{"type":"Feature","properties":{"id":"ru-mrds-10182708","name":"Nikolayev","resource_type":"Producer","normalized_resource_group":"metallic_minerals","commodity_codes":"PB ZN","grade":"D"},"geometry":{"type":"Point","coordinates":[135.51533000015783,44.53153999952467]}},{"type":"Feature","properties":{"id":"ru-mrds-10158060","name":"Niman Group","resource_type":"Producer","normalized_resource_group":"metallic_minerals","commodity_codes":"AU","grade":"D"},"geometry":{"type":"Point","coordinates":[133.99846000015415,52.33133999981154]}},{"type":"Feature","properties":{"id":"ru-mrds-10279408","name":"Nittis-Kumuzh'Ya-Travyanaya","resource_type":"Producer","normalized_resource_group":"metallic_minerals","commodity_codes":"CU NI CO PGE","grade":"D"},"geometry":{"type":"Point","coordinates":[32.720009999543485,67.91513999945705]}},{"type":"Feature","properties":{"id":"ru-mrds-10039127","name":"Niwa","resource_type":"Past Producer","normalized_resource_group":"metallic_minerals","commodity_codes":"AU PGE_OS","grade":"D"},"geometry":{"type":"Point","coordinates":[59.545960000030206,58.67345000006721]}},{"type":"Feature","properties":{"id":"ru-mrds-10134318","name":"Nizhne-Tajil","resource_type":"Producer","normalized_resource_group":"mineral_occurrence","commodity_codes":"FE","grade":"D"},"geometry":{"type":"Point","coordinates":[60.00155999998156,59.7478900003006]}},{"type":"Feature","properties":{"id":"ru-mrds-10157924","name":"Nizhny Amur Group","resource_type":"Producer","normalized_resource_group":"metallic_minerals","commodity_codes":"AU","grade":"D"},"geometry":{"type":"Point","coordinates":[139.49827000051573,52.798109999622696]}},{"type":"Feature","properties":{"id":"ru-mrds-10038534","name":"Noiba River","resource_type":"Past Producer","normalized_resource_group":"metallic_minerals","commodity_codes":"AU PGE_PT","grade":"D"},"geometry":{"type":"Point","coordinates":[93.0686000005133,61.19076000027311]}},{"type":"Feature","properties":{"id":"ru-mrds-10206717","name":"Norilsk Concentrator","resource_type":"Producer","normalized_resource_group":"metallic_minerals","commodity_codes":"CO CU NI","grade":"D"},"geometry":{"type":"Point","coordinates":[88.18362999997807,69.29780000037252]}},{"type":"Feature","properties":{"id":"ru-mrds-10279504","name":"North Onega","resource_type":"Producer","normalized_resource_group":"mineral_occurrence","commodity_codes":"AL","grade":"D"},"geometry":{"type":"Point","coordinates":[40.31917999997899,62.6982000006297]}},{"type":"Feature","properties":{"id":"ru-mrds-10159937","name":"Northern Urals","resource_type":"Producer","normalized_resource_group":"mineral_occurrence","commodity_codes":"AL","grade":"D"},"geometry":{"type":"Point","coordinates":[59.95157000038361,60.14789000042719]}},{"type":"Feature","properties":{"id":"ru-mrds-10182717","name":"Northern Urals","resource_type":"Past Producer","normalized_resource_group":"mineral_occurrence","commodity_codes":"MN","grade":"D"},"geometry":{"type":"Point","coordinates":[60.50158000010325,60.83119000033512]}},{"type":"Feature","properties":{"id":"ru-mrds-10038485","name":"Nyenya River","resource_type":"Past Producer","normalized_resource_group":"mineral_occurrence","commodity_codes":"PGE_PT","grade":"D"},"geometry":{"type":"Point","coordinates":[86.78108000008682,52.8866400002891]}},{"type":"Feature","properties":{"id":"ru-mrds-10159994","name":"Nyukzha Group","resource_type":"Producer","normalized_resource_group":"metallic_minerals","commodity_codes":"AU","grade":"D"},"geometry":{"type":"Point","coordinates":[123.48201999977702,55.29787999960297]}},{"type":"Feature","properties":{"id":"ru-mrds-10038410","name":"Obleiskaia Kamenka River","resource_type":"Past Producer","normalized_resource_group":"metallic_minerals","commodity_codes":"PGE_PT AU","grade":"D"},"geometry":{"type":"Point","coordinates":[59.928950000219615,57.55567000002205]}},{"type":"Feature","properties":{"id":"ru-mrds-10103689","name":"Obodranny - Lojok","resource_type":"Past Producer","normalized_resource_group":"mineral_occurrence","commodity_codes":"PGE_PT","grade":"D"},"geometry":{"type":"Point","coordinates":[59.10435000029268,59.51846000033051]}},{"type":"Feature","properties":{"id":"ru-mrds-10038458","name":"Odzhi River","resource_type":"Past Producer","normalized_resource_group":"mineral_occurrence","commodity_codes":"PGE_PT","grade":"D"},"geometry":{"type":"Point","coordinates":[94.15383999971834,52.96107999960385]}},{"type":"Feature","properties":{"id":"ru-mrds-10038532","name":"Ogno River","resource_type":"Past Producer","normalized_resource_group":"metallic_minerals","commodity_codes":"AU PGE_PT","grade":"D"},"geometry":{"type":"Point","coordinates":[93.76161999952916,60.39546999978292]}},{"type":"Feature","properties":{"id":"ru-mrds-10256735","name":"Oina River","resource_type":"Producer","normalized_resource_group":"metallic_minerals","commodity_codes":"AU","grade":"D"},"geometry":{"type":"Point","coordinates":[96.29986000032758,51.797769999935234]}},{"type":"Feature","properties":{"id":"ru-mrds-10207028","name":"Oktyabrsksy Group","resource_type":"Producer","normalized_resource_group":"metallic_minerals","commodity_codes":"AU","grade":"D"},"geometry":{"type":"Point","coordinates":[128.99859999959415,52.99797999998583]}},{"type":"Feature","properties":{"id":"ru-mrds-10038947","name":"Orlin Spring","resource_type":"Past Producer","normalized_resource_group":"metallic_minerals","commodity_codes":"AU PGE_PT PGE_IR","grade":"D"},"geometry":{"type":"Point","coordinates":[126.39861000020142,55.146520000100466]}},{"type":"Feature","properties":{"id":"ru-mrds-10279576","name":"Orsk Group","resource_type":"Producer","normalized_resource_group":"metallic_minerals","commodity_codes":"NI","grade":"D"},"geometry":{"type":"Point","coordinates":[58.5012900004525,51.24797000010249]}},{"type":"Feature","properties":{"id":"ru-mrds-10038508","name":"Osezhina River","resource_type":"Past Producer","normalized_resource_group":"mineral_occurrence","commodity_codes":"PGE_PT","grade":"D"},"geometry":{"type":"Point","coordinates":[125.4567700002799,53.21625000004281]}},{"type":"Feature","properties":{"id":"ru-mrds-10038521","name":"Osinovaya River","resource_type":"Past Producer","normalized_resource_group":"metallic_minerals","commodity_codes":"PGE_PT AU","grade":"D"},"geometry":{"type":"Point","coordinates":[176.4150899995551,66.0983499997103]}},{"type":"Feature","properties":{"id":"ru-mrds-10255056","name":"Otrozhen Placer Deposit","resource_type":"Producer","normalized_resource_group":"metallic_minerals","commodity_codes":"AU","grade":"D"},"geometry":{"type":"Point","coordinates":[172.4966599996367,65.0320999996132]}},{"type":"Feature","properties":{"id":"ru-mrds-10039072","name":"Oustwinnaia","resource_type":"Past Producer","normalized_resource_group":"mineral_occurrence","commodity_codes":"PGE_PT","grade":"D"},"geometry":{"type":"Point","coordinates":[59.83594999971454,58.72595000023363]}},{"type":"Feature","properties":{"id":"ru-mrds-10038578","name":"Panowka","resource_type":"Past Producer","normalized_resource_group":"mineral_occurrence","commodity_codes":"PGE_PT","grade":"D"},"geometry":{"type":"Point","coordinates":[59.83345000085526,58.75456000027989]}},{"type":"Feature","properties":{"id":"ru-mrds-10038579","name":"Patchek","resource_type":"Past Producer","normalized_resource_group":"mineral_occurrence","commodity_codes":"PGE_PT","grade":"D"},"geometry":{"type":"Point","coordinates":[59.84095000012807,58.768449999607185]}},{"type":"Feature","properties":{"id":"ru-mrds-10038546","name":"Pavlovka River","resource_type":"Past Producer","normalized_resource_group":"metallic_minerals","commodity_codes":"PGE_PT AU","grade":"D"},"geometry":{"type":"Point","coordinates":[94.31354999994657,54.348289999908786]}},{"type":"Feature","properties":{"id":"ru-mrds-60000649","name":"Pechenga District","resource_type":"Producer","normalized_resource_group":"metallic_minerals","commodity_codes":"NI AU PGE AG TE SE CU","grade":"D"},"geometry":{"type":"Point","coordinates":[29.736929999503936,69.33183999972498]}},{"type":"Feature","properties":{"id":"ru-mrds-10182830","name":"Penyelkhin Vankarem Lowland","resource_type":"Producer","normalized_resource_group":"metallic_minerals","commodity_codes":"AU","grade":"D"},"geometry":{"type":"Point","coordinates":[177.3295700000884,67.46566000019652]}},{"type":"Feature","properties":{"id":"ru-mrds-10038573","name":"Perevozny - Priisk","resource_type":"Past Producer","normalized_resource_group":"mineral_occurrence","commodity_codes":"PGE_PT","grade":"D"},"geometry":{"type":"Point","coordinates":[59.9504000004216,58.78455999988318]}},{"type":"Feature","properties":{"id":"ru-mrds-10157874","name":"Pervoural","resource_type":"Producer","normalized_resource_group":"mineral_occurrence","commodity_codes":"FE","grade":"D"},"geometry":{"type":"Point","coordinates":[59.96812999977692,56.897890000421036]}},{"type":"Feature","properties":{"id":"ru-mrds-10038342","name":"Pestchanka River","resource_type":"Past Producer","normalized_resource_group":"mineral_occurrence","commodity_codes":"PGE_PT","grade":"D"},"geometry":{"type":"Point","coordinates":[59.74040000012145,58.795390000244744]}},{"type":"Feature","properties":{"id":"ru-mrds-10038378","name":"Petropawlowsky and Downstream","resource_type":"Past Producer","normalized_resource_group":"mineral_occurrence","commodity_codes":"PGE_PT","grade":"D"},"geometry":{"type":"Point","coordinates":[59.51262999938469,58.82262000019962]}},{"type":"Feature","properties":{"id":"ru-mrds-10038385","name":"Petrowsky Priisk","resource_type":"Past Producer","normalized_resource_group":"mineral_occurrence","commodity_codes":"PGE_PT","grade":"D"},"geometry":{"type":"Point","coordinates":[59.615960000429716,58.84456000012678]}},{"type":"Feature","properties":{"id":"ru-mrds-60000954","name":"Petsamo-Pechenga District","resource_type":"Producer","normalized_resource_group":"metallic_minerals","commodity_codes":"CU NI CO PGE_PT","grade":"D"},"geometry":{"type":"Point","coordinates":[31.21146000076691,67.92847000021214]}},{"type":"Feature","properties":{"id":"ru-mrds-10038337","name":"Phedina River - Triok","resource_type":"Past Producer","normalized_resource_group":"metallic_minerals","commodity_codes":"AU PGE_PT","grade":"D"},"geometry":{"type":"Point","coordinates":[59.7068000000375,58.81372000002654]}},{"type":"Feature","properties":{"id":"ru-mrds-10038338","name":"Phedina River At Railroad","resource_type":"Past Producer","normalized_resource_group":"mineral_occurrence","commodity_codes":"PGE_PT","grade":"D"},"geometry":{"type":"Point","coordinates":[59.64541000039501,58.816219999998175]}},{"type":"Feature","properties":{"id":"ru-mrds-10038270","name":"Phedossiewka River","resource_type":"Past Producer","normalized_resource_group":"metallic_minerals","commodity_codes":"AU PGE_PT","grade":"D"},"geometry":{"type":"Point","coordinates":[59.76506999978126,57.51706000017393]}},{"type":"Feature","properties":{"id":"ru-mrds-10182324","name":"Plamennoe","resource_type":"Past Producer","normalized_resource_group":"mineral_occurrence","commodity_codes":"HG SB","grade":"D"},"geometry":{"type":"Point","coordinates":[177.19612999965227,68.348979999859]}},{"type":"Feature","properties":{"id":"ru-mrds-10038332","name":"Ploskaya River","resource_type":"Past Producer","normalized_resource_group":"metallic_minerals","commodity_codes":"PGE_PT AU","grade":"D"},"geometry":{"type":"Point","coordinates":[59.660689999323125,58.859830000232094]}},{"type":"Feature","properties":{"id":"ru-mrds-10038391","name":"Pobiedonosny Laverie","resource_type":"Past Producer","normalized_resource_group":"mineral_occurrence","commodity_codes":"PGE_PT","grade":"D"},"geometry":{"type":"Point","coordinates":[59.71291000013858,58.82677999961339]}},{"type":"Feature","properties":{"id":"ru-mrds-10103681","name":"Podbornaia","resource_type":"Past Producer","normalized_resource_group":"mineral_occurrence","commodity_codes":"PGE_PT","grade":"D"},"geometry":{"type":"Point","coordinates":[59.838449999472125,58.721500000059066]}},{"type":"Feature","properties":{"id":"ru-mrds-10038535","name":"Podkammenaya Tungusska River","resource_type":"Past Producer","normalized_resource_group":"metallic_minerals","commodity_codes":"AU PGE_PT","grade":"D"},"geometry":{"type":"Point","coordinates":[91.68756000020018,61.23019999986545]}},{"type":"Feature","properties":{"id":"ru-mrds-10103659","name":"Pokap To Petropawlowsky","resource_type":"Past Producer","normalized_resource_group":"mineral_occurrence","commodity_codes":"PGE_PT","grade":"D"},"geometry":{"type":"Point","coordinates":[59.48292000002669,58.818729999868445]}},{"type":"Feature","properties":{"id":"ru-mrds-10038393","name":"Pokrowsky - Priisk","resource_type":"Past Producer","normalized_resource_group":"mineral_occurrence","commodity_codes":"PGE_PT","grade":"D"},"geometry":{"type":"Point","coordinates":[59.74040000012145,58.7392799996685]}},{"type":"Feature","properties":{"id":"ru-mrds-10038602","name":"Poloudniewaia","resource_type":"Past Producer","normalized_resource_group":"mineral_occurrence","commodity_codes":"PGE_PT","grade":"D"},"geometry":{"type":"Point","coordinates":[59.25351000077127,59.684009999771874]}},{"type":"Feature","properties":{"id":"ru-mrds-10304101","name":"Polunochnoye","resource_type":"Past Producer","normalized_resource_group":"mineral_occurrence","commodity_codes":"MN","grade":"D"},"geometry":{"type":"Point","coordinates":[60.43488000042586,60.86459000021494]}},{"type":"Feature","properties":{"id":"ru-mrds-10254951","name":"Polunochnoye","resource_type":"Past Producer","normalized_resource_group":"mineral_occurrence","commodity_codes":"FE","grade":"D"},"geometry":{"type":"Point","coordinates":[60.418289999997,60.947890000471716]}},{"type":"Feature","properties":{"id":"ru-mrds-10038349","name":"Popretschne - Log","resource_type":"Past Producer","normalized_resource_group":"mineral_occurrence","commodity_codes":"PGE_PT","grade":"D"},"geometry":{"type":"Point","coordinates":[59.43680999931235,58.82346000052257]}},{"type":"Feature","properties":{"id":"ru-mrds-10182535","name":"Preval'Noe","resource_type":"Producer","normalized_resource_group":"metallic_minerals","commodity_codes":"SN CU W","grade":"D"},"geometry":{"type":"Point","coordinates":[136.36514000041805,50.764789999546466]}},{"type":"Feature","properties":{"id":"ru-mrds-10255267","name":"Priargunsky","resource_type":"Producer","normalized_resource_group":"metallic_minerals","commodity_codes":"MN U","grade":"D"},"geometry":{"type":"Point","coordinates":[119.08231000011902,50.36461000056923]}},{"type":"Feature","properties":{"id":"ru-mrds-10038466","name":"Pribaikalskii Highlands","resource_type":"Past Producer","normalized_resource_group":"mineral_occurrence","commodity_codes":"PGE_PT","grade":"D"},"geometry":{"type":"Point","coordinates":[107.9993700000508,53.9977800000812]}},{"type":"Feature","properties":{"id":"ru-mrds-10230801","name":"Primorski","resource_type":"Producer","normalized_resource_group":"metallic_minerals","commodity_codes":"PB ZN","grade":"D"},"geometry":{"type":"Point","coordinates":[135.36534000037415,44.6149400001894]}},{"type":"Feature","properties":{"id":"ru-mrds-10039138","name":"Prodolnoi - Slied","resource_type":"Past Producer","normalized_resource_group":"mineral_occurrence","commodity_codes":"PGE_PT","grade":"D"},"geometry":{"type":"Point","coordinates":[59.80425000023687,57.700670000250504]}},{"type":"Feature","properties":{"id":"ru-mrds-60000803","name":"Pudozhgorsk Deposit","resource_type":"Producer","normalized_resource_group":"mineral_occurrence","commodity_codes":"FE TI V","grade":"D"},"geometry":{"type":"Point","coordinates":[35.91929000039596,62.33157999990885]}},{"type":"Feature","properties":{"id":"ru-mrds-10304200","name":"Revda Reo","resource_type":"Producer","normalized_resource_group":"metallic_minerals","commodity_codes":"REE FLD","grade":"D"},"geometry":{"type":"Point","coordinates":[34.58653999998933,67.88169999995183]}},{"type":"Feature","properties":{"id":"ru-mrds-10134414","name":"Rezh Group","resource_type":"Producer","normalized_resource_group":"metallic_minerals","commodity_codes":"CO NI","grade":"D"},"geometry":{"type":"Point","coordinates":[61.16810000007154,57.44787999970983]}},{"type":"Feature","properties":{"id":"ru-mrds-10230755","name":"Rudnayasaranovsk","resource_type":"Past Producer","normalized_resource_group":"mineral_occurrence","commodity_codes":"FE","grade":"D"},"geometry":{"type":"Point","coordinates":[60.26822999989317,59.73118999992042]}},{"type":"Feature","properties":{"id":"ru-mrds-10182438","name":"Rudnogorsk","resource_type":"Producer","normalized_resource_group":"mineral_occurrence","commodity_codes":"FE","grade":"D"},"geometry":{"type":"Point","coordinates":[103.71620000077866,57.264420000353894]}},{"type":"Feature","properties":{"id":"ru-mrds-10038314","name":"Rybnaja River Deposit","resource_type":"Past Producer","normalized_resource_group":"metallic_minerals","commodity_codes":"CU NI PGE_PT","grade":"D"},"geometry":{"type":"Point","coordinates":[88.57919000017401,69.24780000036142]}},{"type":"Feature","properties":{"id":"ru-mrds-10255168","name":"Safianovsk","resource_type":"Producer","normalized_resource_group":"metallic_minerals","commodity_codes":"CU ZN AU AG","grade":"D"},"geometry":{"type":"Point","coordinates":[61.5013900001929,57.497870000205445]}},{"type":"Feature","properties":{"id":"ru-mrds-10098411","name":"Sakharowka River","resource_type":"Past Producer","normalized_resource_group":"metallic_minerals","commodity_codes":"PGE_PT AU","grade":"D"},"geometry":{"type":"Point","coordinates":[59.81674999992321,57.747889999559874]}},{"type":"Feature","properties":{"id":"ru-mrds-10134055","name":"Salair","resource_type":"Producer","normalized_resource_group":"mineral_occurrence","commodity_codes":"AL","grade":"D"},"geometry":{"type":"Point","coordinates":[85.78360000077379,54.21444000021063]}},{"type":"Feature","properties":{"id":"ru-mrds-10207022","name":"Salair Pb & Zn","resource_type":"Producer","normalized_resource_group":"metallic_minerals","commodity_codes":"PB ZN BA AG","grade":"D"},"geometry":{"type":"Point","coordinates":[85.78360000077379,54.21444000021063]}},{"type":"Feature","properties":{"id":"ru-mrds-10304616","name":"Sanga-Talon","resource_type":"Producer","normalized_resource_group":"metallic_minerals","commodity_codes":"AU","grade":"D"},"geometry":{"type":"Point","coordinates":[149.64744999989338,61.88156999949639]}},{"type":"Feature","properties":{"id":"ru-mrds-10038500","name":"Sarali Iyusa","resource_type":"Past Producer","normalized_resource_group":"mineral_occurrence","commodity_codes":"PGE_PT","grade":"D"},"geometry":{"type":"Point","coordinates":[89.04709999984091,54.58577999980079]}},{"type":"Feature","properties":{"id":"ru-mrds-10159939","name":"Saranov Complex","resource_type":"Producer","normalized_resource_group":"mineral_occurrence","commodity_codes":"CR","grade":"D"},"geometry":{"type":"Point","coordinates":[57.8682800001565,58.49790999995179]}},{"type":"Feature","properties":{"id":"ru-mrds-60000512","name":"Saranovsk Deposit (Northern & Southern Massifs)","resource_type":"Producer","normalized_resource_group":"mineral_occurrence","commodity_codes":"CR","grade":"D"},"geometry":{"type":"Point","coordinates":[58.75155999990604,58.99790999976872]}},{"type":"Feature","properties":{"id":"ru-mrds-10038462","name":"Sari-Adir","resource_type":"Past Producer","normalized_resource_group":"metallic_minerals","commodity_codes":"PGE_PT AU","grade":"D"},"geometry":{"type":"Point","coordinates":[88.01577000019866,54.81022000033351]}},{"type":"Feature","properties":{"id":"ru-mrds-10255512","name":"Sarylakh Complex","resource_type":"Producer","normalized_resource_group":"mineral_occurrence","commodity_codes":"SB","grade":"D"},"geometry":{"type":"Point","coordinates":[132.9148700004118,59.66468000047395]}},{"type":"Feature","properties":{"id":"ru-mrds-10279781","name":"Satka Bf","resource_type":"Producer","normalized_resource_group":"mineral_occurrence","commodity_codes":"FE","grade":"D"},"geometry":{"type":"Point","coordinates":[59.018100000121294,55.04791999993275]}},{"type":"Feature","properties":{"id":"ru-mrds-10134042","name":"Satkinskoye","resource_type":"Producer","normalized_resource_group":"mineral_occurrence","commodity_codes":"MG","grade":"D"},"geometry":{"type":"Point","coordinates":[59.001410000133326,55.04791999993275]}},{"type":"Feature","properties":{"id":"ru-mrds-10038565","name":"Segmoi - Log Off Gloubokaia","resource_type":"Past Producer","normalized_resource_group":"mineral_occurrence","commodity_codes":"PGE_PT","grade":"D"},"geometry":{"type":"Point","coordinates":[59.80122999989727,58.782889999995916]}},{"type":"Feature","properties":{"id":"ru-mrds-10157998","name":"Selemdzha Group","resource_type":"Producer","normalized_resource_group":"metallic_minerals","commodity_codes":"AU","grade":"D"},"geometry":{"type":"Point","coordinates":[132.99847000013946,52.91472000050983]}},{"type":"Feature","properties":{"id":"ru-mrds-10103685","name":"Sergueff - Log","resource_type":"Past Producer","normalized_resource_group":"mineral_occurrence","commodity_codes":"PGE_PT","grade":"D"},"geometry":{"type":"Point","coordinates":[58.74825000003651,59.463469999816795]}},{"type":"Feature","properties":{"id":"ru-mrds-10038531","name":"Sevaglikon River","resource_type":"Past Producer","normalized_resource_group":"metallic_minerals","commodity_codes":"AU PGE_PT","grade":"D"},"geometry":{"type":"Point","coordinates":[93.99995000006129,60.46547000025791]}},{"type":"Feature","properties":{"id":"ru-mrds-10305386","name":"Severny","resource_type":"Producer","normalized_resource_group":"metallic_minerals","commodity_codes":"CU NI","grade":"D"},"geometry":{"type":"Point","coordinates":[30.503619999537236,69.41522000033278]}},{"type":"Feature","properties":{"id":"ru-mrds-10098406","name":"Severnyi Mine","resource_type":"Past Producer","normalized_resource_group":"metallic_minerals","commodity_codes":"CU NI PGE_PT","grade":"D"},"geometry":{"type":"Point","coordinates":[88.01977999967691,69.31447999956103]}},{"type":"Feature","properties":{"id":"ru-mrds-10183776","name":"Sheregeshsk","resource_type":"Producer","normalized_resource_group":"mineral_occurrence","commodity_codes":"FE","grade":"D"},"geometry":{"type":"Point","coordinates":[87.9835000008086,52.89774999997772]}},{"type":"Feature","properties":{"id":"ru-mrds-10038548","name":"Shinda River","resource_type":"Past Producer","normalized_resource_group":"metallic_minerals","commodity_codes":"PGE_PT AU","grade":"D"},"geometry":{"type":"Point","coordinates":[94.5288200000987,54.36022999984213]}},{"type":"Feature","properties":{"id":"ru-mrds-10135584","name":"Shkolny","resource_type":"Producer","normalized_resource_group":"metallic_minerals","commodity_codes":"BI AU PGE_PT AG TE","grade":"D"},"geometry":{"type":"Point","coordinates":[148.79750999993684,61.46495000007439]}},{"type":"Feature","properties":{"id":"ru-mrds-10255613","name":"Sibai Concentrator","resource_type":"Producer","normalized_resource_group":"metallic_minerals","commodity_codes":"CU ZN S_P","grade":"D"},"geometry":{"type":"Point","coordinates":[58.66803000049858,52.714650000064275]}},{"type":"Feature","properties":{"id":"ru-mrds-10255375","name":"Sibruda","resource_type":"Producer","normalized_resource_group":"mineral_occurrence","commodity_codes":"FE","grade":"D"},"geometry":{"type":"Point","coordinates":[87.13354000076056,53.7477399995619]}},{"type":"Feature","properties":{"id":"ru-mrds-10254900","name":"Sinyukha","resource_type":"Producer","normalized_resource_group":"metallic_minerals","commodity_codes":"AU","grade":"D"},"geometry":{"type":"Point","coordinates":[86.60025000026779,51.98106999964849]}},{"type":"Feature","properties":{"id":"ru-mrds-10103693","name":"Sirkov Log 12","resource_type":"Past Producer","normalized_resource_group":"mineral_occurrence","commodity_codes":"PGE_PT CR","grade":"D"},"geometry":{"type":"Point","coordinates":[59.80285000012108,57.61539000005176]}},{"type":"Feature","properties":{"id":"ru-mrds-10038614","name":"Sirkov Log 13","resource_type":"Past Producer","normalized_resource_group":"mineral_occurrence","commodity_codes":"PGE_PT CR","grade":"D"},"geometry":{"type":"Point","coordinates":[59.80423999929281,57.62732999959261]}},{"type":"Feature","properties":{"id":"ru-mrds-10038544","name":"Sisim River System","resource_type":"Past Producer","normalized_resource_group":"metallic_minerals","commodity_codes":"PGE_PT AU","grade":"D"},"geometry":{"type":"Point","coordinates":[92.76305999976746,54.874940000299745]}},{"type":"Feature","properties":{"id":"ru-mrds-10038503","name":"Sistikyema River Upper","resource_type":"Past Producer","normalized_resource_group":"mineral_occurrence","commodity_codes":"PGE_PT","grade":"D"},"geometry":{"type":"Point","coordinates":[94.61242999987208,52.715809999627304]}},{"type":"Feature","properties":{"id":"ru-mrds-10038516","name":"Sivirikan Spring","resource_type":"Past Producer","normalized_resource_group":"metallic_minerals","commodity_codes":"PGE_PT AU","grade":"D"},"geometry":{"type":"Point","coordinates":[130.5500999999017,55.88351999990923]}},{"type":"Feature","properties":{"id":"ru-mrds-10038382","name":"Small Creek Near Nijni-Issowsky","resource_type":"Past Producer","normalized_resource_group":"mineral_occurrence","commodity_codes":"PGE_PT","grade":"D"},"geometry":{"type":"Point","coordinates":[59.52485000048518,58.824570000307354]}},{"type":"Feature","properties":{"id":"ru-mrds-10038348","name":"Small Unnamed Log","resource_type":"Past Producer","normalized_resource_group":"mineral_occurrence","commodity_codes":"PGE_PT","grade":"D"},"geometry":{"type":"Point","coordinates":[59.4359699999615,58.817900000186455]}},{"type":"Feature","properties":{"id":"ru-mrds-10134100","name":"Sobolinaya Pad; Izyubriny","resource_type":"Producer","normalized_resource_group":"metallic_minerals","commodity_codes":"AU","grade":"D"},"geometry":{"type":"Point","coordinates":[134.6486700000761,43.981550000519235]}},{"type":"Feature","properties":{"id":"ru-mrds-10304500","name":"Sokhondo","resource_type":"Past Producer","normalized_resource_group":"mineral_occurrence","commodity_codes":"SN W","grade":"D"},"geometry":{"type":"Point","coordinates":[111.94927000019138,49.731170000161434]}},{"type":"Feature","properties":{"id":"ru-mrds-10182375","name":"Solikamsky Plant","resource_type":"Producer","normalized_resource_group":"mineral_occurrence","commodity_codes":"MG","grade":"D"},"geometry":{"type":"Point","coordinates":[56.78496999989833,59.647930000373904]}},{"type":"Feature","properties":{"id":"ru-mrds-10303926","name":"Solnechnoe","resource_type":"Producer","normalized_resource_group":"metallic_minerals","commodity_codes":"SN CU W","grade":"D"},"geometry":{"type":"Point","coordinates":[136.36514000041805,50.764789999546466]}},{"type":"Feature","properties":{"id":"ru-mrds-10038616","name":"Solovyevskii Log 4","resource_type":"Past Producer","normalized_resource_group":"mineral_occurrence","commodity_codes":"PGE_PT","grade":"D"},"geometry":{"type":"Point","coordinates":[59.791739999606484,57.62844999997301]}},{"type":"Feature","properties":{"id":"ru-mrds-10038617","name":"Solovyevskii Log 5","resource_type":"Past Producer","normalized_resource_group":"mineral_occurrence","commodity_codes":"PGE_PT","grade":"D"},"geometry":{"type":"Point","coordinates":[59.787570000294664,57.629279999489185]}},{"type":"Feature","properties":{"id":"ru-mrds-10103694","name":"Solovyevskii Logs 2,3","resource_type":"Past Producer","normalized_resource_group":"mineral_occurrence","commodity_codes":"PGE_PT CR","grade":"D"},"geometry":{"type":"Point","coordinates":[59.789789999669786,57.627890000251966]}},{"type":"Feature","properties":{"id":"ru-mrds-10230984","name":"Sopcha","resource_type":"Producer","normalized_resource_group":"metallic_minerals","commodity_codes":"CU NI CO PGE","grade":"D"},"geometry":{"type":"Point","coordinates":[32.720009999543485,67.91513999945705]}},{"type":"Feature","properties":{"id":"ru-mrds-10107491","name":"Sorsk","resource_type":"Producer","normalized_resource_group":"metallic_minerals","commodity_codes":"MO CU AU AG","grade":"D"},"geometry":{"type":"Point","coordinates":[90.20011000002458,54.01439999967097]}},{"type":"Feature","properties":{"id":"ru-mrds-10038315","name":"Sotnikovskol Deposit","resource_type":"Past Producer","normalized_resource_group":"metallic_minerals","commodity_codes":"CU NI PGE_PT","grade":"D"},"geometry":{"type":"Point","coordinates":[88.13422999948567,69.33169999961426]}},{"type":"Feature","properties":{"id":"ru-mrds-10039126","name":"Soukhoi Log","resource_type":"Past Producer","normalized_resource_group":"metallic_minerals","commodity_codes":"AU PGE_OS","grade":"D"},"geometry":{"type":"Point","coordinates":[59.618179999804816,58.69789000030749]}},{"type":"Feature","properties":{"id":"ru-mrds-10103646","name":"Soukhoi Log","resource_type":"Past Producer","normalized_resource_group":"mineral_occurrence","commodity_codes":"PGE_PT","grade":"D"},"geometry":{"type":"Point","coordinates":[59.797849999707545,57.619280000000536]}},{"type":"Feature","properties":{"id":"ru-mrds-10038343","name":"Soukhoi-Log","resource_type":"Past Producer","normalized_resource_group":"mineral_occurrence","commodity_codes":"PGE_PT","grade":"D"},"geometry":{"type":"Point","coordinates":[59.75651000015128,58.78594999976316]}},{"type":"Feature","properties":{"id":"ru-mrds-10038577","name":"Soukhowianka","resource_type":"Past Producer","normalized_resource_group":"mineral_occurrence","commodity_codes":"PGE_PT","grade":"D"},"geometry":{"type":"Point","coordinates":[59.84733999971331,58.73761000000197]}},{"type":"Feature","properties":{"id":"ru-mrds-10038271","name":"Soulatky River","resource_type":"Past Producer","normalized_resource_group":"mineral_occurrence","commodity_codes":"PGE_PT","grade":"D"},"geometry":{"type":"Point","coordinates":[59.71062999959069,57.53232999993933]}},{"type":"Feature","properties":{"id":"ru-mrds-10103690","name":"Soupreia River","resource_type":"Past Producer","normalized_resource_group":"mineral_occurrence","commodity_codes":"PGE_PT","grade":"D"},"geometry":{"type":"Point","coordinates":[59.69159000053124,60.308460000064784]}},{"type":"Feature","properties":{"id":"ru-mrds-10206875","name":"Sovetsky","resource_type":"Producer","normalized_resource_group":"metallic_minerals","commodity_codes":"AU","grade":"D"},"geometry":{"type":"Point","coordinates":[92.90000000004387,60.36438999981691]}},{"type":"Feature","properties":{"id":"ru-mrds-10182167","name":"Soviet Ii","resource_type":"Producer","normalized_resource_group":"metallic_minerals","commodity_codes":"PB ZN","grade":"D"},"geometry":{"type":"Point","coordinates":[135.51533000015783,44.53153999952467]}},{"type":"Feature","properties":{"id":"ru-mrds-10183556","name":"Soviet Iii","resource_type":"Producer","normalized_resource_group":"metallic_minerals","commodity_codes":"PB ZN","grade":"D"},"geometry":{"type":"Point","coordinates":[135.51533000015783,44.53153999952467]}},{"type":"Feature","properties":{"id":"ru-mrds-10038938","name":"Springs Near Bodo","resource_type":"Past Producer","normalized_resource_group":"metallic_minerals","commodity_codes":"AU PGE_PT PGE","grade":"D"},"geometry":{"type":"Point","coordinates":[108.63162000046357,49.36118999996018]}},{"type":"Feature","properties":{"id":"ru-mrds-10038355","name":"Srednia - Prostokischenka","resource_type":"Past Producer","normalized_resource_group":"mineral_occurrence","commodity_codes":"PGE_PT","grade":"D"},"geometry":{"type":"Point","coordinates":[59.41820000042323,58.8398400005148]}},{"type":"Feature","properties":{"id":"ru-mrds-10038379","name":"Sredny-Issowskoi","resource_type":"Past Producer","normalized_resource_group":"mineral_occurrence","commodity_codes":"PGE_PT","grade":"D"},"geometry":{"type":"Point","coordinates":[59.52013000045414,58.825959999556446]}},{"type":"Feature","properties":{"id":"ru-mrds-10038397","name":"Starichne - Priisk","resource_type":"Past Producer","normalized_resource_group":"mineral_occurrence","commodity_codes":"PGE_PT","grade":"D"},"geometry":{"type":"Point","coordinates":[59.7556799999479,58.8123299998407]}},{"type":"Feature","properties":{"id":"ru-mrds-10038586","name":"Stepanoff - Log","resource_type":"Past Producer","normalized_resource_group":"mineral_occurrence","commodity_codes":"PGE_PT","grade":"D"},"geometry":{"type":"Point","coordinates":[58.801500000173604,57.463470000197795]}},{"type":"Feature","properties":{"id":"ru-mrds-10231179","name":"Stoilensk","resource_type":"Producer","normalized_resource_group":"mineral_occurrence","commodity_codes":"FE","grade":"D"},"geometry":{"type":"Point","coordinates":[37.66858999999464,51.298259999666755]}},{"type":"Feature","properties":{"id":"ru-mrds-10257100","name":"Sukdzhar Group","resource_type":"Producer","normalized_resource_group":"metallic_minerals","commodity_codes":"AU","grade":"D"},"geometry":{"type":"Point","coordinates":[129.49851000011097,54.914650000074474]}},{"type":"Feature","properties":{"id":"ru-mrds-10255032","name":"Susuman Placer Deposits","resource_type":"Producer","normalized_resource_group":"metallic_minerals","commodity_codes":"AU","grade":"D"},"geometry":{"type":"Point","coordinates":[147.86413000008622,62.831550000418424]}},{"type":"Feature","properties":{"id":"ru-mrds-10207100","name":"Sutar Group","resource_type":"Producer","normalized_resource_group":"metallic_minerals","commodity_codes":"AU","grade":"D"},"geometry":{"type":"Point","coordinates":[130.9986700000352,48.66477000007342]}},{"type":"Feature","properties":{"id":"ru-mrds-10184324","name":"Svetlor","resource_type":"Producer","normalized_resource_group":"mineral_occurrence","commodity_codes":"SN W","grade":"D"},"geometry":{"type":"Point","coordinates":[178.31287000011508,68.06569999985214]}},{"type":"Feature","properties":{"id":"ru-mrds-10039139","name":"Swistoukha River","resource_type":"Past Producer","normalized_resource_group":"metallic_minerals","commodity_codes":"PGE_PT AU","grade":"D"},"geometry":{"type":"Point","coordinates":[59.8125800006114,57.720109999861705]}},{"type":"Feature","properties":{"id":"ru-mrds-10038491","name":"Taidon River","resource_type":"Past Producer","normalized_resource_group":"mineral_occurrence","commodity_codes":"PGE_PT","grade":"D"},"geometry":{"type":"Point","coordinates":[87.500230000051,54.524119999628894]}},{"type":"Feature","properties":{"id":"ru-mrds-10239436","name":"Taimyr","resource_type":"Producer","normalized_resource_group":"metallic_minerals","commodity_codes":"PGE_PT CU NI","grade":"D"},"geometry":{"type":"Point","coordinates":[88.3336199997617,69.54781000032698]}},{"type":"Feature","properties":{"id":"ru-mrds-10098407","name":"Taimyr Mine","resource_type":"Past Producer","normalized_resource_group":"mineral_occurrence","commodity_codes":"PGE_PT PGE_PD","grade":"D"},"geometry":{"type":"Point","coordinates":[88.29449000043314,69.24058000011895]}},{"type":"Feature","properties":{"id":"ru-mrds-10038467","name":"Taisa River System","resource_type":"Past Producer","normalized_resource_group":"mineral_occurrence","commodity_codes":"PGE_PT","grade":"D"},"geometry":{"type":"Point","coordinates":[95.19157999993563,51.24083999934665]}},{"type":"Feature","properties":{"id":"ru-mrds-10038608","name":"Talaia River","resource_type":"Past Producer","normalized_resource_group":"mineral_occurrence","commodity_codes":"PGE_PT","grade":"D"},"geometry":{"type":"Point","coordinates":[59.671589999775456,60.30373000046924]}},{"type":"Feature","properties":{"id":"ru-mrds-10103651","name":"Talaia River","resource_type":"Past Producer","normalized_resource_group":"metallic_minerals","commodity_codes":"PGE_PT AU","grade":"D"},"geometry":{"type":"Point","coordinates":[59.65569000070622,58.84871999950791]}},{"type":"Feature","properties":{"id":"ru-mrds-10038387","name":"Talaia To Vosnessensky Priisk","resource_type":"Past Producer","normalized_resource_group":"mineral_occurrence","commodity_codes":"PGE_PT","grade":"D"},"geometry":{"type":"Point","coordinates":[59.67540999928292,58.84066999973337]}},{"type":"Feature","properties":{"id":"ru-mrds-10038470","name":"Talanova River","resource_type":"Past Producer","normalized_resource_group":"mineral_occurrence","commodity_codes":"PGE_PT","grade":"D"},"geometry":{"type":"Point","coordinates":[86.97191999988028,54.031910000469956]}},{"type":"Feature","properties":{"id":"ru-mrds-10279587","name":"Talnakh Concentrator","resource_type":"Producer","normalized_resource_group":"metallic_minerals","commodity_codes":"CU NI","grade":"D"},"geometry":{"type":"Point","coordinates":[88.03363999929608,69.34780999963516]}},{"type":"Feature","properties":{"id":"ru-mrds-10038547","name":"Tartayak River","resource_type":"Past Producer","normalized_resource_group":"metallic_minerals","commodity_codes":"PGE_PT AU","grade":"D"},"geometry":{"type":"Point","coordinates":[94.34493999980283,54.343559999968676]}},{"type":"Feature","properties":{"id":"ru-mrds-10158534","name":"Tashtagolsk","resource_type":"Producer","normalized_resource_group":"mineral_occurrence","commodity_codes":"FE","grade":"D"},"geometry":{"type":"Point","coordinates":[87.90020999980406,52.76444999991727]}},{"type":"Feature","properties":{"id":"ru-mrds-10038405","name":"Tatiansky - Priisk","resource_type":"Past Producer","normalized_resource_group":"mineral_occurrence","commodity_codes":"PGE_PT","grade":"D"},"geometry":{"type":"Point","coordinates":[59.845950000541606,58.7778899996631]}},{"type":"Feature","properties":{"id":"ru-mrds-10038465","name":"Taugainbaitsa River System","resource_type":"Past Producer","normalized_resource_group":"mineral_occurrence","commodity_codes":"PGE_PT","grade":"D"},"geometry":{"type":"Point","coordinates":[107.99943000032523,49.997849999905725]}},{"type":"Feature","properties":{"id":"ru-mrds-10254949","name":"Temir-Tauteisky","resource_type":"Producer","normalized_resource_group":"mineral_occurrence","commodity_codes":"FE","grade":"D"},"geometry":{"type":"Point","coordinates":[87.60022000019099,53.13105000034794]}},{"type":"Feature","properties":{"id":"ru-mrds-10038590","name":"Tepeletz","resource_type":"Past Producer","normalized_resource_group":"mineral_occurrence","commodity_codes":"PGE_PT","grade":"D"},"geometry":{"type":"Point","coordinates":[58.59020000021508,59.50818999972213]}},{"type":"Feature","properties":{"id":"ru-mrds-10038473","name":"Terel River","resource_type":"Past Producer","normalized_resource_group":"metallic_minerals","commodity_codes":"PGE_PT AU","grade":"D"},"geometry":{"type":"Point","coordinates":[91.93282000009276,55.85714999989793]}},{"type":"Feature","properties":{"id":"ru-mrds-10038492","name":"Ters River, Middle","resource_type":"Past Producer","normalized_resource_group":"mineral_occurrence","commodity_codes":"PGE_PT","grade":"D"},"geometry":{"type":"Point","coordinates":[87.86853999956531,54.032730000592025]}},{"type":"Feature","properties":{"id":"ru-mrds-10038493","name":"Ters River, Upper","resource_type":"Past Producer","normalized_resource_group":"mineral_occurrence","commodity_codes":"PGE_PT","grade":"D"},"geometry":{"type":"Point","coordinates":[89.23571000021353,53.23745999978511]}},{"type":"Feature","properties":{"id":"ru-mrds-10038574","name":"Three Lojoks of Nijne - Toura","resource_type":"Past Producer","normalized_resource_group":"mineral_occurrence","commodity_codes":"PGE_PT","grade":"D"},"geometry":{"type":"Point","coordinates":[59.82122999975475,58.689280000145075]}},{"type":"Feature","properties":{"id":"ru-mrds-10158288","name":"Tikhvin Group","resource_type":"Producer","normalized_resource_group":"mineral_occurrence","commodity_codes":"AL","grade":"D"},"geometry":{"type":"Point","coordinates":[33.519139999744446,59.6483000003949]}},{"type":"Feature","properties":{"id":"ru-mrds-10038943","name":"Tinda River","resource_type":"Past Producer","normalized_resource_group":"mineral_occurrence","commodity_codes":"PGE_PT","grade":"D"},"geometry":{"type":"Point","coordinates":[127.81000000010512,53.68737999967131]}},{"type":"Feature","properties":{"id":"ru-mrds-10038569","name":"Toura River","resource_type":"Past Producer","normalized_resource_group":"metallic_minerals","commodity_codes":"PGE_PT AU","grade":"D"},"geometry":{"type":"Point","coordinates":[59.88845000001415,58.77178000047386]}},{"type":"Feature","properties":{"id":"ru-mrds-10103666","name":"Troitsky - Priisk","resource_type":"Past Producer","normalized_resource_group":"mineral_occurrence","commodity_codes":"PGE_PT","grade":"D"},"geometry":{"type":"Point","coordinates":[59.73791000040959,58.82233000051616]}},{"type":"Feature","properties":{"id":"ru-mrds-10103654","name":"Trudny-Log","resource_type":"Past Producer","normalized_resource_group":"metallic_minerals","commodity_codes":"PGE_PT AU","grade":"D"},"geometry":{"type":"Point","coordinates":[59.74540999968241,58.83178000014302]}},{"type":"Feature","properties":{"id":"ru-mrds-10103667","name":"Trudy - Priisk","resource_type":"Past Producer","normalized_resource_group":"mineral_occurrence","commodity_codes":"PGE_PT","grade":"D"},"geometry":{"type":"Point","coordinates":[59.742899999879064,58.81817000008341]}},{"type":"Feature","properties":{"id":"ru-mrds-10103657","name":"Tschachewitaia","resource_type":"Past Producer","normalized_resource_group":"mineral_occurrence","commodity_codes":"PGE_PT","grade":"D"},"geometry":{"type":"Point","coordinates":[59.791229999968536,58.76538999992977]}},{"type":"Feature","properties":{"id":"ru-mrds-10103665","name":"Tschasliwy Laverie","resource_type":"Past Producer","normalized_resource_group":"mineral_occurrence","commodity_codes":"PGE_PT","grade":"D"},"geometry":{"type":"Point","coordinates":[59.7117999995527,58.82622000010958]}},{"type":"Feature","properties":{"id":"ru-mrds-10103648","name":"Tschauch River","resource_type":"Past Producer","normalized_resource_group":"metallic_minerals","commodity_codes":"PGE_PT AU","grade":"D"},"geometry":{"type":"Point","coordinates":[59.84090000079766,57.71095000050348]}},{"type":"Feature","properties":{"id":"ru-mrds-10039129","name":"Tschernaia River","resource_type":"Past Producer","normalized_resource_group":"metallic_minerals","commodity_codes":"PGE_PT AU","grade":"D"},"geometry":{"type":"Point","coordinates":[59.82063999975087,57.740949999827876]}},{"type":"Feature","properties":{"id":"ru-mrds-10255070","name":"Tsentral","resource_type":"Producer","normalized_resource_group":"mineral_occurrence","commodity_codes":"FE","grade":"D"},"geometry":{"type":"Point","coordinates":[60.00143000028523,56.831190000081236]}},{"type":"Feature","properties":{"id":"ru-mrds-10085862","name":"Tsentral'Noe","resource_type":"Producer","normalized_resource_group":"mineral_occurrence","commodity_codes":"AL","grade":"D"},"geometry":{"type":"Point","coordinates":[98.9163799998747,58.747699999476374]}},{"type":"Feature","properties":{"id":"ru-mrds-10207326","name":"Tsentralny","resource_type":"Producer","normalized_resource_group":"metallic_minerals","commodity_codes":"CU NI ZN","grade":"D"},"geometry":{"type":"Point","coordinates":[30.503619999537236,69.41522000033278]}},{"type":"Feature","properties":{"id":"ru-mrds-10182326","name":"Tulafemn","resource_type":"Producer","normalized_resource_group":"mineral_occurrence","commodity_codes":"MN_F","grade":"D"},"geometry":{"type":"Point","coordinates":[43.03517999912979,54.198140000193]}},{"type":"Feature","properties":{"id":"ru-mrds-10279932","name":"Turjin Concentrator","resource_type":"Producer","normalized_resource_group":"metallic_minerals","commodity_codes":"CU FE","grade":"D"},"geometry":{"type":"Point","coordinates":[60.1682399997532,59.76459000037138]}},{"type":"Feature","properties":{"id":"ru-mrds-10182237","name":"Turjin Mine","resource_type":"Producer","normalized_resource_group":"metallic_minerals","commodity_codes":"CU FE","grade":"D"},"geometry":{"type":"Point","coordinates":[60.00149999970712,58.4145900002626]}},{"type":"Feature","properties":{"id":"ru-mrds-10038455","name":"Tyagunesha River","resource_type":"Past Producer","normalized_resource_group":"mineral_occurrence","commodity_codes":"PGE_PT","grade":"D"},"geometry":{"type":"Point","coordinates":[86.86331999988164,54.782729999709225]}},{"type":"Feature","properties":{"id":"ru-mrds-10207126","name":"Uchali Concentrator","resource_type":"Producer","normalized_resource_group":"metallic_minerals","commodity_codes":"CU S_P ZN","grade":"D"},"geometry":{"type":"Point","coordinates":[59.41805999978281,54.33122000015884]}},{"type":"Feature","properties":{"id":"ru-mrds-10038536","name":"Udereya River Upper","resource_type":"Past Producer","normalized_resource_group":"mineral_occurrence","commodity_codes":"PGE_PT","grade":"D"},"geometry":{"type":"Point","coordinates":[94.55463999962902,59.23463000046568]}},{"type":"Feature","properties":{"id":"ru-mrds-10038948","name":"Udskii - Mai River","resource_type":"Past Producer","normalized_resource_group":"metallic_minerals","commodity_codes":"AU PGE_PT","grade":"D"},"geometry":{"type":"Point","coordinates":[132.1383900005121,55.59797999990145]}},{"type":"Feature","properties":{"id":"ru-mrds-10039076","name":"Ugol'Nyi Ruchei Placer","resource_type":"Past Producer","normalized_resource_group":"metallic_minerals","commodity_codes":"PGE_PD PGE_PT FE CU NI","grade":"D"},"geometry":{"type":"Point","coordinates":[87.98367999983535,69.3311399999323]}},{"type":"Feature","properties":{"id":"ru-mrds-10038511","name":"Ulanga River","resource_type":"Past Producer","normalized_resource_group":"metallic_minerals","commodity_codes":"PGE_PT AU","grade":"D"},"geometry":{"type":"Point","coordinates":[126.73421000010963,53.4862599997134]}},{"type":"Feature","properties":{"id":"ru-mrds-10255003","name":"Un'Ya-Bom Group","resource_type":"Producer","normalized_resource_group":"metallic_minerals","commodity_codes":"AU","grade":"D"},"geometry":{"type":"Point","coordinates":[130.16523000009576,53.74796999951401]}},{"type":"Feature","properties":{"id":"ru-mrds-10103687","name":"Unamed Creek Into B. Sosnowka","resource_type":"Past Producer","normalized_resource_group":"mineral_occurrence","commodity_codes":"PGE_PT","grade":"D"},"geometry":{"type":"Point","coordinates":[58.96352000018863,59.529289999920415]}},{"type":"Feature","properties":{"id":"ru-mrds-10038265","name":"Unnamed Lojok","resource_type":"Past Producer","normalized_resource_group":"mineral_occurrence","commodity_codes":"PGE_PT","grade":"D"},"geometry":{"type":"Point","coordinates":[59.820900000041874,57.66122000021268]}},{"type":"Feature","properties":{"id":"ru-mrds-10215210","name":"Unnamed Placer Region","resource_type":"Producer","normalized_resource_group":"metallic_minerals","commodity_codes":"AU","grade":"D"},"geometry":{"type":"Point","coordinates":[172.951650000391,65.06051000037495]}},{"type":"Feature","properties":{"id":"ru-mrds-10038266","name":"Unnamed Small Lojok","resource_type":"Past Producer","normalized_resource_group":"mineral_occurrence","commodity_codes":"PGE_PT","grade":"D"},"geometry":{"type":"Point","coordinates":[59.820900000041874,57.69788999969969]}},{"type":"Feature","properties":{"id":"ru-mrds-10255427","name":"Upper Seimchan","resource_type":"Past Producer","normalized_resource_group":"metallic_minerals","commodity_codes":"CO AS","grade":"D"},"geometry":{"type":"Point","coordinates":[152.41398000021397,62.93163999998719]}},{"type":"Feature","properties":{"id":"ru-mrds-10038489","name":"Ur River","resource_type":"Past Producer","normalized_resource_group":"mineral_occurrence","commodity_codes":"PGE_PT HG","grade":"D"},"geometry":{"type":"Point","coordinates":[85.52032000019933,54.64884000025455]}},{"type":"Feature","properties":{"id":"ru-mrds-10038996","name":"Ural Mountains","resource_type":"Producer","normalized_resource_group":"mineral_occurrence","commodity_codes":"PGE_PT PGE_PD","grade":"D"},"geometry":{"type":"Point","coordinates":[96.57749000006766,61.94383999959219]}},{"type":"Feature","properties":{"id":"ru-mrds-10208433","name":"Uralelectrocopper Copper Refineries","resource_type":"Producer","normalized_resource_group":"metallic_minerals","commodity_codes":"CU","grade":"D"},"geometry":{"type":"Point","coordinates":[60.534659999605246,55.714590000359856]}},{"type":"Feature","properties":{"id":"ru-mrds-10182718","name":"Uralruda","resource_type":"Producer","normalized_resource_group":"mineral_occurrence","commodity_codes":"FE","grade":"D"},"geometry":{"type":"Point","coordinates":[59.968269999519,60.24789000005063]}},{"type":"Feature","properties":{"id":"ru-mrds-10133878","name":"Uralruda Pp","resource_type":"Producer","normalized_resource_group":"mineral_occurrence","commodity_codes":"FE","grade":"D"},"geometry":{"type":"Point","coordinates":[59.968269999519,60.24789000005063]}},{"type":"Feature","properties":{"id":"ru-mrds-10254997","name":"Uralruda Sp","resource_type":"Producer","normalized_resource_group":"mineral_occurrence","commodity_codes":"FE","grade":"D"},"geometry":{"type":"Point","coordinates":[59.968269999519,60.24789000005063]}},{"type":"Feature","properties":{"id":"ru-mrds-10279652","name":"Urup Concentrator","resource_type":"Producer","normalized_resource_group":"metallic_minerals","commodity_codes":"CU","grade":"D"},"geometry":{"type":"Point","coordinates":[40.968260000121816,43.69839000032556]}},{"type":"Feature","properties":{"id":"ru-mrds-10038502","name":"Usa River System","resource_type":"Past Producer","normalized_resource_group":"mineral_occurrence","commodity_codes":"PGE_PT","grade":"D"},"geometry":{"type":"Point","coordinates":[92.68695000016521,52.23165000029374]}},{"type":"Feature","properties":{"id":"ru-mrds-10255127","name":"Ust-Omchug Placer Deposits","resource_type":"Producer","normalized_resource_group":"metallic_minerals","commodity_codes":"AU","grade":"D"},"geometry":{"type":"Point","coordinates":[148.68081999976317,61.39825000001983]}},{"type":"Feature","properties":{"id":"ru-mrds-10158208","name":"Usugli","resource_type":"Producer","normalized_resource_group":"mineral_occurrence","commodity_codes":"F","grade":"D"},"geometry":{"type":"Point","coordinates":[115.26580000018583,52.647840000521995]}},{"type":"Feature","properties":{"id":"ru-mrds-10038549","name":"Uyuk River","resource_type":"Past Producer","normalized_resource_group":"mineral_occurrence","commodity_codes":"PGE_PT","grade":"D"},"geometry":{"type":"Point","coordinates":[94.18523000047293,52.05553999938245]}},{"type":"Feature","properties":{"id":"ru-mrds-10182476","name":"Vacha Group","resource_type":"Producer","normalized_resource_group":"metallic_minerals","commodity_codes":"AU","grade":"D"},"geometry":{"type":"Point","coordinates":[115.53224999998942,58.347790000213436]}},{"type":"Feature","properties":{"id":"ru-mrds-10134004","name":"Val'Kumey","resource_type":"Producer","normalized_resource_group":"mineral_occurrence","commodity_codes":"SN","grade":"D"},"geometry":{"type":"Point","coordinates":[170.19597000029404,69.64885999979121]}},{"type":"Feature","properties":{"id":"ru-mrds-10255487","name":"Vangash River","resource_type":"Producer","normalized_resource_group":"metallic_minerals","commodity_codes":"AU","grade":"D"},"geometry":{"type":"Point","coordinates":[93.49997000012259,59.86439000001594]}},{"type":"Feature","properties":{"id":"ru-mrds-10038375","name":"Verkh-Kossinskii Priisk","resource_type":"Past Producer","normalized_resource_group":"mineral_occurrence","commodity_codes":"PGE_PT","grade":"D"},"geometry":{"type":"Point","coordinates":[59.48735000052781,58.80011999962464]}},{"type":"Feature","properties":{"id":"ru-mrds-10038374","name":"Verkh-Kossinskii Priisk,Log 1","resource_type":"Past Producer","normalized_resource_group":"mineral_occurrence","commodity_codes":"PGE_PT","grade":"D"},"geometry":{"type":"Point","coordinates":[59.47235999933298,58.79734000015867]}},{"type":"Feature","properties":{"id":"ru-mrds-10038376","name":"Verkh-Kossinskii To Kossinskii","resource_type":"Past Producer","normalized_resource_group":"mineral_occurrence","commodity_codes":"PGE_PT","grade":"D"},"geometry":{"type":"Point","coordinates":[59.49708000011984,58.80290000019962]}},{"type":"Feature","properties":{"id":"ru-mrds-10279979","name":"Verkhnee Rudnik","resource_type":"Producer","normalized_resource_group":"metallic_minerals","commodity_codes":"PB ZN AG","grade":"D"},"geometry":{"type":"Point","coordinates":[135.44862999958212,44.6149400001894]}},{"type":"Feature","properties":{"id":"ru-mrds-10103680","name":"Verkho - Tourie On Toura","resource_type":"Past Producer","normalized_resource_group":"metallic_minerals","commodity_codes":"PGE_PT AU","grade":"D"},"geometry":{"type":"Point","coordinates":[59.96816999995991,58.77706000001724]}},{"type":"Feature","properties":{"id":"ru-mrds-10182691","name":"Verkniy Amur Group","resource_type":"Producer","normalized_resource_group":"metallic_minerals","commodity_codes":"AU","grade":"D"},"geometry":{"type":"Point","coordinates":[123.49873999990223,54.41459000023503]}},{"type":"Feature","properties":{"id":"ru-mrds-10206978","name":"Vezhaya-Vorykva Bauxite Field","resource_type":"Producer","normalized_resource_group":"mineral_occurrence","commodity_codes":"AL","grade":"D"},"geometry":{"type":"Point","coordinates":[49.66899999990023,64.73138000022885]}},{"type":"Feature","properties":{"id":"ru-mrds-60000692","name":"Viatka Kama","resource_type":"Producer","normalized_resource_group":"mineral_occurrence","commodity_codes":"P","grade":"D"},"geometry":{"type":"Point","coordinates":[52.46854000030087,59.61468999986023]}},{"type":"Feature","properties":{"id":"ru-mrds-10158202","name":"Vishnevogorsk","resource_type":"Producer","normalized_resource_group":"mineral_occurrence","commodity_codes":"NB FE TI","grade":"D"},"geometry":{"type":"Point","coordinates":[60.66806999990409,55.98118999993168]}},{"type":"Feature","properties":{"id":"ru-mrds-10207331","name":"Visualnin Placer Region","resource_type":"Producer","normalized_resource_group":"metallic_minerals","commodity_codes":"AU AG","grade":"D"},"geometry":{"type":"Point","coordinates":[157.39688000044933,65.43178000017603]}},{"type":"Feature","properties":{"id":"ru-mrds-10038564","name":"Viya River","resource_type":"Past Producer","normalized_resource_group":"mineral_occurrence","commodity_codes":"PGE_PT","grade":"D"},"geometry":{"type":"Point","coordinates":[86.04917000014522,52.50331999989332]}},{"type":"Feature","properties":{"id":"ru-mrds-10038456","name":"Vodopadna River","resource_type":"Past Producer","normalized_resource_group":"mineral_occurrence","commodity_codes":"PGE_PT","grade":"D"},"geometry":{"type":"Point","coordinates":[87.89827999995885,54.87104999953698]}},{"type":"Feature","properties":{"id":"ru-mrds-60000695","name":"Voskresensk","resource_type":"Producer","normalized_resource_group":"mineral_occurrence","commodity_codes":"P","grade":"D"},"geometry":{"type":"Point","coordinates":[38.75203999999488,55.33150000064809]}},{"type":"Feature","properties":{"id":"ru-mrds-10103672","name":"Voskressensky - Priisk","resource_type":"Past Producer","normalized_resource_group":"mineral_occurrence","commodity_codes":"PGE_PT","grade":"D"},"geometry":{"type":"Point","coordinates":[59.83733999978458,58.78067000008782]}},{"type":"Feature","properties":{"id":"ru-mrds-10103663","name":"Vosnessensky - Priisk","resource_type":"Past Producer","normalized_resource_group":"metallic_minerals","commodity_codes":"PGE_PT AU","grade":"D"},"geometry":{"type":"Point","coordinates":[59.675689999665416,58.84038999944191]}},{"type":"Feature","properties":{"id":"ru-mrds-10182812","name":"Vostok","resource_type":"Past Producer","normalized_resource_group":"metallic_minerals","commodity_codes":"NI","grade":"D"},"geometry":{"type":"Point","coordinates":[30.30356000068801,69.01522000005063]}},{"type":"Feature","properties":{"id":"ru-mrds-10157964","name":"Vostok-2","resource_type":"Producer","normalized_resource_group":"metallic_minerals","commodity_codes":"W CU MO REE","grade":"D"},"geometry":{"type":"Point","coordinates":[135.56532999980152,44.6149400001894]}},{"type":"Feature","properties":{"id":"ru-mrds-10134228","name":"Vyatka-Kama","resource_type":"Producer","normalized_resource_group":"mineral_occurrence","commodity_codes":"P","grade":"D"},"geometry":{"type":"Point","coordinates":[49.63519000065231,58.63133000024757]}},{"type":"Feature","properties":{"id":"ru-mrds-10264195","name":"Vysokkogorsk","resource_type":"Producer","normalized_resource_group":"mineral_occurrence","commodity_codes":"FE","grade":"D"},"geometry":{"type":"Point","coordinates":[59.08480999984443,58.04790000045743]}},{"type":"Feature","properties":{"id":"ru-mrds-10038566","name":"Wasmoi - Log Off Gloubokaia","resource_type":"Past Producer","normalized_resource_group":"mineral_occurrence","commodity_codes":"PGE_PT","grade":"D"},"geometry":{"type":"Point","coordinates":[59.80122999989727,58.782889999995916]}},{"type":"Feature","properties":{"id":"ru-mrds-10134013","name":"West Siberia Bf","resource_type":"Producer","normalized_resource_group":"mineral_occurrence","commodity_codes":"FE","grade":"D"},"geometry":{"type":"Point","coordinates":[87.10024000025226,53.7477399995619]}},{"type":"Feature","properties":{"id":"ru-mrds-10304173","name":"West Siberia Sp","resource_type":"Producer","normalized_resource_group":"mineral_occurrence","commodity_codes":"FE","grade":"D"},"geometry":{"type":"Point","coordinates":[87.10024000025226,53.7477399995619]}},{"type":"Feature","properties":{"id":"ru-mrds-10279830","name":"West Turgay","resource_type":"Producer","normalized_resource_group":"mineral_occurrence","commodity_codes":"AL","grade":"D"},"geometry":{"type":"Point","coordinates":[62.50123000041977,53.89789000038651]}},{"type":"Feature","properties":{"id":"ru-mrds-10182510","name":"Yakokit River","resource_type":"Producer","normalized_resource_group":"metallic_minerals","commodity_codes":"AU","grade":"D"},"geometry":{"type":"Point","coordinates":[126.0317900003163,58.76458999986213]}},{"type":"Feature","properties":{"id":"ru-mrds-10038945","name":"Yankan River","resource_type":"Past Producer","normalized_resource_group":"metallic_minerals","commodity_codes":"AU PGE_PT","grade":"D"},"geometry":{"type":"Point","coordinates":[122.31793000011423,55.169260000127686]}},{"type":"Feature","properties":{"id":"ru-mrds-10038533","name":"Yenashimo River","resource_type":"Past Producer","normalized_resource_group":"metallic_minerals","commodity_codes":"AU PGE_PT","grade":"D"},"geometry":{"type":"Point","coordinates":[93.70995999947864,60.86325000048294]}},{"type":"Feature","properties":{"id":"ru-mrds-10038353","name":"Yermakof - Log","resource_type":"Past Producer","normalized_resource_group":"mineral_occurrence","commodity_codes":"PGE_PT","grade":"D"},"geometry":{"type":"Point","coordinates":[59.42125000000174,58.83929000029342]}},{"type":"Feature","properties":{"id":"ru-mrds-10103722","name":"Yermakoff","resource_type":"Past Producer","normalized_resource_group":"mineral_occurrence","commodity_codes":"PGE_PT","grade":"D"},"geometry":{"type":"Point","coordinates":[59.845950000541606,58.70399999994]}},{"type":"Feature","properties":{"id":"ru-mrds-10038471","name":"Ylymakha River","resource_type":"Past Producer","normalized_resource_group":"mineral_occurrence","commodity_codes":"PGE_PT","grade":"D"},"geometry":{"type":"Point","coordinates":[126.18851000034215,58.15234000009422]}},{"type":"Feature","properties":{"id":"ru-mrds-10303920","name":"Yurkin","resource_type":"Past Producer","normalized_resource_group":"mineral_occurrence","commodity_codes":"MN","grade":"D"},"geometry":{"type":"Point","coordinates":[60.50158000010325,60.83119000033512]}},{"type":"Feature","properties":{"id":"ru-mrds-10024530","name":"Yuzhuralnickel Complex","resource_type":"Producer","normalized_resource_group":"metallic_minerals","commodity_codes":"NI CO FE","grade":"D"},"geometry":{"type":"Point","coordinates":[60.30141000075084,56.764559999832784]}},{"type":"Feature","properties":{"id":"ru-mrds-10038267","name":"Zaetzeff River","resource_type":"Past Producer","normalized_resource_group":"mineral_occurrence","commodity_codes":"PGE_PT","grade":"D"},"geometry":{"type":"Point","coordinates":[59.76701999971795,57.61706000008943]}},{"type":"Feature","properties":{"id":"ru-mrds-10303737","name":"Zapadny","resource_type":"Producer","normalized_resource_group":"metallic_minerals","commodity_codes":"CU NI","grade":"D"},"geometry":{"type":"Point","coordinates":[30.503619999537236,69.41522000033278]}},{"type":"Feature","properties":{"id":"ru-mrds-10039075","name":"Zapolyarni Mine","resource_type":"Past Producer","normalized_resource_group":"mineral_occurrence","commodity_codes":"PGE_PT PGE_PD","grade":"D"},"geometry":{"type":"Point","coordinates":[96.57749000006766,61.94383999959219]}},{"type":"Feature","properties":{"id":"ru-mrds-10038344","name":"Zemlianoi-Mostik Log","resource_type":"Past Producer","normalized_resource_group":"metallic_minerals","commodity_codes":"PGE_PT AU","grade":"D"},"geometry":{"type":"Point","coordinates":[59.76900999983763,58.77511000022004]}},{"type":"Feature","properties":{"id":"ru-mrds-10158174","name":"Zhaima Levaya River","resource_type":"Producer","normalized_resource_group":"metallic_minerals","commodity_codes":"AU","grade":"D"},"geometry":{"type":"Point","coordinates":[93.41668000001633,54.74771999976992]}},{"type":"Feature","properties":{"id":"ru-mrds-10182500","name":"Zhuya Group","resource_type":"Producer","normalized_resource_group":"metallic_minerals","commodity_codes":"AU","grade":"D"},"geometry":{"type":"Point","coordinates":[116.8155699997664,58.847799999497184]}},{"type":"Feature","properties":{"id":"ru-mrds-10038550","name":"Zmeinogorskii","resource_type":"Past Producer","normalized_resource_group":"metallic_minerals","commodity_codes":"PGE_PT AU AG","grade":"D"},"geometry":{"type":"Point","coordinates":[82.18208999975764,51.15113000009424]}},{"type":"Feature","properties":{"id":"ru-mrds-10038520","name":"Zolotoe Dno River","resource_type":"Past Producer","normalized_resource_group":"metallic_minerals","commodity_codes":"PGE_PT AU","grade":"D"},"geometry":{"type":"Point","coordinates":[173.77209000015353,65.92051000033727]}},{"type":"Feature","properties":{"id":"ru-mrds-10230988","name":"Zolotushinski","resource_type":"Producer","normalized_resource_group":"metallic_minerals","commodity_codes":"PB ZN CU","grade":"D"},"geometry":{"type":"Point","coordinates":[81.4671499992882,50.98110999991809]}},{"type":"Feature","properties":{"id":"ru-mrds-10304328","name":"Zun-Kholbin","resource_type":"Producer","normalized_resource_group":"metallic_minerals","commodity_codes":"AU","grade":"D"},"geometry":{"type":"Point","coordinates":[100.632979999913,51.94777000013821]}},{"type":"Feature","properties":{"id":"ru-mrds-10280082","name":"Dorogomilova","resource_type":"Producer","normalized_resource_group":"mineral_occurrence","commodity_codes":"TI_P","grade":"E"},"geometry":{"type":"Point","coordinates":[40.8350000005091,48.14827000009213]}},{"type":"Feature","properties":{"id":"ru-mrds-10133870","name":"Jiayinhe Gold Mine","resource_type":"Producer","normalized_resource_group":"metallic_minerals","commodity_codes":"AU","grade":"E"},"geometry":{"type":"Point","coordinates":[130.79867999970955,48.19807999929889]}},{"type":"Feature","properties":{"id":"ru-mrds-10230963","name":"Kaldurskoye","resource_type":"Producer","normalized_resource_group":"mineral_occurrence","commodity_codes":"MG","grade":"E"},"geometry":{"type":"Point","coordinates":[134.99854000058056,48.99811999963932]}},{"type":"Feature","properties":{"id":"ru-mrds-60000607","name":"Orsk Combine","resource_type":"Producer","normalized_resource_group":"metallic_minerals","commodity_codes":"FE NI CO","grade":"E"},"geometry":{"type":"Point","coordinates":[58.58458999970618,51.214669999597795]}},{"type":"Feature","properties":{"id":"ru-mrds-10256832","name":"Podolsk","resource_type":"Producer","normalized_resource_group":"mineral_occurrence","commodity_codes":"SN TI_P","grade":"E"},"geometry":{"type":"Point","coordinates":[58.43462000001402,52.13126000035483]}},{"type":"Feature","properties":{"id":"ru-mrds-10230943","name":"Ryazan","resource_type":"Producer","normalized_resource_group":"metallic_minerals","commodity_codes":"SDG TI ZR REE","grade":"E"},"geometry":{"type":"Point","coordinates":[39.50199999985723,54.83149000030928]}},{"type":"Feature","properties":{"id":"ru-mrds-10182181","name":"Tuva","resource_type":"Producer","normalized_resource_group":"metallic_minerals","commodity_codes":"AS CO","grade":"E"},"geometry":{"type":"Point","coordinates":[93.71666999962937,51.16448000003462]}},{"type":"Feature","properties":{"id":"ru-mrds-10134029","name":"Yaroslavi","resource_type":"Producer","normalized_resource_group":"mineral_occurrence","commodity_codes":"TI_P","grade":"E"},"geometry":{"type":"Point","coordinates":[39.502169999736545,57.9981999998789]}},{"type":"Feature","properties":{"id":"ru-mrds-10182149","name":"Zagorsk","resource_type":"Producer","normalized_resource_group":"mineral_occurrence","commodity_codes":"TI_P","grade":"E"},"geometry":{"type":"Point","coordinates":[38.13541000006548,56.29821000018224]}},{"type":"Feature","properties":{"id":"ru-mrds-10158497","name":"Zopansk","resource_type":"Producer","normalized_resource_group":"mineral_occurrence","commodity_codes":"TI","grade":"E"},"geometry":{"type":"Point","coordinates":[59.46808999956375,55.34790999991358]}},{"type":"Feature","properties":{"id":"ru-mrds-10255492","name":"Yukspor","resource_type":"Plant","normalized_resource_group":"mineral_occurrence","commodity_codes":"P","grade":"B"},"geometry":{"type":"Point","coordinates":[33.753239999792,67.63170999978446]}},{"type":"Feature","properties":{"id":"ru-mrds-10158263","name":"(Facility) Kandalaksha Smelter","resource_type":"Plant","normalized_resource_group":"mineral_occurrence","commodity_codes":"AL_C","grade":"C"},"geometry":{"type":"Point","coordinates":[32.419910000325565,67.14843000049653]}},{"type":"Feature","properties":{"id":"ru-mrds-10288609","name":"(Facility) Pikalevo Refinery","resource_type":"Plant","normalized_resource_group":"mineral_occurrence","commodity_codes":"AL","grade":"C"},"geometry":{"type":"Point","coordinates":[34.16911999951258,59.514989999478935]}},{"type":"Feature","properties":{"id":"ru-mrds-10255059","name":"(Facility) Rezh Smelter","resource_type":"Plant","normalized_resource_group":"metallic_minerals","commodity_codes":"CO NI","grade":"C"},"geometry":{"type":"Point","coordinates":[61.4013900000072,57.36458000012128]}},{"type":"Feature","properties":{"id":"ru-mrds-10257207","name":"Berezniki Mines Uralkali Combine","resource_type":"Plant","normalized_resource_group":"mineral_occurrence","commodity_codes":"K NA","grade":"C"},"geometry":{"type":"Point","coordinates":[56.76836000027632,59.39793000017124]}},{"type":"Feature","properties":{"id":"ru-mrds-10207139","name":"Khibiny Complex","resource_type":"Plant","normalized_resource_group":"mineral_occurrence","commodity_codes":"P AL","grade":"C"},"geometry":{"type":"Point","coordinates":[33.21996000024329,67.66512999948144]}},{"type":"Feature","properties":{"id":"ru-mrds-10303987","name":"Kimovsk Mine Combine","resource_type":"Plant","normalized_resource_group":"mineral_occurrence","commodity_codes":"P","grade":"C"},"geometry":{"type":"Point","coordinates":[38.53527999931531,53.964920000060516]}},{"type":"Feature","properties":{"id":"ru-mrds-10255433","name":"Kingisepp Apatit Group","resource_type":"Plant","normalized_resource_group":"mineral_occurrence","commodity_codes":"P","grade":"C"},"geometry":{"type":"Point","coordinates":[28.602540000051757,59.365089999865155]}},{"type":"Feature","properties":{"id":"ru-mrds-10255195","name":"Norilsk Nickel Plant","resource_type":"Plant","normalized_resource_group":"metallic_minerals","commodity_codes":"NI","grade":"C"},"geometry":{"type":"Point","coordinates":[88.20033000001175,69.29780000037252]}},{"type":"Feature","properties":{"id":"ru-mrds-10231344","name":"Polpinskaya Mine Combine","resource_type":"Plant","normalized_resource_group":"mineral_occurrence","commodity_codes":"P","grade":"C"},"geometry":{"type":"Point","coordinates":[35.12705999941817,53.9065700004625]}},{"type":"Feature","properties":{"id":"ru-mrds-10279928","name":"Razvumchorr","resource_type":"Plant","normalized_resource_group":"mineral_occurrence","commodity_codes":"P","grade":"C"},"geometry":{"type":"Point","coordinates":[33.80322999938995,67.63170999978446]}},{"type":"Feature","properties":{"id":"ru-mrds-10255608","name":"Rudnichnyy Mine","resource_type":"Plant","normalized_resource_group":"mineral_occurrence","commodity_codes":"P","grade":"C"},"geometry":{"type":"Point","coordinates":[52.43513999933513,59.63129000032558]}},{"type":"Feature","properties":{"id":"ru-mrds-10158285","name":"Seligdar","resource_type":"Plant","normalized_resource_group":"mineral_occurrence","commodity_codes":"P FE","grade":"C"},"geometry":{"type":"Point","coordinates":[125.03183999958625,58.38118000041097]}},{"type":"Feature","properties":{"id":"ru-mrds-10157888","name":"Shchigry Mine Combine","resource_type":"Plant","normalized_resource_group":"mineral_occurrence","commodity_codes":"P","grade":"C"},"geometry":{"type":"Point","coordinates":[36.90193000009857,51.864960000061274]}},{"type":"Feature","properties":{"id":"ru-mrds-10279387","name":"Solikamsk Mines","resource_type":"Plant","normalized_resource_group":"metallic_minerals","commodity_codes":"MG K REE","grade":"C"},"geometry":{"type":"Point","coordinates":[56.78496999989833,59.647930000373904]}},{"type":"Feature","properties":{"id":"ru-mrds-10158445","name":"Vostochny Eastern Mine","resource_type":"Plant","normalized_resource_group":"mineral_occurrence","commodity_codes":"P","grade":"C"},"geometry":{"type":"Point","coordinates":[34.16993000052278,67.66510999955842]}},{"type":"Feature","properties":{"id":"ru-mrds-10305709","name":"Yegor'Yevsk","resource_type":"Plant","normalized_resource_group":"mineral_occurrence","commodity_codes":"P","grade":"C"},"geometry":{"type":"Point","coordinates":[39.03533999961999,55.3815000001527]}},{"type":"Feature","properties":{"id":"ru-mrds-10279686","name":"Zaybakal Apatite Complex","resource_type":"Plant","normalized_resource_group":"mineral_occurrence","commodity_codes":"FE P TI","grade":"C"},"geometry":{"type":"Point","coordinates":[107.46611000059356,51.96450000026273]}},{"type":"Feature","properties":{"id":"ru-mrds-10304208","name":"(Facility) Achinsk Refinery","resource_type":"Plant","normalized_resource_group":"mineral_occurrence","commodity_codes":"AL NA GA","grade":"D"},"geometry":{"type":"Point","coordinates":[90.50010999968337,56.28101000027481]}},{"type":"Feature","properties":{"id":"ru-mrds-10134394","name":"(Facility) Belovsk Zinc Smelter","resource_type":"Plant","normalized_resource_group":"metallic_minerals","commodity_codes":"ZN_R","grade":"D"},"geometry":{"type":"Point","coordinates":[86.31697999988162,54.44772999985619]}},{"type":"Feature","properties":{"id":"ru-mrds-10133847","name":"(Facility) Bogoslovsk Refinery","resource_type":"Plant","normalized_resource_group":"mineral_occurrence","commodity_codes":"AL","grade":"D"},"geometry":{"type":"Point","coordinates":[60.20154000026151,59.76459000037138]}},{"type":"Feature","properties":{"id":"ru-mrds-10254973","name":"(Facility) Bogoslovsk Smelter","resource_type":"Plant","normalized_resource_group":"mineral_occurrence","commodity_codes":"AL_C","grade":"D"},"geometry":{"type":"Point","coordinates":[60.20154000026151,59.76459000037138]}},{"type":"Feature","properties":{"id":"ru-mrds-10207274","name":"(Facility) Boksitogorsk Refinery","resource_type":"Plant","normalized_resource_group":"mineral_occurrence","commodity_codes":"AL","grade":"D"},"geometry":{"type":"Point","coordinates":[33.85241999982007,59.4649899998282]}},{"type":"Feature","properties":{"id":"ru-mrds-10206801","name":"(Facility) Bratsk Smelter","resource_type":"Plant","normalized_resource_group":"mineral_occurrence","commodity_codes":"AL_C","grade":"D"},"geometry":{"type":"Point","coordinates":[101.4496200002596,56.13102000017897]}},{"type":"Feature","properties":{"id":"ru-mrds-10231062","name":"(Facility) Buruktal Ferronickel Smelter","resource_type":"Plant","normalized_resource_group":"metallic_minerals","commodity_codes":"NI","grade":"D"},"geometry":{"type":"Point","coordinates":[60.76791000025623,50.83126000012652]}},{"type":"Feature","properties":{"id":"ru-mrds-10255307","name":"(Facility) Cheliabinsk Zinc Smelter","resource_type":"Plant","normalized_resource_group":"metallic_minerals","commodity_codes":"ZN_R CD LI","grade":"D"},"geometry":{"type":"Point","coordinates":[61.41801000057327,55.19789000017137]}},{"type":"Feature","properties":{"id":"ru-mrds-10190860","name":"(Facility) Dalpolymetal Lead Smelter","resource_type":"Plant","normalized_resource_group":"metallic_minerals","commodity_codes":"PB_S ZN","grade":"D"},"geometry":{"type":"Point","coordinates":[135.49863000012414,44.54823999963074]}},{"type":"Feature","properties":{"id":"ru-mrds-10206697","name":"(Facility) Electrozinc Lead Smelter","resource_type":"Plant","normalized_resource_group":"metallic_minerals","commodity_codes":"PB_R","grade":"D"},"geometry":{"type":"Point","coordinates":[44.68476999986932,43.04836999958556]}},{"type":"Feature","properties":{"id":"ru-mrds-10158115","name":"(Facility) Electrozinc Zinc Smelter","resource_type":"Plant","normalized_resource_group":"metallic_minerals","commodity_codes":"ZN_R","grade":"D"},"geometry":{"type":"Point","coordinates":[44.68476999986932,43.06505999985921]}},{"type":"Feature","properties":{"id":"ru-mrds-10231390","name":"(Facility) Irkutsk Smelter","resource_type":"Plant","normalized_resource_group":"mineral_occurrence","commodity_codes":"AL_C","grade":"D"},"geometry":{"type":"Point","coordinates":[104.08283999984039,52.197780000120176]}},{"type":"Feature","properties":{"id":"ru-mrds-10230838","name":"(Facility) Kandalaksha Refinery","resource_type":"Plant","normalized_resource_group":"mineral_occurrence","commodity_codes":"AL","grade":"D"},"geometry":{"type":"Point","coordinates":[32.419910000325565,67.14843000049653]}},{"type":"Feature","properties":{"id":"ru-mrds-10255300","name":"(Facility) Karamken Gold Smelter","resource_type":"Plant","normalized_resource_group":"metallic_minerals","commodity_codes":"AU","grade":"D"},"geometry":{"type":"Point","coordinates":[151.11423999988745,60.198279999904415]}},{"type":"Feature","properties":{"id":"ru-mrds-10182856","name":"(Facility) Kirovgrad Copper Smelter","resource_type":"Plant","normalized_resource_group":"metallic_minerals","commodity_codes":"CU","grade":"D"},"geometry":{"type":"Point","coordinates":[60.00145999952413,57.431189999920726]}},{"type":"Feature","properties":{"id":"ru-mrds-10304295","name":"(Facility) Krasnoural'Sk Smelter","resource_type":"Plant","normalized_resource_group":"metallic_minerals","commodity_codes":"CU","grade":"D"},"geometry":{"type":"Point","coordinates":[60.068180000191326,58.34789000036982]}},{"type":"Feature","properties":{"id":"ru-mrds-10206649","name":"(Facility) Krasnoyarsk Pgm Refinery","resource_type":"Plant","normalized_resource_group":"mineral_occurrence","commodity_codes":"PGE","grade":"D"},"geometry":{"type":"Point","coordinates":[92.83330000036649,56.01440999960791]}},{"type":"Feature","properties":{"id":"ru-mrds-10182546","name":"(Facility) Krasnoyarsk Smelter","resource_type":"Plant","normalized_resource_group":"mineral_occurrence","commodity_codes":"AL_C","grade":"D"},"geometry":{"type":"Point","coordinates":[92.98328999925182,56.01440999960791]}},{"type":"Feature","properties":{"id":"ru-mrds-10304197","name":"(Facility) Mednogorsk Copper Smelter","resource_type":"Plant","normalized_resource_group":"metallic_minerals","commodity_codes":"CU","grade":"D"},"geometry":{"type":"Point","coordinates":[57.568029999354145,51.414679999850435]}},{"type":"Feature","properties":{"id":"ru-mrds-10303905","name":"(Facility) Monchegorsk Refinery","resource_type":"Plant","normalized_resource_group":"metallic_minerals","commodity_codes":"CU NI_R CO","grade":"D"},"geometry":{"type":"Point","coordinates":[32.919999999869155,67.88173999978798]}},{"type":"Feature","properties":{"id":"ru-mrds-10206938","name":"(Facility) Nadezdha Copper Smelter","resource_type":"Plant","normalized_resource_group":"metallic_minerals","commodity_codes":"CU","grade":"D"},"geometry":{"type":"Point","coordinates":[88.03363999929608,69.34780999963516]}},{"type":"Feature","properties":{"id":"ru-mrds-10279741","name":"(Facility) Nadvoitsky Smelter","resource_type":"Plant","normalized_resource_group":"mineral_occurrence","commodity_codes":"AL_C","grade":"D"},"geometry":{"type":"Point","coordinates":[34.28608000002298,63.88163000003547]}},{"type":"Feature","properties":{"id":"ru-mrds-10231298","name":"(Facility) Norilsk Copper Refinery","resource_type":"Plant","normalized_resource_group":"metallic_minerals","commodity_codes":"CU","grade":"D"},"geometry":{"type":"Point","coordinates":[88.13364000038011,69.34780999963516]}},{"type":"Feature","properties":{"id":"ru-mrds-10279582","name":"(Facility) Norilsk Copper Smelter","resource_type":"Plant","normalized_resource_group":"metallic_minerals","commodity_codes":"CU","grade":"D"},"geometry":{"type":"Point","coordinates":[88.03363999929608,69.31451000019266]}},{"type":"Feature","properties":{"id":"ru-mrds-10133717","name":"(Facility) Novokuznetsk Refinery","resource_type":"Plant","normalized_resource_group":"mineral_occurrence","commodity_codes":"AL","grade":"D"},"geometry":{"type":"Point","coordinates":[87.10024000025226,53.7477399995619]}},{"type":"Feature","properties":{"id":"ru-mrds-10255510","name":"(Facility) Novokuznetsk Smelter","resource_type":"Plant","normalized_resource_group":"mineral_occurrence","commodity_codes":"AL_C","grade":"D"},"geometry":{"type":"Point","coordinates":[87.10024000025226,53.7477399995619]}},{"type":"Feature","properties":{"id":"ru-mrds-10158458","name":"(Facility) Novosibirsk Smelter","resource_type":"Plant","normalized_resource_group":"mineral_occurrence","commodity_codes":"FE SN","grade":"D"},"geometry":{"type":"Point","coordinates":[82.91713000054197,55.03102999999224]}},{"type":"Feature","properties":{"id":"ru-mrds-10158230","name":"(Facility) Orsk Smelter","resource_type":"Plant","normalized_resource_group":"metallic_minerals","commodity_codes":"NI_S","grade":"D"},"geometry":{"type":"Point","coordinates":[58.58458999970618,51.264670000284255]}},{"type":"Feature","properties":{"id":"ru-mrds-10118288","name":"(Facility) Pechenga Smelter","resource_type":"Plant","normalized_resource_group":"metallic_minerals","commodity_codes":"NI_S","grade":"D"},"geometry":{"type":"Point","coordinates":[30.253619999522112,69.39852999959894]}},{"type":"Feature","properties":{"id":"ru-mrds-10280113","name":"(Facility) Salair Concentrator","resource_type":"Plant","normalized_resource_group":"metallic_minerals","commodity_codes":"PB ZN BA","grade":"D"},"geometry":{"type":"Point","coordinates":[85.83360000041748,54.21444000021063]}},{"type":"Feature","properties":{"id":"ru-mrds-10208439","name":"(Facility) Sayansk Smelter","resource_type":"Plant","normalized_resource_group":"mineral_occurrence","commodity_codes":"AL_C","grade":"D"},"geometry":{"type":"Point","coordinates":[91.91674000020015,53.53103999980386]}},{"type":"Feature","properties":{"id":"ru-mrds-10157959","name":"(Facility) Severonikel Smelter/Refinery Complx","resource_type":"Plant","normalized_resource_group":"metallic_minerals","commodity_codes":"CU NI_S CO","grade":"D"},"geometry":{"type":"Point","coordinates":[32.919999999869155,67.88173999978798]}},{"type":"Feature","properties":{"id":"ru-mrds-10255710","name":"(Facility) Shenyang Zn/Pb/Cu Smelt/Refinery","resource_type":"Plant","normalized_resource_group":"metallic_minerals","commodity_codes":"CU PB ZN","grade":"D"},"geometry":{"type":"Point","coordinates":[134.04868999995162,43.631559999662166]}},{"type":"Feature","properties":{"id":"ru-mrds-10255109","name":"(Facility) Sherlovaya Gora Smelter","resource_type":"Plant","normalized_resource_group":"mineral_occurrence","commodity_codes":"SN","grade":"D"},"geometry":{"type":"Point","coordinates":[116.23240000017884,50.531180000022]}},{"type":"Feature","properties":{"id":"ru-mrds-10231015","name":"(Facility) Sredneuralsk Copper Smelter","resource_type":"Plant","normalized_resource_group":"metallic_minerals","commodity_codes":"CU","grade":"D"},"geometry":{"type":"Point","coordinates":[60.13470999998944,56.68118999973403]}},{"type":"Feature","properties":{"id":"ru-mrds-10206990","name":"(Facility) Ufalei Nickel Smelter Ufaly","resource_type":"Plant","normalized_resource_group":"metallic_minerals","commodity_codes":"NI_S","grade":"D"},"geometry":{"type":"Point","coordinates":[60.218089999609056,56.04789999983655]}},{"type":"Feature","properties":{"id":"ru-mrds-10134246","name":"(Facility) Ufalei Refinery","resource_type":"Plant","normalized_resource_group":"metallic_minerals","commodity_codes":"NI_R CO","grade":"D"},"geometry":{"type":"Point","coordinates":[60.218089999609056,56.04789999983655]}},{"type":"Feature","properties":{"id":"ru-mrds-10280099","name":"(Facility) Uralsk Refinery","resource_type":"Plant","normalized_resource_group":"mineral_occurrence","commodity_codes":"AL","grade":"D"},"geometry":{"type":"Point","coordinates":[61.934630000271255,56.39786999960154]}},{"type":"Feature","properties":{"id":"ru-mrds-10255564","name":"(Facility) Uralsk Smelter","resource_type":"Plant","normalized_resource_group":"mineral_occurrence","commodity_codes":"AL_C GA","grade":"D"},"geometry":{"type":"Point","coordinates":[61.934630000271255,56.39786999960154]}},{"type":"Feature","properties":{"id":"ru-mrds-10255020","name":"(Facility) Volgograd Al Smelter","resource_type":"Plant","normalized_resource_group":"mineral_occurrence","commodity_codes":"AL_C","grade":"D"},"geometry":{"type":"Point","coordinates":[44.584930000415504,48.83149999985247]}},{"type":"Feature","properties":{"id":"ru-mrds-10206959","name":"(Facility) Volkhov Refinery","resource_type":"Plant","normalized_resource_group":"mineral_occurrence","commodity_codes":"AL NA","grade":"D"},"geometry":{"type":"Point","coordinates":[32.31919000043963,59.93162000033423]}},{"type":"Feature","properties":{"id":"ru-mrds-10134271","name":"(Facility) Volkhov Smelter","resource_type":"Plant","normalized_resource_group":"mineral_occurrence","commodity_codes":"AL_C","grade":"D"},"geometry":{"type":"Point","coordinates":[32.31919000043963,59.93162000033423]}},{"type":"Feature","properties":{"id":"ru-mrds-10158012","name":"Avisma/Berezniki Plant","resource_type":"Plant","normalized_resource_group":"mineral_occurrence","commodity_codes":"MG TI_M","grade":"D"},"geometry":{"type":"Point","coordinates":[56.81835999992001,59.44792999975044]}},{"type":"Feature","properties":{"id":"ru-mrds-10231378","name":"Balakovo Phos-Acid Plant","resource_type":"Plant","normalized_resource_group":"mineral_occurrence","commodity_codes":"P","grade":"D"},"geometry":{"type":"Point","coordinates":[47.76834999968675,52.064800000100085]}},{"type":"Feature","properties":{"id":"ru-mrds-10279960","name":"Batagay","resource_type":"Plant","normalized_resource_group":"mineral_occurrence","commodity_codes":"SN","grade":"D"},"geometry":{"type":"Point","coordinates":[134.66418000005626,67.6481099998933]}},{"type":"Feature","properties":{"id":"ru-mrds-10134092","name":"Beloretsk Bf","resource_type":"Plant","normalized_resource_group":"mineral_occurrence","commodity_codes":"FE","grade":"D"},"geometry":{"type":"Point","coordinates":[58.401379999780175,53.964630000607066]}},{"type":"Feature","properties":{"id":"ru-mrds-10158274","name":"Beloretsk Sp","resource_type":"Plant","normalized_resource_group":"mineral_occurrence","commodity_codes":"FE","grade":"D"},"geometry":{"type":"Point","coordinates":[58.401379999780175,53.964630000607066]}},{"type":"Feature","properties":{"id":"ru-mrds-10255113","name":"Bilibino Complex","resource_type":"Plant","normalized_resource_group":"metallic_minerals","commodity_codes":"AU SN","grade":"D"},"geometry":{"type":"Point","coordinates":[165.9963300004294,68.08201999966607]}},{"type":"Feature","properties":{"id":"ru-mrds-10304230","name":"Byelorechensk Phos-Acid Complex","resource_type":"Plant","normalized_resource_group":"mineral_occurrence","commodity_codes":"P","grade":"D"},"geometry":{"type":"Point","coordinates":[39.90161999976014,44.76507000008871]}},{"type":"Feature","properties":{"id":"ru-mrds-10206999","name":"Chelyabinsk Bf","resource_type":"Plant","normalized_resource_group":"mineral_occurrence","commodity_codes":"FE","grade":"D"},"geometry":{"type":"Point","coordinates":[61.401309999641256,55.16458999968351]}},{"type":"Feature","properties":{"id":"ru-mrds-10304385","name":"Chelyabinsk Sp","resource_type":"Plant","normalized_resource_group":"mineral_occurrence","commodity_codes":"FE","grade":"D"},"geometry":{"type":"Point","coordinates":[61.401309999641256,55.16458999968351]}},{"type":"Feature","properties":{"id":"ru-mrds-10231392","name":"Cherepovets Bf","resource_type":"Plant","normalized_resource_group":"mineral_occurrence","commodity_codes":"FE","grade":"D"},"geometry":{"type":"Point","coordinates":[44.501630000263496,48.73149999989552]}},{"type":"Feature","properties":{"id":"ru-mrds-10158339","name":"Cherepovets I-Vii Phos-Acid Complex","resource_type":"Plant","normalized_resource_group":"mineral_occurrence","commodity_codes":"P","grade":"D"},"geometry":{"type":"Point","coordinates":[37.9022900000091,59.13152000003879]}},{"type":"Feature","properties":{"id":"ru-mrds-10239664","name":"Cherepovets Sp","resource_type":"Plant","normalized_resource_group":"mineral_occurrence","commodity_codes":"FE","grade":"D"},"geometry":{"type":"Point","coordinates":[44.501630000263496,48.73149999989552]}},{"type":"Feature","properties":{"id":"ru-mrds-10255637","name":"Chusovskoy Perm Bf","resource_type":"Plant","normalized_resource_group":"mineral_occurrence","commodity_codes":"FE","grade":"D"},"geometry":{"type":"Point","coordinates":[57.81826999956875,58.2812199993993]}},{"type":"Feature","properties":{"id":"ru-mrds-10134248","name":"Chusovskoy Perm Sp","resource_type":"Plant","normalized_resource_group":"mineral_occurrence","commodity_codes":"FE","grade":"D"},"geometry":{"type":"Point","coordinates":[57.81826999956875,58.2812199993993]}},{"type":"Feature","properties":{"id":"ru-mrds-10231381","name":"Kavalerovo Concentrator","resource_type":"Plant","normalized_resource_group":"mineral_occurrence","commodity_codes":"SN","grade":"D"},"geometry":{"type":"Point","coordinates":[135.0486499998291,44.26495000019557]}},{"type":"Feature","properties":{"id":"ru-mrds-10133999","name":"Kingisepp Phos-Acid Complex","resource_type":"Plant","normalized_resource_group":"mineral_occurrence","commodity_codes":"P","grade":"D"},"geometry":{"type":"Point","coordinates":[28.66923999972914,59.365089999865155]}},{"type":"Feature","properties":{"id":"ru-mrds-10182241","name":"Kosaya Gora Iron Works","resource_type":"Plant","normalized_resource_group":"mineral_occurrence","commodity_codes":"FE MN_F","grade":"D"},"geometry":{"type":"Point","coordinates":[37.6187200000473,54.19822999986486]}},{"type":"Feature","properties":{"id":"ru-mrds-10288460","name":"Kostomuksha","resource_type":"Plant","normalized_resource_group":"mineral_occurrence","commodity_codes":"FE","grade":"D"},"geometry":{"type":"Point","coordinates":[33.819209999723455,60.68159999966069]}},{"type":"Feature","properties":{"id":"ru-mrds-10255071","name":"Kostomuksha Mine","resource_type":"Plant","normalized_resource_group":"mineral_occurrence","commodity_codes":"FE","grade":"D"},"geometry":{"type":"Point","coordinates":[30.81965999980397,64.6817100005837]}},{"type":"Feature","properties":{"id":"ru-mrds-10133924","name":"Kovdor Processing Plant","resource_type":"Plant","normalized_resource_group":"mineral_occurrence","commodity_codes":"FE TI MG P ZR","grade":"D"},"geometry":{"type":"Point","coordinates":[30.4866299999736,67.54847999994271]}},{"type":"Feature","properties":{"id":"ru-mrds-10182514","name":"Krasnodar Phos-Acid Plant","resource_type":"Plant","normalized_resource_group":"mineral_occurrence","commodity_codes":"P","grade":"D"},"geometry":{"type":"Point","coordinates":[39.00165000002267,45.03167999943598]}},{"type":"Feature","properties":{"id":"ru-mrds-10158021","name":"Krasnouralsk Concentrator","resource_type":"Plant","normalized_resource_group":"metallic_minerals","commodity_codes":"CU V","grade":"D"},"geometry":{"type":"Point","coordinates":[60.00149999970712,58.4145900002626]}},{"type":"Feature","properties":{"id":"ru-mrds-10239276","name":"Krasnouralsk Phos-Acid Plant","resource_type":"Plant","normalized_resource_group":"mineral_occurrence","commodity_codes":"P","grade":"D"},"geometry":{"type":"Point","coordinates":[60.00149999970712,58.4145900002626]}},{"type":"Feature","properties":{"id":"ru-mrds-10254959","name":"Kursk Magnetic Anomaly Kma","resource_type":"Plant","normalized_resource_group":"mineral_occurrence","commodity_codes":"FE","grade":"D"},"geometry":{"type":"Point","coordinates":[37.635189999927235,51.281559999499734]}},{"type":"Feature","properties":{"id":"ru-mrds-10182585","name":"Kuznetsk Bf","resource_type":"Plant","normalized_resource_group":"mineral_occurrence","commodity_codes":"FE","grade":"D"},"geometry":{"type":"Point","coordinates":[87.10024000025226,53.7477399995619]}},{"type":"Feature","properties":{"id":"ru-mrds-10182203","name":"Kuznetsk Sp","resource_type":"Plant","normalized_resource_group":"mineral_occurrence","commodity_codes":"FE","grade":"D"},"geometry":{"type":"Point","coordinates":[87.10024000025226,53.71444000009602]}},{"type":"Feature","properties":{"id":"ru-mrds-10134209","name":"Lebedi","resource_type":"Plant","normalized_resource_group":"mineral_occurrence","commodity_codes":"FE","grade":"D"},"geometry":{"type":"Point","coordinates":[37.53519000063984,51.281559999499734]}},{"type":"Feature","properties":{"id":"ru-mrds-10191323","name":"Lipetsk Bf","resource_type":"Plant","normalized_resource_group":"mineral_occurrence","commodity_codes":"FE","grade":"D"},"geometry":{"type":"Point","coordinates":[39.58520000045012,52.61490999964596]}},{"type":"Feature","properties":{"id":"ru-mrds-10231190","name":"Lipetsk Sp","resource_type":"Plant","normalized_resource_group":"mineral_occurrence","commodity_codes":"FE","grade":"D"},"geometry":{"type":"Point","coordinates":[39.58520000045012,52.61490999964596]}},{"type":"Feature","properties":{"id":"ru-mrds-10182308","name":"Lopatinsk Mine","resource_type":"Plant","normalized_resource_group":"mineral_occurrence","commodity_codes":"P","grade":"D"},"geometry":{"type":"Point","coordinates":[38.71874999953233,55.314900000418284]}},{"type":"Feature","properties":{"id":"ru-mrds-10158184","name":"Magnitogorsk Bf","resource_type":"Plant","normalized_resource_group":"mineral_occurrence","commodity_codes":"FE","grade":"D"},"geometry":{"type":"Point","coordinates":[59.00134999985886,53.41462999951476]}},{"type":"Feature","properties":{"id":"ru-mrds-10231452","name":"Magnitogorsk Sp","resource_type":"Plant","normalized_resource_group":"mineral_occurrence","commodity_codes":"FE","grade":"D"},"geometry":{"type":"Point","coordinates":[59.00134999985886,53.41462999951476]}},{"type":"Feature","properties":{"id":"ru-mrds-10255105","name":"Meleuz I & Ii Phos-Acid Complex","resource_type":"Plant","normalized_resource_group":"mineral_occurrence","commodity_codes":"P","grade":"D"},"geometry":{"type":"Point","coordinates":[55.918129999891526,52.96468000021216]}},{"type":"Feature","properties":{"id":"ru-mrds-10158218","name":"Mikhaylovka Starij Oskol","resource_type":"Plant","normalized_resource_group":"mineral_occurrence","commodity_codes":"FE","grade":"D"},"geometry":{"type":"Point","coordinates":[35.351979999694635,52.24829000029204]}},{"type":"Feature","properties":{"id":"ru-mrds-10304327","name":"Nizhniy Tagil Bf","resource_type":"Plant","normalized_resource_group":"mineral_occurrence","commodity_codes":"FE","grade":"D"},"geometry":{"type":"Point","coordinates":[60.00147999961562,57.93118999994355]}},{"type":"Feature","properties":{"id":"ru-mrds-10206821","name":"Nizhniy Tagil Sp","resource_type":"Plant","normalized_resource_group":"mineral_occurrence","commodity_codes":"FE","grade":"D"},"geometry":{"type":"Point","coordinates":[60.00147999961562,57.93118999994355]}},{"type":"Feature","properties":{"id":"ru-mrds-10279883","name":"Orsko-Khaililovsk Bf","resource_type":"Plant","normalized_resource_group":"mineral_occurrence","commodity_codes":"FE","grade":"D"},"geometry":{"type":"Point","coordinates":[58.334599999736824,51.197979999877916]}},{"type":"Feature","properties":{"id":"ru-mrds-10279430","name":"Orsko-Khaililovsk Sp","resource_type":"Plant","normalized_resource_group":"mineral_occurrence","commodity_codes":"FE","grade":"D"},"geometry":{"type":"Point","coordinates":[58.334599999736824,51.197979999877916]}},{"type":"Feature","properties":{"id":"ru-mrds-10280054","name":"Primorsky Plant","resource_type":"Plant","normalized_resource_group":"mineral_occurrence","commodity_codes":"W_C","grade":"D"},"geometry":{"type":"Point","coordinates":[135.56532999980152,44.56494000019466]}},{"type":"Feature","properties":{"id":"ru-mrds-10157900","name":"Revda Phos-Acid Plant","resource_type":"Plant","normalized_resource_group":"mineral_occurrence","commodity_codes":"P","grade":"D"},"geometry":{"type":"Point","coordinates":[59.96811999973117,56.81459000015377]}},{"type":"Feature","properties":{"id":"ru-mrds-10182464","name":"Serov Bf","resource_type":"Plant","normalized_resource_group":"mineral_occurrence","commodity_codes":"FE","grade":"D"},"geometry":{"type":"Point","coordinates":[60.584809999935075,59.59788000017851]}},{"type":"Feature","properties":{"id":"ru-mrds-10230975","name":"Serov Sp","resource_type":"Plant","normalized_resource_group":"mineral_occurrence","commodity_codes":"FE","grade":"D"},"geometry":{"type":"Point","coordinates":[60.584809999935075,59.59788000017851]}},{"type":"Feature","properties":{"id":"ru-mrds-10303729","name":"Sibruda Sp","resource_type":"Plant","normalized_resource_group":"mineral_occurrence","commodity_codes":"FE","grade":"D"},"geometry":{"type":"Point","coordinates":[87.13354000076056,53.7477399995619]}},{"type":"Feature","properties":{"id":"ru-mrds-10182714","name":"Solnechnyy Concentrator","resource_type":"Plant","normalized_resource_group":"mineral_occurrence","commodity_codes":"SN","grade":"D"},"geometry":{"type":"Point","coordinates":[136.61513000038738,50.69810000027974]}},{"type":"Feature","properties":{"id":"ru-mrds-10206731","name":"Sredneuralsk Concentrator","resource_type":"Plant","normalized_resource_group":"metallic_minerals","commodity_codes":"CU ZN S_P S S_A","grade":"D"},"geometry":{"type":"Point","coordinates":[60.13470999998944,56.68118999973403]}},{"type":"Feature","properties":{"id":"ru-mrds-10280941","name":"Tulachermet Bf","resource_type":"Plant","normalized_resource_group":"mineral_occurrence","commodity_codes":"FE","grade":"D"},"geometry":{"type":"Point","coordinates":[37.6187200000473,54.19822999986486]}},{"type":"Feature","properties":{"id":"ru-mrds-10158044","name":"Tulachermet Sp","resource_type":"Plant","normalized_resource_group":"mineral_occurrence","commodity_codes":"FE","grade":"D"},"geometry":{"type":"Point","coordinates":[37.6187200000473,54.19822999986486]}},{"type":"Feature","properties":{"id":"ru-mrds-10230916","name":"Uvarovo Phos-Acid Complex","resource_type":"Plant","normalized_resource_group":"mineral_occurrence","commodity_codes":"P","grade":"D"},"geometry":{"type":"Point","coordinates":[42.25180000000685,51.98147999984071]}},{"type":"Feature","properties":{"id":"ru-mrds-10254899","name":"Volkhov Phos-Acid Complex","resource_type":"Plant","normalized_resource_group":"mineral_occurrence","commodity_codes":"P","grade":"D"},"geometry":{"type":"Point","coordinates":[32.25248999986392,59.898330000251846]}},{"type":"Feature","properties":{"id":"ru-mrds-10182298","name":"Voskresensk","resource_type":"Plant","normalized_resource_group":"mineral_occurrence","commodity_codes":"P","grade":"D"},"geometry":{"type":"Point","coordinates":[38.70205000039694,55.314900000418284]}},{"type":"Feature","properties":{"id":"ru-mrds-10279436","name":"Voskresensk I-Iii Phos-Acid Complex","resource_type":"Plant","normalized_resource_group":"mineral_occurrence","commodity_codes":"P","grade":"D"},"geometry":{"type":"Point","coordinates":[38.71874999953233,55.314900000418284]}},{"type":"Feature","properties":{"id":"ru-mrds-10215024","name":"(Facility) Chelyabinsk Smelter","resource_type":"Plant","normalized_resource_group":"mineral_occurrence","commodity_codes":"CR_F","grade":"E"},"geometry":{"type":"Point","coordinates":[61.41801000057327,55.19789000017137]}},{"type":"Feature","properties":{"id":"ru-mrds-10182851","name":"(Facility) Klyuchevsk Smelter","resource_type":"Plant","normalized_resource_group":"mineral_occurrence","commodity_codes":"CR_F","grade":"E"},"geometry":{"type":"Point","coordinates":[61.81803999965668,56.48117999977395]}},{"type":"Feature","properties":{"id":"ru-mrds-10157981","name":"(Facility) Serovsk Smelter","resource_type":"Plant","normalized_resource_group":"mineral_occurrence","commodity_codes":"CR_F","grade":"E"},"geometry":{"type":"Point","coordinates":[60.5348200003371,59.69787999962518]}},{"type":"Feature","properties":{"id":"ru-mrds-10303839","name":"Zapoiyarnij Plant","resource_type":"Plant","normalized_resource_group":"metallic_minerals","commodity_codes":"CU NI","grade":"E"},"geometry":{"type":"Point","coordinates":[30.83689999961286,69.41522000033278]}},{"type":"Feature","properties":{"id":"ru-mrds-10097114","name":"Inaglinsk Massif","resource_type":"Prospect","normalized_resource_group":"metallic_minerals","commodity_codes":"PGE_PT PGE_PD CR CU PGE_OS PGE_IR PGE_RU PGE_RH AU","grade":"B"},"geometry":{"type":"Point","coordinates":[124.89964999947814,58.50927000044883]}},{"type":"Feature","properties":{"id":"ru-mrds-10024390","name":"Kureyka","resource_type":"Prospect","normalized_resource_group":"mineral_occurrence","commodity_codes":"GRF","grade":"B"},"geometry":{"type":"Point","coordinates":[87.16702999944305,66.48108000004524]}},{"type":"Feature","properties":{"id":"ru-mrds-10024709","name":"Oshurkov","resource_type":"Prospect","normalized_resource_group":"mineral_occurrence","commodity_codes":"P","grade":"B"},"geometry":{"type":"Point","coordinates":[107.49941000020354,51.74780000039219]}},{"type":"Feature","properties":{"id":"ru-mrds-10024944","name":"Ayat","resource_type":"Prospect","normalized_resource_group":"mineral_occurrence","commodity_codes":"V","grade":"C"},"geometry":{"type":"Point","coordinates":[60.251420000254605,57.04789000010772]}},{"type":"Feature","properties":{"id":"ru-mrds-10304125","name":"Bolshoi Seymin","resource_type":"Prospect","normalized_resource_group":"mineral_occurrence","commodity_codes":"TI","grade":"C"},"geometry":{"type":"Point","coordinates":[124.49867999968819,55.16458999968351]}},{"type":"Feature","properties":{"id":"ru-mrds-10039088","name":"Gusevo Gora","resource_type":"Prospect","normalized_resource_group":"mineral_occurrence","commodity_codes":"PGE_PT PGE_IR PGE_PD PGE_OS","grade":"C"},"geometry":{"type":"Point","coordinates":[59.58480999987464,57.78123000023569]}},{"type":"Feature","properties":{"id":"ru-mrds-10039161","name":"Khanar River Intrusion","resource_type":"Prospect","normalized_resource_group":"metallic_minerals","commodity_codes":"CU NI PGE_PT PGE_PD AU PGE_RH CO","grade":"C"},"geometry":{"type":"Point","coordinates":[97.52494000049805,70.16810000017415]}},{"type":"Feature","properties":{"id":"ru-mrds-10097115","name":"Kondyorskii Massif","resource_type":"Prospect","normalized_resource_group":"metallic_minerals","commodity_codes":"PGE_PT PGE_PD PGE_OS PGE_IR PGE_RU","grade":"C"},"geometry":{"type":"Point","coordinates":[134.48239000033752,57.54967000046489]}},{"type":"Feature","properties":{"id":"ru-mrds-10097119","name":"Kuntykakhskaya Intrusion","resource_type":"Prospect","normalized_resource_group":"metallic_minerals","commodity_codes":"NI CU PGE_PT AU PGE_PD","grade":"C"},"geometry":{"type":"Point","coordinates":[100.19003000033415,69.79281999994704]}},{"type":"Feature","properties":{"id":"ru-mrds-10097117","name":"Nekongdokonskii Intrusion","resource_type":"Prospect","normalized_resource_group":"metallic_minerals","commodity_codes":"CU NI CO PGE_PT PGE_PD AU","grade":"C"},"geometry":{"type":"Point","coordinates":[91.77450999998031,65.92913000029444]}},{"type":"Feature","properties":{"id":"ru-mrds-10038313","name":"Noril'Sk Ii","resource_type":"Prospect","normalized_resource_group":"metallic_minerals","commodity_codes":"CU NI PGE_PT","grade":"C"},"geometry":{"type":"Point","coordinates":[88.28587999967611,69.30447000038413]}},{"type":"Feature","properties":{"id":"ru-mrds-10097116","name":"Rai-Iz Massif","resource_type":"Prospect","normalized_resource_group":"mineral_occurrence","commodity_codes":"CR PGE_PT PGE_PD PGE_RH","grade":"C"},"geometry":{"type":"Point","coordinates":[65.52361999971295,66.93428999966854]}},{"type":"Feature","properties":{"id":"ru-mrds-10230862","name":"Serovsk","resource_type":"Prospect","normalized_resource_group":"metallic_minerals","commodity_codes":"CR S_P NI","grade":"C"},"geometry":{"type":"Point","coordinates":[60.584809999935075,59.56458000049888]}},{"type":"Feature","properties":{"id":"ru-mrds-10255347","name":"Spokoinyi","resource_type":"Prospect","normalized_resource_group":"mineral_occurrence","commodity_codes":"W","grade":"C"},"geometry":{"type":"Point","coordinates":[114.78244999996062,51.0645600002952]}},{"type":"Feature","properties":{"id":"ru-mrds-10097118","name":"Tareya River Intrusions","resource_type":"Prospect","normalized_resource_group":"metallic_minerals","commodity_codes":"CU NI PGE_PT","grade":"C"},"geometry":{"type":"Point","coordinates":[91.38456999944069,73.64902000008293]}},{"type":"Feature","properties":{"id":"ru-mrds-10230769","name":"Tuganskoe","resource_type":"Prospect","normalized_resource_group":"mineral_occurrence","commodity_codes":"TI ZR","grade":"C"},"geometry":{"type":"Point","coordinates":[85.00037000054034,56.49771000023318]}},{"type":"Feature","properties":{"id":"ru-mrds-10255184","name":"Udokan Copper Field","resource_type":"Prospect","normalized_resource_group":"metallic_minerals","commodity_codes":"CU AU AG","grade":"C"},"geometry":{"type":"Point","coordinates":[118.16559000011912,56.497819999950046]}},{"type":"Feature","properties":{"id":"ru-mrds-10038450","name":"Ugol'Nyi Ruchei Deposit","resource_type":"Prospect","normalized_resource_group":"metallic_minerals","commodity_codes":"CU NI PGE_PT CO","grade":"C"},"geometry":{"type":"Point","coordinates":[88.1336600004716,69.29780000037252]}},{"type":"Feature","properties":{"id":"ru-mrds-10182341","name":"Yaregskoe Northern Urals","resource_type":"Prospect","normalized_resource_group":"mineral_occurrence","commodity_codes":"TI","grade":"C"},"geometry":{"type":"Point","coordinates":[53.53532999955208,63.41469999989262]}},{"type":"Feature","properties":{"id":"ru-mrds-10134157","name":"Agat","resource_type":"Prospect","normalized_resource_group":"metallic_minerals","commodity_codes":"CU AU PB AG ZN","grade":"D"},"geometry":{"type":"Point","coordinates":[150.88079000011817,60.96499000025664]}},{"type":"Feature","properties":{"id":"ru-mrds-10255418","name":"Aginskoe","resource_type":"Prospect","normalized_resource_group":"metallic_minerals","commodity_codes":"AU AG","grade":"D"},"geometry":{"type":"Point","coordinates":[158.03099999953454,55.481700000495316]}},{"type":"Feature","properties":{"id":"ru-mrds-10134137","name":"Agyndja","resource_type":"Prospect","normalized_resource_group":"metallic_minerals","commodity_codes":"CU","grade":"D"},"geometry":{"type":"Point","coordinates":[148.08047999978865,65.24829000055463]}},{"type":"Feature","properties":{"id":"ru-mrds-10182581","name":"Ainavetkin","resource_type":"Prospect","normalized_resource_group":"metallic_minerals","commodity_codes":"SN CU PB AG ZN","grade":"D"},"geometry":{"type":"Point","coordinates":[165.28047000024318,61.08186999968719]}},{"type":"Feature","properties":{"id":"ru-mrds-10279878","name":"Akkermanovsk","resource_type":"Prospect","normalized_resource_group":"mineral_occurrence","commodity_codes":"MN","grade":"D"},"geometry":{"type":"Point","coordinates":[58.25140000004227,54.24793000028222]}},{"type":"Feature","properties":{"id":"ru-mrds-10231443","name":"Aleksandrinsky","resource_type":"Prospect","normalized_resource_group":"metallic_minerals","commodity_codes":"CU ZN AU AG","grade":"D"},"geometry":{"type":"Point","coordinates":[57.25133999970736,51.24799000003587]}},{"type":"Feature","properties":{"id":"ru-mrds-10207102","name":"Alexandrinsky Deposit","resource_type":"Prospect","normalized_resource_group":"metallic_minerals","commodity_codes":"CU ZN","grade":"D"},"geometry":{"type":"Point","coordinates":[59.184779999892896,57.54789999951261]}},{"type":"Feature","properties":{"id":"ru-mrds-10255393","name":"Ametistovoe","resource_type":"Prospect","normalized_resource_group":"metallic_minerals","commodity_codes":"AU AG","grade":"D"},"geometry":{"type":"Point","coordinates":[164.81284000006045,69.31543000020834]}},{"type":"Feature","properties":{"id":"ru-mrds-10255048","name":"Asachinsk","resource_type":"Prospect","normalized_resource_group":"metallic_minerals","commodity_codes":"AU AG","grade":"D"},"geometry":{"type":"Point","coordinates":[158.331169999971,52.16511999940032]}},{"type":"Feature","properties":{"id":"ru-mrds-10134022","name":"Asket","resource_type":"Prospect","normalized_resource_group":"metallic_minerals","commodity_codes":"CU AU MO","grade":"D"},"geometry":{"type":"Point","coordinates":[163.729800000139,67.2319499999963]}},{"type":"Feature","properties":{"id":"ru-mrds-10182359","name":"Balei Deposit","resource_type":"Prospect","normalized_resource_group":"metallic_minerals","commodity_codes":"AU","grade":"D"},"geometry":{"type":"Point","coordinates":[116.63236999988614,51.59787000021579]}},{"type":"Feature","properties":{"id":"ru-mrds-10182661","name":"Barin","resource_type":"Prospect","normalized_resource_group":"metallic_minerals","commodity_codes":"AG ZN","grade":"D"},"geometry":{"type":"Point","coordinates":[-172.05356999941745,66.36587999985808]}},{"type":"Feature","properties":{"id":"ru-mrds-10134105","name":"Bashkortostan Deposit","resource_type":"Prospect","normalized_resource_group":"mineral_occurrence","commodity_codes":"MN","grade":"D"},"geometry":{"type":"Point","coordinates":[58.25140000004227,54.24793000028222]}},{"type":"Feature","properties":{"id":"ru-mrds-10183566","name":"Bebekan","resource_type":"Prospect","normalized_resource_group":"metallic_minerals","commodity_codes":"MO CU PB W ZN","grade":"D"},"geometry":{"type":"Point","coordinates":[160.36364000039674,64.36521999973405]}},{"type":"Feature","properties":{"id":"ru-mrds-10206897","name":"Berezogor","resource_type":"Prospect","normalized_resource_group":"metallic_minerals","commodity_codes":"AU CU PB AG ZN","grade":"D"},"geometry":{"type":"Point","coordinates":[170.12987999981368,65.83205999970617]}},{"type":"Feature","properties":{"id":"ru-mrds-10255633","name":"Berezovo","resource_type":"Prospect","normalized_resource_group":"mineral_occurrence","commodity_codes":"FE","grade":"D"},"geometry":{"type":"Point","coordinates":[119.54896999945797,51.314599999650724]}},{"type":"Feature","properties":{"id":"ru-mrds-10134077","name":"Berezovskoe","resource_type":"Prospect","normalized_resource_group":"metallic_minerals","commodity_codes":"CU PB ZN AG","grade":"D"},"geometry":{"type":"Point","coordinates":[157.34672000007373,66.71520000038167]}},{"type":"Feature","properties":{"id":"ru-mrds-10279593","name":"Bidzhan","resource_type":"Prospect","normalized_resource_group":"mineral_occurrence","commodity_codes":"MN","grade":"D"},"geometry":{"type":"Point","coordinates":[131.91534999985214,47.914799999337276]}},{"type":"Feature","properties":{"id":"ru-mrds-10038551","name":"Bogomdarovanni Mine","resource_type":"Prospect","normalized_resource_group":"mineral_occurrence","commodity_codes":"PGE_PT","grade":"D"},"geometry":{"type":"Point","coordinates":[88.77239999913043,54.59773000040443]}},{"type":"Feature","properties":{"id":"ru-mrds-10231180","name":"Bokson","resource_type":"Prospect","normalized_resource_group":"mineral_occurrence","commodity_codes":"AL","grade":"D"},"geometry":{"type":"Point","coordinates":[100.33300000034568,51.96446999962972]}},{"type":"Feature","properties":{"id":"ru-mrds-10263892","name":"Bol'Shoy Dzhebart Deposit","resource_type":"Prospect","normalized_resource_group":"mineral_occurrence","commodity_codes":"P","grade":"D"},"geometry":{"type":"Point","coordinates":[93.43328000049092,54.34772999989858]}},{"type":"Feature","properties":{"id":"ru-mrds-10158282","name":"Bol'Shoy Telek","resource_type":"Prospect","normalized_resource_group":"mineral_occurrence","commodity_codes":"P","grade":"D"},"geometry":{"type":"Point","coordinates":[92.05002999995007,54.28102999985436]}},{"type":"Feature","properties":{"id":"ru-mrds-60000541","name":"Boyarsk","resource_type":"Prospect","normalized_resource_group":"mineral_occurrence","commodity_codes":"GRF","grade":"D"},"geometry":{"type":"Point","coordinates":[106.09947000057309,51.847800000312304]}},{"type":"Feature","properties":{"id":"ru-mrds-10255638","name":"Buron","resource_type":"Prospect","normalized_resource_group":"metallic_minerals","commodity_codes":"PB ZN","grade":"D"},"geometry":{"type":"Point","coordinates":[44.001480000445476,42.781679999438204]}},{"type":"Feature","properties":{"id":"ru-mrds-10304032","name":"Chadobets Group","resource_type":"Prospect","normalized_resource_group":"mineral_occurrence","commodity_codes":"AL","grade":"D"},"geometry":{"type":"Point","coordinates":[98.84970999943619,58.66440000031918]}},{"type":"Feature","properties":{"id":"ru-mrds-10039110","name":"Chadskii Massif","resource_type":"Prospect","normalized_resource_group":"mineral_occurrence","commodity_codes":"PGE_PT PGE_PD","grade":"D"},"geometry":{"type":"Point","coordinates":[134.963819999865,56.51717999960968]}},{"type":"Feature","properties":{"id":"ru-mrds-10038412","name":"Chaitanka River","resource_type":"Prospect","normalized_resource_group":"mineral_occurrence","commodity_codes":"PGE_PT","grade":"D"},"geometry":{"type":"Point","coordinates":[59.255090000812096,57.54789999951261]}},{"type":"Feature","properties":{"id":"ru-mrds-10191352","name":"Chechekuyum","resource_type":"Prospect","normalized_resource_group":"metallic_minerals","commodity_codes":"CU PB ZN NI","grade":"D"},"geometry":{"type":"Point","coordinates":[-172.7533400005636,64.59912000024131]}},{"type":"Feature","properties":{"id":"ru-mrds-10158209","name":"Chinei","resource_type":"Prospect","normalized_resource_group":"metallic_minerals","commodity_codes":"LI TI","grade":"D"},"geometry":{"type":"Point","coordinates":[113.99917000039682,51.99785000023168]}},{"type":"Feature","properties":{"id":"ru-mrds-10231058","name":"Chineyveem","resource_type":"Prospect","normalized_resource_group":"metallic_minerals","commodity_codes":"AU AG","grade":"D"},"geometry":{"type":"Point","coordinates":[171.42982000015678,66.18209999998822]}},{"type":"Feature","properties":{"id":"ru-mrds-10304044","name":"Chirynai","resource_type":"Prospect","normalized_resource_group":"mineral_occurrence","commodity_codes":"CR PGE","grade":"D"},"geometry":{"type":"Point","coordinates":[175.7301099995872,63.44883999967281]}},{"type":"Feature","properties":{"id":"ru-mrds-10280007","name":"Dalny","resource_type":"Prospect","normalized_resource_group":"metallic_minerals","commodity_codes":"CU AU MO","grade":"D"},"geometry":{"type":"Point","coordinates":[160.81321999976035,67.5152900000779]}},{"type":"Feature","properties":{"id":"ru-mrds-10206895","name":"Draznyaschy","resource_type":"Prospect","normalized_resource_group":"metallic_minerals","commodity_codes":"AU AS PB ZN","grade":"D"},"geometry":{"type":"Point","coordinates":[168.56289999966322,68.56549000017222]}},{"type":"Feature","properties":{"id":"ru-mrds-10134482","name":"Durnov","resource_type":"Prospect","normalized_resource_group":"mineral_occurrence","commodity_codes":"MN","grade":"D"},"geometry":{"type":"Point","coordinates":[85.35031999961416,54.614429999779084]}},{"type":"Feature","properties":{"id":"ru-mrds-10279437","name":"Dvoinoi","resource_type":"Prospect","normalized_resource_group":"metallic_minerals","commodity_codes":"AU","grade":"D"},"geometry":{"type":"Point","coordinates":[176.0292200005648,69.54898999979504]}},{"type":"Feature","properties":{"id":"ru-mrds-10215056","name":"Elbrusskij","resource_type":"Prospect","normalized_resource_group":"metallic_minerals","commodity_codes":"PB ZN","grade":"D"},"geometry":{"type":"Point","coordinates":[42.13484000039476,43.581680000054774]}},{"type":"Feature","properties":{"id":"ru-mrds-10182384","name":"Elveney","resource_type":"Prospect","normalized_resource_group":"metallic_minerals","commodity_codes":"AU AS W","grade":"D"},"geometry":{"type":"Point","coordinates":[168.5629299998004,68.33208999971984]}},{"type":"Feature","properties":{"id":"ru-mrds-10134281","name":"Enmyvaam","resource_type":"Prospect","normalized_resource_group":"metallic_minerals","commodity_codes":"AU AG","grade":"D"},"geometry":{"type":"Point","coordinates":[171.96309000055808,67.03212999989664]}},{"type":"Feature","properties":{"id":"ru-mrds-10207180","name":"Enpylkhkan","resource_type":"Prospect","normalized_resource_group":"metallic_minerals","commodity_codes":"CU PB ZN AG","grade":"D"},"geometry":{"type":"Point","coordinates":[-174.27013000020133,65.33240000050237]}},{"type":"Feature","properties":{"id":"ru-mrds-10230905","name":"Ermak","resource_type":"Prospect","normalized_resource_group":"mineral_occurrence","commodity_codes":"BE","grade":"D"},"geometry":{"type":"Point","coordinates":[109.71603000036357,51.78112000002306]}},{"type":"Feature","properties":{"id":"ru-mrds-10255529","name":"Evenskoe","resource_type":"Prospect","normalized_resource_group":"metallic_minerals","commodity_codes":"AU BI AG TE","grade":"D"},"geometry":{"type":"Point","coordinates":[159.74714000016365,62.53178000001769]}},{"type":"Feature","properties":{"id":"ru-mrds-10207278","name":"Glukhariny","resource_type":"Prospect","normalized_resource_group":"metallic_minerals","commodity_codes":"AU","grade":"D"},"geometry":{"type":"Point","coordinates":[153.06375999996553,64.96507999985884]}},{"type":"Feature","properties":{"id":"ru-mrds-10134416","name":"Gora Krassnaya","resource_type":"Prospect","normalized_resource_group":"metallic_minerals","commodity_codes":"MO CU AU","grade":"D"},"geometry":{"type":"Point","coordinates":[175.5050199994314,66.58220000020339]}},{"type":"Feature","properties":{"id":"ru-mrds-10304010","name":"Gora Sypuchaya","resource_type":"Prospect","normalized_resource_group":"metallic_minerals","commodity_codes":"AU SB AS","grade":"D"},"geometry":{"type":"Point","coordinates":[172.94605999997358,68.98219999999272]}},{"type":"Feature","properties":{"id":"ru-mrds-10207160","name":"Gorevsk Lead and Zinc Field","resource_type":"Prospect","normalized_resource_group":"metallic_minerals","commodity_codes":"PB ZN","grade":"D"},"geometry":{"type":"Point","coordinates":[93.49997000012259,58.11438999986767]}},{"type":"Feature","properties":{"id":"ru-mrds-10231083","name":"Gornoe","resource_type":"Prospect","normalized_resource_group":"metallic_minerals","commodity_codes":"PB ZN","grade":"D"},"geometry":{"type":"Point","coordinates":[154.3135299998873,66.59844000024601]}},{"type":"Feature","properties":{"id":"ru-mrds-10134372","name":"Gornostai","resource_type":"Prospect","normalized_resource_group":"metallic_minerals","commodity_codes":"AU AG","grade":"D"},"geometry":{"type":"Point","coordinates":[169.5632299994365,66.24876000024584]}},{"type":"Feature","properties":{"id":"ru-mrds-10182151","name":"Gremiakh-Vyrmes","resource_type":"Prospect","normalized_resource_group":"mineral_occurrence","commodity_codes":"P TI","grade":"D"},"geometry":{"type":"Point","coordinates":[33.50343999979346,68.99845999990073]}},{"type":"Feature","properties":{"id":"ru-mrds-10231322","name":"Hovo-Shaytanskoe Deposit","resource_type":"Prospect","normalized_resource_group":"metallic_minerals","commodity_codes":"CU","grade":"D"},"geometry":{"type":"Point","coordinates":[60.96811000064417,57.397879999935704]}},{"type":"Feature","properties":{"id":"ru-mrds-10182854","name":"Ikat-Gargin","resource_type":"Prospect","normalized_resource_group":"mineral_occurrence","commodity_codes":"MN","grade":"D"},"geometry":{"type":"Point","coordinates":[110.54925000019495,54.331080000086374]}},{"type":"Feature","properties":{"id":"ru-mrds-10159405","name":"Indygla","resource_type":"Prospect","normalized_resource_group":"mineral_occurrence","commodity_codes":"AL","grade":"D"},"geometry":{"type":"Point","coordinates":[93.99995000006129,58.99770000006624]}},{"type":"Feature","properties":{"id":"ru-mrds-10206774","name":"Innakh","resource_type":"Prospect","normalized_resource_group":"metallic_minerals","commodity_codes":"CU PB ZN AU MO","grade":"D"},"geometry":{"type":"Point","coordinates":[159.36329000053192,67.28186000031002]}},{"type":"Feature","properties":{"id":"ru-mrds-10182343","name":"Ir-Nimin","resource_type":"Prospect","normalized_resource_group":"mineral_occurrence","commodity_codes":"MN","grade":"D"},"geometry":{"type":"Point","coordinates":[134.04865999981445,45.031510000014]}},{"type":"Feature","properties":{"id":"ru-mrds-10158222","name":"Irgunei","resource_type":"Prospect","normalized_resource_group":"metallic_minerals","commodity_codes":"AU CU PB AG ZN","grade":"D"},"geometry":{"type":"Point","coordinates":[166.82980999965346,66.698709999824]}},{"type":"Feature","properties":{"id":"ru-mrds-10231276","name":"Ivdel","resource_type":"Prospect","normalized_resource_group":"mineral_occurrence","commodity_codes":"MN","grade":"D"},"geometry":{"type":"Point","coordinates":[60.451579999561254,60.78119000024028]}},{"type":"Feature","properties":{"id":"ru-mrds-10254920","name":"Kamyshin Deposit","resource_type":"Prospect","normalized_resource_group":"mineral_occurrence","commodity_codes":"P","grade":"D"},"geometry":{"type":"Point","coordinates":[45.40165000022971,50.09816000040457]}},{"type":"Feature","properties":{"id":"ru-mrds-10279572","name":"Kanelyveen","resource_type":"Prospect","normalized_resource_group":"metallic_minerals","commodity_codes":"AU AS","grade":"D"},"geometry":{"type":"Point","coordinates":[164.04615000002715,69.31541000011357]}},{"type":"Feature","properties":{"id":"ru-mrds-10256741","name":"Karalveem","resource_type":"Prospect","normalized_resource_group":"metallic_minerals","commodity_codes":"AU W","grade":"D"},"geometry":{"type":"Point","coordinates":[166.14630000012153,68.18202999992168]}},{"type":"Feature","properties":{"id":"ru-mrds-10182637","name":"Karalveem","resource_type":"Prospect","normalized_resource_group":"metallic_minerals","commodity_codes":"AU AG","grade":"D"},"geometry":{"type":"Point","coordinates":[158.02980000033358,68.13184999994131]}},{"type":"Feature","properties":{"id":"ru-mrds-10133808","name":"Kegali","resource_type":"Prospect","normalized_resource_group":"metallic_minerals","commodity_codes":"AU AG","grade":"D"},"geometry":{"type":"Point","coordinates":[161.69701000004613,63.381829999599134]}},{"type":"Feature","properties":{"id":"ru-mrds-10207057","name":"Khakandzhi","resource_type":"Prospect","normalized_resource_group":"metallic_minerals","commodity_codes":"AU MN AG","grade":"D"},"geometry":{"type":"Point","coordinates":[144.3977600000959,59.83146000028003]}},{"type":"Feature","properties":{"id":"ru-mrds-10279390","name":"Khangalass","resource_type":"Prospect","normalized_resource_group":"metallic_minerals","commodity_codes":"AU","grade":"D"},"geometry":{"type":"Point","coordinates":[144.83071999979174,64.0315099997408]}},{"type":"Feature","properties":{"id":"ru-mrds-10039121","name":"Khishchinecheskiy Log","resource_type":"Prospect","normalized_resource_group":"mineral_occurrence","commodity_codes":"PGE_PT PGE_PD PGE_OS","grade":"D"},"geometry":{"type":"Point","coordinates":[59.62151999981157,58.803720000357224]}},{"type":"Feature","properties":{"id":"ru-mrds-10157971","name":"Kholodnina Lead and Zinc Field.","resource_type":"Prospect","normalized_resource_group":"metallic_minerals","commodity_codes":"PB ZN CU","grade":"D"},"geometry":{"type":"Point","coordinates":[109.76595999968708,55.86446000035556]}},{"type":"Feature","properties":{"id":"ru-mrds-10303886","name":"Kiev Group","resource_type":"Prospect","normalized_resource_group":"mineral_occurrence","commodity_codes":"KYN","grade":"D"},"geometry":{"type":"Point","coordinates":[38.00309000026098,67.58162999987772]}},{"type":"Feature","properties":{"id":"ru-mrds-10039083","name":"Kimberlite Pipes, Siberia","resource_type":"Prospect","normalized_resource_group":"metallic_minerals","commodity_codes":"PGE_PT PGE_PD PGE_IR PGE_RU PGE_RH PGE_OS","grade":"D"},"geometry":{"type":"Point","coordinates":[96.57749000006766,61.94383999959219]}},{"type":"Feature","properties":{"id":"ru-mrds-10133864","name":"Kirgitei","resource_type":"Prospect","normalized_resource_group":"mineral_occurrence","commodity_codes":"AL","grade":"D"},"geometry":{"type":"Point","coordinates":[94.74990999992363,58.26438999982192]}},{"type":"Feature","properties":{"id":"ru-mrds-10158427","name":"Kopach","resource_type":"Prospect","normalized_resource_group":"metallic_minerals","commodity_codes":"AU","grade":"D"},"geometry":{"type":"Point","coordinates":[152.9470200004615,65.34839000013123]}},{"type":"Feature","properties":{"id":"ru-mrds-10206833","name":"Kopanskoe","resource_type":"Prospect","normalized_resource_group":"mineral_occurrence","commodity_codes":"TI","grade":"D"},"geometry":{"type":"Point","coordinates":[46.83483000009404,47.498200000500155]}},{"type":"Feature","properties":{"id":"ru-mrds-10182192","name":"Krassnaya Gora","resource_type":"Prospect","normalized_resource_group":"mineral_occurrence","commodity_codes":"CR PGE","grade":"D"},"geometry":{"type":"Point","coordinates":[175.39684000045565,63.26553000004708]}},{"type":"Feature","properties":{"id":"ru-mrds-10304432","name":"Kruchinskoye","resource_type":"Prospect","normalized_resource_group":"mineral_occurrence","commodity_codes":"TI P","grade":"D"},"geometry":{"type":"Point","coordinates":[114.66583000010714,51.99785000023168]}},{"type":"Feature","properties":{"id":"ru-mrds-10158151","name":"Kti-Teberda","resource_type":"Prospect","normalized_resource_group":"mineral_occurrence","commodity_codes":"W","grade":"D"},"geometry":{"type":"Point","coordinates":[41.73483999965194,43.44839000009381]}},{"type":"Feature","properties":{"id":"ru-mrds-10133720","name":"Kubaka","resource_type":"Prospect","normalized_resource_group":"metallic_minerals","commodity_codes":"AU AG PGE_PT","grade":"D"},"geometry":{"type":"Point","coordinates":[160.01370999961782,63.73180000027985]}},{"type":"Feature","properties":{"id":"ru-mrds-10134119","name":"Kuekvun","resource_type":"Prospect","normalized_resource_group":"metallic_minerals","commodity_codes":"AU BI TE SN W","grade":"D"},"geometry":{"type":"Point","coordinates":[178.8793499997147,68.73233000024416]}},{"type":"Feature","properties":{"id":"ru-mrds-10183625","name":"Kuibiveen","resource_type":"Prospect","normalized_resource_group":"metallic_minerals","commodity_codes":"MO CU AU","grade":"D"},"geometry":{"type":"Point","coordinates":[170.09695000009955,62.715400000357086]}},{"type":"Feature","properties":{"id":"ru-mrds-10158558","name":"Kukenei","resource_type":"Prospect","normalized_resource_group":"metallic_minerals","commodity_codes":"SN CU PB AG","grade":"D"},"geometry":{"type":"Point","coordinates":[174.0793199996467,69.13223000020997]}},{"type":"Feature","properties":{"id":"ru-mrds-10157919","name":"Kunarev","resource_type":"Prospect","normalized_resource_group":"metallic_minerals","commodity_codes":"CU PB ZN AU AG","grade":"D"},"geometry":{"type":"Point","coordinates":[150.91398000012333,63.398309999565875]}},{"type":"Feature","properties":{"id":"ru-mrds-10157862","name":"Lalankytap","resource_type":"Prospect","normalized_resource_group":"metallic_minerals","commodity_codes":"MO CU","grade":"D"},"geometry":{"type":"Point","coordinates":[173.180269999626,62.14876000032363]}},{"type":"Feature","properties":{"id":"ru-mrds-10255159","name":"Larginskoye","resource_type":"Prospect","normalized_resource_group":"mineral_occurrence","commodity_codes":"MG","grade":"D"},"geometry":{"type":"Point","coordinates":[118.99896000063663,52.997870000228964]}},{"type":"Feature","properties":{"id":"ru-mrds-10279888","name":"Lenotap","resource_type":"Prospect","normalized_resource_group":"metallic_minerals","commodity_codes":"AU AG W","grade":"D"},"geometry":{"type":"Point","coordinates":[-178.78708999989965,67.7823600000755]}},{"type":"Feature","properties":{"id":"ru-mrds-10279964","name":"Loz'Van.Urals","resource_type":"Prospect","normalized_resource_group":"mineral_occurrence","commodity_codes":"MN","grade":"D"},"geometry":{"type":"Point","coordinates":[60.484880000069566,60.947890000471716]}},{"type":"Feature","properties":{"id":"ru-mrds-10255514","name":"Maisky","resource_type":"Prospect","normalized_resource_group":"metallic_minerals","commodity_codes":"AU SB AS AG","grade":"D"},"geometry":{"type":"Point","coordinates":[173.72933999953742,69.03221999986602]}},{"type":"Feature","properties":{"id":"ru-mrds-10304349","name":"Maly Peledon","resource_type":"Prospect","normalized_resource_group":"metallic_minerals","commodity_codes":"AU AG","grade":"D"},"geometry":{"type":"Point","coordinates":[167.92986000012826,66.2320199998811]}},{"type":"Feature","properties":{"id":"ru-mrds-10304244","name":"Malyykhingen","resource_type":"Prospect","normalized_resource_group":"mineral_occurrence","commodity_codes":"MN","grade":"D"},"geometry":{"type":"Point","coordinates":[132.99857000059689,50.04806000018915]}},{"type":"Feature","properties":{"id":"ru-mrds-10279937","name":"Mazul/Porozhinkritovo","resource_type":"Prospect","normalized_resource_group":"mineral_occurrence","commodity_codes":"MN","grade":"D"},"geometry":{"type":"Point","coordinates":[90.2834200002223,56.247709999791915]}},{"type":"Feature","properties":{"id":"ru-mrds-10231386","name":"Medgora","resource_type":"Prospect","normalized_resource_group":"metallic_minerals","commodity_codes":"MO CU AU","grade":"D"},"geometry":{"type":"Point","coordinates":[159.53014999933026,65.28181999978912]}},{"type":"Feature","properties":{"id":"ru-mrds-10280049","name":"Medvedevsk","resource_type":"Prospect","normalized_resource_group":"mineral_occurrence","commodity_codes":"TI","grade":"D"},"geometry":{"type":"Point","coordinates":[59.60138000021201,55.28120999988087]}},{"type":"Feature","properties":{"id":"ru-mrds-10158025","name":"Melyul","resource_type":"Prospect","normalized_resource_group":"metallic_minerals","commodity_codes":"PB ZN CU AG","grade":"D"},"geometry":{"type":"Point","coordinates":[-172.07025000025797,66.24917999997024]}},{"type":"Feature","properties":{"id":"ru-mrds-10133997","name":"Mitrei","resource_type":"Prospect","normalized_resource_group":"metallic_minerals","commodity_codes":"AU","grade":"D"},"geometry":{"type":"Point","coordinates":[144.0306599998283,64.98150999954484]}},{"type":"Feature","properties":{"id":"ru-mrds-10255589","name":"Mnogovershinnoe","resource_type":"Prospect","normalized_resource_group":"metallic_minerals","commodity_codes":"AU","grade":"D"},"geometry":{"type":"Point","coordinates":[139.79822999999155,53.76479999952575]}},{"type":"Feature","properties":{"id":"ru-mrds-10038449","name":"Mount Barjernaja","resource_type":"Prospect","normalized_resource_group":"metallic_minerals","commodity_codes":"CU NI PGE_PT","grade":"D"},"geometry":{"type":"Point","coordinates":[88.11700999976829,69.3311399999323]}},{"type":"Feature","properties":{"id":"ru-mrds-10039116","name":"Mt. Chernaya","resource_type":"Prospect","normalized_resource_group":"metallic_minerals","commodity_codes":"NI","grade":"D"},"geometry":{"type":"Point","coordinates":[88.30198999970595,69.19668999968074]}},{"type":"Feature","properties":{"id":"ru-mrds-10039117","name":"Mt. Zub - Mt. Marksheiderskaya","resource_type":"Prospect","normalized_resource_group":"metallic_minerals","commodity_codes":"CU NI PGE_PT","grade":"D"},"geometry":{"type":"Point","coordinates":[87.87341000028249,69.16447000037357]}},{"type":"Feature","properties":{"id":"ru-mrds-10206831","name":"Murozhna","resource_type":"Prospect","normalized_resource_group":"mineral_occurrence","commodity_codes":"AL","grade":"D"},"geometry":{"type":"Point","coordinates":[93.0000000002296,58.99770000006624]}},{"type":"Feature","properties":{"id":"ru-mrds-10158400","name":"Nepskoye Nepskoe","resource_type":"Prospect","normalized_resource_group":"mineral_occurrence","commodity_codes":"K","grade":"D"},"geometry":{"type":"Point","coordinates":[105.66611999999154,56.76442999970776]}},{"type":"Feature","properties":{"id":"ru-mrds-10182496","name":"Nizhneudin","resource_type":"Prospect","normalized_resource_group":"mineral_occurrence","commodity_codes":"MN","grade":"D"},"geometry":{"type":"Point","coordinates":[99.04972999989909,54.91443000008458]}},{"type":"Feature","properties":{"id":"ru-mrds-10158399","name":"Nochnoye","resource_type":"Prospect","normalized_resource_group":"metallic_minerals","commodity_codes":"CU AU AG","grade":"D"},"geometry":{"type":"Point","coordinates":[140.2983899998553,48.96488000044177]}},{"type":"Feature","properties":{"id":"ru-mrds-10133718","name":"Novo-Zolotushinski","resource_type":"Prospect","normalized_resource_group":"metallic_minerals","commodity_codes":"PB ZN CU","grade":"D"},"geometry":{"type":"Point","coordinates":[81.4671499992882,50.98110999991809]}},{"type":"Feature","properties":{"id":"ru-mrds-10207074","name":"Novoshirokinsk Mine","resource_type":"Prospect","normalized_resource_group":"metallic_minerals","commodity_codes":"PB AU ZN","grade":"D"},"geometry":{"type":"Point","coordinates":[116.49906000004468,51.99787000032215]}},{"type":"Feature","properties":{"id":"ru-mrds-10207036","name":"Novoshirokinsky","resource_type":"Prospect","normalized_resource_group":"metallic_minerals","commodity_codes":"PB ZN","grade":"D"},"geometry":{"type":"Point","coordinates":[118.5990000000768,51.61458000025053]}},{"type":"Feature","properties":{"id":"ru-mrds-10133948","name":"Nutekin","resource_type":"Prospect","normalized_resource_group":"metallic_minerals","commodity_codes":"AU HG","grade":"D"},"geometry":{"type":"Point","coordinates":[176.86350999990074,63.41556000006872]}},{"type":"Feature","properties":{"id":"ru-mrds-10230925","name":"Nyavlenga","resource_type":"Prospect","normalized_resource_group":"metallic_minerals","commodity_codes":"AU AG","grade":"D"},"geometry":{"type":"Point","coordinates":[153.46413999975164,60.73163000031679]}},{"type":"Feature","properties":{"id":"ru-mrds-10182388","name":"Obyknovennoe","resource_type":"Prospect","normalized_resource_group":"metallic_minerals","commodity_codes":"AU AG","grade":"D"},"geometry":{"type":"Point","coordinates":[158.64691999980948,64.86519000002681]}},{"type":"Feature","properties":{"id":"ru-mrds-10158280","name":"Olcha","resource_type":"Prospect","normalized_resource_group":"metallic_minerals","commodity_codes":"AU CU HG MO AG","grade":"D"},"geometry":{"type":"Point","coordinates":[156.43026000036483,64.94845000009825]}},{"type":"Feature","properties":{"id":"ru-mrds-10255086","name":"Olimpiadninsky","resource_type":"Prospect","normalized_resource_group":"metallic_minerals","commodity_codes":"AU","grade":"D"},"geometry":{"type":"Point","coordinates":[92.79999999985817,59.930990000272935]}},{"type":"Feature","properties":{"id":"ru-mrds-10158506","name":"Omsk Oblast","resource_type":"Prospect","normalized_resource_group":"mineral_occurrence","commodity_codes":"TI ZR","grade":"D"},"geometry":{"type":"Point","coordinates":[74.00082000013748,54.99778999985932]}},{"type":"Feature","properties":{"id":"ru-mrds-10158559","name":"Orlovka","resource_type":"Prospect","normalized_resource_group":"metallic_minerals","commodity_codes":"AU CU HG ZN","grade":"D"},"geometry":{"type":"Point","coordinates":[168.56353000074833,63.99870000022282]}},{"type":"Feature","properties":{"id":"ru-mrds-10207168","name":"Orlovsk","resource_type":"Prospect","normalized_resource_group":"metallic_minerals","commodity_codes":"PB CU ZN","grade":"D"},"geometry":{"type":"Point","coordinates":[85.50031000029612,52.99776000019186]}},{"type":"Feature","properties":{"id":"ru-mrds-10264228","name":"Oroek","resource_type":"Prospect","normalized_resource_group":"metallic_minerals","commodity_codes":"CU","grade":"D"},"geometry":{"type":"Point","coordinates":[152.79706999996245,64.8983700003918]}},{"type":"Feature","properties":{"id":"ru-mrds-10215468","name":"Ozernoe","resource_type":"Prospect","normalized_resource_group":"metallic_minerals","commodity_codes":"AU","grade":"D"},"geometry":{"type":"Point","coordinates":[165.92960000061473,68.24871999971975]}},{"type":"Feature","properties":{"id":"ru-mrds-10206751","name":"Ozernoye Lead and Zinc Field","resource_type":"Prospect","normalized_resource_group":"metallic_minerals","commodity_codes":"PB ZN CD AG","grade":"D"},"geometry":{"type":"Point","coordinates":[113.99915000030529,52.99782999995301]}},{"type":"Feature","properties":{"id":"ru-mrds-10288430","name":"Ozero","resource_type":"Prospect","normalized_resource_group":"metallic_minerals","commodity_codes":"PB ZN AU AG","grade":"D"},"geometry":{"type":"Point","coordinates":[111.44924000002392,52.864509999560035]}},{"type":"Feature","properties":{"id":"ru-mrds-10230901","name":"Pavlik","resource_type":"Prospect","normalized_resource_group":"metallic_minerals","commodity_codes":"AU","grade":"D"},"geometry":{"type":"Point","coordinates":[147.94752999979727,61.53153999978399]}},{"type":"Feature","properties":{"id":"ru-mrds-10182307","name":"Pelvuntykoinen","resource_type":"Prospect","normalized_resource_group":"metallic_minerals","commodity_codes":"AU BI TE","grade":"D"},"geometry":{"type":"Point","coordinates":[169.14627000016557,68.0320899996674]}},{"type":"Feature","properties":{"id":"ru-mrds-10231122","name":"Pepenveem","resource_type":"Prospect","normalized_resource_group":"metallic_minerals","commodity_codes":"AU CU PB AG ZN","grade":"D"},"geometry":{"type":"Point","coordinates":[-175.6202099999302,65.86577999984317]}},{"type":"Feature","properties":{"id":"ru-mrds-10206669","name":"Pervomaiskaya","resource_type":"Prospect","normalized_resource_group":"mineral_occurrence","commodity_codes":"GEM_D","grade":"D"},"geometry":{"type":"Point","coordinates":[40.65272999949302,65.41493999993361]}},{"type":"Feature","properties":{"id":"ru-mrds-10182334","name":"Peschanka","resource_type":"Prospect","normalized_resource_group":"metallic_minerals","commodity_codes":"CU AU MO AG","grade":"D"},"geometry":{"type":"Point","coordinates":[164.49656999963992,66.59864999994659]}},{"type":"Feature","properties":{"id":"ru-mrds-10230836","name":"Podolsk Copper Field","resource_type":"Prospect","normalized_resource_group":"metallic_minerals","commodity_codes":"CU ZN","grade":"D"},"geometry":{"type":"Point","coordinates":[57.25133999970736,51.24799000003587]}},{"type":"Feature","properties":{"id":"ru-mrds-10255060","name":"Pokrovka","resource_type":"Prospect","normalized_resource_group":"metallic_minerals","commodity_codes":"AU AG","grade":"D"},"geometry":{"type":"Point","coordinates":[126.33197999994593,53.16463000003851]}},{"type":"Feature","properties":{"id":"ru-mrds-10254935","name":"Porozhna","resource_type":"Prospect","normalized_resource_group":"mineral_occurrence","commodity_codes":"AL","grade":"D"},"geometry":{"type":"Point","coordinates":[97.24979000042413,58.16440000011271]}},{"type":"Feature","properties":{"id":"ru-mrds-10304187","name":"Priorskoe","resource_type":"Prospect","normalized_resource_group":"metallic_minerals","commodity_codes":"CU AG ZN AU","grade":"D"},"geometry":{"type":"Point","coordinates":[58.83457000052813,50.731280000279874]}},{"type":"Feature","properties":{"id":"ru-mrds-10231474","name":"Promezhutochnoe","resource_type":"Prospect","normalized_resource_group":"metallic_minerals","commodity_codes":"AU SB AG","grade":"D"},"geometry":{"type":"Point","coordinates":[173.7960700002504,68.88222000030312]}},{"type":"Feature","properties":{"id":"ru-mrds-10182509","name":"Pyrkakai","resource_type":"Prospect","normalized_resource_group":"metallic_minerals","commodity_codes":"SN AU AG W ZN BI CD CU IN PB","grade":"D"},"geometry":{"type":"Point","coordinates":[171.94597000039983,69.54890000006174]}},{"type":"Feature","properties":{"id":"ru-mrds-10231104","name":"Reechen","resource_type":"Prospect","normalized_resource_group":"metallic_minerals","commodity_codes":"PB SN ZN","grade":"D"},"geometry":{"type":"Point","coordinates":[-172.48667999979946,64.94913000019034]}},{"type":"Feature","properties":{"id":"ru-mrds-10158411","name":"Reznikov","resource_type":"Prospect","normalized_resource_group":"metallic_minerals","commodity_codes":"SN AU AG","grade":"D"},"geometry":{"type":"Point","coordinates":[164.64719999965624,60.831859999752545]}},{"type":"Feature","properties":{"id":"ru-mrds-10182462","name":"Rodnikovoe","resource_type":"Prospect","normalized_resource_group":"metallic_minerals","commodity_codes":"AU AG","grade":"D"},"geometry":{"type":"Point","coordinates":[158.3811499995232,52.49842000048096]}},{"type":"Feature","properties":{"id":"ru-mrds-10182831","name":"Rogovik","resource_type":"Prospect","normalized_resource_group":"metallic_minerals","commodity_codes":"AG AU","grade":"D"},"geometry":{"type":"Point","coordinates":[153.96380000002327,64.29838999981646]}},{"type":"Feature","properties":{"id":"ru-mrds-10280118","name":"Rossoshinsk","resource_type":"Prospect","normalized_resource_group":"metallic_minerals","commodity_codes":"AU","grade":"D"},"geometry":{"type":"Point","coordinates":[157.41359000052876,65.41518000018607]}},{"type":"Feature","properties":{"id":"ru-mrds-10305728","name":"Rubtsovsky Deposit","resource_type":"Prospect","normalized_resource_group":"metallic_minerals","commodity_codes":"CU PB ZN","grade":"D"},"geometry":{"type":"Point","coordinates":[81.25045999982716,51.49780000008372]}},{"type":"Feature","properties":{"id":"ru-mrds-10239354","name":"Ryveem","resource_type":"Prospect","normalized_resource_group":"metallic_minerals","commodity_codes":"AU","grade":"D"},"geometry":{"type":"Point","coordinates":[178.3126399999613,69.34903999994157]}},{"type":"Feature","properties":{"id":"ru-mrds-10134344","name":"Rzhavy","resource_type":"Prospect","normalized_resource_group":"metallic_minerals","commodity_codes":"CU AU MO","grade":"D"},"geometry":{"type":"Point","coordinates":[165.0966700003133,65.78195000028134]}},{"type":"Feature","properties":{"id":"ru-mrds-10134443","name":"Sagan Zaba","resource_type":"Prospect","normalized_resource_group":"mineral_occurrence","commodity_codes":"MN","grade":"D"},"geometry":{"type":"Point","coordinates":[106.99943000026484,52.99779000018062]}},{"type":"Feature","properties":{"id":"ru-mrds-10280116","name":"Sebl'Yavr Deposit Complex","resource_type":"Prospect","normalized_resource_group":"mineral_occurrence","commodity_codes":"P FE","grade":"D"},"geometry":{"type":"Point","coordinates":[33.08674999996098,68.96516000033621]}},{"type":"Feature","properties":{"id":"ru-mrds-10182653","name":"Serovskoe","resource_type":"Prospect","normalized_resource_group":"metallic_minerals","commodity_codes":"AU AG","grade":"D"},"geometry":{"type":"Point","coordinates":[168.99668000041498,65.2820200000457]}},{"type":"Feature","properties":{"id":"ru-mrds-10230923","name":"Shakh","resource_type":"Prospect","normalized_resource_group":"metallic_minerals","commodity_codes":"AU AG","grade":"D"},"geometry":{"type":"Point","coordinates":[177.1797400001383,66.36563000010472]}},{"type":"Feature","properties":{"id":"ru-mrds-10303728","name":"Shurykan","resource_type":"Prospect","normalized_resource_group":"metallic_minerals","commodity_codes":"MO CU","grade":"D"},"geometry":{"type":"Point","coordinates":[174.37938999962574,68.73223000014372]}},{"type":"Feature","properties":{"id":"ru-mrds-10255369","name":"Skalistaya","resource_type":"Prospect","normalized_resource_group":"metallic_minerals","commodity_codes":"CU AG","grade":"D"},"geometry":{"type":"Point","coordinates":[174.12989000010117,65.41553999980835]}},{"type":"Feature","properties":{"id":"ru-mrds-10280750","name":"Slezovka","resource_type":"Prospect","normalized_resource_group":"metallic_minerals","commodity_codes":"PB ZN","grade":"D"},"geometry":{"type":"Point","coordinates":[153.89680999991762,66.84842999988864]}},{"type":"Feature","properties":{"id":"ru-mrds-10231132","name":"Snezhnoe","resource_type":"Prospect","normalized_resource_group":"mineral_occurrence","commodity_codes":"CR PGE","grade":"D"},"geometry":{"type":"Point","coordinates":[171.64704000024562,61.56541999984791]}},{"type":"Feature","properties":{"id":"ru-mrds-10207159","name":"South Timan Group","resource_type":"Prospect","normalized_resource_group":"mineral_occurrence","commodity_codes":"AL","grade":"D"},"geometry":{"type":"Point","coordinates":[55.25195999972762,63.49798000029943]}},{"type":"Feature","properties":{"id":"ru-mrds-10231231","name":"Spoka Rudnaya","resource_type":"Prospect","normalized_resource_group":"metallic_minerals","commodity_codes":"AU SB AS AG","grade":"D"},"geometry":{"type":"Point","coordinates":[174.04605000017398,68.96563000025529]}},{"type":"Feature","properties":{"id":"ru-mrds-10304245","name":"Sredne-Ichuveem","resource_type":"Prospect","normalized_resource_group":"metallic_minerals","commodity_codes":"AU W","grade":"D"},"geometry":{"type":"Point","coordinates":[172.92930999971117,69.23220999989447]}},{"type":"Feature","properties":{"id":"ru-mrds-10182451","name":"Srednetiman Deposit","resource_type":"Prospect","normalized_resource_group":"mineral_occurrence","commodity_codes":"AL","grade":"D"},"geometry":{"type":"Point","coordinates":[52.002189999685015,64.49804000020842]}},{"type":"Feature","properties":{"id":"ru-mrds-10255182","name":"Sukhoi Log","resource_type":"Prospect","normalized_resource_group":"metallic_minerals","commodity_codes":"AU","grade":"D"},"geometry":{"type":"Point","coordinates":[114.09902999994209,57.507780000406996]}},{"type":"Feature","properties":{"id":"ru-mrds-10255366","name":"Sulaksha","resource_type":"Prospect","normalized_resource_group":"mineral_occurrence","commodity_codes":"AL","grade":"D"},"geometry":{"type":"Point","coordinates":[93.0000000002296,58.99770000006624]}},{"type":"Feature","properties":{"id":"ru-mrds-10264034","name":"Suroyamskoe","resource_type":"Prospect","normalized_resource_group":"mineral_occurrence","commodity_codes":"TI","grade":"D"},"geometry":{"type":"Point","coordinates":[59.7681000001666,55.83119999999701]}},{"type":"Feature","properties":{"id":"ru-mrds-10255627","name":"Svetlinskoe","resource_type":"Prospect","normalized_resource_group":"metallic_minerals","commodity_codes":"AU","grade":"D"},"geometry":{"type":"Point","coordinates":[60.83460999993362,54.36460000013048]}},{"type":"Feature","properties":{"id":"ru-mrds-10133851","name":"Talmalyk","resource_type":"Prospect","normalized_resource_group":"mineral_occurrence","commodity_codes":"P","grade":"D"},"geometry":{"type":"Point","coordinates":[89.60013999994591,53.347739999872594]}},{"type":"Feature","properties":{"id":"ru-mrds-10264292","name":"Talovskoe","resource_type":"Prospect","normalized_resource_group":"mineral_occurrence","commodity_codes":"TI ZR","grade":"D"},"geometry":{"type":"Point","coordinates":[164.94716000003032,61.24856999957386]}},{"type":"Feature","properties":{"id":"ru-mrds-10305443","name":"Talovskoe Deposit","resource_type":"Prospect","normalized_resource_group":"metallic_minerals","commodity_codes":"CU PB ZN","grade":"D"},"geometry":{"type":"Point","coordinates":[81.90043999959528,51.44779000047329]}},{"type":"Feature","properties":{"id":"ru-mrds-10230874","name":"Taloy-Usoy","resource_type":"Prospect","normalized_resource_group":"mineral_occurrence","commodity_codes":"MN","grade":"D"},"geometry":{"type":"Point","coordinates":[113.66582000000099,54.6645000002247]}},{"type":"Feature","properties":{"id":"ru-mrds-10303783","name":"Tarskoye","resource_type":"Prospect","normalized_resource_group":"mineral_occurrence","commodity_codes":"TI ZR","grade":"D"},"geometry":{"type":"Point","coordinates":[44.801460000043,42.94837000012082]}},{"type":"Feature","properties":{"id":"ru-mrds-10158366","name":"Tatar","resource_type":"Prospect","normalized_resource_group":"mineral_occurrence","commodity_codes":"AL","grade":"D"},"geometry":{"type":"Point","coordinates":[93.0000000002296,58.99770000006624]}},{"type":"Feature","properties":{"id":"ru-mrds-10231014","name":"Tenkergin","resource_type":"Prospect","normalized_resource_group":"mineral_occurrence","commodity_codes":"W SN","grade":"D"},"geometry":{"type":"Point","coordinates":[-178.7370800002102,67.71575999973177]}},{"type":"Feature","properties":{"id":"ru-mrds-10255207","name":"Tikhorechen","resource_type":"Prospect","normalized_resource_group":"metallic_minerals","commodity_codes":"CR NI PGE","grade":"D"},"geometry":{"type":"Point","coordinates":[164.83043000057202,61.615270000097055]}},{"type":"Feature","properties":{"id":"ru-mrds-10230776","name":"Tolchein","resource_type":"Prospect","normalized_resource_group":"mineral_occurrence","commodity_codes":"BA","grade":"D"},"geometry":{"type":"Point","coordinates":[90.95007999993267,53.99774000015289]}},{"type":"Feature","properties":{"id":"ru-mrds-10207226","name":"Tolchein","resource_type":"Prospect","normalized_resource_group":"metallic_minerals","commodity_codes":"W MO","grade":"D"},"geometry":{"type":"Point","coordinates":[87.96688999938996,49.36452999957434]}},{"type":"Feature","properties":{"id":"ru-mrds-10135634","name":"Trioko Deposit","resource_type":"Prospect","normalized_resource_group":"mineral_occurrence","commodity_codes":"P","grade":"D"},"geometry":{"type":"Point","coordinates":[43.7184300001673,51.19817000045547]}},{"type":"Feature","properties":{"id":"ru-mrds-10133707","name":"Trood","resource_type":"Prospect","normalized_resource_group":"metallic_minerals","commodity_codes":"PB AG SN ZN AU","grade":"D"},"geometry":{"type":"Point","coordinates":[155.6972699999746,62.065090000179275]}},{"type":"Feature","properties":{"id":"ru-mrds-60000806","name":"Tsaginsk Deposit","resource_type":"Prospect","normalized_resource_group":"mineral_occurrence","commodity_codes":"TI FE V","grade":"D"},"geometry":{"type":"Point","coordinates":[35.336499999851675,67.7483899998826]}},{"type":"Feature","properties":{"id":"ru-mrds-10134098","name":"Tsentralnoe","resource_type":"Prospect","normalized_resource_group":"mineral_occurrence","commodity_codes":"TI ZR","grade":"D"},"geometry":{"type":"Point","coordinates":[121.99842000014442,63.99788999970103]}},{"type":"Feature","properties":{"id":"ru-mrds-10279808","name":"Tulunskoe","resource_type":"Prospect","normalized_resource_group":"mineral_occurrence","commodity_codes":"TI","grade":"D"},"geometry":{"type":"Point","coordinates":[100.56636999974899,54.564429999589414]}},{"type":"Feature","properties":{"id":"ru-mrds-10191177","name":"Tumannaya","resource_type":"Prospect","normalized_resource_group":"metallic_minerals","commodity_codes":"AU AG","grade":"D"},"geometry":{"type":"Point","coordinates":[160.03024999981793,64.26521000037336]}},{"type":"Feature","properties":{"id":"ru-mrds-10157885","name":"Tumannoe","resource_type":"Prospect","normalized_resource_group":"metallic_minerals","commodity_codes":"AU SB AG","grade":"D"},"geometry":{"type":"Point","coordinates":[-178.1037800003843,67.6657700003352]}},{"type":"Feature","properties":{"id":"ru-mrds-10134179","name":"Tunguss","resource_type":"Prospect","normalized_resource_group":"metallic_minerals","commodity_codes":"AU SB","grade":"D"},"geometry":{"type":"Point","coordinates":[146.33064999956218,64.18153999986605]}},{"type":"Feature","properties":{"id":"ru-mrds-10133957","name":"Tyn'In","resource_type":"Prospect","normalized_resource_group":"mineral_occurrence","commodity_codes":"MN","grade":"D"},"geometry":{"type":"Point","coordinates":[60.50158000010325,60.83119000033512]}},{"type":"Feature","properties":{"id":"ru-mrds-10239674","name":"Ugryumoe","resource_type":"Prospect","normalized_resource_group":"metallic_minerals","commodity_codes":"CU AU PB ZN","grade":"D"},"geometry":{"type":"Point","coordinates":[176.6468299995871,63.26554999998993]}},{"type":"Feature","properties":{"id":"ru-mrds-10159650","name":"Usa","resource_type":"Prospect","normalized_resource_group":"mineral_occurrence","commodity_codes":"MN","grade":"D"},"geometry":{"type":"Point","coordinates":[88.70018000025415,54.181030000093514]}},{"type":"Feature","properties":{"id":"ru-mrds-10230805","name":"Ust-Belaya","resource_type":"Prospect","normalized_resource_group":"mineral_occurrence","commodity_codes":"CR PGE","grade":"D"},"geometry":{"type":"Point","coordinates":[173.0632999999682,65.44882000004144]}},{"type":"Feature","properties":{"id":"ru-mrds-10206721","name":"Vaegi","resource_type":"Prospect","normalized_resource_group":"metallic_minerals","commodity_codes":"AU","grade":"D"},"geometry":{"type":"Point","coordinates":[171.1468500002446,63.54874000040507]}},{"type":"Feature","properties":{"id":"ru-mrds-10303923","name":"Valunistoe","resource_type":"Prospect","normalized_resource_group":"metallic_minerals","commodity_codes":"AU CU PB AG ZN","grade":"D"},"geometry":{"type":"Point","coordinates":[177.6297200004333,66.46564000049133]}},{"type":"Feature","properties":{"id":"ru-mrds-10254940","name":"Vechernee","resource_type":"Prospect","normalized_resource_group":"metallic_minerals","commodity_codes":"CU MO AU AG","grade":"D"},"geometry":{"type":"Point","coordinates":[158.83035999988928,63.48177000013691]}},{"type":"Feature","properties":{"id":"ru-mrds-10304002","name":"Verkhoturovsk","resource_type":"Prospect","normalized_resource_group":"mineral_occurrence","commodity_codes":"AL","grade":"D"},"geometry":{"type":"Point","coordinates":[95.29988000035866,58.3976899998451]}},{"type":"Feature","properties":{"id":"ru-mrds-10182827","name":"Vesnovka","resource_type":"Prospect","normalized_resource_group":"metallic_minerals","commodity_codes":"CU GE PB ZN","grade":"D"},"geometry":{"type":"Point","coordinates":[149.41391000061083,64.56499999966363]}},{"type":"Feature","properties":{"id":"ru-mrds-10182732","name":"Vetrenskoe","resource_type":"Prospect","normalized_resource_group":"metallic_minerals","commodity_codes":"AU","grade":"D"},"geometry":{"type":"Point","coordinates":[149.54746999979915,61.74827000033493]}},{"type":"Feature","properties":{"id":"ru-mrds-10134340","name":"Visher","resource_type":"Prospect","normalized_resource_group":"mineral_occurrence","commodity_codes":"MN","grade":"D"},"geometry":{"type":"Point","coordinates":[60.184909999649676,61.264590000052934]}},{"type":"Feature","properties":{"id":"ru-mrds-60000807","name":"Yelet Ozero Deposit","resource_type":"Prospect","normalized_resource_group":"mineral_occurrence","commodity_codes":"V FE TI","grade":"D"},"geometry":{"type":"Point","coordinates":[33.00305999982163,65.99840000053361]}},{"type":"Feature","properties":{"id":"ru-mrds-10231073","name":"Yenda","resource_type":"Prospect","normalized_resource_group":"mineral_occurrence","commodity_codes":"AL","grade":"D"},"geometry":{"type":"Point","coordinates":[95.89985000043733,58.58099000018815]}},{"type":"Feature","properties":{"id":"ru-mrds-10255575","name":"Yurevskoe","resource_type":"Prospect","normalized_resource_group":"metallic_minerals","commodity_codes":"AU MN AG","grade":"D"},"geometry":{"type":"Point","coordinates":[144.3977600000959,59.83146000028003]}},{"type":"Feature","properties":{"id":"ru-mrds-10158262","name":"Zakharovskoe Deposit","resource_type":"Prospect","normalized_resource_group":"metallic_minerals","commodity_codes":"CU PB ZN","grade":"D"},"geometry":{"type":"Point","coordinates":[81.6671499996596,51.564489999722774]}},{"type":"Feature","properties":{"id":"ru-mrds-10231360","name":"Zet","resource_type":"Prospect","normalized_resource_group":"metallic_minerals","commodity_codes":"AU AG","grade":"D"},"geometry":{"type":"Point","coordinates":[156.94691000019998,65.29846999951833]}},{"type":"Feature","properties":{"id":"ru-mrds-10231433","name":"Zhireken","resource_type":"Prospect","normalized_resource_group":"metallic_minerals","commodity_codes":"CU MO AU","grade":"D"},"geometry":{"type":"Point","coordinates":[117.38231000055532,52.864549999585705]}},{"type":"Feature","properties":{"id":"ru-mrds-10303977","name":"Gremyakha-Vyrmes Complex","resource_type":"Prospect","normalized_resource_group":"mineral_occurrence","commodity_codes":"FE P","grade":"E"},"geometry":{"type":"Point","coordinates":[32.50346999987026,68.91516999998267]}},{"type":"Feature","properties":{"id":"ru-mrds-10157893","name":"Savinskoe","resource_type":"Prospect","normalized_resource_group":"mineral_occurrence","commodity_codes":"MG","grade":"E"},"geometry":{"type":"Point","coordinates":[101.99964000002498,51.99779000045967]}},{"type":"Feature","properties":{"id":"ru-mrds-10255396","name":"Talskoe","resource_type":"Prospect","normalized_resource_group":"mineral_occurrence","commodity_codes":"MG","grade":"E"},"geometry":{"type":"Point","coordinates":[95.66657999969486,55.39770999940224]}},{"type":"Feature","properties":{"id":"ru-mrds-10093888","name":"Darasun Deposit","resource_type":"Occurrence","normalized_resource_group":"metallic_minerals","commodity_codes":"AU AG PB ZN CU MO AS SB BI HG","grade":"B"},"geometry":{"type":"Point","coordinates":[113.99917999954424,51.66452000006711]}},{"type":"Feature","properties":{"id":"ru-mrds-10085915","name":"Khakandzha Deposit","resource_type":"Occurrence","normalized_resource_group":"metallic_minerals","commodity_codes":"AU AG CU PB ZN SB AS HG MN","grade":"B"},"geometry":{"type":"Point","coordinates":[141.7144300003682,61.13145999944144]}},{"type":"Feature","properties":{"id":"ru-mrds-10085922","name":"Kuranakh Deposit","resource_type":"Occurrence","normalized_resource_group":"metallic_minerals","commodity_codes":"AU AG CU PB ZN FE BI","grade":"B"},"geometry":{"type":"Point","coordinates":[125.51517999976579,58.764560000165105]}},{"type":"Feature","properties":{"id":"ru-mrds-10085923","name":"Mnogovershinnoe Deposit","resource_type":"Occurrence","normalized_resource_group":"metallic_minerals","commodity_codes":"AU AG CU PB ZN FE BI MO SN W MN","grade":"B"},"geometry":{"type":"Point","coordinates":[138.99825000039402,53.99809999970837]}},{"type":"Feature","properties":{"id":"ru-mrds-10085929","name":"Sovetsk","resource_type":"Occurrence","normalized_resource_group":"metallic_minerals","commodity_codes":"AU AG FE AS CU PB ZN BI TE SB NI","grade":"B"},"geometry":{"type":"Point","coordinates":[89.26684999982453,59.164359999801405]}},{"type":"Feature","properties":{"id":"ru-mrds-10085827","name":"Akkermanovka","resource_type":"Occurrence","normalized_resource_group":"mineral_occurrence","commodity_codes":"FE","grade":"C"},"geometry":{"type":"Point","coordinates":[58.25130000048314,51.24797999950798]}},{"type":"Feature","properties":{"id":"ru-mrds-10085870","name":"Allarechen","resource_type":"Occurrence","normalized_resource_group":"metallic_minerals","commodity_codes":"NI CU CO","grade":"C"},"geometry":{"type":"Point","coordinates":[30.336910000526697,69.16519000024071]}},{"type":"Feature","properties":{"id":"ru-mrds-10055828","name":"Antonovogorsk","resource_type":"Occurrence","normalized_resource_group":"mineral_occurrence","commodity_codes":"W","grade":"C"},"geometry":{"type":"Point","coordinates":[96.57749000006766,61.94383999959219]}},{"type":"Feature","properties":{"id":"ru-mrds-10039118","name":"Arylakhskoe","resource_type":"Occurrence","normalized_resource_group":"metallic_minerals","commodity_codes":"CU NI PGE_PT PGE_PD AU","grade":"C"},"geometry":{"type":"Point","coordinates":[89.33358999968489,69.99783000031108]}},{"type":"Feature","properties":{"id":"ru-mrds-10039152","name":"Atigsky Zavod","resource_type":"Occurrence","normalized_resource_group":"mineral_occurrence","commodity_codes":"PGE_PT","grade":"C"},"geometry":{"type":"Point","coordinates":[59.43255000048713,56.6792900000624]}},{"type":"Feature","properties":{"id":"ru-mrds-10055822","name":"Belukha","resource_type":"Occurrence","normalized_resource_group":"mineral_occurrence","commodity_codes":"W","grade":"C"},"geometry":{"type":"Point","coordinates":[115.99912000028894,50.4978800004234]}},{"type":"Feature","properties":{"id":"ru-mrds-10055820","name":"Bom-Gorkhon","resource_type":"Occurrence","normalized_resource_group":"mineral_occurrence","commodity_codes":"W","grade":"C"},"geometry":{"type":"Point","coordinates":[109.41602000065902,51.13116000024511]}},{"type":"Feature","properties":{"id":"ru-mrds-10038973","name":"Boulkalakh River Basin","resource_type":"Occurrence","normalized_resource_group":"metallic_minerals","commodity_codes":"PGE_PT FE PGE_PD PGE_RU CU NI PGE","grade":"C"},"geometry":{"type":"Point","coordinates":[119.36233000001184,72.34079999974361]}},{"type":"Feature","properties":{"id":"ru-mrds-10055819","name":"Bukuka","resource_type":"Occurrence","normalized_resource_group":"mineral_occurrence","commodity_codes":"W","grade":"C"},"geometry":{"type":"Point","coordinates":[116.83240000039477,50.99788999968028]}},{"type":"Feature","properties":{"id":"ru-mrds-10055826","name":"Dzhida District","resource_type":"Occurrence","normalized_resource_group":"mineral_occurrence","commodity_codes":"W","grade":"C"},"geometry":{"type":"Point","coordinates":[104.63283999951432,52.89777000038472]}},{"type":"Feature","properties":{"id":"ru-mrds-10085913","name":"Karamken Deposit","resource_type":"Occurrence","normalized_resource_group":"metallic_minerals","commodity_codes":"AU AG CU PB ZN FE SB AS SN","grade":"C"},"geometry":{"type":"Point","coordinates":[150.99754999971373,60.331610000108995]}},{"type":"Feature","properties":{"id":"ru-mrds-10039119","name":"Khupersko-Kholukanskii","resource_type":"Occurrence","normalized_resource_group":"mineral_occurrence","commodity_codes":"PGE_PD PGE_PT","grade":"C"},"geometry":{"type":"Point","coordinates":[91.25010000058128,65.83107000014513]}},{"type":"Feature","properties":{"id":"ru-mrds-10055361","name":"Klyuchevskoye-Dimitryevskoye","resource_type":"Occurrence","normalized_resource_group":"mineral_occurrence","commodity_codes":"B","grade":"C"},"geometry":{"type":"Point","coordinates":[157.99774000010748,54.99841000006783]}},{"type":"Feature","properties":{"id":"ru-mrds-10055817","name":"Kti-Teberda","resource_type":"Occurrence","normalized_resource_group":"mineral_occurrence","commodity_codes":"W","grade":"C"},"geometry":{"type":"Point","coordinates":[41.46821999996908,43.44839000009381]}},{"type":"Feature","properties":{"id":"ru-mrds-10039087","name":"Kytlymski Complex","resource_type":"Occurrence","normalized_resource_group":"metallic_minerals","commodity_codes":"PGE_PD PGE_PT CR PGE_OS PGE_RU PGE_IR PGE_RH","grade":"C"},"geometry":{"type":"Point","coordinates":[59.21712999964891,59.54151000031506]}},{"type":"Feature","properties":{"id":"ru-mrds-10039159","name":"Ludina Intrusion","resource_type":"Occurrence","normalized_resource_group":"metallic_minerals","commodity_codes":"PGE CU NI CR CO","grade":"C"},"geometry":{"type":"Point","coordinates":[123.79761000068028,54.877059999578485]}},{"type":"Feature","properties":{"id":"ru-mrds-10039085","name":"Solegu - Chaidak River","resource_type":"Occurrence","normalized_resource_group":"metallic_minerals","commodity_codes":"PGE_PT AG AU CU ZN BI AS","grade":"C"},"geometry":{"type":"Point","coordinates":[132.39841000054741,54.939099999880625]}},{"type":"Feature","properties":{"id":"ru-mrds-10039089","name":"Solovyev Mtn. Complex","resource_type":"Occurrence","normalized_resource_group":"metallic_minerals","commodity_codes":"PGE_PD PGE_PT PGE_OS PGE_IR PGE_RH PGE_RU","grade":"C"},"geometry":{"type":"Point","coordinates":[59.81618000001084,57.62900000013249]}},{"type":"Feature","properties":{"id":"ru-mrds-10055814","name":"Spokoinyi","resource_type":"Occurrence","normalized_resource_group":"mineral_occurrence","commodity_codes":"W","grade":"C"},"geometry":{"type":"Point","coordinates":[96.57749000006766,61.94383999959219]}},{"type":"Feature","properties":{"id":"ru-mrds-10039170","name":"Sukharikhiiskii","resource_type":"Occurrence","normalized_resource_group":"metallic_minerals","commodity_codes":"CU PGE AG GE S","grade":"C"},"geometry":{"type":"Point","coordinates":[87.42897000017615,67.99778999970174]}},{"type":"Feature","properties":{"id":"ru-mrds-10039090","name":"Svetlyy Bor Complex","resource_type":"Occurrence","normalized_resource_group":"mineral_occurrence","commodity_codes":"PGE_PD PGE_PT","grade":"C"},"geometry":{"type":"Point","coordinates":[59.44373999957109,58.73317999994728]}},{"type":"Feature","properties":{"id":"ru-mrds-10095911","name":"Tazheran","resource_type":"Occurrence","normalized_resource_group":"mineral_occurrence","commodity_codes":"B TI_M MG","grade":"C"},"geometry":{"type":"Point","coordinates":[103.9995600006782,51.74778999992268]}},{"type":"Feature","properties":{"id":"ru-mrds-10090541","name":"Tsagin Tsaginsk Deposits","resource_type":"Occurrence","normalized_resource_group":"mineral_occurrence","commodity_codes":"FE TI_M V","grade":"C"},"geometry":{"type":"Point","coordinates":[36.00321999983648,67.99839000028983]}},{"type":"Feature","properties":{"id":"ru-mrds-10093901","name":"Vostok-2","resource_type":"Occurrence","normalized_resource_group":"metallic_minerals","commodity_codes":"W AU AG","grade":"C"},"geometry":{"type":"Point","coordinates":[137.9984899996348,47.99818999963809]}},{"type":"Feature","properties":{"id":"ru-mrds-10055812","name":"Vostok-2","resource_type":"Occurrence","normalized_resource_group":"mineral_occurrence","commodity_codes":"W","grade":"C"},"geometry":{"type":"Point","coordinates":[135.58193999942355,45.581540000193606]}},{"type":"Feature","properties":{"id":"ru-mrds-10085825","name":"Abagas","resource_type":"Occurrence","normalized_resource_group":"mineral_occurrence","commodity_codes":"FE","grade":"D"},"geometry":{"type":"Point","coordinates":[88.66685000050694,53.49774000048937]}},{"type":"Feature","properties":{"id":"ru-mrds-10304134","name":"Abakan","resource_type":"Occurrence","normalized_resource_group":"metallic_minerals","commodity_codes":"CO AS NI","grade":"D"},"geometry":{"type":"Point","coordinates":[91.43335999983768,53.71442999956512]}},{"type":"Feature","properties":{"id":"ru-mrds-10207302","name":"Adamovsk","resource_type":"Occurrence","normalized_resource_group":"metallic_minerals","commodity_codes":"CO","grade":"D"},"geometry":{"type":"Point","coordinates":[60.751210000222514,50.84795999957865]}},{"type":"Feature","properties":{"id":"ru-mrds-10231417","name":"Aidyrla","resource_type":"Occurrence","normalized_resource_group":"metallic_minerals","commodity_codes":"CO","grade":"D"},"geometry":{"type":"Point","coordinates":[60.001280000497395,51.99795000059477]}},{"type":"Feature","properties":{"id":"ru-mrds-10206806","name":"Ajdarbak","resource_type":"Occurrence","normalized_resource_group":"metallic_minerals","commodity_codes":"NI","grade":"D"},"geometry":{"type":"Point","coordinates":[58.16800000033116,51.16468000020641]}},{"type":"Feature","properties":{"id":"ru-mrds-10182647","name":"Ajdyrlja","resource_type":"Occurrence","normalized_resource_group":"metallic_minerals","commodity_codes":"NI","grade":"D"},"geometry":{"type":"Point","coordinates":[59.83456999969024,52.06464999962318]}},{"type":"Feature","properties":{"id":"ru-mrds-10182709","name":"Akkarga","resource_type":"Occurrence","normalized_resource_group":"metallic_minerals","commodity_codes":"CO NI","grade":"D"},"geometry":{"type":"Point","coordinates":[61.08451000038962,51.297950000005514]}},{"type":"Feature","properties":{"id":"ru-mrds-10085828","name":"Alapaevo","resource_type":"Occurrence","normalized_resource_group":"mineral_occurrence","commodity_codes":"FE","grade":"D"},"geometry":{"type":"Point","coordinates":[61.70139999971175,57.86453999999608]}},{"type":"Feature","properties":{"id":"ru-mrds-10039163","name":"Alazeya-Oloy I","resource_type":"Occurrence","normalized_resource_group":"mineral_occurrence","commodity_codes":"CR PGE_PT","grade":"D"},"geometry":{"type":"Point","coordinates":[155.72342999926354,66.82402999976635]}},{"type":"Feature","properties":{"id":"ru-mrds-10039164","name":"Alazeya-Oloy Ii","resource_type":"Occurrence","normalized_resource_group":"mineral_occurrence","commodity_codes":"CR PGE_PT","grade":"D"},"geometry":{"type":"Point","coordinates":[156.68119000014238,64.40676999994288]}},{"type":"Feature","properties":{"id":"ru-mrds-10039167","name":"Anadyr Intrusion","resource_type":"Occurrence","normalized_resource_group":"mineral_occurrence","commodity_codes":"CR PGE_PT","grade":"D"},"geometry":{"type":"Point","coordinates":[172.79662000001088,65.30937000033448]}},{"type":"Feature","properties":{"id":"ru-mrds-10038958","name":"Anomaly No. 66","resource_type":"Occurrence","normalized_resource_group":"mineral_occurrence","commodity_codes":"PGE_OS PGE_RH PGE_PT","grade":"D"},"geometry":{"type":"Point","coordinates":[118.16636000004804,68.83403000024794]}},{"type":"Feature","properties":{"id":"ru-mrds-10085894","name":"Antonovogorsk","resource_type":"Occurrence","normalized_resource_group":"mineral_occurrence","commodity_codes":"W","grade":"D"},"geometry":{"type":"Point","coordinates":[142.06506999990333,47.13157999981655]}},{"type":"Feature","properties":{"id":"ru-mrds-10085831","name":"Anzas","resource_type":"Occurrence","normalized_resource_group":"mineral_occurrence","commodity_codes":"FE","grade":"D"},"geometry":{"type":"Point","coordinates":[89.50014000065852,52.23109000020298]}},{"type":"Feature","properties":{"id":"ru-mrds-10039154","name":"Atlian River","resource_type":"Occurrence","normalized_resource_group":"metallic_minerals","commodity_codes":"AU PGE_PT","grade":"D"},"geometry":{"type":"Point","coordinates":[59.881639999406026,55.01734999973289]}},{"type":"Feature","properties":{"id":"ru-mrds-10085833","name":"Bakal","resource_type":"Occurrence","normalized_resource_group":"mineral_occurrence","commodity_codes":"FE","grade":"D"},"geometry":{"type":"Point","coordinates":[58.80140000061448,54.93124999957977]}},{"type":"Feature","properties":{"id":"ru-mrds-10055823","name":"Balkanskoye","resource_type":"Occurrence","normalized_resource_group":"mineral_occurrence","commodity_codes":"W","grade":"D"},"geometry":{"type":"Point","coordinates":[59.58465000004109,53.38126000042217]}},{"type":"Feature","properties":{"id":"ru-mrds-10039093","name":"Baranchinskiy Complex","resource_type":"Occurrence","normalized_resource_group":"mineral_occurrence","commodity_codes":"PGE_PD PGE_PT","grade":"D"},"geometry":{"type":"Point","coordinates":[59.8717600000262,58.01510999981047]}},{"type":"Feature","properties":{"id":"ru-mrds-10090514","name":"Bashkiria Area Southern Urals","resource_type":"Occurrence","normalized_resource_group":"metallic_minerals","commodity_codes":"PB ZN","grade":"D"},"geometry":{"type":"Point","coordinates":[55.001470000166066,52.99800000005896]}},{"type":"Feature","properties":{"id":"ru-mrds-10068637","name":"Bauxite - Exploration","resource_type":"Occurrence","normalized_resource_group":"mineral_occurrence","commodity_codes":"AL","grade":"D"},"geometry":{"type":"Point","coordinates":[92.50001999939253,58.331020000055695]}},{"type":"Feature","properties":{"id":"ru-mrds-10093362","name":"Bauxite - Ussr","resource_type":"Occurrence","normalized_resource_group":"mineral_occurrence","commodity_codes":"AL","grade":"D"},"geometry":{"type":"Point","coordinates":[92.50001999939253,58.331020000055695]}},{"type":"Feature","properties":{"id":"ru-mrds-10093363","name":"Bauxite - Ussr","resource_type":"Occurrence","normalized_resource_group":"mineral_occurrence","commodity_codes":"AL","grade":"D"},"geometry":{"type":"Point","coordinates":[90.00014999983614,59.99769999972334]}},{"type":"Feature","properties":{"id":"ru-mrds-10068682","name":"Bauxite - Ussr","resource_type":"Occurrence","normalized_resource_group":"mineral_occurrence","commodity_codes":"AL","grade":"D"},"geometry":{"type":"Point","coordinates":[104.99940999915417,59.99773000013608]}},{"type":"Feature","properties":{"id":"ru-mrds-10093364","name":"Bauxite-Ussr","resource_type":"Occurrence","normalized_resource_group":"mineral_occurrence","commodity_codes":"AL","grade":"D"},"geometry":{"type":"Point","coordinates":[96.57749000006766,61.94383999959219]}},{"type":"Feature","properties":{"id":"ru-mrds-10231293","name":"Belgorod","resource_type":"Occurrence","normalized_resource_group":"mineral_occurrence","commodity_codes":"AL","grade":"D"},"geometry":{"type":"Point","coordinates":[36.568579999702756,50.5982900000479]}},{"type":"Feature","properties":{"id":"ru-mrds-10085838","name":"Berdsk-Maisk","resource_type":"Occurrence","normalized_resource_group":"mineral_occurrence","commodity_codes":"AL","grade":"D"},"geometry":{"type":"Point","coordinates":[85.16700000008326,54.247739999658116]}},{"type":"Feature","properties":{"id":"ru-mrds-10039145","name":"Beresovka River","resource_type":"Occurrence","normalized_resource_group":"mineral_occurrence","commodity_codes":"PGE_PT","grade":"D"},"geometry":{"type":"Point","coordinates":[58.98505999990399,56.53902000016448]}},{"type":"Feature","properties":{"id":"ru-mrds-10038351","name":"Berezowka River","resource_type":"Occurrence","normalized_resource_group":"mineral_occurrence","commodity_codes":"PGE_PT","grade":"D"},"geometry":{"type":"Point","coordinates":[59.45791999975568,58.88372999990497]}},{"type":"Feature","properties":{"id":"ru-mrds-10008182","name":"Blagodatnyy Mines Ural Region","resource_type":"Occurrence","normalized_resource_group":"metallic_minerals","commodity_codes":"AU PB ZN V","grade":"D"},"geometry":{"type":"Point","coordinates":[96.57749000006766,61.94383999959219]}},{"type":"Feature","properties":{"id":"ru-mrds-10038972","name":"Bogdanovka","resource_type":"Occurrence","normalized_resource_group":"mineral_occurrence","commodity_codes":"PGE_PT PGE_PD","grade":"D"},"geometry":{"type":"Point","coordinates":[40.43782000008934,48.25576999998817]}},{"type":"Feature","properties":{"id":"ru-mrds-10038592","name":"Bolshaya Kosva","resource_type":"Occurrence","normalized_resource_group":"metallic_minerals","commodity_codes":"AU PGE_PT","grade":"D"},"geometry":{"type":"Point","coordinates":[58.936569999980925,59.39790000032089]}},{"type":"Feature","properties":{"id":"ru-mrds-10038604","name":"Bolshaya Volkouche","resource_type":"Occurrence","normalized_resource_group":"mineral_occurrence","commodity_codes":"PGE_PT","grade":"D"},"geometry":{"type":"Point","coordinates":[59.362119999917354,59.44622999978962]}},{"type":"Feature","properties":{"id":"ru-mrds-10039143","name":"Bolshaya Volkouche River","resource_type":"Occurrence","normalized_resource_group":"mineral_occurrence","commodity_codes":"PGE_PT","grade":"D"},"geometry":{"type":"Point","coordinates":[59.233200000394056,58.6142899998257]}},{"type":"Feature","properties":{"id":"ru-mrds-10231331","name":"Chaiskoye Fields","resource_type":"Occurrence","normalized_resource_group":"metallic_minerals","commodity_codes":"CU NI CO","grade":"D"},"geometry":{"type":"Point","coordinates":[110.41590000017055,57.164459999435735]}},{"type":"Feature","properties":{"id":"ru-mrds-10090538","name":"Charskoe","resource_type":"Occurrence","normalized_resource_group":"mineral_occurrence","commodity_codes":"FE TI_M V","grade":"D"},"geometry":{"type":"Point","coordinates":[114.99913000027425,51.99786000000148]}},{"type":"Feature","properties":{"id":"ru-mrds-10254915","name":"Chaya","resource_type":"Occurrence","normalized_resource_group":"metallic_minerals","commodity_codes":"NI","grade":"D"},"geometry":{"type":"Point","coordinates":[110.41590000017055,57.164459999435735]}},{"type":"Feature","properties":{"id":"ru-mrds-10304144","name":"Cheremshan","resource_type":"Occurrence","normalized_resource_group":"metallic_minerals","commodity_codes":"NI","grade":"D"},"geometry":{"type":"Point","coordinates":[60.31808999979476,56.114589999820865]}},{"type":"Feature","properties":{"id":"ru-mrds-10038959","name":"Chomur","resource_type":"Occurrence","normalized_resource_group":"mineral_occurrence","commodity_codes":"PGE_OS PGE_RH PGE_PT PGE_PD","grade":"D"},"geometry":{"type":"Point","coordinates":[118.07610000039841,68.67012999987463]}},{"type":"Feature","properties":{"id":"ru-mrds-10039150","name":"Chusovaia River","resource_type":"Occurrence","normalized_resource_group":"mineral_occurrence","commodity_codes":"PGE_PT","grade":"D"},"geometry":{"type":"Point","coordinates":[59.55200999985684,56.99456999993666]}},{"type":"Feature","properties":{"id":"ru-mrds-10039134","name":"Creeks On Boni","resource_type":"Occurrence","normalized_resource_group":"mineral_occurrence","commodity_codes":"PGE_PT","grade":"D"},"geometry":{"type":"Point","coordinates":[59.13895000045933,56.68957000046549]}},{"type":"Feature","properties":{"id":"ru-mrds-10038964","name":"Dal'Naya","resource_type":"Occurrence","normalized_resource_group":"mineral_occurrence","commodity_codes":"PGE_PT PGE_PD","grade":"D"},"geometry":{"type":"Point","coordinates":[110.24279000063069,66.95920999962982]}},{"type":"Feature","properties":{"id":"ru-mrds-10038957","name":"Dama","resource_type":"Occurrence","normalized_resource_group":"mineral_occurrence","commodity_codes":"PGE_OS PGE_RH PGE_PD","grade":"D"},"geometry":{"type":"Point","coordinates":[118.1238699997229,68.79013999960904]}},{"type":"Feature","properties":{"id":"ru-mrds-10039144","name":"Demide River","resource_type":"Occurrence","normalized_resource_group":"mineral_occurrence","commodity_codes":"PGE_PT","grade":"D"},"geometry":{"type":"Point","coordinates":[59.17645000041669,56.76707000011686]}},{"type":"Feature","properties":{"id":"ru-mrds-10038966","name":"Druzhba","resource_type":"Occurrence","normalized_resource_group":"mineral_occurrence","commodity_codes":"PGE_PT","grade":"D"},"geometry":{"type":"Point","coordinates":[118.20081000042688,68.65208999964705]}},{"type":"Feature","properties":{"id":"ru-mrds-10038606","name":"East Travianka River","resource_type":"Occurrence","normalized_resource_group":"mineral_occurrence","commodity_codes":"PGE_PT","grade":"D"},"geometry":{"type":"Point","coordinates":[59.68157000051104,60.02707000009548]}},{"type":"Feature","properties":{"id":"ru-mrds-10207262","name":"Eastern Ortoaivi","resource_type":"Occurrence","normalized_resource_group":"metallic_minerals","commodity_codes":"NI","grade":"D"},"geometry":{"type":"Point","coordinates":[30.503619999537236,69.43181999965023]}},{"type":"Feature","properties":{"id":"ru-mrds-10039128","name":"Elnitchnaia River","resource_type":"Occurrence","normalized_resource_group":"metallic_minerals","commodity_codes":"PGE_PT AU","grade":"D"},"geometry":{"type":"Point","coordinates":[59.58340000061142,57.41483999943045]}},{"type":"Feature","properties":{"id":"ru-mrds-10280928","name":"Flangovoe","resource_type":"Occurrence","normalized_resource_group":"metallic_minerals","commodity_codes":"NI","grade":"D"},"geometry":{"type":"Point","coordinates":[30.303620000064143,69.41522999986758]}},{"type":"Feature","properties":{"id":"ru-mrds-10038580","name":"Guiloi - Nalim","resource_type":"Occurrence","normalized_resource_group":"mineral_occurrence","commodity_codes":"PGE_PT","grade":"D"},"geometry":{"type":"Point","coordinates":[59.87094999991428,58.7640000006005]}},{"type":"Feature","properties":{"id":"ru-mrds-10158302","name":"Gumbeika","resource_type":"Occurrence","normalized_resource_group":"metallic_minerals","commodity_codes":"W AU","grade":"D"},"geometry":{"type":"Point","coordinates":[59.35132999996819,53.447930000326544]}},{"type":"Feature","properties":{"id":"ru-mrds-10008237","name":"Guseva Gora Deposit","resource_type":"Occurrence","normalized_resource_group":"mineral_occurrence","commodity_codes":"FE V TI_M","grade":"D"},"geometry":{"type":"Point","coordinates":[59.00155999992116,58.99790999976872]}},{"type":"Feature","properties":{"id":"ru-mrds-10280038","name":"Imandra-Varzuga","resource_type":"Occurrence","normalized_resource_group":"metallic_minerals","commodity_codes":"CU NI","grade":"D"},"geometry":{"type":"Point","coordinates":[36.58627999981917,66.39832999980916]}},{"type":"Feature","properties":{"id":"ru-mrds-10158345","name":"Ioko-Dovyren","resource_type":"Occurrence","normalized_resource_group":"metallic_minerals","commodity_codes":"NI","grade":"D"},"geometry":{"type":"Point","coordinates":[110.41590000017055,57.164459999435735]}},{"type":"Feature","properties":{"id":"ru-mrds-10039155","name":"Iremel River","resource_type":"Occurrence","normalized_resource_group":"metallic_minerals","commodity_codes":"AU PGE_PT","grade":"D"},"geometry":{"type":"Point","coordinates":[59.8107999996557,54.83680000017722]}},{"type":"Feature","properties":{"id":"ru-mrds-10304048","name":"Ishkinina","resource_type":"Occurrence","normalized_resource_group":"metallic_minerals","commodity_codes":"CO AS NI","grade":"D"},"geometry":{"type":"Point","coordinates":[58.28461000013887,51.464670000244716]}},{"type":"Feature","properties":{"id":"ru-mrds-10038325","name":"Issowskaia Labaska","resource_type":"Occurrence","normalized_resource_group":"metallic_minerals","commodity_codes":"PGE_PT AU","grade":"D"},"geometry":{"type":"Point","coordinates":[59.521569999854584,59.93318000014785]}},{"type":"Feature","properties":{"id":"ru-mrds-10230821","name":"Kammikivi","resource_type":"Occurrence","normalized_resource_group":"metallic_minerals","commodity_codes":"NI PGE","grade":"D"},"geometry":{"type":"Point","coordinates":[30.336919999674127,69.41522999986758]}},{"type":"Feature","properties":{"id":"ru-mrds-10038975","name":"Kangalas - Uele River","resource_type":"Occurrence","normalized_resource_group":"metallic_minerals","commodity_codes":"PGE_PT PGE_PD CU NI PGE","grade":"D"},"geometry":{"type":"Point","coordinates":[117.16308000025536,72.11549000022121]}},{"type":"Feature","properties":{"id":"ru-mrds-10008241","name":"Karelia, Afrikanda and Other Deposits","resource_type":"Occurrence","normalized_resource_group":"mineral_occurrence","commodity_codes":"TI_M V","grade":"D"},"geometry":{"type":"Point","coordinates":[35.00324999991329,67.99841000041181]}},{"type":"Feature","properties":{"id":"ru-mrds-10039078","name":"Kempirsay Pluton","resource_type":"Occurrence","normalized_resource_group":"mineral_occurrence","commodity_codes":"PGE_PT","grade":"D"},"geometry":{"type":"Point","coordinates":[96.57749000006766,61.94383999959219]}},{"type":"Feature","properties":{"id":"ru-mrds-10008240","name":"Keyv Intrusive","resource_type":"Occurrence","normalized_resource_group":"mineral_occurrence","commodity_codes":"FE TI_M V","grade":"D"},"geometry":{"type":"Point","coordinates":[37.00317999971392,67.99837000048709]}},{"type":"Feature","properties":{"id":"ru-mrds-10039079","name":"Khabarninskiy Pluton","resource_type":"Occurrence","normalized_resource_group":"metallic_minerals","commodity_codes":"PGE_PT PGE_PD PGE_IR PGE_OS PGE_RU PGE_RH","grade":"D"},"geometry":{"type":"Point","coordinates":[96.57749000006766,61.94383999959219]}},{"type":"Feature","properties":{"id":"ru-mrds-10008235","name":"Kharlovskoe","resource_type":"Occurrence","normalized_resource_group":"mineral_occurrence","commodity_codes":"FE TI_M V","grade":"D"},"geometry":{"type":"Point","coordinates":[81.00048999994925,51.997799999689796]}},{"type":"Feature","properties":{"id":"ru-mrds-10039168","name":"Khatyrka-Velikaya Intrusions","resource_type":"Occurrence","normalized_resource_group":"mineral_occurrence","commodity_codes":"CR PGE_PT","grade":"D"},"geometry":{"type":"Point","coordinates":[174.6635099994085,63.312140000097116]}},{"type":"Feature","properties":{"id":"ru-mrds-10182798","name":"Kierdzhipor","resource_type":"Occurrence","normalized_resource_group":"metallic_minerals","commodity_codes":"NI CO","grade":"D"},"geometry":{"type":"Point","coordinates":[30.503619999537236,69.43181999965023]}},{"type":"Feature","properties":{"id":"ru-mrds-10134069","name":"Kiviyarvi Deposit","resource_type":"Occurrence","normalized_resource_group":"metallic_minerals","commodity_codes":"NI","grade":"D"},"geometry":{"type":"Point","coordinates":[31.969390000255363,62.16504999987338]}},{"type":"Feature","properties":{"id":"ru-mrds-10279516","name":"Kizil-Dere","resource_type":"Occurrence","normalized_resource_group":"metallic_minerals","commodity_codes":"CU PB ZN","grade":"D"},"geometry":{"type":"Point","coordinates":[94.46664000043577,51.747769999533226]}},{"type":"Feature","properties":{"id":"ru-mrds-10038331","name":"Klioutchy River","resource_type":"Occurrence","normalized_resource_group":"mineral_occurrence","commodity_codes":"PGE_PT","grade":"D"},"geometry":{"type":"Point","coordinates":[59.65569000070622,58.82456000000712]}},{"type":"Feature","properties":{"id":"ru-mrds-60000720","name":"Kola Peninsula","resource_type":"Occurrence","normalized_resource_group":"metallic_minerals","commodity_codes":"LI","grade":"D"},"geometry":{"type":"Point","coordinates":[33.20332999963146,68.1984399997484]}},{"type":"Feature","properties":{"id":"ru-mrds-10085845","name":"Kolpashevo","resource_type":"Occurrence","normalized_resource_group":"mineral_occurrence","commodity_codes":"FE","grade":"D"},"geometry":{"type":"Point","coordinates":[82.83380999940019,58.331040000266476]}},{"type":"Feature","properties":{"id":"ru-mrds-10039177","name":"Kolyuiskii Intrusion","resource_type":"Occurrence","normalized_resource_group":"metallic_minerals","commodity_codes":"CU NI PGE_PT PGE_PD","grade":"D"},"geometry":{"type":"Point","coordinates":[90.0001900000191,66.4144200000312]}},{"type":"Feature","properties":{"id":"ru-mrds-10039095","name":"Konzhakovskiy Kamen Complex","resource_type":"Occurrence","normalized_resource_group":"mineral_occurrence","commodity_codes":"PGE_PD PGE_PT","grade":"D"},"geometry":{"type":"Point","coordinates":[59.00852000031709,59.62956999989467]}},{"type":"Feature","properties":{"id":"ru-mrds-10230953","name":"Korbalikhin Deposit","resource_type":"Occurrence","normalized_resource_group":"metallic_minerals","commodity_codes":"PB ZN CU","grade":"D"},"geometry":{"type":"Point","coordinates":[82.500420000618,51.74778999992268]}},{"type":"Feature","properties":{"id":"ru-mrds-10039096","name":"Kosvinskiy Kamen Complex","resource_type":"Occurrence","normalized_resource_group":"mineral_occurrence","commodity_codes":"PGE_PD PGE_PT","grade":"D"},"geometry":{"type":"Point","coordinates":[59.070469999826244,59.73956999971306]}},{"type":"Feature","properties":{"id":"ru-mrds-10008244","name":"Koykara Koyarsk Deposits","resource_type":"Occurrence","normalized_resource_group":"mineral_occurrence","commodity_codes":"FE TI_M V","grade":"D"},"geometry":{"type":"Point","coordinates":[30.002639999515804,60.998390000189985]}},{"type":"Feature","properties":{"id":"ru-mrds-10182788","name":"Krasnoturinsk","resource_type":"Occurrence","normalized_resource_group":"metallic_minerals","commodity_codes":"CU","grade":"D"},"geometry":{"type":"Point","coordinates":[60.1182400001095,59.76459000037138]}},{"type":"Feature","properties":{"id":"ru-mrds-10038326","name":"Krasnouchka","resource_type":"Occurrence","normalized_resource_group":"metallic_minerals","commodity_codes":"AU","grade":"D"},"geometry":{"type":"Point","coordinates":[59.55623999944312,58.85538999980997]}},{"type":"Feature","properties":{"id":"ru-mrds-10038960","name":"Kubanskaya","resource_type":"Occurrence","normalized_resource_group":"mineral_occurrence","commodity_codes":"PGE_OS PGE_RH PGE_PT PGE_PD","grade":"D"},"geometry":{"type":"Point","coordinates":[118.09247999986667,68.76708999980897]}},{"type":"Feature","properties":{"id":"ru-mrds-10038956","name":"Kuonapka","resource_type":"Occurrence","normalized_resource_group":"mineral_occurrence","commodity_codes":"PGE_PT PGE_PD","grade":"D"},"geometry":{"type":"Point","coordinates":[121.85184999983511,66.76708999995816]}},{"type":"Feature","properties":{"id":"ru-mrds-10133802","name":"Kuranakh","resource_type":"Occurrence","normalized_resource_group":"metallic_minerals","commodity_codes":"AU","grade":"D"},"geometry":{"type":"Point","coordinates":[125.48181000073387,58.7978900002284]}},{"type":"Feature","properties":{"id":"ru-mrds-10008181","name":"Kutnetsk-Ala Tau Mountains","resource_type":"Occurrence","normalized_resource_group":"mineral_occurrence","commodity_codes":"V","grade":"D"},"geometry":{"type":"Point","coordinates":[89.00017999991294,54.997730000510884]}},{"type":"Feature","properties":{"id":"ru-mrds-10038588","name":"Kyria","resource_type":"Occurrence","normalized_resource_group":"mineral_occurrence","commodity_codes":"PGE_PT","grade":"D"},"geometry":{"type":"Point","coordinates":[58.94047000075263,59.44622999978962]}},{"type":"Feature","properties":{"id":"ru-mrds-10207596","name":"Laba","resource_type":"Occurrence","normalized_resource_group":"metallic_minerals","commodity_codes":"CO AS NI","grade":"D"},"geometry":{"type":"Point","coordinates":[40.734889999820226,44.6483600000196]}},{"type":"Feature","properties":{"id":"ru-mrds-10133725","name":"Lovnozersk","resource_type":"Occurrence","normalized_resource_group":"metallic_minerals","commodity_codes":"CU NI CO","grade":"D"},"geometry":{"type":"Point","coordinates":[30.053460000215463,68.34850999986969]}},{"type":"Feature","properties":{"id":"ru-mrds-10231420","name":"Lovnozersk Mine","resource_type":"Occurrence","normalized_resource_group":"metallic_minerals","commodity_codes":"CU NI","grade":"D"},"geometry":{"type":"Point","coordinates":[33.08674999996098,68.96516000033621]}},{"type":"Feature","properties":{"id":"ru-mrds-10230759","name":"Lugakansky","resource_type":"Occurrence","normalized_resource_group":"metallic_minerals","commodity_codes":"CU","grade":"D"},"geometry":{"type":"Point","coordinates":[118.16559000011912,56.497819999950046]}},{"type":"Feature","properties":{"id":"ru-mrds-10008234","name":"Lysanovskoe","resource_type":"Occurrence","normalized_resource_group":"mineral_occurrence","commodity_codes":"FE TI_M V","grade":"D"},"geometry":{"type":"Point","coordinates":[93.99996000010704,53.99774000015289]}},{"type":"Feature","properties":{"id":"ru-mrds-10303915","name":"M'Ao Chaja","resource_type":"Occurrence","normalized_resource_group":"metallic_minerals","commodity_codes":"CU SN W","grade":"D"},"geometry":{"type":"Point","coordinates":[136.9817300001645,50.531409999493505]}},{"type":"Feature","properties":{"id":"ru-mrds-10279913","name":"Mainsk Deposit","resource_type":"Occurrence","normalized_resource_group":"metallic_minerals","commodity_codes":"CU","grade":"D"},"geometry":{"type":"Point","coordinates":[91.91674000020015,53.064439999522385]}},{"type":"Feature","properties":{"id":"ru-mrds-10039175","name":"Marshrutnaya Pipe","resource_type":"Occurrence","normalized_resource_group":"mineral_occurrence","commodity_codes":"PGE_OS PGE_RH","grade":"D"},"geometry":{"type":"Point","coordinates":[110.26585000011241,66.91476000028143]}},{"type":"Feature","properties":{"id":"ru-mrds-10206924","name":"Martovo","resource_type":"Occurrence","normalized_resource_group":"metallic_minerals","commodity_codes":"CU NI","grade":"D"},"geometry":{"type":"Point","coordinates":[41.335049999869725,49.998230000349004]}},{"type":"Feature","properties":{"id":"ru-mrds-10158498","name":"Mezhozerskiy Mine","resource_type":"Occurrence","normalized_resource_group":"metallic_minerals","commodity_codes":"CU","grade":"D"},"geometry":{"type":"Point","coordinates":[59.30134999951765,54.13121999974473]}},{"type":"Feature","properties":{"id":"ru-mrds-10279391","name":"Minusinsk","resource_type":"Occurrence","normalized_resource_group":"metallic_minerals","commodity_codes":"CU MO","grade":"D"},"geometry":{"type":"Point","coordinates":[91.75004999948447,53.71442999956512]}},{"type":"Feature","properties":{"id":"ru-mrds-10039172","name":"Mir Pipe","resource_type":"Occurrence","normalized_resource_group":"mineral_occurrence","commodity_codes":"PGE_OS PGE_RH","grade":"D"},"geometry":{"type":"Point","coordinates":[114.16024999970527,62.78390000011034]}},{"type":"Feature","properties":{"id":"ru-mrds-10207325","name":"Mirona","resource_type":"Occurrence","normalized_resource_group":"metallic_minerals","commodity_codes":"NI AU AG","grade":"D"},"geometry":{"type":"Point","coordinates":[30.503619999537236,69.43181999965023]}},{"type":"Feature","properties":{"id":"ru-mrds-10039094","name":"Mt. Sinyaya Complex","resource_type":"Occurrence","normalized_resource_group":"mineral_occurrence","commodity_codes":"PGE_PD PGE_PT","grade":"D"},"geometry":{"type":"Point","coordinates":[59.83480999988973,57.98122000011096]}},{"type":"Feature","properties":{"id":"ru-mrds-10039092","name":"Mt. Tolstaya Complex","resource_type":"Occurrence","normalized_resource_group":"mineral_occurrence","commodity_codes":"PGE_PD PGE_PT","grade":"D"},"geometry":{"type":"Point","coordinates":[59.62426999981444,58.03261000046781]}},{"type":"Feature","properties":{"id":"ru-mrds-10038963","name":"Muza","resource_type":"Occurrence","normalized_resource_group":"mineral_occurrence","commodity_codes":"PGE_PT","grade":"D"},"geometry":{"type":"Point","coordinates":[122.33397999986961,70.6869000003712]}},{"type":"Feature","properties":{"id":"ru-mrds-10039153","name":"N. Serginsky Zavod","resource_type":"Occurrence","normalized_resource_group":"mineral_occurrence","commodity_codes":"PGE_PT","grade":"D"},"geometry":{"type":"Point","coordinates":[59.30143999992935,56.66233999977249]}},{"type":"Feature","properties":{"id":"ru-mrds-10207203","name":"Nizhne-Mamon Fields","resource_type":"Occurrence","normalized_resource_group":"metallic_minerals","commodity_codes":"CU NI","grade":"D"},"geometry":{"type":"Point","coordinates":[40.51847999984332,50.1649300004504]}},{"type":"Feature","properties":{"id":"ru-mrds-10304204","name":"North Onki","resource_type":"Occurrence","normalized_resource_group":"metallic_minerals","commodity_codes":"NI TE","grade":"D"},"geometry":{"type":"Point","coordinates":[30.803600000002845,69.39851999989031]}},{"type":"Feature","properties":{"id":"ru-mrds-10207035","name":"North Soukeriioki","resource_type":"Occurrence","normalized_resource_group":"metallic_minerals","commodity_codes":"NI","grade":"D"},"geometry":{"type":"Point","coordinates":[30.503619999537236,69.43181999965023]}},{"type":"Feature","properties":{"id":"ru-mrds-10182406","name":"Northern Baikal Group","resource_type":"Occurrence","normalized_resource_group":"metallic_minerals","commodity_codes":"NI","grade":"D"},"geometry":{"type":"Point","coordinates":[110.41590000017055,57.164459999435735]}},{"type":"Feature","properties":{"id":"ru-mrds-10039080","name":"Nuralinsky Pluton","resource_type":"Occurrence","normalized_resource_group":"metallic_minerals","commodity_codes":"PGE_PD PGE_PT PGE_IR PGE_RU PGE_RH PGE_OS","grade":"D"},"geometry":{"type":"Point","coordinates":[96.57749000006766,61.94383999959219]}},{"type":"Feature","properties":{"id":"ru-mrds-10039132","name":"Nyria","resource_type":"Occurrence","normalized_resource_group":"metallic_minerals","commodity_codes":"AU PGE_PT","grade":"D"},"geometry":{"type":"Point","coordinates":[60.08533999963427,57.61732999968435]}},{"type":"Feature","properties":{"id":"ru-mrds-10279849","name":"Nyurundukan","resource_type":"Occurrence","normalized_resource_group":"metallic_minerals","commodity_codes":"NI","grade":"D"},"geometry":{"type":"Point","coordinates":[110.41590000017055,57.164459999435735]}},{"type":"Feature","properties":{"id":"ru-mrds-10038962","name":"Obnazhennaya","resource_type":"Occurrence","normalized_resource_group":"mineral_occurrence","commodity_codes":"PGE_OS PGE_RH PGE_PD PGE_PT","grade":"D"},"geometry":{"type":"Point","coordinates":[122.48060999955503,70.92273999959882]}},{"type":"Feature","properties":{"id":"ru-mrds-10142639","name":"Odrabash","resource_type":"Occurrence","normalized_resource_group":"metallic_minerals","commodity_codes":"CO AS NI","grade":"D"},"geometry":{"type":"Point","coordinates":[93.0000000002296,53.99774000015289]}},{"type":"Feature","properties":{"id":"ru-mrds-10069265","name":"Oktyabrsky-Talnakh Nickel-Copper Deposits-U.S.S.R.","resource_type":"Occurrence","normalized_resource_group":"metallic_minerals","commodity_codes":"NI CU","grade":"D"},"geometry":{"type":"Point","coordinates":[88.00034999973184,69.3311399999323]}},{"type":"Feature","properties":{"id":"ru-mrds-10039169","name":"Opapel'","resource_type":"Occurrence","normalized_resource_group":"mineral_occurrence","commodity_codes":"PGE_PT","grade":"D"},"geometry":{"type":"Point","coordinates":[165.27349999980146,64.45806999972231]}},{"type":"Feature","properties":{"id":"ru-mrds-10182215","name":"Ostakhovo","resource_type":"Occurrence","normalized_resource_group":"metallic_minerals","commodity_codes":"CU NI","grade":"D"},"geometry":{"type":"Point","coordinates":[39.50182999997792,50.99823999930838]}},{"type":"Feature","properties":{"id":"ru-mrds-10039146","name":"Oulair River","resource_type":"Occurrence","normalized_resource_group":"mineral_occurrence","commodity_codes":"PGE_PT","grade":"D"},"geometry":{"type":"Point","coordinates":[58.98534000028644,56.50124000024816]}},{"type":"Feature","properties":{"id":"ru-mrds-10039147","name":"Oupoud River","resource_type":"Occurrence","normalized_resource_group":"mineral_occurrence","commodity_codes":"PGE_PT","grade":"D"},"geometry":{"type":"Point","coordinates":[58.98505999990399,56.58013000041008]}},{"type":"Feature","properties":{"id":"ru-mrds-10039149","name":"Outkinskii Zavod","resource_type":"Occurrence","normalized_resource_group":"mineral_occurrence","commodity_codes":"PGE_PT","grade":"D"},"geometry":{"type":"Point","coordinates":[59.26174999983581,57.234290000244236]}},{"type":"Feature","properties":{"id":"ru-mrds-10158140","name":"Podkolodnovo","resource_type":"Occurrence","normalized_resource_group":"metallic_minerals","commodity_codes":"NI CU","grade":"D"},"geometry":{"type":"Point","coordinates":[40.66846000047957,49.98153000002083]}},{"type":"Feature","properties":{"id":"ru-mrds-10134307","name":"Pokrovo","resource_type":"Occurrence","normalized_resource_group":"metallic_minerals","commodity_codes":"CO AS NI","grade":"D"},"geometry":{"type":"Point","coordinates":[59.8182699996896,60.16458999952615]}},{"type":"Feature","properties":{"id":"ru-mrds-10133747","name":"Promezhutochnoe","resource_type":"Occurrence","normalized_resource_group":"metallic_minerals","commodity_codes":"NI","grade":"D"},"geometry":{"type":"Point","coordinates":[30.270319999555827,69.41522999986758]}},{"type":"Feature","properties":{"id":"ru-mrds-10008243","name":"Pudozhgorsk Pudozhgorskoe Deposits","resource_type":"Occurrence","normalized_resource_group":"mineral_occurrence","commodity_codes":"FE TI_M V","grade":"D"},"geometry":{"type":"Point","coordinates":[35.50253000024329,61.49828000013451]}},{"type":"Feature","properties":{"id":"ru-mrds-10279551","name":"Pyshminsk-Klyuchevsk","resource_type":"Occurrence","normalized_resource_group":"metallic_minerals","commodity_codes":"CO S_P","grade":"D"},"geometry":{"type":"Point","coordinates":[63.234599999853245,56.931160000556055]}},{"type":"Feature","properties":{"id":"ru-mrds-10134425","name":"Raisoaivi","resource_type":"Occurrence","normalized_resource_group":"metallic_minerals","commodity_codes":"NI","grade":"D"},"geometry":{"type":"Point","coordinates":[30.503619999537236,69.43181999965023]}},{"type":"Feature","properties":{"id":"ru-mrds-10039148","name":"Raspaika River","resource_type":"Occurrence","normalized_resource_group":"mineral_occurrence","commodity_codes":"PGE_PT","grade":"D"},"geometry":{"type":"Point","coordinates":[59.097030000046615,57.220400000297055]}},{"type":"Feature","properties":{"id":"ru-mrds-10207062","name":"Revda Ni/Co","resource_type":"Occurrence","normalized_resource_group":"metallic_minerals","commodity_codes":"NI CO","grade":"D"},"geometry":{"type":"Point","coordinates":[59.96811999973117,56.81459000015377]}},{"type":"Feature","properties":{"id":"ru-mrds-10158404","name":"Rogozha","resource_type":"Occurrence","normalized_resource_group":"metallic_minerals","commodity_codes":"NI","grade":"D"},"geometry":{"type":"Point","coordinates":[60.33469000026935,56.33119000012405]}},{"type":"Feature","properties":{"id":"ru-mrds-10038961","name":"Ruslovaya","resource_type":"Occurrence","normalized_resource_group":"mineral_occurrence","commodity_codes":"PGE_PT","grade":"D"},"geometry":{"type":"Point","coordinates":[122.58254999963171,70.83412000020832]}},{"type":"Feature","properties":{"id":"ru-mrds-10279945","name":"Sadovo","resource_type":"Occurrence","normalized_resource_group":"metallic_minerals","commodity_codes":"CU NI","grade":"D"},"geometry":{"type":"Point","coordinates":[41.335049999869725,49.998230000349004]}},{"type":"Feature","properties":{"id":"ru-mrds-10157966","name":"Sakhara","resource_type":"Occurrence","normalized_resource_group":"metallic_minerals","commodity_codes":"CO NI","grade":"D"},"geometry":{"type":"Point","coordinates":[59.534620000260155,53.13122999951966]}},{"type":"Feature","properties":{"id":"ru-mrds-10039171","name":"Sal'Nyye Tundry Granulite","resource_type":"Occurrence","normalized_resource_group":"mineral_occurrence","commodity_codes":"PGE_PD PGE_PT PGE_RH","grade":"D"},"geometry":{"type":"Point","coordinates":[33.007349999682376,67.0670300004521]}},{"type":"Feature","properties":{"id":"ru-mrds-10231436","name":"Semiletka","resource_type":"Occurrence","normalized_resource_group":"metallic_minerals","commodity_codes":"NI","grade":"D"},"geometry":{"type":"Point","coordinates":[30.336919999674127,69.41522999986758]}},{"type":"Feature","properties":{"id":"ru-mrds-10255497","name":"Serdtse-Kamen","resource_type":"Occurrence","normalized_resource_group":"metallic_minerals","commodity_codes":"CU PB ZN AG SN","grade":"D"},"geometry":{"type":"Point","coordinates":[-171.7369299999994,66.8325000000191]}},{"type":"Feature","properties":{"id":"ru-mrds-10280005","name":"Sinar","resource_type":"Occurrence","normalized_resource_group":"metallic_minerals","commodity_codes":"NI","grade":"D"},"geometry":{"type":"Point","coordinates":[60.33469000026935,56.29788999984001]}},{"type":"Feature","properties":{"id":"ru-mrds-10038583","name":"Sokolka","resource_type":"Occurrence","normalized_resource_group":"mineral_occurrence","commodity_codes":"PGE_PT","grade":"D"},"geometry":{"type":"Point","coordinates":[59.56374999965999,58.92344999954849]}},{"type":"Feature","properties":{"id":"ru-mrds-10134002","name":"Souker","resource_type":"Occurrence","normalized_resource_group":"metallic_minerals","commodity_codes":"NI","grade":"D"},"geometry":{"type":"Point","coordinates":[30.503619999537236,69.43181999965023]}},{"type":"Feature","properties":{"id":"ru-mrds-10038584","name":"Soukhaia - Berezowka","resource_type":"Occurrence","normalized_resource_group":"mineral_occurrence","commodity_codes":"PGE_PT","grade":"D"},"geometry":{"type":"Point","coordinates":[58.83490999938842,59.44679000019983]}},{"type":"Feature","properties":{"id":"ru-mrds-10039081","name":"South Krak Pluton","resource_type":"Occurrence","normalized_resource_group":"metallic_minerals","commodity_codes":"PGE_PD PGE_PT PGE_IR PGE_RU PGE_RH PGE_OS","grade":"D"},"geometry":{"type":"Point","coordinates":[96.57749000006766,61.94383999959219]}},{"type":"Feature","properties":{"id":"ru-mrds-10133989","name":"Sprut","resource_type":"Occurrence","normalized_resource_group":"metallic_minerals","commodity_codes":"AU AG","grade":"D"},"geometry":{"type":"Point","coordinates":[165.113850000746,61.34857000025258]}},{"type":"Feature","properties":{"id":"ru-mrds-10182477","name":"Stepny Deposit","resource_type":"Occurrence","normalized_resource_group":"metallic_minerals","commodity_codes":"PB ZN","grade":"D"},"geometry":{"type":"Point","coordinates":[93.99995000006129,58.99770000006624]}},{"type":"Feature","properties":{"id":"ru-mrds-10182760","name":"Subbotinsk Deposit","resource_type":"Occurrence","normalized_resource_group":"metallic_minerals","commodity_codes":"CU","grade":"D"},"geometry":{"type":"Point","coordinates":[91.91674000020015,53.064439999522385]}},{"type":"Feature","properties":{"id":"ru-mrds-10303922","name":"Sultanskoe Copper Ore Deposit","resource_type":"Occurrence","normalized_resource_group":"metallic_minerals","commodity_codes":"CU ZN AU SE S TE","grade":"D"},"geometry":{"type":"Point","coordinates":[42.66825000053813,44.58163999960751]}},{"type":"Feature","properties":{"id":"ru-mrds-10039174","name":"Sytykan Pipe","resource_type":"Occurrence","normalized_resource_group":"mineral_occurrence","commodity_codes":"PGE_OS PGE_RH","grade":"D"},"geometry":{"type":"Point","coordinates":[110.16808000024591,66.98976000012249]}},{"type":"Feature","properties":{"id":"ru-mrds-10039130","name":"Tagil River","resource_type":"Occurrence","normalized_resource_group":"metallic_minerals","commodity_codes":"PGE_PT PGE_OS AU","grade":"D"},"geometry":{"type":"Point","coordinates":[60.00424000056254,57.638170000412295]}},{"type":"Feature","properties":{"id":"ru-mrds-10039160","name":"Taimyr River Lode","resource_type":"Occurrence","normalized_resource_group":"metallic_minerals","commodity_codes":"PGE_PT CU NI","grade":"D"},"geometry":{"type":"Point","coordinates":[94.86760000018003,73.59791000045578]}},{"type":"Feature","properties":{"id":"ru-mrds-10039176","name":"Talitza River","resource_type":"Occurrence","normalized_resource_group":"metallic_minerals","commodity_codes":"AU PGE_PT","grade":"D"},"geometry":{"type":"Point","coordinates":[59.60063000037456,57.33179000002864]}},{"type":"Feature","properties":{"id":"ru-mrds-10039165","name":"Talovka River Intrusions","resource_type":"Occurrence","normalized_resource_group":"mineral_occurrence","commodity_codes":"CR PGE_PT","grade":"D"},"geometry":{"type":"Point","coordinates":[165.00630000016048,61.58163000030249]}},{"type":"Feature","properties":{"id":"ru-mrds-10039156","name":"Taschkoutorganka River","resource_type":"Occurrence","normalized_resource_group":"metallic_minerals","commodity_codes":"AU PGE_PT","grade":"D"},"geometry":{"type":"Point","coordinates":[59.81829999982684,54.89819000017158]}},{"type":"Feature","properties":{"id":"ru-mrds-10133987","name":"Techenskoe Iron Deposit","resource_type":"Occurrence","normalized_resource_group":"mineral_occurrence","commodity_codes":"FE","grade":"D"},"geometry":{"type":"Point","coordinates":[63.15128000050809,56.21455999991139]}},{"type":"Feature","properties":{"id":"ru-mrds-10182576","name":"Tisha","resource_type":"Occurrence","normalized_resource_group":"metallic_minerals","commodity_codes":"PB CU ZN","grade":"D"},"geometry":{"type":"Point","coordinates":[84.5003399994746,51.497779999928895]}},{"type":"Feature","properties":{"id":"ru-mrds-10039133","name":"Tokowaya River","resource_type":"Occurrence","normalized_resource_group":"metallic_minerals","commodity_codes":"AU PGE_PT","grade":"D"},"geometry":{"type":"Point","coordinates":[60.12088999965494,57.65038999982292]}},{"type":"Feature","properties":{"id":"ru-mrds-10090513","name":"Transbaikal, Eastern","resource_type":"Occurrence","normalized_resource_group":"metallic_minerals","commodity_codes":"PB AU MO V","grade":"D"},"geometry":{"type":"Point","coordinates":[109.99927000061254,54.997779999802404]}},{"type":"Feature","properties":{"id":"ru-mrds-10039135","name":"Tschernaia River","resource_type":"Occurrence","normalized_resource_group":"metallic_minerals","commodity_codes":"AU PGE_PT","grade":"D"},"geometry":{"type":"Point","coordinates":[60.03108000026707,54.99096999962992]}},{"type":"Feature","properties":{"id":"ru-mrds-10184182","name":"Tundrovoe Deposit","resource_type":"Occurrence","normalized_resource_group":"metallic_minerals","commodity_codes":"NI","grade":"D"},"geometry":{"type":"Point","coordinates":[68.767739999962,55.61450999942383]}},{"type":"Feature","properties":{"id":"ru-mrds-10038976","name":"Udzha River","resource_type":"Occurrence","normalized_resource_group":"metallic_minerals","commodity_codes":"PGE_PT PGE_PD PGE_RU PGE NI CU","grade":"D"},"geometry":{"type":"Point","coordinates":[117.19984000042099,71.160739999764]}},{"type":"Feature","properties":{"id":"ru-mrds-10025001","name":"Unknown","resource_type":"Occurrence","normalized_resource_group":"mineral_occurrence","commodity_codes":"ZR","grade":"D"},"geometry":{"type":"Point","coordinates":[35.08654000001954,67.76505999985926]}},{"type":"Feature","properties":{"id":"ru-mrds-10184141","name":"Unnei","resource_type":"Occurrence","normalized_resource_group":"metallic_minerals","commodity_codes":"AU AG SN","grade":"D"},"geometry":{"type":"Point","coordinates":[166.1138199997709,61.51530000008252]}},{"type":"Feature","properties":{"id":"ru-mrds-10039162","name":"Upper Avam River Intrusion","resource_type":"Occurrence","normalized_resource_group":"metallic_minerals","commodity_codes":"PGE_PD PGE_PT AU","grade":"D"},"geometry":{"type":"Point","coordinates":[89.35800999999778,67.36915999998531]}},{"type":"Feature","properties":{"id":"ru-mrds-10039151","name":"V. Serginsky Zavod","resource_type":"Occurrence","normalized_resource_group":"mineral_occurrence","commodity_codes":"PGE_PT","grade":"D"},"geometry":{"type":"Point","coordinates":[59.55475999985971,56.64846000035389]}},{"type":"Feature","properties":{"id":"ru-mrds-10279469","name":"Verkhneye","resource_type":"Occurrence","normalized_resource_group":"metallic_minerals","commodity_codes":"NI","grade":"D"},"geometry":{"type":"Point","coordinates":[30.303620000064143,69.41522999986758]}},{"type":"Feature","properties":{"id":"ru-mrds-10090540","name":"Visean Deposit","resource_type":"Occurrence","normalized_resource_group":"mineral_occurrence","commodity_codes":"FE V TI_M","grade":"D"},"geometry":{"type":"Point","coordinates":[59.0013399998131,52.997950000129066]}},{"type":"Feature","properties":{"id":"ru-mrds-10039166","name":"Vivnik River Intrusions","resource_type":"Occurrence","normalized_resource_group":"mineral_occurrence","commodity_codes":"CR PGE_PT","grade":"D"},"geometry":{"type":"Point","coordinates":[166.2365899999084,61.143869999954056]}},{"type":"Feature","properties":{"id":"ru-mrds-10134371","name":"Voronezh Group","resource_type":"Occurrence","normalized_resource_group":"metallic_minerals","commodity_codes":"CU NI","grade":"D"},"geometry":{"type":"Point","coordinates":[39.201860000456364,51.63153000007969]}},{"type":"Feature","properties":{"id":"ru-mrds-10038607","name":"West Travianka River","resource_type":"Occurrence","normalized_resource_group":"mineral_occurrence","commodity_codes":"PGE_PT","grade":"D"},"geometry":{"type":"Point","coordinates":[59.75157000001222,60.026499999522414]}},{"type":"Feature","properties":{"id":"ru-mrds-10039131","name":"Yazwa Lojok","resource_type":"Occurrence","normalized_resource_group":"metallic_minerals","commodity_codes":"PGE_PT PGE_OS AU","grade":"D"},"geometry":{"type":"Point","coordinates":[60.0181200002732,57.598449999624755]}},{"type":"Feature","properties":{"id":"ru-mrds-10008242","name":"Yelet'Ozero Massif","resource_type":"Occurrence","normalized_resource_group":"mineral_occurrence","commodity_codes":"TI_M V","grade":"D"},"geometry":{"type":"Point","coordinates":[33.00305999982163,65.99840000053361]}},{"type":"Feature","properties":{"id":"ru-mrds-10133722","name":"Yubileinnoe Deposit","resource_type":"Occurrence","normalized_resource_group":"metallic_minerals","commodity_codes":"CU NI","grade":"D"},"geometry":{"type":"Point","coordinates":[41.0017699997941,49.99824000000096]}},{"type":"Feature","properties":{"id":"ru-mrds-10090539","name":"Yubryshkinskoe","resource_type":"Occurrence","normalized_resource_group":"mineral_occurrence","commodity_codes":"FE TI_M V","grade":"D"},"geometry":{"type":"Point","coordinates":[58.00170000050111,60.997930000253355]}},{"type":"Feature","properties":{"id":"ru-mrds-10039173","name":"Zapolyarnaya Pipe","resource_type":"Occurrence","normalized_resource_group":"mineral_occurrence","commodity_codes":"PGE_OS PGE_RH","grade":"D"},"geometry":{"type":"Point","coordinates":[119.00583999976837,67.62567999977895]}},{"type":"Feature","properties":{"id":"ru-mrds-10184189","name":"Zapolyarnyy Mine","resource_type":"Occurrence","normalized_resource_group":"metallic_minerals","commodity_codes":"CU NI PGE_PT","grade":"D"},"geometry":{"type":"Point","coordinates":[30.820300000036564,69.41522000033278]}},{"type":"Feature","properties":{"id":"ru-mrds-60000732","name":"Zavitaya","resource_type":"Occurrence","normalized_resource_group":"metallic_minerals","commodity_codes":"LI","grade":"D"},"geometry":{"type":"Point","coordinates":[114.99915000036573,50.9978800002659]}},{"type":"Feature","properties":{"id":"ru-mrds-10038955","name":"Zimnaya","resource_type":"Occurrence","normalized_resource_group":"mineral_occurrence","commodity_codes":"PGE_PT PGE_PD","grade":"D"},"geometry":{"type":"Point","coordinates":[119.99826000019,67.99792999978266]}},{"type":"Feature","properties":{"id":"ru-mrds-10085893","name":"Alys-Khaya","resource_type":"Occurrence","normalized_resource_group":"mineral_occurrence","commodity_codes":"SN","grade":"E"},"geometry":{"type":"Point","coordinates":[135.46430000029423,65.83140999968904]}},{"type":"Feature","properties":{"id":"ru-mrds-10085895","name":"Balei","resource_type":"Occurrence","normalized_resource_group":"metallic_minerals","commodity_codes":"AU","grade":"E"},"geometry":{"type":"Point","coordinates":[116.63240000002335,51.59787000021579]}},{"type":"Feature","properties":{"id":"ru-mrds-10085896","name":"Barun-Shiveya","resource_type":"Occurrence","normalized_resource_group":"mineral_occurrence","commodity_codes":"W","grade":"E"},"geometry":{"type":"Point","coordinates":[115.33244999963453,51.3311900005885]}},{"type":"Feature","properties":{"id":"ru-mrds-10085839","name":"Berezovka","resource_type":"Occurrence","normalized_resource_group":"mineral_occurrence","commodity_codes":"FE","grade":"E"},"geometry":{"type":"Point","coordinates":[119.66564000043849,51.24789999970486]}},{"type":"Feature","properties":{"id":"ru-mrds-10085899","name":"Blagodatnensk","resource_type":"Occurrence","normalized_resource_group":"mineral_occurrence","commodity_codes":"SN","grade":"E"},"geometry":{"type":"Point","coordinates":[131.99874000041584,44.331539999957606]}},{"type":"Feature","properties":{"id":"ru-mrds-10085871","name":"Blugodat","resource_type":"Occurrence","normalized_resource_group":"metallic_minerals","commodity_codes":"PB ZN","grade":"E"},"geometry":{"type":"Point","coordinates":[119.59896999999998,51.31456999998564]}},{"type":"Feature","properties":{"id":"ru-mrds-10085900","name":"Bodaibo River Basin","resource_type":"Occurrence","normalized_resource_group":"metallic_minerals","commodity_codes":"AU","grade":"E"},"geometry":{"type":"Point","coordinates":[114.23234999982928,57.831110000070915]}},{"type":"Feature","properties":{"id":"ru-mrds-10085840","name":"Bokson","resource_type":"Occurrence","normalized_resource_group":"mineral_occurrence","commodity_codes":"AL","grade":"E"},"geometry":{"type":"Point","coordinates":[100.33302999958462,51.9644400000836]}},{"type":"Feature","properties":{"id":"ru-mrds-10093886","name":"Bom-Gorkhon","resource_type":"Occurrence","normalized_resource_group":"mineral_occurrence","commodity_codes":"W","grade":"E"},"geometry":{"type":"Point","coordinates":[109.51600999990067,51.23116000014972]}},{"type":"Feature","properties":{"id":"ru-mrds-10085902","name":"Bukuka","resource_type":"Occurrence","normalized_resource_group":"mineral_occurrence","commodity_codes":"W SN","grade":"E"},"geometry":{"type":"Point","coordinates":[116.66574999986207,51.164549999461045]}},{"type":"Feature","properties":{"id":"ru-mrds-10093887","name":"Burgochan","resource_type":"Occurrence","normalized_resource_group":"mineral_occurrence","commodity_codes":"SN","grade":"E"},"geometry":{"type":"Point","coordinates":[134.8310000004683,65.69807000005304]}},{"type":"Feature","properties":{"id":"ru-mrds-10085903","name":"Butogychag","resource_type":"Occurrence","normalized_resource_group":"mineral_occurrence","commodity_codes":"SN","grade":"E"},"geometry":{"type":"Point","coordinates":[149.18083999988488,61.314930000572126]}},{"type":"Feature","properties":{"id":"ru-mrds-10085873","name":"Chempura","resource_type":"Occurrence","normalized_resource_group":"mineral_occurrence","commodity_codes":"HG","grade":"E"},"geometry":{"type":"Point","coordinates":[158.99772000007647,54.99843000038044]}},{"type":"Feature","properties":{"id":"ru-mrds-10085904","name":"Deputat","resource_type":"Occurrence","normalized_resource_group":"mineral_occurrence","commodity_codes":"SN","grade":"E"},"geometry":{"type":"Point","coordinates":[139.89703000007802,69.29823000046913]}},{"type":"Feature","properties":{"id":"ru-mrds-10085905","name":"Derbeke-Nel'Gekha","resource_type":"Occurrence","normalized_resource_group":"mineral_occurrence","commodity_codes":"SN","grade":"E"},"geometry":{"type":"Point","coordinates":[136.6641799992788,66.49811000034751]}},{"type":"Feature","properties":{"id":"ru-mrds-10085906","name":"Dzhalinda","resource_type":"Occurrence","normalized_resource_group":"mineral_occurrence","commodity_codes":"SN","grade":"E"},"geometry":{"type":"Point","coordinates":[123.99876000002389,53.43122999972313]}},{"type":"Feature","properties":{"id":"ru-mrds-10093889","name":"Dzhida","resource_type":"Occurrence","normalized_resource_group":"mineral_occurrence","commodity_codes":"W","grade":"E"},"geometry":{"type":"Point","coordinates":[103.33291999926271,50.33114999965768]}},{"type":"Feature","properties":{"id":"ru-mrds-10085907","name":"Etyka","resource_type":"Occurrence","normalized_resource_group":"mineral_occurrence","commodity_codes":"W SN","grade":"E"},"geometry":{"type":"Point","coordinates":[116.83240000039477,51.04787999990246]}},{"type":"Feature","properties":{"id":"ru-mrds-10085908","name":"Festival'Noe","resource_type":"Occurrence","normalized_resource_group":"mineral_occurrence","commodity_codes":"SN","grade":"E"},"geometry":{"type":"Point","coordinates":[136.99843000019823,50.58143999988528]}},{"type":"Feature","properties":{"id":"ru-mrds-10093890","name":"Gudzhir","resource_type":"Occurrence","normalized_resource_group":"mineral_occurrence","commodity_codes":"W","grade":"E"},"geometry":{"type":"Point","coordinates":[103.33291999926271,50.33114999965768]}},{"type":"Feature","properties":{"id":"ru-mrds-10085841","name":"Ilikta","resource_type":"Occurrence","normalized_resource_group":"mineral_occurrence","commodity_codes":"MN","grade":"E"},"geometry":{"type":"Point","coordinates":[104.99950999961159,52.99778000036693]}},{"type":"Feature","properties":{"id":"ru-mrds-10085911","name":"Inkur","resource_type":"Occurrence","normalized_resource_group":"mineral_occurrence","commodity_codes":"W","grade":"E"},"geometry":{"type":"Point","coordinates":[103.33291999926271,50.33114999965768]}},{"type":"Feature","properties":{"id":"ru-mrds-10085842","name":"Ir-Nimiisk","resource_type":"Occurrence","normalized_resource_group":"mineral_occurrence","commodity_codes":"MN","grade":"E"},"geometry":{"type":"Point","coordinates":[134.498359999727,54.331349999799336]}},{"type":"Feature","properties":{"id":"ru-mrds-10093891","name":"Iul'Tin","resource_type":"Occurrence","normalized_resource_group":"mineral_occurrence","commodity_codes":"W","grade":"E"},"geometry":{"type":"Point","coordinates":[178.92955000027322,67.71567999967127]}},{"type":"Feature","properties":{"id":"ru-mrds-10085914","name":"Kavalerovo","resource_type":"Occurrence","normalized_resource_group":"mineral_occurrence","commodity_codes":"SN","grade":"E"},"geometry":{"type":"Point","coordinates":[135.13198000011835,44.31491999977945]}},{"type":"Feature","properties":{"id":"ru-mrds-10093892","name":"Kester","resource_type":"Occurrence","normalized_resource_group":"mineral_occurrence","commodity_codes":"SN","grade":"E"},"geometry":{"type":"Point","coordinates":[134.29755000014197,67.21475999976867]}},{"type":"Feature","properties":{"id":"ru-mrds-10093893","name":"Khingan","resource_type":"Occurrence","normalized_resource_group":"mineral_occurrence","commodity_codes":"SN","grade":"E"},"geometry":{"type":"Point","coordinates":[130.83200999945677,48.16475000041028]}},{"type":"Feature","properties":{"id":"ru-mrds-10085877","name":"Kholodnina","resource_type":"Occurrence","normalized_resource_group":"metallic_minerals","commodity_codes":"PB ZN","grade":"E"},"geometry":{"type":"Point","coordinates":[109.79924999925132,55.847760000167796]}},{"type":"Feature","properties":{"id":"ru-mrds-10085916","name":"Kholtoson","resource_type":"Occurrence","normalized_resource_group":"mineral_occurrence","commodity_codes":"W","grade":"E"},"geometry":{"type":"Point","coordinates":[103.33291999926271,50.497809999735445]}},{"type":"Feature","properties":{"id":"ru-mrds-10231297","name":"Kiyalykh-Uzensk Deposit","resource_type":"Occurrence","normalized_resource_group":"metallic_minerals","commodity_codes":"CU MO","grade":"E"},"geometry":{"type":"Point","coordinates":[91.0000899996221,54.33102999942121]}},{"type":"Feature","properties":{"id":"ru-mrds-10085917","name":"Klyuchi","resource_type":"Occurrence","normalized_resource_group":"metallic_minerals","commodity_codes":"AU","grade":"E"},"geometry":{"type":"Point","coordinates":[119.43225000004539,53.54786000033859]}},{"type":"Feature","properties":{"id":"ru-mrds-10093895","name":"Komsomol'Sk","resource_type":"Occurrence","normalized_resource_group":"mineral_occurrence","commodity_codes":"SN","grade":"E"},"geometry":{"type":"Point","coordinates":[136.99843000019823,50.58143999988528]}},{"type":"Feature","properties":{"id":"ru-mrds-10085846","name":"Korshunovo","resource_type":"Occurrence","normalized_resource_group":"mineral_occurrence","commodity_codes":"FE","grade":"E"},"geometry":{"type":"Point","coordinates":[104.16616000008389,56.49773000007021]}},{"type":"Feature","properties":{"id":"ru-mrds-10085850","name":"Malyi-Khingan","resource_type":"Occurrence","normalized_resource_group":"mineral_occurrence","commodity_codes":"MN","grade":"E"},"geometry":{"type":"Point","coordinates":[132.99857000059689,49.99807999954503]}},{"type":"Feature","properties":{"id":"ru-mrds-10085879","name":"Mendeleev Volcano","resource_type":"Occurrence","normalized_resource_group":"mineral_occurrence","commodity_codes":"HG","grade":"E"},"geometry":{"type":"Point","coordinates":[145.73173999984064,43.981730000526625]}},{"type":"Feature","properties":{"id":"ru-mrds-10085853","name":"Nizhne-Angarsk","resource_type":"Occurrence","normalized_resource_group":"mineral_occurrence","commodity_codes":"FE","grade":"E"},"geometry":{"type":"Point","coordinates":[109.54927000022603,55.78109000063176]}},{"type":"Feature","properties":{"id":"ru-mrds-10085854","name":"Oldakit","resource_type":"Occurrence","normalized_resource_group":"mineral_occurrence","commodity_codes":"MN","grade":"E"},"geometry":{"type":"Point","coordinates":[112.99911000006192,56.66445000002806]}},{"type":"Feature","properties":{"id":"ru-mrds-10093897","name":"Pereval'Noe","resource_type":"Occurrence","normalized_resource_group":"mineral_occurrence","commodity_codes":"SN","grade":"E"},"geometry":{"type":"Point","coordinates":[136.99843000019823,50.58143999988528]}},{"type":"Feature","properties":{"id":"ru-mrds-10085925","name":"Pervomaisk","resource_type":"Occurrence","normalized_resource_group":"mineral_occurrence","commodity_codes":"W","grade":"E"},"geometry":{"type":"Point","coordinates":[103.33291999926271,50.33114999965768]}},{"type":"Feature","properties":{"id":"ru-mrds-10085926","name":"Pyrkakai","resource_type":"Occurrence","normalized_resource_group":"mineral_occurrence","commodity_codes":"SN","grade":"E"},"geometry":{"type":"Point","coordinates":[175.7799200001584,65.28220000025712]}},{"type":"Feature","properties":{"id":"ru-mrds-10093898","name":"Rudnoe","resource_type":"Occurrence","normalized_resource_group":"mineral_occurrence","commodity_codes":"SN","grade":"E"},"geometry":{"type":"Point","coordinates":[135.0819799995763,44.26491999982697]}},{"type":"Feature","properties":{"id":"ru-mrds-10085855","name":"Rudnogorsk","resource_type":"Occurrence","normalized_resource_group":"mineral_occurrence","commodity_codes":"FE","grade":"E"},"geometry":{"type":"Point","coordinates":[103.69949999984664,57.24772000015932]}},{"type":"Feature","properties":{"id":"ru-mrds-10085856","name":"Sagan-Zaba","resource_type":"Occurrence","normalized_resource_group":"mineral_occurrence","commodity_codes":"MN","grade":"E"},"geometry":{"type":"Point","coordinates":[104.1662100003126,51.83111999952453]}},{"type":"Feature","properties":{"id":"ru-mrds-10085882","name":"Sarylakh","resource_type":"Occurrence","normalized_resource_group":"mineral_occurrence","commodity_codes":"SB","grade":"E"},"geometry":{"type":"Point","coordinates":[133.16482000019826,59.831320000387336]}},{"type":"Feature","properties":{"id":"ru-mrds-10093899","name":"Solnechnoe","resource_type":"Occurrence","normalized_resource_group":"mineral_occurrence","commodity_codes":"SN","grade":"E"},"geometry":{"type":"Point","coordinates":[136.99843000019823,50.58143999988528]}},{"type":"Feature","properties":{"id":"ru-mrds-10085930","name":"Spokoinyi","resource_type":"Occurrence","normalized_resource_group":"mineral_occurrence","commodity_codes":"W","grade":"E"},"geometry":{"type":"Point","coordinates":[114.83247999974155,50.997869999718695]}},{"type":"Feature","properties":{"id":"ru-mrds-10085860","name":"Taezhnoe","resource_type":"Occurrence","normalized_resource_group":"mineral_occurrence","commodity_codes":"FE","grade":"E"},"geometry":{"type":"Point","coordinates":[128.6653100003711,51.881310000513906]}},{"type":"Feature","properties":{"id":"ru-mrds-10085884","name":"Tamvatvei","resource_type":"Occurrence","normalized_resource_group":"mineral_occurrence","commodity_codes":"HG","grade":"E"},"geometry":{"type":"Point","coordinates":[175.11344000037312,63.86550000010063]}},{"type":"Feature","properties":{"id":"ru-mrds-10093900","name":"Taseeva","resource_type":"Occurrence","normalized_resource_group":"metallic_minerals","commodity_codes":"AU","grade":"E"},"geometry":{"type":"Point","coordinates":[116.63240000002335,51.59787000021579]}},{"type":"Feature","properties":{"id":"ru-mrds-10085885","name":"Tetyukhe","resource_type":"Occurrence","normalized_resource_group":"metallic_minerals","commodity_codes":"PB ZN","grade":"E"},"geometry":{"type":"Point","coordinates":[135.58195999951505,44.58157000004523]}},{"type":"Feature","properties":{"id":"ru-mrds-10085886","name":"Udokan","resource_type":"Occurrence","normalized_resource_group":"metallic_minerals","commodity_codes":"CU","grade":"E"},"geometry":{"type":"Point","coordinates":[118.16555999998188,56.497819999950046]}},{"type":"Feature","properties":{"id":"ru-mrds-10085931","name":"Umul'Ta","resource_type":"Occurrence","normalized_resource_group":"metallic_minerals","commodity_codes":"MO","grade":"E"},"geometry":{"type":"Point","coordinates":[133.29849999993553,51.64803999975982]}},{"type":"Feature","properties":{"id":"ru-mrds-10085887","name":"Upper Seimchan","resource_type":"Occurrence","normalized_resource_group":"metallic_minerals","commodity_codes":"CO","grade":"E"},"geometry":{"type":"Point","coordinates":[152.49729999955912,62.71501000058931]}},{"type":"Feature","properties":{"id":"ru-mrds-10085888","name":"Uzon","resource_type":"Occurrence","normalized_resource_group":"mineral_occurrence","commodity_codes":"HG","grade":"E"},"geometry":{"type":"Point","coordinates":[157.99778999943794,53.998409999559236]}},{"type":"Feature","properties":{"id":"ru-mrds-10085889","name":"Verkhnee","resource_type":"Occurrence","normalized_resource_group":"metallic_minerals","commodity_codes":"PB ZN","grade":"E"},"geometry":{"type":"Point","coordinates":[135.4986400001699,44.498250000362475]}},{"type":"Feature","properties":{"id":"ru-mrds-10085932","name":"Voznesensk","resource_type":"Occurrence","normalized_resource_group":"mineral_occurrence","commodity_codes":"SN","grade":"E"},"geometry":{"type":"Point","coordinates":[132.19872999984315,44.198219999466765]}},{"type":"Feature","properties":{"id":"ru-mrds-10093902","name":"Yaroslavsk","resource_type":"Occurrence","normalized_resource_group":"mineral_occurrence","commodity_codes":"SN","grade":"E"},"geometry":{"type":"Point","coordinates":[132.16540000009593,44.16488999978728]}},{"type":"Feature","properties":{"id":"ru-mrds-10085890","name":"Yekaterina-Blagodat","resource_type":"Occurrence","normalized_resource_group":"metallic_minerals","commodity_codes":"PB ZN","grade":"E"},"geometry":{"type":"Point","coordinates":[119.59896999999998,51.31456999998564]}},{"type":"Feature","properties":{"id":"ru-mrds-10085933","name":"Zhireken","resource_type":"Occurrence","normalized_resource_group":"metallic_minerals","commodity_codes":"MO","grade":"E"},"geometry":{"type":"Point","coordinates":[115.9990900001517,51.99786000000148]}},{"type":"Feature","properties":{"id":"ru-mrds-10158296","name":"Olenegorsk","resource_type":"Unknown","normalized_resource_group":"mineral_occurrence","commodity_codes":"FE","grade":"C"},"geometry":{"type":"Point","coordinates":[33.25332000012774,68.1317400001638]}},{"type":"Feature","properties":{"id":"ru-mrds-10279414","name":"Achinsk","resource_type":"Unknown","normalized_resource_group":"metallic_minerals","commodity_codes":"AU","grade":"D"},"geometry":{"type":"Point","coordinates":[90.48341000054799,56.247709999791915]}},{"type":"Feature","properties":{"id":"ru-mrds-10206658","name":"Aginsky Group","resource_type":"Unknown","normalized_resource_group":"metallic_minerals","commodity_codes":"W TA NB REE","grade":"D"},"geometry":{"type":"Point","coordinates":[113.21591000002614,50.89786000026212]}},{"type":"Feature","properties":{"id":"ru-mrds-10183987","name":"Ak-Dovurak","resource_type":"Unknown","normalized_resource_group":"mineral_occurrence","commodity_codes":"ASB","grade":"D"},"geometry":{"type":"Point","coordinates":[90.5500899992356,51.19778000058622]}},{"type":"Feature","properties":{"id":"ru-mrds-10134280","name":"Akkermanovka","resource_type":"Unknown","normalized_resource_group":"metallic_minerals","commodity_codes":"NI","grade":"D"},"geometry":{"type":"Point","coordinates":[58.16800000033116,51.16468000020641]}},{"type":"Feature","properties":{"id":"ru-mrds-10255280","name":"Alekseyevka","resource_type":"Unknown","normalized_resource_group":"mineral_occurrence","commodity_codes":"S","grade":"D"},"geometry":{"type":"Point","coordinates":[50.4016200003946,53.281339999790745]}},{"type":"Feature","properties":{"id":"ru-mrds-10206701","name":"Aliskerovo","resource_type":"Unknown","normalized_resource_group":"metallic_minerals","commodity_codes":"AU","grade":"D"},"geometry":{"type":"Point","coordinates":[167.5296400001758,67.79875000024263]}},{"type":"Feature","properties":{"id":"ru-mrds-10133846","name":"Alys-Khaya","resource_type":"Unknown","normalized_resource_group":"mineral_occurrence","commodity_codes":"SN","grade":"D"},"geometry":{"type":"Point","coordinates":[135.64760999977938,65.93139000021887]}},{"type":"Feature","properties":{"id":"ru-mrds-10279898","name":"Armu-Imansky","resource_type":"Unknown","normalized_resource_group":"mineral_occurrence","commodity_codes":"SN W","grade":"D"},"geometry":{"type":"Point","coordinates":[135.56532999980152,44.58154000048124]}},{"type":"Feature","properties":{"id":"ru-mrds-10206765","name":"Artemovsk","resource_type":"Unknown","normalized_resource_group":"metallic_minerals","commodity_codes":"AU","grade":"D"},"geometry":{"type":"Point","coordinates":[93.3832799999489,54.34772999989858]}},{"type":"Feature","properties":{"id":"ru-mrds-10255535","name":"Artemovskiy","resource_type":"Unknown","normalized_resource_group":"metallic_minerals","commodity_codes":"AU","grade":"D"},"geometry":{"type":"Point","coordinates":[114.73228000043761,58.21448000005682]}},{"type":"Feature","properties":{"id":"ru-mrds-10207171","name":"Asbest","resource_type":"Unknown","normalized_resource_group":"mineral_occurrence","commodity_codes":"ASB","grade":"D"},"geometry":{"type":"Point","coordinates":[61.518070000135125,57.01458000010829]}},{"type":"Feature","properties":{"id":"ru-mrds-10230902","name":"Aydyrliusk","resource_type":"Unknown","normalized_resource_group":"metallic_minerals","commodity_codes":"W AU","grade":"D"},"geometry":{"type":"Point","coordinates":[59.58461999990385,53.23123000014307]}},{"type":"Feature","properties":{"id":"ru-mrds-10255563","name":"Bagdarin","resource_type":"Unknown","normalized_resource_group":"metallic_minerals","commodity_codes":"AU","grade":"D"},"geometry":{"type":"Point","coordinates":[113.5491299998273,54.447800000253146]}},{"type":"Feature","properties":{"id":"ru-mrds-10182768","name":"Balakskoe","resource_type":"Unknown","normalized_resource_group":"mineral_occurrence","commodity_codes":"W","grade":"D"},"geometry":{"type":"Point","coordinates":[114.79914999999433,51.114560000416326]}},{"type":"Feature","properties":{"id":"ru-mrds-10304213","name":"Belaya Gora","resource_type":"Unknown","normalized_resource_group":"metallic_minerals","commodity_codes":"AU","grade":"D"},"geometry":{"type":"Point","coordinates":[139.91491000011945,53.93140000036071]}},{"type":"Feature","properties":{"id":"ru-mrds-10183796","name":"Beloglinsk","resource_type":"Unknown","normalized_resource_group":"mineral_occurrence","commodity_codes":"MN","grade":"D"},"geometry":{"type":"Point","coordinates":[58.35142000031944,55.09792000013475]}},{"type":"Feature","properties":{"id":"ru-mrds-10158550","name":"Berezovskiy","resource_type":"Unknown","normalized_resource_group":"metallic_minerals","commodity_codes":"AU","grade":"D"},"geometry":{"type":"Point","coordinates":[60.76810000022702,56.914580000500585]}},{"type":"Feature","properties":{"id":"ru-mrds-10255007","name":"Berezovskoye","resource_type":"Unknown","normalized_resource_group":"mineral_occurrence","commodity_codes":"MN","grade":"D"},"geometry":{"type":"Point","coordinates":[60.384879999883836,60.83119000033512]}},{"type":"Feature","properties":{"id":"ru-mrds-10182531","name":"Berikul'Skiy","resource_type":"Unknown","normalized_resource_group":"metallic_minerals","commodity_codes":"AU","grade":"D"},"geometry":{"type":"Point","coordinates":[88.11691000020916,55.53102000018962]}},{"type":"Feature","properties":{"id":"ru-mrds-10305380","name":"Bertewaja","resource_type":"Unknown","normalized_resource_group":"metallic_minerals","commodity_codes":"AU CR PB","grade":"D"},"geometry":{"type":"Point","coordinates":[60.10146000060816,57.91458999964502]}},{"type":"Feature","properties":{"id":"ru-mrds-10255068","name":"Biser","resource_type":"Unknown","normalized_resource_group":"metallic_minerals","commodity_codes":"AU","grade":"D"},"geometry":{"type":"Point","coordinates":[58.88483000046281,58.414600000003844]}},{"type":"Feature","properties":{"id":"ru-mrds-10254975","name":"Blagodatnyy","resource_type":"Unknown","normalized_resource_group":"metallic_minerals","commodity_codes":"AU","grade":"D"},"geometry":{"type":"Point","coordinates":[135.61531000025204,45.48152000065871]}},{"type":"Feature","properties":{"id":"ru-mrds-10303770","name":"Blyava","resource_type":"Unknown","normalized_resource_group":"mineral_occurrence","commodity_codes":"MN","grade":"D"},"geometry":{"type":"Point","coordinates":[57.75132000054443,51.39798000054588]}},{"type":"Feature","properties":{"id":"ru-mrds-10231181","name":"Bogoslovsk","resource_type":"Unknown","normalized_resource_group":"metallic_minerals","commodity_codes":"AU","grade":"D"},"geometry":{"type":"Point","coordinates":[60.83485000013315,60.58118000015503]}},{"type":"Feature","properties":{"id":"ru-mrds-10279984","name":"Bokhapcha","resource_type":"Unknown","normalized_resource_group":"mineral_occurrence","commodity_codes":"W","grade":"D"},"geometry":{"type":"Point","coordinates":[150.73073000001435,61.748290000277606]}},{"type":"Feature","properties":{"id":"ru-mrds-10231484","name":"Bugdainsk","resource_type":"Unknown","normalized_resource_group":"metallic_minerals","commodity_codes":"MO","grade":"D"},"geometry":{"type":"Point","coordinates":[114.99913000027425,51.99786000000148]}},{"type":"Feature","properties":{"id":"ru-mrds-10254904","name":"Burgochan","resource_type":"Unknown","normalized_resource_group":"mineral_occurrence","commodity_codes":"SN","grade":"D"},"geometry":{"type":"Point","coordinates":[135.39762999985572,65.84808000027623]}},{"type":"Feature","properties":{"id":"ru-mrds-10182164","name":"Buruktal","resource_type":"Unknown","normalized_resource_group":"metallic_minerals","commodity_codes":"NI CO","grade":"D"},"geometry":{"type":"Point","coordinates":[60.76791000025623,50.83126000012652]}},{"type":"Feature","properties":{"id":"ru-mrds-10255142","name":"Bylyrinsky","resource_type":"Unknown","normalized_resource_group":"mineral_occurrence","commodity_codes":"SN W","grade":"D"},"geometry":{"type":"Point","coordinates":[111.7492799998657,49.831169999785565]}},{"type":"Feature","properties":{"id":"ru-mrds-10304065","name":"Chargurtuy","resource_type":"Unknown","normalized_resource_group":"mineral_occurrence","commodity_codes":"W","grade":"D"},"geometry":{"type":"Point","coordinates":[114.76584999948604,51.097859999962495]}},{"type":"Feature","properties":{"id":"ru-mrds-10230922","name":"Chazadyr","resource_type":"Unknown","normalized_resource_group":"mineral_occurrence","commodity_codes":"HG","grade":"D"},"geometry":{"type":"Point","coordinates":[97.41651000037871,52.76444999991727]}},{"type":"Feature","properties":{"id":"ru-mrds-10255259","name":"Chikoy","resource_type":"Unknown","normalized_resource_group":"mineral_occurrence","commodity_codes":"W","grade":"D"},"geometry":{"type":"Point","coordinates":[108.69939000054389,50.164540000079086]}},{"type":"Feature","properties":{"id":"ru-mrds-10182250","name":"Chukotka","resource_type":"Unknown","normalized_resource_group":"mineral_occurrence","commodity_codes":"HG SN W","grade":"D"},"geometry":{"type":"Point","coordinates":[174.57977999998448,66.19887000011003]}},{"type":"Feature","properties":{"id":"ru-mrds-10257183","name":"Davenda","resource_type":"Unknown","normalized_resource_group":"metallic_minerals","commodity_codes":"MO","grade":"D"},"geometry":{"type":"Point","coordinates":[119.28222000007874,53.564559999505924]}},{"type":"Feature","properties":{"id":"ru-mrds-10303945","name":"Deputat","resource_type":"Unknown","normalized_resource_group":"mineral_occurrence","commodity_codes":"SN","grade":"D"},"geometry":{"type":"Point","coordinates":[139.91372000006595,69.3982299999984]}},{"type":"Feature","properties":{"id":"ru-mrds-10182281","name":"Dolinnoe","resource_type":"Unknown","normalized_resource_group":"mineral_occurrence","commodity_codes":"W SB SC AS NB","grade":"D"},"geometry":{"type":"Point","coordinates":[-178.75378000024392,67.69906000032938]}},{"type":"Feature","properties":{"id":"ru-mrds-10183964","name":"Dzalinda","resource_type":"Unknown","normalized_resource_group":"mineral_occurrence","commodity_codes":"W","grade":"D"},"geometry":{"type":"Point","coordinates":[123.91545999987193,53.481200000338816]}},{"type":"Feature","properties":{"id":"ru-mrds-10182424","name":"Ege-Khaya","resource_type":"Unknown","normalized_resource_group":"metallic_minerals","commodity_codes":"SN IN ZN","grade":"D"},"geometry":{"type":"Point","coordinates":[134.69748999971205,67.5981100000716]}},{"type":"Feature","properties":{"id":"ru-mrds-10142594","name":"Etyka","resource_type":"Unknown","normalized_resource_group":"mineral_occurrence","commodity_codes":"SN TA","grade":"D"},"geometry":{"type":"Point","coordinates":[116.93237000044323,50.88117999974357]}},{"type":"Feature","properties":{"id":"ru-mrds-10118592","name":"Gazimur-Argun","resource_type":"Unknown","normalized_resource_group":"mineral_occurrence","commodity_codes":"W","grade":"D"},"geometry":{"type":"Point","coordinates":[118.5990000000768,51.51458000045705]}},{"type":"Feature","properties":{"id":"ru-mrds-10231391","name":"Gornyy","resource_type":"Unknown","normalized_resource_group":"mineral_occurrence","commodity_codes":"SN","grade":"D"},"geometry":{"type":"Point","coordinates":[136.59843000035372,50.69810000027974]}},{"type":"Feature","properties":{"id":"ru-mrds-10134220","name":"Goroblagodat","resource_type":"Unknown","normalized_resource_group":"metallic_minerals","commodity_codes":"AU","grade":"D"},"geometry":{"type":"Point","coordinates":[59.75148999964628,58.29789000028176]}},{"type":"Feature","properties":{"id":"ru-mrds-10304286","name":"Goryachegorsk","resource_type":"Unknown","normalized_resource_group":"mineral_occurrence","commodity_codes":"AL","grade":"D"},"geometry":{"type":"Point","coordinates":[88.86688000011725,55.41442000020182]}},{"type":"Feature","properties":{"id":"ru-mrds-10254977","name":"Gumbeika","resource_type":"Unknown","normalized_resource_group":"metallic_minerals","commodity_codes":"W AU","grade":"D"},"geometry":{"type":"Point","coordinates":[59.31802999945989,53.39793000025368]}},{"type":"Feature","properties":{"id":"ru-mrds-10206681","name":"Ignali","resource_type":"Unknown","normalized_resource_group":"mineral_occurrence","commodity_codes":"PGE_PT","grade":"D"},"geometry":{"type":"Point","coordinates":[124.56540999950282,54.34789999967979]}},{"type":"Feature","properties":{"id":"ru-mrds-10304333","name":"Inaglinsk","resource_type":"Unknown","normalized_resource_group":"mineral_occurrence","commodity_codes":"PGE_PT PGE_IR PGE_RH","grade":"D"},"geometry":{"type":"Point","coordinates":[124.56540999950282,54.33120000017767]}},{"type":"Feature","properties":{"id":"ru-mrds-10206647","name":"Ingodinsky","resource_type":"Unknown","normalized_resource_group":"mineral_occurrence","commodity_codes":"W SN","grade":"D"},"geometry":{"type":"Point","coordinates":[111.86597000003935,49.96457000037213]}},{"type":"Feature","properties":{"id":"ru-mrds-10133836","name":"Inkur","resource_type":"Unknown","normalized_resource_group":"metallic_minerals","commodity_codes":"W MO","grade":"D"},"geometry":{"type":"Point","coordinates":[103.34959000005752,50.31451999994244]}},{"type":"Feature","properties":{"id":"ru-mrds-10304153","name":"Ircha","resource_type":"Unknown","normalized_resource_group":"metallic_minerals","commodity_codes":"SN CU AG","grade":"D"},"geometry":{"type":"Point","coordinates":[155.6472900004224,61.848389999953504]}},{"type":"Feature","properties":{"id":"ru-mrds-10254994","name":"Itaka","resource_type":"Unknown","normalized_resource_group":"metallic_minerals","commodity_codes":"AU","grade":"D"},"geometry":{"type":"Point","coordinates":[118.69893999998801,53.89784999981921]}},{"type":"Feature","properties":{"id":"ru-mrds-10231078","name":"Karabash Mine","resource_type":"Unknown","normalized_resource_group":"metallic_minerals","commodity_codes":"CU ZN","grade":"D"},"geometry":{"type":"Point","coordinates":[60.16805999982812,55.24789999985651]}},{"type":"Feature","properties":{"id":"ru-mrds-10230817","name":"Karaftit","resource_type":"Unknown","normalized_resource_group":"metallic_minerals","commodity_codes":"AU","grade":"D"},"geometry":{"type":"Point","coordinates":[111.89920000022748,54.197790000423396]}},{"type":"Feature","properties":{"id":"ru-mrds-10182242","name":"Kester","resource_type":"Unknown","normalized_resource_group":"mineral_occurrence","commodity_codes":"SN","grade":"D"},"geometry":{"type":"Point","coordinates":[134.3975300002362,67.31478999984728]}},{"type":"Feature","properties":{"id":"ru-mrds-10279659","name":"Khapcheranga","resource_type":"Unknown","normalized_resource_group":"mineral_occurrence","commodity_codes":"SN","grade":"D"},"geometry":{"type":"Point","coordinates":[112.38255999960012,49.69787999991227]}},{"type":"Feature","properties":{"id":"ru-mrds-10255337","name":"Kholtoson","resource_type":"Unknown","normalized_resource_group":"mineral_occurrence","commodity_codes":"W","grade":"D"},"geometry":{"type":"Point","coordinates":[103.31628999954921,50.29781999945167]}},{"type":"Feature","properties":{"id":"ru-mrds-10279682","name":"Khoronkhoy","resource_type":"Unknown","normalized_resource_group":"mineral_occurrence","commodity_codes":"F","grade":"D"},"geometry":{"type":"Point","coordinates":[106.1494799993642,50.464519999680185]}},{"type":"Feature","properties":{"id":"ru-mrds-10255136","name":"Khrystal'Nyy","resource_type":"Unknown","normalized_resource_group":"mineral_occurrence","commodity_codes":"SN","grade":"D"},"geometry":{"type":"Point","coordinates":[135.09864999947283,44.364950000050236]}},{"type":"Feature","properties":{"id":"ru-mrds-10207204","name":"Kitelya","resource_type":"Unknown","normalized_resource_group":"mineral_occurrence","commodity_codes":"W","grade":"D"},"geometry":{"type":"Point","coordinates":[31.485949999618484,61.56505999947675]}},{"type":"Feature","properties":{"id":"ru-mrds-10230861","name":"Kiyalykh-Uzen'","resource_type":"Unknown","normalized_resource_group":"metallic_minerals","commodity_codes":"CU MO","grade":"D"},"geometry":{"type":"Point","coordinates":[90.45009999999395,54.231029999955]}},{"type":"Feature","properties":{"id":"ru-mrds-10280122","name":"Kochkar","resource_type":"Unknown","normalized_resource_group":"metallic_minerals","commodity_codes":"AU","grade":"D"},"geometry":{"type":"Point","coordinates":[60.81800999945903,54.36460000013048]}},{"type":"Feature","properties":{"id":"ru-mrds-10158464","name":"Kolyvan","resource_type":"Unknown","normalized_resource_group":"mineral_occurrence","commodity_codes":"W","grade":"D"},"geometry":{"type":"Point","coordinates":[82.55040999931767,51.31448999984702]}},{"type":"Feature","properties":{"id":"ru-mrds-10158095","name":"Kolyvan Processing Plant","resource_type":"Unknown","normalized_resource_group":"mineral_occurrence","commodity_codes":"W","grade":"D"},"geometry":{"type":"Point","coordinates":[82.55040999931767,51.31448999984702]}},{"type":"Feature","properties":{"id":"ru-mrds-10158333","name":"Komsomol'Sk","resource_type":"Unknown","normalized_resource_group":"mineral_occurrence","commodity_codes":"SN","grade":"D"},"geometry":{"type":"Point","coordinates":[136.99843999934566,50.548110000054706]}},{"type":"Feature","properties":{"id":"ru-mrds-10158292","name":"Komsomol'Skiy Placer","resource_type":"Unknown","normalized_resource_group":"metallic_minerals","commodity_codes":"AU","grade":"D"},"geometry":{"type":"Point","coordinates":[172.42934000071654,69.14890000005352]}},{"type":"Feature","properties":{"id":"ru-mrds-10157859","name":"Konder","resource_type":"Unknown","normalized_resource_group":"mineral_occurrence","commodity_codes":"PGE_PT","grade":"D"},"geometry":{"type":"Point","coordinates":[124.53200999943539,54.33120000017767]}},{"type":"Feature","properties":{"id":"ru-mrds-10303781","name":"Krasnoarmeyskiy","resource_type":"Unknown","normalized_resource_group":"mineral_occurrence","commodity_codes":"SN","grade":"D"},"geometry":{"type":"Point","coordinates":[172.06267000061922,69.53219999994921]}},{"type":"Feature","properties":{"id":"ru-mrds-10231295","name":"Kropotkin","resource_type":"Unknown","normalized_resource_group":"metallic_minerals","commodity_codes":"AU","grade":"D"},"geometry":{"type":"Point","coordinates":[115.298950000008,58.51449000018764]}},{"type":"Feature","properties":{"id":"ru-mrds-10182542","name":"Kuala","resource_type":"Unknown","normalized_resource_group":"mineral_occurrence","commodity_codes":"PGE_PT PGE_PD","grade":"D"},"geometry":{"type":"Point","coordinates":[30.92030000022226,69.4152099998458]}},{"type":"Feature","properties":{"id":"ru-mrds-10231148","name":"Kuranakh Concentrator","resource_type":"Unknown","normalized_resource_group":"metallic_minerals","commodity_codes":"AU","grade":"D"},"geometry":{"type":"Point","coordinates":[125.48181000073387,58.7978900002284]}},{"type":"Feature","properties":{"id":"ru-mrds-10182848","name":"Kyshtym","resource_type":"Unknown","normalized_resource_group":"metallic_minerals","commodity_codes":"AU CU","grade":"D"},"geometry":{"type":"Point","coordinates":[60.534659999605246,55.714590000359856]}},{"type":"Feature","properties":{"id":"ru-mrds-10206922","name":"Kyzyl-Tashtyg Deposit","resource_type":"Unknown","normalized_resource_group":"metallic_minerals","commodity_codes":"CU PB ZN","grade":"D"},"geometry":{"type":"Point","coordinates":[94.46664000043577,51.747769999533226]}},{"type":"Feature","properties":{"id":"ru-mrds-10255240","name":"Leninskiy","resource_type":"Unknown","normalized_resource_group":"metallic_minerals","commodity_codes":"AU","grade":"D"},"geometry":{"type":"Point","coordinates":[125.39851999972933,58.564590000257894]}},{"type":"Feature","properties":{"id":"ru-mrds-10279595","name":"Lifudzin","resource_type":"Unknown","normalized_resource_group":"mineral_occurrence","commodity_codes":"SN","grade":"D"},"geometry":{"type":"Point","coordinates":[134.99866000023115,44.281549999585174]}},{"type":"Feature","properties":{"id":"ru-mrds-10182301","name":"Marinsk","resource_type":"Unknown","normalized_resource_group":"metallic_minerals","commodity_codes":"AU","grade":"D"},"geometry":{"type":"Point","coordinates":[87.75023000006614,56.2144100000029]}},{"type":"Feature","properties":{"id":"ru-mrds-10305227","name":"Marshal'Skiy","resource_type":"Unknown","normalized_resource_group":"metallic_minerals","commodity_codes":"AU","grade":"D"},"geometry":{"type":"Point","coordinates":[141.91419000054012,64.41486999943066]}},{"type":"Feature","properties":{"id":"ru-mrds-10207165","name":"Matkal","resource_type":"Unknown","normalized_resource_group":"mineral_occurrence","commodity_codes":"TI","grade":"D"},"geometry":{"type":"Point","coordinates":[59.26809000009065,55.01460999999544]}},{"type":"Feature","properties":{"id":"ru-mrds-10303827","name":"Mayak","resource_type":"Unknown","normalized_resource_group":"metallic_minerals","commodity_codes":"PGE_PT CU NI CO AU PGE_PD REE","grade":"D"},"geometry":{"type":"Point","coordinates":[88.44471999951799,69.56591000019264]}},{"type":"Feature","properties":{"id":"ru-mrds-10231135","name":"Medzheginsky I","resource_type":"Unknown","normalized_resource_group":"mineral_occurrence","commodity_codes":"W SN","grade":"D"},"geometry":{"type":"Point","coordinates":[112.76593999977686,50.114569999979146]}},{"type":"Feature","properties":{"id":"ru-mrds-10279941","name":"Medzheginsky Ii","resource_type":"Unknown","normalized_resource_group":"mineral_occurrence","commodity_codes":"W SN","grade":"D"},"geometry":{"type":"Point","coordinates":[112.66594000048947,50.114569999979146]}},{"type":"Feature","properties":{"id":"ru-mrds-10230802","name":"Mil'Kovo","resource_type":"Unknown","normalized_resource_group":"metallic_minerals","commodity_codes":"AU","grade":"D"},"geometry":{"type":"Point","coordinates":[158.54773999978144,54.698410000188645]}},{"type":"Feature","properties":{"id":"ru-mrds-10279492","name":"Minvsinsk","resource_type":"Unknown","normalized_resource_group":"metallic_minerals","commodity_codes":"AU","grade":"D"},"geometry":{"type":"Point","coordinates":[91.68334999980704,53.6977300002208]}},{"type":"Feature","properties":{"id":"ru-mrds-10182287","name":"Molibden","resource_type":"Unknown","normalized_resource_group":"metallic_minerals","commodity_codes":"MO","grade":"D"},"geometry":{"type":"Point","coordinates":[42.918209999471976,43.38168000032861]}},{"type":"Feature","properties":{"id":"ru-mrds-10304304","name":"Molodezhnyy","resource_type":"Unknown","normalized_resource_group":"mineral_occurrence","commodity_codes":"SN","grade":"D"},"geometry":{"type":"Point","coordinates":[136.38173999999432,50.78139000021381]}},{"type":"Feature","properties":{"id":"ru-mrds-10255084","name":"Molodezhnyy","resource_type":"Unknown","normalized_resource_group":"mineral_occurrence","commodity_codes":"ASB","grade":"D"},"geometry":{"type":"Point","coordinates":[114.5823500000301,56.16449000054676]}},{"type":"Feature","properties":{"id":"ru-mrds-10134353","name":"Monetnyi","resource_type":"Unknown","normalized_resource_group":"metallic_minerals","commodity_codes":"AU","grade":"D"},"geometry":{"type":"Point","coordinates":[60.96809000055269,57.04787999985216]}},{"type":"Feature","properties":{"id":"ru-mrds-10279871","name":"Mukulansk","resource_type":"Unknown","normalized_resource_group":"metallic_minerals","commodity_codes":"MO","grade":"D"},"geometry":{"type":"Point","coordinates":[42.90151000033655,43.38168000032861]}},{"type":"Feature","properties":{"id":"ru-mrds-10231086","name":"Nal'Chik Hydrometallurgical Plant","resource_type":"Unknown","normalized_resource_group":"metallic_minerals","commodity_codes":"W_C MO","grade":"D"},"geometry":{"type":"Point","coordinates":[43.60149999979414,43.481660000292166]}},{"type":"Feature","properties":{"id":"ru-mrds-10134204","name":"Neviansk","resource_type":"Unknown","normalized_resource_group":"metallic_minerals","commodity_codes":"AU","grade":"D"},"geometry":{"type":"Point","coordinates":[60.20143999980405,57.49789000008579]}},{"type":"Feature","properties":{"id":"ru-mrds-10255435","name":"Nizhniy Tagil","resource_type":"Unknown","normalized_resource_group":"metallic_minerals","commodity_codes":"PGE_PT AU","grade":"D"},"geometry":{"type":"Point","coordinates":[59.96816999995991,57.91458999964502]}},{"type":"Feature","properties":{"id":"ru-mrds-10239204","name":"Novaya Yeruda","resource_type":"Unknown","normalized_resource_group":"metallic_minerals","commodity_codes":"AU","grade":"D"},"geometry":{"type":"Point","coordinates":[93.54996999976626,59.730989999585326]}},{"type":"Feature","properties":{"id":"ru-mrds-10255528","name":"Novo-Berezovsk","resource_type":"Unknown","normalized_resource_group":"metallic_minerals","commodity_codes":"W AS AU BI CU MO","grade":"D"},"geometry":{"type":"Point","coordinates":[56.868150000399744,54.53125000045084]}},{"type":"Feature","properties":{"id":"ru-mrds-10206890","name":"Novo-Shaitansky Mine","resource_type":"Unknown","normalized_resource_group":"metallic_minerals","commodity_codes":"CU","grade":"D"},"geometry":{"type":"Point","coordinates":[60.00145999952413,57.431189999920726]}},{"type":"Feature","properties":{"id":"ru-mrds-10232359","name":"Nyud-Poaz","resource_type":"Unknown","normalized_resource_group":"metallic_minerals","commodity_codes":"CU NI CO","grade":"D"},"geometry":{"type":"Point","coordinates":[32.720009999543485,67.91513999945705]}},{"type":"Feature","properties":{"id":"ru-mrds-10158193","name":"Obilnoe","resource_type":"Unknown","normalized_resource_group":"mineral_occurrence","commodity_codes":"SN W","grade":"D"},"geometry":{"type":"Point","coordinates":[-178.8205000000128,67.84906000026264]}},{"type":"Feature","properties":{"id":"ru-mrds-10255622","name":"Olovainnaia","resource_type":"Unknown","normalized_resource_group":"metallic_minerals","commodity_codes":"AU","grade":"D"},"geometry":{"type":"Point","coordinates":[115.56581999993612,50.93117000020012]}},{"type":"Feature","properties":{"id":"ru-mrds-10231110","name":"Omchikandy","resource_type":"Unknown","normalized_resource_group":"mineral_occurrence","commodity_codes":"W SN","grade":"D"},"geometry":{"type":"Point","coordinates":[141.71359999926648,69.58157000029642]}},{"type":"Feature","properties":{"id":"ru-mrds-10279563","name":"Omsukchan","resource_type":"Unknown","normalized_resource_group":"mineral_occurrence","commodity_codes":"SN","grade":"D"},"geometry":{"type":"Point","coordinates":[155.7805299999436,62.49840000016553]}},{"type":"Feature","properties":{"id":"ru-mrds-10255556","name":"Orlinogorsk","resource_type":"Unknown","normalized_resource_group":"mineral_occurrence","commodity_codes":"HG","grade":"D"},"geometry":{"type":"Point","coordinates":[85.78360000077379,54.23104000013583]}},{"type":"Feature","properties":{"id":"ru-mrds-10158047","name":"Orochen","resource_type":"Unknown","normalized_resource_group":"metallic_minerals","commodity_codes":"AU","grade":"D"},"geometry":{"type":"Point","coordinates":[125.415219999763,58.48118999959226]}},{"type":"Feature","properties":{"id":"ru-mrds-10206754","name":"Orolovsk","resource_type":"Unknown","normalized_resource_group":"mineral_occurrence","commodity_codes":"TA W NB","grade":"D"},"geometry":{"type":"Point","coordinates":[113.26591000056817,50.914559999598936]}},{"type":"Feature","properties":{"id":"ru-mrds-10182467","name":"Palyansk","resource_type":"Unknown","normalized_resource_group":"mineral_occurrence","commodity_codes":"HG","grade":"D"},"geometry":{"type":"Point","coordinates":[172.19606999997404,68.98218999959919]}},{"type":"Feature","properties":{"id":"ru-mrds-10158413","name":"Pervomaysk","resource_type":"Unknown","normalized_resource_group":"metallic_minerals","commodity_codes":"MO W","grade":"D"},"geometry":{"type":"Point","coordinates":[103.36629000009121,50.31451999994244]}},{"type":"Feature","properties":{"id":"ru-mrds-10207119","name":"Petchanka","resource_type":"Unknown","normalized_resource_group":"metallic_minerals","commodity_codes":"AU","grade":"D"},"geometry":{"type":"Point","coordinates":[60.001600000164544,60.58119000005245]}},{"type":"Feature","properties":{"id":"ru-mrds-10182736","name":"Polyarnyy","resource_type":"Unknown","normalized_resource_group":"metallic_minerals","commodity_codes":"AU","grade":"D"},"geometry":{"type":"Point","coordinates":[178.29594999997337,69.31574000010592]}},{"type":"Feature","properties":{"id":"ru-mrds-10254978","name":"Preobraschenski","resource_type":"Unknown","normalized_resource_group":"metallic_minerals","commodity_codes":"AU","grade":"D"},"geometry":{"type":"Point","coordinates":[60.784700000701626,56.89788000004047]}},{"type":"Feature","properties":{"id":"ru-mrds-10231427","name":"Pychminsk","resource_type":"Unknown","normalized_resource_group":"metallic_minerals","commodity_codes":"AU PB","grade":"D"},"geometry":{"type":"Point","coordinates":[60.91809000001069,56.96458000033969]}},{"type":"Feature","properties":{"id":"ru-mrds-10206811","name":"Razdolinsk","resource_type":"Unknown","normalized_resource_group":"mineral_occurrence","commodity_codes":"SB","grade":"D"},"geometry":{"type":"Point","coordinates":[94.54991999959798,58.3976899998451]}},{"type":"Feature","properties":{"id":"ru-mrds-10134222","name":"Razvedchik","resource_type":"Unknown","normalized_resource_group":"metallic_minerals","commodity_codes":"AU","grade":"D"},"geometry":{"type":"Point","coordinates":[141.16419000049478,64.74815999993417]}},{"type":"Feature","properties":{"id":"ru-mrds-10231103","name":"Rudnoe","resource_type":"Unknown","normalized_resource_group":"mineral_occurrence","commodity_codes":"SN W","grade":"D"},"geometry":{"type":"Point","coordinates":[134.94864999964338,44.331539999957606]}},{"type":"Feature","properties":{"id":"ru-mrds-10134160","name":"Serevo-Yeniseysk","resource_type":"Unknown","normalized_resource_group":"metallic_minerals","commodity_codes":"AU","grade":"D"},"geometry":{"type":"Point","coordinates":[93.03329000069216,60.38099000014997]}},{"type":"Feature","properties":{"id":"ru-mrds-10304084","name":"Shakhtaminsk","resource_type":"Unknown","normalized_resource_group":"metallic_minerals","commodity_codes":"MO","grade":"D"},"geometry":{"type":"Point","coordinates":[117.88232999977868,51.297880000444565]}},{"type":"Feature","properties":{"id":"ru-mrds-10304079","name":"Sherlovaya","resource_type":"Unknown","normalized_resource_group":"mineral_occurrence","commodity_codes":"SN","grade":"D"},"geometry":{"type":"Point","coordinates":[116.23240000017884,50.531180000022]}},{"type":"Feature","properties":{"id":"ru-mrds-10133897","name":"Shrednekan","resource_type":"Unknown","normalized_resource_group":"metallic_minerals","commodity_codes":"AU AG","grade":"D"},"geometry":{"type":"Point","coordinates":[152.3640400008447,62.33162999948874]}},{"type":"Feature","properties":{"id":"ru-mrds-10157853","name":"Sinancha","resource_type":"Unknown","normalized_resource_group":"mineral_occurrence","commodity_codes":"SN","grade":"D"},"geometry":{"type":"Point","coordinates":[135.5319300006324,44.598239999634416]}},{"type":"Feature","properties":{"id":"ru-mrds-10304077","name":"Solnechnoe","resource_type":"Unknown","normalized_resource_group":"mineral_occurrence","commodity_codes":"SN W","grade":"D"},"geometry":{"type":"Point","coordinates":[-178.8037999999791,67.83235999995769]}},{"type":"Feature","properties":{"id":"ru-mrds-10134200","name":"Solonechnyy","resource_type":"Unknown","normalized_resource_group":"mineral_occurrence","commodity_codes":"F","grade":"D"},"geometry":{"type":"Point","coordinates":[118.91569000062188,51.53119000000756]}},{"type":"Feature","properties":{"id":"ru-mrds-10182413","name":"Sormanork","resource_type":"Unknown","normalized_resource_group":"metallic_minerals","commodity_codes":"AU","grade":"D"},"geometry":{"type":"Point","coordinates":[60.151359999794444,55.147899999953346]}},{"type":"Feature","properties":{"id":"ru-mrds-10230894","name":"Southern Urals","resource_type":"Unknown","normalized_resource_group":"mineral_occurrence","commodity_codes":"AL","grade":"D"},"geometry":{"type":"Point","coordinates":[58.501410000103114,54.83122000013225]}},{"type":"Feature","properties":{"id":"ru-mrds-10182586","name":"Studenchesky","resource_type":"Unknown","normalized_resource_group":"mineral_occurrence","commodity_codes":"W","grade":"D"},"geometry":{"type":"Point","coordinates":[109.83264000017132,50.38114999940038]}},{"type":"Feature","properties":{"id":"ru-mrds-10158377","name":"Terlighkhai","resource_type":"Unknown","normalized_resource_group":"mineral_occurrence","commodity_codes":"HG","grade":"D"},"geometry":{"type":"Point","coordinates":[94.133249999857,51.931060000521136]}},{"type":"Feature","properties":{"id":"ru-mrds-10254964","name":"Tetyukhe Group","resource_type":"Unknown","normalized_resource_group":"metallic_minerals","commodity_codes":"PB ZN","grade":"D"},"geometry":{"type":"Point","coordinates":[135.51533000015783,44.54823999963074]}},{"type":"Feature","properties":{"id":"ru-mrds-10232641","name":"Tokur","resource_type":"Unknown","normalized_resource_group":"metallic_minerals","commodity_codes":"AU","grade":"D"},"geometry":{"type":"Point","coordinates":[132.86516000029803,53.14801000018818]}},{"type":"Feature","properties":{"id":"ru-mrds-10135212","name":"Tomsk","resource_type":"Unknown","normalized_resource_group":"metallic_minerals","commodity_codes":"AU","grade":"D"},"geometry":{"type":"Point","coordinates":[84.9670599999863,56.48100999981687]}},{"type":"Feature","properties":{"id":"ru-mrds-10305495","name":"Torgovsk","resource_type":"Unknown","normalized_resource_group":"metallic_minerals","commodity_codes":"W BI MO SN","grade":"D"},"geometry":{"type":"Point","coordinates":[60.10179999946846,64.38122999946]}},{"type":"Feature","properties":{"id":"ru-mrds-10159074","name":"Trebin","resource_type":"Unknown","normalized_resource_group":"mineral_occurrence","commodity_codes":"W","grade":"D"},"geometry":{"type":"Point","coordinates":[59.201330000138775,53.21463999977424]}},{"type":"Feature","properties":{"id":"ru-mrds-10182487","name":"Tuim","resource_type":"Unknown","normalized_resource_group":"metallic_minerals","commodity_codes":"MO","grade":"D"},"geometry":{"type":"Point","coordinates":[89.93342999916895,54.34772999989858]}},{"type":"Feature","properties":{"id":"ru-mrds-10166650","name":"Tzarevo-Alexandrovski","resource_type":"Unknown","normalized_resource_group":"metallic_minerals","commodity_codes":"AU","grade":"D"},"geometry":{"type":"Point","coordinates":[60.001370000010766,54.914610000118834]}},{"type":"Feature","properties":{"id":"ru-mrds-10231217","name":"Uderei","resource_type":"Unknown","normalized_resource_group":"mineral_occurrence","commodity_codes":"SB","grade":"D"},"geometry":{"type":"Point","coordinates":[94.44992000031058,58.68098999975002]}},{"type":"Feature","properties":{"id":"ru-mrds-10279683","name":"Ugdyrinsky","resource_type":"Unknown","normalized_resource_group":"metallic_minerals","commodity_codes":"CO NI SN W","grade":"D"},"geometry":{"type":"Point","coordinates":[111.83256999997195,49.91457000031873]}},{"type":"Feature","properties":{"id":"ru-mrds-10133968","name":"Umal'Ta","resource_type":"Unknown","normalized_resource_group":"metallic_minerals","commodity_codes":"MO","grade":"D"},"geometry":{"type":"Point","coordinates":[133.29849999993553,51.63134000059506]}},{"type":"Feature","properties":{"id":"ru-mrds-10134155","name":"Umalta","resource_type":"Unknown","normalized_resource_group":"metallic_minerals","commodity_codes":"W MO","grade":"D"},"geometry":{"type":"Point","coordinates":[133.28179999990186,51.63134000059506]}},{"type":"Feature","properties":{"id":"ru-mrds-10207041","name":"Umarsk","resource_type":"Unknown","normalized_resource_group":"metallic_minerals","commodity_codes":"AU W","grade":"D"},"geometry":{"type":"Point","coordinates":[59.45132000010815,53.31463000005246]}},{"type":"Feature","properties":{"id":"ru-mrds-10133888","name":"Uronaysky Group","resource_type":"Unknown","normalized_resource_group":"mineral_occurrence","commodity_codes":"W","grade":"D"},"geometry":{"type":"Point","coordinates":[114.76584999948604,51.0645600002952]}},{"type":"Feature","properties":{"id":"ru-mrds-10134283","name":"Usinsk","resource_type":"Unknown","normalized_resource_group":"mineral_occurrence","commodity_codes":"MN","grade":"D"},"geometry":{"type":"Point","coordinates":[88.70018000025415,54.181030000093514]}},{"type":"Feature","properties":{"id":"ru-mrds-10134164","name":"Uzelginskoe Copper Field","resource_type":"Unknown","normalized_resource_group":"metallic_minerals","commodity_codes":"CU","grade":"D"},"geometry":{"type":"Point","coordinates":[59.501359999934834,54.36462000008948]}},{"type":"Feature","properties":{"id":"ru-mrds-10230915","name":"Uzon Deposit","resource_type":"Unknown","normalized_resource_group":"mineral_occurrence","commodity_codes":"HG","grade":"D"},"geometry":{"type":"Point","coordinates":[157.99778999943794,53.998409999559236]}},{"type":"Feature","properties":{"id":"ru-mrds-10182437","name":"Verkhne Basysardakha","resource_type":"Unknown","normalized_resource_group":"metallic_minerals","commodity_codes":"MO AS BI CU W","grade":"D"},"geometry":{"type":"Point","coordinates":[145.99673000015227,69.4983399994561]}},{"type":"Feature","properties":{"id":"ru-mrds-10134250","name":"Verkhnij Ufalei Group","resource_type":"Unknown","normalized_resource_group":"metallic_minerals","commodity_codes":"NI","grade":"D"},"geometry":{"type":"Point","coordinates":[60.30139000065937,56.131189999786436]}},{"type":"Feature","properties":{"id":"ru-mrds-10255416","name":"Vesennee","resource_type":"Unknown","normalized_resource_group":"metallic_minerals","commodity_codes":"AU AG","grade":"D"},"geometry":{"type":"Point","coordinates":[164.39658999954568,66.4986500001195]}},{"type":"Feature","properties":{"id":"ru-mrds-10304335","name":"Vilyui","resource_type":"Unknown","normalized_resource_group":"metallic_minerals","commodity_codes":"PGE_IR PGE_PT PGE_RH PGE_RU","grade":"D"},"geometry":{"type":"Point","coordinates":[121.61514000042509,63.74787000036723]}},{"type":"Feature","properties":{"id":"ru-mrds-10304205","name":"Vodino","resource_type":"Unknown","normalized_resource_group":"mineral_occurrence","commodity_codes":"S","grade":"D"},"geometry":{"type":"Point","coordinates":[50.31833000028834,53.364740000595475]}},{"type":"Feature","properties":{"id":"ru-mrds-10133714","name":"Voznesenka","resource_type":"Unknown","normalized_resource_group":"mineral_occurrence","commodity_codes":"F","grade":"D"},"geometry":{"type":"Point","coordinates":[132.08203000052205,44.31491000044956]}},{"type":"Feature","properties":{"id":"ru-mrds-10182504","name":"Yagodnoye","resource_type":"Unknown","normalized_resource_group":"metallic_minerals","commodity_codes":"AU","grade":"D"},"geometry":{"type":"Point","coordinates":[149.64740000056298,62.51498000033574]}},{"type":"Feature","properties":{"id":"ru-mrds-10182761","name":"Yaroslavskiy","resource_type":"Unknown","normalized_resource_group":"metallic_minerals","commodity_codes":"SN ZN PB AG","grade":"D"},"geometry":{"type":"Point","coordinates":[132.23202999945315,44.18152000054308]}},{"type":"Feature","properties":{"id":"ru-mrds-10206637","name":"Yeniseisk","resource_type":"Unknown","normalized_resource_group":"metallic_minerals","commodity_codes":"AU","grade":"D"},"geometry":{"type":"Point","coordinates":[92.16673000016948,58.44768999959437]}},{"type":"Feature","properties":{"id":"ru-mrds-10206768","name":"Yuzhno-Yeniseyskiy","resource_type":"Unknown","normalized_resource_group":"metallic_minerals","commodity_codes":"AU","grade":"D"},"geometry":{"type":"Point","coordinates":[94.63320999970423,58.780989999869476]}},{"type":"Feature","properties":{"id":"ru-mrds-10158474","name":"Yuzhnyy","resource_type":"Unknown","normalized_resource_group":"mineral_occurrence","commodity_codes":"NB TA","grade":"D"},"geometry":{"type":"Point","coordinates":[60.06801000031205,53.5312199999352]}},{"type":"Feature","properties":{"id":"ru-mrds-10279970","name":"Zakamensk Concentrator","resource_type":"Unknown","normalized_resource_group":"metallic_minerals","commodity_codes":"MO W","grade":"D"},"geometry":{"type":"Point","coordinates":[103.24958999987179,50.36451999958584]}},{"type":"Feature","properties":{"id":"ru-mrds-10303983","name":"Zapadnaya","resource_type":"Unknown","normalized_resource_group":"mineral_occurrence","commodity_codes":"SN","grade":"D"},"geometry":{"type":"Point","coordinates":[82.91713000054197,55.03102999999224]}},{"type":"Feature","properties":{"id":"ru-mrds-10182333","name":"Zavetone","resource_type":"Unknown","normalized_resource_group":"mineral_occurrence","commodity_codes":"SB W","grade":"D"},"geometry":{"type":"Point","coordinates":[-178.70379999979338,67.84906999959392]}},{"type":"Feature","properties":{"id":"ru-mrds-10279911","name":"Zhdanov","resource_type":"Unknown","normalized_resource_group":"mineral_occurrence","commodity_codes":"PGE_PT PGE_PD","grade":"D"},"geometry":{"type":"Point","coordinates":[29.970319999897036,69.34852999961554]}},{"type":"Feature","properties":{"id":"ru-mrds-10279533","name":"Ak - Tash Deposit","resource_type":"Unknown","normalized_resource_group":"mineral_occurrence","commodity_codes":"HG","grade":"E"},"geometry":{"type":"Point","coordinates":[87.73349999989519,50.29779999936046]}},{"type":"Feature","properties":{"id":"ru-mrds-10134052","name":"Barun - Shiveya Mine","resource_type":"Unknown","normalized_resource_group":"mineral_occurrence","commodity_codes":"HG SB W","grade":"E"},"geometry":{"type":"Point","coordinates":[115.33242000039559,51.33115999998579]}},{"type":"Feature","properties":{"id":"ru-mrds-10158009","name":"Bidzhan Deposit","resource_type":"Unknown","normalized_resource_group":"mineral_occurrence","commodity_codes":"MN","grade":"E"},"geometry":{"type":"Point","coordinates":[131.91534999985214,47.914799999337276]}},{"type":"Feature","properties":{"id":"ru-mrds-10279903","name":"Bukuka Mine","resource_type":"Unknown","normalized_resource_group":"metallic_minerals","commodity_codes":"W BI CU PB","grade":"E"},"geometry":{"type":"Point","coordinates":[116.66577999999932,51.164580000228895]}},{"type":"Feature","properties":{"id":"ru-mrds-10133866","name":"Changanuzun Deposit","resource_type":"Unknown","normalized_resource_group":"mineral_occurrence","commodity_codes":"HG","grade":"E"},"geometry":{"type":"Point","coordinates":[88.35018000005334,50.097810000474766]}},{"type":"Feature","properties":{"id":"ru-mrds-10255323","name":"Chempura Deposit","resource_type":"Unknown","normalized_resource_group":"mineral_occurrence","commodity_codes":"HG","grade":"E"},"geometry":{"type":"Point","coordinates":[158.99772000007647,54.99843000038044]}},{"type":"Feature","properties":{"id":"ru-mrds-10231438","name":"Darasun Deposit","resource_type":"Unknown","normalized_resource_group":"metallic_minerals","commodity_codes":"AU","grade":"E"},"geometry":{"type":"Point","coordinates":[113.99917999954424,51.6645500004654]}},{"type":"Feature","properties":{"id":"ru-mrds-10231476","name":"Dedovogorsk Processing Plant","resource_type":"Unknown","normalized_resource_group":"mineral_occurrence","commodity_codes":"W SN","grade":"E"},"geometry":{"type":"Point","coordinates":[112.81593000027314,50.28116999959209]}},{"type":"Feature","properties":{"id":"ru-mrds-10158237","name":"Obukhovskoe","resource_type":"Unknown","normalized_resource_group":"mineral_occurrence","commodity_codes":"TI","grade":"E"},"geometry":{"type":"Point","coordinates":[62.58462000008511,56.84786999974354]}},{"type":"Feature","properties":{"id":"ru-mrds-10304417","name":"Taseeva","resource_type":"Unknown","normalized_resource_group":"metallic_minerals","commodity_codes":"AU","grade":"E"},"geometry":{"type":"Point","coordinates":[116.66576999995355,51.58117000007508]}}]}